TRACE::2025-02-12.14:11:06::SCWPlatform::Trying to open the hw design at C:/Users/j54mao/ECE423/ECE-423-Labs/workspace/Assignment2_newest/hw/lab_prefab_wrapper_newest_lab2.xsa
TRACE::2025-02-12.14:11:06::SCWPlatform::DSA given C:/Users/j54mao/ECE423/ECE-423-Labs/workspace/Assignment2_newest/hw/lab_prefab_wrapper_newest_lab2.xsa
TRACE::2025-02-12.14:11:06::SCWPlatform::DSA absoulate path C:/Users/j54mao/ECE423/ECE-423-Labs/workspace/Assignment2_newest/hw/lab_prefab_wrapper_newest_lab2.xsa
TRACE::2025-02-12.14:11:07::SCWPlatform::DSA directory C:/Users/j54mao/ECE423/ECE-423-Labs/workspace/Assignment2_newest/hw
TRACE::2025-02-12.14:11:07::SCWPlatform:: Platform Path C:/Users/j54mao/ECE423/ECE-423-Labs/workspace/Assignment2_newest/hw/lab_prefab_wrapper_newest_lab2.xsa
TRACE::2025-02-12.14:11:07::SCWPlatform:: Unique name xilinx:pynq-z1::0.0
TRACE::2025-02-12.14:11:07::SCWPlatform::Do not have an existing db opened. 
TRACE::2025-02-12.14:11:12::SCWPlatform::Opened new HwDB with name lab_prefab_wrapper_0
TRACE::2025-02-12.14:11:12::SCWWriter::formatted JSON is {
	"platformName":	"Assignment2_newest",
	"sprVersion":	"2.0",
	"mode":	"gui",
	"dsaType":	"Fixed",
	"platformDesc":	"Assignment2_newest",
	"platHandOff":	"C:/Users/j54mao/ECE423/ECE-423-Labs/ece423_prefab/ece423_prefab/lab_prefab/lab_prefab_wrapper_newest_lab2.xsa",
	"platIntHandOff":	"<platformDir>/hw/lab_prefab_wrapper_newest_lab2.xsa",
	"deviceType":	"zynq",
	"platIsPrebuiltAutogen":	"false",
	"platIsNoBootBsp":	"false",
	"hasFsblMakeHasChanges":	"false",
	"hasPmufwMakeHasChanges":	"false",
	"platPreBuiltFlag":	false,
	"platformSamplesDir":	""
}
TRACE::2025-02-12.14:11:12::SCWWriter::formatted JSON is {
	"platformName":	"Assignment2_newest",
	"sprVersion":	"2.0",
	"mode":	"gui",
	"dsaType":	"Fixed",
	"platformDesc":	"Assignment2_newest",
	"platHandOff":	"C:/Users/j54mao/ECE423/ECE-423-Labs/ece423_prefab/ece423_prefab/lab_prefab/lab_prefab_wrapper_newest_lab2.xsa",
	"platIntHandOff":	"<platformDir>/hw/lab_prefab_wrapper_newest_lab2.xsa",
	"deviceType":	"zynq",
	"platIsPrebuiltAutogen":	"false",
	"platIsNoBootBsp":	"false",
	"hasFsblMakeHasChanges":	"false",
	"hasPmufwMakeHasChanges":	"false",
	"platPreBuiltFlag":	false,
	"platformSamplesDir":	"",
	"platActiveSys":	"Assignment2_newest",
	"systems":	[{
			"systemName":	"Assignment2_newest",
			"systemDesc":	"Assignment2_newest",
			"sysIsBootAutoGen":	"true",
			"systemDispName":	"Assignment2_newest"
		}]
}
TRACE::2025-02-12.14:11:12::SCWPlatform::Boot application domains not present, creating them
TRACE::2025-02-12.14:11:12::SCWDomain::checking for install qemu data   : 
TRACE::2025-02-12.14:11:12::SCWDomain:: Using the QEMU Data from install at  : C:/Software/Xilinx/Vitis/2022.1/data/emulation/platforms/zynq/sw/a9_standalone/qemu/
TRACE::2025-02-12.14:11:12::SCWDomain:: Using the QEMU args  from install at  : C:/Software/Xilinx/Vitis/2022.1/data/emulation/platforms/zynq/sw/a9_standalone/qemu/qemu_args.txt
TRACE::2025-02-12.14:11:12::SCWPlatform::Trying to open the hw design at C:/Users/j54mao/ECE423/ECE-423-Labs/workspace/Assignment2_newest/hw/lab_prefab_wrapper_newest_lab2.xsa
TRACE::2025-02-12.14:11:12::SCWPlatform::DSA given C:/Users/j54mao/ECE423/ECE-423-Labs/workspace/Assignment2_newest/hw/lab_prefab_wrapper_newest_lab2.xsa
TRACE::2025-02-12.14:11:12::SCWPlatform::DSA absoulate path C:/Users/j54mao/ECE423/ECE-423-Labs/workspace/Assignment2_newest/hw/lab_prefab_wrapper_newest_lab2.xsa
TRACE::2025-02-12.14:11:12::SCWPlatform::DSA directory C:/Users/j54mao/ECE423/ECE-423-Labs/workspace/Assignment2_newest/hw
TRACE::2025-02-12.14:11:12::SCWPlatform:: Platform Path C:/Users/j54mao/ECE423/ECE-423-Labs/workspace/Assignment2_newest/hw/lab_prefab_wrapper_newest_lab2.xsa
TRACE::2025-02-12.14:11:12::SCWPlatform:: Unique name xilinx:pynq-z1::0.0
TRACE::2025-02-12.14:11:12::SCWPlatform::Trying to set the existing hwdb with name lab_prefab_wrapper_0
TRACE::2025-02-12.14:11:12::SCWPlatform::Opened existing hwdb lab_prefab_wrapper_0
TRACE::2025-02-12.14:11:12::SCWPlatform::Found the Hw Db part of the input DSA
TRACE::2025-02-12.14:11:12::SCWPlatform::Trying to open the hw design at C:/Users/j54mao/ECE423/ECE-423-Labs/workspace/Assignment2_newest/hw/lab_prefab_wrapper_newest_lab2.xsa
TRACE::2025-02-12.14:11:12::SCWPlatform::DSA given C:/Users/j54mao/ECE423/ECE-423-Labs/workspace/Assignment2_newest/hw/lab_prefab_wrapper_newest_lab2.xsa
TRACE::2025-02-12.14:11:12::SCWPlatform::DSA absoulate path C:/Users/j54mao/ECE423/ECE-423-Labs/workspace/Assignment2_newest/hw/lab_prefab_wrapper_newest_lab2.xsa
TRACE::2025-02-12.14:11:12::SCWPlatform::DSA directory C:/Users/j54mao/ECE423/ECE-423-Labs/workspace/Assignment2_newest/hw
TRACE::2025-02-12.14:11:12::SCWPlatform:: Platform Path C:/Users/j54mao/ECE423/ECE-423-Labs/workspace/Assignment2_newest/hw/lab_prefab_wrapper_newest_lab2.xsa
TRACE::2025-02-12.14:11:12::SCWPlatform:: Unique name xilinx:pynq-z1::0.0
TRACE::2025-02-12.14:11:12::SCWPlatform::Trying to set the existing hwdb with name lab_prefab_wrapper_0
TRACE::2025-02-12.14:11:12::SCWPlatform::Opened existing hwdb lab_prefab_wrapper_0
TRACE::2025-02-12.14:11:12::SCWPlatform::Found the Hw Db part of the input DSA
TRACE::2025-02-12.14:11:12::SCWPlatform::Trying to open the hw design at C:/Users/j54mao/ECE423/ECE-423-Labs/workspace/Assignment2_newest/hw/lab_prefab_wrapper_newest_lab2.xsa
TRACE::2025-02-12.14:11:12::SCWPlatform::DSA given C:/Users/j54mao/ECE423/ECE-423-Labs/workspace/Assignment2_newest/hw/lab_prefab_wrapper_newest_lab2.xsa
TRACE::2025-02-12.14:11:12::SCWPlatform::DSA absoulate path C:/Users/j54mao/ECE423/ECE-423-Labs/workspace/Assignment2_newest/hw/lab_prefab_wrapper_newest_lab2.xsa
TRACE::2025-02-12.14:11:12::SCWPlatform::DSA directory C:/Users/j54mao/ECE423/ECE-423-Labs/workspace/Assignment2_newest/hw
TRACE::2025-02-12.14:11:12::SCWPlatform:: Platform Path C:/Users/j54mao/ECE423/ECE-423-Labs/workspace/Assignment2_newest/hw/lab_prefab_wrapper_newest_lab2.xsa
TRACE::2025-02-12.14:11:12::SCWPlatform:: Unique name xilinx:pynq-z1::0.0
TRACE::2025-02-12.14:11:12::SCWPlatform::Trying to set the existing hwdb with name lab_prefab_wrapper_0
TRACE::2025-02-12.14:11:12::SCWPlatform::Opened existing hwdb lab_prefab_wrapper_0
TRACE::2025-02-12.14:11:12::SCWPlatform::Found the Hw Db part of the input DSA
TRACE::2025-02-12.14:11:12::SCWPlatform::Boot application domain added for zynq_fsbl
TRACE::2025-02-12.14:11:12::SCWPlatform::Generating the sources  .
TRACE::2025-02-12.14:11:12::SCWBDomain::Generating boot domain sources.
TRACE::2025-02-12.14:11:12::SCWBDomain:: Generating the zynq_fsbl Application.
TRACE::2025-02-12.14:11:12::SCWPlatform::Trying to open the hw design at C:/Users/j54mao/ECE423/ECE-423-Labs/workspace/Assignment2_newest/hw/lab_prefab_wrapper_newest_lab2.xsa
TRACE::2025-02-12.14:11:12::SCWPlatform::DSA given C:/Users/j54mao/ECE423/ECE-423-Labs/workspace/Assignment2_newest/hw/lab_prefab_wrapper_newest_lab2.xsa
TRACE::2025-02-12.14:11:12::SCWPlatform::DSA absoulate path C:/Users/j54mao/ECE423/ECE-423-Labs/workspace/Assignment2_newest/hw/lab_prefab_wrapper_newest_lab2.xsa
TRACE::2025-02-12.14:11:12::SCWPlatform::DSA directory C:/Users/j54mao/ECE423/ECE-423-Labs/workspace/Assignment2_newest/hw
TRACE::2025-02-12.14:11:12::SCWPlatform:: Platform Path C:/Users/j54mao/ECE423/ECE-423-Labs/workspace/Assignment2_newest/hw/lab_prefab_wrapper_newest_lab2.xsa
TRACE::2025-02-12.14:11:12::SCWPlatform:: Unique name xilinx:pynq-z1::0.0
TRACE::2025-02-12.14:11:12::SCWPlatform::Trying to set the existing hwdb with name lab_prefab_wrapper_0
TRACE::2025-02-12.14:11:12::SCWPlatform::Opened existing hwdb lab_prefab_wrapper_0
TRACE::2025-02-12.14:11:12::SCWPlatform::Found the Hw Db part of the input DSA
TRACE::2025-02-12.14:11:12::SCWMssOS::Checking the sw design at  C:/Users/j54mao/ECE423/ECE-423-Labs/workspace/Assignment2_newest/zynq_fsbl/zynq_fsbl_bsp/system.mss
TRACE::2025-02-12.14:11:12::SCWMssOS::DEBUG:  swdes dump  
TRACE::2025-02-12.14:11:12::SCWMssOS::No sw design opened at  C:/Users/j54mao/ECE423/ECE-423-Labs/workspace/Assignment2_newest/zynq_fsbl/zynq_fsbl_bsp/system.mss
TRACE::2025-02-12.14:11:12::SCWMssOS::mss does not exists at C:/Users/j54mao/ECE423/ECE-423-Labs/workspace/Assignment2_newest/zynq_fsbl/zynq_fsbl_bsp/system.mss
TRACE::2025-02-12.14:11:12::SCWMssOS::Creating sw design at  C:/Users/j54mao/ECE423/ECE-423-Labs/workspace/Assignment2_newest/zynq_fsbl/zynq_fsbl_bsp/system.mss
TRACE::2025-02-12.14:11:12::SCWMssOS::Adding the swdes entry, created swdb C:/Users/j54mao/ECE423/ECE-423-Labs/workspace/Assignment2_newest/zynq_fsbl/zynq_fsbl_bsp/system.mss with des name C:/Users/j54mao/ECE423/ECE-423-Labs/workspace/Assignment2_newest/zynq_fsbl/zynq_fsbl_bsp/system.mss
TRACE::2025-02-12.14:11:12::SCWMssOS::updating the scw layer changes to swdes at   C:/Users/j54mao/ECE423/ECE-423-Labs/workspace/Assignment2_newest/zynq_fsbl/zynq_fsbl_bsp/system.mss
TRACE::2025-02-12.14:11:12::SCWMssOS::Writing mss at C:/Users/j54mao/ECE423/ECE-423-Labs/workspace/Assignment2_newest/zynq_fsbl/zynq_fsbl_bsp/system.mss
TRACE::2025-02-12.14:11:12::SCWMssOS::Completed writing the mss file at C:/Users/j54mao/ECE423/ECE-423-Labs/workspace/Assignment2_newest/zynq_fsbl/zynq_fsbl_bsp
TRACE::2025-02-12.14:11:12::SCWMssOS::Picking up changes from newly written mss file into SCW Layer. 
TRACE::2025-02-12.14:11:12::SCWMssOS::Updated the changes from newly written mss file into SCW Layer. 
TRACE::2025-02-12.14:11:12::SCWBDomain::Completed writing the mss file at C:/Users/j54mao/ECE423/ECE-423-Labs/workspace/Assignment2_newest/zynq_fsbl/zynq_fsbl_bsp
TRACE::2025-02-12.14:11:28::SCWPlatform::Generating sources Done.
TRACE::2025-02-12.14:11:28::SCWPlatform::Trying to open the hw design at C:/Users/j54mao/ECE423/ECE-423-Labs/workspace/Assignment2_newest/hw/lab_prefab_wrapper_newest_lab2.xsa
TRACE::2025-02-12.14:11:28::SCWPlatform::DSA given C:/Users/j54mao/ECE423/ECE-423-Labs/workspace/Assignment2_newest/hw/lab_prefab_wrapper_newest_lab2.xsa
TRACE::2025-02-12.14:11:28::SCWPlatform::DSA absoulate path C:/Users/j54mao/ECE423/ECE-423-Labs/workspace/Assignment2_newest/hw/lab_prefab_wrapper_newest_lab2.xsa
TRACE::2025-02-12.14:11:28::SCWPlatform::DSA directory C:/Users/j54mao/ECE423/ECE-423-Labs/workspace/Assignment2_newest/hw
TRACE::2025-02-12.14:11:28::SCWPlatform:: Platform Path C:/Users/j54mao/ECE423/ECE-423-Labs/workspace/Assignment2_newest/hw/lab_prefab_wrapper_newest_lab2.xsa
TRACE::2025-02-12.14:11:28::SCWPlatform:: Unique name xilinx:pynq-z1::0.0
TRACE::2025-02-12.14:11:28::SCWPlatform::Trying to set the existing hwdb with name lab_prefab_wrapper_0
TRACE::2025-02-12.14:11:28::SCWPlatform::Opened existing hwdb lab_prefab_wrapper_0
TRACE::2025-02-12.14:11:28::SCWPlatform::Found the Hw Db part of the input DSA
TRACE::2025-02-12.14:11:28::SCWMssOS::Checking the sw design at  C:/Users/j54mao/ECE423/ECE-423-Labs/workspace/Assignment2_newest/zynq_fsbl/zynq_fsbl_bsp/system.mss
TRACE::2025-02-12.14:11:28::SCWMssOS::DEBUG:  swdes dump  
TRACE::2025-02-12.14:11:28::SCWMssOS::No sw design opened at  C:/Users/j54mao/ECE423/ECE-423-Labs/workspace/Assignment2_newest/zynq_fsbl/zynq_fsbl_bsp/system.mss
TRACE::2025-02-12.14:11:28::SCWMssOS::mss exists loading the mss file  C:/Users/j54mao/ECE423/ECE-423-Labs/workspace/Assignment2_newest/zynq_fsbl/zynq_fsbl_bsp/system.mss
TRACE::2025-02-12.14:11:28::SCWMssOS::Opened the sw design from mss  C:/Users/j54mao/ECE423/ECE-423-Labs/workspace/Assignment2_newest/zynq_fsbl/zynq_fsbl_bsp/system.mss
TRACE::2025-02-12.14:11:28::SCWMssOS::Adding the swdes entry C:/Users/j54mao/ECE423/ECE-423-Labs/workspace/Assignment2_newest/zynq_fsbl/zynq_fsbl_bsp/system.mss with des name system
TRACE::2025-02-12.14:11:28::SCWMssOS::updating the scw layer about changes
TRACE::2025-02-12.14:11:29::SCWMssOS::Opened the sw design.  C:/Users/j54mao/ECE423/ECE-423-Labs/workspace/Assignment2_newest/zynq_fsbl/zynq_fsbl_bsp/system.mss
TRACE::2025-02-12.14:11:29::SCWMssOS::Saving the mss changes C:/Users/j54mao/ECE423/ECE-423-Labs/workspace/Assignment2_newest/zynq_fsbl/zynq_fsbl_bsp/system.mss
TRACE::2025-02-12.14:11:29::SCWMssOS::Found a swdesign opened with the mssfile.
TRACE::2025-02-12.14:11:29::SCWMssOS::Completed writemss as part of save.
TRACE::2025-02-12.14:11:29::SCWMssOS::Commit changes completed.
TRACE::2025-02-12.14:11:29::SCWPlatform::Trying to open the hw design at C:/Users/j54mao/ECE423/ECE-423-Labs/workspace/Assignment2_newest/hw/lab_prefab_wrapper_newest_lab2.xsa
TRACE::2025-02-12.14:11:29::SCWPlatform::DSA given C:/Users/j54mao/ECE423/ECE-423-Labs/workspace/Assignment2_newest/hw/lab_prefab_wrapper_newest_lab2.xsa
TRACE::2025-02-12.14:11:29::SCWPlatform::DSA absoulate path C:/Users/j54mao/ECE423/ECE-423-Labs/workspace/Assignment2_newest/hw/lab_prefab_wrapper_newest_lab2.xsa
TRACE::2025-02-12.14:11:29::SCWPlatform::DSA directory C:/Users/j54mao/ECE423/ECE-423-Labs/workspace/Assignment2_newest/hw
TRACE::2025-02-12.14:11:29::SCWPlatform:: Platform Path C:/Users/j54mao/ECE423/ECE-423-Labs/workspace/Assignment2_newest/hw/lab_prefab_wrapper_newest_lab2.xsa
TRACE::2025-02-12.14:11:29::SCWPlatform:: Unique name xilinx:pynq-z1::0.0
TRACE::2025-02-12.14:11:29::SCWPlatform::Trying to set the existing hwdb with name lab_prefab_wrapper_0
TRACE::2025-02-12.14:11:29::SCWPlatform::Opened existing hwdb lab_prefab_wrapper_0
TRACE::2025-02-12.14:11:29::SCWPlatform::Found the Hw Db part of the input DSA
TRACE::2025-02-12.14:11:29::SCWMssOS::Checking the sw design at  C:/Users/j54mao/ECE423/ECE-423-Labs/workspace/Assignment2_newest/zynq_fsbl/zynq_fsbl_bsp/system.mss
TRACE::2025-02-12.14:11:29::SCWMssOS::DEBUG:  swdes dump  C:/Users/j54mao/ECE423/ECE-423-Labs/workspace/Assignment2_newest/zynq_fsbl/zynq_fsbl_bsp/system.mss|system||

TRACE::2025-02-12.14:11:29::SCWMssOS::Sw design exists and opened at  C:/Users/j54mao/ECE423/ECE-423-Labs/workspace/Assignment2_newest/zynq_fsbl/zynq_fsbl_bsp/system.mss
TRACE::2025-02-12.14:11:29::SCWPlatform::Trying to open the hw design at C:/Users/j54mao/ECE423/ECE-423-Labs/workspace/Assignment2_newest/hw/lab_prefab_wrapper_newest_lab2.xsa
TRACE::2025-02-12.14:11:29::SCWPlatform::DSA given C:/Users/j54mao/ECE423/ECE-423-Labs/workspace/Assignment2_newest/hw/lab_prefab_wrapper_newest_lab2.xsa
TRACE::2025-02-12.14:11:29::SCWPlatform::DSA absoulate path C:/Users/j54mao/ECE423/ECE-423-Labs/workspace/Assignment2_newest/hw/lab_prefab_wrapper_newest_lab2.xsa
TRACE::2025-02-12.14:11:29::SCWPlatform::DSA directory C:/Users/j54mao/ECE423/ECE-423-Labs/workspace/Assignment2_newest/hw
TRACE::2025-02-12.14:11:29::SCWPlatform:: Platform Path C:/Users/j54mao/ECE423/ECE-423-Labs/workspace/Assignment2_newest/hw/lab_prefab_wrapper_newest_lab2.xsa
TRACE::2025-02-12.14:11:29::SCWPlatform:: Unique name xilinx:pynq-z1::0.0
TRACE::2025-02-12.14:11:29::SCWPlatform::Trying to set the existing hwdb with name lab_prefab_wrapper_0
TRACE::2025-02-12.14:11:29::SCWPlatform::Opened existing hwdb lab_prefab_wrapper_0
TRACE::2025-02-12.14:11:29::SCWPlatform::Found the Hw Db part of the input DSA
TRACE::2025-02-12.14:11:29::SCWMssOS::Checking the sw design at  C:/Users/j54mao/ECE423/ECE-423-Labs/workspace/Assignment2_newest/zynq_fsbl/zynq_fsbl_bsp/system.mss
TRACE::2025-02-12.14:11:29::SCWMssOS::DEBUG:  swdes dump  C:/Users/j54mao/ECE423/ECE-423-Labs/workspace/Assignment2_newest/zynq_fsbl/zynq_fsbl_bsp/system.mss|system||

TRACE::2025-02-12.14:11:29::SCWMssOS::Sw design exists and opened at  C:/Users/j54mao/ECE423/ECE-423-Labs/workspace/Assignment2_newest/zynq_fsbl/zynq_fsbl_bsp/system.mss
TRACE::2025-02-12.14:11:29::SCWPlatform::Trying to open the hw design at C:/Users/j54mao/ECE423/ECE-423-Labs/workspace/Assignment2_newest/hw/lab_prefab_wrapper_newest_lab2.xsa
TRACE::2025-02-12.14:11:29::SCWPlatform::DSA given C:/Users/j54mao/ECE423/ECE-423-Labs/workspace/Assignment2_newest/hw/lab_prefab_wrapper_newest_lab2.xsa
TRACE::2025-02-12.14:11:29::SCWPlatform::DSA absoulate path C:/Users/j54mao/ECE423/ECE-423-Labs/workspace/Assignment2_newest/hw/lab_prefab_wrapper_newest_lab2.xsa
TRACE::2025-02-12.14:11:29::SCWPlatform::DSA directory C:/Users/j54mao/ECE423/ECE-423-Labs/workspace/Assignment2_newest/hw
TRACE::2025-02-12.14:11:29::SCWPlatform:: Platform Path C:/Users/j54mao/ECE423/ECE-423-Labs/workspace/Assignment2_newest/hw/lab_prefab_wrapper_newest_lab2.xsa
TRACE::2025-02-12.14:11:29::SCWPlatform:: Unique name xilinx:pynq-z1::0.0
TRACE::2025-02-12.14:11:29::SCWPlatform::Trying to set the existing hwdb with name lab_prefab_wrapper_0
TRACE::2025-02-12.14:11:29::SCWPlatform::Opened existing hwdb lab_prefab_wrapper_0
TRACE::2025-02-12.14:11:29::SCWPlatform::Found the Hw Db part of the input DSA
TRACE::2025-02-12.14:11:29::SCWMssOS::Checking the sw design at  C:/Users/j54mao/ECE423/ECE-423-Labs/workspace/Assignment2_newest/zynq_fsbl/zynq_fsbl_bsp/system.mss
TRACE::2025-02-12.14:11:29::SCWMssOS::DEBUG:  swdes dump  C:/Users/j54mao/ECE423/ECE-423-Labs/workspace/Assignment2_newest/zynq_fsbl/zynq_fsbl_bsp/system.mss|system||

TRACE::2025-02-12.14:11:29::SCWMssOS::Sw design exists and opened at  C:/Users/j54mao/ECE423/ECE-423-Labs/workspace/Assignment2_newest/zynq_fsbl/zynq_fsbl_bsp/system.mss
TRACE::2025-02-12.14:11:29::SCWWriter::formatted JSON is {
	"platformName":	"Assignment2_newest",
	"sprVersion":	"2.0",
	"mode":	"gui",
	"dsaType":	"Fixed",
	"platformDesc":	"Assignment2_newest",
	"platHandOff":	"C:/Users/j54mao/ECE423/ECE-423-Labs/ece423_prefab/ece423_prefab/lab_prefab/lab_prefab_wrapper_newest_lab2.xsa",
	"platIntHandOff":	"<platformDir>/hw/lab_prefab_wrapper_newest_lab2.xsa",
	"deviceType":	"zynq",
	"platIsPrebuiltAutogen":	"false",
	"platIsNoBootBsp":	"false",
	"platFsblTarget":	"ps7_cortexa9_0",
	"hasFsblMakeHasChanges":	"false",
	"hasPmufwMakeHasChanges":	"false",
	"fsblExtraCompilerFlags":	"-MMD -MP       -mcpu=cortex-a9 -mfpu=vfpv3 -mfloat-abi=hard ",
	"platPreBuiltFlag":	false,
	"platformSamplesDir":	"",
	"platActiveSys":	"Assignment2_newest",
	"systems":	[{
			"systemName":	"Assignment2_newest",
			"systemDesc":	"Assignment2_newest",
			"sysIsBootAutoGen":	"true",
			"systemDispName":	"Assignment2_newest",
			"sysActiveDom":	"zynq_fsbl",
			"sysDefaultDom":	"",
			"domains":	[{
					"domainName":	"zynq_fsbl",
					"domainDispName":	"zynq_fsbl",
					"domainDesc":	"FSBL Application BSP - Auto Generated.",
					"processors":	"ps7_cortexa9_0",
					"os":	"standalone",
					"sdxOs":	"standalone",
					"debugEnable":	"",
					"domRuntimes":	["cpp"],
					"swRepo":	"",
					"mssOsVer":	"7.7",
					"mssFile":	"",
					"md5Digest":	"4bdfa872853735a660eaeae9ac55f0bb",
					"compatibleApp":	"zynq_fsbl",
					"domType":	"bootDomain",
					"arch":	"32-bit",
					"appSettings":	{
						"appCompilerFlags":	"",
						"appLinkerFlags":	""
					},
					"addedLibs":	["xilffs:4.7", "xilrsa:1.6"],
					"libOptions":	{
						"libsContainingOptions":	[]
					},
					"prebuiltLibs":	{
						"prebuiltIncPath":	[],
						"prebuiltLibPath":	[]
					},
					"isolation":	{
					}
				}]
		}]
}
TRACE::2025-02-12.14:11:29::SCWPlatform::Trying to open the hw design at C:/Users/j54mao/ECE423/ECE-423-Labs/workspace/Assignment2_newest/hw/lab_prefab_wrapper_newest_lab2.xsa
TRACE::2025-02-12.14:11:29::SCWPlatform::DSA given C:/Users/j54mao/ECE423/ECE-423-Labs/workspace/Assignment2_newest/hw/lab_prefab_wrapper_newest_lab2.xsa
TRACE::2025-02-12.14:11:29::SCWPlatform::DSA absoulate path C:/Users/j54mao/ECE423/ECE-423-Labs/workspace/Assignment2_newest/hw/lab_prefab_wrapper_newest_lab2.xsa
TRACE::2025-02-12.14:11:29::SCWPlatform::DSA directory C:/Users/j54mao/ECE423/ECE-423-Labs/workspace/Assignment2_newest/hw
TRACE::2025-02-12.14:11:29::SCWPlatform:: Platform Path C:/Users/j54mao/ECE423/ECE-423-Labs/workspace/Assignment2_newest/hw/lab_prefab_wrapper_newest_lab2.xsa
TRACE::2025-02-12.14:11:29::SCWPlatform:: Unique name xilinx:pynq-z1::0.0
TRACE::2025-02-12.14:11:29::SCWPlatform::Trying to set the existing hwdb with name lab_prefab_wrapper_0
TRACE::2025-02-12.14:11:29::SCWPlatform::Opened existing hwdb lab_prefab_wrapper_0
TRACE::2025-02-12.14:11:29::SCWPlatform::Found the Hw Db part of the input DSA
TRACE::2025-02-12.14:11:29::SCWPlatform::Trying to open the hw design at C:/Users/j54mao/ECE423/ECE-423-Labs/workspace/Assignment2_newest/hw/lab_prefab_wrapper_newest_lab2.xsa
TRACE::2025-02-12.14:11:29::SCWPlatform::DSA given C:/Users/j54mao/ECE423/ECE-423-Labs/workspace/Assignment2_newest/hw/lab_prefab_wrapper_newest_lab2.xsa
TRACE::2025-02-12.14:11:29::SCWPlatform::DSA absoulate path C:/Users/j54mao/ECE423/ECE-423-Labs/workspace/Assignment2_newest/hw/lab_prefab_wrapper_newest_lab2.xsa
TRACE::2025-02-12.14:11:29::SCWPlatform::DSA directory C:/Users/j54mao/ECE423/ECE-423-Labs/workspace/Assignment2_newest/hw
TRACE::2025-02-12.14:11:29::SCWPlatform:: Platform Path C:/Users/j54mao/ECE423/ECE-423-Labs/workspace/Assignment2_newest/hw/lab_prefab_wrapper_newest_lab2.xsa
TRACE::2025-02-12.14:11:29::SCWPlatform:: Unique name xilinx:pynq-z1::0.0
TRACE::2025-02-12.14:11:29::SCWPlatform::Trying to set the existing hwdb with name lab_prefab_wrapper_0
TRACE::2025-02-12.14:11:29::SCWPlatform::Opened existing hwdb lab_prefab_wrapper_0
TRACE::2025-02-12.14:11:29::SCWPlatform::Found the Hw Db part of the input DSA
TRACE::2025-02-12.14:11:29::SCWDomain::checking for install qemu data   : 
TRACE::2025-02-12.14:11:29::SCWDomain:: Using the QEMU Data from install at  : C:/Software/Xilinx/Vitis/2022.1/data/emulation/platforms/zynq/sw/a9_standalone/qemu/
TRACE::2025-02-12.14:11:29::SCWDomain:: Using the QEMU args  from install at  : C:/Software/Xilinx/Vitis/2022.1/data/emulation/platforms/zynq/sw/a9_standalone/qemu/qemu_args.txt
TRACE::2025-02-12.14:11:29::SCWPlatform::Trying to open the hw design at C:/Users/j54mao/ECE423/ECE-423-Labs/workspace/Assignment2_newest/hw/lab_prefab_wrapper_newest_lab2.xsa
TRACE::2025-02-12.14:11:29::SCWPlatform::DSA given C:/Users/j54mao/ECE423/ECE-423-Labs/workspace/Assignment2_newest/hw/lab_prefab_wrapper_newest_lab2.xsa
TRACE::2025-02-12.14:11:29::SCWPlatform::DSA absoulate path C:/Users/j54mao/ECE423/ECE-423-Labs/workspace/Assignment2_newest/hw/lab_prefab_wrapper_newest_lab2.xsa
TRACE::2025-02-12.14:11:29::SCWPlatform::DSA directory C:/Users/j54mao/ECE423/ECE-423-Labs/workspace/Assignment2_newest/hw
TRACE::2025-02-12.14:11:29::SCWPlatform:: Platform Path C:/Users/j54mao/ECE423/ECE-423-Labs/workspace/Assignment2_newest/hw/lab_prefab_wrapper_newest_lab2.xsa
TRACE::2025-02-12.14:11:29::SCWPlatform:: Unique name xilinx:pynq-z1::0.0
TRACE::2025-02-12.14:11:29::SCWPlatform::Trying to set the existing hwdb with name lab_prefab_wrapper_0
TRACE::2025-02-12.14:11:29::SCWPlatform::Opened existing hwdb lab_prefab_wrapper_0
TRACE::2025-02-12.14:11:29::SCWPlatform::Found the Hw Db part of the input DSA
TRACE::2025-02-12.14:11:29::SCWPlatform::Trying to open the hw design at C:/Users/j54mao/ECE423/ECE-423-Labs/workspace/Assignment2_newest/hw/lab_prefab_wrapper_newest_lab2.xsa
TRACE::2025-02-12.14:11:29::SCWPlatform::DSA given C:/Users/j54mao/ECE423/ECE-423-Labs/workspace/Assignment2_newest/hw/lab_prefab_wrapper_newest_lab2.xsa
TRACE::2025-02-12.14:11:29::SCWPlatform::DSA absoulate path C:/Users/j54mao/ECE423/ECE-423-Labs/workspace/Assignment2_newest/hw/lab_prefab_wrapper_newest_lab2.xsa
TRACE::2025-02-12.14:11:29::SCWPlatform::DSA directory C:/Users/j54mao/ECE423/ECE-423-Labs/workspace/Assignment2_newest/hw
TRACE::2025-02-12.14:11:29::SCWPlatform:: Platform Path C:/Users/j54mao/ECE423/ECE-423-Labs/workspace/Assignment2_newest/hw/lab_prefab_wrapper_newest_lab2.xsa
TRACE::2025-02-12.14:11:29::SCWPlatform:: Unique name xilinx:pynq-z1::0.0
TRACE::2025-02-12.14:11:29::SCWPlatform::Trying to set the existing hwdb with name lab_prefab_wrapper_0
TRACE::2025-02-12.14:11:29::SCWPlatform::Opened existing hwdb lab_prefab_wrapper_0
TRACE::2025-02-12.14:11:29::SCWPlatform::Found the Hw Db part of the input DSA
TRACE::2025-02-12.14:11:29::SCWDomain::Qemu Directory name is changed from "" to "qemu"
TRACE::2025-02-12.14:11:29::SCWPlatform::Trying to open the hw design at C:/Users/j54mao/ECE423/ECE-423-Labs/workspace/Assignment2_newest/hw/lab_prefab_wrapper_newest_lab2.xsa
TRACE::2025-02-12.14:11:29::SCWPlatform::DSA given C:/Users/j54mao/ECE423/ECE-423-Labs/workspace/Assignment2_newest/hw/lab_prefab_wrapper_newest_lab2.xsa
TRACE::2025-02-12.14:11:29::SCWPlatform::DSA absoulate path C:/Users/j54mao/ECE423/ECE-423-Labs/workspace/Assignment2_newest/hw/lab_prefab_wrapper_newest_lab2.xsa
TRACE::2025-02-12.14:11:29::SCWPlatform::DSA directory C:/Users/j54mao/ECE423/ECE-423-Labs/workspace/Assignment2_newest/hw
TRACE::2025-02-12.14:11:29::SCWPlatform:: Platform Path C:/Users/j54mao/ECE423/ECE-423-Labs/workspace/Assignment2_newest/hw/lab_prefab_wrapper_newest_lab2.xsa
TRACE::2025-02-12.14:11:29::SCWPlatform:: Unique name xilinx:pynq-z1::0.0
TRACE::2025-02-12.14:11:29::SCWPlatform::Trying to set the existing hwdb with name lab_prefab_wrapper_0
TRACE::2025-02-12.14:11:29::SCWPlatform::Opened existing hwdb lab_prefab_wrapper_0
TRACE::2025-02-12.14:11:29::SCWPlatform::Found the Hw Db part of the input DSA
TRACE::2025-02-12.14:11:29::SCWMssOS::Checking the sw design at  C:/Users/j54mao/ECE423/ECE-423-Labs/workspace/Assignment2_newest/ps7_cortexa9_0/standalone_domain/bsp/system.mss
TRACE::2025-02-12.14:11:29::SCWMssOS::DEBUG:  swdes dump  C:/Users/j54mao/ECE423/ECE-423-Labs/workspace/Assignment2_newest/zynq_fsbl/zynq_fsbl_bsp/system.mss|system||

TRACE::2025-02-12.14:11:29::SCWMssOS::No sw design opened at  C:/Users/j54mao/ECE423/ECE-423-Labs/workspace/Assignment2_newest/ps7_cortexa9_0/standalone_domain/bsp/system.mss
TRACE::2025-02-12.14:11:29::SCWMssOS::mss does not exists at C:/Users/j54mao/ECE423/ECE-423-Labs/workspace/Assignment2_newest/ps7_cortexa9_0/standalone_domain/bsp/system.mss
TRACE::2025-02-12.14:11:29::SCWMssOS::Creating sw design at  C:/Users/j54mao/ECE423/ECE-423-Labs/workspace/Assignment2_newest/ps7_cortexa9_0/standalone_domain/bsp/system.mss
TRACE::2025-02-12.14:11:29::SCWMssOS::Adding the swdes entry, created swdb C:/Users/j54mao/ECE423/ECE-423-Labs/workspace/Assignment2_newest/ps7_cortexa9_0/standalone_domain/bsp/system.mss with des name C:/Users/j54mao/ECE423/ECE-423-Labs/workspace/Assignment2_newest/ps7_cortexa9_0/standalone_domain/bsp/system.mss
TRACE::2025-02-12.14:11:29::SCWMssOS::updating the scw layer changes to swdes at   C:/Users/j54mao/ECE423/ECE-423-Labs/workspace/Assignment2_newest/ps7_cortexa9_0/standalone_domain/bsp/system.mss
TRACE::2025-02-12.14:11:29::SCWMssOS::Writing mss at C:/Users/j54mao/ECE423/ECE-423-Labs/workspace/Assignment2_newest/ps7_cortexa9_0/standalone_domain/bsp/system.mss
TRACE::2025-02-12.14:11:29::SCWMssOS::Completed writing the mss file at C:/Users/j54mao/ECE423/ECE-423-Labs/workspace/Assignment2_newest/ps7_cortexa9_0/standalone_domain/bsp
TRACE::2025-02-12.14:11:29::SCWMssOS::Picking up changes from newly written mss file into SCW Layer. 
TRACE::2025-02-12.14:11:29::SCWMssOS::Updated the changes from newly written mss file into SCW Layer. 
TRACE::2025-02-12.14:11:29::SCWMssOS::Completed writing the mss file at C:/Users/j54mao/ECE423/ECE-423-Labs/workspace/Assignment2_newest/ps7_cortexa9_0/standalone_domain/bsp
TRACE::2025-02-12.14:11:29::SCWMssOS::Forcing BSP Sources regeneration.
TRACE::2025-02-12.14:11:31::SCWMssOS::Saving the mss changes C:/Users/j54mao/ECE423/ECE-423-Labs/workspace/Assignment2_newest/zynq_fsbl/zynq_fsbl_bsp/system.mss
TRACE::2025-02-12.14:11:31::SCWMssOS::Found a swdesign opened with the mssfile.
TRACE::2025-02-12.14:11:31::SCWMssOS::Completed writemss as part of save.
TRACE::2025-02-12.14:11:31::SCWMssOS::Commit changes completed.
TRACE::2025-02-12.14:11:31::SCWMssOS::Saving the mss changes C:/Users/j54mao/ECE423/ECE-423-Labs/workspace/Assignment2_newest/ps7_cortexa9_0/standalone_domain/bsp/system.mss
TRACE::2025-02-12.14:11:31::SCWMssOS::Adding the swdes entry, mss present, able to open swdb C:/Users/j54mao/ECE423/ECE-423-Labs/workspace/Assignment2_newest/ps7_cortexa9_0/standalone_domain/bsp/system.mss with des name system_0
TRACE::2025-02-12.14:11:31::SCWMssOS::Writing the mss file completed C:/Users/j54mao/ECE423/ECE-423-Labs/workspace/Assignment2_newest/ps7_cortexa9_0/standalone_domain/bsp/system.mss
TRACE::2025-02-12.14:11:31::SCWMssOS::Commit changes completed.
TRACE::2025-02-12.14:11:31::SCWPlatform::Trying to open the hw design at C:/Users/j54mao/ECE423/ECE-423-Labs/workspace/Assignment2_newest/hw/lab_prefab_wrapper_newest_lab2.xsa
TRACE::2025-02-12.14:11:31::SCWPlatform::DSA given C:/Users/j54mao/ECE423/ECE-423-Labs/workspace/Assignment2_newest/hw/lab_prefab_wrapper_newest_lab2.xsa
TRACE::2025-02-12.14:11:31::SCWPlatform::DSA absoulate path C:/Users/j54mao/ECE423/ECE-423-Labs/workspace/Assignment2_newest/hw/lab_prefab_wrapper_newest_lab2.xsa
TRACE::2025-02-12.14:11:31::SCWPlatform::DSA directory C:/Users/j54mao/ECE423/ECE-423-Labs/workspace/Assignment2_newest/hw
TRACE::2025-02-12.14:11:31::SCWPlatform:: Platform Path C:/Users/j54mao/ECE423/ECE-423-Labs/workspace/Assignment2_newest/hw/lab_prefab_wrapper_newest_lab2.xsa
TRACE::2025-02-12.14:11:31::SCWPlatform:: Unique name xilinx:pynq-z1::0.0
TRACE::2025-02-12.14:11:31::SCWPlatform::Trying to set the existing hwdb with name lab_prefab_wrapper_0
TRACE::2025-02-12.14:11:31::SCWPlatform::Opened existing hwdb lab_prefab_wrapper_0
TRACE::2025-02-12.14:11:31::SCWPlatform::Found the Hw Db part of the input DSA
TRACE::2025-02-12.14:11:31::SCWMssOS::Checking the sw design at  C:/Users/j54mao/ECE423/ECE-423-Labs/workspace/Assignment2_newest/zynq_fsbl/zynq_fsbl_bsp/system.mss
TRACE::2025-02-12.14:11:31::SCWMssOS::DEBUG:  swdes dump  C:/Users/j54mao/ECE423/ECE-423-Labs/workspace/Assignment2_newest/ps7_cortexa9_0/standalone_domain/bsp/system.mss|system_0||
C:/Users/j54mao/ECE423/ECE-423-Labs/workspace/Assignment2_newest/zynq_fsbl/zynq_fsbl_bsp/system.mss|system||

TRACE::2025-02-12.14:11:31::SCWMssOS::Sw design exists and opened at  C:/Users/j54mao/ECE423/ECE-423-Labs/workspace/Assignment2_newest/zynq_fsbl/zynq_fsbl_bsp/system.mss
TRACE::2025-02-12.14:11:31::SCWPlatform::Trying to open the hw design at C:/Users/j54mao/ECE423/ECE-423-Labs/workspace/Assignment2_newest/hw/lab_prefab_wrapper_newest_lab2.xsa
TRACE::2025-02-12.14:11:31::SCWPlatform::DSA given C:/Users/j54mao/ECE423/ECE-423-Labs/workspace/Assignment2_newest/hw/lab_prefab_wrapper_newest_lab2.xsa
TRACE::2025-02-12.14:11:31::SCWPlatform::DSA absoulate path C:/Users/j54mao/ECE423/ECE-423-Labs/workspace/Assignment2_newest/hw/lab_prefab_wrapper_newest_lab2.xsa
TRACE::2025-02-12.14:11:31::SCWPlatform::DSA directory C:/Users/j54mao/ECE423/ECE-423-Labs/workspace/Assignment2_newest/hw
TRACE::2025-02-12.14:11:31::SCWPlatform:: Platform Path C:/Users/j54mao/ECE423/ECE-423-Labs/workspace/Assignment2_newest/hw/lab_prefab_wrapper_newest_lab2.xsa
TRACE::2025-02-12.14:11:31::SCWPlatform:: Unique name xilinx:pynq-z1::0.0
TRACE::2025-02-12.14:11:31::SCWPlatform::Trying to set the existing hwdb with name lab_prefab_wrapper_0
TRACE::2025-02-12.14:11:31::SCWPlatform::Opened existing hwdb lab_prefab_wrapper_0
TRACE::2025-02-12.14:11:31::SCWPlatform::Found the Hw Db part of the input DSA
TRACE::2025-02-12.14:11:31::SCWMssOS::Checking the sw design at  C:/Users/j54mao/ECE423/ECE-423-Labs/workspace/Assignment2_newest/zynq_fsbl/zynq_fsbl_bsp/system.mss
TRACE::2025-02-12.14:11:31::SCWMssOS::DEBUG:  swdes dump  C:/Users/j54mao/ECE423/ECE-423-Labs/workspace/Assignment2_newest/ps7_cortexa9_0/standalone_domain/bsp/system.mss|system_0||
C:/Users/j54mao/ECE423/ECE-423-Labs/workspace/Assignment2_newest/zynq_fsbl/zynq_fsbl_bsp/system.mss|system||

TRACE::2025-02-12.14:11:31::SCWMssOS::Sw design exists and opened at  C:/Users/j54mao/ECE423/ECE-423-Labs/workspace/Assignment2_newest/zynq_fsbl/zynq_fsbl_bsp/system.mss
TRACE::2025-02-12.14:11:31::SCWPlatform::Trying to open the hw design at C:/Users/j54mao/ECE423/ECE-423-Labs/workspace/Assignment2_newest/hw/lab_prefab_wrapper_newest_lab2.xsa
TRACE::2025-02-12.14:11:31::SCWPlatform::DSA given C:/Users/j54mao/ECE423/ECE-423-Labs/workspace/Assignment2_newest/hw/lab_prefab_wrapper_newest_lab2.xsa
TRACE::2025-02-12.14:11:31::SCWPlatform::DSA absoulate path C:/Users/j54mao/ECE423/ECE-423-Labs/workspace/Assignment2_newest/hw/lab_prefab_wrapper_newest_lab2.xsa
TRACE::2025-02-12.14:11:31::SCWPlatform::DSA directory C:/Users/j54mao/ECE423/ECE-423-Labs/workspace/Assignment2_newest/hw
TRACE::2025-02-12.14:11:31::SCWPlatform:: Platform Path C:/Users/j54mao/ECE423/ECE-423-Labs/workspace/Assignment2_newest/hw/lab_prefab_wrapper_newest_lab2.xsa
TRACE::2025-02-12.14:11:31::SCWPlatform:: Unique name xilinx:pynq-z1::0.0
TRACE::2025-02-12.14:11:31::SCWPlatform::Trying to set the existing hwdb with name lab_prefab_wrapper_0
TRACE::2025-02-12.14:11:31::SCWPlatform::Opened existing hwdb lab_prefab_wrapper_0
TRACE::2025-02-12.14:11:31::SCWPlatform::Found the Hw Db part of the input DSA
TRACE::2025-02-12.14:11:31::SCWMssOS::Checking the sw design at  C:/Users/j54mao/ECE423/ECE-423-Labs/workspace/Assignment2_newest/zynq_fsbl/zynq_fsbl_bsp/system.mss
TRACE::2025-02-12.14:11:31::SCWMssOS::DEBUG:  swdes dump  C:/Users/j54mao/ECE423/ECE-423-Labs/workspace/Assignment2_newest/ps7_cortexa9_0/standalone_domain/bsp/system.mss|system_0||
C:/Users/j54mao/ECE423/ECE-423-Labs/workspace/Assignment2_newest/zynq_fsbl/zynq_fsbl_bsp/system.mss|system||

TRACE::2025-02-12.14:11:31::SCWMssOS::Sw design exists and opened at  C:/Users/j54mao/ECE423/ECE-423-Labs/workspace/Assignment2_newest/zynq_fsbl/zynq_fsbl_bsp/system.mss
TRACE::2025-02-12.14:11:31::SCWPlatform::Trying to open the hw design at C:/Users/j54mao/ECE423/ECE-423-Labs/workspace/Assignment2_newest/hw/lab_prefab_wrapper_newest_lab2.xsa
TRACE::2025-02-12.14:11:31::SCWPlatform::DSA given C:/Users/j54mao/ECE423/ECE-423-Labs/workspace/Assignment2_newest/hw/lab_prefab_wrapper_newest_lab2.xsa
TRACE::2025-02-12.14:11:31::SCWPlatform::DSA absoulate path C:/Users/j54mao/ECE423/ECE-423-Labs/workspace/Assignment2_newest/hw/lab_prefab_wrapper_newest_lab2.xsa
TRACE::2025-02-12.14:11:31::SCWPlatform::DSA directory C:/Users/j54mao/ECE423/ECE-423-Labs/workspace/Assignment2_newest/hw
TRACE::2025-02-12.14:11:31::SCWPlatform:: Platform Path C:/Users/j54mao/ECE423/ECE-423-Labs/workspace/Assignment2_newest/hw/lab_prefab_wrapper_newest_lab2.xsa
TRACE::2025-02-12.14:11:31::SCWPlatform:: Unique name xilinx:pynq-z1::0.0
TRACE::2025-02-12.14:11:31::SCWPlatform::Trying to set the existing hwdb with name lab_prefab_wrapper_0
TRACE::2025-02-12.14:11:31::SCWPlatform::Opened existing hwdb lab_prefab_wrapper_0
TRACE::2025-02-12.14:11:31::SCWPlatform::Found the Hw Db part of the input DSA
TRACE::2025-02-12.14:11:31::SCWMssOS::Checking the sw design at  C:/Users/j54mao/ECE423/ECE-423-Labs/workspace/Assignment2_newest/ps7_cortexa9_0/standalone_domain/bsp/system.mss
TRACE::2025-02-12.14:11:31::SCWMssOS::DEBUG:  swdes dump  C:/Users/j54mao/ECE423/ECE-423-Labs/workspace/Assignment2_newest/ps7_cortexa9_0/standalone_domain/bsp/system.mss|system_0||
C:/Users/j54mao/ECE423/ECE-423-Labs/workspace/Assignment2_newest/zynq_fsbl/zynq_fsbl_bsp/system.mss|system||

TRACE::2025-02-12.14:11:31::SCWMssOS::Sw design exists and opened at  C:/Users/j54mao/ECE423/ECE-423-Labs/workspace/Assignment2_newest/ps7_cortexa9_0/standalone_domain/bsp/system.mss
TRACE::2025-02-12.14:11:31::SCWPlatform::Trying to open the hw design at C:/Users/j54mao/ECE423/ECE-423-Labs/workspace/Assignment2_newest/hw/lab_prefab_wrapper_newest_lab2.xsa
TRACE::2025-02-12.14:11:31::SCWPlatform::DSA given C:/Users/j54mao/ECE423/ECE-423-Labs/workspace/Assignment2_newest/hw/lab_prefab_wrapper_newest_lab2.xsa
TRACE::2025-02-12.14:11:31::SCWPlatform::DSA absoulate path C:/Users/j54mao/ECE423/ECE-423-Labs/workspace/Assignment2_newest/hw/lab_prefab_wrapper_newest_lab2.xsa
TRACE::2025-02-12.14:11:31::SCWPlatform::DSA directory C:/Users/j54mao/ECE423/ECE-423-Labs/workspace/Assignment2_newest/hw
TRACE::2025-02-12.14:11:31::SCWPlatform:: Platform Path C:/Users/j54mao/ECE423/ECE-423-Labs/workspace/Assignment2_newest/hw/lab_prefab_wrapper_newest_lab2.xsa
TRACE::2025-02-12.14:11:31::SCWPlatform:: Unique name xilinx:pynq-z1::0.0
TRACE::2025-02-12.14:11:31::SCWPlatform::Trying to set the existing hwdb with name lab_prefab_wrapper_0
TRACE::2025-02-12.14:11:31::SCWPlatform::Opened existing hwdb lab_prefab_wrapper_0
TRACE::2025-02-12.14:11:31::SCWPlatform::Found the Hw Db part of the input DSA
TRACE::2025-02-12.14:11:31::SCWMssOS::Checking the sw design at  C:/Users/j54mao/ECE423/ECE-423-Labs/workspace/Assignment2_newest/ps7_cortexa9_0/standalone_domain/bsp/system.mss
TRACE::2025-02-12.14:11:31::SCWMssOS::DEBUG:  swdes dump  C:/Users/j54mao/ECE423/ECE-423-Labs/workspace/Assignment2_newest/ps7_cortexa9_0/standalone_domain/bsp/system.mss|system_0||
C:/Users/j54mao/ECE423/ECE-423-Labs/workspace/Assignment2_newest/zynq_fsbl/zynq_fsbl_bsp/system.mss|system||

TRACE::2025-02-12.14:11:31::SCWMssOS::Sw design exists and opened at  C:/Users/j54mao/ECE423/ECE-423-Labs/workspace/Assignment2_newest/ps7_cortexa9_0/standalone_domain/bsp/system.mss
TRACE::2025-02-12.14:11:31::SCWPlatform::Trying to open the hw design at C:/Users/j54mao/ECE423/ECE-423-Labs/workspace/Assignment2_newest/hw/lab_prefab_wrapper_newest_lab2.xsa
TRACE::2025-02-12.14:11:31::SCWPlatform::DSA given C:/Users/j54mao/ECE423/ECE-423-Labs/workspace/Assignment2_newest/hw/lab_prefab_wrapper_newest_lab2.xsa
TRACE::2025-02-12.14:11:31::SCWPlatform::DSA absoulate path C:/Users/j54mao/ECE423/ECE-423-Labs/workspace/Assignment2_newest/hw/lab_prefab_wrapper_newest_lab2.xsa
TRACE::2025-02-12.14:11:31::SCWPlatform::DSA directory C:/Users/j54mao/ECE423/ECE-423-Labs/workspace/Assignment2_newest/hw
TRACE::2025-02-12.14:11:31::SCWPlatform:: Platform Path C:/Users/j54mao/ECE423/ECE-423-Labs/workspace/Assignment2_newest/hw/lab_prefab_wrapper_newest_lab2.xsa
TRACE::2025-02-12.14:11:31::SCWPlatform:: Unique name xilinx:pynq-z1::0.0
TRACE::2025-02-12.14:11:31::SCWPlatform::Trying to set the existing hwdb with name lab_prefab_wrapper_0
TRACE::2025-02-12.14:11:31::SCWPlatform::Opened existing hwdb lab_prefab_wrapper_0
TRACE::2025-02-12.14:11:31::SCWPlatform::Found the Hw Db part of the input DSA
TRACE::2025-02-12.14:11:31::SCWMssOS::Checking the sw design at  C:/Users/j54mao/ECE423/ECE-423-Labs/workspace/Assignment2_newest/ps7_cortexa9_0/standalone_domain/bsp/system.mss
TRACE::2025-02-12.14:11:31::SCWMssOS::DEBUG:  swdes dump  C:/Users/j54mao/ECE423/ECE-423-Labs/workspace/Assignment2_newest/ps7_cortexa9_0/standalone_domain/bsp/system.mss|system_0||
C:/Users/j54mao/ECE423/ECE-423-Labs/workspace/Assignment2_newest/zynq_fsbl/zynq_fsbl_bsp/system.mss|system||

TRACE::2025-02-12.14:11:31::SCWMssOS::Sw design exists and opened at  C:/Users/j54mao/ECE423/ECE-423-Labs/workspace/Assignment2_newest/ps7_cortexa9_0/standalone_domain/bsp/system.mss
TRACE::2025-02-12.14:11:31::SCWWriter::formatted JSON is {
	"platformName":	"Assignment2_newest",
	"sprVersion":	"2.0",
	"mode":	"gui",
	"dsaType":	"Fixed",
	"platformDesc":	"Assignment2_newest",
	"platHandOff":	"C:/Users/j54mao/ECE423/ECE-423-Labs/ece423_prefab/ece423_prefab/lab_prefab/lab_prefab_wrapper_newest_lab2.xsa",
	"platIntHandOff":	"<platformDir>/hw/lab_prefab_wrapper_newest_lab2.xsa",
	"deviceType":	"zynq",
	"platIsPrebuiltAutogen":	"false",
	"platIsNoBootBsp":	"false",
	"platFsblTarget":	"ps7_cortexa9_0",
	"hasFsblMakeHasChanges":	"false",
	"hasPmufwMakeHasChanges":	"false",
	"fsblExtraCompilerFlags":	"-MMD -MP       -mcpu=cortex-a9 -mfpu=vfpv3 -mfloat-abi=hard ",
	"platPreBuiltFlag":	false,
	"platformSamplesDir":	"",
	"platActiveSys":	"Assignment2_newest",
	"systems":	[{
			"systemName":	"Assignment2_newest",
			"systemDesc":	"Assignment2_newest",
			"sysIsBootAutoGen":	"true",
			"systemDispName":	"Assignment2_newest",
			"sysActiveDom":	"standalone_domain",
			"sysDefaultDom":	"standalone_domain",
			"domains":	[{
					"domainName":	"zynq_fsbl",
					"domainDispName":	"zynq_fsbl",
					"domainDesc":	"FSBL Application BSP - Auto Generated.",
					"processors":	"ps7_cortexa9_0",
					"os":	"standalone",
					"sdxOs":	"standalone",
					"debugEnable":	"",
					"domRuntimes":	["cpp"],
					"swRepo":	"",
					"mssOsVer":	"7.7",
					"mssFile":	"",
					"md5Digest":	"4bdfa872853735a660eaeae9ac55f0bb",
					"compatibleApp":	"zynq_fsbl",
					"domType":	"bootDomain",
					"arch":	"32-bit",
					"appSettings":	{
						"appCompilerFlags":	"",
						"appLinkerFlags":	""
					},
					"addedLibs":	["xilffs:4.7", "xilrsa:1.6"],
					"libOptions":	{
						"libsContainingOptions":	[]
					},
					"prebuiltLibs":	{
						"prebuiltIncPath":	[],
						"prebuiltLibPath":	[]
					},
					"isolation":	{
					}
				}, {
					"domainName":	"standalone_domain",
					"domainDispName":	"standalone_domain",
					"domainDesc":	"standalone_domain",
					"processors":	"ps7_cortexa9_0",
					"os":	"standalone",
					"sdxOs":	"standalone",
					"qemuArgs":	"<platformDir>/resources/Assignment2_newest/standalone_domain/qemu_args.txt",
					"qemuData":	"<platformDir>/resources/Assignment2_newest/standalone_domain/qemu",
					"debugEnable":	"False",
					"domRuntimes":	["cpp"],
					"swRepo":	"",
					"mssOsVer":	"7.7",
					"mssFile":	"",
					"md5Digest":	"90759cd7d17204249617ea3f07fde571",
					"compatibleApp":	"",
					"domType":	"mssDomain",
					"appSettings":	{
						"appCompilerFlags":	"",
						"appLinkerFlags":	""
					},
					"addedLibs":	[],
					"libOptions":	{
						"libsContainingOptions":	[]
					},
					"prebuiltLibs":	{
						"prebuiltIncPath":	[],
						"prebuiltLibPath":	[]
					},
					"isolation":	{
					}
				}]
		}]
}
LOG::2025-02-12.14:11:31::SCWPlatform::Started generating the artifacts platform Assignment2_newest
TRACE::2025-02-12.14:11:31::SCWPlatform::Sanity checking of platform is completed
LOG::2025-02-12.14:11:31::SCWPlatform::Started generating the artifacts for system configuration Assignment2_newest
LOG::2025-02-12.14:11:31::SCWSystem::Checking the domain zynq_fsbl
LOG::2025-02-12.14:11:31::SCWSystem::Doing application build for :  zynq_fsbl
TRACE::2025-02-12.14:11:31::SCWBDomain::Not a forced makefile updation, No changes are present. 
TRACE::2025-02-12.14:11:31::SCWDomain::Skipping the build for domain :  zynq_fsbl
LOG::2025-02-12.14:11:31::SCWSystem::Checking the domain standalone_domain
LOG::2025-02-12.14:11:31::SCWSystem::Not a boot domain 
LOG::2025-02-12.14:11:31::SCWSystem::Started Processing the domain standalone_domain
TRACE::2025-02-12.14:11:31::SCWDomain::Generating domain artifcats
TRACE::2025-02-12.14:11:31::SCWMssOS::Generating standalone artifcats
TRACE::2025-02-12.14:11:31::SCWMssOS::Copying the qemu file from  C:/Users/j54mao/ECE423/ECE-423-Labs/workspace/Assignment2_newest/resources/Assignment2_newest/standalone_domain/qemu_args.txt To C:/Users/j54mao/ECE423/ECE-423-Labs/workspace/Assignment2_newest/export/Assignment2_newest/sw/Assignment2_newest/qemu/
TRACE::2025-02-12.14:11:31::SCWMssOS::Copying the qemu file from  C:/Users/j54mao/ECE423/ECE-423-Labs/workspace/Assignment2_newest/resources/Assignment2_newest/standalone_domain/qemu_args.txt To C:/Users/j54mao/ECE423/ECE-423-Labs/workspace/Assignment2_newest/export/Assignment2_newest/sw/Assignment2_newest/standalone_domain/qemu/
TRACE::2025-02-12.14:11:31::SCWMssOS:: Copying the user libraries. 
TRACE::2025-02-12.14:11:31::SCWPlatform::Trying to open the hw design at C:/Users/j54mao/ECE423/ECE-423-Labs/workspace/Assignment2_newest/hw/lab_prefab_wrapper_newest_lab2.xsa
TRACE::2025-02-12.14:11:31::SCWPlatform::DSA given C:/Users/j54mao/ECE423/ECE-423-Labs/workspace/Assignment2_newest/hw/lab_prefab_wrapper_newest_lab2.xsa
TRACE::2025-02-12.14:11:31::SCWPlatform::DSA absoulate path C:/Users/j54mao/ECE423/ECE-423-Labs/workspace/Assignment2_newest/hw/lab_prefab_wrapper_newest_lab2.xsa
TRACE::2025-02-12.14:11:31::SCWPlatform::DSA directory C:/Users/j54mao/ECE423/ECE-423-Labs/workspace/Assignment2_newest/hw
TRACE::2025-02-12.14:11:31::SCWPlatform:: Platform Path C:/Users/j54mao/ECE423/ECE-423-Labs/workspace/Assignment2_newest/hw/lab_prefab_wrapper_newest_lab2.xsa
TRACE::2025-02-12.14:11:31::SCWPlatform:: Unique name xilinx:pynq-z1::0.0
TRACE::2025-02-12.14:11:31::SCWPlatform::Trying to set the existing hwdb with name lab_prefab_wrapper_0
TRACE::2025-02-12.14:11:31::SCWPlatform::Opened existing hwdb lab_prefab_wrapper_0
TRACE::2025-02-12.14:11:31::SCWPlatform::Found the Hw Db part of the input DSA
TRACE::2025-02-12.14:11:31::SCWMssOS::Checking the sw design at  C:/Users/j54mao/ECE423/ECE-423-Labs/workspace/Assignment2_newest/ps7_cortexa9_0/standalone_domain/bsp/system.mss
TRACE::2025-02-12.14:11:31::SCWMssOS::DEBUG:  swdes dump  C:/Users/j54mao/ECE423/ECE-423-Labs/workspace/Assignment2_newest/ps7_cortexa9_0/standalone_domain/bsp/system.mss|system_0||
C:/Users/j54mao/ECE423/ECE-423-Labs/workspace/Assignment2_newest/zynq_fsbl/zynq_fsbl_bsp/system.mss|system||

TRACE::2025-02-12.14:11:31::SCWMssOS::Sw design exists and opened at  C:/Users/j54mao/ECE423/ECE-423-Labs/workspace/Assignment2_newest/ps7_cortexa9_0/standalone_domain/bsp/system.mss
TRACE::2025-02-12.14:11:31::SCWMssOS::Completed writing the mss file at C:/Users/j54mao/ECE423/ECE-423-Labs/workspace/Assignment2_newest/ps7_cortexa9_0/standalone_domain/bsp
TRACE::2025-02-12.14:11:31::SCWMssOS::Mss edits present, copying mssfile into export location C:/Users/j54mao/ECE423/ECE-423-Labs/workspace/Assignment2_newest/ps7_cortexa9_0/standalone_domain/bsp/system.mss
TRACE::2025-02-12.14:11:31::SCWMssOS::bsp generated is upto date with the mss file. Skipping bsp generation.
TRACE::2025-02-12.14:11:31::SCWMssOS::BSP is already built. skipping the bsp build ... 
TRACE::2025-02-12.14:11:31::SCWDomain::Skipping the build for domain :  standalone_domain
TRACE::2025-02-12.14:11:31::SCWMssOS::skipping the bsp build ... 
TRACE::2025-02-12.14:11:31::SCWMssOS::Copying to export directory.
TRACE::2025-02-12.14:11:31::SCWMssOS:: Checking if to create the Supporting Applications
TRACE::2025-02-12.14:11:31::SCWMssOS:: No Linux domain exists, trying to generate FSBL 
TRACE::2025-02-12.14:11:31::SCWMssOS:: Completed Standalone Artifacts creation 
LOG::2025-02-12.14:11:31::SCWSystem::Completed Processing the domain standalone_domain
LOG::2025-02-12.14:11:31::SCWSystem::Completed Processing the sysconfig Assignment2_newest
LOG::2025-02-12.14:11:31::SCWPlatform::Completed generating the artifacts for system configuration Assignment2_newest
TRACE::2025-02-12.14:11:31::SCWPlatform::Started preparing the platform 
TRACE::2025-02-12.14:11:31::SCWSystem::Writing the bif file for system config Assignment2_newest
TRACE::2025-02-12.14:11:31::SCWSystem::dir created 
TRACE::2025-02-12.14:11:31::SCWSystem::Writing the bif 
TRACE::2025-02-12.14:11:31::SCWPlatform::Started writing the spfm file 
TRACE::2025-02-12.14:11:31::SCWPlatform::Started writing the xpfm file 
TRACE::2025-02-12.14:11:31::SCWPlatform::Completed generating the platform
TRACE::2025-02-12.14:11:31::SCWMssOS::Saving the mss changes C:/Users/j54mao/ECE423/ECE-423-Labs/workspace/Assignment2_newest/zynq_fsbl/zynq_fsbl_bsp/system.mss
TRACE::2025-02-12.14:11:31::SCWMssOS::Found a swdesign opened with the mssfile.
TRACE::2025-02-12.14:11:31::SCWMssOS::Completed writemss as part of save.
TRACE::2025-02-12.14:11:31::SCWMssOS::Commit changes completed.
TRACE::2025-02-12.14:11:31::SCWMssOS::Saving the mss changes C:/Users/j54mao/ECE423/ECE-423-Labs/workspace/Assignment2_newest/ps7_cortexa9_0/standalone_domain/bsp/system.mss
TRACE::2025-02-12.14:11:31::SCWMssOS::Found a swdesign opened with the mssfile.
TRACE::2025-02-12.14:11:31::SCWMssOS::Completed writemss as part of save.
TRACE::2025-02-12.14:11:31::SCWMssOS::Commit changes completed.
TRACE::2025-02-12.14:11:31::SCWPlatform::Trying to open the hw design at C:/Users/j54mao/ECE423/ECE-423-Labs/workspace/Assignment2_newest/hw/lab_prefab_wrapper_newest_lab2.xsa
TRACE::2025-02-12.14:11:31::SCWPlatform::DSA given C:/Users/j54mao/ECE423/ECE-423-Labs/workspace/Assignment2_newest/hw/lab_prefab_wrapper_newest_lab2.xsa
TRACE::2025-02-12.14:11:31::SCWPlatform::DSA absoulate path C:/Users/j54mao/ECE423/ECE-423-Labs/workspace/Assignment2_newest/hw/lab_prefab_wrapper_newest_lab2.xsa
TRACE::2025-02-12.14:11:31::SCWPlatform::DSA directory C:/Users/j54mao/ECE423/ECE-423-Labs/workspace/Assignment2_newest/hw
TRACE::2025-02-12.14:11:31::SCWPlatform:: Platform Path C:/Users/j54mao/ECE423/ECE-423-Labs/workspace/Assignment2_newest/hw/lab_prefab_wrapper_newest_lab2.xsa
TRACE::2025-02-12.14:11:31::SCWPlatform:: Unique name xilinx:pynq-z1::0.0
TRACE::2025-02-12.14:11:31::SCWPlatform::Trying to set the existing hwdb with name lab_prefab_wrapper_0
TRACE::2025-02-12.14:11:31::SCWPlatform::Opened existing hwdb lab_prefab_wrapper_0
TRACE::2025-02-12.14:11:31::SCWPlatform::Found the Hw Db part of the input DSA
TRACE::2025-02-12.14:11:31::SCWMssOS::Checking the sw design at  C:/Users/j54mao/ECE423/ECE-423-Labs/workspace/Assignment2_newest/zynq_fsbl/zynq_fsbl_bsp/system.mss
TRACE::2025-02-12.14:11:31::SCWMssOS::DEBUG:  swdes dump  C:/Users/j54mao/ECE423/ECE-423-Labs/workspace/Assignment2_newest/ps7_cortexa9_0/standalone_domain/bsp/system.mss|system_0||
C:/Users/j54mao/ECE423/ECE-423-Labs/workspace/Assignment2_newest/zynq_fsbl/zynq_fsbl_bsp/system.mss|system||

TRACE::2025-02-12.14:11:31::SCWMssOS::Sw design exists and opened at  C:/Users/j54mao/ECE423/ECE-423-Labs/workspace/Assignment2_newest/zynq_fsbl/zynq_fsbl_bsp/system.mss
TRACE::2025-02-12.14:11:31::SCWPlatform::Trying to open the hw design at C:/Users/j54mao/ECE423/ECE-423-Labs/workspace/Assignment2_newest/hw/lab_prefab_wrapper_newest_lab2.xsa
TRACE::2025-02-12.14:11:31::SCWPlatform::DSA given C:/Users/j54mao/ECE423/ECE-423-Labs/workspace/Assignment2_newest/hw/lab_prefab_wrapper_newest_lab2.xsa
TRACE::2025-02-12.14:11:31::SCWPlatform::DSA absoulate path C:/Users/j54mao/ECE423/ECE-423-Labs/workspace/Assignment2_newest/hw/lab_prefab_wrapper_newest_lab2.xsa
TRACE::2025-02-12.14:11:31::SCWPlatform::DSA directory C:/Users/j54mao/ECE423/ECE-423-Labs/workspace/Assignment2_newest/hw
TRACE::2025-02-12.14:11:31::SCWPlatform:: Platform Path C:/Users/j54mao/ECE423/ECE-423-Labs/workspace/Assignment2_newest/hw/lab_prefab_wrapper_newest_lab2.xsa
TRACE::2025-02-12.14:11:31::SCWPlatform:: Unique name xilinx:pynq-z1::0.0
TRACE::2025-02-12.14:11:31::SCWPlatform::Trying to set the existing hwdb with name lab_prefab_wrapper_0
TRACE::2025-02-12.14:11:31::SCWPlatform::Opened existing hwdb lab_prefab_wrapper_0
TRACE::2025-02-12.14:11:31::SCWPlatform::Found the Hw Db part of the input DSA
TRACE::2025-02-12.14:11:31::SCWMssOS::Checking the sw design at  C:/Users/j54mao/ECE423/ECE-423-Labs/workspace/Assignment2_newest/zynq_fsbl/zynq_fsbl_bsp/system.mss
TRACE::2025-02-12.14:11:31::SCWMssOS::DEBUG:  swdes dump  C:/Users/j54mao/ECE423/ECE-423-Labs/workspace/Assignment2_newest/ps7_cortexa9_0/standalone_domain/bsp/system.mss|system_0||
C:/Users/j54mao/ECE423/ECE-423-Labs/workspace/Assignment2_newest/zynq_fsbl/zynq_fsbl_bsp/system.mss|system||

TRACE::2025-02-12.14:11:31::SCWMssOS::Sw design exists and opened at  C:/Users/j54mao/ECE423/ECE-423-Labs/workspace/Assignment2_newest/zynq_fsbl/zynq_fsbl_bsp/system.mss
TRACE::2025-02-12.14:11:31::SCWPlatform::Trying to open the hw design at C:/Users/j54mao/ECE423/ECE-423-Labs/workspace/Assignment2_newest/hw/lab_prefab_wrapper_newest_lab2.xsa
TRACE::2025-02-12.14:11:31::SCWPlatform::DSA given C:/Users/j54mao/ECE423/ECE-423-Labs/workspace/Assignment2_newest/hw/lab_prefab_wrapper_newest_lab2.xsa
TRACE::2025-02-12.14:11:31::SCWPlatform::DSA absoulate path C:/Users/j54mao/ECE423/ECE-423-Labs/workspace/Assignment2_newest/hw/lab_prefab_wrapper_newest_lab2.xsa
TRACE::2025-02-12.14:11:31::SCWPlatform::DSA directory C:/Users/j54mao/ECE423/ECE-423-Labs/workspace/Assignment2_newest/hw
TRACE::2025-02-12.14:11:31::SCWPlatform:: Platform Path C:/Users/j54mao/ECE423/ECE-423-Labs/workspace/Assignment2_newest/hw/lab_prefab_wrapper_newest_lab2.xsa
TRACE::2025-02-12.14:11:31::SCWPlatform:: Unique name xilinx:pynq-z1::0.0
TRACE::2025-02-12.14:11:31::SCWPlatform::Trying to set the existing hwdb with name lab_prefab_wrapper_0
TRACE::2025-02-12.14:11:31::SCWPlatform::Opened existing hwdb lab_prefab_wrapper_0
TRACE::2025-02-12.14:11:31::SCWPlatform::Found the Hw Db part of the input DSA
TRACE::2025-02-12.14:11:31::SCWMssOS::Checking the sw design at  C:/Users/j54mao/ECE423/ECE-423-Labs/workspace/Assignment2_newest/zynq_fsbl/zynq_fsbl_bsp/system.mss
TRACE::2025-02-12.14:11:31::SCWMssOS::DEBUG:  swdes dump  C:/Users/j54mao/ECE423/ECE-423-Labs/workspace/Assignment2_newest/ps7_cortexa9_0/standalone_domain/bsp/system.mss|system_0||
C:/Users/j54mao/ECE423/ECE-423-Labs/workspace/Assignment2_newest/zynq_fsbl/zynq_fsbl_bsp/system.mss|system||

TRACE::2025-02-12.14:11:31::SCWMssOS::Sw design exists and opened at  C:/Users/j54mao/ECE423/ECE-423-Labs/workspace/Assignment2_newest/zynq_fsbl/zynq_fsbl_bsp/system.mss
TRACE::2025-02-12.14:11:31::SCWPlatform::Trying to open the hw design at C:/Users/j54mao/ECE423/ECE-423-Labs/workspace/Assignment2_newest/hw/lab_prefab_wrapper_newest_lab2.xsa
TRACE::2025-02-12.14:11:31::SCWPlatform::DSA given C:/Users/j54mao/ECE423/ECE-423-Labs/workspace/Assignment2_newest/hw/lab_prefab_wrapper_newest_lab2.xsa
TRACE::2025-02-12.14:11:31::SCWPlatform::DSA absoulate path C:/Users/j54mao/ECE423/ECE-423-Labs/workspace/Assignment2_newest/hw/lab_prefab_wrapper_newest_lab2.xsa
TRACE::2025-02-12.14:11:31::SCWPlatform::DSA directory C:/Users/j54mao/ECE423/ECE-423-Labs/workspace/Assignment2_newest/hw
TRACE::2025-02-12.14:11:31::SCWPlatform:: Platform Path C:/Users/j54mao/ECE423/ECE-423-Labs/workspace/Assignment2_newest/hw/lab_prefab_wrapper_newest_lab2.xsa
TRACE::2025-02-12.14:11:31::SCWPlatform:: Unique name xilinx:pynq-z1::0.0
TRACE::2025-02-12.14:11:31::SCWPlatform::Trying to set the existing hwdb with name lab_prefab_wrapper_0
TRACE::2025-02-12.14:11:31::SCWPlatform::Opened existing hwdb lab_prefab_wrapper_0
TRACE::2025-02-12.14:11:31::SCWPlatform::Found the Hw Db part of the input DSA
TRACE::2025-02-12.14:11:31::SCWMssOS::Checking the sw design at  C:/Users/j54mao/ECE423/ECE-423-Labs/workspace/Assignment2_newest/ps7_cortexa9_0/standalone_domain/bsp/system.mss
TRACE::2025-02-12.14:11:31::SCWMssOS::DEBUG:  swdes dump  C:/Users/j54mao/ECE423/ECE-423-Labs/workspace/Assignment2_newest/ps7_cortexa9_0/standalone_domain/bsp/system.mss|system_0||
C:/Users/j54mao/ECE423/ECE-423-Labs/workspace/Assignment2_newest/zynq_fsbl/zynq_fsbl_bsp/system.mss|system||

TRACE::2025-02-12.14:11:31::SCWMssOS::Sw design exists and opened at  C:/Users/j54mao/ECE423/ECE-423-Labs/workspace/Assignment2_newest/ps7_cortexa9_0/standalone_domain/bsp/system.mss
TRACE::2025-02-12.14:11:31::SCWPlatform::Trying to open the hw design at C:/Users/j54mao/ECE423/ECE-423-Labs/workspace/Assignment2_newest/hw/lab_prefab_wrapper_newest_lab2.xsa
TRACE::2025-02-12.14:11:31::SCWPlatform::DSA given C:/Users/j54mao/ECE423/ECE-423-Labs/workspace/Assignment2_newest/hw/lab_prefab_wrapper_newest_lab2.xsa
TRACE::2025-02-12.14:11:31::SCWPlatform::DSA absoulate path C:/Users/j54mao/ECE423/ECE-423-Labs/workspace/Assignment2_newest/hw/lab_prefab_wrapper_newest_lab2.xsa
TRACE::2025-02-12.14:11:31::SCWPlatform::DSA directory C:/Users/j54mao/ECE423/ECE-423-Labs/workspace/Assignment2_newest/hw
TRACE::2025-02-12.14:11:31::SCWPlatform:: Platform Path C:/Users/j54mao/ECE423/ECE-423-Labs/workspace/Assignment2_newest/hw/lab_prefab_wrapper_newest_lab2.xsa
TRACE::2025-02-12.14:11:31::SCWPlatform:: Unique name xilinx:pynq-z1::0.0
TRACE::2025-02-12.14:11:31::SCWPlatform::Trying to set the existing hwdb with name lab_prefab_wrapper_0
TRACE::2025-02-12.14:11:31::SCWPlatform::Opened existing hwdb lab_prefab_wrapper_0
TRACE::2025-02-12.14:11:31::SCWPlatform::Found the Hw Db part of the input DSA
TRACE::2025-02-12.14:11:31::SCWMssOS::Checking the sw design at  C:/Users/j54mao/ECE423/ECE-423-Labs/workspace/Assignment2_newest/ps7_cortexa9_0/standalone_domain/bsp/system.mss
TRACE::2025-02-12.14:11:31::SCWMssOS::DEBUG:  swdes dump  C:/Users/j54mao/ECE423/ECE-423-Labs/workspace/Assignment2_newest/ps7_cortexa9_0/standalone_domain/bsp/system.mss|system_0||
C:/Users/j54mao/ECE423/ECE-423-Labs/workspace/Assignment2_newest/zynq_fsbl/zynq_fsbl_bsp/system.mss|system||

TRACE::2025-02-12.14:11:31::SCWMssOS::Sw design exists and opened at  C:/Users/j54mao/ECE423/ECE-423-Labs/workspace/Assignment2_newest/ps7_cortexa9_0/standalone_domain/bsp/system.mss
TRACE::2025-02-12.14:11:31::SCWPlatform::Trying to open the hw design at C:/Users/j54mao/ECE423/ECE-423-Labs/workspace/Assignment2_newest/hw/lab_prefab_wrapper_newest_lab2.xsa
TRACE::2025-02-12.14:11:31::SCWPlatform::DSA given C:/Users/j54mao/ECE423/ECE-423-Labs/workspace/Assignment2_newest/hw/lab_prefab_wrapper_newest_lab2.xsa
TRACE::2025-02-12.14:11:31::SCWPlatform::DSA absoulate path C:/Users/j54mao/ECE423/ECE-423-Labs/workspace/Assignment2_newest/hw/lab_prefab_wrapper_newest_lab2.xsa
TRACE::2025-02-12.14:11:31::SCWPlatform::DSA directory C:/Users/j54mao/ECE423/ECE-423-Labs/workspace/Assignment2_newest/hw
TRACE::2025-02-12.14:11:31::SCWPlatform:: Platform Path C:/Users/j54mao/ECE423/ECE-423-Labs/workspace/Assignment2_newest/hw/lab_prefab_wrapper_newest_lab2.xsa
TRACE::2025-02-12.14:11:31::SCWPlatform:: Unique name xilinx:pynq-z1::0.0
TRACE::2025-02-12.14:11:31::SCWPlatform::Trying to set the existing hwdb with name lab_prefab_wrapper_0
TRACE::2025-02-12.14:11:31::SCWPlatform::Opened existing hwdb lab_prefab_wrapper_0
TRACE::2025-02-12.14:11:31::SCWPlatform::Found the Hw Db part of the input DSA
TRACE::2025-02-12.14:11:31::SCWMssOS::Checking the sw design at  C:/Users/j54mao/ECE423/ECE-423-Labs/workspace/Assignment2_newest/ps7_cortexa9_0/standalone_domain/bsp/system.mss
TRACE::2025-02-12.14:11:31::SCWMssOS::DEBUG:  swdes dump  C:/Users/j54mao/ECE423/ECE-423-Labs/workspace/Assignment2_newest/ps7_cortexa9_0/standalone_domain/bsp/system.mss|system_0||
C:/Users/j54mao/ECE423/ECE-423-Labs/workspace/Assignment2_newest/zynq_fsbl/zynq_fsbl_bsp/system.mss|system||

TRACE::2025-02-12.14:11:31::SCWMssOS::Sw design exists and opened at  C:/Users/j54mao/ECE423/ECE-423-Labs/workspace/Assignment2_newest/ps7_cortexa9_0/standalone_domain/bsp/system.mss
TRACE::2025-02-12.14:11:31::SCWWriter::formatted JSON is {
	"platformName":	"Assignment2_newest",
	"sprVersion":	"2.0",
	"mode":	"gui",
	"dsaType":	"Fixed",
	"platformDesc":	"Assignment2_newest",
	"platHandOff":	"C:/Users/j54mao/ECE423/ECE-423-Labs/ece423_prefab/ece423_prefab/lab_prefab/lab_prefab_wrapper_newest_lab2.xsa",
	"platIntHandOff":	"<platformDir>/hw/lab_prefab_wrapper_newest_lab2.xsa",
	"deviceType":	"zynq",
	"platIsPrebuiltAutogen":	"false",
	"platIsNoBootBsp":	"false",
	"platFsblTarget":	"ps7_cortexa9_0",
	"hasFsblMakeHasChanges":	"false",
	"hasPmufwMakeHasChanges":	"false",
	"fsblExtraCompilerFlags":	"-MMD -MP       -mcpu=cortex-a9 -mfpu=vfpv3 -mfloat-abi=hard ",
	"platPreBuiltFlag":	false,
	"platformSamplesDir":	"",
	"platActiveSys":	"Assignment2_newest",
	"systems":	[{
			"systemName":	"Assignment2_newest",
			"systemDesc":	"Assignment2_newest",
			"sysIsBootAutoGen":	"true",
			"systemDispName":	"Assignment2_newest",
			"sysActiveDom":	"standalone_domain",
			"sysDefaultDom":	"standalone_domain",
			"domains":	[{
					"domainName":	"zynq_fsbl",
					"domainDispName":	"zynq_fsbl",
					"domainDesc":	"FSBL Application BSP - Auto Generated.",
					"processors":	"ps7_cortexa9_0",
					"os":	"standalone",
					"sdxOs":	"standalone",
					"debugEnable":	"",
					"domRuntimes":	["cpp"],
					"swRepo":	"",
					"mssOsVer":	"7.7",
					"mssFile":	"",
					"md5Digest":	"4bdfa872853735a660eaeae9ac55f0bb",
					"compatibleApp":	"zynq_fsbl",
					"domType":	"bootDomain",
					"arch":	"32-bit",
					"appSettings":	{
						"appCompilerFlags":	"",
						"appLinkerFlags":	""
					},
					"addedLibs":	["xilffs:4.7", "xilrsa:1.6"],
					"libOptions":	{
						"libsContainingOptions":	[]
					},
					"prebuiltLibs":	{
						"prebuiltIncPath":	[],
						"prebuiltLibPath":	[]
					},
					"isolation":	{
					}
				}, {
					"domainName":	"standalone_domain",
					"domainDispName":	"standalone_domain",
					"domainDesc":	"standalone_domain",
					"processors":	"ps7_cortexa9_0",
					"os":	"standalone",
					"sdxOs":	"standalone",
					"qemuArgs":	"<platformDir>/resources/Assignment2_newest/standalone_domain/qemu_args.txt",
					"qemuData":	"<platformDir>/resources/Assignment2_newest/standalone_domain/qemu",
					"debugEnable":	"False",
					"domRuntimes":	["cpp"],
					"swRepo":	"",
					"mssOsVer":	"7.7",
					"mssFile":	"",
					"md5Digest":	"90759cd7d17204249617ea3f07fde571",
					"compatibleApp":	"",
					"domType":	"mssDomain",
					"appSettings":	{
						"appCompilerFlags":	"",
						"appLinkerFlags":	""
					},
					"addedLibs":	[],
					"libOptions":	{
						"libsContainingOptions":	[]
					},
					"prebuiltLibs":	{
						"prebuiltIncPath":	[],
						"prebuiltLibPath":	[]
					},
					"isolation":	{
					}
				}]
		}]
}
KEYINFO::2025-02-12.14:11:31::SCWPlatform::updated the xpfm file.
TRACE::2025-02-12.14:11:32::SCWPlatform::Trying to open the hw design at C:/Users/j54mao/ECE423/ECE-423-Labs/workspace/Assignment2_newest/hw/lab_prefab_wrapper_newest_lab2.xsa
TRACE::2025-02-12.14:11:32::SCWPlatform::DSA given C:/Users/j54mao/ECE423/ECE-423-Labs/workspace/Assignment2_newest/hw/lab_prefab_wrapper_newest_lab2.xsa
TRACE::2025-02-12.14:11:32::SCWPlatform::DSA absoulate path C:/Users/j54mao/ECE423/ECE-423-Labs/workspace/Assignment2_newest/hw/lab_prefab_wrapper_newest_lab2.xsa
TRACE::2025-02-12.14:11:32::SCWPlatform::DSA directory C:/Users/j54mao/ECE423/ECE-423-Labs/workspace/Assignment2_newest/hw
TRACE::2025-02-12.14:11:32::SCWPlatform:: Platform Path C:/Users/j54mao/ECE423/ECE-423-Labs/workspace/Assignment2_newest/hw/lab_prefab_wrapper_newest_lab2.xsa
TRACE::2025-02-12.14:11:32::SCWPlatform:: Unique name xilinx:pynq-z1::0.0
TRACE::2025-02-12.14:11:32::SCWPlatform::Trying to set the existing hwdb with name lab_prefab_wrapper_0
TRACE::2025-02-12.14:11:32::SCWPlatform::Opened existing hwdb lab_prefab_wrapper_0
TRACE::2025-02-12.14:11:32::SCWPlatform::Found the Hw Db part of the input DSA
TRACE::2025-02-12.14:11:32::SCWMssOS::Checking the sw design at  C:/Users/j54mao/ECE423/ECE-423-Labs/workspace/Assignment2_newest/ps7_cortexa9_0/standalone_domain/bsp/system.mss
TRACE::2025-02-12.14:11:32::SCWMssOS::DEBUG:  swdes dump  C:/Users/j54mao/ECE423/ECE-423-Labs/workspace/Assignment2_newest/ps7_cortexa9_0/standalone_domain/bsp/system.mss|system_0||
C:/Users/j54mao/ECE423/ECE-423-Labs/workspace/Assignment2_newest/zynq_fsbl/zynq_fsbl_bsp/system.mss|system||

TRACE::2025-02-12.14:11:32::SCWMssOS::Sw design exists and opened at  C:/Users/j54mao/ECE423/ECE-423-Labs/workspace/Assignment2_newest/ps7_cortexa9_0/standalone_domain/bsp/system.mss
TRACE::2025-02-12.14:11:32::SCWMssOS::Saving the mss changes C:/Users/j54mao/ECE423/ECE-423-Labs/workspace/Assignment2_newest/zynq_fsbl/zynq_fsbl_bsp/system.mss
TRACE::2025-02-12.14:11:32::SCWMssOS::Found a swdesign opened with the mssfile.
TRACE::2025-02-12.14:11:32::SCWMssOS::Completed writemss as part of save.
TRACE::2025-02-12.14:11:32::SCWMssOS::Commit changes completed.
TRACE::2025-02-12.14:11:32::SCWMssOS::Saving the mss changes C:/Users/j54mao/ECE423/ECE-423-Labs/workspace/Assignment2_newest/ps7_cortexa9_0/standalone_domain/bsp/system.mss
TRACE::2025-02-12.14:11:32::SCWMssOS::Found a swdesign opened with the mssfile.
TRACE::2025-02-12.14:11:32::SCWMssOS::Completed writemss as part of save.
TRACE::2025-02-12.14:11:32::SCWMssOS::Commit changes completed.
TRACE::2025-02-12.14:11:32::SCWPlatform::Trying to open the hw design at C:/Users/j54mao/ECE423/ECE-423-Labs/workspace/Assignment2_newest/hw/lab_prefab_wrapper_newest_lab2.xsa
TRACE::2025-02-12.14:11:32::SCWPlatform::DSA given C:/Users/j54mao/ECE423/ECE-423-Labs/workspace/Assignment2_newest/hw/lab_prefab_wrapper_newest_lab2.xsa
TRACE::2025-02-12.14:11:32::SCWPlatform::DSA absoulate path C:/Users/j54mao/ECE423/ECE-423-Labs/workspace/Assignment2_newest/hw/lab_prefab_wrapper_newest_lab2.xsa
TRACE::2025-02-12.14:11:32::SCWPlatform::DSA directory C:/Users/j54mao/ECE423/ECE-423-Labs/workspace/Assignment2_newest/hw
TRACE::2025-02-12.14:11:32::SCWPlatform:: Platform Path C:/Users/j54mao/ECE423/ECE-423-Labs/workspace/Assignment2_newest/hw/lab_prefab_wrapper_newest_lab2.xsa
TRACE::2025-02-12.14:11:32::SCWPlatform:: Unique name xilinx:pynq-z1::0.0
TRACE::2025-02-12.14:11:32::SCWPlatform::Trying to set the existing hwdb with name lab_prefab_wrapper_0
TRACE::2025-02-12.14:11:32::SCWPlatform::Opened existing hwdb lab_prefab_wrapper_0
TRACE::2025-02-12.14:11:32::SCWPlatform::Found the Hw Db part of the input DSA
TRACE::2025-02-12.14:11:32::SCWMssOS::Checking the sw design at  C:/Users/j54mao/ECE423/ECE-423-Labs/workspace/Assignment2_newest/zynq_fsbl/zynq_fsbl_bsp/system.mss
TRACE::2025-02-12.14:11:32::SCWMssOS::DEBUG:  swdes dump  C:/Users/j54mao/ECE423/ECE-423-Labs/workspace/Assignment2_newest/ps7_cortexa9_0/standalone_domain/bsp/system.mss|system_0||
C:/Users/j54mao/ECE423/ECE-423-Labs/workspace/Assignment2_newest/zynq_fsbl/zynq_fsbl_bsp/system.mss|system||

TRACE::2025-02-12.14:11:32::SCWMssOS::Sw design exists and opened at  C:/Users/j54mao/ECE423/ECE-423-Labs/workspace/Assignment2_newest/zynq_fsbl/zynq_fsbl_bsp/system.mss
TRACE::2025-02-12.14:11:32::SCWPlatform::Trying to open the hw design at C:/Users/j54mao/ECE423/ECE-423-Labs/workspace/Assignment2_newest/hw/lab_prefab_wrapper_newest_lab2.xsa
TRACE::2025-02-12.14:11:32::SCWPlatform::DSA given C:/Users/j54mao/ECE423/ECE-423-Labs/workspace/Assignment2_newest/hw/lab_prefab_wrapper_newest_lab2.xsa
TRACE::2025-02-12.14:11:32::SCWPlatform::DSA absoulate path C:/Users/j54mao/ECE423/ECE-423-Labs/workspace/Assignment2_newest/hw/lab_prefab_wrapper_newest_lab2.xsa
TRACE::2025-02-12.14:11:32::SCWPlatform::DSA directory C:/Users/j54mao/ECE423/ECE-423-Labs/workspace/Assignment2_newest/hw
TRACE::2025-02-12.14:11:32::SCWPlatform:: Platform Path C:/Users/j54mao/ECE423/ECE-423-Labs/workspace/Assignment2_newest/hw/lab_prefab_wrapper_newest_lab2.xsa
TRACE::2025-02-12.14:11:32::SCWPlatform:: Unique name xilinx:pynq-z1::0.0
TRACE::2025-02-12.14:11:32::SCWPlatform::Trying to set the existing hwdb with name lab_prefab_wrapper_0
TRACE::2025-02-12.14:11:32::SCWPlatform::Opened existing hwdb lab_prefab_wrapper_0
TRACE::2025-02-12.14:11:32::SCWPlatform::Found the Hw Db part of the input DSA
TRACE::2025-02-12.14:11:32::SCWMssOS::Checking the sw design at  C:/Users/j54mao/ECE423/ECE-423-Labs/workspace/Assignment2_newest/zynq_fsbl/zynq_fsbl_bsp/system.mss
TRACE::2025-02-12.14:11:32::SCWMssOS::DEBUG:  swdes dump  C:/Users/j54mao/ECE423/ECE-423-Labs/workspace/Assignment2_newest/ps7_cortexa9_0/standalone_domain/bsp/system.mss|system_0||
C:/Users/j54mao/ECE423/ECE-423-Labs/workspace/Assignment2_newest/zynq_fsbl/zynq_fsbl_bsp/system.mss|system||

TRACE::2025-02-12.14:11:32::SCWMssOS::Sw design exists and opened at  C:/Users/j54mao/ECE423/ECE-423-Labs/workspace/Assignment2_newest/zynq_fsbl/zynq_fsbl_bsp/system.mss
TRACE::2025-02-12.14:11:32::SCWPlatform::Trying to open the hw design at C:/Users/j54mao/ECE423/ECE-423-Labs/workspace/Assignment2_newest/hw/lab_prefab_wrapper_newest_lab2.xsa
TRACE::2025-02-12.14:11:32::SCWPlatform::DSA given C:/Users/j54mao/ECE423/ECE-423-Labs/workspace/Assignment2_newest/hw/lab_prefab_wrapper_newest_lab2.xsa
TRACE::2025-02-12.14:11:32::SCWPlatform::DSA absoulate path C:/Users/j54mao/ECE423/ECE-423-Labs/workspace/Assignment2_newest/hw/lab_prefab_wrapper_newest_lab2.xsa
TRACE::2025-02-12.14:11:32::SCWPlatform::DSA directory C:/Users/j54mao/ECE423/ECE-423-Labs/workspace/Assignment2_newest/hw
TRACE::2025-02-12.14:11:32::SCWPlatform:: Platform Path C:/Users/j54mao/ECE423/ECE-423-Labs/workspace/Assignment2_newest/hw/lab_prefab_wrapper_newest_lab2.xsa
TRACE::2025-02-12.14:11:32::SCWPlatform:: Unique name xilinx:pynq-z1::0.0
TRACE::2025-02-12.14:11:32::SCWPlatform::Trying to set the existing hwdb with name lab_prefab_wrapper_0
TRACE::2025-02-12.14:11:32::SCWPlatform::Opened existing hwdb lab_prefab_wrapper_0
TRACE::2025-02-12.14:11:32::SCWPlatform::Found the Hw Db part of the input DSA
TRACE::2025-02-12.14:11:32::SCWMssOS::Checking the sw design at  C:/Users/j54mao/ECE423/ECE-423-Labs/workspace/Assignment2_newest/zynq_fsbl/zynq_fsbl_bsp/system.mss
TRACE::2025-02-12.14:11:32::SCWMssOS::DEBUG:  swdes dump  C:/Users/j54mao/ECE423/ECE-423-Labs/workspace/Assignment2_newest/ps7_cortexa9_0/standalone_domain/bsp/system.mss|system_0||
C:/Users/j54mao/ECE423/ECE-423-Labs/workspace/Assignment2_newest/zynq_fsbl/zynq_fsbl_bsp/system.mss|system||

TRACE::2025-02-12.14:11:32::SCWMssOS::Sw design exists and opened at  C:/Users/j54mao/ECE423/ECE-423-Labs/workspace/Assignment2_newest/zynq_fsbl/zynq_fsbl_bsp/system.mss
TRACE::2025-02-12.14:11:32::SCWPlatform::Trying to open the hw design at C:/Users/j54mao/ECE423/ECE-423-Labs/workspace/Assignment2_newest/hw/lab_prefab_wrapper_newest_lab2.xsa
TRACE::2025-02-12.14:11:32::SCWPlatform::DSA given C:/Users/j54mao/ECE423/ECE-423-Labs/workspace/Assignment2_newest/hw/lab_prefab_wrapper_newest_lab2.xsa
TRACE::2025-02-12.14:11:32::SCWPlatform::DSA absoulate path C:/Users/j54mao/ECE423/ECE-423-Labs/workspace/Assignment2_newest/hw/lab_prefab_wrapper_newest_lab2.xsa
TRACE::2025-02-12.14:11:32::SCWPlatform::DSA directory C:/Users/j54mao/ECE423/ECE-423-Labs/workspace/Assignment2_newest/hw
TRACE::2025-02-12.14:11:32::SCWPlatform:: Platform Path C:/Users/j54mao/ECE423/ECE-423-Labs/workspace/Assignment2_newest/hw/lab_prefab_wrapper_newest_lab2.xsa
TRACE::2025-02-12.14:11:32::SCWPlatform:: Unique name xilinx:pynq-z1::0.0
TRACE::2025-02-12.14:11:32::SCWPlatform::Trying to set the existing hwdb with name lab_prefab_wrapper_0
TRACE::2025-02-12.14:11:32::SCWPlatform::Opened existing hwdb lab_prefab_wrapper_0
TRACE::2025-02-12.14:11:32::SCWPlatform::Found the Hw Db part of the input DSA
TRACE::2025-02-12.14:11:32::SCWMssOS::Checking the sw design at  C:/Users/j54mao/ECE423/ECE-423-Labs/workspace/Assignment2_newest/ps7_cortexa9_0/standalone_domain/bsp/system.mss
TRACE::2025-02-12.14:11:32::SCWMssOS::DEBUG:  swdes dump  C:/Users/j54mao/ECE423/ECE-423-Labs/workspace/Assignment2_newest/ps7_cortexa9_0/standalone_domain/bsp/system.mss|system_0||
C:/Users/j54mao/ECE423/ECE-423-Labs/workspace/Assignment2_newest/zynq_fsbl/zynq_fsbl_bsp/system.mss|system||

TRACE::2025-02-12.14:11:32::SCWMssOS::Sw design exists and opened at  C:/Users/j54mao/ECE423/ECE-423-Labs/workspace/Assignment2_newest/ps7_cortexa9_0/standalone_domain/bsp/system.mss
TRACE::2025-02-12.14:11:32::SCWPlatform::Trying to open the hw design at C:/Users/j54mao/ECE423/ECE-423-Labs/workspace/Assignment2_newest/hw/lab_prefab_wrapper_newest_lab2.xsa
TRACE::2025-02-12.14:11:32::SCWPlatform::DSA given C:/Users/j54mao/ECE423/ECE-423-Labs/workspace/Assignment2_newest/hw/lab_prefab_wrapper_newest_lab2.xsa
TRACE::2025-02-12.14:11:32::SCWPlatform::DSA absoulate path C:/Users/j54mao/ECE423/ECE-423-Labs/workspace/Assignment2_newest/hw/lab_prefab_wrapper_newest_lab2.xsa
TRACE::2025-02-12.14:11:32::SCWPlatform::DSA directory C:/Users/j54mao/ECE423/ECE-423-Labs/workspace/Assignment2_newest/hw
TRACE::2025-02-12.14:11:32::SCWPlatform:: Platform Path C:/Users/j54mao/ECE423/ECE-423-Labs/workspace/Assignment2_newest/hw/lab_prefab_wrapper_newest_lab2.xsa
TRACE::2025-02-12.14:11:32::SCWPlatform:: Unique name xilinx:pynq-z1::0.0
TRACE::2025-02-12.14:11:32::SCWPlatform::Trying to set the existing hwdb with name lab_prefab_wrapper_0
TRACE::2025-02-12.14:11:32::SCWPlatform::Opened existing hwdb lab_prefab_wrapper_0
TRACE::2025-02-12.14:11:32::SCWPlatform::Found the Hw Db part of the input DSA
TRACE::2025-02-12.14:11:32::SCWMssOS::Checking the sw design at  C:/Users/j54mao/ECE423/ECE-423-Labs/workspace/Assignment2_newest/ps7_cortexa9_0/standalone_domain/bsp/system.mss
TRACE::2025-02-12.14:11:32::SCWMssOS::DEBUG:  swdes dump  C:/Users/j54mao/ECE423/ECE-423-Labs/workspace/Assignment2_newest/ps7_cortexa9_0/standalone_domain/bsp/system.mss|system_0||
C:/Users/j54mao/ECE423/ECE-423-Labs/workspace/Assignment2_newest/zynq_fsbl/zynq_fsbl_bsp/system.mss|system||

TRACE::2025-02-12.14:11:32::SCWMssOS::Sw design exists and opened at  C:/Users/j54mao/ECE423/ECE-423-Labs/workspace/Assignment2_newest/ps7_cortexa9_0/standalone_domain/bsp/system.mss
TRACE::2025-02-12.14:11:32::SCWPlatform::Trying to open the hw design at C:/Users/j54mao/ECE423/ECE-423-Labs/workspace/Assignment2_newest/hw/lab_prefab_wrapper_newest_lab2.xsa
TRACE::2025-02-12.14:11:32::SCWPlatform::DSA given C:/Users/j54mao/ECE423/ECE-423-Labs/workspace/Assignment2_newest/hw/lab_prefab_wrapper_newest_lab2.xsa
TRACE::2025-02-12.14:11:32::SCWPlatform::DSA absoulate path C:/Users/j54mao/ECE423/ECE-423-Labs/workspace/Assignment2_newest/hw/lab_prefab_wrapper_newest_lab2.xsa
TRACE::2025-02-12.14:11:32::SCWPlatform::DSA directory C:/Users/j54mao/ECE423/ECE-423-Labs/workspace/Assignment2_newest/hw
TRACE::2025-02-12.14:11:32::SCWPlatform:: Platform Path C:/Users/j54mao/ECE423/ECE-423-Labs/workspace/Assignment2_newest/hw/lab_prefab_wrapper_newest_lab2.xsa
TRACE::2025-02-12.14:11:32::SCWPlatform:: Unique name xilinx:pynq-z1::0.0
TRACE::2025-02-12.14:11:32::SCWPlatform::Trying to set the existing hwdb with name lab_prefab_wrapper_0
TRACE::2025-02-12.14:11:32::SCWPlatform::Opened existing hwdb lab_prefab_wrapper_0
TRACE::2025-02-12.14:11:32::SCWPlatform::Found the Hw Db part of the input DSA
TRACE::2025-02-12.14:11:32::SCWMssOS::Checking the sw design at  C:/Users/j54mao/ECE423/ECE-423-Labs/workspace/Assignment2_newest/ps7_cortexa9_0/standalone_domain/bsp/system.mss
TRACE::2025-02-12.14:11:32::SCWMssOS::DEBUG:  swdes dump  C:/Users/j54mao/ECE423/ECE-423-Labs/workspace/Assignment2_newest/ps7_cortexa9_0/standalone_domain/bsp/system.mss|system_0||
C:/Users/j54mao/ECE423/ECE-423-Labs/workspace/Assignment2_newest/zynq_fsbl/zynq_fsbl_bsp/system.mss|system||

TRACE::2025-02-12.14:11:32::SCWMssOS::Sw design exists and opened at  C:/Users/j54mao/ECE423/ECE-423-Labs/workspace/Assignment2_newest/ps7_cortexa9_0/standalone_domain/bsp/system.mss
TRACE::2025-02-12.14:11:32::SCWWriter::formatted JSON is {
	"platformName":	"Assignment2_newest",
	"sprVersion":	"2.0",
	"mode":	"gui",
	"dsaType":	"Fixed",
	"platformDesc":	"Assignment2_newest",
	"platHandOff":	"C:/Users/j54mao/ECE423/ECE-423-Labs/ece423_prefab/ece423_prefab/lab_prefab/lab_prefab_wrapper_newest_lab2.xsa",
	"platIntHandOff":	"<platformDir>/hw/lab_prefab_wrapper_newest_lab2.xsa",
	"deviceType":	"zynq",
	"platIsPrebuiltAutogen":	"false",
	"platIsNoBootBsp":	"false",
	"platFsblTarget":	"ps7_cortexa9_0",
	"hasFsblMakeHasChanges":	"false",
	"hasPmufwMakeHasChanges":	"false",
	"fsblExtraCompilerFlags":	"-MMD -MP       -mcpu=cortex-a9 -mfpu=vfpv3 -mfloat-abi=hard ",
	"platPreBuiltFlag":	false,
	"platformSamplesDir":	"",
	"platActiveSys":	"Assignment2_newest",
	"systems":	[{
			"systemName":	"Assignment2_newest",
			"systemDesc":	"Assignment2_newest",
			"sysIsBootAutoGen":	"true",
			"systemDispName":	"Assignment2_newest",
			"sysActiveDom":	"standalone_domain",
			"sysDefaultDom":	"standalone_domain",
			"domains":	[{
					"domainName":	"zynq_fsbl",
					"domainDispName":	"zynq_fsbl",
					"domainDesc":	"FSBL Application BSP - Auto Generated.",
					"processors":	"ps7_cortexa9_0",
					"os":	"standalone",
					"sdxOs":	"standalone",
					"debugEnable":	"",
					"domRuntimes":	["cpp"],
					"swRepo":	"",
					"mssOsVer":	"7.7",
					"mssFile":	"",
					"md5Digest":	"4bdfa872853735a660eaeae9ac55f0bb",
					"compatibleApp":	"zynq_fsbl",
					"domType":	"bootDomain",
					"arch":	"32-bit",
					"appSettings":	{
						"appCompilerFlags":	"",
						"appLinkerFlags":	""
					},
					"addedLibs":	["xilffs:4.7", "xilrsa:1.6"],
					"libOptions":	{
						"libsContainingOptions":	[]
					},
					"prebuiltLibs":	{
						"prebuiltIncPath":	[],
						"prebuiltLibPath":	[]
					},
					"isolation":	{
					}
				}, {
					"domainName":	"standalone_domain",
					"domainDispName":	"standalone_domain",
					"domainDesc":	"standalone_domain",
					"processors":	"ps7_cortexa9_0",
					"os":	"standalone",
					"sdxOs":	"standalone",
					"qemuArgs":	"<platformDir>/resources/Assignment2_newest/standalone_domain/qemu_args.txt",
					"qemuData":	"<platformDir>/resources/Assignment2_newest/standalone_domain/qemu",
					"debugEnable":	"False",
					"domRuntimes":	["cpp"],
					"swRepo":	"",
					"mssOsVer":	"7.7",
					"mssFile":	"",
					"md5Digest":	"90759cd7d17204249617ea3f07fde571",
					"compatibleApp":	"",
					"domType":	"mssDomain",
					"appSettings":	{
						"appCompilerFlags":	"",
						"appLinkerFlags":	""
					},
					"addedLibs":	[],
					"libOptions":	{
						"libsContainingOptions":	[]
					},
					"prebuiltLibs":	{
						"prebuiltIncPath":	[],
						"prebuiltLibPath":	[]
					},
					"isolation":	{
					}
				}]
		}]
}
TRACE::2025-02-12.14:11:32::SCWPlatform::Trying to open the hw design at C:/Users/j54mao/ECE423/ECE-423-Labs/workspace/Assignment2_newest/hw/lab_prefab_wrapper_newest_lab2.xsa
TRACE::2025-02-12.14:11:32::SCWPlatform::DSA given C:/Users/j54mao/ECE423/ECE-423-Labs/workspace/Assignment2_newest/hw/lab_prefab_wrapper_newest_lab2.xsa
TRACE::2025-02-12.14:11:32::SCWPlatform::DSA absoulate path C:/Users/j54mao/ECE423/ECE-423-Labs/workspace/Assignment2_newest/hw/lab_prefab_wrapper_newest_lab2.xsa
TRACE::2025-02-12.14:11:32::SCWPlatform::DSA directory C:/Users/j54mao/ECE423/ECE-423-Labs/workspace/Assignment2_newest/hw
TRACE::2025-02-12.14:11:32::SCWPlatform:: Platform Path C:/Users/j54mao/ECE423/ECE-423-Labs/workspace/Assignment2_newest/hw/lab_prefab_wrapper_newest_lab2.xsa
TRACE::2025-02-12.14:11:32::SCWPlatform:: Unique name xilinx:pynq-z1::0.0
TRACE::2025-02-12.14:11:32::SCWPlatform::Trying to set the existing hwdb with name lab_prefab_wrapper_0
TRACE::2025-02-12.14:11:32::SCWPlatform::Opened existing hwdb lab_prefab_wrapper_0
TRACE::2025-02-12.14:11:32::SCWPlatform::Found the Hw Db part of the input DSA
TRACE::2025-02-12.14:11:32::SCWMssOS::Checking the sw design at  C:/Users/j54mao/ECE423/ECE-423-Labs/workspace/Assignment2_newest/ps7_cortexa9_0/standalone_domain/bsp/system.mss
TRACE::2025-02-12.14:11:32::SCWMssOS::DEBUG:  swdes dump  C:/Users/j54mao/ECE423/ECE-423-Labs/workspace/Assignment2_newest/ps7_cortexa9_0/standalone_domain/bsp/system.mss|system_0||
C:/Users/j54mao/ECE423/ECE-423-Labs/workspace/Assignment2_newest/zynq_fsbl/zynq_fsbl_bsp/system.mss|system||

TRACE::2025-02-12.14:11:32::SCWMssOS::Sw design exists and opened at  C:/Users/j54mao/ECE423/ECE-423-Labs/workspace/Assignment2_newest/ps7_cortexa9_0/standalone_domain/bsp/system.mss
TRACE::2025-02-12.14:11:32::SCWPlatform::Trying to open the hw design at C:/Users/j54mao/ECE423/ECE-423-Labs/workspace/Assignment2_newest/hw/lab_prefab_wrapper_newest_lab2.xsa
TRACE::2025-02-12.14:11:32::SCWPlatform::DSA given C:/Users/j54mao/ECE423/ECE-423-Labs/workspace/Assignment2_newest/hw/lab_prefab_wrapper_newest_lab2.xsa
TRACE::2025-02-12.14:11:32::SCWPlatform::DSA absoulate path C:/Users/j54mao/ECE423/ECE-423-Labs/workspace/Assignment2_newest/hw/lab_prefab_wrapper_newest_lab2.xsa
TRACE::2025-02-12.14:11:32::SCWPlatform::DSA directory C:/Users/j54mao/ECE423/ECE-423-Labs/workspace/Assignment2_newest/hw
TRACE::2025-02-12.14:11:32::SCWPlatform:: Platform Path C:/Users/j54mao/ECE423/ECE-423-Labs/workspace/Assignment2_newest/hw/lab_prefab_wrapper_newest_lab2.xsa
TRACE::2025-02-12.14:11:32::SCWPlatform:: Unique name xilinx:pynq-z1::0.0
TRACE::2025-02-12.14:11:32::SCWPlatform::Trying to set the existing hwdb with name lab_prefab_wrapper_0
TRACE::2025-02-12.14:11:32::SCWPlatform::Opened existing hwdb lab_prefab_wrapper_0
TRACE::2025-02-12.14:11:32::SCWPlatform::Found the Hw Db part of the input DSA
TRACE::2025-02-12.14:11:32::SCWMssOS::Checking the sw design at  C:/Users/j54mao/ECE423/ECE-423-Labs/workspace/Assignment2_newest/ps7_cortexa9_0/standalone_domain/bsp/system.mss
TRACE::2025-02-12.14:11:32::SCWMssOS::DEBUG:  swdes dump  C:/Users/j54mao/ECE423/ECE-423-Labs/workspace/Assignment2_newest/ps7_cortexa9_0/standalone_domain/bsp/system.mss|system_0||
C:/Users/j54mao/ECE423/ECE-423-Labs/workspace/Assignment2_newest/zynq_fsbl/zynq_fsbl_bsp/system.mss|system||

TRACE::2025-02-12.14:11:32::SCWMssOS::Sw design exists and opened at  C:/Users/j54mao/ECE423/ECE-423-Labs/workspace/Assignment2_newest/ps7_cortexa9_0/standalone_domain/bsp/system.mss
TRACE::2025-02-12.14:11:32::SCWPlatform::Trying to open the hw design at C:/Users/j54mao/ECE423/ECE-423-Labs/workspace/Assignment2_newest/hw/lab_prefab_wrapper_newest_lab2.xsa
TRACE::2025-02-12.14:11:32::SCWPlatform::DSA given C:/Users/j54mao/ECE423/ECE-423-Labs/workspace/Assignment2_newest/hw/lab_prefab_wrapper_newest_lab2.xsa
TRACE::2025-02-12.14:11:32::SCWPlatform::DSA absoulate path C:/Users/j54mao/ECE423/ECE-423-Labs/workspace/Assignment2_newest/hw/lab_prefab_wrapper_newest_lab2.xsa
TRACE::2025-02-12.14:11:32::SCWPlatform::DSA directory C:/Users/j54mao/ECE423/ECE-423-Labs/workspace/Assignment2_newest/hw
TRACE::2025-02-12.14:11:32::SCWPlatform:: Platform Path C:/Users/j54mao/ECE423/ECE-423-Labs/workspace/Assignment2_newest/hw/lab_prefab_wrapper_newest_lab2.xsa
TRACE::2025-02-12.14:11:32::SCWPlatform:: Unique name xilinx:pynq-z1::0.0
TRACE::2025-02-12.14:11:32::SCWPlatform::Trying to set the existing hwdb with name lab_prefab_wrapper_0
TRACE::2025-02-12.14:11:32::SCWPlatform::Opened existing hwdb lab_prefab_wrapper_0
TRACE::2025-02-12.14:11:32::SCWPlatform::Found the Hw Db part of the input DSA
TRACE::2025-02-12.14:11:32::SCWMssOS::Checking the sw design at  C:/Users/j54mao/ECE423/ECE-423-Labs/workspace/Assignment2_newest/ps7_cortexa9_0/standalone_domain/bsp/system.mss
TRACE::2025-02-12.14:11:32::SCWMssOS::DEBUG:  swdes dump  C:/Users/j54mao/ECE423/ECE-423-Labs/workspace/Assignment2_newest/ps7_cortexa9_0/standalone_domain/bsp/system.mss|system_0||
C:/Users/j54mao/ECE423/ECE-423-Labs/workspace/Assignment2_newest/zynq_fsbl/zynq_fsbl_bsp/system.mss|system||

TRACE::2025-02-12.14:11:32::SCWMssOS::Sw design exists and opened at  C:/Users/j54mao/ECE423/ECE-423-Labs/workspace/Assignment2_newest/ps7_cortexa9_0/standalone_domain/bsp/system.mss
TRACE::2025-02-12.14:11:32::SCWMssOS::Saving the mss changes C:/Users/j54mao/ECE423/ECE-423-Labs/workspace/Assignment2_newest/zynq_fsbl/zynq_fsbl_bsp/system.mss
TRACE::2025-02-12.14:11:32::SCWMssOS::Found a swdesign opened with the mssfile.
TRACE::2025-02-12.14:11:32::SCWMssOS::Completed writemss as part of save.
TRACE::2025-02-12.14:11:32::SCWMssOS::Commit changes completed.
TRACE::2025-02-12.14:11:32::SCWMssOS::Saving the mss changes C:/Users/j54mao/ECE423/ECE-423-Labs/workspace/Assignment2_newest/ps7_cortexa9_0/standalone_domain/bsp/system.mss
TRACE::2025-02-12.14:11:32::SCWMssOS::Found a swdesign opened with the mssfile.
TRACE::2025-02-12.14:11:32::SCWMssOS::Completed writemss as part of save.
TRACE::2025-02-12.14:11:32::SCWMssOS::Commit changes completed.
TRACE::2025-02-12.14:11:32::SCWPlatform::Trying to open the hw design at C:/Users/j54mao/ECE423/ECE-423-Labs/workspace/Assignment2_newest/hw/lab_prefab_wrapper_newest_lab2.xsa
TRACE::2025-02-12.14:11:32::SCWPlatform::DSA given C:/Users/j54mao/ECE423/ECE-423-Labs/workspace/Assignment2_newest/hw/lab_prefab_wrapper_newest_lab2.xsa
TRACE::2025-02-12.14:11:32::SCWPlatform::DSA absoulate path C:/Users/j54mao/ECE423/ECE-423-Labs/workspace/Assignment2_newest/hw/lab_prefab_wrapper_newest_lab2.xsa
TRACE::2025-02-12.14:11:32::SCWPlatform::DSA directory C:/Users/j54mao/ECE423/ECE-423-Labs/workspace/Assignment2_newest/hw
TRACE::2025-02-12.14:11:32::SCWPlatform:: Platform Path C:/Users/j54mao/ECE423/ECE-423-Labs/workspace/Assignment2_newest/hw/lab_prefab_wrapper_newest_lab2.xsa
TRACE::2025-02-12.14:11:32::SCWPlatform:: Unique name xilinx:pynq-z1::0.0
TRACE::2025-02-12.14:11:32::SCWPlatform::Trying to set the existing hwdb with name lab_prefab_wrapper_0
TRACE::2025-02-12.14:11:32::SCWPlatform::Opened existing hwdb lab_prefab_wrapper_0
TRACE::2025-02-12.14:11:32::SCWPlatform::Found the Hw Db part of the input DSA
TRACE::2025-02-12.14:11:32::SCWMssOS::Checking the sw design at  C:/Users/j54mao/ECE423/ECE-423-Labs/workspace/Assignment2_newest/zynq_fsbl/zynq_fsbl_bsp/system.mss
TRACE::2025-02-12.14:11:32::SCWMssOS::DEBUG:  swdes dump  C:/Users/j54mao/ECE423/ECE-423-Labs/workspace/Assignment2_newest/ps7_cortexa9_0/standalone_domain/bsp/system.mss|system_0||
C:/Users/j54mao/ECE423/ECE-423-Labs/workspace/Assignment2_newest/zynq_fsbl/zynq_fsbl_bsp/system.mss|system||

TRACE::2025-02-12.14:11:32::SCWMssOS::Sw design exists and opened at  C:/Users/j54mao/ECE423/ECE-423-Labs/workspace/Assignment2_newest/zynq_fsbl/zynq_fsbl_bsp/system.mss
TRACE::2025-02-12.14:11:32::SCWPlatform::Trying to open the hw design at C:/Users/j54mao/ECE423/ECE-423-Labs/workspace/Assignment2_newest/hw/lab_prefab_wrapper_newest_lab2.xsa
TRACE::2025-02-12.14:11:32::SCWPlatform::DSA given C:/Users/j54mao/ECE423/ECE-423-Labs/workspace/Assignment2_newest/hw/lab_prefab_wrapper_newest_lab2.xsa
TRACE::2025-02-12.14:11:32::SCWPlatform::DSA absoulate path C:/Users/j54mao/ECE423/ECE-423-Labs/workspace/Assignment2_newest/hw/lab_prefab_wrapper_newest_lab2.xsa
TRACE::2025-02-12.14:11:32::SCWPlatform::DSA directory C:/Users/j54mao/ECE423/ECE-423-Labs/workspace/Assignment2_newest/hw
TRACE::2025-02-12.14:11:32::SCWPlatform:: Platform Path C:/Users/j54mao/ECE423/ECE-423-Labs/workspace/Assignment2_newest/hw/lab_prefab_wrapper_newest_lab2.xsa
TRACE::2025-02-12.14:11:32::SCWPlatform:: Unique name xilinx:pynq-z1::0.0
TRACE::2025-02-12.14:11:32::SCWPlatform::Trying to set the existing hwdb with name lab_prefab_wrapper_0
TRACE::2025-02-12.14:11:32::SCWPlatform::Opened existing hwdb lab_prefab_wrapper_0
TRACE::2025-02-12.14:11:32::SCWPlatform::Found the Hw Db part of the input DSA
TRACE::2025-02-12.14:11:32::SCWMssOS::Checking the sw design at  C:/Users/j54mao/ECE423/ECE-423-Labs/workspace/Assignment2_newest/zynq_fsbl/zynq_fsbl_bsp/system.mss
TRACE::2025-02-12.14:11:32::SCWMssOS::DEBUG:  swdes dump  C:/Users/j54mao/ECE423/ECE-423-Labs/workspace/Assignment2_newest/ps7_cortexa9_0/standalone_domain/bsp/system.mss|system_0||
C:/Users/j54mao/ECE423/ECE-423-Labs/workspace/Assignment2_newest/zynq_fsbl/zynq_fsbl_bsp/system.mss|system||

TRACE::2025-02-12.14:11:32::SCWMssOS::Sw design exists and opened at  C:/Users/j54mao/ECE423/ECE-423-Labs/workspace/Assignment2_newest/zynq_fsbl/zynq_fsbl_bsp/system.mss
TRACE::2025-02-12.14:11:32::SCWPlatform::Trying to open the hw design at C:/Users/j54mao/ECE423/ECE-423-Labs/workspace/Assignment2_newest/hw/lab_prefab_wrapper_newest_lab2.xsa
TRACE::2025-02-12.14:11:32::SCWPlatform::DSA given C:/Users/j54mao/ECE423/ECE-423-Labs/workspace/Assignment2_newest/hw/lab_prefab_wrapper_newest_lab2.xsa
TRACE::2025-02-12.14:11:32::SCWPlatform::DSA absoulate path C:/Users/j54mao/ECE423/ECE-423-Labs/workspace/Assignment2_newest/hw/lab_prefab_wrapper_newest_lab2.xsa
TRACE::2025-02-12.14:11:32::SCWPlatform::DSA directory C:/Users/j54mao/ECE423/ECE-423-Labs/workspace/Assignment2_newest/hw
TRACE::2025-02-12.14:11:32::SCWPlatform:: Platform Path C:/Users/j54mao/ECE423/ECE-423-Labs/workspace/Assignment2_newest/hw/lab_prefab_wrapper_newest_lab2.xsa
TRACE::2025-02-12.14:11:32::SCWPlatform:: Unique name xilinx:pynq-z1::0.0
TRACE::2025-02-12.14:11:32::SCWPlatform::Trying to set the existing hwdb with name lab_prefab_wrapper_0
TRACE::2025-02-12.14:11:32::SCWPlatform::Opened existing hwdb lab_prefab_wrapper_0
TRACE::2025-02-12.14:11:32::SCWPlatform::Found the Hw Db part of the input DSA
TRACE::2025-02-12.14:11:32::SCWMssOS::Checking the sw design at  C:/Users/j54mao/ECE423/ECE-423-Labs/workspace/Assignment2_newest/zynq_fsbl/zynq_fsbl_bsp/system.mss
TRACE::2025-02-12.14:11:32::SCWMssOS::DEBUG:  swdes dump  C:/Users/j54mao/ECE423/ECE-423-Labs/workspace/Assignment2_newest/ps7_cortexa9_0/standalone_domain/bsp/system.mss|system_0||
C:/Users/j54mao/ECE423/ECE-423-Labs/workspace/Assignment2_newest/zynq_fsbl/zynq_fsbl_bsp/system.mss|system||

TRACE::2025-02-12.14:11:32::SCWMssOS::Sw design exists and opened at  C:/Users/j54mao/ECE423/ECE-423-Labs/workspace/Assignment2_newest/zynq_fsbl/zynq_fsbl_bsp/system.mss
TRACE::2025-02-12.14:11:32::SCWPlatform::Trying to open the hw design at C:/Users/j54mao/ECE423/ECE-423-Labs/workspace/Assignment2_newest/hw/lab_prefab_wrapper_newest_lab2.xsa
TRACE::2025-02-12.14:11:32::SCWPlatform::DSA given C:/Users/j54mao/ECE423/ECE-423-Labs/workspace/Assignment2_newest/hw/lab_prefab_wrapper_newest_lab2.xsa
TRACE::2025-02-12.14:11:32::SCWPlatform::DSA absoulate path C:/Users/j54mao/ECE423/ECE-423-Labs/workspace/Assignment2_newest/hw/lab_prefab_wrapper_newest_lab2.xsa
TRACE::2025-02-12.14:11:32::SCWPlatform::DSA directory C:/Users/j54mao/ECE423/ECE-423-Labs/workspace/Assignment2_newest/hw
TRACE::2025-02-12.14:11:32::SCWPlatform:: Platform Path C:/Users/j54mao/ECE423/ECE-423-Labs/workspace/Assignment2_newest/hw/lab_prefab_wrapper_newest_lab2.xsa
TRACE::2025-02-12.14:11:32::SCWPlatform:: Unique name xilinx:pynq-z1::0.0
TRACE::2025-02-12.14:11:32::SCWPlatform::Trying to set the existing hwdb with name lab_prefab_wrapper_0
TRACE::2025-02-12.14:11:32::SCWPlatform::Opened existing hwdb lab_prefab_wrapper_0
TRACE::2025-02-12.14:11:32::SCWPlatform::Found the Hw Db part of the input DSA
TRACE::2025-02-12.14:11:32::SCWMssOS::Checking the sw design at  C:/Users/j54mao/ECE423/ECE-423-Labs/workspace/Assignment2_newest/ps7_cortexa9_0/standalone_domain/bsp/system.mss
TRACE::2025-02-12.14:11:32::SCWMssOS::DEBUG:  swdes dump  C:/Users/j54mao/ECE423/ECE-423-Labs/workspace/Assignment2_newest/ps7_cortexa9_0/standalone_domain/bsp/system.mss|system_0||
C:/Users/j54mao/ECE423/ECE-423-Labs/workspace/Assignment2_newest/zynq_fsbl/zynq_fsbl_bsp/system.mss|system||

TRACE::2025-02-12.14:11:32::SCWMssOS::Sw design exists and opened at  C:/Users/j54mao/ECE423/ECE-423-Labs/workspace/Assignment2_newest/ps7_cortexa9_0/standalone_domain/bsp/system.mss
TRACE::2025-02-12.14:11:32::SCWPlatform::Trying to open the hw design at C:/Users/j54mao/ECE423/ECE-423-Labs/workspace/Assignment2_newest/hw/lab_prefab_wrapper_newest_lab2.xsa
TRACE::2025-02-12.14:11:32::SCWPlatform::DSA given C:/Users/j54mao/ECE423/ECE-423-Labs/workspace/Assignment2_newest/hw/lab_prefab_wrapper_newest_lab2.xsa
TRACE::2025-02-12.14:11:32::SCWPlatform::DSA absoulate path C:/Users/j54mao/ECE423/ECE-423-Labs/workspace/Assignment2_newest/hw/lab_prefab_wrapper_newest_lab2.xsa
TRACE::2025-02-12.14:11:32::SCWPlatform::DSA directory C:/Users/j54mao/ECE423/ECE-423-Labs/workspace/Assignment2_newest/hw
TRACE::2025-02-12.14:11:32::SCWPlatform:: Platform Path C:/Users/j54mao/ECE423/ECE-423-Labs/workspace/Assignment2_newest/hw/lab_prefab_wrapper_newest_lab2.xsa
TRACE::2025-02-12.14:11:32::SCWPlatform:: Unique name xilinx:pynq-z1::0.0
TRACE::2025-02-12.14:11:32::SCWPlatform::Trying to set the existing hwdb with name lab_prefab_wrapper_0
TRACE::2025-02-12.14:11:32::SCWPlatform::Opened existing hwdb lab_prefab_wrapper_0
TRACE::2025-02-12.14:11:32::SCWPlatform::Found the Hw Db part of the input DSA
TRACE::2025-02-12.14:11:32::SCWMssOS::Checking the sw design at  C:/Users/j54mao/ECE423/ECE-423-Labs/workspace/Assignment2_newest/ps7_cortexa9_0/standalone_domain/bsp/system.mss
TRACE::2025-02-12.14:11:32::SCWMssOS::DEBUG:  swdes dump  C:/Users/j54mao/ECE423/ECE-423-Labs/workspace/Assignment2_newest/ps7_cortexa9_0/standalone_domain/bsp/system.mss|system_0||
C:/Users/j54mao/ECE423/ECE-423-Labs/workspace/Assignment2_newest/zynq_fsbl/zynq_fsbl_bsp/system.mss|system||

TRACE::2025-02-12.14:11:32::SCWMssOS::Sw design exists and opened at  C:/Users/j54mao/ECE423/ECE-423-Labs/workspace/Assignment2_newest/ps7_cortexa9_0/standalone_domain/bsp/system.mss
TRACE::2025-02-12.14:11:32::SCWPlatform::Trying to open the hw design at C:/Users/j54mao/ECE423/ECE-423-Labs/workspace/Assignment2_newest/hw/lab_prefab_wrapper_newest_lab2.xsa
TRACE::2025-02-12.14:11:32::SCWPlatform::DSA given C:/Users/j54mao/ECE423/ECE-423-Labs/workspace/Assignment2_newest/hw/lab_prefab_wrapper_newest_lab2.xsa
TRACE::2025-02-12.14:11:32::SCWPlatform::DSA absoulate path C:/Users/j54mao/ECE423/ECE-423-Labs/workspace/Assignment2_newest/hw/lab_prefab_wrapper_newest_lab2.xsa
TRACE::2025-02-12.14:11:32::SCWPlatform::DSA directory C:/Users/j54mao/ECE423/ECE-423-Labs/workspace/Assignment2_newest/hw
TRACE::2025-02-12.14:11:32::SCWPlatform:: Platform Path C:/Users/j54mao/ECE423/ECE-423-Labs/workspace/Assignment2_newest/hw/lab_prefab_wrapper_newest_lab2.xsa
TRACE::2025-02-12.14:11:32::SCWPlatform:: Unique name xilinx:pynq-z1::0.0
TRACE::2025-02-12.14:11:32::SCWPlatform::Trying to set the existing hwdb with name lab_prefab_wrapper_0
TRACE::2025-02-12.14:11:32::SCWPlatform::Opened existing hwdb lab_prefab_wrapper_0
TRACE::2025-02-12.14:11:32::SCWPlatform::Found the Hw Db part of the input DSA
TRACE::2025-02-12.14:11:32::SCWMssOS::Checking the sw design at  C:/Users/j54mao/ECE423/ECE-423-Labs/workspace/Assignment2_newest/ps7_cortexa9_0/standalone_domain/bsp/system.mss
TRACE::2025-02-12.14:11:32::SCWMssOS::DEBUG:  swdes dump  C:/Users/j54mao/ECE423/ECE-423-Labs/workspace/Assignment2_newest/ps7_cortexa9_0/standalone_domain/bsp/system.mss|system_0||
C:/Users/j54mao/ECE423/ECE-423-Labs/workspace/Assignment2_newest/zynq_fsbl/zynq_fsbl_bsp/system.mss|system||

TRACE::2025-02-12.14:11:32::SCWMssOS::Sw design exists and opened at  C:/Users/j54mao/ECE423/ECE-423-Labs/workspace/Assignment2_newest/ps7_cortexa9_0/standalone_domain/bsp/system.mss
TRACE::2025-02-12.14:11:32::SCWWriter::formatted JSON is {
	"platformName":	"Assignment2_newest",
	"sprVersion":	"2.0",
	"mode":	"gui",
	"dsaType":	"Fixed",
	"platformDesc":	"Assignment2_newest",
	"platHandOff":	"C:/Users/j54mao/ECE423/ECE-423-Labs/ece423_prefab/ece423_prefab/lab_prefab/lab_prefab_wrapper_newest_lab2.xsa",
	"platIntHandOff":	"<platformDir>/hw/lab_prefab_wrapper_newest_lab2.xsa",
	"deviceType":	"zynq",
	"platIsPrebuiltAutogen":	"false",
	"platIsNoBootBsp":	"false",
	"platFsblTarget":	"ps7_cortexa9_0",
	"hasFsblMakeHasChanges":	"false",
	"hasPmufwMakeHasChanges":	"false",
	"fsblExtraCompilerFlags":	"-MMD -MP       -mcpu=cortex-a9 -mfpu=vfpv3 -mfloat-abi=hard ",
	"platPreBuiltFlag":	false,
	"platformSamplesDir":	"",
	"platActiveSys":	"Assignment2_newest",
	"systems":	[{
			"systemName":	"Assignment2_newest",
			"systemDesc":	"Assignment2_newest",
			"sysIsBootAutoGen":	"true",
			"systemDispName":	"Assignment2_newest",
			"sysActiveDom":	"standalone_domain",
			"sysDefaultDom":	"standalone_domain",
			"domains":	[{
					"domainName":	"zynq_fsbl",
					"domainDispName":	"zynq_fsbl",
					"domainDesc":	"FSBL Application BSP - Auto Generated.",
					"processors":	"ps7_cortexa9_0",
					"os":	"standalone",
					"sdxOs":	"standalone",
					"debugEnable":	"",
					"domRuntimes":	["cpp"],
					"swRepo":	"",
					"mssOsVer":	"7.7",
					"mssFile":	"",
					"md5Digest":	"4bdfa872853735a660eaeae9ac55f0bb",
					"compatibleApp":	"zynq_fsbl",
					"domType":	"bootDomain",
					"arch":	"32-bit",
					"appSettings":	{
						"appCompilerFlags":	"",
						"appLinkerFlags":	""
					},
					"addedLibs":	["xilffs:4.7", "xilrsa:1.6"],
					"libOptions":	{
						"libsContainingOptions":	[]
					},
					"prebuiltLibs":	{
						"prebuiltIncPath":	[],
						"prebuiltLibPath":	[]
					},
					"isolation":	{
					}
				}, {
					"domainName":	"standalone_domain",
					"domainDispName":	"standalone on ps7_cortexa9_0",
					"domainDesc":	"standalone_domain",
					"processors":	"ps7_cortexa9_0",
					"os":	"standalone",
					"sdxOs":	"standalone",
					"qemuArgs":	"<platformDir>/resources/Assignment2_newest/standalone_domain/qemu_args.txt",
					"qemuData":	"<platformDir>/resources/Assignment2_newest/standalone_domain/qemu",
					"debugEnable":	"False",
					"domRuntimes":	["cpp"],
					"swRepo":	"",
					"mssOsVer":	"7.7",
					"mssFile":	"",
					"md5Digest":	"90759cd7d17204249617ea3f07fde571",
					"compatibleApp":	"",
					"domType":	"mssDomain",
					"appSettings":	{
						"appCompilerFlags":	"",
						"appLinkerFlags":	""
					},
					"addedLibs":	[],
					"libOptions":	{
						"libsContainingOptions":	[]
					},
					"prebuiltLibs":	{
						"prebuiltIncPath":	[],
						"prebuiltLibPath":	[]
					},
					"isolation":	{
					}
				}]
		}]
}
TRACE::2025-02-12.14:11:32::SCWMssOS::Saving the mss changes C:/Users/j54mao/ECE423/ECE-423-Labs/workspace/Assignment2_newest/zynq_fsbl/zynq_fsbl_bsp/system.mss
TRACE::2025-02-12.14:11:32::SCWMssOS::Found a swdesign opened with the mssfile.
TRACE::2025-02-12.14:11:32::SCWMssOS::Completed writemss as part of save.
TRACE::2025-02-12.14:11:32::SCWMssOS::Commit changes completed.
TRACE::2025-02-12.14:11:32::SCWMssOS::Saving the mss changes C:/Users/j54mao/ECE423/ECE-423-Labs/workspace/Assignment2_newest/ps7_cortexa9_0/standalone_domain/bsp/system.mss
TRACE::2025-02-12.14:11:32::SCWMssOS::Found a swdesign opened with the mssfile.
TRACE::2025-02-12.14:11:32::SCWMssOS::Completed writemss as part of save.
TRACE::2025-02-12.14:11:32::SCWMssOS::Commit changes completed.
TRACE::2025-02-12.14:11:32::SCWPlatform::Trying to open the hw design at C:/Users/j54mao/ECE423/ECE-423-Labs/workspace/Assignment2_newest/hw/lab_prefab_wrapper_newest_lab2.xsa
TRACE::2025-02-12.14:11:32::SCWPlatform::DSA given C:/Users/j54mao/ECE423/ECE-423-Labs/workspace/Assignment2_newest/hw/lab_prefab_wrapper_newest_lab2.xsa
TRACE::2025-02-12.14:11:32::SCWPlatform::DSA absoulate path C:/Users/j54mao/ECE423/ECE-423-Labs/workspace/Assignment2_newest/hw/lab_prefab_wrapper_newest_lab2.xsa
TRACE::2025-02-12.14:11:32::SCWPlatform::DSA directory C:/Users/j54mao/ECE423/ECE-423-Labs/workspace/Assignment2_newest/hw
TRACE::2025-02-12.14:11:32::SCWPlatform:: Platform Path C:/Users/j54mao/ECE423/ECE-423-Labs/workspace/Assignment2_newest/hw/lab_prefab_wrapper_newest_lab2.xsa
TRACE::2025-02-12.14:11:32::SCWPlatform:: Unique name xilinx:pynq-z1::0.0
TRACE::2025-02-12.14:11:32::SCWPlatform::Trying to set the existing hwdb with name lab_prefab_wrapper_0
TRACE::2025-02-12.14:11:32::SCWPlatform::Opened existing hwdb lab_prefab_wrapper_0
TRACE::2025-02-12.14:11:32::SCWPlatform::Found the Hw Db part of the input DSA
TRACE::2025-02-12.14:11:32::SCWMssOS::Checking the sw design at  C:/Users/j54mao/ECE423/ECE-423-Labs/workspace/Assignment2_newest/zynq_fsbl/zynq_fsbl_bsp/system.mss
TRACE::2025-02-12.14:11:32::SCWMssOS::DEBUG:  swdes dump  C:/Users/j54mao/ECE423/ECE-423-Labs/workspace/Assignment2_newest/ps7_cortexa9_0/standalone_domain/bsp/system.mss|system_0||
C:/Users/j54mao/ECE423/ECE-423-Labs/workspace/Assignment2_newest/zynq_fsbl/zynq_fsbl_bsp/system.mss|system||

TRACE::2025-02-12.14:11:32::SCWMssOS::Sw design exists and opened at  C:/Users/j54mao/ECE423/ECE-423-Labs/workspace/Assignment2_newest/zynq_fsbl/zynq_fsbl_bsp/system.mss
TRACE::2025-02-12.14:11:32::SCWPlatform::Trying to open the hw design at C:/Users/j54mao/ECE423/ECE-423-Labs/workspace/Assignment2_newest/hw/lab_prefab_wrapper_newest_lab2.xsa
TRACE::2025-02-12.14:11:32::SCWPlatform::DSA given C:/Users/j54mao/ECE423/ECE-423-Labs/workspace/Assignment2_newest/hw/lab_prefab_wrapper_newest_lab2.xsa
TRACE::2025-02-12.14:11:32::SCWPlatform::DSA absoulate path C:/Users/j54mao/ECE423/ECE-423-Labs/workspace/Assignment2_newest/hw/lab_prefab_wrapper_newest_lab2.xsa
TRACE::2025-02-12.14:11:32::SCWPlatform::DSA directory C:/Users/j54mao/ECE423/ECE-423-Labs/workspace/Assignment2_newest/hw
TRACE::2025-02-12.14:11:32::SCWPlatform:: Platform Path C:/Users/j54mao/ECE423/ECE-423-Labs/workspace/Assignment2_newest/hw/lab_prefab_wrapper_newest_lab2.xsa
TRACE::2025-02-12.14:11:32::SCWPlatform:: Unique name xilinx:pynq-z1::0.0
TRACE::2025-02-12.14:11:32::SCWPlatform::Trying to set the existing hwdb with name lab_prefab_wrapper_0
TRACE::2025-02-12.14:11:32::SCWPlatform::Opened existing hwdb lab_prefab_wrapper_0
TRACE::2025-02-12.14:11:32::SCWPlatform::Found the Hw Db part of the input DSA
TRACE::2025-02-12.14:11:32::SCWMssOS::Checking the sw design at  C:/Users/j54mao/ECE423/ECE-423-Labs/workspace/Assignment2_newest/zynq_fsbl/zynq_fsbl_bsp/system.mss
TRACE::2025-02-12.14:11:32::SCWMssOS::DEBUG:  swdes dump  C:/Users/j54mao/ECE423/ECE-423-Labs/workspace/Assignment2_newest/ps7_cortexa9_0/standalone_domain/bsp/system.mss|system_0||
C:/Users/j54mao/ECE423/ECE-423-Labs/workspace/Assignment2_newest/zynq_fsbl/zynq_fsbl_bsp/system.mss|system||

TRACE::2025-02-12.14:11:32::SCWMssOS::Sw design exists and opened at  C:/Users/j54mao/ECE423/ECE-423-Labs/workspace/Assignment2_newest/zynq_fsbl/zynq_fsbl_bsp/system.mss
TRACE::2025-02-12.14:11:32::SCWPlatform::Trying to open the hw design at C:/Users/j54mao/ECE423/ECE-423-Labs/workspace/Assignment2_newest/hw/lab_prefab_wrapper_newest_lab2.xsa
TRACE::2025-02-12.14:11:32::SCWPlatform::DSA given C:/Users/j54mao/ECE423/ECE-423-Labs/workspace/Assignment2_newest/hw/lab_prefab_wrapper_newest_lab2.xsa
TRACE::2025-02-12.14:11:32::SCWPlatform::DSA absoulate path C:/Users/j54mao/ECE423/ECE-423-Labs/workspace/Assignment2_newest/hw/lab_prefab_wrapper_newest_lab2.xsa
TRACE::2025-02-12.14:11:32::SCWPlatform::DSA directory C:/Users/j54mao/ECE423/ECE-423-Labs/workspace/Assignment2_newest/hw
TRACE::2025-02-12.14:11:32::SCWPlatform:: Platform Path C:/Users/j54mao/ECE423/ECE-423-Labs/workspace/Assignment2_newest/hw/lab_prefab_wrapper_newest_lab2.xsa
TRACE::2025-02-12.14:11:32::SCWPlatform:: Unique name xilinx:pynq-z1::0.0
TRACE::2025-02-12.14:11:32::SCWPlatform::Trying to set the existing hwdb with name lab_prefab_wrapper_0
TRACE::2025-02-12.14:11:32::SCWPlatform::Opened existing hwdb lab_prefab_wrapper_0
TRACE::2025-02-12.14:11:32::SCWPlatform::Found the Hw Db part of the input DSA
TRACE::2025-02-12.14:11:32::SCWMssOS::Checking the sw design at  C:/Users/j54mao/ECE423/ECE-423-Labs/workspace/Assignment2_newest/zynq_fsbl/zynq_fsbl_bsp/system.mss
TRACE::2025-02-12.14:11:32::SCWMssOS::DEBUG:  swdes dump  C:/Users/j54mao/ECE423/ECE-423-Labs/workspace/Assignment2_newest/ps7_cortexa9_0/standalone_domain/bsp/system.mss|system_0||
C:/Users/j54mao/ECE423/ECE-423-Labs/workspace/Assignment2_newest/zynq_fsbl/zynq_fsbl_bsp/system.mss|system||

TRACE::2025-02-12.14:11:32::SCWMssOS::Sw design exists and opened at  C:/Users/j54mao/ECE423/ECE-423-Labs/workspace/Assignment2_newest/zynq_fsbl/zynq_fsbl_bsp/system.mss
TRACE::2025-02-12.14:11:32::SCWPlatform::Trying to open the hw design at C:/Users/j54mao/ECE423/ECE-423-Labs/workspace/Assignment2_newest/hw/lab_prefab_wrapper_newest_lab2.xsa
TRACE::2025-02-12.14:11:32::SCWPlatform::DSA given C:/Users/j54mao/ECE423/ECE-423-Labs/workspace/Assignment2_newest/hw/lab_prefab_wrapper_newest_lab2.xsa
TRACE::2025-02-12.14:11:32::SCWPlatform::DSA absoulate path C:/Users/j54mao/ECE423/ECE-423-Labs/workspace/Assignment2_newest/hw/lab_prefab_wrapper_newest_lab2.xsa
TRACE::2025-02-12.14:11:32::SCWPlatform::DSA directory C:/Users/j54mao/ECE423/ECE-423-Labs/workspace/Assignment2_newest/hw
TRACE::2025-02-12.14:11:32::SCWPlatform:: Platform Path C:/Users/j54mao/ECE423/ECE-423-Labs/workspace/Assignment2_newest/hw/lab_prefab_wrapper_newest_lab2.xsa
TRACE::2025-02-12.14:11:32::SCWPlatform:: Unique name xilinx:pynq-z1::0.0
TRACE::2025-02-12.14:11:32::SCWPlatform::Trying to set the existing hwdb with name lab_prefab_wrapper_0
TRACE::2025-02-12.14:11:32::SCWPlatform::Opened existing hwdb lab_prefab_wrapper_0
TRACE::2025-02-12.14:11:32::SCWPlatform::Found the Hw Db part of the input DSA
TRACE::2025-02-12.14:11:32::SCWMssOS::Checking the sw design at  C:/Users/j54mao/ECE423/ECE-423-Labs/workspace/Assignment2_newest/ps7_cortexa9_0/standalone_domain/bsp/system.mss
TRACE::2025-02-12.14:11:32::SCWMssOS::DEBUG:  swdes dump  C:/Users/j54mao/ECE423/ECE-423-Labs/workspace/Assignment2_newest/ps7_cortexa9_0/standalone_domain/bsp/system.mss|system_0||
C:/Users/j54mao/ECE423/ECE-423-Labs/workspace/Assignment2_newest/zynq_fsbl/zynq_fsbl_bsp/system.mss|system||

TRACE::2025-02-12.14:11:32::SCWMssOS::Sw design exists and opened at  C:/Users/j54mao/ECE423/ECE-423-Labs/workspace/Assignment2_newest/ps7_cortexa9_0/standalone_domain/bsp/system.mss
TRACE::2025-02-12.14:11:32::SCWPlatform::Trying to open the hw design at C:/Users/j54mao/ECE423/ECE-423-Labs/workspace/Assignment2_newest/hw/lab_prefab_wrapper_newest_lab2.xsa
TRACE::2025-02-12.14:11:32::SCWPlatform::DSA given C:/Users/j54mao/ECE423/ECE-423-Labs/workspace/Assignment2_newest/hw/lab_prefab_wrapper_newest_lab2.xsa
TRACE::2025-02-12.14:11:32::SCWPlatform::DSA absoulate path C:/Users/j54mao/ECE423/ECE-423-Labs/workspace/Assignment2_newest/hw/lab_prefab_wrapper_newest_lab2.xsa
TRACE::2025-02-12.14:11:32::SCWPlatform::DSA directory C:/Users/j54mao/ECE423/ECE-423-Labs/workspace/Assignment2_newest/hw
TRACE::2025-02-12.14:11:32::SCWPlatform:: Platform Path C:/Users/j54mao/ECE423/ECE-423-Labs/workspace/Assignment2_newest/hw/lab_prefab_wrapper_newest_lab2.xsa
TRACE::2025-02-12.14:11:32::SCWPlatform:: Unique name xilinx:pynq-z1::0.0
TRACE::2025-02-12.14:11:32::SCWPlatform::Trying to set the existing hwdb with name lab_prefab_wrapper_0
TRACE::2025-02-12.14:11:32::SCWPlatform::Opened existing hwdb lab_prefab_wrapper_0
TRACE::2025-02-12.14:11:32::SCWPlatform::Found the Hw Db part of the input DSA
TRACE::2025-02-12.14:11:32::SCWMssOS::Checking the sw design at  C:/Users/j54mao/ECE423/ECE-423-Labs/workspace/Assignment2_newest/ps7_cortexa9_0/standalone_domain/bsp/system.mss
TRACE::2025-02-12.14:11:32::SCWMssOS::DEBUG:  swdes dump  C:/Users/j54mao/ECE423/ECE-423-Labs/workspace/Assignment2_newest/ps7_cortexa9_0/standalone_domain/bsp/system.mss|system_0||
C:/Users/j54mao/ECE423/ECE-423-Labs/workspace/Assignment2_newest/zynq_fsbl/zynq_fsbl_bsp/system.mss|system||

TRACE::2025-02-12.14:11:32::SCWMssOS::Sw design exists and opened at  C:/Users/j54mao/ECE423/ECE-423-Labs/workspace/Assignment2_newest/ps7_cortexa9_0/standalone_domain/bsp/system.mss
TRACE::2025-02-12.14:11:32::SCWPlatform::Trying to open the hw design at C:/Users/j54mao/ECE423/ECE-423-Labs/workspace/Assignment2_newest/hw/lab_prefab_wrapper_newest_lab2.xsa
TRACE::2025-02-12.14:11:32::SCWPlatform::DSA given C:/Users/j54mao/ECE423/ECE-423-Labs/workspace/Assignment2_newest/hw/lab_prefab_wrapper_newest_lab2.xsa
TRACE::2025-02-12.14:11:32::SCWPlatform::DSA absoulate path C:/Users/j54mao/ECE423/ECE-423-Labs/workspace/Assignment2_newest/hw/lab_prefab_wrapper_newest_lab2.xsa
TRACE::2025-02-12.14:11:32::SCWPlatform::DSA directory C:/Users/j54mao/ECE423/ECE-423-Labs/workspace/Assignment2_newest/hw
TRACE::2025-02-12.14:11:32::SCWPlatform:: Platform Path C:/Users/j54mao/ECE423/ECE-423-Labs/workspace/Assignment2_newest/hw/lab_prefab_wrapper_newest_lab2.xsa
TRACE::2025-02-12.14:11:32::SCWPlatform:: Unique name xilinx:pynq-z1::0.0
TRACE::2025-02-12.14:11:32::SCWPlatform::Trying to set the existing hwdb with name lab_prefab_wrapper_0
TRACE::2025-02-12.14:11:32::SCWPlatform::Opened existing hwdb lab_prefab_wrapper_0
TRACE::2025-02-12.14:11:32::SCWPlatform::Found the Hw Db part of the input DSA
TRACE::2025-02-12.14:11:32::SCWMssOS::Checking the sw design at  C:/Users/j54mao/ECE423/ECE-423-Labs/workspace/Assignment2_newest/ps7_cortexa9_0/standalone_domain/bsp/system.mss
TRACE::2025-02-12.14:11:32::SCWMssOS::DEBUG:  swdes dump  C:/Users/j54mao/ECE423/ECE-423-Labs/workspace/Assignment2_newest/ps7_cortexa9_0/standalone_domain/bsp/system.mss|system_0||
C:/Users/j54mao/ECE423/ECE-423-Labs/workspace/Assignment2_newest/zynq_fsbl/zynq_fsbl_bsp/system.mss|system||

TRACE::2025-02-12.14:11:32::SCWMssOS::Sw design exists and opened at  C:/Users/j54mao/ECE423/ECE-423-Labs/workspace/Assignment2_newest/ps7_cortexa9_0/standalone_domain/bsp/system.mss
TRACE::2025-02-12.14:11:32::SCWWriter::formatted JSON is {
	"platformName":	"Assignment2_newest",
	"sprVersion":	"2.0",
	"mode":	"gui",
	"dsaType":	"Fixed",
	"platformDesc":	"Assignment2_newest",
	"platHandOff":	"C:/Users/j54mao/ECE423/ECE-423-Labs/ece423_prefab/ece423_prefab/lab_prefab/lab_prefab_wrapper_newest_lab2.xsa",
	"platIntHandOff":	"<platformDir>/hw/lab_prefab_wrapper_newest_lab2.xsa",
	"deviceType":	"zynq",
	"platIsPrebuiltAutogen":	"false",
	"platIsNoBootBsp":	"false",
	"platFsblTarget":	"ps7_cortexa9_0",
	"hasFsblMakeHasChanges":	"false",
	"hasPmufwMakeHasChanges":	"false",
	"fsblExtraCompilerFlags":	"-MMD -MP       -mcpu=cortex-a9 -mfpu=vfpv3 -mfloat-abi=hard ",
	"platPreBuiltFlag":	false,
	"platformSamplesDir":	"",
	"platActiveSys":	"Assignment2_newest",
	"systems":	[{
			"systemName":	"Assignment2_newest",
			"systemDesc":	"Assignment2_newest",
			"sysIsBootAutoGen":	"true",
			"systemDispName":	"Assignment2_newest",
			"sysActiveDom":	"standalone_domain",
			"sysDefaultDom":	"standalone_domain",
			"domains":	[{
					"domainName":	"zynq_fsbl",
					"domainDispName":	"zynq_fsbl",
					"domainDesc":	"FSBL Application BSP - Auto Generated.",
					"processors":	"ps7_cortexa9_0",
					"os":	"standalone",
					"sdxOs":	"standalone",
					"debugEnable":	"",
					"domRuntimes":	["cpp"],
					"swRepo":	"",
					"mssOsVer":	"7.7",
					"mssFile":	"",
					"md5Digest":	"4bdfa872853735a660eaeae9ac55f0bb",
					"compatibleApp":	"zynq_fsbl",
					"domType":	"bootDomain",
					"arch":	"32-bit",
					"appSettings":	{
						"appCompilerFlags":	"",
						"appLinkerFlags":	""
					},
					"addedLibs":	["xilffs:4.7", "xilrsa:1.6"],
					"libOptions":	{
						"libsContainingOptions":	[]
					},
					"prebuiltLibs":	{
						"prebuiltIncPath":	[],
						"prebuiltLibPath":	[]
					},
					"isolation":	{
					}
				}, {
					"domainName":	"standalone_domain",
					"domainDispName":	"standalone on ps7_cortexa9_0",
					"domainDesc":	"standalone_domain",
					"processors":	"ps7_cortexa9_0",
					"os":	"standalone",
					"sdxOs":	"standalone",
					"qemuArgs":	"<platformDir>/resources/Assignment2_newest/standalone_domain/qemu_args.txt",
					"qemuData":	"<platformDir>/resources/Assignment2_newest/standalone_domain/qemu",
					"debugEnable":	"False",
					"domRuntimes":	["cpp"],
					"swRepo":	"",
					"mssOsVer":	"7.7",
					"mssFile":	"",
					"md5Digest":	"90759cd7d17204249617ea3f07fde571",
					"compatibleApp":	"",
					"domType":	"mssDomain",
					"appSettings":	{
						"appCompilerFlags":	"",
						"appLinkerFlags":	""
					},
					"addedLibs":	[],
					"libOptions":	{
						"libsContainingOptions":	[]
					},
					"prebuiltLibs":	{
						"prebuiltIncPath":	[],
						"prebuiltLibPath":	[]
					},
					"isolation":	{
					}
				}]
		}]
}
TRACE::2025-02-12.14:11:33::SCWPlatform::Clearing the existing platform
TRACE::2025-02-12.14:11:33::SCWSystem::Clearing the existing sysconfig
TRACE::2025-02-12.14:11:33::SCWBDomain::clearing the fsbl build
TRACE::2025-02-12.14:11:33::SCWMssOS::Removing the swdes entry for  C:/Users/j54mao/ECE423/ECE-423-Labs/workspace/Assignment2_newest/zynq_fsbl/zynq_fsbl_bsp/system.mss
TRACE::2025-02-12.14:11:33::SCWMssOS::Removing the swdes entry for  C:/Users/j54mao/ECE423/ECE-423-Labs/workspace/Assignment2_newest/ps7_cortexa9_0/standalone_domain/bsp/system.mss
TRACE::2025-02-12.14:11:33::SCWSystem::Clearing the domains completed.
TRACE::2025-02-12.14:11:33::SCWPlatform::Clearing the opened hw db.
TRACE::2025-02-12.14:11:33::SCWPlatform::DSA given C:/Users/j54mao/ECE423/ECE-423-Labs/workspace/Assignment2_newest/hw/lab_prefab_wrapper_newest_lab2.xsa
TRACE::2025-02-12.14:11:33::SCWPlatform::DSA absoulate path C:/Users/j54mao/ECE423/ECE-423-Labs/workspace/Assignment2_newest/hw/lab_prefab_wrapper_newest_lab2.xsa
TRACE::2025-02-12.14:11:33::SCWPlatform:: Platform location is C:/Users/j54mao/ECE423/ECE-423-Labs/workspace/Assignment2_newest/hw
TRACE::2025-02-12.14:11:33::SCWPlatform:: Platform Path C:/Users/j54mao/ECE423/ECE-423-Labs/workspace/Assignment2_newest/hw/lab_prefab_wrapper_newest_lab2.xsa
TRACE::2025-02-12.14:11:33::SCWPlatform:: Unique name xilinx:pynq-z1::0.0
TRACE::2025-02-12.14:11:33::SCWPlatform::Removing the HwDB with name C:/Users/j54mao/ECE423/ECE-423-Labs/workspace/Assignment2_newest/hw/lab_prefab_wrapper_newest_lab2.xsa
TRACE::2025-02-12.14:11:33::SCWPlatform::Trying to open the hw design at C:/Users/j54mao/ECE423/ECE-423-Labs/workspace/Assignment2_newest/hw/lab_prefab_wrapper_newest_lab2.xsa
TRACE::2025-02-12.14:11:33::SCWPlatform::DSA given C:/Users/j54mao/ECE423/ECE-423-Labs/workspace/Assignment2_newest/hw/lab_prefab_wrapper_newest_lab2.xsa
TRACE::2025-02-12.14:11:33::SCWPlatform::DSA absoulate path C:/Users/j54mao/ECE423/ECE-423-Labs/workspace/Assignment2_newest/hw/lab_prefab_wrapper_newest_lab2.xsa
TRACE::2025-02-12.14:11:33::SCWPlatform::DSA directory C:/Users/j54mao/ECE423/ECE-423-Labs/workspace/Assignment2_newest/hw
TRACE::2025-02-12.14:11:33::SCWPlatform:: Platform Path C:/Users/j54mao/ECE423/ECE-423-Labs/workspace/Assignment2_newest/hw/lab_prefab_wrapper_newest_lab2.xsa
TRACE::2025-02-12.14:11:33::SCWPlatform:: Unique name xilinx:pynq-z1::0.0
TRACE::2025-02-12.14:11:33::SCWPlatform::Do not have an existing db opened. 
TRACE::2025-02-12.14:11:38::SCWPlatform::Opened new HwDB with name lab_prefab_wrapper_1
TRACE::2025-02-12.14:11:38::SCWReader::Active system found as  Assignment2_newest
TRACE::2025-02-12.14:11:38::SCWReader::Handling sysconfig Assignment2_newest
TRACE::2025-02-12.14:11:38::SCWDomain::checking for install qemu data   : 
TRACE::2025-02-12.14:11:38::SCWDomain:: Using the QEMU Data from install at  : C:/Software/Xilinx/Vitis/2022.1/data/emulation/platforms/zynq/sw/a9_standalone/qemu/
TRACE::2025-02-12.14:11:38::SCWDomain:: Using the QEMU args  from install at  : C:/Software/Xilinx/Vitis/2022.1/data/emulation/platforms/zynq/sw/a9_standalone/qemu/qemu_args.txt
TRACE::2025-02-12.14:11:38::SCWPlatform::Trying to open the hw design at C:/Users/j54mao/ECE423/ECE-423-Labs/workspace/Assignment2_newest/hw/lab_prefab_wrapper_newest_lab2.xsa
TRACE::2025-02-12.14:11:38::SCWPlatform::DSA given C:/Users/j54mao/ECE423/ECE-423-Labs/workspace/Assignment2_newest/hw/lab_prefab_wrapper_newest_lab2.xsa
TRACE::2025-02-12.14:11:38::SCWPlatform::DSA absoulate path C:/Users/j54mao/ECE423/ECE-423-Labs/workspace/Assignment2_newest/hw/lab_prefab_wrapper_newest_lab2.xsa
TRACE::2025-02-12.14:11:38::SCWPlatform::DSA directory C:/Users/j54mao/ECE423/ECE-423-Labs/workspace/Assignment2_newest/hw
TRACE::2025-02-12.14:11:38::SCWPlatform:: Platform Path C:/Users/j54mao/ECE423/ECE-423-Labs/workspace/Assignment2_newest/hw/lab_prefab_wrapper_newest_lab2.xsa
TRACE::2025-02-12.14:11:38::SCWPlatform:: Unique name xilinx:pynq-z1::0.0
TRACE::2025-02-12.14:11:38::SCWPlatform::Trying to set the existing hwdb with name lab_prefab_wrapper_1
TRACE::2025-02-12.14:11:38::SCWPlatform::Opened existing hwdb lab_prefab_wrapper_1
TRACE::2025-02-12.14:11:38::SCWPlatform::Found the Hw Db part of the input DSA
TRACE::2025-02-12.14:11:38::SCWPlatform::Trying to open the hw design at C:/Users/j54mao/ECE423/ECE-423-Labs/workspace/Assignment2_newest/hw/lab_prefab_wrapper_newest_lab2.xsa
TRACE::2025-02-12.14:11:38::SCWPlatform::DSA given C:/Users/j54mao/ECE423/ECE-423-Labs/workspace/Assignment2_newest/hw/lab_prefab_wrapper_newest_lab2.xsa
TRACE::2025-02-12.14:11:38::SCWPlatform::DSA absoulate path C:/Users/j54mao/ECE423/ECE-423-Labs/workspace/Assignment2_newest/hw/lab_prefab_wrapper_newest_lab2.xsa
TRACE::2025-02-12.14:11:38::SCWPlatform::DSA directory C:/Users/j54mao/ECE423/ECE-423-Labs/workspace/Assignment2_newest/hw
TRACE::2025-02-12.14:11:38::SCWPlatform:: Platform Path C:/Users/j54mao/ECE423/ECE-423-Labs/workspace/Assignment2_newest/hw/lab_prefab_wrapper_newest_lab2.xsa
TRACE::2025-02-12.14:11:38::SCWPlatform:: Unique name xilinx:pynq-z1::0.0
TRACE::2025-02-12.14:11:38::SCWPlatform::Trying to set the existing hwdb with name lab_prefab_wrapper_1
TRACE::2025-02-12.14:11:38::SCWPlatform::Opened existing hwdb lab_prefab_wrapper_1
TRACE::2025-02-12.14:11:38::SCWPlatform::Found the Hw Db part of the input DSA
TRACE::2025-02-12.14:11:38::SCWPlatform::Trying to open the hw design at C:/Users/j54mao/ECE423/ECE-423-Labs/workspace/Assignment2_newest/hw/lab_prefab_wrapper_newest_lab2.xsa
TRACE::2025-02-12.14:11:38::SCWPlatform::DSA given C:/Users/j54mao/ECE423/ECE-423-Labs/workspace/Assignment2_newest/hw/lab_prefab_wrapper_newest_lab2.xsa
TRACE::2025-02-12.14:11:38::SCWPlatform::DSA absoulate path C:/Users/j54mao/ECE423/ECE-423-Labs/workspace/Assignment2_newest/hw/lab_prefab_wrapper_newest_lab2.xsa
TRACE::2025-02-12.14:11:38::SCWPlatform::DSA directory C:/Users/j54mao/ECE423/ECE-423-Labs/workspace/Assignment2_newest/hw
TRACE::2025-02-12.14:11:38::SCWPlatform:: Platform Path C:/Users/j54mao/ECE423/ECE-423-Labs/workspace/Assignment2_newest/hw/lab_prefab_wrapper_newest_lab2.xsa
TRACE::2025-02-12.14:11:38::SCWPlatform:: Unique name xilinx:pynq-z1::0.0
TRACE::2025-02-12.14:11:38::SCWPlatform::Trying to set the existing hwdb with name lab_prefab_wrapper_1
TRACE::2025-02-12.14:11:38::SCWPlatform::Opened existing hwdb lab_prefab_wrapper_1
TRACE::2025-02-12.14:11:38::SCWPlatform::Found the Hw Db part of the input DSA
TRACE::2025-02-12.14:11:38::SCWReader::Boot application domain added for zynq_fsbl
TRACE::2025-02-12.14:11:38::SCWPlatform::Trying to open the hw design at C:/Users/j54mao/ECE423/ECE-423-Labs/workspace/Assignment2_newest/hw/lab_prefab_wrapper_newest_lab2.xsa
TRACE::2025-02-12.14:11:38::SCWPlatform::DSA given C:/Users/j54mao/ECE423/ECE-423-Labs/workspace/Assignment2_newest/hw/lab_prefab_wrapper_newest_lab2.xsa
TRACE::2025-02-12.14:11:38::SCWPlatform::DSA absoulate path C:/Users/j54mao/ECE423/ECE-423-Labs/workspace/Assignment2_newest/hw/lab_prefab_wrapper_newest_lab2.xsa
TRACE::2025-02-12.14:11:38::SCWPlatform::DSA directory C:/Users/j54mao/ECE423/ECE-423-Labs/workspace/Assignment2_newest/hw
TRACE::2025-02-12.14:11:38::SCWPlatform:: Platform Path C:/Users/j54mao/ECE423/ECE-423-Labs/workspace/Assignment2_newest/hw/lab_prefab_wrapper_newest_lab2.xsa
TRACE::2025-02-12.14:11:38::SCWPlatform:: Unique name xilinx:pynq-z1::0.0
TRACE::2025-02-12.14:11:38::SCWPlatform::Trying to set the existing hwdb with name lab_prefab_wrapper_1
TRACE::2025-02-12.14:11:38::SCWPlatform::Opened existing hwdb lab_prefab_wrapper_1
TRACE::2025-02-12.14:11:38::SCWPlatform::Found the Hw Db part of the input DSA
TRACE::2025-02-12.14:11:38::SCWMssOS::Checking the sw design at  C:/Users/j54mao/ECE423/ECE-423-Labs/workspace/Assignment2_newest/zynq_fsbl/zynq_fsbl_bsp/system.mss
TRACE::2025-02-12.14:11:38::SCWMssOS::DEBUG:  swdes dump  
TRACE::2025-02-12.14:11:38::SCWMssOS::No sw design opened at  C:/Users/j54mao/ECE423/ECE-423-Labs/workspace/Assignment2_newest/zynq_fsbl/zynq_fsbl_bsp/system.mss
TRACE::2025-02-12.14:11:38::SCWMssOS::mss exists loading the mss file  C:/Users/j54mao/ECE423/ECE-423-Labs/workspace/Assignment2_newest/zynq_fsbl/zynq_fsbl_bsp/system.mss
TRACE::2025-02-12.14:11:38::SCWMssOS::Opened the sw design from mss  C:/Users/j54mao/ECE423/ECE-423-Labs/workspace/Assignment2_newest/zynq_fsbl/zynq_fsbl_bsp/system.mss
TRACE::2025-02-12.14:11:38::SCWMssOS::Adding the swdes entry C:/Users/j54mao/ECE423/ECE-423-Labs/workspace/Assignment2_newest/zynq_fsbl/zynq_fsbl_bsp/system.mss with des name system
TRACE::2025-02-12.14:11:38::SCWMssOS::updating the scw layer about changes
TRACE::2025-02-12.14:11:38::SCWMssOS::Opened the sw design.  C:/Users/j54mao/ECE423/ECE-423-Labs/workspace/Assignment2_newest/zynq_fsbl/zynq_fsbl_bsp/system.mss
TRACE::2025-02-12.14:11:38::SCWPlatform::Trying to open the hw design at C:/Users/j54mao/ECE423/ECE-423-Labs/workspace/Assignment2_newest/hw/lab_prefab_wrapper_newest_lab2.xsa
TRACE::2025-02-12.14:11:38::SCWPlatform::DSA given C:/Users/j54mao/ECE423/ECE-423-Labs/workspace/Assignment2_newest/hw/lab_prefab_wrapper_newest_lab2.xsa
TRACE::2025-02-12.14:11:38::SCWPlatform::DSA absoulate path C:/Users/j54mao/ECE423/ECE-423-Labs/workspace/Assignment2_newest/hw/lab_prefab_wrapper_newest_lab2.xsa
TRACE::2025-02-12.14:11:38::SCWPlatform::DSA directory C:/Users/j54mao/ECE423/ECE-423-Labs/workspace/Assignment2_newest/hw
TRACE::2025-02-12.14:11:38::SCWPlatform:: Platform Path C:/Users/j54mao/ECE423/ECE-423-Labs/workspace/Assignment2_newest/hw/lab_prefab_wrapper_newest_lab2.xsa
TRACE::2025-02-12.14:11:38::SCWPlatform:: Unique name xilinx:pynq-z1::0.0
TRACE::2025-02-12.14:11:38::SCWPlatform::Trying to set the existing hwdb with name lab_prefab_wrapper_1
TRACE::2025-02-12.14:11:38::SCWPlatform::Opened existing hwdb lab_prefab_wrapper_1
TRACE::2025-02-12.14:11:38::SCWPlatform::Found the Hw Db part of the input DSA
TRACE::2025-02-12.14:11:38::SCWMssOS::Checking the sw design at  C:/Users/j54mao/ECE423/ECE-423-Labs/workspace/Assignment2_newest/zynq_fsbl/zynq_fsbl_bsp/system.mss
TRACE::2025-02-12.14:11:38::SCWMssOS::DEBUG:  swdes dump  C:/Users/j54mao/ECE423/ECE-423-Labs/workspace/Assignment2_newest/zynq_fsbl/zynq_fsbl_bsp/system.mss|system||

TRACE::2025-02-12.14:11:38::SCWMssOS::Sw design exists and opened at  C:/Users/j54mao/ECE423/ECE-423-Labs/workspace/Assignment2_newest/zynq_fsbl/zynq_fsbl_bsp/system.mss
TRACE::2025-02-12.14:11:38::SCWMssOS:: library already available in sw design:  xilffs:4.7
TRACE::2025-02-12.14:11:38::SCWPlatform::Trying to open the hw design at C:/Users/j54mao/ECE423/ECE-423-Labs/workspace/Assignment2_newest/hw/lab_prefab_wrapper_newest_lab2.xsa
TRACE::2025-02-12.14:11:38::SCWPlatform::DSA given C:/Users/j54mao/ECE423/ECE-423-Labs/workspace/Assignment2_newest/hw/lab_prefab_wrapper_newest_lab2.xsa
TRACE::2025-02-12.14:11:38::SCWPlatform::DSA absoulate path C:/Users/j54mao/ECE423/ECE-423-Labs/workspace/Assignment2_newest/hw/lab_prefab_wrapper_newest_lab2.xsa
TRACE::2025-02-12.14:11:38::SCWPlatform::DSA directory C:/Users/j54mao/ECE423/ECE-423-Labs/workspace/Assignment2_newest/hw
TRACE::2025-02-12.14:11:38::SCWPlatform:: Platform Path C:/Users/j54mao/ECE423/ECE-423-Labs/workspace/Assignment2_newest/hw/lab_prefab_wrapper_newest_lab2.xsa
TRACE::2025-02-12.14:11:38::SCWPlatform:: Unique name xilinx:pynq-z1::0.0
TRACE::2025-02-12.14:11:38::SCWPlatform::Trying to set the existing hwdb with name lab_prefab_wrapper_1
TRACE::2025-02-12.14:11:38::SCWPlatform::Opened existing hwdb lab_prefab_wrapper_1
TRACE::2025-02-12.14:11:38::SCWPlatform::Found the Hw Db part of the input DSA
TRACE::2025-02-12.14:11:38::SCWMssOS::Checking the sw design at  C:/Users/j54mao/ECE423/ECE-423-Labs/workspace/Assignment2_newest/zynq_fsbl/zynq_fsbl_bsp/system.mss
TRACE::2025-02-12.14:11:38::SCWMssOS::DEBUG:  swdes dump  C:/Users/j54mao/ECE423/ECE-423-Labs/workspace/Assignment2_newest/zynq_fsbl/zynq_fsbl_bsp/system.mss|system||

TRACE::2025-02-12.14:11:38::SCWMssOS::Sw design exists and opened at  C:/Users/j54mao/ECE423/ECE-423-Labs/workspace/Assignment2_newest/zynq_fsbl/zynq_fsbl_bsp/system.mss
TRACE::2025-02-12.14:11:38::SCWMssOS:: library already available in sw design:  xilrsa:1.6
TRACE::2025-02-12.14:11:38::SCWMssOS::Saving the mss changes C:/Users/j54mao/ECE423/ECE-423-Labs/workspace/Assignment2_newest/zynq_fsbl/zynq_fsbl_bsp/system.mss
TRACE::2025-02-12.14:11:38::SCWMssOS::Found a swdesign opened with the mssfile.
TRACE::2025-02-12.14:11:38::SCWMssOS::Completed writemss as part of save.
TRACE::2025-02-12.14:11:38::SCWMssOS::Commit changes completed.
TRACE::2025-02-12.14:11:38::SCWReader::Adding prebuilt librarypaths as   
TRACE::2025-02-12.14:11:38::SCWReader::Adding prebuilt incpaths  as   
TRACE::2025-02-12.14:11:38::SCWPlatform::Trying to open the hw design at C:/Users/j54mao/ECE423/ECE-423-Labs/workspace/Assignment2_newest/hw/lab_prefab_wrapper_newest_lab2.xsa
TRACE::2025-02-12.14:11:38::SCWPlatform::DSA given C:/Users/j54mao/ECE423/ECE-423-Labs/workspace/Assignment2_newest/hw/lab_prefab_wrapper_newest_lab2.xsa
TRACE::2025-02-12.14:11:38::SCWPlatform::DSA absoulate path C:/Users/j54mao/ECE423/ECE-423-Labs/workspace/Assignment2_newest/hw/lab_prefab_wrapper_newest_lab2.xsa
TRACE::2025-02-12.14:11:38::SCWPlatform::DSA directory C:/Users/j54mao/ECE423/ECE-423-Labs/workspace/Assignment2_newest/hw
TRACE::2025-02-12.14:11:38::SCWPlatform:: Platform Path C:/Users/j54mao/ECE423/ECE-423-Labs/workspace/Assignment2_newest/hw/lab_prefab_wrapper_newest_lab2.xsa
TRACE::2025-02-12.14:11:38::SCWPlatform:: Unique name xilinx:pynq-z1::0.0
TRACE::2025-02-12.14:11:38::SCWPlatform::Trying to set the existing hwdb with name lab_prefab_wrapper_1
TRACE::2025-02-12.14:11:38::SCWPlatform::Opened existing hwdb lab_prefab_wrapper_1
TRACE::2025-02-12.14:11:38::SCWPlatform::Found the Hw Db part of the input DSA
TRACE::2025-02-12.14:11:38::SCWMssOS::Checking the sw design at  C:/Users/j54mao/ECE423/ECE-423-Labs/workspace/Assignment2_newest/zynq_fsbl/zynq_fsbl_bsp/system.mss
TRACE::2025-02-12.14:11:38::SCWMssOS::DEBUG:  swdes dump  C:/Users/j54mao/ECE423/ECE-423-Labs/workspace/Assignment2_newest/zynq_fsbl/zynq_fsbl_bsp/system.mss|system||

TRACE::2025-02-12.14:11:38::SCWMssOS::Sw design exists and opened at  C:/Users/j54mao/ECE423/ECE-423-Labs/workspace/Assignment2_newest/zynq_fsbl/zynq_fsbl_bsp/system.mss
TRACE::2025-02-12.14:11:38::SCWReader::No isolation master present  
TRACE::2025-02-12.14:11:38::SCWDomain::checking for install qemu data   : 
TRACE::2025-02-12.14:11:38::SCWDomain:: Using the QEMU Data from install at  : C:/Software/Xilinx/Vitis/2022.1/data/emulation/platforms/zynq/sw/a9_standalone/qemu/
TRACE::2025-02-12.14:11:38::SCWDomain:: Using the QEMU args  from install at  : C:/Software/Xilinx/Vitis/2022.1/data/emulation/platforms/zynq/sw/a9_standalone/qemu/qemu_args.txt
TRACE::2025-02-12.14:11:38::SCWPlatform::Trying to open the hw design at C:/Users/j54mao/ECE423/ECE-423-Labs/workspace/Assignment2_newest/hw/lab_prefab_wrapper_newest_lab2.xsa
TRACE::2025-02-12.14:11:38::SCWPlatform::DSA given C:/Users/j54mao/ECE423/ECE-423-Labs/workspace/Assignment2_newest/hw/lab_prefab_wrapper_newest_lab2.xsa
TRACE::2025-02-12.14:11:38::SCWPlatform::DSA absoulate path C:/Users/j54mao/ECE423/ECE-423-Labs/workspace/Assignment2_newest/hw/lab_prefab_wrapper_newest_lab2.xsa
TRACE::2025-02-12.14:11:38::SCWPlatform::DSA directory C:/Users/j54mao/ECE423/ECE-423-Labs/workspace/Assignment2_newest/hw
TRACE::2025-02-12.14:11:38::SCWPlatform:: Platform Path C:/Users/j54mao/ECE423/ECE-423-Labs/workspace/Assignment2_newest/hw/lab_prefab_wrapper_newest_lab2.xsa
TRACE::2025-02-12.14:11:38::SCWPlatform:: Unique name xilinx:pynq-z1::0.0
TRACE::2025-02-12.14:11:38::SCWPlatform::Trying to set the existing hwdb with name lab_prefab_wrapper_1
TRACE::2025-02-12.14:11:38::SCWPlatform::Opened existing hwdb lab_prefab_wrapper_1
TRACE::2025-02-12.14:11:38::SCWPlatform::Found the Hw Db part of the input DSA
TRACE::2025-02-12.14:11:38::SCWPlatform::Trying to open the hw design at C:/Users/j54mao/ECE423/ECE-423-Labs/workspace/Assignment2_newest/hw/lab_prefab_wrapper_newest_lab2.xsa
TRACE::2025-02-12.14:11:38::SCWPlatform::DSA given C:/Users/j54mao/ECE423/ECE-423-Labs/workspace/Assignment2_newest/hw/lab_prefab_wrapper_newest_lab2.xsa
TRACE::2025-02-12.14:11:38::SCWPlatform::DSA absoulate path C:/Users/j54mao/ECE423/ECE-423-Labs/workspace/Assignment2_newest/hw/lab_prefab_wrapper_newest_lab2.xsa
TRACE::2025-02-12.14:11:38::SCWPlatform::DSA directory C:/Users/j54mao/ECE423/ECE-423-Labs/workspace/Assignment2_newest/hw
TRACE::2025-02-12.14:11:38::SCWPlatform:: Platform Path C:/Users/j54mao/ECE423/ECE-423-Labs/workspace/Assignment2_newest/hw/lab_prefab_wrapper_newest_lab2.xsa
TRACE::2025-02-12.14:11:38::SCWPlatform:: Unique name xilinx:pynq-z1::0.0
TRACE::2025-02-12.14:11:38::SCWPlatform::Trying to set the existing hwdb with name lab_prefab_wrapper_1
TRACE::2025-02-12.14:11:38::SCWPlatform::Opened existing hwdb lab_prefab_wrapper_1
TRACE::2025-02-12.14:11:38::SCWPlatform::Found the Hw Db part of the input DSA
TRACE::2025-02-12.14:11:38::SCWPlatform::Trying to open the hw design at C:/Users/j54mao/ECE423/ECE-423-Labs/workspace/Assignment2_newest/hw/lab_prefab_wrapper_newest_lab2.xsa
TRACE::2025-02-12.14:11:38::SCWPlatform::DSA given C:/Users/j54mao/ECE423/ECE-423-Labs/workspace/Assignment2_newest/hw/lab_prefab_wrapper_newest_lab2.xsa
TRACE::2025-02-12.14:11:38::SCWPlatform::DSA absoulate path C:/Users/j54mao/ECE423/ECE-423-Labs/workspace/Assignment2_newest/hw/lab_prefab_wrapper_newest_lab2.xsa
TRACE::2025-02-12.14:11:38::SCWPlatform::DSA directory C:/Users/j54mao/ECE423/ECE-423-Labs/workspace/Assignment2_newest/hw
TRACE::2025-02-12.14:11:38::SCWPlatform:: Platform Path C:/Users/j54mao/ECE423/ECE-423-Labs/workspace/Assignment2_newest/hw/lab_prefab_wrapper_newest_lab2.xsa
TRACE::2025-02-12.14:11:38::SCWPlatform:: Unique name xilinx:pynq-z1::0.0
TRACE::2025-02-12.14:11:38::SCWPlatform::Trying to set the existing hwdb with name lab_prefab_wrapper_1
TRACE::2025-02-12.14:11:38::SCWPlatform::Opened existing hwdb lab_prefab_wrapper_1
TRACE::2025-02-12.14:11:38::SCWPlatform::Found the Hw Db part of the input DSA
TRACE::2025-02-12.14:11:38::SCWMssOS::Checking the sw design at  C:/Users/j54mao/ECE423/ECE-423-Labs/workspace/Assignment2_newest/ps7_cortexa9_0/standalone_domain/bsp/system.mss
TRACE::2025-02-12.14:11:38::SCWMssOS::DEBUG:  swdes dump  C:/Users/j54mao/ECE423/ECE-423-Labs/workspace/Assignment2_newest/zynq_fsbl/zynq_fsbl_bsp/system.mss|system||

TRACE::2025-02-12.14:11:38::SCWMssOS::No sw design opened at  C:/Users/j54mao/ECE423/ECE-423-Labs/workspace/Assignment2_newest/ps7_cortexa9_0/standalone_domain/bsp/system.mss
TRACE::2025-02-12.14:11:38::SCWMssOS::mss exists loading the mss file  C:/Users/j54mao/ECE423/ECE-423-Labs/workspace/Assignment2_newest/ps7_cortexa9_0/standalone_domain/bsp/system.mss
TRACE::2025-02-12.14:11:38::SCWMssOS::Opened the sw design from mss  C:/Users/j54mao/ECE423/ECE-423-Labs/workspace/Assignment2_newest/ps7_cortexa9_0/standalone_domain/bsp/system.mss
TRACE::2025-02-12.14:11:38::SCWMssOS::Adding the swdes entry C:/Users/j54mao/ECE423/ECE-423-Labs/workspace/Assignment2_newest/ps7_cortexa9_0/standalone_domain/bsp/system.mss with des name system_0
TRACE::2025-02-12.14:11:38::SCWMssOS::updating the scw layer about changes
TRACE::2025-02-12.14:11:38::SCWMssOS::Opened the sw design.  C:/Users/j54mao/ECE423/ECE-423-Labs/workspace/Assignment2_newest/ps7_cortexa9_0/standalone_domain/bsp/system.mss
TRACE::2025-02-12.14:11:38::SCWMssOS::Saving the mss changes C:/Users/j54mao/ECE423/ECE-423-Labs/workspace/Assignment2_newest/ps7_cortexa9_0/standalone_domain/bsp/system.mss
TRACE::2025-02-12.14:11:38::SCWMssOS::Found a swdesign opened with the mssfile.
TRACE::2025-02-12.14:11:38::SCWMssOS::Completed writemss as part of save.
TRACE::2025-02-12.14:11:38::SCWMssOS::Commit changes completed.
TRACE::2025-02-12.14:11:38::SCWReader::Adding prebuilt librarypaths as   
TRACE::2025-02-12.14:11:38::SCWReader::Adding prebuilt incpaths  as   
TRACE::2025-02-12.14:11:38::SCWPlatform::Trying to open the hw design at C:/Users/j54mao/ECE423/ECE-423-Labs/workspace/Assignment2_newest/hw/lab_prefab_wrapper_newest_lab2.xsa
TRACE::2025-02-12.14:11:38::SCWPlatform::DSA given C:/Users/j54mao/ECE423/ECE-423-Labs/workspace/Assignment2_newest/hw/lab_prefab_wrapper_newest_lab2.xsa
TRACE::2025-02-12.14:11:38::SCWPlatform::DSA absoulate path C:/Users/j54mao/ECE423/ECE-423-Labs/workspace/Assignment2_newest/hw/lab_prefab_wrapper_newest_lab2.xsa
TRACE::2025-02-12.14:11:38::SCWPlatform::DSA directory C:/Users/j54mao/ECE423/ECE-423-Labs/workspace/Assignment2_newest/hw
TRACE::2025-02-12.14:11:38::SCWPlatform:: Platform Path C:/Users/j54mao/ECE423/ECE-423-Labs/workspace/Assignment2_newest/hw/lab_prefab_wrapper_newest_lab2.xsa
TRACE::2025-02-12.14:11:38::SCWPlatform:: Unique name xilinx:pynq-z1::0.0
TRACE::2025-02-12.14:11:38::SCWPlatform::Trying to set the existing hwdb with name lab_prefab_wrapper_1
TRACE::2025-02-12.14:11:38::SCWPlatform::Opened existing hwdb lab_prefab_wrapper_1
TRACE::2025-02-12.14:11:38::SCWPlatform::Found the Hw Db part of the input DSA
TRACE::2025-02-12.14:11:38::SCWMssOS::Checking the sw design at  C:/Users/j54mao/ECE423/ECE-423-Labs/workspace/Assignment2_newest/ps7_cortexa9_0/standalone_domain/bsp/system.mss
TRACE::2025-02-12.14:11:38::SCWMssOS::DEBUG:  swdes dump  C:/Users/j54mao/ECE423/ECE-423-Labs/workspace/Assignment2_newest/ps7_cortexa9_0/standalone_domain/bsp/system.mss|system_0||
C:/Users/j54mao/ECE423/ECE-423-Labs/workspace/Assignment2_newest/zynq_fsbl/zynq_fsbl_bsp/system.mss|system||

TRACE::2025-02-12.14:11:38::SCWMssOS::Sw design exists and opened at  C:/Users/j54mao/ECE423/ECE-423-Labs/workspace/Assignment2_newest/ps7_cortexa9_0/standalone_domain/bsp/system.mss
TRACE::2025-02-12.14:11:38::SCWReader::No isolation master present  
TRACE::2025-02-12.14:14:00::SCWPlatform::Trying to open the hw design at C:/Users/j54mao/ECE423/ECE-423-Labs/workspace/Assignment2_newest/hw/lab_prefab_wrapper_newest_lab2.xsa
TRACE::2025-02-12.14:14:00::SCWPlatform::DSA given C:/Users/j54mao/ECE423/ECE-423-Labs/workspace/Assignment2_newest/hw/lab_prefab_wrapper_newest_lab2.xsa
TRACE::2025-02-12.14:14:00::SCWPlatform::DSA absoulate path C:/Users/j54mao/ECE423/ECE-423-Labs/workspace/Assignment2_newest/hw/lab_prefab_wrapper_newest_lab2.xsa
TRACE::2025-02-12.14:14:00::SCWPlatform::DSA directory C:/Users/j54mao/ECE423/ECE-423-Labs/workspace/Assignment2_newest/hw
TRACE::2025-02-12.14:14:00::SCWPlatform:: Platform Path C:/Users/j54mao/ECE423/ECE-423-Labs/workspace/Assignment2_newest/hw/lab_prefab_wrapper_newest_lab2.xsa
TRACE::2025-02-12.14:14:00::SCWPlatform:: Unique name xilinx:pynq-z1::0.0
TRACE::2025-02-12.14:14:00::SCWPlatform::Trying to set the existing hwdb with name lab_prefab_wrapper_1
TRACE::2025-02-12.14:14:00::SCWPlatform::Opened existing hwdb lab_prefab_wrapper_1
TRACE::2025-02-12.14:14:00::SCWPlatform::Found the Hw Db part of the input DSA
TRACE::2025-02-12.14:14:00::SCWMssOS::Checking the sw design at  C:/Users/j54mao/ECE423/ECE-423-Labs/workspace/Assignment2_newest/zynq_fsbl/zynq_fsbl_bsp/system.mss
TRACE::2025-02-12.14:14:00::SCWMssOS::DEBUG:  swdes dump  C:/Users/j54mao/ECE423/ECE-423-Labs/workspace/Assignment2_newest/ps7_cortexa9_0/standalone_domain/bsp/system.mss|system_0||
C:/Users/j54mao/ECE423/ECE-423-Labs/workspace/Assignment2_newest/zynq_fsbl/zynq_fsbl_bsp/system.mss|system||

TRACE::2025-02-12.14:14:00::SCWMssOS::Sw design exists and opened at  C:/Users/j54mao/ECE423/ECE-423-Labs/workspace/Assignment2_newest/zynq_fsbl/zynq_fsbl_bsp/system.mss
TRACE::2025-02-12.14:14:01::SCWMssOS::In reload Mss file.
TRACE::2025-02-12.14:14:01::SCWPlatform::Trying to open the hw design at C:/Users/j54mao/ECE423/ECE-423-Labs/workspace/Assignment2_newest/hw/lab_prefab_wrapper_newest_lab2.xsa
TRACE::2025-02-12.14:14:01::SCWPlatform::DSA given C:/Users/j54mao/ECE423/ECE-423-Labs/workspace/Assignment2_newest/hw/lab_prefab_wrapper_newest_lab2.xsa
TRACE::2025-02-12.14:14:01::SCWPlatform::DSA absoulate path C:/Users/j54mao/ECE423/ECE-423-Labs/workspace/Assignment2_newest/hw/lab_prefab_wrapper_newest_lab2.xsa
TRACE::2025-02-12.14:14:01::SCWPlatform::DSA directory C:/Users/j54mao/ECE423/ECE-423-Labs/workspace/Assignment2_newest/hw
TRACE::2025-02-12.14:14:01::SCWPlatform:: Platform Path C:/Users/j54mao/ECE423/ECE-423-Labs/workspace/Assignment2_newest/hw/lab_prefab_wrapper_newest_lab2.xsa
TRACE::2025-02-12.14:14:01::SCWPlatform:: Unique name xilinx:pynq-z1::0.0
TRACE::2025-02-12.14:14:01::SCWPlatform::Trying to set the existing hwdb with name lab_prefab_wrapper_1
TRACE::2025-02-12.14:14:01::SCWPlatform::Opened existing hwdb lab_prefab_wrapper_1
TRACE::2025-02-12.14:14:01::SCWPlatform::Found the Hw Db part of the input DSA
TRACE::2025-02-12.14:14:01::SCWMssOS::Checking the sw design at  C:/Users/j54mao/ECE423/ECE-423-Labs/workspace/Assignment2_newest/zynq_fsbl/zynq_fsbl_bsp/system.mss
TRACE::2025-02-12.14:14:01::SCWMssOS::DEBUG:  swdes dump  C:/Users/j54mao/ECE423/ECE-423-Labs/workspace/Assignment2_newest/ps7_cortexa9_0/standalone_domain/bsp/system.mss|system_0||

TRACE::2025-02-12.14:14:01::SCWMssOS::No sw design opened at  C:/Users/j54mao/ECE423/ECE-423-Labs/workspace/Assignment2_newest/zynq_fsbl/zynq_fsbl_bsp/system.mss
TRACE::2025-02-12.14:14:01::SCWMssOS::mss exists loading the mss file  C:/Users/j54mao/ECE423/ECE-423-Labs/workspace/Assignment2_newest/zynq_fsbl/zynq_fsbl_bsp/system.mss
TRACE::2025-02-12.14:14:01::SCWMssOS::Opened the sw design from mss  C:/Users/j54mao/ECE423/ECE-423-Labs/workspace/Assignment2_newest/zynq_fsbl/zynq_fsbl_bsp/system.mss
TRACE::2025-02-12.14:14:01::SCWMssOS::Adding the swdes entry C:/Users/j54mao/ECE423/ECE-423-Labs/workspace/Assignment2_newest/zynq_fsbl/zynq_fsbl_bsp/system.mss with des name system
TRACE::2025-02-12.14:14:01::SCWMssOS::updating the scw layer about changes
TRACE::2025-02-12.14:14:01::SCWMssOS::Opened the sw design.  C:/Users/j54mao/ECE423/ECE-423-Labs/workspace/Assignment2_newest/zynq_fsbl/zynq_fsbl_bsp/system.mss
TRACE::2025-02-12.14:14:01::SCWPlatform::Trying to open the hw design at C:/Users/j54mao/ECE423/ECE-423-Labs/workspace/Assignment2_newest/hw/lab_prefab_wrapper_newest_lab2.xsa
TRACE::2025-02-12.14:14:01::SCWPlatform::DSA given C:/Users/j54mao/ECE423/ECE-423-Labs/workspace/Assignment2_newest/hw/lab_prefab_wrapper_newest_lab2.xsa
TRACE::2025-02-12.14:14:01::SCWPlatform::DSA absoulate path C:/Users/j54mao/ECE423/ECE-423-Labs/workspace/Assignment2_newest/hw/lab_prefab_wrapper_newest_lab2.xsa
TRACE::2025-02-12.14:14:01::SCWPlatform::DSA directory C:/Users/j54mao/ECE423/ECE-423-Labs/workspace/Assignment2_newest/hw
TRACE::2025-02-12.14:14:01::SCWPlatform:: Platform Path C:/Users/j54mao/ECE423/ECE-423-Labs/workspace/Assignment2_newest/hw/lab_prefab_wrapper_newest_lab2.xsa
TRACE::2025-02-12.14:14:01::SCWPlatform:: Unique name xilinx:pynq-z1::0.0
TRACE::2025-02-12.14:14:01::SCWPlatform::Trying to set the existing hwdb with name lab_prefab_wrapper_1
TRACE::2025-02-12.14:14:01::SCWPlatform::Opened existing hwdb lab_prefab_wrapper_1
TRACE::2025-02-12.14:14:01::SCWPlatform::Found the Hw Db part of the input DSA
TRACE::2025-02-12.14:14:01::SCWMssOS::Checking the sw design at  C:/Users/j54mao/ECE423/ECE-423-Labs/workspace/Assignment2_newest/zynq_fsbl/zynq_fsbl_bsp/system.mss
TRACE::2025-02-12.14:14:01::SCWMssOS::DEBUG:  swdes dump  C:/Users/j54mao/ECE423/ECE-423-Labs/workspace/Assignment2_newest/ps7_cortexa9_0/standalone_domain/bsp/system.mss|system_0||
C:/Users/j54mao/ECE423/ECE-423-Labs/workspace/Assignment2_newest/zynq_fsbl/zynq_fsbl_bsp/system.mss|system||

TRACE::2025-02-12.14:14:01::SCWMssOS::Sw design exists and opened at  C:/Users/j54mao/ECE423/ECE-423-Labs/workspace/Assignment2_newest/zynq_fsbl/zynq_fsbl_bsp/system.mss
TRACE::2025-02-12.14:14:01::SCWMssOS:: library already available in sw design:  xilffs:4.7
TRACE::2025-02-12.14:14:01::SCWPlatform::Trying to open the hw design at C:/Users/j54mao/ECE423/ECE-423-Labs/workspace/Assignment2_newest/hw/lab_prefab_wrapper_newest_lab2.xsa
TRACE::2025-02-12.14:14:01::SCWPlatform::DSA given C:/Users/j54mao/ECE423/ECE-423-Labs/workspace/Assignment2_newest/hw/lab_prefab_wrapper_newest_lab2.xsa
TRACE::2025-02-12.14:14:01::SCWPlatform::DSA absoulate path C:/Users/j54mao/ECE423/ECE-423-Labs/workspace/Assignment2_newest/hw/lab_prefab_wrapper_newest_lab2.xsa
TRACE::2025-02-12.14:14:01::SCWPlatform::DSA directory C:/Users/j54mao/ECE423/ECE-423-Labs/workspace/Assignment2_newest/hw
TRACE::2025-02-12.14:14:01::SCWPlatform:: Platform Path C:/Users/j54mao/ECE423/ECE-423-Labs/workspace/Assignment2_newest/hw/lab_prefab_wrapper_newest_lab2.xsa
TRACE::2025-02-12.14:14:01::SCWPlatform:: Unique name xilinx:pynq-z1::0.0
TRACE::2025-02-12.14:14:01::SCWPlatform::Trying to set the existing hwdb with name lab_prefab_wrapper_1
TRACE::2025-02-12.14:14:01::SCWPlatform::Opened existing hwdb lab_prefab_wrapper_1
TRACE::2025-02-12.14:14:01::SCWPlatform::Found the Hw Db part of the input DSA
TRACE::2025-02-12.14:14:01::SCWMssOS::Checking the sw design at  C:/Users/j54mao/ECE423/ECE-423-Labs/workspace/Assignment2_newest/zynq_fsbl/zynq_fsbl_bsp/system.mss
TRACE::2025-02-12.14:14:01::SCWMssOS::DEBUG:  swdes dump  C:/Users/j54mao/ECE423/ECE-423-Labs/workspace/Assignment2_newest/ps7_cortexa9_0/standalone_domain/bsp/system.mss|system_0||
C:/Users/j54mao/ECE423/ECE-423-Labs/workspace/Assignment2_newest/zynq_fsbl/zynq_fsbl_bsp/system.mss|system||

TRACE::2025-02-12.14:14:01::SCWMssOS::Sw design exists and opened at  C:/Users/j54mao/ECE423/ECE-423-Labs/workspace/Assignment2_newest/zynq_fsbl/zynq_fsbl_bsp/system.mss
TRACE::2025-02-12.14:14:01::SCWMssOS:: library already available in sw design:  xilrsa:1.6
TRACE::2025-02-12.14:14:01::SCWMssOS::Saving the mss changes C:/Users/j54mao/ECE423/ECE-423-Labs/workspace/Assignment2_newest/zynq_fsbl/zynq_fsbl_bsp/system.mss
TRACE::2025-02-12.14:14:01::SCWMssOS::Found a swdesign opened with the mssfile.
TRACE::2025-02-12.14:14:01::SCWMssOS::Completed writemss as part of save.
TRACE::2025-02-12.14:14:01::SCWMssOS::Commit changes completed.
TRACE::2025-02-12.14:14:01::SCWPlatform::Trying to open the hw design at C:/Users/j54mao/ECE423/ECE-423-Labs/workspace/Assignment2_newest/hw/lab_prefab_wrapper_newest_lab2.xsa
TRACE::2025-02-12.14:14:01::SCWPlatform::DSA given C:/Users/j54mao/ECE423/ECE-423-Labs/workspace/Assignment2_newest/hw/lab_prefab_wrapper_newest_lab2.xsa
TRACE::2025-02-12.14:14:01::SCWPlatform::DSA absoulate path C:/Users/j54mao/ECE423/ECE-423-Labs/workspace/Assignment2_newest/hw/lab_prefab_wrapper_newest_lab2.xsa
TRACE::2025-02-12.14:14:01::SCWPlatform::DSA directory C:/Users/j54mao/ECE423/ECE-423-Labs/workspace/Assignment2_newest/hw
TRACE::2025-02-12.14:14:01::SCWPlatform:: Platform Path C:/Users/j54mao/ECE423/ECE-423-Labs/workspace/Assignment2_newest/hw/lab_prefab_wrapper_newest_lab2.xsa
TRACE::2025-02-12.14:14:01::SCWPlatform:: Unique name xilinx:pynq-z1::0.0
TRACE::2025-02-12.14:14:01::SCWPlatform::Trying to set the existing hwdb with name lab_prefab_wrapper_1
TRACE::2025-02-12.14:14:01::SCWPlatform::Opened existing hwdb lab_prefab_wrapper_1
TRACE::2025-02-12.14:14:01::SCWPlatform::Found the Hw Db part of the input DSA
TRACE::2025-02-12.14:14:01::SCWMssOS::Checking the sw design at  C:/Users/j54mao/ECE423/ECE-423-Labs/workspace/Assignment2_newest/zynq_fsbl/zynq_fsbl_bsp/system.mss
TRACE::2025-02-12.14:14:01::SCWMssOS::DEBUG:  swdes dump  C:/Users/j54mao/ECE423/ECE-423-Labs/workspace/Assignment2_newest/ps7_cortexa9_0/standalone_domain/bsp/system.mss|system_0||
C:/Users/j54mao/ECE423/ECE-423-Labs/workspace/Assignment2_newest/zynq_fsbl/zynq_fsbl_bsp/system.mss|system||

TRACE::2025-02-12.14:14:01::SCWMssOS::Sw design exists and opened at  C:/Users/j54mao/ECE423/ECE-423-Labs/workspace/Assignment2_newest/zynq_fsbl/zynq_fsbl_bsp/system.mss
TRACE::2025-02-12.14:14:01::SCWMssOS::Removing the swdes entry for  C:/Users/j54mao/ECE423/ECE-423-Labs/workspace/Assignment2_newest/zynq_fsbl/zynq_fsbl_bsp/system.mss
TRACE::2025-02-12.14:14:02::SCWPlatform::Trying to open the hw design at C:/Users/j54mao/ECE423/ECE-423-Labs/workspace/Assignment2_newest/hw/lab_prefab_wrapper_newest_lab2.xsa
TRACE::2025-02-12.14:14:02::SCWPlatform::DSA given C:/Users/j54mao/ECE423/ECE-423-Labs/workspace/Assignment2_newest/hw/lab_prefab_wrapper_newest_lab2.xsa
TRACE::2025-02-12.14:14:02::SCWPlatform::DSA absoulate path C:/Users/j54mao/ECE423/ECE-423-Labs/workspace/Assignment2_newest/hw/lab_prefab_wrapper_newest_lab2.xsa
TRACE::2025-02-12.14:14:02::SCWPlatform::DSA directory C:/Users/j54mao/ECE423/ECE-423-Labs/workspace/Assignment2_newest/hw
TRACE::2025-02-12.14:14:02::SCWPlatform:: Platform Path C:/Users/j54mao/ECE423/ECE-423-Labs/workspace/Assignment2_newest/hw/lab_prefab_wrapper_newest_lab2.xsa
TRACE::2025-02-12.14:14:02::SCWPlatform:: Unique name xilinx:pynq-z1::0.0
TRACE::2025-02-12.14:14:02::SCWPlatform::Trying to set the existing hwdb with name lab_prefab_wrapper_1
TRACE::2025-02-12.14:14:02::SCWPlatform::Opened existing hwdb lab_prefab_wrapper_1
TRACE::2025-02-12.14:14:02::SCWPlatform::Found the Hw Db part of the input DSA
TRACE::2025-02-12.14:14:02::SCWMssOS::Checking the sw design at  C:/Users/j54mao/ECE423/ECE-423-Labs/workspace/Assignment2_newest/zynq_fsbl/zynq_fsbl_bsp/system.mss
TRACE::2025-02-12.14:14:02::SCWMssOS::DEBUG:  swdes dump  C:/Users/j54mao/ECE423/ECE-423-Labs/workspace/Assignment2_newest/ps7_cortexa9_0/standalone_domain/bsp/system.mss|system_0||

TRACE::2025-02-12.14:14:02::SCWMssOS::No sw design opened at  C:/Users/j54mao/ECE423/ECE-423-Labs/workspace/Assignment2_newest/zynq_fsbl/zynq_fsbl_bsp/system.mss
TRACE::2025-02-12.14:14:02::SCWMssOS::mss exists loading the mss file  C:/Users/j54mao/ECE423/ECE-423-Labs/workspace/Assignment2_newest/zynq_fsbl/zynq_fsbl_bsp/system.mss
TRACE::2025-02-12.14:14:02::SCWMssOS::Opened the sw design from mss  C:/Users/j54mao/ECE423/ECE-423-Labs/workspace/Assignment2_newest/zynq_fsbl/zynq_fsbl_bsp/system.mss
TRACE::2025-02-12.14:14:02::SCWMssOS::Adding the swdes entry C:/Users/j54mao/ECE423/ECE-423-Labs/workspace/Assignment2_newest/zynq_fsbl/zynq_fsbl_bsp/system.mss with des name system
TRACE::2025-02-12.14:14:02::SCWMssOS::updating the scw layer about changes
TRACE::2025-02-12.14:14:02::SCWMssOS::Opened the sw design.  C:/Users/j54mao/ECE423/ECE-423-Labs/workspace/Assignment2_newest/zynq_fsbl/zynq_fsbl_bsp/system.mss
TRACE::2025-02-12.14:14:17::SCWPlatform::Trying to open the hw design at C:/Users/j54mao/ECE423/ECE-423-Labs/workspace/Assignment2_newest/hw/lab_prefab_wrapper_newest_lab2.xsa
TRACE::2025-02-12.14:14:17::SCWPlatform::DSA given C:/Users/j54mao/ECE423/ECE-423-Labs/workspace/Assignment2_newest/hw/lab_prefab_wrapper_newest_lab2.xsa
TRACE::2025-02-12.14:14:17::SCWPlatform::DSA absoulate path C:/Users/j54mao/ECE423/ECE-423-Labs/workspace/Assignment2_newest/hw/lab_prefab_wrapper_newest_lab2.xsa
TRACE::2025-02-12.14:14:17::SCWPlatform::DSA directory C:/Users/j54mao/ECE423/ECE-423-Labs/workspace/Assignment2_newest/hw
TRACE::2025-02-12.14:14:17::SCWPlatform:: Platform Path C:/Users/j54mao/ECE423/ECE-423-Labs/workspace/Assignment2_newest/hw/lab_prefab_wrapper_newest_lab2.xsa
TRACE::2025-02-12.14:14:17::SCWPlatform:: Unique name xilinx:pynq-z1::0.0
TRACE::2025-02-12.14:14:17::SCWPlatform::Trying to set the existing hwdb with name lab_prefab_wrapper_1
TRACE::2025-02-12.14:14:17::SCWPlatform::Opened existing hwdb lab_prefab_wrapper_1
TRACE::2025-02-12.14:14:17::SCWPlatform::Found the Hw Db part of the input DSA
TRACE::2025-02-12.14:14:17::SCWMssOS::Checking the sw design at  C:/Users/j54mao/ECE423/ECE-423-Labs/workspace/Assignment2_newest/zynq_fsbl/zynq_fsbl_bsp/system.mss
TRACE::2025-02-12.14:14:17::SCWMssOS::DEBUG:  swdes dump  C:/Users/j54mao/ECE423/ECE-423-Labs/workspace/Assignment2_newest/ps7_cortexa9_0/standalone_domain/bsp/system.mss|system_0||
C:/Users/j54mao/ECE423/ECE-423-Labs/workspace/Assignment2_newest/zynq_fsbl/zynq_fsbl_bsp/system.mss|system||

TRACE::2025-02-12.14:14:17::SCWMssOS::Sw design exists and opened at  C:/Users/j54mao/ECE423/ECE-423-Labs/workspace/Assignment2_newest/zynq_fsbl/zynq_fsbl_bsp/system.mss
TRACE::2025-02-12.14:14:17::SCWPlatform::Trying to open the hw design at C:/Users/j54mao/ECE423/ECE-423-Labs/workspace/Assignment2_newest/hw/lab_prefab_wrapper_newest_lab2.xsa
TRACE::2025-02-12.14:14:17::SCWPlatform::DSA given C:/Users/j54mao/ECE423/ECE-423-Labs/workspace/Assignment2_newest/hw/lab_prefab_wrapper_newest_lab2.xsa
TRACE::2025-02-12.14:14:17::SCWPlatform::DSA absoulate path C:/Users/j54mao/ECE423/ECE-423-Labs/workspace/Assignment2_newest/hw/lab_prefab_wrapper_newest_lab2.xsa
TRACE::2025-02-12.14:14:17::SCWPlatform::DSA directory C:/Users/j54mao/ECE423/ECE-423-Labs/workspace/Assignment2_newest/hw
TRACE::2025-02-12.14:14:17::SCWPlatform:: Platform Path C:/Users/j54mao/ECE423/ECE-423-Labs/workspace/Assignment2_newest/hw/lab_prefab_wrapper_newest_lab2.xsa
TRACE::2025-02-12.14:14:17::SCWPlatform:: Unique name xilinx:pynq-z1::0.0
TRACE::2025-02-12.14:14:17::SCWPlatform::Trying to set the existing hwdb with name lab_prefab_wrapper_1
TRACE::2025-02-12.14:14:17::SCWPlatform::Opened existing hwdb lab_prefab_wrapper_1
TRACE::2025-02-12.14:14:17::SCWPlatform::Found the Hw Db part of the input DSA
TRACE::2025-02-12.14:14:17::SCWMssOS::Checking the sw design at  C:/Users/j54mao/ECE423/ECE-423-Labs/workspace/Assignment2_newest/zynq_fsbl/zynq_fsbl_bsp/system.mss
TRACE::2025-02-12.14:14:17::SCWMssOS::DEBUG:  swdes dump  C:/Users/j54mao/ECE423/ECE-423-Labs/workspace/Assignment2_newest/ps7_cortexa9_0/standalone_domain/bsp/system.mss|system_0||
C:/Users/j54mao/ECE423/ECE-423-Labs/workspace/Assignment2_newest/zynq_fsbl/zynq_fsbl_bsp/system.mss|system||

TRACE::2025-02-12.14:14:17::SCWMssOS::Sw design exists and opened at  C:/Users/j54mao/ECE423/ECE-423-Labs/workspace/Assignment2_newest/zynq_fsbl/zynq_fsbl_bsp/system.mss
TRACE::2025-02-12.14:14:17::SCWPlatform::Trying to open the hw design at C:/Users/j54mao/ECE423/ECE-423-Labs/workspace/Assignment2_newest/hw/lab_prefab_wrapper_newest_lab2.xsa
TRACE::2025-02-12.14:14:17::SCWPlatform::DSA given C:/Users/j54mao/ECE423/ECE-423-Labs/workspace/Assignment2_newest/hw/lab_prefab_wrapper_newest_lab2.xsa
TRACE::2025-02-12.14:14:17::SCWPlatform::DSA absoulate path C:/Users/j54mao/ECE423/ECE-423-Labs/workspace/Assignment2_newest/hw/lab_prefab_wrapper_newest_lab2.xsa
TRACE::2025-02-12.14:14:17::SCWPlatform::DSA directory C:/Users/j54mao/ECE423/ECE-423-Labs/workspace/Assignment2_newest/hw
TRACE::2025-02-12.14:14:17::SCWPlatform:: Platform Path C:/Users/j54mao/ECE423/ECE-423-Labs/workspace/Assignment2_newest/hw/lab_prefab_wrapper_newest_lab2.xsa
TRACE::2025-02-12.14:14:17::SCWPlatform:: Unique name xilinx:pynq-z1::0.0
TRACE::2025-02-12.14:14:17::SCWPlatform::Trying to set the existing hwdb with name lab_prefab_wrapper_1
TRACE::2025-02-12.14:14:17::SCWPlatform::Opened existing hwdb lab_prefab_wrapper_1
TRACE::2025-02-12.14:14:17::SCWPlatform::Found the Hw Db part of the input DSA
TRACE::2025-02-12.14:14:17::SCWMssOS::Checking the sw design at  C:/Users/j54mao/ECE423/ECE-423-Labs/workspace/Assignment2_newest/zynq_fsbl/zynq_fsbl_bsp/system.mss
TRACE::2025-02-12.14:14:17::SCWMssOS::DEBUG:  swdes dump  C:/Users/j54mao/ECE423/ECE-423-Labs/workspace/Assignment2_newest/ps7_cortexa9_0/standalone_domain/bsp/system.mss|system_0||
C:/Users/j54mao/ECE423/ECE-423-Labs/workspace/Assignment2_newest/zynq_fsbl/zynq_fsbl_bsp/system.mss|system||

TRACE::2025-02-12.14:14:17::SCWMssOS::Sw design exists and opened at  C:/Users/j54mao/ECE423/ECE-423-Labs/workspace/Assignment2_newest/zynq_fsbl/zynq_fsbl_bsp/system.mss
TRACE::2025-02-12.14:14:17::SCWPlatform::Trying to open the hw design at C:/Users/j54mao/ECE423/ECE-423-Labs/workspace/Assignment2_newest/hw/lab_prefab_wrapper_newest_lab2.xsa
TRACE::2025-02-12.14:14:17::SCWPlatform::DSA given C:/Users/j54mao/ECE423/ECE-423-Labs/workspace/Assignment2_newest/hw/lab_prefab_wrapper_newest_lab2.xsa
TRACE::2025-02-12.14:14:17::SCWPlatform::DSA absoulate path C:/Users/j54mao/ECE423/ECE-423-Labs/workspace/Assignment2_newest/hw/lab_prefab_wrapper_newest_lab2.xsa
TRACE::2025-02-12.14:14:17::SCWPlatform::DSA directory C:/Users/j54mao/ECE423/ECE-423-Labs/workspace/Assignment2_newest/hw
TRACE::2025-02-12.14:14:17::SCWPlatform:: Platform Path C:/Users/j54mao/ECE423/ECE-423-Labs/workspace/Assignment2_newest/hw/lab_prefab_wrapper_newest_lab2.xsa
TRACE::2025-02-12.14:14:17::SCWPlatform:: Unique name xilinx:pynq-z1::0.0
TRACE::2025-02-12.14:14:17::SCWPlatform::Trying to set the existing hwdb with name lab_prefab_wrapper_1
TRACE::2025-02-12.14:14:17::SCWPlatform::Opened existing hwdb lab_prefab_wrapper_1
TRACE::2025-02-12.14:14:17::SCWPlatform::Found the Hw Db part of the input DSA
TRACE::2025-02-12.14:14:17::SCWMssOS::Checking the sw design at  C:/Users/j54mao/ECE423/ECE-423-Labs/workspace/Assignment2_newest/zynq_fsbl/zynq_fsbl_bsp/system.mss
TRACE::2025-02-12.14:14:17::SCWMssOS::DEBUG:  swdes dump  C:/Users/j54mao/ECE423/ECE-423-Labs/workspace/Assignment2_newest/ps7_cortexa9_0/standalone_domain/bsp/system.mss|system_0||
C:/Users/j54mao/ECE423/ECE-423-Labs/workspace/Assignment2_newest/zynq_fsbl/zynq_fsbl_bsp/system.mss|system||

TRACE::2025-02-12.14:14:17::SCWMssOS::Sw design exists and opened at  C:/Users/j54mao/ECE423/ECE-423-Labs/workspace/Assignment2_newest/zynq_fsbl/zynq_fsbl_bsp/system.mss
TRACE::2025-02-12.14:14:17::SCWPlatform::Trying to open the hw design at C:/Users/j54mao/ECE423/ECE-423-Labs/workspace/Assignment2_newest/hw/lab_prefab_wrapper_newest_lab2.xsa
TRACE::2025-02-12.14:14:17::SCWPlatform::DSA given C:/Users/j54mao/ECE423/ECE-423-Labs/workspace/Assignment2_newest/hw/lab_prefab_wrapper_newest_lab2.xsa
TRACE::2025-02-12.14:14:17::SCWPlatform::DSA absoulate path C:/Users/j54mao/ECE423/ECE-423-Labs/workspace/Assignment2_newest/hw/lab_prefab_wrapper_newest_lab2.xsa
TRACE::2025-02-12.14:14:17::SCWPlatform::DSA directory C:/Users/j54mao/ECE423/ECE-423-Labs/workspace/Assignment2_newest/hw
TRACE::2025-02-12.14:14:17::SCWPlatform:: Platform Path C:/Users/j54mao/ECE423/ECE-423-Labs/workspace/Assignment2_newest/hw/lab_prefab_wrapper_newest_lab2.xsa
TRACE::2025-02-12.14:14:17::SCWPlatform:: Unique name xilinx:pynq-z1::0.0
TRACE::2025-02-12.14:14:17::SCWPlatform::Trying to set the existing hwdb with name lab_prefab_wrapper_1
TRACE::2025-02-12.14:14:17::SCWPlatform::Opened existing hwdb lab_prefab_wrapper_1
TRACE::2025-02-12.14:14:17::SCWPlatform::Found the Hw Db part of the input DSA
TRACE::2025-02-12.14:14:17::SCWMssOS::Checking the sw design at  C:/Users/j54mao/ECE423/ECE-423-Labs/workspace/Assignment2_newest/zynq_fsbl/zynq_fsbl_bsp/system.mss
TRACE::2025-02-12.14:14:17::SCWMssOS::DEBUG:  swdes dump  C:/Users/j54mao/ECE423/ECE-423-Labs/workspace/Assignment2_newest/ps7_cortexa9_0/standalone_domain/bsp/system.mss|system_0||
C:/Users/j54mao/ECE423/ECE-423-Labs/workspace/Assignment2_newest/zynq_fsbl/zynq_fsbl_bsp/system.mss|system||

TRACE::2025-02-12.14:14:17::SCWMssOS::Sw design exists and opened at  C:/Users/j54mao/ECE423/ECE-423-Labs/workspace/Assignment2_newest/zynq_fsbl/zynq_fsbl_bsp/system.mss
TRACE::2025-02-12.14:14:17::SCWPlatform::Trying to open the hw design at C:/Users/j54mao/ECE423/ECE-423-Labs/workspace/Assignment2_newest/hw/lab_prefab_wrapper_newest_lab2.xsa
TRACE::2025-02-12.14:14:17::SCWPlatform::DSA given C:/Users/j54mao/ECE423/ECE-423-Labs/workspace/Assignment2_newest/hw/lab_prefab_wrapper_newest_lab2.xsa
TRACE::2025-02-12.14:14:17::SCWPlatform::DSA absoulate path C:/Users/j54mao/ECE423/ECE-423-Labs/workspace/Assignment2_newest/hw/lab_prefab_wrapper_newest_lab2.xsa
TRACE::2025-02-12.14:14:17::SCWPlatform::DSA directory C:/Users/j54mao/ECE423/ECE-423-Labs/workspace/Assignment2_newest/hw
TRACE::2025-02-12.14:14:17::SCWPlatform:: Platform Path C:/Users/j54mao/ECE423/ECE-423-Labs/workspace/Assignment2_newest/hw/lab_prefab_wrapper_newest_lab2.xsa
TRACE::2025-02-12.14:14:17::SCWPlatform:: Unique name xilinx:pynq-z1::0.0
TRACE::2025-02-12.14:14:17::SCWPlatform::Trying to set the existing hwdb with name lab_prefab_wrapper_1
TRACE::2025-02-12.14:14:17::SCWPlatform::Opened existing hwdb lab_prefab_wrapper_1
TRACE::2025-02-12.14:14:17::SCWPlatform::Found the Hw Db part of the input DSA
TRACE::2025-02-12.14:14:17::SCWMssOS::Checking the sw design at  C:/Users/j54mao/ECE423/ECE-423-Labs/workspace/Assignment2_newest/zynq_fsbl/zynq_fsbl_bsp/system.mss
TRACE::2025-02-12.14:14:17::SCWMssOS::DEBUG:  swdes dump  C:/Users/j54mao/ECE423/ECE-423-Labs/workspace/Assignment2_newest/ps7_cortexa9_0/standalone_domain/bsp/system.mss|system_0||
C:/Users/j54mao/ECE423/ECE-423-Labs/workspace/Assignment2_newest/zynq_fsbl/zynq_fsbl_bsp/system.mss|system||

TRACE::2025-02-12.14:14:17::SCWMssOS::Sw design exists and opened at  C:/Users/j54mao/ECE423/ECE-423-Labs/workspace/Assignment2_newest/zynq_fsbl/zynq_fsbl_bsp/system.mss
TRACE::2025-02-12.14:14:20::SCWPlatform::Trying to open the hw design at C:/Users/j54mao/ECE423/ECE-423-Labs/workspace/Assignment2_newest/hw/lab_prefab_wrapper_newest_lab2.xsa
TRACE::2025-02-12.14:14:20::SCWPlatform::DSA given C:/Users/j54mao/ECE423/ECE-423-Labs/workspace/Assignment2_newest/hw/lab_prefab_wrapper_newest_lab2.xsa
TRACE::2025-02-12.14:14:20::SCWPlatform::DSA absoulate path C:/Users/j54mao/ECE423/ECE-423-Labs/workspace/Assignment2_newest/hw/lab_prefab_wrapper_newest_lab2.xsa
TRACE::2025-02-12.14:14:20::SCWPlatform::DSA directory C:/Users/j54mao/ECE423/ECE-423-Labs/workspace/Assignment2_newest/hw
TRACE::2025-02-12.14:14:20::SCWPlatform:: Platform Path C:/Users/j54mao/ECE423/ECE-423-Labs/workspace/Assignment2_newest/hw/lab_prefab_wrapper_newest_lab2.xsa
TRACE::2025-02-12.14:14:20::SCWPlatform:: Unique name xilinx:pynq-z1::0.0
TRACE::2025-02-12.14:14:20::SCWPlatform::Trying to set the existing hwdb with name lab_prefab_wrapper_1
TRACE::2025-02-12.14:14:20::SCWPlatform::Opened existing hwdb lab_prefab_wrapper_1
TRACE::2025-02-12.14:14:20::SCWPlatform::Found the Hw Db part of the input DSA
TRACE::2025-02-12.14:14:20::SCWMssOS::Checking the sw design at  C:/Users/j54mao/ECE423/ECE-423-Labs/workspace/Assignment2_newest/zynq_fsbl/zynq_fsbl_bsp/system.mss
TRACE::2025-02-12.14:14:20::SCWMssOS::DEBUG:  swdes dump  C:/Users/j54mao/ECE423/ECE-423-Labs/workspace/Assignment2_newest/ps7_cortexa9_0/standalone_domain/bsp/system.mss|system_0||
C:/Users/j54mao/ECE423/ECE-423-Labs/workspace/Assignment2_newest/zynq_fsbl/zynq_fsbl_bsp/system.mss|system||

TRACE::2025-02-12.14:14:20::SCWMssOS::Sw design exists and opened at  C:/Users/j54mao/ECE423/ECE-423-Labs/workspace/Assignment2_newest/zynq_fsbl/zynq_fsbl_bsp/system.mss
TRACE::2025-02-12.14:14:20::SCWPlatform::Trying to open the hw design at C:/Users/j54mao/ECE423/ECE-423-Labs/workspace/Assignment2_newest/hw/lab_prefab_wrapper_newest_lab2.xsa
TRACE::2025-02-12.14:14:20::SCWPlatform::DSA given C:/Users/j54mao/ECE423/ECE-423-Labs/workspace/Assignment2_newest/hw/lab_prefab_wrapper_newest_lab2.xsa
TRACE::2025-02-12.14:14:20::SCWPlatform::DSA absoulate path C:/Users/j54mao/ECE423/ECE-423-Labs/workspace/Assignment2_newest/hw/lab_prefab_wrapper_newest_lab2.xsa
TRACE::2025-02-12.14:14:20::SCWPlatform::DSA directory C:/Users/j54mao/ECE423/ECE-423-Labs/workspace/Assignment2_newest/hw
TRACE::2025-02-12.14:14:20::SCWPlatform:: Platform Path C:/Users/j54mao/ECE423/ECE-423-Labs/workspace/Assignment2_newest/hw/lab_prefab_wrapper_newest_lab2.xsa
TRACE::2025-02-12.14:14:20::SCWPlatform:: Unique name xilinx:pynq-z1::0.0
TRACE::2025-02-12.14:14:20::SCWPlatform::Trying to set the existing hwdb with name lab_prefab_wrapper_1
TRACE::2025-02-12.14:14:20::SCWPlatform::Opened existing hwdb lab_prefab_wrapper_1
TRACE::2025-02-12.14:14:20::SCWPlatform::Found the Hw Db part of the input DSA
TRACE::2025-02-12.14:14:20::SCWMssOS::Checking the sw design at  C:/Users/j54mao/ECE423/ECE-423-Labs/workspace/Assignment2_newest/zynq_fsbl/zynq_fsbl_bsp/system.mss
TRACE::2025-02-12.14:14:20::SCWMssOS::DEBUG:  swdes dump  C:/Users/j54mao/ECE423/ECE-423-Labs/workspace/Assignment2_newest/ps7_cortexa9_0/standalone_domain/bsp/system.mss|system_0||
C:/Users/j54mao/ECE423/ECE-423-Labs/workspace/Assignment2_newest/zynq_fsbl/zynq_fsbl_bsp/system.mss|system||

TRACE::2025-02-12.14:14:20::SCWMssOS::Sw design exists and opened at  C:/Users/j54mao/ECE423/ECE-423-Labs/workspace/Assignment2_newest/zynq_fsbl/zynq_fsbl_bsp/system.mss
TRACE::2025-02-12.14:14:20::SCWPlatform::Trying to open the hw design at C:/Users/j54mao/ECE423/ECE-423-Labs/workspace/Assignment2_newest/hw/lab_prefab_wrapper_newest_lab2.xsa
TRACE::2025-02-12.14:14:20::SCWPlatform::DSA given C:/Users/j54mao/ECE423/ECE-423-Labs/workspace/Assignment2_newest/hw/lab_prefab_wrapper_newest_lab2.xsa
TRACE::2025-02-12.14:14:20::SCWPlatform::DSA absoulate path C:/Users/j54mao/ECE423/ECE-423-Labs/workspace/Assignment2_newest/hw/lab_prefab_wrapper_newest_lab2.xsa
TRACE::2025-02-12.14:14:20::SCWPlatform::DSA directory C:/Users/j54mao/ECE423/ECE-423-Labs/workspace/Assignment2_newest/hw
TRACE::2025-02-12.14:14:20::SCWPlatform:: Platform Path C:/Users/j54mao/ECE423/ECE-423-Labs/workspace/Assignment2_newest/hw/lab_prefab_wrapper_newest_lab2.xsa
TRACE::2025-02-12.14:14:20::SCWPlatform:: Unique name xilinx:pynq-z1::0.0
TRACE::2025-02-12.14:14:20::SCWPlatform::Trying to set the existing hwdb with name lab_prefab_wrapper_1
TRACE::2025-02-12.14:14:20::SCWPlatform::Opened existing hwdb lab_prefab_wrapper_1
TRACE::2025-02-12.14:14:20::SCWPlatform::Found the Hw Db part of the input DSA
TRACE::2025-02-12.14:14:20::SCWMssOS::Checking the sw design at  C:/Users/j54mao/ECE423/ECE-423-Labs/workspace/Assignment2_newest/zynq_fsbl/zynq_fsbl_bsp/system.mss
TRACE::2025-02-12.14:14:20::SCWMssOS::DEBUG:  swdes dump  C:/Users/j54mao/ECE423/ECE-423-Labs/workspace/Assignment2_newest/ps7_cortexa9_0/standalone_domain/bsp/system.mss|system_0||
C:/Users/j54mao/ECE423/ECE-423-Labs/workspace/Assignment2_newest/zynq_fsbl/zynq_fsbl_bsp/system.mss|system||

TRACE::2025-02-12.14:14:20::SCWMssOS::Sw design exists and opened at  C:/Users/j54mao/ECE423/ECE-423-Labs/workspace/Assignment2_newest/zynq_fsbl/zynq_fsbl_bsp/system.mss
TRACE::2025-02-12.14:14:20::SCWPlatform::Trying to open the hw design at C:/Users/j54mao/ECE423/ECE-423-Labs/workspace/Assignment2_newest/hw/lab_prefab_wrapper_newest_lab2.xsa
TRACE::2025-02-12.14:14:20::SCWPlatform::DSA given C:/Users/j54mao/ECE423/ECE-423-Labs/workspace/Assignment2_newest/hw/lab_prefab_wrapper_newest_lab2.xsa
TRACE::2025-02-12.14:14:20::SCWPlatform::DSA absoulate path C:/Users/j54mao/ECE423/ECE-423-Labs/workspace/Assignment2_newest/hw/lab_prefab_wrapper_newest_lab2.xsa
TRACE::2025-02-12.14:14:20::SCWPlatform::DSA directory C:/Users/j54mao/ECE423/ECE-423-Labs/workspace/Assignment2_newest/hw
TRACE::2025-02-12.14:14:20::SCWPlatform:: Platform Path C:/Users/j54mao/ECE423/ECE-423-Labs/workspace/Assignment2_newest/hw/lab_prefab_wrapper_newest_lab2.xsa
TRACE::2025-02-12.14:14:20::SCWPlatform:: Unique name xilinx:pynq-z1::0.0
TRACE::2025-02-12.14:14:20::SCWPlatform::Trying to set the existing hwdb with name lab_prefab_wrapper_1
TRACE::2025-02-12.14:14:20::SCWPlatform::Opened existing hwdb lab_prefab_wrapper_1
TRACE::2025-02-12.14:14:20::SCWPlatform::Found the Hw Db part of the input DSA
TRACE::2025-02-12.14:14:20::SCWMssOS::Checking the sw design at  C:/Users/j54mao/ECE423/ECE-423-Labs/workspace/Assignment2_newest/zynq_fsbl/zynq_fsbl_bsp/system.mss
TRACE::2025-02-12.14:14:20::SCWMssOS::DEBUG:  swdes dump  C:/Users/j54mao/ECE423/ECE-423-Labs/workspace/Assignment2_newest/ps7_cortexa9_0/standalone_domain/bsp/system.mss|system_0||
C:/Users/j54mao/ECE423/ECE-423-Labs/workspace/Assignment2_newest/zynq_fsbl/zynq_fsbl_bsp/system.mss|system||

TRACE::2025-02-12.14:14:20::SCWMssOS::Sw design exists and opened at  C:/Users/j54mao/ECE423/ECE-423-Labs/workspace/Assignment2_newest/zynq_fsbl/zynq_fsbl_bsp/system.mss
TRACE::2025-02-12.14:14:20::SCWPlatform::Trying to open the hw design at C:/Users/j54mao/ECE423/ECE-423-Labs/workspace/Assignment2_newest/hw/lab_prefab_wrapper_newest_lab2.xsa
TRACE::2025-02-12.14:14:20::SCWPlatform::DSA given C:/Users/j54mao/ECE423/ECE-423-Labs/workspace/Assignment2_newest/hw/lab_prefab_wrapper_newest_lab2.xsa
TRACE::2025-02-12.14:14:20::SCWPlatform::DSA absoulate path C:/Users/j54mao/ECE423/ECE-423-Labs/workspace/Assignment2_newest/hw/lab_prefab_wrapper_newest_lab2.xsa
TRACE::2025-02-12.14:14:20::SCWPlatform::DSA directory C:/Users/j54mao/ECE423/ECE-423-Labs/workspace/Assignment2_newest/hw
TRACE::2025-02-12.14:14:20::SCWPlatform:: Platform Path C:/Users/j54mao/ECE423/ECE-423-Labs/workspace/Assignment2_newest/hw/lab_prefab_wrapper_newest_lab2.xsa
TRACE::2025-02-12.14:14:20::SCWPlatform:: Unique name xilinx:pynq-z1::0.0
TRACE::2025-02-12.14:14:20::SCWPlatform::Trying to set the existing hwdb with name lab_prefab_wrapper_1
TRACE::2025-02-12.14:14:20::SCWPlatform::Opened existing hwdb lab_prefab_wrapper_1
TRACE::2025-02-12.14:14:20::SCWPlatform::Found the Hw Db part of the input DSA
TRACE::2025-02-12.14:14:20::SCWMssOS::Checking the sw design at  C:/Users/j54mao/ECE423/ECE-423-Labs/workspace/Assignment2_newest/zynq_fsbl/zynq_fsbl_bsp/system.mss
TRACE::2025-02-12.14:14:20::SCWMssOS::DEBUG:  swdes dump  C:/Users/j54mao/ECE423/ECE-423-Labs/workspace/Assignment2_newest/ps7_cortexa9_0/standalone_domain/bsp/system.mss|system_0||
C:/Users/j54mao/ECE423/ECE-423-Labs/workspace/Assignment2_newest/zynq_fsbl/zynq_fsbl_bsp/system.mss|system||

TRACE::2025-02-12.14:14:20::SCWMssOS::Sw design exists and opened at  C:/Users/j54mao/ECE423/ECE-423-Labs/workspace/Assignment2_newest/zynq_fsbl/zynq_fsbl_bsp/system.mss
TRACE::2025-02-12.14:14:20::SCWPlatform::Trying to open the hw design at C:/Users/j54mao/ECE423/ECE-423-Labs/workspace/Assignment2_newest/hw/lab_prefab_wrapper_newest_lab2.xsa
TRACE::2025-02-12.14:14:20::SCWPlatform::DSA given C:/Users/j54mao/ECE423/ECE-423-Labs/workspace/Assignment2_newest/hw/lab_prefab_wrapper_newest_lab2.xsa
TRACE::2025-02-12.14:14:20::SCWPlatform::DSA absoulate path C:/Users/j54mao/ECE423/ECE-423-Labs/workspace/Assignment2_newest/hw/lab_prefab_wrapper_newest_lab2.xsa
TRACE::2025-02-12.14:14:20::SCWPlatform::DSA directory C:/Users/j54mao/ECE423/ECE-423-Labs/workspace/Assignment2_newest/hw
TRACE::2025-02-12.14:14:20::SCWPlatform:: Platform Path C:/Users/j54mao/ECE423/ECE-423-Labs/workspace/Assignment2_newest/hw/lab_prefab_wrapper_newest_lab2.xsa
TRACE::2025-02-12.14:14:20::SCWPlatform:: Unique name xilinx:pynq-z1::0.0
TRACE::2025-02-12.14:14:20::SCWPlatform::Trying to set the existing hwdb with name lab_prefab_wrapper_1
TRACE::2025-02-12.14:14:20::SCWPlatform::Opened existing hwdb lab_prefab_wrapper_1
TRACE::2025-02-12.14:14:20::SCWPlatform::Found the Hw Db part of the input DSA
TRACE::2025-02-12.14:14:20::SCWMssOS::Checking the sw design at  C:/Users/j54mao/ECE423/ECE-423-Labs/workspace/Assignment2_newest/zynq_fsbl/zynq_fsbl_bsp/system.mss
TRACE::2025-02-12.14:14:20::SCWMssOS::DEBUG:  swdes dump  C:/Users/j54mao/ECE423/ECE-423-Labs/workspace/Assignment2_newest/ps7_cortexa9_0/standalone_domain/bsp/system.mss|system_0||
C:/Users/j54mao/ECE423/ECE-423-Labs/workspace/Assignment2_newest/zynq_fsbl/zynq_fsbl_bsp/system.mss|system||

TRACE::2025-02-12.14:14:20::SCWMssOS::Sw design exists and opened at  C:/Users/j54mao/ECE423/ECE-423-Labs/workspace/Assignment2_newest/zynq_fsbl/zynq_fsbl_bsp/system.mss
TRACE::2025-02-12.14:14:20::SCWMssOS::Saving the mss changes C:/Users/j54mao/ECE423/ECE-423-Labs/workspace/Assignment2_newest/zynq_fsbl/zynq_fsbl_bsp/system.mss
TRACE::2025-02-12.14:14:20::SCWMssOS::Found a swdesign opened with the mssfile.
TRACE::2025-02-12.14:14:20::SCWMssOS::Completed writemss as part of save.
TRACE::2025-02-12.14:14:20::SCWMssOS::Commit changes completed.
TRACE::2025-02-12.14:14:20::SCWMssOS::Saving the mss changes C:/Users/j54mao/ECE423/ECE-423-Labs/workspace/Assignment2_newest/ps7_cortexa9_0/standalone_domain/bsp/system.mss
TRACE::2025-02-12.14:14:20::SCWMssOS::Found a swdesign opened with the mssfile.
TRACE::2025-02-12.14:14:20::SCWMssOS::Completed writemss as part of save.
TRACE::2025-02-12.14:14:20::SCWMssOS::Commit changes completed.
TRACE::2025-02-12.14:14:20::SCWPlatform::Trying to open the hw design at C:/Users/j54mao/ECE423/ECE-423-Labs/workspace/Assignment2_newest/hw/lab_prefab_wrapper_newest_lab2.xsa
TRACE::2025-02-12.14:14:20::SCWPlatform::DSA given C:/Users/j54mao/ECE423/ECE-423-Labs/workspace/Assignment2_newest/hw/lab_prefab_wrapper_newest_lab2.xsa
TRACE::2025-02-12.14:14:20::SCWPlatform::DSA absoulate path C:/Users/j54mao/ECE423/ECE-423-Labs/workspace/Assignment2_newest/hw/lab_prefab_wrapper_newest_lab2.xsa
TRACE::2025-02-12.14:14:20::SCWPlatform::DSA directory C:/Users/j54mao/ECE423/ECE-423-Labs/workspace/Assignment2_newest/hw
TRACE::2025-02-12.14:14:20::SCWPlatform:: Platform Path C:/Users/j54mao/ECE423/ECE-423-Labs/workspace/Assignment2_newest/hw/lab_prefab_wrapper_newest_lab2.xsa
TRACE::2025-02-12.14:14:20::SCWPlatform:: Unique name xilinx:pynq-z1::0.0
TRACE::2025-02-12.14:14:20::SCWPlatform::Trying to set the existing hwdb with name lab_prefab_wrapper_1
TRACE::2025-02-12.14:14:20::SCWPlatform::Opened existing hwdb lab_prefab_wrapper_1
TRACE::2025-02-12.14:14:20::SCWPlatform::Found the Hw Db part of the input DSA
TRACE::2025-02-12.14:14:20::SCWMssOS::Checking the sw design at  C:/Users/j54mao/ECE423/ECE-423-Labs/workspace/Assignment2_newest/zynq_fsbl/zynq_fsbl_bsp/system.mss
TRACE::2025-02-12.14:14:20::SCWMssOS::DEBUG:  swdes dump  C:/Users/j54mao/ECE423/ECE-423-Labs/workspace/Assignment2_newest/ps7_cortexa9_0/standalone_domain/bsp/system.mss|system_0||
C:/Users/j54mao/ECE423/ECE-423-Labs/workspace/Assignment2_newest/zynq_fsbl/zynq_fsbl_bsp/system.mss|system||

TRACE::2025-02-12.14:14:20::SCWMssOS::Sw design exists and opened at  C:/Users/j54mao/ECE423/ECE-423-Labs/workspace/Assignment2_newest/zynq_fsbl/zynq_fsbl_bsp/system.mss
TRACE::2025-02-12.14:14:20::SCWPlatform::Trying to open the hw design at C:/Users/j54mao/ECE423/ECE-423-Labs/workspace/Assignment2_newest/hw/lab_prefab_wrapper_newest_lab2.xsa
TRACE::2025-02-12.14:14:20::SCWPlatform::DSA given C:/Users/j54mao/ECE423/ECE-423-Labs/workspace/Assignment2_newest/hw/lab_prefab_wrapper_newest_lab2.xsa
TRACE::2025-02-12.14:14:20::SCWPlatform::DSA absoulate path C:/Users/j54mao/ECE423/ECE-423-Labs/workspace/Assignment2_newest/hw/lab_prefab_wrapper_newest_lab2.xsa
TRACE::2025-02-12.14:14:20::SCWPlatform::DSA directory C:/Users/j54mao/ECE423/ECE-423-Labs/workspace/Assignment2_newest/hw
TRACE::2025-02-12.14:14:20::SCWPlatform:: Platform Path C:/Users/j54mao/ECE423/ECE-423-Labs/workspace/Assignment2_newest/hw/lab_prefab_wrapper_newest_lab2.xsa
TRACE::2025-02-12.14:14:20::SCWPlatform:: Unique name xilinx:pynq-z1::0.0
TRACE::2025-02-12.14:14:20::SCWPlatform::Trying to set the existing hwdb with name lab_prefab_wrapper_1
TRACE::2025-02-12.14:14:20::SCWPlatform::Opened existing hwdb lab_prefab_wrapper_1
TRACE::2025-02-12.14:14:20::SCWPlatform::Found the Hw Db part of the input DSA
TRACE::2025-02-12.14:14:20::SCWMssOS::Checking the sw design at  C:/Users/j54mao/ECE423/ECE-423-Labs/workspace/Assignment2_newest/ps7_cortexa9_0/standalone_domain/bsp/system.mss
TRACE::2025-02-12.14:14:20::SCWMssOS::DEBUG:  swdes dump  C:/Users/j54mao/ECE423/ECE-423-Labs/workspace/Assignment2_newest/ps7_cortexa9_0/standalone_domain/bsp/system.mss|system_0||
C:/Users/j54mao/ECE423/ECE-423-Labs/workspace/Assignment2_newest/zynq_fsbl/zynq_fsbl_bsp/system.mss|system||

TRACE::2025-02-12.14:14:20::SCWMssOS::Sw design exists and opened at  C:/Users/j54mao/ECE423/ECE-423-Labs/workspace/Assignment2_newest/ps7_cortexa9_0/standalone_domain/bsp/system.mss
TRACE::2025-02-12.14:14:20::SCWWriter::formatted JSON is {
	"platformName":	"Assignment2_newest",
	"sprVersion":	"2.0",
	"mode":	"gui",
	"dsaType":	"Fixed",
	"platformDesc":	"Assignment2_newest",
	"platHandOff":	"C:/Users/j54mao/ECE423/ECE-423-Labs/ece423_prefab/ece423_prefab/lab_prefab/lab_prefab_wrapper_newest_lab2.xsa",
	"platIntHandOff":	"<platformDir>/hw/lab_prefab_wrapper_newest_lab2.xsa",
	"deviceType":	"zynq",
	"platIsPrebuiltAutogen":	"false",
	"platIsNoBootBsp":	"false",
	"hasFsblMakeHasChanges":	"false",
	"hasPmufwMakeHasChanges":	"false",
	"fsblExtraCompilerFlags":	"-MMD -MP       -mcpu=cortex-a9 -mfpu=vfpv3 -mfloat-abi=hard ",
	"platPreBuiltFlag":	false,
	"platformSamplesDir":	"",
	"platActiveSys":	"Assignment2_newest",
	"systems":	[{
			"systemName":	"Assignment2_newest",
			"systemDesc":	"Assignment2_newest",
			"sysIsBootAutoGen":	"true",
			"systemDispName":	"Assignment2_newest",
			"sysActiveDom":	"zynq_fsbl",
			"sysDefaultDom":	"standalone_domain",
			"domains":	[{
					"domainName":	"zynq_fsbl",
					"domainDispName":	"zynq_fsbl",
					"domainDesc":	"FSBL Application BSP - Auto Generated.",
					"processors":	"ps7_cortexa9_0",
					"os":	"standalone",
					"sdxOs":	"standalone",
					"debugEnable":	"",
					"domRuntimes":	["cpp"],
					"swRepo":	"",
					"mssOsVer":	"7.7",
					"mssFile":	"",
					"md5Digest":	"4bdfa872853735a660eaeae9ac55f0bb",
					"compatibleApp":	"zynq_fsbl",
					"domType":	"bootDomain",
					"arch":	"32-bit",
					"appSettings":	{
						"appCompilerFlags":	"",
						"appLinkerFlags":	""
					},
					"addedLibs":	["xilffs:4.7", "xilrsa:1.6"],
					"libOptions":	{
						"xilffs":	{
							"enable_multi_partition":	"true",
							"num_logical_vol":	"10",
							"libOptionNames":	["enable_multi_partition", "num_logical_vol"]
						},
						"libsContainingOptions":	["xilffs"]
					},
					"prebuiltLibs":	{
						"prebuiltIncPath":	[],
						"prebuiltLibPath":	[]
					},
					"isolation":	{
					}
				}, {
					"domainName":	"standalone_domain",
					"domainDispName":	"standalone on ps7_cortexa9_0",
					"domainDesc":	"standalone_domain",
					"processors":	"ps7_cortexa9_0",
					"os":	"standalone",
					"sdxOs":	"standalone",
					"qemuArgs":	"<platformDir>/resources/Assignment2_newest/standalone_domain/qemu_args.txt",
					"qemuData":	"<platformDir>/resources/Assignment2_newest/standalone_domain/qemu",
					"debugEnable":	"False",
					"domRuntimes":	["cpp"],
					"swRepo":	"",
					"mssOsVer":	"7.7",
					"mssFile":	"",
					"md5Digest":	"90759cd7d17204249617ea3f07fde571",
					"compatibleApp":	"",
					"domType":	"mssDomain",
					"appSettings":	{
						"appCompilerFlags":	"",
						"appLinkerFlags":	""
					},
					"addedLibs":	[],
					"libOptions":	{
						"libsContainingOptions":	[]
					},
					"prebuiltLibs":	{
						"prebuiltIncPath":	[],
						"prebuiltLibPath":	[]
					},
					"isolation":	{
					}
				}]
		}]
}
TRACE::2025-02-12.14:14:20::SCWMssOS::Saving the mss changes C:/Users/j54mao/ECE423/ECE-423-Labs/workspace/Assignment2_newest/zynq_fsbl/zynq_fsbl_bsp/system.mss
TRACE::2025-02-12.14:14:20::SCWMssOS::Found a swdesign opened with the mssfile.
TRACE::2025-02-12.14:14:20::SCWMssOS::Completed writemss as part of save.
TRACE::2025-02-12.14:14:20::SCWMssOS::Commit changes completed.
TRACE::2025-02-12.14:14:20::SCWPlatform::Trying to open the hw design at C:/Users/j54mao/ECE423/ECE-423-Labs/workspace/Assignment2_newest/hw/lab_prefab_wrapper_newest_lab2.xsa
TRACE::2025-02-12.14:14:20::SCWPlatform::DSA given C:/Users/j54mao/ECE423/ECE-423-Labs/workspace/Assignment2_newest/hw/lab_prefab_wrapper_newest_lab2.xsa
TRACE::2025-02-12.14:14:20::SCWPlatform::DSA absoulate path C:/Users/j54mao/ECE423/ECE-423-Labs/workspace/Assignment2_newest/hw/lab_prefab_wrapper_newest_lab2.xsa
TRACE::2025-02-12.14:14:20::SCWPlatform::DSA directory C:/Users/j54mao/ECE423/ECE-423-Labs/workspace/Assignment2_newest/hw
TRACE::2025-02-12.14:14:20::SCWPlatform:: Platform Path C:/Users/j54mao/ECE423/ECE-423-Labs/workspace/Assignment2_newest/hw/lab_prefab_wrapper_newest_lab2.xsa
TRACE::2025-02-12.14:14:20::SCWPlatform:: Unique name xilinx:pynq-z1::0.0
TRACE::2025-02-12.14:14:20::SCWPlatform::Trying to set the existing hwdb with name lab_prefab_wrapper_1
TRACE::2025-02-12.14:14:20::SCWPlatform::Opened existing hwdb lab_prefab_wrapper_1
TRACE::2025-02-12.14:14:20::SCWPlatform::Found the Hw Db part of the input DSA
TRACE::2025-02-12.14:14:20::SCWMssOS::Checking the sw design at  C:/Users/j54mao/ECE423/ECE-423-Labs/workspace/Assignment2_newest/zynq_fsbl/zynq_fsbl_bsp/system.mss
TRACE::2025-02-12.14:14:20::SCWMssOS::DEBUG:  swdes dump  C:/Users/j54mao/ECE423/ECE-423-Labs/workspace/Assignment2_newest/ps7_cortexa9_0/standalone_domain/bsp/system.mss|system_0||
C:/Users/j54mao/ECE423/ECE-423-Labs/workspace/Assignment2_newest/zynq_fsbl/zynq_fsbl_bsp/system.mss|system||

TRACE::2025-02-12.14:14:20::SCWMssOS::Sw design exists and opened at  C:/Users/j54mao/ECE423/ECE-423-Labs/workspace/Assignment2_newest/zynq_fsbl/zynq_fsbl_bsp/system.mss
TRACE::2025-02-12.14:14:20::SCWMssOS::Removing the swdes entry for  C:/Users/j54mao/ECE423/ECE-423-Labs/workspace/Assignment2_newest/zynq_fsbl/zynq_fsbl_bsp/system.mss
TRACE::2025-02-12.14:14:21::SCWMssOS::In reload Mss file.
TRACE::2025-02-12.14:14:21::SCWPlatform::Trying to open the hw design at C:/Users/j54mao/ECE423/ECE-423-Labs/workspace/Assignment2_newest/hw/lab_prefab_wrapper_newest_lab2.xsa
TRACE::2025-02-12.14:14:21::SCWPlatform::DSA given C:/Users/j54mao/ECE423/ECE-423-Labs/workspace/Assignment2_newest/hw/lab_prefab_wrapper_newest_lab2.xsa
TRACE::2025-02-12.14:14:21::SCWPlatform::DSA absoulate path C:/Users/j54mao/ECE423/ECE-423-Labs/workspace/Assignment2_newest/hw/lab_prefab_wrapper_newest_lab2.xsa
TRACE::2025-02-12.14:14:21::SCWPlatform::DSA directory C:/Users/j54mao/ECE423/ECE-423-Labs/workspace/Assignment2_newest/hw
TRACE::2025-02-12.14:14:21::SCWPlatform:: Platform Path C:/Users/j54mao/ECE423/ECE-423-Labs/workspace/Assignment2_newest/hw/lab_prefab_wrapper_newest_lab2.xsa
TRACE::2025-02-12.14:14:21::SCWPlatform:: Unique name xilinx:pynq-z1::0.0
TRACE::2025-02-12.14:14:21::SCWPlatform::Trying to set the existing hwdb with name lab_prefab_wrapper_1
TRACE::2025-02-12.14:14:21::SCWPlatform::Opened existing hwdb lab_prefab_wrapper_1
TRACE::2025-02-12.14:14:21::SCWPlatform::Found the Hw Db part of the input DSA
TRACE::2025-02-12.14:14:21::SCWMssOS::Checking the sw design at  C:/Users/j54mao/ECE423/ECE-423-Labs/workspace/Assignment2_newest/zynq_fsbl/zynq_fsbl_bsp/system.mss
TRACE::2025-02-12.14:14:21::SCWMssOS::DEBUG:  swdes dump  C:/Users/j54mao/ECE423/ECE-423-Labs/workspace/Assignment2_newest/ps7_cortexa9_0/standalone_domain/bsp/system.mss|system_0||

TRACE::2025-02-12.14:14:21::SCWMssOS::No sw design opened at  C:/Users/j54mao/ECE423/ECE-423-Labs/workspace/Assignment2_newest/zynq_fsbl/zynq_fsbl_bsp/system.mss
TRACE::2025-02-12.14:14:21::SCWMssOS::mss exists loading the mss file  C:/Users/j54mao/ECE423/ECE-423-Labs/workspace/Assignment2_newest/zynq_fsbl/zynq_fsbl_bsp/system.mss
TRACE::2025-02-12.14:14:21::SCWMssOS::Opened the sw design from mss  C:/Users/j54mao/ECE423/ECE-423-Labs/workspace/Assignment2_newest/zynq_fsbl/zynq_fsbl_bsp/system.mss
TRACE::2025-02-12.14:14:21::SCWMssOS::Adding the swdes entry C:/Users/j54mao/ECE423/ECE-423-Labs/workspace/Assignment2_newest/zynq_fsbl/zynq_fsbl_bsp/system.mss with des name system
TRACE::2025-02-12.14:14:21::SCWMssOS::updating the scw layer about changes
TRACE::2025-02-12.14:14:21::SCWMssOS::Opened the sw design.  C:/Users/j54mao/ECE423/ECE-423-Labs/workspace/Assignment2_newest/zynq_fsbl/zynq_fsbl_bsp/system.mss
TRACE::2025-02-12.14:14:21::SCWPlatform::Trying to open the hw design at C:/Users/j54mao/ECE423/ECE-423-Labs/workspace/Assignment2_newest/hw/lab_prefab_wrapper_newest_lab2.xsa
TRACE::2025-02-12.14:14:21::SCWPlatform::DSA given C:/Users/j54mao/ECE423/ECE-423-Labs/workspace/Assignment2_newest/hw/lab_prefab_wrapper_newest_lab2.xsa
TRACE::2025-02-12.14:14:21::SCWPlatform::DSA absoulate path C:/Users/j54mao/ECE423/ECE-423-Labs/workspace/Assignment2_newest/hw/lab_prefab_wrapper_newest_lab2.xsa
TRACE::2025-02-12.14:14:21::SCWPlatform::DSA directory C:/Users/j54mao/ECE423/ECE-423-Labs/workspace/Assignment2_newest/hw
TRACE::2025-02-12.14:14:21::SCWPlatform:: Platform Path C:/Users/j54mao/ECE423/ECE-423-Labs/workspace/Assignment2_newest/hw/lab_prefab_wrapper_newest_lab2.xsa
TRACE::2025-02-12.14:14:21::SCWPlatform:: Unique name xilinx:pynq-z1::0.0
TRACE::2025-02-12.14:14:21::SCWPlatform::Trying to set the existing hwdb with name lab_prefab_wrapper_1
TRACE::2025-02-12.14:14:21::SCWPlatform::Opened existing hwdb lab_prefab_wrapper_1
TRACE::2025-02-12.14:14:21::SCWPlatform::Found the Hw Db part of the input DSA
TRACE::2025-02-12.14:14:21::SCWMssOS::Checking the sw design at  C:/Users/j54mao/ECE423/ECE-423-Labs/workspace/Assignment2_newest/zynq_fsbl/zynq_fsbl_bsp/system.mss
TRACE::2025-02-12.14:14:21::SCWMssOS::DEBUG:  swdes dump  C:/Users/j54mao/ECE423/ECE-423-Labs/workspace/Assignment2_newest/ps7_cortexa9_0/standalone_domain/bsp/system.mss|system_0||
C:/Users/j54mao/ECE423/ECE-423-Labs/workspace/Assignment2_newest/zynq_fsbl/zynq_fsbl_bsp/system.mss|system||

TRACE::2025-02-12.14:14:21::SCWMssOS::Sw design exists and opened at  C:/Users/j54mao/ECE423/ECE-423-Labs/workspace/Assignment2_newest/zynq_fsbl/zynq_fsbl_bsp/system.mss
TRACE::2025-02-12.14:14:21::SCWMssOS:: library already available in sw design:  xilffs:4.7
TRACE::2025-02-12.14:14:21::SCWPlatform::Trying to open the hw design at C:/Users/j54mao/ECE423/ECE-423-Labs/workspace/Assignment2_newest/hw/lab_prefab_wrapper_newest_lab2.xsa
TRACE::2025-02-12.14:14:21::SCWPlatform::DSA given C:/Users/j54mao/ECE423/ECE-423-Labs/workspace/Assignment2_newest/hw/lab_prefab_wrapper_newest_lab2.xsa
TRACE::2025-02-12.14:14:21::SCWPlatform::DSA absoulate path C:/Users/j54mao/ECE423/ECE-423-Labs/workspace/Assignment2_newest/hw/lab_prefab_wrapper_newest_lab2.xsa
TRACE::2025-02-12.14:14:21::SCWPlatform::DSA directory C:/Users/j54mao/ECE423/ECE-423-Labs/workspace/Assignment2_newest/hw
TRACE::2025-02-12.14:14:21::SCWPlatform:: Platform Path C:/Users/j54mao/ECE423/ECE-423-Labs/workspace/Assignment2_newest/hw/lab_prefab_wrapper_newest_lab2.xsa
TRACE::2025-02-12.14:14:21::SCWPlatform:: Unique name xilinx:pynq-z1::0.0
TRACE::2025-02-12.14:14:21::SCWPlatform::Trying to set the existing hwdb with name lab_prefab_wrapper_1
TRACE::2025-02-12.14:14:21::SCWPlatform::Opened existing hwdb lab_prefab_wrapper_1
TRACE::2025-02-12.14:14:21::SCWPlatform::Found the Hw Db part of the input DSA
TRACE::2025-02-12.14:14:21::SCWMssOS::Checking the sw design at  C:/Users/j54mao/ECE423/ECE-423-Labs/workspace/Assignment2_newest/zynq_fsbl/zynq_fsbl_bsp/system.mss
TRACE::2025-02-12.14:14:21::SCWMssOS::DEBUG:  swdes dump  C:/Users/j54mao/ECE423/ECE-423-Labs/workspace/Assignment2_newest/ps7_cortexa9_0/standalone_domain/bsp/system.mss|system_0||
C:/Users/j54mao/ECE423/ECE-423-Labs/workspace/Assignment2_newest/zynq_fsbl/zynq_fsbl_bsp/system.mss|system||

TRACE::2025-02-12.14:14:21::SCWMssOS::Sw design exists and opened at  C:/Users/j54mao/ECE423/ECE-423-Labs/workspace/Assignment2_newest/zynq_fsbl/zynq_fsbl_bsp/system.mss
TRACE::2025-02-12.14:14:21::SCWMssOS:: library already available in sw design:  xilrsa:1.6
TRACE::2025-02-12.14:14:21::SCWPlatform::Trying to open the hw design at C:/Users/j54mao/ECE423/ECE-423-Labs/workspace/Assignment2_newest/hw/lab_prefab_wrapper_newest_lab2.xsa
TRACE::2025-02-12.14:14:21::SCWPlatform::DSA given C:/Users/j54mao/ECE423/ECE-423-Labs/workspace/Assignment2_newest/hw/lab_prefab_wrapper_newest_lab2.xsa
TRACE::2025-02-12.14:14:21::SCWPlatform::DSA absoulate path C:/Users/j54mao/ECE423/ECE-423-Labs/workspace/Assignment2_newest/hw/lab_prefab_wrapper_newest_lab2.xsa
TRACE::2025-02-12.14:14:21::SCWPlatform::DSA directory C:/Users/j54mao/ECE423/ECE-423-Labs/workspace/Assignment2_newest/hw
TRACE::2025-02-12.14:14:21::SCWPlatform:: Platform Path C:/Users/j54mao/ECE423/ECE-423-Labs/workspace/Assignment2_newest/hw/lab_prefab_wrapper_newest_lab2.xsa
TRACE::2025-02-12.14:14:21::SCWPlatform:: Unique name xilinx:pynq-z1::0.0
TRACE::2025-02-12.14:14:21::SCWPlatform::Trying to set the existing hwdb with name lab_prefab_wrapper_1
TRACE::2025-02-12.14:14:21::SCWPlatform::Opened existing hwdb lab_prefab_wrapper_1
TRACE::2025-02-12.14:14:21::SCWPlatform::Found the Hw Db part of the input DSA
TRACE::2025-02-12.14:14:21::SCWMssOS::Checking the sw design at  C:/Users/j54mao/ECE423/ECE-423-Labs/workspace/Assignment2_newest/zynq_fsbl/zynq_fsbl_bsp/system.mss
TRACE::2025-02-12.14:14:21::SCWMssOS::DEBUG:  swdes dump  C:/Users/j54mao/ECE423/ECE-423-Labs/workspace/Assignment2_newest/ps7_cortexa9_0/standalone_domain/bsp/system.mss|system_0||
C:/Users/j54mao/ECE423/ECE-423-Labs/workspace/Assignment2_newest/zynq_fsbl/zynq_fsbl_bsp/system.mss|system||

TRACE::2025-02-12.14:14:21::SCWMssOS::Sw design exists and opened at  C:/Users/j54mao/ECE423/ECE-423-Labs/workspace/Assignment2_newest/zynq_fsbl/zynq_fsbl_bsp/system.mss
TRACE::2025-02-12.14:14:21::SCWPlatform::Trying to open the hw design at C:/Users/j54mao/ECE423/ECE-423-Labs/workspace/Assignment2_newest/hw/lab_prefab_wrapper_newest_lab2.xsa
TRACE::2025-02-12.14:14:21::SCWPlatform::DSA given C:/Users/j54mao/ECE423/ECE-423-Labs/workspace/Assignment2_newest/hw/lab_prefab_wrapper_newest_lab2.xsa
TRACE::2025-02-12.14:14:21::SCWPlatform::DSA absoulate path C:/Users/j54mao/ECE423/ECE-423-Labs/workspace/Assignment2_newest/hw/lab_prefab_wrapper_newest_lab2.xsa
TRACE::2025-02-12.14:14:21::SCWPlatform::DSA directory C:/Users/j54mao/ECE423/ECE-423-Labs/workspace/Assignment2_newest/hw
TRACE::2025-02-12.14:14:21::SCWPlatform:: Platform Path C:/Users/j54mao/ECE423/ECE-423-Labs/workspace/Assignment2_newest/hw/lab_prefab_wrapper_newest_lab2.xsa
TRACE::2025-02-12.14:14:21::SCWPlatform:: Unique name xilinx:pynq-z1::0.0
TRACE::2025-02-12.14:14:21::SCWPlatform::Trying to set the existing hwdb with name lab_prefab_wrapper_1
TRACE::2025-02-12.14:14:21::SCWPlatform::Opened existing hwdb lab_prefab_wrapper_1
TRACE::2025-02-12.14:14:21::SCWPlatform::Found the Hw Db part of the input DSA
TRACE::2025-02-12.14:14:21::SCWMssOS::Checking the sw design at  C:/Users/j54mao/ECE423/ECE-423-Labs/workspace/Assignment2_newest/zynq_fsbl/zynq_fsbl_bsp/system.mss
TRACE::2025-02-12.14:14:21::SCWMssOS::DEBUG:  swdes dump  C:/Users/j54mao/ECE423/ECE-423-Labs/workspace/Assignment2_newest/ps7_cortexa9_0/standalone_domain/bsp/system.mss|system_0||
C:/Users/j54mao/ECE423/ECE-423-Labs/workspace/Assignment2_newest/zynq_fsbl/zynq_fsbl_bsp/system.mss|system||

TRACE::2025-02-12.14:14:21::SCWMssOS::Sw design exists and opened at  C:/Users/j54mao/ECE423/ECE-423-Labs/workspace/Assignment2_newest/zynq_fsbl/zynq_fsbl_bsp/system.mss
TRACE::2025-02-12.14:14:21::SCWPlatform::Trying to open the hw design at C:/Users/j54mao/ECE423/ECE-423-Labs/workspace/Assignment2_newest/hw/lab_prefab_wrapper_newest_lab2.xsa
TRACE::2025-02-12.14:14:21::SCWPlatform::DSA given C:/Users/j54mao/ECE423/ECE-423-Labs/workspace/Assignment2_newest/hw/lab_prefab_wrapper_newest_lab2.xsa
TRACE::2025-02-12.14:14:21::SCWPlatform::DSA absoulate path C:/Users/j54mao/ECE423/ECE-423-Labs/workspace/Assignment2_newest/hw/lab_prefab_wrapper_newest_lab2.xsa
TRACE::2025-02-12.14:14:21::SCWPlatform::DSA directory C:/Users/j54mao/ECE423/ECE-423-Labs/workspace/Assignment2_newest/hw
TRACE::2025-02-12.14:14:21::SCWPlatform:: Platform Path C:/Users/j54mao/ECE423/ECE-423-Labs/workspace/Assignment2_newest/hw/lab_prefab_wrapper_newest_lab2.xsa
TRACE::2025-02-12.14:14:21::SCWPlatform:: Unique name xilinx:pynq-z1::0.0
TRACE::2025-02-12.14:14:21::SCWPlatform::Trying to set the existing hwdb with name lab_prefab_wrapper_1
TRACE::2025-02-12.14:14:21::SCWPlatform::Opened existing hwdb lab_prefab_wrapper_1
TRACE::2025-02-12.14:14:21::SCWPlatform::Found the Hw Db part of the input DSA
TRACE::2025-02-12.14:14:21::SCWMssOS::Checking the sw design at  C:/Users/j54mao/ECE423/ECE-423-Labs/workspace/Assignment2_newest/zynq_fsbl/zynq_fsbl_bsp/system.mss
TRACE::2025-02-12.14:14:21::SCWMssOS::DEBUG:  swdes dump  C:/Users/j54mao/ECE423/ECE-423-Labs/workspace/Assignment2_newest/ps7_cortexa9_0/standalone_domain/bsp/system.mss|system_0||
C:/Users/j54mao/ECE423/ECE-423-Labs/workspace/Assignment2_newest/zynq_fsbl/zynq_fsbl_bsp/system.mss|system||

TRACE::2025-02-12.14:14:21::SCWMssOS::Sw design exists and opened at  C:/Users/j54mao/ECE423/ECE-423-Labs/workspace/Assignment2_newest/zynq_fsbl/zynq_fsbl_bsp/system.mss
TRACE::2025-02-12.14:14:21::SCWPlatform::Trying to open the hw design at C:/Users/j54mao/ECE423/ECE-423-Labs/workspace/Assignment2_newest/hw/lab_prefab_wrapper_newest_lab2.xsa
TRACE::2025-02-12.14:14:21::SCWPlatform::DSA given C:/Users/j54mao/ECE423/ECE-423-Labs/workspace/Assignment2_newest/hw/lab_prefab_wrapper_newest_lab2.xsa
TRACE::2025-02-12.14:14:21::SCWPlatform::DSA absoulate path C:/Users/j54mao/ECE423/ECE-423-Labs/workspace/Assignment2_newest/hw/lab_prefab_wrapper_newest_lab2.xsa
TRACE::2025-02-12.14:14:21::SCWPlatform::DSA directory C:/Users/j54mao/ECE423/ECE-423-Labs/workspace/Assignment2_newest/hw
TRACE::2025-02-12.14:14:21::SCWPlatform:: Platform Path C:/Users/j54mao/ECE423/ECE-423-Labs/workspace/Assignment2_newest/hw/lab_prefab_wrapper_newest_lab2.xsa
TRACE::2025-02-12.14:14:21::SCWPlatform:: Unique name xilinx:pynq-z1::0.0
TRACE::2025-02-12.14:14:21::SCWPlatform::Trying to set the existing hwdb with name lab_prefab_wrapper_1
TRACE::2025-02-12.14:14:21::SCWPlatform::Opened existing hwdb lab_prefab_wrapper_1
TRACE::2025-02-12.14:14:21::SCWPlatform::Found the Hw Db part of the input DSA
TRACE::2025-02-12.14:14:21::SCWMssOS::Checking the sw design at  C:/Users/j54mao/ECE423/ECE-423-Labs/workspace/Assignment2_newest/zynq_fsbl/zynq_fsbl_bsp/system.mss
TRACE::2025-02-12.14:14:21::SCWMssOS::DEBUG:  swdes dump  C:/Users/j54mao/ECE423/ECE-423-Labs/workspace/Assignment2_newest/ps7_cortexa9_0/standalone_domain/bsp/system.mss|system_0||
C:/Users/j54mao/ECE423/ECE-423-Labs/workspace/Assignment2_newest/zynq_fsbl/zynq_fsbl_bsp/system.mss|system||

TRACE::2025-02-12.14:14:21::SCWMssOS::Sw design exists and opened at  C:/Users/j54mao/ECE423/ECE-423-Labs/workspace/Assignment2_newest/zynq_fsbl/zynq_fsbl_bsp/system.mss
TRACE::2025-02-12.14:14:21::SCWMssOS::Saving the mss changes C:/Users/j54mao/ECE423/ECE-423-Labs/workspace/Assignment2_newest/zynq_fsbl/zynq_fsbl_bsp/system.mss
TRACE::2025-02-12.14:14:21::SCWMssOS::Found a swdesign opened with the mssfile.
TRACE::2025-02-12.14:14:21::SCWMssOS::Completed writemss as part of save.
TRACE::2025-02-12.14:14:21::SCWMssOS::Commit changes completed.
TRACE::2025-02-12.14:14:21::SCWPlatform::Trying to open the hw design at C:/Users/j54mao/ECE423/ECE-423-Labs/workspace/Assignment2_newest/hw/lab_prefab_wrapper_newest_lab2.xsa
TRACE::2025-02-12.14:14:21::SCWPlatform::DSA given C:/Users/j54mao/ECE423/ECE-423-Labs/workspace/Assignment2_newest/hw/lab_prefab_wrapper_newest_lab2.xsa
TRACE::2025-02-12.14:14:21::SCWPlatform::DSA absoulate path C:/Users/j54mao/ECE423/ECE-423-Labs/workspace/Assignment2_newest/hw/lab_prefab_wrapper_newest_lab2.xsa
TRACE::2025-02-12.14:14:21::SCWPlatform::DSA directory C:/Users/j54mao/ECE423/ECE-423-Labs/workspace/Assignment2_newest/hw
TRACE::2025-02-12.14:14:21::SCWPlatform:: Platform Path C:/Users/j54mao/ECE423/ECE-423-Labs/workspace/Assignment2_newest/hw/lab_prefab_wrapper_newest_lab2.xsa
TRACE::2025-02-12.14:14:21::SCWPlatform:: Unique name xilinx:pynq-z1::0.0
TRACE::2025-02-12.14:14:21::SCWPlatform::Trying to set the existing hwdb with name lab_prefab_wrapper_1
TRACE::2025-02-12.14:14:21::SCWPlatform::Opened existing hwdb lab_prefab_wrapper_1
TRACE::2025-02-12.14:14:21::SCWPlatform::Found the Hw Db part of the input DSA
TRACE::2025-02-12.14:14:21::SCWMssOS::Checking the sw design at  C:/Users/j54mao/ECE423/ECE-423-Labs/workspace/Assignment2_newest/zynq_fsbl/zynq_fsbl_bsp/system.mss
TRACE::2025-02-12.14:14:21::SCWMssOS::DEBUG:  swdes dump  C:/Users/j54mao/ECE423/ECE-423-Labs/workspace/Assignment2_newest/ps7_cortexa9_0/standalone_domain/bsp/system.mss|system_0||
C:/Users/j54mao/ECE423/ECE-423-Labs/workspace/Assignment2_newest/zynq_fsbl/zynq_fsbl_bsp/system.mss|system||

TRACE::2025-02-12.14:14:21::SCWMssOS::Sw design exists and opened at  C:/Users/j54mao/ECE423/ECE-423-Labs/workspace/Assignment2_newest/zynq_fsbl/zynq_fsbl_bsp/system.mss
TRACE::2025-02-12.14:14:21::SCWMssOS::Removing the swdes entry for  C:/Users/j54mao/ECE423/ECE-423-Labs/workspace/Assignment2_newest/zynq_fsbl/zynq_fsbl_bsp/system.mss
TRACE::2025-02-12.14:14:21::SCWPlatform::Trying to open the hw design at C:/Users/j54mao/ECE423/ECE-423-Labs/workspace/Assignment2_newest/hw/lab_prefab_wrapper_newest_lab2.xsa
TRACE::2025-02-12.14:14:21::SCWPlatform::DSA given C:/Users/j54mao/ECE423/ECE-423-Labs/workspace/Assignment2_newest/hw/lab_prefab_wrapper_newest_lab2.xsa
TRACE::2025-02-12.14:14:21::SCWPlatform::DSA absoulate path C:/Users/j54mao/ECE423/ECE-423-Labs/workspace/Assignment2_newest/hw/lab_prefab_wrapper_newest_lab2.xsa
TRACE::2025-02-12.14:14:21::SCWPlatform::DSA directory C:/Users/j54mao/ECE423/ECE-423-Labs/workspace/Assignment2_newest/hw
TRACE::2025-02-12.14:14:21::SCWPlatform:: Platform Path C:/Users/j54mao/ECE423/ECE-423-Labs/workspace/Assignment2_newest/hw/lab_prefab_wrapper_newest_lab2.xsa
TRACE::2025-02-12.14:14:21::SCWPlatform:: Unique name xilinx:pynq-z1::0.0
TRACE::2025-02-12.14:14:21::SCWPlatform::Trying to set the existing hwdb with name lab_prefab_wrapper_1
TRACE::2025-02-12.14:14:21::SCWPlatform::Opened existing hwdb lab_prefab_wrapper_1
TRACE::2025-02-12.14:14:21::SCWPlatform::Found the Hw Db part of the input DSA
TRACE::2025-02-12.14:14:21::SCWMssOS::Checking the sw design at  C:/Users/j54mao/ECE423/ECE-423-Labs/workspace/Assignment2_newest/zynq_fsbl/zynq_fsbl_bsp/system.mss
TRACE::2025-02-12.14:14:21::SCWMssOS::DEBUG:  swdes dump  C:/Users/j54mao/ECE423/ECE-423-Labs/workspace/Assignment2_newest/ps7_cortexa9_0/standalone_domain/bsp/system.mss|system_0||

TRACE::2025-02-12.14:14:21::SCWMssOS::No sw design opened at  C:/Users/j54mao/ECE423/ECE-423-Labs/workspace/Assignment2_newest/zynq_fsbl/zynq_fsbl_bsp/system.mss
TRACE::2025-02-12.14:14:21::SCWMssOS::mss exists loading the mss file  C:/Users/j54mao/ECE423/ECE-423-Labs/workspace/Assignment2_newest/zynq_fsbl/zynq_fsbl_bsp/system.mss
TRACE::2025-02-12.14:14:21::SCWMssOS::Opened the sw design from mss  C:/Users/j54mao/ECE423/ECE-423-Labs/workspace/Assignment2_newest/zynq_fsbl/zynq_fsbl_bsp/system.mss
TRACE::2025-02-12.14:14:21::SCWMssOS::Adding the swdes entry C:/Users/j54mao/ECE423/ECE-423-Labs/workspace/Assignment2_newest/zynq_fsbl/zynq_fsbl_bsp/system.mss with des name system
TRACE::2025-02-12.14:14:21::SCWMssOS::updating the scw layer about changes
TRACE::2025-02-12.14:14:21::SCWMssOS::Opened the sw design.  C:/Users/j54mao/ECE423/ECE-423-Labs/workspace/Assignment2_newest/zynq_fsbl/zynq_fsbl_bsp/system.mss
TRACE::2025-02-12.14:14:21::SCWBDomain::Completed writing the mss file at C:/Users/j54mao/ECE423/ECE-423-Labs/workspace/Assignment2_newest/zynq_fsbl/zynq_fsbl_bsp
TRACE::2025-02-12.14:14:21::SCWBDomain::Forcing BSP Sources regeneration.
TRACE::2025-02-12.14:14:23::SCWBDomain::Updating the makefile used for building the Application zynq_fsbl
TRACE::2025-02-12.14:14:23::SCWPlatform::Trying to open the hw design at C:/Users/j54mao/ECE423/ECE-423-Labs/workspace/Assignment2_newest/hw/lab_prefab_wrapper_newest_lab2.xsa
TRACE::2025-02-12.14:14:23::SCWPlatform::DSA given C:/Users/j54mao/ECE423/ECE-423-Labs/workspace/Assignment2_newest/hw/lab_prefab_wrapper_newest_lab2.xsa
TRACE::2025-02-12.14:14:23::SCWPlatform::DSA absoulate path C:/Users/j54mao/ECE423/ECE-423-Labs/workspace/Assignment2_newest/hw/lab_prefab_wrapper_newest_lab2.xsa
TRACE::2025-02-12.14:14:23::SCWPlatform::DSA directory C:/Users/j54mao/ECE423/ECE-423-Labs/workspace/Assignment2_newest/hw
TRACE::2025-02-12.14:14:23::SCWPlatform:: Platform Path C:/Users/j54mao/ECE423/ECE-423-Labs/workspace/Assignment2_newest/hw/lab_prefab_wrapper_newest_lab2.xsa
TRACE::2025-02-12.14:14:23::SCWPlatform:: Unique name xilinx:pynq-z1::0.0
TRACE::2025-02-12.14:14:23::SCWPlatform::Trying to set the existing hwdb with name lab_prefab_wrapper_1
TRACE::2025-02-12.14:14:23::SCWPlatform::Opened existing hwdb lab_prefab_wrapper_1
TRACE::2025-02-12.14:14:23::SCWPlatform::Found the Hw Db part of the input DSA
TRACE::2025-02-12.14:14:23::SCWMssOS::Checking the sw design at  C:/Users/j54mao/ECE423/ECE-423-Labs/workspace/Assignment2_newest/zynq_fsbl/zynq_fsbl_bsp/system.mss
TRACE::2025-02-12.14:14:23::SCWMssOS::DEBUG:  swdes dump  C:/Users/j54mao/ECE423/ECE-423-Labs/workspace/Assignment2_newest/ps7_cortexa9_0/standalone_domain/bsp/system.mss|system_0||

TRACE::2025-02-12.14:14:23::SCWMssOS::No sw design opened at  C:/Users/j54mao/ECE423/ECE-423-Labs/workspace/Assignment2_newest/zynq_fsbl/zynq_fsbl_bsp/system.mss
TRACE::2025-02-12.14:14:23::SCWMssOS::mss exists loading the mss file  C:/Users/j54mao/ECE423/ECE-423-Labs/workspace/Assignment2_newest/zynq_fsbl/zynq_fsbl_bsp/system.mss
TRACE::2025-02-12.14:14:23::SCWMssOS::Opened the sw design from mss  C:/Users/j54mao/ECE423/ECE-423-Labs/workspace/Assignment2_newest/zynq_fsbl/zynq_fsbl_bsp/system.mss
TRACE::2025-02-12.14:14:23::SCWMssOS::Adding the swdes entry C:/Users/j54mao/ECE423/ECE-423-Labs/workspace/Assignment2_newest/zynq_fsbl/zynq_fsbl_bsp/system.mss with des name system
TRACE::2025-02-12.14:14:23::SCWMssOS::updating the scw layer about changes
TRACE::2025-02-12.14:14:23::SCWMssOS::Opened the sw design.  C:/Users/j54mao/ECE423/ECE-423-Labs/workspace/Assignment2_newest/zynq_fsbl/zynq_fsbl_bsp/system.mss
TRACE::2025-02-12.14:14:33::SCWBDomain::removing the temporary location in _platform.
TRACE::2025-02-12.14:14:33::SCWBDomain::Makefile is Updated.
TRACE::2025-02-12.14:14:33::SCWBDomain::doing clean.
TRACE::2025-02-12.14:14:33::SCWBDomain::System Command Ran  C:&  cd  C:/Users/j54mao/ECE423/ECE-423-Labs/workspace/Assignment2_newest/zynq_fsbl & make clean
TRACE::2025-02-12.14:14:33::SCWBDomain::rm -rf  sd.o  nand.o  nor.o  image_mover.o  md5.o  fsbl_hooks.o  main.o  rsa.o  qspi.o  ps7_init.o  pcap.o  fsbl_handoff.o zynq
TRACE::2025-02-12.14:14:33::SCWBDomain::_fsbl_bsp/ps7_cortexa9_0/lib/libxil.a fsbl.elf *.o

TRACE::2025-02-12.14:14:36::SCWPlatform::Trying to open the hw design at C:/Users/j54mao/ECE423/ECE-423-Labs/workspace/Assignment2_newest/hw/lab_prefab_wrapper_newest_lab2.xsa
TRACE::2025-02-12.14:14:36::SCWPlatform::DSA given C:/Users/j54mao/ECE423/ECE-423-Labs/workspace/Assignment2_newest/hw/lab_prefab_wrapper_newest_lab2.xsa
TRACE::2025-02-12.14:14:36::SCWPlatform::DSA absoulate path C:/Users/j54mao/ECE423/ECE-423-Labs/workspace/Assignment2_newest/hw/lab_prefab_wrapper_newest_lab2.xsa
TRACE::2025-02-12.14:14:36::SCWPlatform::DSA directory C:/Users/j54mao/ECE423/ECE-423-Labs/workspace/Assignment2_newest/hw
TRACE::2025-02-12.14:14:36::SCWPlatform:: Platform Path C:/Users/j54mao/ECE423/ECE-423-Labs/workspace/Assignment2_newest/hw/lab_prefab_wrapper_newest_lab2.xsa
TRACE::2025-02-12.14:14:36::SCWPlatform:: Unique name xilinx:pynq-z1::0.0
TRACE::2025-02-12.14:14:36::SCWPlatform::Trying to set the existing hwdb with name lab_prefab_wrapper_1
TRACE::2025-02-12.14:14:36::SCWPlatform::Opened existing hwdb lab_prefab_wrapper_1
TRACE::2025-02-12.14:14:36::SCWPlatform::Found the Hw Db part of the input DSA
TRACE::2025-02-12.14:14:36::SCWMssOS::Checking the sw design at  C:/Users/j54mao/ECE423/ECE-423-Labs/workspace/Assignment2_newest/zynq_fsbl/zynq_fsbl_bsp/system.mss
TRACE::2025-02-12.14:14:36::SCWMssOS::DEBUG:  swdes dump  C:/Users/j54mao/ECE423/ECE-423-Labs/workspace/Assignment2_newest/ps7_cortexa9_0/standalone_domain/bsp/system.mss|system_0||
C:/Users/j54mao/ECE423/ECE-423-Labs/workspace/Assignment2_newest/zynq_fsbl/zynq_fsbl_bsp/system.mss|system||

KEYINFO::2025-02-12.14:14:36::SCWMssOS::Could not open the swdb for system
KEYINFO::2025-02-12.14:14:36::SCWMssOS::Could not open the sw design at  system
ERROR: [Hsi 55-1558] Software Design system is not found

TRACE::2025-02-12.14:14:36::SCWMssOS::Cleared the swdb table entry
TRACE::2025-02-12.14:14:36::SCWMssOS::No sw design opened at  C:/Users/j54mao/ECE423/ECE-423-Labs/workspace/Assignment2_newest/zynq_fsbl/zynq_fsbl_bsp/system.mss
TRACE::2025-02-12.14:14:36::SCWMssOS::mss exists loading the mss file  C:/Users/j54mao/ECE423/ECE-423-Labs/workspace/Assignment2_newest/zynq_fsbl/zynq_fsbl_bsp/system.mss
TRACE::2025-02-12.14:14:36::SCWMssOS::Opened the sw design from mss  C:/Users/j54mao/ECE423/ECE-423-Labs/workspace/Assignment2_newest/zynq_fsbl/zynq_fsbl_bsp/system.mss
TRACE::2025-02-12.14:14:36::SCWMssOS::Adding the swdes entry C:/Users/j54mao/ECE423/ECE-423-Labs/workspace/Assignment2_newest/zynq_fsbl/zynq_fsbl_bsp/system.mss with des name system
TRACE::2025-02-12.14:14:36::SCWMssOS::updating the scw layer about changes
TRACE::2025-02-12.14:14:36::SCWMssOS::Opened the sw design.  C:/Users/j54mao/ECE423/ECE-423-Labs/workspace/Assignment2_newest/zynq_fsbl/zynq_fsbl_bsp/system.mss
TRACE::2025-02-12.14:14:42::SCWMssOS::Saving the mss changes C:/Users/j54mao/ECE423/ECE-423-Labs/workspace/Assignment2_newest/zynq_fsbl/zynq_fsbl_bsp/system.mss
TRACE::2025-02-12.14:14:42::SCWMssOS::Found a swdesign opened with the mssfile.
TRACE::2025-02-12.14:14:42::SCWMssOS::Completed writemss as part of save.
TRACE::2025-02-12.14:14:42::SCWMssOS::Commit changes completed.
TRACE::2025-02-12.14:14:42::SCWMssOS::Saving the mss changes C:/Users/j54mao/ECE423/ECE-423-Labs/workspace/Assignment2_newest/ps7_cortexa9_0/standalone_domain/bsp/system.mss
TRACE::2025-02-12.14:14:42::SCWMssOS::Found a swdesign opened with the mssfile.
TRACE::2025-02-12.14:14:42::SCWMssOS::Completed writemss as part of save.
TRACE::2025-02-12.14:14:42::SCWMssOS::Commit changes completed.
TRACE::2025-02-12.14:14:42::SCWPlatform::Trying to open the hw design at C:/Users/j54mao/ECE423/ECE-423-Labs/workspace/Assignment2_newest/hw/lab_prefab_wrapper_newest_lab2.xsa
TRACE::2025-02-12.14:14:42::SCWPlatform::DSA given C:/Users/j54mao/ECE423/ECE-423-Labs/workspace/Assignment2_newest/hw/lab_prefab_wrapper_newest_lab2.xsa
TRACE::2025-02-12.14:14:42::SCWPlatform::DSA absoulate path C:/Users/j54mao/ECE423/ECE-423-Labs/workspace/Assignment2_newest/hw/lab_prefab_wrapper_newest_lab2.xsa
TRACE::2025-02-12.14:14:42::SCWPlatform::DSA directory C:/Users/j54mao/ECE423/ECE-423-Labs/workspace/Assignment2_newest/hw
TRACE::2025-02-12.14:14:42::SCWPlatform:: Platform Path C:/Users/j54mao/ECE423/ECE-423-Labs/workspace/Assignment2_newest/hw/lab_prefab_wrapper_newest_lab2.xsa
TRACE::2025-02-12.14:14:42::SCWPlatform:: Unique name xilinx:pynq-z1::0.0
TRACE::2025-02-12.14:14:42::SCWPlatform::Trying to set the existing hwdb with name lab_prefab_wrapper_1
TRACE::2025-02-12.14:14:42::SCWPlatform::Opened existing hwdb lab_prefab_wrapper_1
TRACE::2025-02-12.14:14:42::SCWPlatform::Found the Hw Db part of the input DSA
TRACE::2025-02-12.14:14:42::SCWMssOS::Checking the sw design at  C:/Users/j54mao/ECE423/ECE-423-Labs/workspace/Assignment2_newest/zynq_fsbl/zynq_fsbl_bsp/system.mss
TRACE::2025-02-12.14:14:42::SCWMssOS::DEBUG:  swdes dump  C:/Users/j54mao/ECE423/ECE-423-Labs/workspace/Assignment2_newest/ps7_cortexa9_0/standalone_domain/bsp/system.mss|system_0||
C:/Users/j54mao/ECE423/ECE-423-Labs/workspace/Assignment2_newest/zynq_fsbl/zynq_fsbl_bsp/system.mss|system||

TRACE::2025-02-12.14:14:42::SCWMssOS::Sw design exists and opened at  C:/Users/j54mao/ECE423/ECE-423-Labs/workspace/Assignment2_newest/zynq_fsbl/zynq_fsbl_bsp/system.mss
TRACE::2025-02-12.14:14:42::SCWPlatform::Trying to open the hw design at C:/Users/j54mao/ECE423/ECE-423-Labs/workspace/Assignment2_newest/hw/lab_prefab_wrapper_newest_lab2.xsa
TRACE::2025-02-12.14:14:42::SCWPlatform::DSA given C:/Users/j54mao/ECE423/ECE-423-Labs/workspace/Assignment2_newest/hw/lab_prefab_wrapper_newest_lab2.xsa
TRACE::2025-02-12.14:14:42::SCWPlatform::DSA absoulate path C:/Users/j54mao/ECE423/ECE-423-Labs/workspace/Assignment2_newest/hw/lab_prefab_wrapper_newest_lab2.xsa
TRACE::2025-02-12.14:14:42::SCWPlatform::DSA directory C:/Users/j54mao/ECE423/ECE-423-Labs/workspace/Assignment2_newest/hw
TRACE::2025-02-12.14:14:42::SCWPlatform:: Platform Path C:/Users/j54mao/ECE423/ECE-423-Labs/workspace/Assignment2_newest/hw/lab_prefab_wrapper_newest_lab2.xsa
TRACE::2025-02-12.14:14:42::SCWPlatform:: Unique name xilinx:pynq-z1::0.0
TRACE::2025-02-12.14:14:42::SCWPlatform::Trying to set the existing hwdb with name lab_prefab_wrapper_1
TRACE::2025-02-12.14:14:42::SCWPlatform::Opened existing hwdb lab_prefab_wrapper_1
TRACE::2025-02-12.14:14:42::SCWPlatform::Found the Hw Db part of the input DSA
TRACE::2025-02-12.14:14:42::SCWMssOS::Checking the sw design at  C:/Users/j54mao/ECE423/ECE-423-Labs/workspace/Assignment2_newest/ps7_cortexa9_0/standalone_domain/bsp/system.mss
TRACE::2025-02-12.14:14:42::SCWMssOS::DEBUG:  swdes dump  C:/Users/j54mao/ECE423/ECE-423-Labs/workspace/Assignment2_newest/ps7_cortexa9_0/standalone_domain/bsp/system.mss|system_0||
C:/Users/j54mao/ECE423/ECE-423-Labs/workspace/Assignment2_newest/zynq_fsbl/zynq_fsbl_bsp/system.mss|system||

TRACE::2025-02-12.14:14:42::SCWMssOS::Sw design exists and opened at  C:/Users/j54mao/ECE423/ECE-423-Labs/workspace/Assignment2_newest/ps7_cortexa9_0/standalone_domain/bsp/system.mss
TRACE::2025-02-12.14:14:42::SCWWriter::formatted JSON is {
	"platformName":	"Assignment2_newest",
	"sprVersion":	"2.0",
	"mode":	"gui",
	"dsaType":	"Fixed",
	"platformDesc":	"Assignment2_newest",
	"platHandOff":	"C:/Users/j54mao/ECE423/ECE-423-Labs/ece423_prefab/ece423_prefab/lab_prefab/lab_prefab_wrapper_newest_lab2.xsa",
	"platIntHandOff":	"<platformDir>/hw/lab_prefab_wrapper_newest_lab2.xsa",
	"deviceType":	"zynq",
	"platIsPrebuiltAutogen":	"false",
	"platIsNoBootBsp":	"false",
	"hasFsblMakeHasChanges":	"false",
	"hasPmufwMakeHasChanges":	"false",
	"fsblExtraCompilerFlags":	"-MMD -MP       -mcpu=cortex-a9 -mfpu=vfpv3 -mfloat-abi=hard ",
	"platPreBuiltFlag":	false,
	"platformSamplesDir":	"",
	"platActiveSys":	"Assignment2_newest",
	"systems":	[{
			"systemName":	"Assignment2_newest",
			"systemDesc":	"Assignment2_newest",
			"sysIsBootAutoGen":	"true",
			"systemDispName":	"Assignment2_newest",
			"sysActiveDom":	"zynq_fsbl",
			"sysDefaultDom":	"standalone_domain",
			"domains":	[{
					"domainName":	"zynq_fsbl",
					"domainDispName":	"zynq_fsbl",
					"domainDesc":	"FSBL Application BSP - Auto Generated.",
					"processors":	"ps7_cortexa9_0",
					"os":	"standalone",
					"sdxOs":	"standalone",
					"debugEnable":	"",
					"domRuntimes":	["cpp"],
					"swRepo":	"",
					"mssOsVer":	"7.7",
					"mssFile":	"",
					"md5Digest":	"9e73a1d664e6392758527307bae5c8a3",
					"compatibleApp":	"zynq_fsbl",
					"domType":	"bootDomain",
					"arch":	"32-bit",
					"appSettings":	{
						"appCompilerFlags":	"",
						"appLinkerFlags":	""
					},
					"addedLibs":	["xilffs:4.7", "xilrsa:1.6"],
					"libOptions":	{
						"xilffs":	{
							"enable_multi_partition":	"true",
							"num_logical_vol":	"10",
							"libOptionNames":	["enable_multi_partition", "num_logical_vol"]
						},
						"libsContainingOptions":	["xilffs"]
					},
					"prebuiltLibs":	{
						"prebuiltIncPath":	[],
						"prebuiltLibPath":	[]
					},
					"isolation":	{
					}
				}, {
					"domainName":	"standalone_domain",
					"domainDispName":	"standalone on ps7_cortexa9_0",
					"domainDesc":	"standalone_domain",
					"processors":	"ps7_cortexa9_0",
					"os":	"standalone",
					"sdxOs":	"standalone",
					"qemuArgs":	"<platformDir>/resources/Assignment2_newest/standalone_domain/qemu_args.txt",
					"qemuData":	"<platformDir>/resources/Assignment2_newest/standalone_domain/qemu",
					"debugEnable":	"False",
					"domRuntimes":	["cpp"],
					"swRepo":	"",
					"mssOsVer":	"7.7",
					"mssFile":	"",
					"md5Digest":	"90759cd7d17204249617ea3f07fde571",
					"compatibleApp":	"",
					"domType":	"mssDomain",
					"appSettings":	{
						"appCompilerFlags":	"",
						"appLinkerFlags":	""
					},
					"addedLibs":	[],
					"libOptions":	{
						"libsContainingOptions":	[]
					},
					"prebuiltLibs":	{
						"prebuiltIncPath":	[],
						"prebuiltLibPath":	[]
					},
					"isolation":	{
					}
				}]
		}]
}
TRACE::2025-02-12.14:14:42::SCWMssOS::Saving the mss changes C:/Users/j54mao/ECE423/ECE-423-Labs/workspace/Assignment2_newest/zynq_fsbl/zynq_fsbl_bsp/system.mss
TRACE::2025-02-12.14:14:42::SCWMssOS::Found a swdesign opened with the mssfile.
TRACE::2025-02-12.14:14:42::SCWMssOS::Completed writemss as part of save.
TRACE::2025-02-12.14:14:42::SCWMssOS::Commit changes completed.
TRACE::2025-02-12.14:14:42::SCWPlatform::Trying to open the hw design at C:/Users/j54mao/ECE423/ECE-423-Labs/workspace/Assignment2_newest/hw/lab_prefab_wrapper_newest_lab2.xsa
TRACE::2025-02-12.14:14:42::SCWPlatform::DSA given C:/Users/j54mao/ECE423/ECE-423-Labs/workspace/Assignment2_newest/hw/lab_prefab_wrapper_newest_lab2.xsa
TRACE::2025-02-12.14:14:42::SCWPlatform::DSA absoulate path C:/Users/j54mao/ECE423/ECE-423-Labs/workspace/Assignment2_newest/hw/lab_prefab_wrapper_newest_lab2.xsa
TRACE::2025-02-12.14:14:42::SCWPlatform::DSA directory C:/Users/j54mao/ECE423/ECE-423-Labs/workspace/Assignment2_newest/hw
TRACE::2025-02-12.14:14:42::SCWPlatform:: Platform Path C:/Users/j54mao/ECE423/ECE-423-Labs/workspace/Assignment2_newest/hw/lab_prefab_wrapper_newest_lab2.xsa
TRACE::2025-02-12.14:14:42::SCWPlatform:: Unique name xilinx:pynq-z1::0.0
TRACE::2025-02-12.14:14:42::SCWPlatform::Trying to set the existing hwdb with name lab_prefab_wrapper_1
TRACE::2025-02-12.14:14:42::SCWPlatform::Opened existing hwdb lab_prefab_wrapper_1
TRACE::2025-02-12.14:14:42::SCWPlatform::Found the Hw Db part of the input DSA
TRACE::2025-02-12.14:14:42::SCWMssOS::Checking the sw design at  C:/Users/j54mao/ECE423/ECE-423-Labs/workspace/Assignment2_newest/zynq_fsbl/zynq_fsbl_bsp/system.mss
TRACE::2025-02-12.14:14:42::SCWMssOS::DEBUG:  swdes dump  C:/Users/j54mao/ECE423/ECE-423-Labs/workspace/Assignment2_newest/ps7_cortexa9_0/standalone_domain/bsp/system.mss|system_0||
C:/Users/j54mao/ECE423/ECE-423-Labs/workspace/Assignment2_newest/zynq_fsbl/zynq_fsbl_bsp/system.mss|system||

TRACE::2025-02-12.14:14:42::SCWMssOS::Sw design exists and opened at  C:/Users/j54mao/ECE423/ECE-423-Labs/workspace/Assignment2_newest/zynq_fsbl/zynq_fsbl_bsp/system.mss
TRACE::2025-02-12.14:14:42::SCWMssOS::Removing the swdes entry for  C:/Users/j54mao/ECE423/ECE-423-Labs/workspace/Assignment2_newest/zynq_fsbl/zynq_fsbl_bsp/system.mss
LOG::2025-02-12.14:15:11::SCWPlatform::Started generating the artifacts platform Assignment2_newest
TRACE::2025-02-12.14:15:11::SCWPlatform::Sanity checking of platform is completed
LOG::2025-02-12.14:15:11::SCWPlatform::Started generating the artifacts for system configuration Assignment2_newest
LOG::2025-02-12.14:15:11::SCWSystem::Checking the domain zynq_fsbl
LOG::2025-02-12.14:15:11::SCWSystem::Doing application build for :  zynq_fsbl
TRACE::2025-02-12.14:15:11::SCWBDomain::Not a forced makefile updation, No changes are present. 
TRACE::2025-02-12.14:15:11::SCWDomain::Building the domain as part of full build :  zynq_fsbl
TRACE::2025-02-12.14:15:11::SCWPlatform::Trying to open the hw design at C:/Users/j54mao/ECE423/ECE-423-Labs/workspace/Assignment2_newest/hw/lab_prefab_wrapper_newest_lab2.xsa
TRACE::2025-02-12.14:15:11::SCWPlatform::DSA given C:/Users/j54mao/ECE423/ECE-423-Labs/workspace/Assignment2_newest/hw/lab_prefab_wrapper_newest_lab2.xsa
TRACE::2025-02-12.14:15:11::SCWPlatform::DSA absoulate path C:/Users/j54mao/ECE423/ECE-423-Labs/workspace/Assignment2_newest/hw/lab_prefab_wrapper_newest_lab2.xsa
TRACE::2025-02-12.14:15:11::SCWPlatform::DSA directory C:/Users/j54mao/ECE423/ECE-423-Labs/workspace/Assignment2_newest/hw
TRACE::2025-02-12.14:15:11::SCWPlatform:: Platform Path C:/Users/j54mao/ECE423/ECE-423-Labs/workspace/Assignment2_newest/hw/lab_prefab_wrapper_newest_lab2.xsa
TRACE::2025-02-12.14:15:11::SCWPlatform:: Unique name xilinx:pynq-z1::0.0
TRACE::2025-02-12.14:15:11::SCWPlatform::Trying to set the existing hwdb with name lab_prefab_wrapper_1
TRACE::2025-02-12.14:15:11::SCWPlatform::Opened existing hwdb lab_prefab_wrapper_1
TRACE::2025-02-12.14:15:11::SCWPlatform::Found the Hw Db part of the input DSA
TRACE::2025-02-12.14:15:11::SCWMssOS::Checking the sw design at  C:/Users/j54mao/ECE423/ECE-423-Labs/workspace/Assignment2_newest/zynq_fsbl/zynq_fsbl_bsp/system.mss
TRACE::2025-02-12.14:15:11::SCWMssOS::DEBUG:  swdes dump  C:/Users/j54mao/ECE423/ECE-423-Labs/workspace/Assignment2_newest/ps7_cortexa9_0/standalone_domain/bsp/system.mss|system_0||

TRACE::2025-02-12.14:15:11::SCWMssOS::No sw design opened at  C:/Users/j54mao/ECE423/ECE-423-Labs/workspace/Assignment2_newest/zynq_fsbl/zynq_fsbl_bsp/system.mss
TRACE::2025-02-12.14:15:11::SCWMssOS::mss exists loading the mss file  C:/Users/j54mao/ECE423/ECE-423-Labs/workspace/Assignment2_newest/zynq_fsbl/zynq_fsbl_bsp/system.mss
TRACE::2025-02-12.14:15:11::SCWMssOS::Opened the sw design from mss  C:/Users/j54mao/ECE423/ECE-423-Labs/workspace/Assignment2_newest/zynq_fsbl/zynq_fsbl_bsp/system.mss
TRACE::2025-02-12.14:15:11::SCWMssOS::Adding the swdes entry C:/Users/j54mao/ECE423/ECE-423-Labs/workspace/Assignment2_newest/zynq_fsbl/zynq_fsbl_bsp/system.mss with des name system
TRACE::2025-02-12.14:15:11::SCWMssOS::updating the scw layer about changes
TRACE::2025-02-12.14:15:11::SCWMssOS::Opened the sw design.  C:/Users/j54mao/ECE423/ECE-423-Labs/workspace/Assignment2_newest/zynq_fsbl/zynq_fsbl_bsp/system.mss
TRACE::2025-02-12.14:15:11::SCWBDomain::Completed writing the mss file at C:/Users/j54mao/ECE423/ECE-423-Labs/workspace/Assignment2_newest/zynq_fsbl/zynq_fsbl_bsp
TRACE::2025-02-12.14:15:11::SCWBDomain::bsp generated is upto date with the mss file. Skipping bsp generation.
TRACE::2025-02-12.14:15:11::SCWBDomain::Not a forced makefile updation, No changes are present. 
TRACE::2025-02-12.14:15:11::SCWBDomain::System Command Ran  C:&  cd  C:/Users/j54mao/ECE423/ECE-423-Labs/workspace/Assignment2_newest/zynq_fsbl& make -C  zynq_fsbl_bsp & make 
TRACE::2025-02-12.14:15:11::SCWBDomain::make: Entering directory 'C:/Users/j54mao/ECE423/ECE-423-Labs/workspace/Assignment2_newest/zynq_fsbl/zynq_fsbl_bsp'

TRACE::2025-02-12.14:15:11::SCWBDomain::make --no-print-directory seq_libs

TRACE::2025-02-12.14:15:11::SCWBDomain::"Running Make include in ps7_cortexa9_0/libsrc/axidma_v9_14/src"

TRACE::2025-02-12.14:15:11::SCWBDomain::make -C ps7_cortexa9_0/libsrc/axidma_v9_14/src -s include  "SHELL=CMD" "COMPILER=arm-none-eabi-gcc" "ASSEMBLER=arm-none-eabi-as
TRACE::2025-02-12.14:15:11::SCWBDomain::" "ARCHIVER=arm-none-eabi-ar" "COMPILER_FLAGS=  -O2 -c" "EXTRA_COMPILER_FLAGS=-mcpu=cortex-a9 -mfpu=vfpv3 -mfloat-abi=hard -nos
TRACE::2025-02-12.14:15:11::SCWBDomain::tartfiles -g -Wall -Wextra -fno-tree-loop-distribute-patterns"

TRACE::2025-02-12.14:15:12::SCWBDomain::"Running Make include in ps7_cortexa9_0/libsrc/axivdma_v6_11/src"

TRACE::2025-02-12.14:15:12::SCWBDomain::make -C ps7_cortexa9_0/libsrc/axivdma_v6_11/src -s include  "SHELL=CMD" "COMPILER=arm-none-eabi-gcc" "ASSEMBLER=arm-none-eabi-a
TRACE::2025-02-12.14:15:12::SCWBDomain::s" "ARCHIVER=arm-none-eabi-ar" "COMPILER_FLAGS=  -O2 -c" "EXTRA_COMPILER_FLAGS=-mcpu=cortex-a9 -mfpu=vfpv3 -mfloat-abi=hard -no
TRACE::2025-02-12.14:15:12::SCWBDomain::startfiles -g -Wall -Wextra -fno-tree-loop-distribute-patterns"

TRACE::2025-02-12.14:15:12::SCWBDomain::"Running Make include in ps7_cortexa9_0/libsrc/coresightps_dcc_v1_8/src"

TRACE::2025-02-12.14:15:12::SCWBDomain::make -C ps7_cortexa9_0/libsrc/coresightps_dcc_v1_8/src -s include  "SHELL=CMD" "COMPILER=arm-none-eabi-gcc" "ASSEMBLER=arm-none
TRACE::2025-02-12.14:15:12::SCWBDomain::-eabi-as" "ARCHIVER=arm-none-eabi-ar" "COMPILER_FLAGS=  -O2 -c" "EXTRA_COMPILER_FLAGS=-mcpu=cortex-a9 -mfpu=vfpv3 -mfloat-abi=h
TRACE::2025-02-12.14:15:12::SCWBDomain::ard -nostartfiles -g -Wall -Wextra -fno-tree-loop-distribute-patterns"

TRACE::2025-02-12.14:15:12::SCWBDomain::"Running Make include in ps7_cortexa9_0/libsrc/cpu_cortexa9_v2_11/src"

TRACE::2025-02-12.14:15:12::SCWBDomain::make -C ps7_cortexa9_0/libsrc/cpu_cortexa9_v2_11/src -s include  "SHELL=CMD" "COMPILER=arm-none-eabi-gcc" "ASSEMBLER=arm-none-e
TRACE::2025-02-12.14:15:12::SCWBDomain::abi-as" "ARCHIVER=arm-none-eabi-ar" "COMPILER_FLAGS=  -O2 -c" "EXTRA_COMPILER_FLAGS=-mcpu=cortex-a9 -mfpu=vfpv3 -mfloat-abi=har
TRACE::2025-02-12.14:15:12::SCWBDomain::d -nostartfiles -g -Wall -Wextra -fno-tree-loop-distribute-patterns"

TRACE::2025-02-12.14:15:12::SCWBDomain::"Running Make include in ps7_cortexa9_0/libsrc/ddrps_v1_2/src"

TRACE::2025-02-12.14:15:12::SCWBDomain::make -C ps7_cortexa9_0/libsrc/ddrps_v1_2/src -s include  "SHELL=CMD" "COMPILER=arm-none-eabi-gcc" "ASSEMBLER=arm-none-eabi-as" 
TRACE::2025-02-12.14:15:12::SCWBDomain::"ARCHIVER=arm-none-eabi-ar" "COMPILER_FLAGS=  -O2 -c" "EXTRA_COMPILER_FLAGS=-mcpu=cortex-a9 -mfpu=vfpv3 -mfloat-abi=hard -nosta
TRACE::2025-02-12.14:15:12::SCWBDomain::rtfiles -g -Wall -Wextra -fno-tree-loop-distribute-patterns"

TRACE::2025-02-12.14:15:13::SCWBDomain::"Running Make include in ps7_cortexa9_0/libsrc/devcfg_v3_7/src"

TRACE::2025-02-12.14:15:13::SCWBDomain::make -C ps7_cortexa9_0/libsrc/devcfg_v3_7/src -s include  "SHELL=CMD" "COMPILER=arm-none-eabi-gcc" "ASSEMBLER=arm-none-eabi-as"
TRACE::2025-02-12.14:15:13::SCWBDomain:: "ARCHIVER=arm-none-eabi-ar" "COMPILER_FLAGS=  -O2 -c" "EXTRA_COMPILER_FLAGS=-mcpu=cortex-a9 -mfpu=vfpv3 -mfloat-abi=hard -nost
TRACE::2025-02-12.14:15:13::SCWBDomain::artfiles -g -Wall -Wextra -fno-tree-loop-distribute-patterns"

TRACE::2025-02-12.14:15:13::SCWBDomain::"Running Make include in ps7_cortexa9_0/libsrc/dmaps_v2_8/src"

TRACE::2025-02-12.14:15:13::SCWBDomain::make -C ps7_cortexa9_0/libsrc/dmaps_v2_8/src -s include  "SHELL=CMD" "COMPILER=arm-none-eabi-gcc" "ASSEMBLER=arm-none-eabi-as" 
TRACE::2025-02-12.14:15:13::SCWBDomain::"ARCHIVER=arm-none-eabi-ar" "COMPILER_FLAGS=  -O2 -c" "EXTRA_COMPILER_FLAGS=-mcpu=cortex-a9 -mfpu=vfpv3 -mfloat-abi=hard -nosta
TRACE::2025-02-12.14:15:13::SCWBDomain::rtfiles -g -Wall -Wextra -fno-tree-loop-distribute-patterns"

TRACE::2025-02-12.14:15:13::SCWBDomain::"Running Make include in ps7_cortexa9_0/libsrc/emacps_v3_16/src"

TRACE::2025-02-12.14:15:13::SCWBDomain::make -C ps7_cortexa9_0/libsrc/emacps_v3_16/src -s include  "SHELL=CMD" "COMPILER=arm-none-eabi-gcc" "ASSEMBLER=arm-none-eabi-as
TRACE::2025-02-12.14:15:13::SCWBDomain::" "ARCHIVER=arm-none-eabi-ar" "COMPILER_FLAGS=  -O2 -c" "EXTRA_COMPILER_FLAGS=-mcpu=cortex-a9 -mfpu=vfpv3 -mfloat-abi=hard -nos
TRACE::2025-02-12.14:15:13::SCWBDomain::tartfiles -g -Wall -Wextra -fno-tree-loop-distribute-patterns"

TRACE::2025-02-12.14:15:13::SCWBDomain::"Running Make include in ps7_cortexa9_0/libsrc/gpiops_v3_9/src"

TRACE::2025-02-12.14:15:13::SCWBDomain::make -C ps7_cortexa9_0/libsrc/gpiops_v3_9/src -s include  "SHELL=CMD" "COMPILER=arm-none-eabi-gcc" "ASSEMBLER=arm-none-eabi-as"
TRACE::2025-02-12.14:15:13::SCWBDomain:: "ARCHIVER=arm-none-eabi-ar" "COMPILER_FLAGS=  -O2 -c" "EXTRA_COMPILER_FLAGS=-mcpu=cortex-a9 -mfpu=vfpv3 -mfloat-abi=hard -nost
TRACE::2025-02-12.14:15:13::SCWBDomain::artfiles -g -Wall -Wextra -fno-tree-loop-distribute-patterns"

TRACE::2025-02-12.14:15:14::SCWBDomain::"Running Make include in ps7_cortexa9_0/libsrc/iicps_v3_15/src"

TRACE::2025-02-12.14:15:14::SCWBDomain::make -C ps7_cortexa9_0/libsrc/iicps_v3_15/src -s include  "SHELL=CMD" "COMPILER=arm-none-eabi-gcc" "ASSEMBLER=arm-none-eabi-as"
TRACE::2025-02-12.14:15:14::SCWBDomain:: "ARCHIVER=arm-none-eabi-ar" "COMPILER_FLAGS=  -O2 -c" "EXTRA_COMPILER_FLAGS=-mcpu=cortex-a9 -mfpu=vfpv3 -mfloat-abi=hard -nost
TRACE::2025-02-12.14:15:14::SCWBDomain::artfiles -g -Wall -Wextra -fno-tree-loop-distribute-patterns"

TRACE::2025-02-12.14:15:14::SCWBDomain::"Running Make include in ps7_cortexa9_0/libsrc/qspips_v3_9/src"

TRACE::2025-02-12.14:15:14::SCWBDomain::make -C ps7_cortexa9_0/libsrc/qspips_v3_9/src -s include  "SHELL=CMD" "COMPILER=arm-none-eabi-gcc" "ASSEMBLER=arm-none-eabi-as"
TRACE::2025-02-12.14:15:14::SCWBDomain:: "ARCHIVER=arm-none-eabi-ar" "COMPILER_FLAGS=  -O2 -c" "EXTRA_COMPILER_FLAGS=-mcpu=cortex-a9 -mfpu=vfpv3 -mfloat-abi=hard -nost
TRACE::2025-02-12.14:15:14::SCWBDomain::artfiles -g -Wall -Wextra -fno-tree-loop-distribute-patterns"

TRACE::2025-02-12.14:15:14::SCWBDomain::"Running Make include in ps7_cortexa9_0/libsrc/scugic_v4_7/src"

TRACE::2025-02-12.14:15:14::SCWBDomain::make -C ps7_cortexa9_0/libsrc/scugic_v4_7/src -s include  "SHELL=CMD" "COMPILER=arm-none-eabi-gcc" "ASSEMBLER=arm-none-eabi-as"
TRACE::2025-02-12.14:15:14::SCWBDomain:: "ARCHIVER=arm-none-eabi-ar" "COMPILER_FLAGS=  -O2 -c" "EXTRA_COMPILER_FLAGS=-mcpu=cortex-a9 -mfpu=vfpv3 -mfloat-abi=hard -nost
TRACE::2025-02-12.14:15:14::SCWBDomain::artfiles -g -Wall -Wextra -fno-tree-loop-distribute-patterns"

TRACE::2025-02-12.14:15:14::SCWBDomain::"Running Make include in ps7_cortexa9_0/libsrc/scutimer_v2_4/src"

TRACE::2025-02-12.14:15:14::SCWBDomain::make -C ps7_cortexa9_0/libsrc/scutimer_v2_4/src -s include  "SHELL=CMD" "COMPILER=arm-none-eabi-gcc" "ASSEMBLER=arm-none-eabi-a
TRACE::2025-02-12.14:15:14::SCWBDomain::s" "ARCHIVER=arm-none-eabi-ar" "COMPILER_FLAGS=  -O2 -c" "EXTRA_COMPILER_FLAGS=-mcpu=cortex-a9 -mfpu=vfpv3 -mfloat-abi=hard -no
TRACE::2025-02-12.14:15:14::SCWBDomain::startfiles -g -Wall -Wextra -fno-tree-loop-distribute-patterns"

TRACE::2025-02-12.14:15:15::SCWBDomain::"Running Make include in ps7_cortexa9_0/libsrc/scuwdt_v2_4/src"

TRACE::2025-02-12.14:15:15::SCWBDomain::make -C ps7_cortexa9_0/libsrc/scuwdt_v2_4/src -s include  "SHELL=CMD" "COMPILER=arm-none-eabi-gcc" "ASSEMBLER=arm-none-eabi-as"
TRACE::2025-02-12.14:15:15::SCWBDomain:: "ARCHIVER=arm-none-eabi-ar" "COMPILER_FLAGS=  -O2 -c" "EXTRA_COMPILER_FLAGS=-mcpu=cortex-a9 -mfpu=vfpv3 -mfloat-abi=hard -nost
TRACE::2025-02-12.14:15:15::SCWBDomain::artfiles -g -Wall -Wextra -fno-tree-loop-distribute-patterns"

TRACE::2025-02-12.14:15:15::SCWBDomain::"Running Make include in ps7_cortexa9_0/libsrc/sdps_v3_14/src"

TRACE::2025-02-12.14:15:15::SCWBDomain::make -C ps7_cortexa9_0/libsrc/sdps_v3_14/src -s include  "SHELL=CMD" "COMPILER=arm-none-eabi-gcc" "ASSEMBLER=arm-none-eabi-as" 
TRACE::2025-02-12.14:15:15::SCWBDomain::"ARCHIVER=arm-none-eabi-ar" "COMPILER_FLAGS=  -O2 -c" "EXTRA_COMPILER_FLAGS=-mcpu=cortex-a9 -mfpu=vfpv3 -mfloat-abi=hard -nosta
TRACE::2025-02-12.14:15:15::SCWBDomain::rtfiles -g -Wall -Wextra -fno-tree-loop-distribute-patterns"

TRACE::2025-02-12.14:15:15::SCWBDomain::"Running Make include in ps7_cortexa9_0/libsrc/standalone_v7_7/src"

TRACE::2025-02-12.14:15:15::SCWBDomain::make -C ps7_cortexa9_0/libsrc/standalone_v7_7/src -s include  "SHELL=CMD" "COMPILER=arm-none-eabi-gcc" "ASSEMBLER=arm-none-eabi
TRACE::2025-02-12.14:15:15::SCWBDomain::-as" "ARCHIVER=arm-none-eabi-ar" "COMPILER_FLAGS=  -O2 -c" "EXTRA_COMPILER_FLAGS=-mcpu=cortex-a9 -mfpu=vfpv3 -mfloat-abi=hard -
TRACE::2025-02-12.14:15:15::SCWBDomain::nostartfiles -g -Wall -Wextra -fno-tree-loop-distribute-patterns"

TRACE::2025-02-12.14:15:17::SCWBDomain::"Running Make include in ps7_cortexa9_0/libsrc/uartps_v3_11/src"

TRACE::2025-02-12.14:15:17::SCWBDomain::make -C ps7_cortexa9_0/libsrc/uartps_v3_11/src -s include  "SHELL=CMD" "COMPILER=arm-none-eabi-gcc" "ASSEMBLER=arm-none-eabi-as
TRACE::2025-02-12.14:15:17::SCWBDomain::" "ARCHIVER=arm-none-eabi-ar" "COMPILER_FLAGS=  -O2 -c" "EXTRA_COMPILER_FLAGS=-mcpu=cortex-a9 -mfpu=vfpv3 -mfloat-abi=hard -nos
TRACE::2025-02-12.14:15:17::SCWBDomain::tartfiles -g -Wall -Wextra -fno-tree-loop-distribute-patterns"

TRACE::2025-02-12.14:15:17::SCWBDomain::"Running Make include in ps7_cortexa9_0/libsrc/usbps_v2_7/src"

TRACE::2025-02-12.14:15:17::SCWBDomain::make -C ps7_cortexa9_0/libsrc/usbps_v2_7/src -s include  "SHELL=CMD" "COMPILER=arm-none-eabi-gcc" "ASSEMBLER=arm-none-eabi-as" 
TRACE::2025-02-12.14:15:17::SCWBDomain::"ARCHIVER=arm-none-eabi-ar" "COMPILER_FLAGS=  -O2 -c" "EXTRA_COMPILER_FLAGS=-mcpu=cortex-a9 -mfpu=vfpv3 -mfloat-abi=hard -nosta
TRACE::2025-02-12.14:15:17::SCWBDomain::rtfiles -g -Wall -Wextra -fno-tree-loop-distribute-patterns"

TRACE::2025-02-12.14:15:17::SCWBDomain::"Running Make include in ps7_cortexa9_0/libsrc/xadcps_v2_6/src"

TRACE::2025-02-12.14:15:17::SCWBDomain::make -C ps7_cortexa9_0/libsrc/xadcps_v2_6/src -s include  "SHELL=CMD" "COMPILER=arm-none-eabi-gcc" "ASSEMBLER=arm-none-eabi-as"
TRACE::2025-02-12.14:15:17::SCWBDomain:: "ARCHIVER=arm-none-eabi-ar" "COMPILER_FLAGS=  -O2 -c" "EXTRA_COMPILER_FLAGS=-mcpu=cortex-a9 -mfpu=vfpv3 -mfloat-abi=hard -nost
TRACE::2025-02-12.14:15:17::SCWBDomain::artfiles -g -Wall -Wextra -fno-tree-loop-distribute-patterns"

TRACE::2025-02-12.14:15:17::SCWBDomain::"Running Make include in ps7_cortexa9_0/libsrc/xilffs_v4_7/src"

TRACE::2025-02-12.14:15:17::SCWBDomain::make -C ps7_cortexa9_0/libsrc/xilffs_v4_7/src -s include  "SHELL=CMD" "COMPILER=arm-none-eabi-gcc" "ASSEMBLER=arm-none-eabi-as"
TRACE::2025-02-12.14:15:17::SCWBDomain:: "ARCHIVER=arm-none-eabi-ar" "COMPILER_FLAGS=  -O2 -c" "EXTRA_COMPILER_FLAGS=-mcpu=cortex-a9 -mfpu=vfpv3 -mfloat-abi=hard -nost
TRACE::2025-02-12.14:15:17::SCWBDomain::artfiles -g -Wall -Wextra -fno-tree-loop-distribute-patterns"

TRACE::2025-02-12.14:15:18::SCWBDomain::"Running Make include in ps7_cortexa9_0/libsrc/xilrsa_v1_6/src"

TRACE::2025-02-12.14:15:18::SCWBDomain::make -C ps7_cortexa9_0/libsrc/xilrsa_v1_6/src -s include  "SHELL=CMD" "COMPILER=arm-none-eabi-gcc" "ASSEMBLER=arm-none-eabi-as"
TRACE::2025-02-12.14:15:18::SCWBDomain:: "ARCHIVER=arm-none-eabi-ar" "COMPILER_FLAGS=  -O2 -c" "EXTRA_COMPILER_FLAGS=-mcpu=cortex-a9 -mfpu=vfpv3 -mfloat-abi=hard -nost
TRACE::2025-02-12.14:15:18::SCWBDomain::artfiles -g -Wall -Wextra -fno-tree-loop-distribute-patterns"

TRACE::2025-02-12.14:15:18::SCWBDomain::"Running Make libs in ps7_cortexa9_0/libsrc/xilrsa_v1_6/src"

TRACE::2025-02-12.14:15:18::SCWBDomain::make -C ps7_cortexa9_0/libsrc/xilrsa_v1_6/src -s libs  "SHELL=CMD" "COMPILER=arm-none-eabi-gcc" "ASSEMBLER=arm-none-eabi-as" "A
TRACE::2025-02-12.14:15:18::SCWBDomain::RCHIVER=arm-none-eabi-ar" "COMPILER_FLAGS=  -O2 -c" "EXTRA_COMPILER_FLAGS=-mcpu=cortex-a9 -mfpu=vfpv3 -mfloat-abi=hard -nostart
TRACE::2025-02-12.14:15:18::SCWBDomain::files -g -Wall -Wextra -fno-tree-loop-distribute-patterns"

TRACE::2025-02-12.14:15:18::SCWBDomain::'Finished building libraries sequentially.'

TRACE::2025-02-12.14:15:18::SCWBDomain::make -j 2 --no-print-directory par_libs

TRACE::2025-02-12.14:15:18::SCWBDomain::"Running Make include in ps7_cortexa9_0/libsrc/axidma_v9_14/src"

TRACE::2025-02-12.14:15:18::SCWBDomain::make -C ps7_cortexa9_0/libsrc/axidma_v9_14/src -s include  "SHELL=CMD" "COMPILER=arm-none-eabi-gcc" "ASSEMBLER=arm-none-eabi-as
TRACE::2025-02-12.14:15:18::SCWBDomain::" "ARCHIVER=arm-none-eabi-ar" "COMPILER_FLAGS=  -O2 -c" "EXTRA_COMPILER_FLAGS=-mcpu=cortex-a9 -mfpu=vfpv3 -mfloat-abi=hard -nos
TRACE::2025-02-12.14:15:18::SCWBDomain::tartfiles -g -Wall -Wextra -fno-tree-loop-distribute-patterns"

TRACE::2025-02-12.14:15:18::SCWBDomain::"Running Make include in ps7_cortexa9_0/libsrc/axivdma_v6_11/src"

TRACE::2025-02-12.14:15:18::SCWBDomain::make -C ps7_cortexa9_0/libsrc/axivdma_v6_11/src -s include  "SHELL=CMD" "COMPILER=arm-none-eabi-gcc" "ASSEMBLER=arm-none-eabi-a
TRACE::2025-02-12.14:15:18::SCWBDomain::s" "ARCHIVER=arm-none-eabi-ar" "COMPILER_FLAGS=  -O2 -c" "EXTRA_COMPILER_FLAGS=-mcpu=cortex-a9 -mfpu=vfpv3 -mfloat-abi=hard -no
TRACE::2025-02-12.14:15:18::SCWBDomain::startfiles -g -Wall -Wextra -fno-tree-loop-distribute-patterns"

TRACE::2025-02-12.14:15:18::SCWBDomain::"Running Make include in ps7_cortexa9_0/libsrc/coresightps_dcc_v1_8/src"

TRACE::2025-02-12.14:15:18::SCWBDomain::"Running Make include in ps7_cortexa9_0/libsrc/cpu_cortexa9_v2_11/src"

TRACE::2025-02-12.14:15:18::SCWBDomain::make -C ps7_cortexa9_0/libsrc/coresightps_dcc_v1_8/src -s include  "SHELL=CMD" "COMPILER=arm-none-eabi-gcc" "ASSEMBLER=arm-none
TRACE::2025-02-12.14:15:18::SCWBDomain::-eabi-as" "ARCHIVER=arm-none-eabi-ar" "COMPILER_FLAGS=  -O2 -c" "EXTRA_COMPILER_FLAGS=-mcpu=cortex-a9 -mfpu=vfpv3 -mfloat-abi=h
TRACE::2025-02-12.14:15:18::SCWBDomain::ard -nostartfiles -g -Wall -Wextra -fno-tree-loop-distribute-patterns"

TRACE::2025-02-12.14:15:18::SCWBDomain::make -C ps7_cortexa9_0/libsrc/cpu_cortexa9_v2_11/src -s include  "SHELL=CMD" "COMPILER=arm-none-eabi-gcc" "ASSEMBLER=arm-none-e
TRACE::2025-02-12.14:15:18::SCWBDomain::abi-as" "ARCHIVER=arm-none-eabi-ar" "COMPILER_FLAGS=  -O2 -c" "EXTRA_COMPILER_FLAGS=-mcpu=cortex-a9 -mfpu=vfpv3 -mfloat-abi=har
TRACE::2025-02-12.14:15:18::SCWBDomain::d -nostartfiles -g -Wall -Wextra -fno-tree-loop-distribute-patterns"

TRACE::2025-02-12.14:15:19::SCWBDomain::"Running Make include in ps7_cortexa9_0/libsrc/ddrps_v1_2/src"

TRACE::2025-02-12.14:15:19::SCWBDomain::make -C ps7_cortexa9_0/libsrc/ddrps_v1_2/src -s include  "SHELL=CMD" "COMPILER=arm-none-eabi-gcc" "ASSEMBLER=arm-none-eabi-as" 
TRACE::2025-02-12.14:15:19::SCWBDomain::"ARCHIVER=arm-none-eabi-ar" "COMPILER_FLAGS=  -O2 -c" "EXTRA_COMPILER_FLAGS=-mcpu=cortex-a9 -mfpu=vfpv3 -mfloat-abi=hard -nosta
TRACE::2025-02-12.14:15:19::SCWBDomain::rtfiles -g -Wall -Wextra -fno-tree-loop-distribute-patterns"

TRACE::2025-02-12.14:15:19::SCWBDomain::"Running Make include in ps7_cortexa9_0/libsrc/devcfg_v3_7/src"

TRACE::2025-02-12.14:15:19::SCWBDomain::make -C ps7_cortexa9_0/libsrc/devcfg_v3_7/src -s include  "SHELL=CMD" "COMPILER=arm-none-eabi-gcc" "ASSEMBLER=arm-none-eabi-as"
TRACE::2025-02-12.14:15:19::SCWBDomain:: "ARCHIVER=arm-none-eabi-ar" "COMPILER_FLAGS=  -O2 -c" "EXTRA_COMPILER_FLAGS=-mcpu=cortex-a9 -mfpu=vfpv3 -mfloat-abi=hard -nost
TRACE::2025-02-12.14:15:19::SCWBDomain::artfiles -g -Wall -Wextra -fno-tree-loop-distribute-patterns"

TRACE::2025-02-12.14:15:19::SCWBDomain::"Running Make include in ps7_cortexa9_0/libsrc/dmaps_v2_8/src"

TRACE::2025-02-12.14:15:19::SCWBDomain::make -C ps7_cortexa9_0/libsrc/dmaps_v2_8/src -s include  "SHELL=CMD" "COMPILER=arm-none-eabi-gcc" "ASSEMBLER=arm-none-eabi-as" 
TRACE::2025-02-12.14:15:19::SCWBDomain::"ARCHIVER=arm-none-eabi-ar" "COMPILER_FLAGS=  -O2 -c" "EXTRA_COMPILER_FLAGS=-mcpu=cortex-a9 -mfpu=vfpv3 -mfloat-abi=hard -nosta
TRACE::2025-02-12.14:15:19::SCWBDomain::rtfiles -g -Wall -Wextra -fno-tree-loop-distribute-patterns"

TRACE::2025-02-12.14:15:19::SCWBDomain::"Running Make include in ps7_cortexa9_0/libsrc/emacps_v3_16/src"

TRACE::2025-02-12.14:15:19::SCWBDomain::make -C ps7_cortexa9_0/libsrc/emacps_v3_16/src -s include  "SHELL=CMD" "COMPILER=arm-none-eabi-gcc" "ASSEMBLER=arm-none-eabi-as
TRACE::2025-02-12.14:15:19::SCWBDomain::" "ARCHIVER=arm-none-eabi-ar" "COMPILER_FLAGS=  -O2 -c" "EXTRA_COMPILER_FLAGS=-mcpu=cortex-a9 -mfpu=vfpv3 -mfloat-abi=hard -nos
TRACE::2025-02-12.14:15:19::SCWBDomain::tartfiles -g -Wall -Wextra -fno-tree-loop-distribute-patterns"

TRACE::2025-02-12.14:15:19::SCWBDomain::"Running Make include in ps7_cortexa9_0/libsrc/gpiops_v3_9/src"

TRACE::2025-02-12.14:15:19::SCWBDomain::make -C ps7_cortexa9_0/libsrc/gpiops_v3_9/src -s include  "SHELL=CMD" "COMPILER=arm-none-eabi-gcc" "ASSEMBLER=arm-none-eabi-as"
TRACE::2025-02-12.14:15:19::SCWBDomain:: "ARCHIVER=arm-none-eabi-ar" "COMPILER_FLAGS=  -O2 -c" "EXTRA_COMPILER_FLAGS=-mcpu=cortex-a9 -mfpu=vfpv3 -mfloat-abi=hard -nost
TRACE::2025-02-12.14:15:19::SCWBDomain::artfiles -g -Wall -Wextra -fno-tree-loop-distribute-patterns"

TRACE::2025-02-12.14:15:19::SCWBDomain::"Running Make include in ps7_cortexa9_0/libsrc/iicps_v3_15/src"

TRACE::2025-02-12.14:15:19::SCWBDomain::make -C ps7_cortexa9_0/libsrc/iicps_v3_15/src -s include  "SHELL=CMD" "COMPILER=arm-none-eabi-gcc" "ASSEMBLER=arm-none-eabi-as"
TRACE::2025-02-12.14:15:19::SCWBDomain:: "ARCHIVER=arm-none-eabi-ar" "COMPILER_FLAGS=  -O2 -c" "EXTRA_COMPILER_FLAGS=-mcpu=cortex-a9 -mfpu=vfpv3 -mfloat-abi=hard -nost
TRACE::2025-02-12.14:15:19::SCWBDomain::artfiles -g -Wall -Wextra -fno-tree-loop-distribute-patterns"

TRACE::2025-02-12.14:15:19::SCWBDomain::"Running Make include in ps7_cortexa9_0/libsrc/qspips_v3_9/src"

TRACE::2025-02-12.14:15:19::SCWBDomain::make -C ps7_cortexa9_0/libsrc/qspips_v3_9/src -s include  "SHELL=CMD" "COMPILER=arm-none-eabi-gcc" "ASSEMBLER=arm-none-eabi-as"
TRACE::2025-02-12.14:15:19::SCWBDomain:: "ARCHIVER=arm-none-eabi-ar" "COMPILER_FLAGS=  -O2 -c" "EXTRA_COMPILER_FLAGS=-mcpu=cortex-a9 -mfpu=vfpv3 -mfloat-abi=hard -nost
TRACE::2025-02-12.14:15:19::SCWBDomain::artfiles -g -Wall -Wextra -fno-tree-loop-distribute-patterns"

TRACE::2025-02-12.14:15:19::SCWBDomain::"Running Make include in ps7_cortexa9_0/libsrc/scugic_v4_7/src"

TRACE::2025-02-12.14:15:19::SCWBDomain::make -C ps7_cortexa9_0/libsrc/scugic_v4_7/src -s include  "SHELL=CMD" "COMPILER=arm-none-eabi-gcc" "ASSEMBLER=arm-none-eabi-as"
TRACE::2025-02-12.14:15:19::SCWBDomain:: "ARCHIVER=arm-none-eabi-ar" "COMPILER_FLAGS=  -O2 -c" "EXTRA_COMPILER_FLAGS=-mcpu=cortex-a9 -mfpu=vfpv3 -mfloat-abi=hard -nost
TRACE::2025-02-12.14:15:19::SCWBDomain::artfiles -g -Wall -Wextra -fno-tree-loop-distribute-patterns"

TRACE::2025-02-12.14:15:19::SCWBDomain::"Running Make include in ps7_cortexa9_0/libsrc/scuwdt_v2_4/src"

TRACE::2025-02-12.14:15:19::SCWBDomain::"Running Make include in ps7_cortexa9_0/libsrc/scutimer_v2_4/src"

TRACE::2025-02-12.14:15:19::SCWBDomain::make -C ps7_cortexa9_0/libsrc/scutimer_v2_4/src -s include  "SHELL=CMD" "COMPILER=arm-none-eabi-gcc" "ASSEMBLER=arm-none-eabi-a
TRACE::2025-02-12.14:15:19::SCWBDomain::s" "ARCHIVER=arm-none-eabi-ar" "COMPILER_FLAGS=  -O2 -c" "EXTRA_COMPILER_FLAGS=-mcpu=cortex-a9 -mfpu=vfpv3 -mfloat-abi=hard -no
TRACE::2025-02-12.14:15:19::SCWBDomain::startfiles -g -Wall -Wextra -fno-tree-loop-distribute-patterns"

TRACE::2025-02-12.14:15:19::SCWBDomain::make -C ps7_cortexa9_0/libsrc/scuwdt_v2_4/src -s include  "SHELL=CMD" "COMPILER=arm-none-eabi-gcc" "ASSEMBLER=arm-none-eabi-as"
TRACE::2025-02-12.14:15:19::SCWBDomain:: "ARCHIVER=arm-none-eabi-ar" "COMPILER_FLAGS=  -O2 -c" "EXTRA_COMPILER_FLAGS=-mcpu=cortex-a9 -mfpu=vfpv3 -mfloat-abi=hard -nost
TRACE::2025-02-12.14:15:19::SCWBDomain::artfiles -g -Wall -Wextra -fno-tree-loop-distribute-patterns"

TRACE::2025-02-12.14:15:20::SCWBDomain::"Running Make include in ps7_cortexa9_0/libsrc/sdps_v3_14/src"

TRACE::2025-02-12.14:15:20::SCWBDomain::"Running Make include in ps7_cortexa9_0/libsrc/standalone_v7_7/src"

TRACE::2025-02-12.14:15:20::SCWBDomain::make -C ps7_cortexa9_0/libsrc/sdps_v3_14/src -s include  "SHELL=CMD" "COMPILER=arm-none-eabi-gcc" "ASSEMBLER=arm-none-eabi-as" 
TRACE::2025-02-12.14:15:20::SCWBDomain::"ARCHIVER=arm-none-eabi-ar" "COMPILER_FLAGS=  -O2 -c" "EXTRA_COMPILER_FLAGS=-mcpu=cortex-a9 -mfpu=vfpv3 -mfloat-abi=hard -nosta
TRACE::2025-02-12.14:15:20::SCWBDomain::rtfiles -g -Wall -Wextra -fno-tree-loop-distribute-patterns"

TRACE::2025-02-12.14:15:20::SCWBDomain::make -C ps7_cortexa9_0/libsrc/standalone_v7_7/src -s include  "SHELL=CMD" "COMPILER=arm-none-eabi-gcc" "ASSEMBLER=arm-none-eabi
TRACE::2025-02-12.14:15:20::SCWBDomain::-as" "ARCHIVER=arm-none-eabi-ar" "COMPILER_FLAGS=  -O2 -c" "EXTRA_COMPILER_FLAGS=-mcpu=cortex-a9 -mfpu=vfpv3 -mfloat-abi=hard -
TRACE::2025-02-12.14:15:20::SCWBDomain::nostartfiles -g -Wall -Wextra -fno-tree-loop-distribute-patterns"

TRACE::2025-02-12.14:15:20::SCWBDomain::"Running Make include in ps7_cortexa9_0/libsrc/uartps_v3_11/src"

TRACE::2025-02-12.14:15:20::SCWBDomain::make -C ps7_cortexa9_0/libsrc/uartps_v3_11/src -s include  "SHELL=CMD" "COMPILER=arm-none-eabi-gcc" "ASSEMBLER=arm-none-eabi-as
TRACE::2025-02-12.14:15:20::SCWBDomain::" "ARCHIVER=arm-none-eabi-ar" "COMPILER_FLAGS=  -O2 -c" "EXTRA_COMPILER_FLAGS=-mcpu=cortex-a9 -mfpu=vfpv3 -mfloat-abi=hard -nos
TRACE::2025-02-12.14:15:20::SCWBDomain::tartfiles -g -Wall -Wextra -fno-tree-loop-distribute-patterns"

TRACE::2025-02-12.14:15:20::SCWBDomain::"Running Make include in ps7_cortexa9_0/libsrc/usbps_v2_7/src"

TRACE::2025-02-12.14:15:20::SCWBDomain::make -C ps7_cortexa9_0/libsrc/usbps_v2_7/src -s include  "SHELL=CMD" "COMPILER=arm-none-eabi-gcc" "ASSEMBLER=arm-none-eabi-as" 
TRACE::2025-02-12.14:15:20::SCWBDomain::"ARCHIVER=arm-none-eabi-ar" "COMPILER_FLAGS=  -O2 -c" "EXTRA_COMPILER_FLAGS=-mcpu=cortex-a9 -mfpu=vfpv3 -mfloat-abi=hard -nosta
TRACE::2025-02-12.14:15:20::SCWBDomain::rtfiles -g -Wall -Wextra -fno-tree-loop-distribute-patterns"

TRACE::2025-02-12.14:15:20::SCWBDomain::"Running Make include in ps7_cortexa9_0/libsrc/xadcps_v2_6/src"

TRACE::2025-02-12.14:15:20::SCWBDomain::make -C ps7_cortexa9_0/libsrc/xadcps_v2_6/src -s include  "SHELL=CMD" "COMPILER=arm-none-eabi-gcc" "ASSEMBLER=arm-none-eabi-as"
TRACE::2025-02-12.14:15:20::SCWBDomain:: "ARCHIVER=arm-none-eabi-ar" "COMPILER_FLAGS=  -O2 -c" "EXTRA_COMPILER_FLAGS=-mcpu=cortex-a9 -mfpu=vfpv3 -mfloat-abi=hard -nost
TRACE::2025-02-12.14:15:20::SCWBDomain::artfiles -g -Wall -Wextra -fno-tree-loop-distribute-patterns"

TRACE::2025-02-12.14:15:20::SCWBDomain::"Running Make include in ps7_cortexa9_0/libsrc/xilffs_v4_7/src"

TRACE::2025-02-12.14:15:20::SCWBDomain::make -C ps7_cortexa9_0/libsrc/xilffs_v4_7/src -s include  "SHELL=CMD" "COMPILER=arm-none-eabi-gcc" "ASSEMBLER=arm-none-eabi-as"
TRACE::2025-02-12.14:15:20::SCWBDomain:: "ARCHIVER=arm-none-eabi-ar" "COMPILER_FLAGS=  -O2 -c" "EXTRA_COMPILER_FLAGS=-mcpu=cortex-a9 -mfpu=vfpv3 -mfloat-abi=hard -nost
TRACE::2025-02-12.14:15:20::SCWBDomain::artfiles -g -Wall -Wextra -fno-tree-loop-distribute-patterns"

TRACE::2025-02-12.14:15:20::SCWBDomain::"Running Make include in ps7_cortexa9_0/libsrc/xilrsa_v1_6/src"

TRACE::2025-02-12.14:15:20::SCWBDomain::make -C ps7_cortexa9_0/libsrc/xilrsa_v1_6/src -s include  "SHELL=CMD" "COMPILER=arm-none-eabi-gcc" "ASSEMBLER=arm-none-eabi-as"
TRACE::2025-02-12.14:15:20::SCWBDomain:: "ARCHIVER=arm-none-eabi-ar" "COMPILER_FLAGS=  -O2 -c" "EXTRA_COMPILER_FLAGS=-mcpu=cortex-a9 -mfpu=vfpv3 -mfloat-abi=hard -nost
TRACE::2025-02-12.14:15:20::SCWBDomain::artfiles -g -Wall -Wextra -fno-tree-loop-distribute-patterns"

TRACE::2025-02-12.14:15:20::SCWBDomain::"Running Make libs in ps7_cortexa9_0/libsrc/axidma_v9_14/src"

TRACE::2025-02-12.14:15:20::SCWBDomain::make -C ps7_cortexa9_0/libsrc/axidma_v9_14/src -s libs  "SHELL=CMD" "COMPILER=arm-none-eabi-gcc" "ASSEMBLER=arm-none-eabi-as" "
TRACE::2025-02-12.14:15:20::SCWBDomain::ARCHIVER=arm-none-eabi-ar" "COMPILER_FLAGS=  -O2 -c" "EXTRA_COMPILER_FLAGS=-mcpu=cortex-a9 -mfpu=vfpv3 -mfloat-abi=hard -nostar
TRACE::2025-02-12.14:15:20::SCWBDomain::tfiles -g -Wall -Wextra -fno-tree-loop-distribute-patterns"

TRACE::2025-02-12.14:15:20::SCWBDomain::"Running Make libs in ps7_cortexa9_0/libsrc/axivdma_v6_11/src"

TRACE::2025-02-12.14:15:20::SCWBDomain::make -C ps7_cortexa9_0/libsrc/axivdma_v6_11/src -s libs  "SHELL=CMD" "COMPILER=arm-none-eabi-gcc" "ASSEMBLER=arm-none-eabi-as" 
TRACE::2025-02-12.14:15:20::SCWBDomain::"ARCHIVER=arm-none-eabi-ar" "COMPILER_FLAGS=  -O2 -c" "EXTRA_COMPILER_FLAGS=-mcpu=cortex-a9 -mfpu=vfpv3 -mfloat-abi=hard -nosta
TRACE::2025-02-12.14:15:20::SCWBDomain::rtfiles -g -Wall -Wextra -fno-tree-loop-distribute-patterns"

TRACE::2025-02-12.14:15:22::SCWBDomain::"Running Make libs in ps7_cortexa9_0/libsrc/coresightps_dcc_v1_8/src"

TRACE::2025-02-12.14:15:22::SCWBDomain::make -C ps7_cortexa9_0/libsrc/coresightps_dcc_v1_8/src -s libs  "SHELL=CMD" "COMPILER=arm-none-eabi-gcc" "ASSEMBLER=arm-none-ea
TRACE::2025-02-12.14:15:22::SCWBDomain::bi-as" "ARCHIVER=arm-none-eabi-ar" "COMPILER_FLAGS=  -O2 -c" "EXTRA_COMPILER_FLAGS=-mcpu=cortex-a9 -mfpu=vfpv3 -mfloat-abi=hard
TRACE::2025-02-12.14:15:22::SCWBDomain:: -nostartfiles -g -Wall -Wextra -fno-tree-loop-distribute-patterns"

TRACE::2025-02-12.14:15:22::SCWBDomain::"Running Make libs in ps7_cortexa9_0/libsrc/cpu_cortexa9_v2_11/src"

TRACE::2025-02-12.14:15:22::SCWBDomain::make -C ps7_cortexa9_0/libsrc/cpu_cortexa9_v2_11/src -s libs  "SHELL=CMD" "COMPILER=arm-none-eabi-gcc" "ASSEMBLER=arm-none-eabi
TRACE::2025-02-12.14:15:22::SCWBDomain::-as" "ARCHIVER=arm-none-eabi-ar" "COMPILER_FLAGS=  -O2 -c" "EXTRA_COMPILER_FLAGS=-mcpu=cortex-a9 -mfpu=vfpv3 -mfloat-abi=hard -
TRACE::2025-02-12.14:15:22::SCWBDomain::nostartfiles -g -Wall -Wextra -fno-tree-loop-distribute-patterns"

TRACE::2025-02-12.14:15:22::SCWBDomain::"Running Make libs in ps7_cortexa9_0/libsrc/ddrps_v1_2/src"

TRACE::2025-02-12.14:15:22::SCWBDomain::make -C ps7_cortexa9_0/libsrc/ddrps_v1_2/src -s libs  "SHELL=CMD" "COMPILER=arm-none-eabi-gcc" "ASSEMBLER=arm-none-eabi-as" "AR
TRACE::2025-02-12.14:15:22::SCWBDomain::CHIVER=arm-none-eabi-ar" "COMPILER_FLAGS=  -O2 -c" "EXTRA_COMPILER_FLAGS=-mcpu=cortex-a9 -mfpu=vfpv3 -mfloat-abi=hard -nostartf
TRACE::2025-02-12.14:15:22::SCWBDomain::iles -g -Wall -Wextra -fno-tree-loop-distribute-patterns"

TRACE::2025-02-12.14:15:23::SCWBDomain::"Running Make libs in ps7_cortexa9_0/libsrc/devcfg_v3_7/src"

TRACE::2025-02-12.14:15:23::SCWBDomain::make -C ps7_cortexa9_0/libsrc/devcfg_v3_7/src -s libs  "SHELL=CMD" "COMPILER=arm-none-eabi-gcc" "ASSEMBLER=arm-none-eabi-as" "A
TRACE::2025-02-12.14:15:23::SCWBDomain::RCHIVER=arm-none-eabi-ar" "COMPILER_FLAGS=  -O2 -c" "EXTRA_COMPILER_FLAGS=-mcpu=cortex-a9 -mfpu=vfpv3 -mfloat-abi=hard -nostart
TRACE::2025-02-12.14:15:23::SCWBDomain::files -g -Wall -Wextra -fno-tree-loop-distribute-patterns"

TRACE::2025-02-12.14:15:23::SCWBDomain::"Running Make libs in ps7_cortexa9_0/libsrc/dmaps_v2_8/src"

TRACE::2025-02-12.14:15:23::SCWBDomain::make -C ps7_cortexa9_0/libsrc/dmaps_v2_8/src -s libs  "SHELL=CMD" "COMPILER=arm-none-eabi-gcc" "ASSEMBLER=arm-none-eabi-as" "AR
TRACE::2025-02-12.14:15:23::SCWBDomain::CHIVER=arm-none-eabi-ar" "COMPILER_FLAGS=  -O2 -c" "EXTRA_COMPILER_FLAGS=-mcpu=cortex-a9 -mfpu=vfpv3 -mfloat-abi=hard -nostartf
TRACE::2025-02-12.14:15:23::SCWBDomain::iles -g -Wall -Wextra -fno-tree-loop-distribute-patterns"

TRACE::2025-02-12.14:15:24::SCWBDomain::"Running Make libs in ps7_cortexa9_0/libsrc/emacps_v3_16/src"

TRACE::2025-02-12.14:15:24::SCWBDomain::make -C ps7_cortexa9_0/libsrc/emacps_v3_16/src -s libs  "SHELL=CMD" "COMPILER=arm-none-eabi-gcc" "ASSEMBLER=arm-none-eabi-as" "
TRACE::2025-02-12.14:15:24::SCWBDomain::ARCHIVER=arm-none-eabi-ar" "COMPILER_FLAGS=  -O2 -c" "EXTRA_COMPILER_FLAGS=-mcpu=cortex-a9 -mfpu=vfpv3 -mfloat-abi=hard -nostar
TRACE::2025-02-12.14:15:24::SCWBDomain::tfiles -g -Wall -Wextra -fno-tree-loop-distribute-patterns"

TRACE::2025-02-12.14:15:24::SCWBDomain::"Running Make libs in ps7_cortexa9_0/libsrc/gpiops_v3_9/src"

TRACE::2025-02-12.14:15:24::SCWBDomain::make -C ps7_cortexa9_0/libsrc/gpiops_v3_9/src -s libs  "SHELL=CMD" "COMPILER=arm-none-eabi-gcc" "ASSEMBLER=arm-none-eabi-as" "A
TRACE::2025-02-12.14:15:24::SCWBDomain::RCHIVER=arm-none-eabi-ar" "COMPILER_FLAGS=  -O2 -c" "EXTRA_COMPILER_FLAGS=-mcpu=cortex-a9 -mfpu=vfpv3 -mfloat-abi=hard -nostart
TRACE::2025-02-12.14:15:24::SCWBDomain::files -g -Wall -Wextra -fno-tree-loop-distribute-patterns"

TRACE::2025-02-12.14:15:26::SCWBDomain::"Running Make libs in ps7_cortexa9_0/libsrc/iicps_v3_15/src"

TRACE::2025-02-12.14:15:26::SCWBDomain::make -C ps7_cortexa9_0/libsrc/iicps_v3_15/src -s libs  "SHELL=CMD" "COMPILER=arm-none-eabi-gcc" "ASSEMBLER=arm-none-eabi-as" "A
TRACE::2025-02-12.14:15:26::SCWBDomain::RCHIVER=arm-none-eabi-ar" "COMPILER_FLAGS=  -O2 -c" "EXTRA_COMPILER_FLAGS=-mcpu=cortex-a9 -mfpu=vfpv3 -mfloat-abi=hard -nostart
TRACE::2025-02-12.14:15:26::SCWBDomain::files -g -Wall -Wextra -fno-tree-loop-distribute-patterns"

TRACE::2025-02-12.14:15:26::SCWBDomain::"Running Make libs in ps7_cortexa9_0/libsrc/qspips_v3_9/src"

TRACE::2025-02-12.14:15:26::SCWBDomain::make -C ps7_cortexa9_0/libsrc/qspips_v3_9/src -s libs  "SHELL=CMD" "COMPILER=arm-none-eabi-gcc" "ASSEMBLER=arm-none-eabi-as" "A
TRACE::2025-02-12.14:15:26::SCWBDomain::RCHIVER=arm-none-eabi-ar" "COMPILER_FLAGS=  -O2 -c" "EXTRA_COMPILER_FLAGS=-mcpu=cortex-a9 -mfpu=vfpv3 -mfloat-abi=hard -nostart
TRACE::2025-02-12.14:15:26::SCWBDomain::files -g -Wall -Wextra -fno-tree-loop-distribute-patterns"

TRACE::2025-02-12.14:15:27::SCWBDomain::"Running Make libs in ps7_cortexa9_0/libsrc/scugic_v4_7/src"

TRACE::2025-02-12.14:15:27::SCWBDomain::make -C ps7_cortexa9_0/libsrc/scugic_v4_7/src -s libs  "SHELL=CMD" "COMPILER=arm-none-eabi-gcc" "ASSEMBLER=arm-none-eabi-as" "A
TRACE::2025-02-12.14:15:27::SCWBDomain::RCHIVER=arm-none-eabi-ar" "COMPILER_FLAGS=  -O2 -c" "EXTRA_COMPILER_FLAGS=-mcpu=cortex-a9 -mfpu=vfpv3 -mfloat-abi=hard -nostart
TRACE::2025-02-12.14:15:27::SCWBDomain::files -g -Wall -Wextra -fno-tree-loop-distribute-patterns"

TRACE::2025-02-12.14:15:28::SCWBDomain::"Running Make libs in ps7_cortexa9_0/libsrc/scutimer_v2_4/src"

TRACE::2025-02-12.14:15:28::SCWBDomain::make -C ps7_cortexa9_0/libsrc/scutimer_v2_4/src -s libs  "SHELL=CMD" "COMPILER=arm-none-eabi-gcc" "ASSEMBLER=arm-none-eabi-as" 
TRACE::2025-02-12.14:15:28::SCWBDomain::"ARCHIVER=arm-none-eabi-ar" "COMPILER_FLAGS=  -O2 -c" "EXTRA_COMPILER_FLAGS=-mcpu=cortex-a9 -mfpu=vfpv3 -mfloat-abi=hard -nosta
TRACE::2025-02-12.14:15:28::SCWBDomain::rtfiles -g -Wall -Wextra -fno-tree-loop-distribute-patterns"

TRACE::2025-02-12.14:15:29::SCWBDomain::"Running Make libs in ps7_cortexa9_0/libsrc/scuwdt_v2_4/src"

TRACE::2025-02-12.14:15:29::SCWBDomain::make -C ps7_cortexa9_0/libsrc/scuwdt_v2_4/src -s libs  "SHELL=CMD" "COMPILER=arm-none-eabi-gcc" "ASSEMBLER=arm-none-eabi-as" "A
TRACE::2025-02-12.14:15:29::SCWBDomain::RCHIVER=arm-none-eabi-ar" "COMPILER_FLAGS=  -O2 -c" "EXTRA_COMPILER_FLAGS=-mcpu=cortex-a9 -mfpu=vfpv3 -mfloat-abi=hard -nostart
TRACE::2025-02-12.14:15:29::SCWBDomain::files -g -Wall -Wextra -fno-tree-loop-distribute-patterns"

TRACE::2025-02-12.14:15:29::SCWBDomain::"Running Make libs in ps7_cortexa9_0/libsrc/sdps_v3_14/src"

TRACE::2025-02-12.14:15:29::SCWBDomain::make -C ps7_cortexa9_0/libsrc/sdps_v3_14/src -s libs  "SHELL=CMD" "COMPILER=arm-none-eabi-gcc" "ASSEMBLER=arm-none-eabi-as" "AR
TRACE::2025-02-12.14:15:29::SCWBDomain::CHIVER=arm-none-eabi-ar" "COMPILER_FLAGS=  -O2 -c" "EXTRA_COMPILER_FLAGS=-mcpu=cortex-a9 -mfpu=vfpv3 -mfloat-abi=hard -nostartf
TRACE::2025-02-12.14:15:29::SCWBDomain::iles -g -Wall -Wextra -fno-tree-loop-distribute-patterns"

TRACE::2025-02-12.14:15:30::SCWBDomain::"Running Make libs in ps7_cortexa9_0/libsrc/standalone_v7_7/src"

TRACE::2025-02-12.14:15:30::SCWBDomain::make -C ps7_cortexa9_0/libsrc/standalone_v7_7/src -s libs  "SHELL=CMD" "COMPILER=arm-none-eabi-gcc" "ASSEMBLER=arm-none-eabi-as
TRACE::2025-02-12.14:15:30::SCWBDomain::" "ARCHIVER=arm-none-eabi-ar" "COMPILER_FLAGS=  -O2 -c" "EXTRA_COMPILER_FLAGS=-mcpu=cortex-a9 -mfpu=vfpv3 -mfloat-abi=hard -nos
TRACE::2025-02-12.14:15:30::SCWBDomain::tartfiles -g -Wall -Wextra -fno-tree-loop-distribute-patterns"

TRACE::2025-02-12.14:15:31::SCWBDomain::"Running Make libs in ps7_cortexa9_0/libsrc/uartps_v3_11/src"

TRACE::2025-02-12.14:15:31::SCWBDomain::make -C ps7_cortexa9_0/libsrc/uartps_v3_11/src -s libs  "SHELL=CMD" "COMPILER=arm-none-eabi-gcc" "ASSEMBLER=arm-none-eabi-as" "
TRACE::2025-02-12.14:15:31::SCWBDomain::ARCHIVER=arm-none-eabi-ar" "COMPILER_FLAGS=  -O2 -c" "EXTRA_COMPILER_FLAGS=-mcpu=cortex-a9 -mfpu=vfpv3 -mfloat-abi=hard -nostar
TRACE::2025-02-12.14:15:31::SCWBDomain::tfiles -g -Wall -Wextra -fno-tree-loop-distribute-patterns"

TRACE::2025-02-12.14:15:32::SCWBDomain::"Running Make libs in ps7_cortexa9_0/libsrc/usbps_v2_7/src"

TRACE::2025-02-12.14:15:32::SCWBDomain::make -C ps7_cortexa9_0/libsrc/usbps_v2_7/src -s libs  "SHELL=CMD" "COMPILER=arm-none-eabi-gcc" "ASSEMBLER=arm-none-eabi-as" "AR
TRACE::2025-02-12.14:15:32::SCWBDomain::CHIVER=arm-none-eabi-ar" "COMPILER_FLAGS=  -O2 -c" "EXTRA_COMPILER_FLAGS=-mcpu=cortex-a9 -mfpu=vfpv3 -mfloat-abi=hard -nostartf
TRACE::2025-02-12.14:15:32::SCWBDomain::iles -g -Wall -Wextra -fno-tree-loop-distribute-patterns"

TRACE::2025-02-12.14:15:34::SCWBDomain::"Running Make libs in ps7_cortexa9_0/libsrc/xadcps_v2_6/src"

TRACE::2025-02-12.14:15:34::SCWBDomain::make -C ps7_cortexa9_0/libsrc/xadcps_v2_6/src -s libs  "SHELL=CMD" "COMPILER=arm-none-eabi-gcc" "ASSEMBLER=arm-none-eabi-as" "A
TRACE::2025-02-12.14:15:34::SCWBDomain::RCHIVER=arm-none-eabi-ar" "COMPILER_FLAGS=  -O2 -c" "EXTRA_COMPILER_FLAGS=-mcpu=cortex-a9 -mfpu=vfpv3 -mfloat-abi=hard -nostart
TRACE::2025-02-12.14:15:34::SCWBDomain::files -g -Wall -Wextra -fno-tree-loop-distribute-patterns"

TRACE::2025-02-12.14:15:35::SCWBDomain::"Running Make libs in ps7_cortexa9_0/libsrc/xilffs_v4_7/src"

TRACE::2025-02-12.14:15:35::SCWBDomain::make -C ps7_cortexa9_0/libsrc/xilffs_v4_7/src -s libs  "SHELL=CMD" "COMPILER=arm-none-eabi-gcc" "ASSEMBLER=arm-none-eabi-as" "A
TRACE::2025-02-12.14:15:35::SCWBDomain::RCHIVER=arm-none-eabi-ar" "COMPILER_FLAGS=  -O2 -c" "EXTRA_COMPILER_FLAGS=-mcpu=cortex-a9 -mfpu=vfpv3 -mfloat-abi=hard -nostart
TRACE::2025-02-12.14:15:35::SCWBDomain::files -g -Wall -Wextra -fno-tree-loop-distribute-patterns"

TRACE::2025-02-12.14:15:38::SCWBDomain::'Finished building libraries parallelly.'

TRACE::2025-02-12.14:15:38::SCWBDomain::make --no-print-directory archive

TRACE::2025-02-12.14:15:38::SCWBDomain::arm-none-eabi-ar -r  ps7_cortexa9_0/lib/libxil.a ps7_cortexa9_0/lib/xadcps_selftest.o ps7_cortexa9_0/lib/xplatform_info.o ps7_c
TRACE::2025-02-12.14:15:38::SCWBDomain::ortexa9_0/lib/xil_mem.o ps7_cortexa9_0/lib/_exit.o ps7_cortexa9_0/lib/xusbps_sinit.o ps7_cortexa9_0/lib/xdevcfg_hw.o ps7_cortex
TRACE::2025-02-12.14:15:38::SCWBDomain::a9_0/lib/xil_sleeptimer.o ps7_cortexa9_0/lib/xqspips_options.o ps7_cortexa9_0/lib/xdmaps_g.o ps7_cortexa9_0/lib/xscutimer_g.o p
TRACE::2025-02-12.14:15:38::SCWBDomain::s7_cortexa9_0/lib/xsdps_options.o ps7_cortexa9_0/lib/xil_misc_psreset_api.o ps7_cortexa9_0/lib/xdmaps_sinit.o ps7_cortexa9_0/li
TRACE::2025-02-12.14:15:38::SCWBDomain::b/xscutimer_sinit.o ps7_cortexa9_0/lib/xemacps_hw.o ps7_cortexa9_0/lib/inbyte.o ps7_cortexa9_0/lib/xscutimer_selftest.o ps7_cor
TRACE::2025-02-12.14:15:38::SCWBDomain::texa9_0/lib/putnum.o ps7_cortexa9_0/lib/xqspips_hw.o ps7_cortexa9_0/lib/xgpiops_g.o ps7_cortexa9_0/lib/xsdps.o ps7_cortexa9_0/l
TRACE::2025-02-12.14:15:38::SCWBDomain::ib/close.o ps7_cortexa9_0/lib/xemacps_g.o ps7_cortexa9_0/lib/xgpiops_sinit.o ps7_cortexa9_0/lib/xgpiops_selftest.o ps7_cortexa9
TRACE::2025-02-12.14:15:38::SCWBDomain::_0/lib/xscuwdt.o ps7_cortexa9_0/lib/xaxivdma_g.o ps7_cortexa9_0/lib/xiicps_intr.o ps7_cortexa9_0/lib/xaxivdma_sinit.o ps7_corte
TRACE::2025-02-12.14:15:38::SCWBDomain::xa9_0/lib/xuartps_sinit.o ps7_cortexa9_0/lib/time.o ps7_cortexa9_0/lib/xaxivdma_selftest.o ps7_cortexa9_0/lib/xiicps_slave.o ps
TRACE::2025-02-12.14:15:38::SCWBDomain::7_cortexa9_0/lib/xil_printf.o ps7_cortexa9_0/lib/kill.o ps7_cortexa9_0/lib/xadcps.o ps7_cortexa9_0/lib/xiicps_options.o ps7_cor
TRACE::2025-02-12.14:15:38::SCWBDomain::texa9_0/lib/xdmaps.o ps7_cortexa9_0/lib/xuartps_selftest.o ps7_cortexa9_0/lib/xuartps_g.o ps7_cortexa9_0/lib/lseek.o ps7_cortex
TRACE::2025-02-12.14:15:38::SCWBDomain::a9_0/lib/xil_testmem.o ps7_cortexa9_0/lib/xusbps_hw.o ps7_cortexa9_0/lib/xl2cc_counter.o ps7_cortexa9_0/lib/xiicps_hw.o ps7_cor
TRACE::2025-02-12.14:15:38::SCWBDomain::texa9_0/lib/asm_vectors.o ps7_cortexa9_0/lib/usleep.o ps7_cortexa9_0/lib/abort.o ps7_cortexa9_0/lib/xscugic_intr.o ps7_cortexa9
TRACE::2025-02-12.14:15:38::SCWBDomain::_0/lib/getpid.o ps7_cortexa9_0/lib/xiicps_selftest.o ps7_cortexa9_0/lib/xil_testcache.o ps7_cortexa9_0/lib/xdevcfg_sinit.o ps7_
TRACE::2025-02-12.14:15:38::SCWBDomain::cortexa9_0/lib/xgpiops.o ps7_cortexa9_0/lib/xscutimer.o ps7_cortexa9_0/lib/xdevcfg_selftest.o ps7_cortexa9_0/lib/xpm_counter.o 
TRACE::2025-02-12.14:15:38::SCWBDomain::ps7_cortexa9_0/lib/xiicps.o ps7_cortexa9_0/lib/_sbrk.o ps7_cortexa9_0/lib/xiicps_master.o ps7_cortexa9_0/lib/xqspips_g.o ps7_co
TRACE::2025-02-12.14:15:38::SCWBDomain::rtexa9_0/lib/xemacps_bdring.o ps7_cortexa9_0/lib/xusbps_endpoint.o ps7_cortexa9_0/lib/xqspips_sinit.o ps7_cortexa9_0/lib/xqspip
TRACE::2025-02-12.14:15:38::SCWBDomain::s_selftest.o ps7_cortexa9_0/lib/xil_exception.o ps7_cortexa9_0/lib/sbrk.o ps7_cortexa9_0/lib/xaxivdma.o ps7_cortexa9_0/lib/xema
TRACE::2025-02-12.14:15:38::SCWBDomain::cps_control.o ps7_cortexa9_0/lib/open.o ps7_cortexa9_0/lib/xil_assert.o ps7_cortexa9_0/lib/xaxivdma_intr.o ps7_cortexa9_0/lib/x
TRACE::2025-02-12.14:15:38::SCWBDomain::usbps_intr.o ps7_cortexa9_0/lib/xsdps_host.o ps7_cortexa9_0/lib/xcoresightpsdcc.o ps7_cortexa9_0/lib/xscugic_hw.o ps7_cortexa9_
TRACE::2025-02-12.14:15:38::SCWBDomain::0/lib/sleep.o ps7_cortexa9_0/lib/xil-crt0.o ps7_cortexa9_0/lib/cpputest_time.o ps7_cortexa9_0/lib/print.o ps7_cortexa9_0/lib/re
TRACE::2025-02-12.14:15:38::SCWBDomain::ad.o ps7_cortexa9_0/lib/xiicps_g.o ps7_cortexa9_0/lib/xdevcfg.o ps7_cortexa9_0/lib/xadcps_intr.o ps7_cortexa9_0/lib/xqspips.o p
TRACE::2025-02-12.14:15:38::SCWBDomain::s7_cortexa9_0/lib/xemacps.o ps7_cortexa9_0/lib/xil_cache.o ps7_cortexa9_0/lib/xil_testio.o ps7_cortexa9_0/lib/_open.o ps7_corte
TRACE::2025-02-12.14:15:38::SCWBDomain::xa9_0/lib/unlink.o ps7_cortexa9_0/lib/xaxidma_g.o ps7_cortexa9_0/lib/xusbps.o ps7_cortexa9_0/lib/xusbps_g.o ps7_cortexa9_0/lib/
TRACE::2025-02-12.14:15:38::SCWBDomain::xdmaps_selftest.o ps7_cortexa9_0/lib/xaxidma_sinit.o ps7_cortexa9_0/lib/xil_spinlock.o ps7_cortexa9_0/lib/translation_table.o p
TRACE::2025-02-12.14:15:38::SCWBDomain::s7_cortexa9_0/lib/xaxidma_selftest.o ps7_cortexa9_0/lib/write.o ps7_cortexa9_0/lib/xil_mmu.o ps7_cortexa9_0/lib/boot.o ps7_cort
TRACE::2025-02-12.14:15:38::SCWBDomain::exa9_0/lib/xaxivdma_channel.o ps7_cortexa9_0/lib/cpu_init.o ps7_cortexa9_0/lib/xaxidma_bd.o ps7_cortexa9_0/lib/xil_sleepcommon.
TRACE::2025-02-12.14:15:38::SCWBDomain::o ps7_cortexa9_0/lib/xgpiops_intr.o ps7_cortexa9_0/lib/xscugic_sinit.o ps7_cortexa9_0/lib/fcntl.o ps7_cortexa9_0/lib/xdevcfg_g.
TRACE::2025-02-12.14:15:38::SCWBDomain::o ps7_cortexa9_0/lib/outbyte.o ps7_cortexa9_0/lib/xinterrupt_wrap.o ps7_cortexa9_0/lib/xuartps_hw.o ps7_cortexa9_0/lib/xtime_l.
TRACE::2025-02-12.14:15:38::SCWBDomain::o ps7_cortexa9_0/lib/xemacps_sinit.o ps7_cortexa9_0/lib/xscugic_selftest.o ps7_cortexa9_0/lib/xil_util.o ps7_cortexa9_0/lib/xua
TRACE::2025-02-12.14:15:38::SCWBDomain::rtps_intr.o ps7_cortexa9_0/lib/xuartps.o ps7_cortexa9_0/lib/xsdps_card.o ps7_cortexa9_0/lib/xdmaps_hw.o ps7_cortexa9_0/lib/xsdp
TRACE::2025-02-12.14:15:38::SCWBDomain::s_sinit.o ps7_cortexa9_0/lib/xscuwdt_sinit.o ps7_cortexa9_0/lib/xgpiops_hw.o ps7_cortexa9_0/lib/xsdps_g.o ps7_cortexa9_0/lib/fs
TRACE::2025-02-12.14:15:38::SCWBDomain::tat.o ps7_cortexa9_0/lib/xaxidma.o ps7_cortexa9_0/lib/errno.o ps7_cortexa9_0/lib/xdevcfg_intr.o ps7_cortexa9_0/lib/xuartps_opti
TRACE::2025-02-12.14:15:38::SCWBDomain::ons.o ps7_cortexa9_0/lib/vectors.o ps7_cortexa9_0/lib/xscuwdt_g.o ps7_cortexa9_0/lib/xil_clocking.o ps7_cortexa9_0/lib/xemacps_
TRACE::2025-02-12.14:15:38::SCWBDomain::intr.o ps7_cortexa9_0/lib/xscuwdt_selftest.o ps7_cortexa9_0/lib/xscugic_g.o ps7_cortexa9_0/lib/isatty.o ps7_cortexa9_0/lib/xscu
TRACE::2025-02-12.14:15:38::SCWBDomain::gic.o ps7_cortexa9_0/lib/xiicps_sinit.o ps7_cortexa9_0/lib/xadcps_g.o ps7_cortexa9_0/lib/xaxidma_bdring.o ps7_cortexa9_0/lib/xa
TRACE::2025-02-12.14:15:38::SCWBDomain::dcps_sinit.o ps7_cortexa9_0/lib/xiicps_xfer.o

TRACE::2025-02-12.14:15:38::SCWBDomain::'Finished building libraries'

TRACE::2025-02-12.14:15:38::SCWBDomain::make: Leaving directory 'C:/Users/j54mao/ECE423/ECE-423-Labs/workspace/Assignment2_newest/zynq_fsbl/zynq_fsbl_bsp'

TRACE::2025-02-12.14:15:39::SCWBDomain::arm-none-eabi-gcc  -O2 -c -MMD -MP       -mcpu=cortex-a9 -mfpu=vfpv3 -mfloat-abi=hard  -c sd.c -o sd.o -Izynq_fsbl_bsp/ps7_cort
TRACE::2025-02-12.14:15:39::SCWBDomain::exa9_0/include -I.

TRACE::2025-02-12.14:15:39::SCWBDomain::arm-none-eabi-gcc  -O2 -c -MMD -MP       -mcpu=cortex-a9 -mfpu=vfpv3 -mfloat-abi=hard  -c nand.c -o nand.o -Izynq_fsbl_bsp/ps7_
TRACE::2025-02-12.14:15:39::SCWBDomain::cortexa9_0/include -I.

TRACE::2025-02-12.14:15:39::SCWBDomain::arm-none-eabi-gcc  -O2 -c -MMD -MP       -mcpu=cortex-a9 -mfpu=vfpv3 -mfloat-abi=hard  -c nor.c -o nor.o -Izynq_fsbl_bsp/ps7_co
TRACE::2025-02-12.14:15:39::SCWBDomain::rtexa9_0/include -I.

TRACE::2025-02-12.14:15:39::SCWBDomain::arm-none-eabi-gcc  -O2 -c -MMD -MP       -mcpu=cortex-a9 -mfpu=vfpv3 -mfloat-abi=hard  -c image_mover.c -o image_mover.o -Izynq
TRACE::2025-02-12.14:15:39::SCWBDomain::_fsbl_bsp/ps7_cortexa9_0/include -I.

TRACE::2025-02-12.14:15:39::SCWBDomain::arm-none-eabi-gcc  -O2 -c -MMD -MP       -mcpu=cortex-a9 -mfpu=vfpv3 -mfloat-abi=hard  -c md5.c -o md5.o -Izynq_fsbl_bsp/ps7_co
TRACE::2025-02-12.14:15:39::SCWBDomain::rtexa9_0/include -I.

TRACE::2025-02-12.14:15:39::SCWBDomain::arm-none-eabi-gcc  -O2 -c -MMD -MP       -mcpu=cortex-a9 -mfpu=vfpv3 -mfloat-abi=hard  -c fsbl_hooks.c -o fsbl_hooks.o -Izynq_f
TRACE::2025-02-12.14:15:39::SCWBDomain::sbl_bsp/ps7_cortexa9_0/include -I.

TRACE::2025-02-12.14:15:40::SCWBDomain::arm-none-eabi-gcc  -O2 -c -MMD -MP       -mcpu=cortex-a9 -mfpu=vfpv3 -mfloat-abi=hard  -c main.c -o main.o -Izynq_fsbl_bsp/ps7_
TRACE::2025-02-12.14:15:40::SCWBDomain::cortexa9_0/include -I.

TRACE::2025-02-12.14:15:40::SCWBDomain::arm-none-eabi-gcc  -O2 -c -MMD -MP       -mcpu=cortex-a9 -mfpu=vfpv3 -mfloat-abi=hard  -c rsa.c -o rsa.o -Izynq_fsbl_bsp/ps7_co
TRACE::2025-02-12.14:15:40::SCWBDomain::rtexa9_0/include -I.

TRACE::2025-02-12.14:15:40::SCWBDomain::arm-none-eabi-gcc  -O2 -c -MMD -MP       -mcpu=cortex-a9 -mfpu=vfpv3 -mfloat-abi=hard  -c qspi.c -o qspi.o -Izynq_fsbl_bsp/ps7_
TRACE::2025-02-12.14:15:40::SCWBDomain::cortexa9_0/include -I.

TRACE::2025-02-12.14:15:40::SCWBDomain::arm-none-eabi-gcc  -O2 -c -MMD -MP       -mcpu=cortex-a9 -mfpu=vfpv3 -mfloat-abi=hard  -c ps7_init.c -o ps7_init.o -Izynq_fsbl_
TRACE::2025-02-12.14:15:40::SCWBDomain::bsp/ps7_cortexa9_0/include -I.

TRACE::2025-02-12.14:15:40::SCWBDomain::arm-none-eabi-gcc  -O2 -c -MMD -MP       -mcpu=cortex-a9 -mfpu=vfpv3 -mfloat-abi=hard  -c pcap.c -o pcap.o -Izynq_fsbl_bsp/ps7_
TRACE::2025-02-12.14:15:40::SCWBDomain::cortexa9_0/include -I.

TRACE::2025-02-12.14:15:41::SCWBDomain::arm-none-eabi-gcc  -O2 -c -MMD -MP       -mcpu=cortex-a9 -mfpu=vfpv3 -mfloat-abi=hard  -c fsbl_handoff.S -o fsbl_handoff.o -Izy
TRACE::2025-02-12.14:15:41::SCWBDomain::nq_fsbl_bsp/ps7_cortexa9_0/include -I.

TRACE::2025-02-12.14:15:41::SCWBDomain::arm-none-eabi-gcc -o fsbl.elf fsbl_handoff.o fsbl_hooks.o image_mover.o main.o md5.o nand.o nor.o pcap.o ps7_init.o qspi.o rsa.
TRACE::2025-02-12.14:15:41::SCWBDomain::o sd.o -MMD -MP       -mcpu=cortex-a9 -mfpu=vfpv3 -mfloat-abi=hard   -mcpu=cortex-a9 -mfpu=vfpv3 -mfloat-abi=hard -Wl,-build-id
TRACE::2025-02-12.14:15:41::SCWBDomain::=none -specs=Xilinx.spec  -lrsa -Wl,--start-group,-lxil,-lgcc,-lc,--end-group -Wl,--start-group,-lxilffs,-lxil,-lgcc,-lc,--end-
TRACE::2025-02-12.14:15:41::SCWBDomain::group -Wl,--start-group,-lrsa,-lxil,-lgcc,-lc,--end-group                                      -Wl,--gc-sections -Lzynq_fsbl_bs
TRACE::2025-02-12.14:15:41::SCWBDomain::p/ps7_cortexa9_0/lib -L./ -Tlscript.ld

LOG::2025-02-12.14:15:41::SCWSystem::Checking the domain standalone_domain
LOG::2025-02-12.14:15:41::SCWSystem::Not a boot domain 
LOG::2025-02-12.14:15:41::SCWSystem::Started Processing the domain standalone_domain
TRACE::2025-02-12.14:15:41::SCWDomain::Generating domain artifcats
TRACE::2025-02-12.14:15:41::SCWMssOS::Generating standalone artifcats
TRACE::2025-02-12.14:15:41::SCWMssOS::Copying the qemu file from  C:/Users/j54mao/ECE423/ECE-423-Labs/workspace/Assignment2_newest/resources/Assignment2_newest/standalone_domain/qemu_args.txt To C:/Users/j54mao/ECE423/ECE-423-Labs/workspace/Assignment2_newest/export/Assignment2_newest/sw/Assignment2_newest/qemu/
TRACE::2025-02-12.14:15:41::SCWMssOS::Copying the qemu file from  C:/Users/j54mao/ECE423/ECE-423-Labs/workspace/Assignment2_newest/resources/Assignment2_newest/standalone_domain/qemu_args.txt To C:/Users/j54mao/ECE423/ECE-423-Labs/workspace/Assignment2_newest/export/Assignment2_newest/sw/Assignment2_newest/standalone_domain/qemu/
TRACE::2025-02-12.14:15:41::SCWMssOS:: Copying the user libraries. 
TRACE::2025-02-12.14:15:41::SCWPlatform::Trying to open the hw design at C:/Users/j54mao/ECE423/ECE-423-Labs/workspace/Assignment2_newest/hw/lab_prefab_wrapper_newest_lab2.xsa
TRACE::2025-02-12.14:15:41::SCWPlatform::DSA given C:/Users/j54mao/ECE423/ECE-423-Labs/workspace/Assignment2_newest/hw/lab_prefab_wrapper_newest_lab2.xsa
TRACE::2025-02-12.14:15:41::SCWPlatform::DSA absoulate path C:/Users/j54mao/ECE423/ECE-423-Labs/workspace/Assignment2_newest/hw/lab_prefab_wrapper_newest_lab2.xsa
TRACE::2025-02-12.14:15:41::SCWPlatform::DSA directory C:/Users/j54mao/ECE423/ECE-423-Labs/workspace/Assignment2_newest/hw
TRACE::2025-02-12.14:15:41::SCWPlatform:: Platform Path C:/Users/j54mao/ECE423/ECE-423-Labs/workspace/Assignment2_newest/hw/lab_prefab_wrapper_newest_lab2.xsa
TRACE::2025-02-12.14:15:41::SCWPlatform:: Unique name xilinx:pynq-z1::0.0
TRACE::2025-02-12.14:15:41::SCWPlatform::Trying to set the existing hwdb with name lab_prefab_wrapper_1
TRACE::2025-02-12.14:15:41::SCWPlatform::Opened existing hwdb lab_prefab_wrapper_1
TRACE::2025-02-12.14:15:41::SCWPlatform::Found the Hw Db part of the input DSA
TRACE::2025-02-12.14:15:41::SCWMssOS::Checking the sw design at  C:/Users/j54mao/ECE423/ECE-423-Labs/workspace/Assignment2_newest/ps7_cortexa9_0/standalone_domain/bsp/system.mss
TRACE::2025-02-12.14:15:41::SCWMssOS::DEBUG:  swdes dump  C:/Users/j54mao/ECE423/ECE-423-Labs/workspace/Assignment2_newest/ps7_cortexa9_0/standalone_domain/bsp/system.mss|system_0||
C:/Users/j54mao/ECE423/ECE-423-Labs/workspace/Assignment2_newest/zynq_fsbl/zynq_fsbl_bsp/system.mss|system||

TRACE::2025-02-12.14:15:41::SCWMssOS::Sw design exists and opened at  C:/Users/j54mao/ECE423/ECE-423-Labs/workspace/Assignment2_newest/ps7_cortexa9_0/standalone_domain/bsp/system.mss
TRACE::2025-02-12.14:15:41::SCWMssOS::Completed writing the mss file at C:/Users/j54mao/ECE423/ECE-423-Labs/workspace/Assignment2_newest/ps7_cortexa9_0/standalone_domain/bsp
TRACE::2025-02-12.14:15:41::SCWMssOS::Mss edits present, copying mssfile into export location C:/Users/j54mao/ECE423/ECE-423-Labs/workspace/Assignment2_newest/ps7_cortexa9_0/standalone_domain/bsp/system.mss
TRACE::2025-02-12.14:15:41::SCWMssOS::bsp generated is upto date with the mss file. Skipping bsp generation.
TRACE::2025-02-12.14:15:41::SCWMssOS::BSP is already built. skipping the bsp build ... 
TRACE::2025-02-12.14:15:41::SCWDomain::Building the domain as part of full build :  standalone_domain
TRACE::2025-02-12.14:15:41::SCWMssOS::doing bsp build ... 
TRACE::2025-02-12.14:15:41::SCWMssOS::System Command Ran  C: & cd  C:/Users/j54mao/ECE423/ECE-423-Labs/workspace/Assignment2_newest/ps7_cortexa9_0/standalone_domain/bsp & make 
TRACE::2025-02-12.14:15:41::SCWMssOS::make --no-print-directory seq_libs

TRACE::2025-02-12.14:15:41::SCWMssOS::'Finished building libraries sequentially.'

TRACE::2025-02-12.14:15:41::SCWMssOS::make -j 2 --no-print-directory par_libs

TRACE::2025-02-12.14:15:41::SCWMssOS::"Running Make include in ps7_cortexa9_0/libsrc/axidma_v9_14/src"

TRACE::2025-02-12.14:15:41::SCWMssOS::make -C ps7_cortexa9_0/libsrc/axidma_v9_14/src -s include  "SHELL=CMD" "COMPILER=arm-none-eabi-gcc" "ASSEMBLER=arm-none-eabi-as
TRACE::2025-02-12.14:15:41::SCWMssOS::" "ARCHIVER=arm-none-eabi-ar" "COMPILER_FLAGS=  -O2 -c" "EXTRA_COMPILER_FLAGS=-mcpu=cortex-a9 -mfpu=vfpv3 -mfloat-abi=hard -nos
TRACE::2025-02-12.14:15:41::SCWMssOS::tartfiles -g -Wall -Wextra -fno-tree-loop-distribute-patterns"

TRACE::2025-02-12.14:15:41::SCWMssOS::"Running Make include in ps7_cortexa9_0/libsrc/axivdma_v6_11/src"

TRACE::2025-02-12.14:15:41::SCWMssOS::make -C ps7_cortexa9_0/libsrc/axivdma_v6_11/src -s include  "SHELL=CMD" "COMPILER=arm-none-eabi-gcc" "ASSEMBLER=arm-none-eabi-a
TRACE::2025-02-12.14:15:41::SCWMssOS::s" "ARCHIVER=arm-none-eabi-ar" "COMPILER_FLAGS=  -O2 -c" "EXTRA_COMPILER_FLAGS=-mcpu=cortex-a9 -mfpu=vfpv3 -mfloat-abi=hard -no
TRACE::2025-02-12.14:15:41::SCWMssOS::startfiles -g -Wall -Wextra -fno-tree-loop-distribute-patterns"

TRACE::2025-02-12.14:15:42::SCWMssOS::"Running Make include in ps7_cortexa9_0/libsrc/coresightps_dcc_v1_8/src"

TRACE::2025-02-12.14:15:42::SCWMssOS::make -C ps7_cortexa9_0/libsrc/coresightps_dcc_v1_8/src -s include  "SHELL=CMD" "COMPILER=arm-none-eabi-gcc" "ASSEMBLER=arm-none
TRACE::2025-02-12.14:15:42::SCWMssOS::-eabi-as" "ARCHIVER=arm-none-eabi-ar" "COMPILER_FLAGS=  -O2 -c" "EXTRA_COMPILER_FLAGS=-mcpu=cortex-a9 -mfpu=vfpv3 -mfloat-abi=h
TRACE::2025-02-12.14:15:42::SCWMssOS::ard -nostartfiles -g -Wall -Wextra -fno-tree-loop-distribute-patterns"

TRACE::2025-02-12.14:15:42::SCWMssOS::"Running Make include in ps7_cortexa9_0/libsrc/cpu_cortexa9_v2_11/src"

TRACE::2025-02-12.14:15:42::SCWMssOS::make -C ps7_cortexa9_0/libsrc/cpu_cortexa9_v2_11/src -s include  "SHELL=CMD" "COMPILER=arm-none-eabi-gcc" "ASSEMBLER=arm-none-e
TRACE::2025-02-12.14:15:42::SCWMssOS::abi-as" "ARCHIVER=arm-none-eabi-ar" "COMPILER_FLAGS=  -O2 -c" "EXTRA_COMPILER_FLAGS=-mcpu=cortex-a9 -mfpu=vfpv3 -mfloat-abi=har
TRACE::2025-02-12.14:15:42::SCWMssOS::d -nostartfiles -g -Wall -Wextra -fno-tree-loop-distribute-patterns"

TRACE::2025-02-12.14:15:42::SCWMssOS::"Running Make include in ps7_cortexa9_0/libsrc/ddrps_v1_2/src"

TRACE::2025-02-12.14:15:42::SCWMssOS::make -C ps7_cortexa9_0/libsrc/ddrps_v1_2/src -s include  "SHELL=CMD" "COMPILER=arm-none-eabi-gcc" "ASSEMBLER=arm-none-eabi-as" 
TRACE::2025-02-12.14:15:42::SCWMssOS::"ARCHIVER=arm-none-eabi-ar" "COMPILER_FLAGS=  -O2 -c" "EXTRA_COMPILER_FLAGS=-mcpu=cortex-a9 -mfpu=vfpv3 -mfloat-abi=hard -nosta
TRACE::2025-02-12.14:15:42::SCWMssOS::rtfiles -g -Wall -Wextra -fno-tree-loop-distribute-patterns"

TRACE::2025-02-12.14:15:42::SCWMssOS::"Running Make include in ps7_cortexa9_0/libsrc/devcfg_v3_7/src"

TRACE::2025-02-12.14:15:42::SCWMssOS::make -C ps7_cortexa9_0/libsrc/devcfg_v3_7/src -s include  "SHELL=CMD" "COMPILER=arm-none-eabi-gcc" "ASSEMBLER=arm-none-eabi-as"
TRACE::2025-02-12.14:15:42::SCWMssOS:: "ARCHIVER=arm-none-eabi-ar" "COMPILER_FLAGS=  -O2 -c" "EXTRA_COMPILER_FLAGS=-mcpu=cortex-a9 -mfpu=vfpv3 -mfloat-abi=hard -nost
TRACE::2025-02-12.14:15:42::SCWMssOS::artfiles -g -Wall -Wextra -fno-tree-loop-distribute-patterns"

TRACE::2025-02-12.14:15:42::SCWMssOS::"Running Make include in ps7_cortexa9_0/libsrc/dmaps_v2_8/src"

TRACE::2025-02-12.14:15:42::SCWMssOS::make -C ps7_cortexa9_0/libsrc/dmaps_v2_8/src -s include  "SHELL=CMD" "COMPILER=arm-none-eabi-gcc" "ASSEMBLER=arm-none-eabi-as" 
TRACE::2025-02-12.14:15:42::SCWMssOS::"ARCHIVER=arm-none-eabi-ar" "COMPILER_FLAGS=  -O2 -c" "EXTRA_COMPILER_FLAGS=-mcpu=cortex-a9 -mfpu=vfpv3 -mfloat-abi=hard -nosta
TRACE::2025-02-12.14:15:42::SCWMssOS::rtfiles -g -Wall -Wextra -fno-tree-loop-distribute-patterns"

TRACE::2025-02-12.14:15:42::SCWMssOS::"Running Make include in ps7_cortexa9_0/libsrc/emacps_v3_16/src"

TRACE::2025-02-12.14:15:42::SCWMssOS::make -C ps7_cortexa9_0/libsrc/emacps_v3_16/src -s include  "SHELL=CMD" "COMPILER=arm-none-eabi-gcc" "ASSEMBLER=arm-none-eabi-as
TRACE::2025-02-12.14:15:42::SCWMssOS::" "ARCHIVER=arm-none-eabi-ar" "COMPILER_FLAGS=  -O2 -c" "EXTRA_COMPILER_FLAGS=-mcpu=cortex-a9 -mfpu=vfpv3 -mfloat-abi=hard -nos
TRACE::2025-02-12.14:15:42::SCWMssOS::tartfiles -g -Wall -Wextra -fno-tree-loop-distribute-patterns"

TRACE::2025-02-12.14:15:43::SCWMssOS::"Running Make include in ps7_cortexa9_0/libsrc/gpiops_v3_9/src"

TRACE::2025-02-12.14:15:43::SCWMssOS::make -C ps7_cortexa9_0/libsrc/gpiops_v3_9/src -s include  "SHELL=CMD" "COMPILER=arm-none-eabi-gcc" "ASSEMBLER=arm-none-eabi-as"
TRACE::2025-02-12.14:15:43::SCWMssOS:: "ARCHIVER=arm-none-eabi-ar" "COMPILER_FLAGS=  -O2 -c" "EXTRA_COMPILER_FLAGS=-mcpu=cortex-a9 -mfpu=vfpv3 -mfloat-abi=hard -nost
TRACE::2025-02-12.14:15:43::SCWMssOS::artfiles -g -Wall -Wextra -fno-tree-loop-distribute-patterns"

TRACE::2025-02-12.14:15:43::SCWMssOS::"Running Make include in ps7_cortexa9_0/libsrc/iicps_v3_15/src"

TRACE::2025-02-12.14:15:43::SCWMssOS::make -C ps7_cortexa9_0/libsrc/iicps_v3_15/src -s include  "SHELL=CMD" "COMPILER=arm-none-eabi-gcc" "ASSEMBLER=arm-none-eabi-as"
TRACE::2025-02-12.14:15:43::SCWMssOS:: "ARCHIVER=arm-none-eabi-ar" "COMPILER_FLAGS=  -O2 -c" "EXTRA_COMPILER_FLAGS=-mcpu=cortex-a9 -mfpu=vfpv3 -mfloat-abi=hard -nost
TRACE::2025-02-12.14:15:43::SCWMssOS::artfiles -g -Wall -Wextra -fno-tree-loop-distribute-patterns"

TRACE::2025-02-12.14:15:43::SCWMssOS::"Running Make include in ps7_cortexa9_0/libsrc/qspips_v3_9/src"

TRACE::2025-02-12.14:15:43::SCWMssOS::make -C ps7_cortexa9_0/libsrc/qspips_v3_9/src -s include  "SHELL=CMD" "COMPILER=arm-none-eabi-gcc" "ASSEMBLER=arm-none-eabi-as"
TRACE::2025-02-12.14:15:43::SCWMssOS:: "ARCHIVER=arm-none-eabi-ar" "COMPILER_FLAGS=  -O2 -c" "EXTRA_COMPILER_FLAGS=-mcpu=cortex-a9 -mfpu=vfpv3 -mfloat-abi=hard -nost
TRACE::2025-02-12.14:15:43::SCWMssOS::artfiles -g -Wall -Wextra -fno-tree-loop-distribute-patterns"

TRACE::2025-02-12.14:15:43::SCWMssOS::"Running Make include in ps7_cortexa9_0/libsrc/scugic_v4_7/src"

TRACE::2025-02-12.14:15:43::SCWMssOS::make -C ps7_cortexa9_0/libsrc/scugic_v4_7/src -s include  "SHELL=CMD" "COMPILER=arm-none-eabi-gcc" "ASSEMBLER=arm-none-eabi-as"
TRACE::2025-02-12.14:15:43::SCWMssOS:: "ARCHIVER=arm-none-eabi-ar" "COMPILER_FLAGS=  -O2 -c" "EXTRA_COMPILER_FLAGS=-mcpu=cortex-a9 -mfpu=vfpv3 -mfloat-abi=hard -nost
TRACE::2025-02-12.14:15:43::SCWMssOS::artfiles -g -Wall -Wextra -fno-tree-loop-distribute-patterns"

TRACE::2025-02-12.14:15:43::SCWMssOS::"Running Make include in ps7_cortexa9_0/libsrc/scutimer_v2_4/src"

TRACE::2025-02-12.14:15:43::SCWMssOS::make -C ps7_cortexa9_0/libsrc/scutimer_v2_4/src -s include  "SHELL=CMD" "COMPILER=arm-none-eabi-gcc" "ASSEMBLER=arm-none-eabi-a
TRACE::2025-02-12.14:15:43::SCWMssOS::s" "ARCHIVER=arm-none-eabi-ar" "COMPILER_FLAGS=  -O2 -c" "EXTRA_COMPILER_FLAGS=-mcpu=cortex-a9 -mfpu=vfpv3 -mfloat-abi=hard -no
TRACE::2025-02-12.14:15:43::SCWMssOS::startfiles -g -Wall -Wextra -fno-tree-loop-distribute-patterns"

TRACE::2025-02-12.14:15:43::SCWMssOS::"Running Make include in ps7_cortexa9_0/libsrc/scuwdt_v2_4/src"

TRACE::2025-02-12.14:15:43::SCWMssOS::make -C ps7_cortexa9_0/libsrc/scuwdt_v2_4/src -s include  "SHELL=CMD" "COMPILER=arm-none-eabi-gcc" "ASSEMBLER=arm-none-eabi-as"
TRACE::2025-02-12.14:15:43::SCWMssOS:: "ARCHIVER=arm-none-eabi-ar" "COMPILER_FLAGS=  -O2 -c" "EXTRA_COMPILER_FLAGS=-mcpu=cortex-a9 -mfpu=vfpv3 -mfloat-abi=hard -nost
TRACE::2025-02-12.14:15:43::SCWMssOS::artfiles -g -Wall -Wextra -fno-tree-loop-distribute-patterns"

TRACE::2025-02-12.14:15:43::SCWMssOS::"Running Make include in ps7_cortexa9_0/libsrc/sdps_v3_14/src"

TRACE::2025-02-12.14:15:43::SCWMssOS::make -C ps7_cortexa9_0/libsrc/sdps_v3_14/src -s include  "SHELL=CMD" "COMPILER=arm-none-eabi-gcc" "ASSEMBLER=arm-none-eabi-as" 
TRACE::2025-02-12.14:15:43::SCWMssOS::"ARCHIVER=arm-none-eabi-ar" "COMPILER_FLAGS=  -O2 -c" "EXTRA_COMPILER_FLAGS=-mcpu=cortex-a9 -mfpu=vfpv3 -mfloat-abi=hard -nosta
TRACE::2025-02-12.14:15:43::SCWMssOS::rtfiles -g -Wall -Wextra -fno-tree-loop-distribute-patterns"

TRACE::2025-02-12.14:15:43::SCWMssOS::"Running Make include in ps7_cortexa9_0/libsrc/standalone_v7_7/src"

TRACE::2025-02-12.14:15:43::SCWMssOS::make -C ps7_cortexa9_0/libsrc/standalone_v7_7/src -s include  "SHELL=CMD" "COMPILER=arm-none-eabi-gcc" "ASSEMBLER=arm-none-eabi
TRACE::2025-02-12.14:15:43::SCWMssOS::-as" "ARCHIVER=arm-none-eabi-ar" "COMPILER_FLAGS=  -O2 -c" "EXTRA_COMPILER_FLAGS=-mcpu=cortex-a9 -mfpu=vfpv3 -mfloat-abi=hard -
TRACE::2025-02-12.14:15:43::SCWMssOS::nostartfiles -g -Wall -Wextra -fno-tree-loop-distribute-patterns"

TRACE::2025-02-12.14:15:44::SCWMssOS::"Running Make include in ps7_cortexa9_0/libsrc/uartps_v3_11/src"

TRACE::2025-02-12.14:15:44::SCWMssOS::make -C ps7_cortexa9_0/libsrc/uartps_v3_11/src -s include  "SHELL=CMD" "COMPILER=arm-none-eabi-gcc" "ASSEMBLER=arm-none-eabi-as
TRACE::2025-02-12.14:15:44::SCWMssOS::" "ARCHIVER=arm-none-eabi-ar" "COMPILER_FLAGS=  -O2 -c" "EXTRA_COMPILER_FLAGS=-mcpu=cortex-a9 -mfpu=vfpv3 -mfloat-abi=hard -nos
TRACE::2025-02-12.14:15:44::SCWMssOS::tartfiles -g -Wall -Wextra -fno-tree-loop-distribute-patterns"

TRACE::2025-02-12.14:15:44::SCWMssOS::"Running Make include in ps7_cortexa9_0/libsrc/usbps_v2_7/src"

TRACE::2025-02-12.14:15:44::SCWMssOS::make -C ps7_cortexa9_0/libsrc/usbps_v2_7/src -s include  "SHELL=CMD" "COMPILER=arm-none-eabi-gcc" "ASSEMBLER=arm-none-eabi-as" 
TRACE::2025-02-12.14:15:44::SCWMssOS::"ARCHIVER=arm-none-eabi-ar" "COMPILER_FLAGS=  -O2 -c" "EXTRA_COMPILER_FLAGS=-mcpu=cortex-a9 -mfpu=vfpv3 -mfloat-abi=hard -nosta
TRACE::2025-02-12.14:15:44::SCWMssOS::rtfiles -g -Wall -Wextra -fno-tree-loop-distribute-patterns"

TRACE::2025-02-12.14:15:44::SCWMssOS::"Running Make include in ps7_cortexa9_0/libsrc/xadcps_v2_6/src"

TRACE::2025-02-12.14:15:44::SCWMssOS::make -C ps7_cortexa9_0/libsrc/xadcps_v2_6/src -s include  "SHELL=CMD" "COMPILER=arm-none-eabi-gcc" "ASSEMBLER=arm-none-eabi-as"
TRACE::2025-02-12.14:15:44::SCWMssOS:: "ARCHIVER=arm-none-eabi-ar" "COMPILER_FLAGS=  -O2 -c" "EXTRA_COMPILER_FLAGS=-mcpu=cortex-a9 -mfpu=vfpv3 -mfloat-abi=hard -nost
TRACE::2025-02-12.14:15:44::SCWMssOS::artfiles -g -Wall -Wextra -fno-tree-loop-distribute-patterns"

TRACE::2025-02-12.14:15:45::SCWMssOS::"Running Make libs in ps7_cortexa9_0/libsrc/axidma_v9_14/src"

TRACE::2025-02-12.14:15:45::SCWMssOS::make -C ps7_cortexa9_0/libsrc/axidma_v9_14/src -s libs  "SHELL=CMD" "COMPILER=arm-none-eabi-gcc" "ASSEMBLER=arm-none-eabi-as" "
TRACE::2025-02-12.14:15:45::SCWMssOS::ARCHIVER=arm-none-eabi-ar" "COMPILER_FLAGS=  -O2 -c" "EXTRA_COMPILER_FLAGS=-mcpu=cortex-a9 -mfpu=vfpv3 -mfloat-abi=hard -nostar
TRACE::2025-02-12.14:15:45::SCWMssOS::tfiles -g -Wall -Wextra -fno-tree-loop-distribute-patterns"

TRACE::2025-02-12.14:15:45::SCWMssOS::"Running Make libs in ps7_cortexa9_0/libsrc/axivdma_v6_11/src"

TRACE::2025-02-12.14:15:45::SCWMssOS::make -C ps7_cortexa9_0/libsrc/axivdma_v6_11/src -s libs  "SHELL=CMD" "COMPILER=arm-none-eabi-gcc" "ASSEMBLER=arm-none-eabi-as" 
TRACE::2025-02-12.14:15:45::SCWMssOS::"ARCHIVER=arm-none-eabi-ar" "COMPILER_FLAGS=  -O2 -c" "EXTRA_COMPILER_FLAGS=-mcpu=cortex-a9 -mfpu=vfpv3 -mfloat-abi=hard -nosta
TRACE::2025-02-12.14:15:45::SCWMssOS::rtfiles -g -Wall -Wextra -fno-tree-loop-distribute-patterns"

TRACE::2025-02-12.14:15:47::SCWMssOS::"Running Make libs in ps7_cortexa9_0/libsrc/coresightps_dcc_v1_8/src"

TRACE::2025-02-12.14:15:47::SCWMssOS::make -C ps7_cortexa9_0/libsrc/coresightps_dcc_v1_8/src -s libs  "SHELL=CMD" "COMPILER=arm-none-eabi-gcc" "ASSEMBLER=arm-none-ea
TRACE::2025-02-12.14:15:47::SCWMssOS::bi-as" "ARCHIVER=arm-none-eabi-ar" "COMPILER_FLAGS=  -O2 -c" "EXTRA_COMPILER_FLAGS=-mcpu=cortex-a9 -mfpu=vfpv3 -mfloat-abi=hard
TRACE::2025-02-12.14:15:47::SCWMssOS:: -nostartfiles -g -Wall -Wextra -fno-tree-loop-distribute-patterns"

TRACE::2025-02-12.14:15:47::SCWMssOS::"Running Make libs in ps7_cortexa9_0/libsrc/cpu_cortexa9_v2_11/src"

TRACE::2025-02-12.14:15:47::SCWMssOS::make -C ps7_cortexa9_0/libsrc/cpu_cortexa9_v2_11/src -s libs  "SHELL=CMD" "COMPILER=arm-none-eabi-gcc" "ASSEMBLER=arm-none-eabi
TRACE::2025-02-12.14:15:47::SCWMssOS::-as" "ARCHIVER=arm-none-eabi-ar" "COMPILER_FLAGS=  -O2 -c" "EXTRA_COMPILER_FLAGS=-mcpu=cortex-a9 -mfpu=vfpv3 -mfloat-abi=hard -
TRACE::2025-02-12.14:15:47::SCWMssOS::nostartfiles -g -Wall -Wextra -fno-tree-loop-distribute-patterns"

TRACE::2025-02-12.14:15:47::SCWMssOS::"Running Make libs in ps7_cortexa9_0/libsrc/ddrps_v1_2/src"

TRACE::2025-02-12.14:15:47::SCWMssOS::make -C ps7_cortexa9_0/libsrc/ddrps_v1_2/src -s libs  "SHELL=CMD" "COMPILER=arm-none-eabi-gcc" "ASSEMBLER=arm-none-eabi-as" "AR
TRACE::2025-02-12.14:15:47::SCWMssOS::CHIVER=arm-none-eabi-ar" "COMPILER_FLAGS=  -O2 -c" "EXTRA_COMPILER_FLAGS=-mcpu=cortex-a9 -mfpu=vfpv3 -mfloat-abi=hard -nostartf
TRACE::2025-02-12.14:15:47::SCWMssOS::iles -g -Wall -Wextra -fno-tree-loop-distribute-patterns"

TRACE::2025-02-12.14:15:47::SCWMssOS::"Running Make libs in ps7_cortexa9_0/libsrc/devcfg_v3_7/src"

TRACE::2025-02-12.14:15:47::SCWMssOS::make -C ps7_cortexa9_0/libsrc/devcfg_v3_7/src -s libs  "SHELL=CMD" "COMPILER=arm-none-eabi-gcc" "ASSEMBLER=arm-none-eabi-as" "A
TRACE::2025-02-12.14:15:47::SCWMssOS::RCHIVER=arm-none-eabi-ar" "COMPILER_FLAGS=  -O2 -c" "EXTRA_COMPILER_FLAGS=-mcpu=cortex-a9 -mfpu=vfpv3 -mfloat-abi=hard -nostart
TRACE::2025-02-12.14:15:47::SCWMssOS::files -g -Wall -Wextra -fno-tree-loop-distribute-patterns"

TRACE::2025-02-12.14:15:47::SCWMssOS::"Running Make libs in ps7_cortexa9_0/libsrc/dmaps_v2_8/src"

TRACE::2025-02-12.14:15:47::SCWMssOS::make -C ps7_cortexa9_0/libsrc/dmaps_v2_8/src -s libs  "SHELL=CMD" "COMPILER=arm-none-eabi-gcc" "ASSEMBLER=arm-none-eabi-as" "AR
TRACE::2025-02-12.14:15:47::SCWMssOS::CHIVER=arm-none-eabi-ar" "COMPILER_FLAGS=  -O2 -c" "EXTRA_COMPILER_FLAGS=-mcpu=cortex-a9 -mfpu=vfpv3 -mfloat-abi=hard -nostartf
TRACE::2025-02-12.14:15:47::SCWMssOS::iles -g -Wall -Wextra -fno-tree-loop-distribute-patterns"

TRACE::2025-02-12.14:15:48::SCWMssOS::"Running Make libs in ps7_cortexa9_0/libsrc/emacps_v3_16/src"

TRACE::2025-02-12.14:15:48::SCWMssOS::make -C ps7_cortexa9_0/libsrc/emacps_v3_16/src -s libs  "SHELL=CMD" "COMPILER=arm-none-eabi-gcc" "ASSEMBLER=arm-none-eabi-as" "
TRACE::2025-02-12.14:15:48::SCWMssOS::ARCHIVER=arm-none-eabi-ar" "COMPILER_FLAGS=  -O2 -c" "EXTRA_COMPILER_FLAGS=-mcpu=cortex-a9 -mfpu=vfpv3 -mfloat-abi=hard -nostar
TRACE::2025-02-12.14:15:48::SCWMssOS::tfiles -g -Wall -Wextra -fno-tree-loop-distribute-patterns"

TRACE::2025-02-12.14:15:48::SCWMssOS::"Running Make libs in ps7_cortexa9_0/libsrc/gpiops_v3_9/src"

TRACE::2025-02-12.14:15:48::SCWMssOS::make -C ps7_cortexa9_0/libsrc/gpiops_v3_9/src -s libs  "SHELL=CMD" "COMPILER=arm-none-eabi-gcc" "ASSEMBLER=arm-none-eabi-as" "A
TRACE::2025-02-12.14:15:48::SCWMssOS::RCHIVER=arm-none-eabi-ar" "COMPILER_FLAGS=  -O2 -c" "EXTRA_COMPILER_FLAGS=-mcpu=cortex-a9 -mfpu=vfpv3 -mfloat-abi=hard -nostart
TRACE::2025-02-12.14:15:48::SCWMssOS::files -g -Wall -Wextra -fno-tree-loop-distribute-patterns"

TRACE::2025-02-12.14:15:50::SCWMssOS::"Running Make libs in ps7_cortexa9_0/libsrc/iicps_v3_15/src"

TRACE::2025-02-12.14:15:50::SCWMssOS::make -C ps7_cortexa9_0/libsrc/iicps_v3_15/src -s libs  "SHELL=CMD" "COMPILER=arm-none-eabi-gcc" "ASSEMBLER=arm-none-eabi-as" "A
TRACE::2025-02-12.14:15:50::SCWMssOS::RCHIVER=arm-none-eabi-ar" "COMPILER_FLAGS=  -O2 -c" "EXTRA_COMPILER_FLAGS=-mcpu=cortex-a9 -mfpu=vfpv3 -mfloat-abi=hard -nostart
TRACE::2025-02-12.14:15:50::SCWMssOS::files -g -Wall -Wextra -fno-tree-loop-distribute-patterns"

TRACE::2025-02-12.14:15:50::SCWMssOS::"Running Make libs in ps7_cortexa9_0/libsrc/qspips_v3_9/src"

TRACE::2025-02-12.14:15:50::SCWMssOS::make -C ps7_cortexa9_0/libsrc/qspips_v3_9/src -s libs  "SHELL=CMD" "COMPILER=arm-none-eabi-gcc" "ASSEMBLER=arm-none-eabi-as" "A
TRACE::2025-02-12.14:15:50::SCWMssOS::RCHIVER=arm-none-eabi-ar" "COMPILER_FLAGS=  -O2 -c" "EXTRA_COMPILER_FLAGS=-mcpu=cortex-a9 -mfpu=vfpv3 -mfloat-abi=hard -nostart
TRACE::2025-02-12.14:15:50::SCWMssOS::files -g -Wall -Wextra -fno-tree-loop-distribute-patterns"

TRACE::2025-02-12.14:15:52::SCWMssOS::"Running Make libs in ps7_cortexa9_0/libsrc/scugic_v4_7/src"

TRACE::2025-02-12.14:15:52::SCWMssOS::make -C ps7_cortexa9_0/libsrc/scugic_v4_7/src -s libs  "SHELL=CMD" "COMPILER=arm-none-eabi-gcc" "ASSEMBLER=arm-none-eabi-as" "A
TRACE::2025-02-12.14:15:52::SCWMssOS::RCHIVER=arm-none-eabi-ar" "COMPILER_FLAGS=  -O2 -c" "EXTRA_COMPILER_FLAGS=-mcpu=cortex-a9 -mfpu=vfpv3 -mfloat-abi=hard -nostart
TRACE::2025-02-12.14:15:52::SCWMssOS::files -g -Wall -Wextra -fno-tree-loop-distribute-patterns"

TRACE::2025-02-12.14:15:52::SCWMssOS::"Running Make libs in ps7_cortexa9_0/libsrc/scutimer_v2_4/src"

TRACE::2025-02-12.14:15:52::SCWMssOS::make -C ps7_cortexa9_0/libsrc/scutimer_v2_4/src -s libs  "SHELL=CMD" "COMPILER=arm-none-eabi-gcc" "ASSEMBLER=arm-none-eabi-as" 
TRACE::2025-02-12.14:15:52::SCWMssOS::"ARCHIVER=arm-none-eabi-ar" "COMPILER_FLAGS=  -O2 -c" "EXTRA_COMPILER_FLAGS=-mcpu=cortex-a9 -mfpu=vfpv3 -mfloat-abi=hard -nosta
TRACE::2025-02-12.14:15:52::SCWMssOS::rtfiles -g -Wall -Wextra -fno-tree-loop-distribute-patterns"

TRACE::2025-02-12.14:15:53::SCWMssOS::"Running Make libs in ps7_cortexa9_0/libsrc/scuwdt_v2_4/src"

TRACE::2025-02-12.14:15:53::SCWMssOS::make -C ps7_cortexa9_0/libsrc/scuwdt_v2_4/src -s libs  "SHELL=CMD" "COMPILER=arm-none-eabi-gcc" "ASSEMBLER=arm-none-eabi-as" "A
TRACE::2025-02-12.14:15:53::SCWMssOS::RCHIVER=arm-none-eabi-ar" "COMPILER_FLAGS=  -O2 -c" "EXTRA_COMPILER_FLAGS=-mcpu=cortex-a9 -mfpu=vfpv3 -mfloat-abi=hard -nostart
TRACE::2025-02-12.14:15:53::SCWMssOS::files -g -Wall -Wextra -fno-tree-loop-distribute-patterns"

TRACE::2025-02-12.14:15:53::SCWMssOS::"Running Make libs in ps7_cortexa9_0/libsrc/sdps_v3_14/src"

TRACE::2025-02-12.14:15:53::SCWMssOS::make -C ps7_cortexa9_0/libsrc/sdps_v3_14/src -s libs  "SHELL=CMD" "COMPILER=arm-none-eabi-gcc" "ASSEMBLER=arm-none-eabi-as" "AR
TRACE::2025-02-12.14:15:53::SCWMssOS::CHIVER=arm-none-eabi-ar" "COMPILER_FLAGS=  -O2 -c" "EXTRA_COMPILER_FLAGS=-mcpu=cortex-a9 -mfpu=vfpv3 -mfloat-abi=hard -nostartf
TRACE::2025-02-12.14:15:53::SCWMssOS::iles -g -Wall -Wextra -fno-tree-loop-distribute-patterns"

TRACE::2025-02-12.14:15:54::SCWMssOS::"Running Make libs in ps7_cortexa9_0/libsrc/standalone_v7_7/src"

TRACE::2025-02-12.14:15:54::SCWMssOS::make -C ps7_cortexa9_0/libsrc/standalone_v7_7/src -s libs  "SHELL=CMD" "COMPILER=arm-none-eabi-gcc" "ASSEMBLER=arm-none-eabi-as
TRACE::2025-02-12.14:15:54::SCWMssOS::" "ARCHIVER=arm-none-eabi-ar" "COMPILER_FLAGS=  -O2 -c" "EXTRA_COMPILER_FLAGS=-mcpu=cortex-a9 -mfpu=vfpv3 -mfloat-abi=hard -nos
TRACE::2025-02-12.14:15:54::SCWMssOS::tartfiles -g -Wall -Wextra -fno-tree-loop-distribute-patterns"

TRACE::2025-02-12.14:15:55::SCWMssOS::"Running Make libs in ps7_cortexa9_0/libsrc/uartps_v3_11/src"

TRACE::2025-02-12.14:15:55::SCWMssOS::make -C ps7_cortexa9_0/libsrc/uartps_v3_11/src -s libs  "SHELL=CMD" "COMPILER=arm-none-eabi-gcc" "ASSEMBLER=arm-none-eabi-as" "
TRACE::2025-02-12.14:15:55::SCWMssOS::ARCHIVER=arm-none-eabi-ar" "COMPILER_FLAGS=  -O2 -c" "EXTRA_COMPILER_FLAGS=-mcpu=cortex-a9 -mfpu=vfpv3 -mfloat-abi=hard -nostar
TRACE::2025-02-12.14:15:55::SCWMssOS::tfiles -g -Wall -Wextra -fno-tree-loop-distribute-patterns"

TRACE::2025-02-12.14:15:57::SCWMssOS::"Running Make libs in ps7_cortexa9_0/libsrc/usbps_v2_7/src"

TRACE::2025-02-12.14:15:57::SCWMssOS::make -C ps7_cortexa9_0/libsrc/usbps_v2_7/src -s libs  "SHELL=CMD" "COMPILER=arm-none-eabi-gcc" "ASSEMBLER=arm-none-eabi-as" "AR
TRACE::2025-02-12.14:15:57::SCWMssOS::CHIVER=arm-none-eabi-ar" "COMPILER_FLAGS=  -O2 -c" "EXTRA_COMPILER_FLAGS=-mcpu=cortex-a9 -mfpu=vfpv3 -mfloat-abi=hard -nostartf
TRACE::2025-02-12.14:15:57::SCWMssOS::iles -g -Wall -Wextra -fno-tree-loop-distribute-patterns"

TRACE::2025-02-12.14:15:59::SCWMssOS::"Running Make libs in ps7_cortexa9_0/libsrc/xadcps_v2_6/src"

TRACE::2025-02-12.14:15:59::SCWMssOS::make -C ps7_cortexa9_0/libsrc/xadcps_v2_6/src -s libs  "SHELL=CMD" "COMPILER=arm-none-eabi-gcc" "ASSEMBLER=arm-none-eabi-as" "A
TRACE::2025-02-12.14:15:59::SCWMssOS::RCHIVER=arm-none-eabi-ar" "COMPILER_FLAGS=  -O2 -c" "EXTRA_COMPILER_FLAGS=-mcpu=cortex-a9 -mfpu=vfpv3 -mfloat-abi=hard -nostart
TRACE::2025-02-12.14:15:59::SCWMssOS::files -g -Wall -Wextra -fno-tree-loop-distribute-patterns"

TRACE::2025-02-12.14:16:02::SCWMssOS::'Finished building libraries parallelly.'

TRACE::2025-02-12.14:16:02::SCWMssOS::make --no-print-directory archive

TRACE::2025-02-12.14:16:02::SCWMssOS::arm-none-eabi-ar -r  ps7_cortexa9_0/lib/libxil.a ps7_cortexa9_0/lib/xadcps_selftest.o ps7_cortexa9_0/lib/xplatform_info.o ps7_c
TRACE::2025-02-12.14:16:02::SCWMssOS::ortexa9_0/lib/xil_mem.o ps7_cortexa9_0/lib/_exit.o ps7_cortexa9_0/lib/xusbps_sinit.o ps7_cortexa9_0/lib/xdevcfg_hw.o ps7_cortex
TRACE::2025-02-12.14:16:02::SCWMssOS::a9_0/lib/xil_sleeptimer.o ps7_cortexa9_0/lib/xqspips_options.o ps7_cortexa9_0/lib/xdmaps_g.o ps7_cortexa9_0/lib/xscutimer_g.o p
TRACE::2025-02-12.14:16:02::SCWMssOS::s7_cortexa9_0/lib/xsdps_options.o ps7_cortexa9_0/lib/xil_misc_psreset_api.o ps7_cortexa9_0/lib/xdmaps_sinit.o ps7_cortexa9_0/li
TRACE::2025-02-12.14:16:02::SCWMssOS::b/xscutimer_sinit.o ps7_cortexa9_0/lib/xemacps_hw.o ps7_cortexa9_0/lib/inbyte.o ps7_cortexa9_0/lib/xscutimer_selftest.o ps7_cor
TRACE::2025-02-12.14:16:02::SCWMssOS::texa9_0/lib/putnum.o ps7_cortexa9_0/lib/xqspips_hw.o ps7_cortexa9_0/lib/xgpiops_g.o ps7_cortexa9_0/lib/xsdps.o ps7_cortexa9_0/l
TRACE::2025-02-12.14:16:02::SCWMssOS::ib/close.o ps7_cortexa9_0/lib/xemacps_g.o ps7_cortexa9_0/lib/xgpiops_sinit.o ps7_cortexa9_0/lib/xgpiops_selftest.o ps7_cortexa9
TRACE::2025-02-12.14:16:02::SCWMssOS::_0/lib/xscuwdt.o ps7_cortexa9_0/lib/xaxivdma_g.o ps7_cortexa9_0/lib/xiicps_intr.o ps7_cortexa9_0/lib/xaxivdma_sinit.o ps7_corte
TRACE::2025-02-12.14:16:02::SCWMssOS::xa9_0/lib/xuartps_sinit.o ps7_cortexa9_0/lib/time.o ps7_cortexa9_0/lib/xaxivdma_selftest.o ps7_cortexa9_0/lib/xiicps_slave.o ps
TRACE::2025-02-12.14:16:02::SCWMssOS::7_cortexa9_0/lib/xil_printf.o ps7_cortexa9_0/lib/kill.o ps7_cortexa9_0/lib/xadcps.o ps7_cortexa9_0/lib/xiicps_options.o ps7_cor
TRACE::2025-02-12.14:16:02::SCWMssOS::texa9_0/lib/xdmaps.o ps7_cortexa9_0/lib/xuartps_selftest.o ps7_cortexa9_0/lib/xuartps_g.o ps7_cortexa9_0/lib/outbyte.o ps7_cort
TRACE::2025-02-12.14:16:02::SCWMssOS::exa9_0/lib/lseek.o ps7_cortexa9_0/lib/xusbps_hw.o ps7_cortexa9_0/lib/xl2cc_counter.o ps7_cortexa9_0/lib/xiicps_hw.o ps7_cortexa
TRACE::2025-02-12.14:16:02::SCWMssOS::9_0/lib/asm_vectors.o ps7_cortexa9_0/lib/usleep.o ps7_cortexa9_0/lib/abort.o ps7_cortexa9_0/lib/xscugic_intr.o ps7_cortexa9_0/l
TRACE::2025-02-12.14:16:02::SCWMssOS::ib/getpid.o ps7_cortexa9_0/lib/xiicps_selftest.o ps7_cortexa9_0/lib/xil_testcache.o ps7_cortexa9_0/lib/xdevcfg_sinit.o ps7_cort
TRACE::2025-02-12.14:16:02::SCWMssOS::exa9_0/lib/xgpiops.o ps7_cortexa9_0/lib/xscutimer.o ps7_cortexa9_0/lib/xdevcfg_selftest.o ps7_cortexa9_0/lib/xpm_counter.o ps7_
TRACE::2025-02-12.14:16:02::SCWMssOS::cortexa9_0/lib/xiicps.o ps7_cortexa9_0/lib/_sbrk.o ps7_cortexa9_0/lib/xiicps_master.o ps7_cortexa9_0/lib/xqspips_g.o ps7_cortex
TRACE::2025-02-12.14:16:02::SCWMssOS::a9_0/lib/xemacps_bdring.o ps7_cortexa9_0/lib/xusbps_endpoint.o ps7_cortexa9_0/lib/xqspips_sinit.o ps7_cortexa9_0/lib/xqspips_se
TRACE::2025-02-12.14:16:02::SCWMssOS::lftest.o ps7_cortexa9_0/lib/xil_exception.o ps7_cortexa9_0/lib/sbrk.o ps7_cortexa9_0/lib/xil_testmem.o ps7_cortexa9_0/lib/xaxiv
TRACE::2025-02-12.14:16:02::SCWMssOS::dma.o ps7_cortexa9_0/lib/xemacps_control.o ps7_cortexa9_0/lib/xdevcfg.o ps7_cortexa9_0/lib/open.o ps7_cortexa9_0/lib/xil_assert
TRACE::2025-02-12.14:16:02::SCWMssOS::.o ps7_cortexa9_0/lib/xaxivdma_intr.o ps7_cortexa9_0/lib/xusbps_intr.o ps7_cortexa9_0/lib/xsdps_host.o ps7_cortexa9_0/lib/xcore
TRACE::2025-02-12.14:16:02::SCWMssOS::sightpsdcc.o ps7_cortexa9_0/lib/xscugic_hw.o ps7_cortexa9_0/lib/sleep.o ps7_cortexa9_0/lib/xil-crt0.o ps7_cortexa9_0/lib/cppute
TRACE::2025-02-12.14:16:02::SCWMssOS::st_time.o ps7_cortexa9_0/lib/fcntl.o ps7_cortexa9_0/lib/print.o ps7_cortexa9_0/lib/read.o ps7_cortexa9_0/lib/xiicps_g.o ps7_cor
TRACE::2025-02-12.14:16:02::SCWMssOS::texa9_0/lib/xadcps_intr.o ps7_cortexa9_0/lib/xqspips.o ps7_cortexa9_0/lib/xemacps.o ps7_cortexa9_0/lib/xil_cache.o ps7_cortexa9
TRACE::2025-02-12.14:16:02::SCWMssOS::_0/lib/xil_testio.o ps7_cortexa9_0/lib/_open.o ps7_cortexa9_0/lib/unlink.o ps7_cortexa9_0/lib/xaxidma_g.o ps7_cortexa9_0/lib/xu
TRACE::2025-02-12.14:16:02::SCWMssOS::sbps.o ps7_cortexa9_0/lib/xusbps_g.o ps7_cortexa9_0/lib/xdmaps_selftest.o ps7_cortexa9_0/lib/xaxidma_sinit.o ps7_cortexa9_0/lib
TRACE::2025-02-12.14:16:02::SCWMssOS::/xil_spinlock.o ps7_cortexa9_0/lib/translation_table.o ps7_cortexa9_0/lib/xaxidma_selftest.o ps7_cortexa9_0/lib/write.o ps7_cor
TRACE::2025-02-12.14:16:02::SCWMssOS::texa9_0/lib/xil_mmu.o ps7_cortexa9_0/lib/boot.o ps7_cortexa9_0/lib/xaxivdma_channel.o ps7_cortexa9_0/lib/cpu_init.o ps7_cortexa
TRACE::2025-02-12.14:16:02::SCWMssOS::9_0/lib/xaxidma_bd.o ps7_cortexa9_0/lib/xil_sleepcommon.o ps7_cortexa9_0/lib/xgpiops_intr.o ps7_cortexa9_0/lib/xscugic_sinit.o 
TRACE::2025-02-12.14:16:02::SCWMssOS::ps7_cortexa9_0/lib/xdevcfg_g.o ps7_cortexa9_0/lib/xscugic_selftest.o ps7_cortexa9_0/lib/xinterrupt_wrap.o ps7_cortexa9_0/lib/xu
TRACE::2025-02-12.14:16:02::SCWMssOS::artps_hw.o ps7_cortexa9_0/lib/xtime_l.o ps7_cortexa9_0/lib/xemacps_sinit.o ps7_cortexa9_0/lib/xil_util.o ps7_cortexa9_0/lib/xua
TRACE::2025-02-12.14:16:02::SCWMssOS::rtps_intr.o ps7_cortexa9_0/lib/xuartps.o ps7_cortexa9_0/lib/xsdps_card.o ps7_cortexa9_0/lib/xdmaps_hw.o ps7_cortexa9_0/lib/xsdp
TRACE::2025-02-12.14:16:02::SCWMssOS::s_sinit.o ps7_cortexa9_0/lib/xscuwdt_sinit.o ps7_cortexa9_0/lib/xgpiops_hw.o ps7_cortexa9_0/lib/xsdps_g.o ps7_cortexa9_0/lib/fs
TRACE::2025-02-12.14:16:02::SCWMssOS::tat.o ps7_cortexa9_0/lib/xaxidma.o ps7_cortexa9_0/lib/errno.o ps7_cortexa9_0/lib/xdevcfg_intr.o ps7_cortexa9_0/lib/xuartps_opti
TRACE::2025-02-12.14:16:02::SCWMssOS::ons.o ps7_cortexa9_0/lib/vectors.o ps7_cortexa9_0/lib/xscuwdt_g.o ps7_cortexa9_0/lib/xil_clocking.o ps7_cortexa9_0/lib/xemacps_
TRACE::2025-02-12.14:16:02::SCWMssOS::intr.o ps7_cortexa9_0/lib/xscuwdt_selftest.o ps7_cortexa9_0/lib/xscugic_g.o ps7_cortexa9_0/lib/isatty.o ps7_cortexa9_0/lib/xscu
TRACE::2025-02-12.14:16:02::SCWMssOS::gic.o ps7_cortexa9_0/lib/xiicps_sinit.o ps7_cortexa9_0/lib/xadcps_g.o ps7_cortexa9_0/lib/xaxidma_bdring.o ps7_cortexa9_0/lib/xa
TRACE::2025-02-12.14:16:02::SCWMssOS::dcps_sinit.o ps7_cortexa9_0/lib/xiicps_xfer.o

TRACE::2025-02-12.14:16:03::SCWMssOS::'Finished building libraries'

TRACE::2025-02-12.14:16:04::SCWMssOS::Copying to export directory.
TRACE::2025-02-12.14:16:05::SCWMssOS:: Checking if to create the Supporting Applications
TRACE::2025-02-12.14:16:05::SCWMssOS:: No Linux domain exists, trying to generate FSBL 
LOG::2025-02-12.14:16:05::SCWSystem::Completed Processing the domain standalone_domain
LOG::2025-02-12.14:16:05::SCWSystem::Completed Processing the sysconfig Assignment2_newest
LOG::2025-02-12.14:16:05::SCWPlatform::Completed generating the artifacts for system configuration Assignment2_newest
TRACE::2025-02-12.14:16:05::SCWPlatform::Started preparing the platform 
TRACE::2025-02-12.14:16:05::SCWSystem::Writing the bif file for system config Assignment2_newest
TRACE::2025-02-12.14:16:05::SCWSystem::dir created 
TRACE::2025-02-12.14:16:05::SCWSystem::Writing the bif 
TRACE::2025-02-12.14:16:05::SCWPlatform::Started writing the spfm file 
TRACE::2025-02-12.14:16:05::SCWPlatform::Started writing the xpfm file 
TRACE::2025-02-12.14:16:05::SCWPlatform::Completed generating the platform
TRACE::2025-02-12.14:16:05::SCWMssOS::Saving the mss changes C:/Users/j54mao/ECE423/ECE-423-Labs/workspace/Assignment2_newest/zynq_fsbl/zynq_fsbl_bsp/system.mss
TRACE::2025-02-12.14:16:05::SCWMssOS::Found a swdesign opened with the mssfile.
TRACE::2025-02-12.14:16:05::SCWMssOS::Completed writemss as part of save.
TRACE::2025-02-12.14:16:05::SCWMssOS::Commit changes completed.
TRACE::2025-02-12.14:16:05::SCWMssOS::Saving the mss changes C:/Users/j54mao/ECE423/ECE-423-Labs/workspace/Assignment2_newest/ps7_cortexa9_0/standalone_domain/bsp/system.mss
TRACE::2025-02-12.14:16:05::SCWMssOS::Found a swdesign opened with the mssfile.
TRACE::2025-02-12.14:16:05::SCWMssOS::Completed writemss as part of save.
TRACE::2025-02-12.14:16:05::SCWMssOS::Commit changes completed.
TRACE::2025-02-12.14:16:05::SCWPlatform::Trying to open the hw design at C:/Users/j54mao/ECE423/ECE-423-Labs/workspace/Assignment2_newest/hw/lab_prefab_wrapper_newest_lab2.xsa
TRACE::2025-02-12.14:16:05::SCWPlatform::DSA given C:/Users/j54mao/ECE423/ECE-423-Labs/workspace/Assignment2_newest/hw/lab_prefab_wrapper_newest_lab2.xsa
TRACE::2025-02-12.14:16:05::SCWPlatform::DSA absoulate path C:/Users/j54mao/ECE423/ECE-423-Labs/workspace/Assignment2_newest/hw/lab_prefab_wrapper_newest_lab2.xsa
TRACE::2025-02-12.14:16:05::SCWPlatform::DSA directory C:/Users/j54mao/ECE423/ECE-423-Labs/workspace/Assignment2_newest/hw
TRACE::2025-02-12.14:16:05::SCWPlatform:: Platform Path C:/Users/j54mao/ECE423/ECE-423-Labs/workspace/Assignment2_newest/hw/lab_prefab_wrapper_newest_lab2.xsa
TRACE::2025-02-12.14:16:05::SCWPlatform:: Unique name xilinx:pynq-z1::0.0
TRACE::2025-02-12.14:16:05::SCWPlatform::Trying to set the existing hwdb with name lab_prefab_wrapper_1
TRACE::2025-02-12.14:16:05::SCWPlatform::Opened existing hwdb lab_prefab_wrapper_1
TRACE::2025-02-12.14:16:05::SCWPlatform::Found the Hw Db part of the input DSA
TRACE::2025-02-12.14:16:05::SCWMssOS::Checking the sw design at  C:/Users/j54mao/ECE423/ECE-423-Labs/workspace/Assignment2_newest/zynq_fsbl/zynq_fsbl_bsp/system.mss
TRACE::2025-02-12.14:16:05::SCWMssOS::DEBUG:  swdes dump  C:/Users/j54mao/ECE423/ECE-423-Labs/workspace/Assignment2_newest/ps7_cortexa9_0/standalone_domain/bsp/system.mss|system_0||
C:/Users/j54mao/ECE423/ECE-423-Labs/workspace/Assignment2_newest/zynq_fsbl/zynq_fsbl_bsp/system.mss|system||

TRACE::2025-02-12.14:16:05::SCWMssOS::Sw design exists and opened at  C:/Users/j54mao/ECE423/ECE-423-Labs/workspace/Assignment2_newest/zynq_fsbl/zynq_fsbl_bsp/system.mss
TRACE::2025-02-12.14:16:05::SCWPlatform::Trying to open the hw design at C:/Users/j54mao/ECE423/ECE-423-Labs/workspace/Assignment2_newest/hw/lab_prefab_wrapper_newest_lab2.xsa
TRACE::2025-02-12.14:16:05::SCWPlatform::DSA given C:/Users/j54mao/ECE423/ECE-423-Labs/workspace/Assignment2_newest/hw/lab_prefab_wrapper_newest_lab2.xsa
TRACE::2025-02-12.14:16:05::SCWPlatform::DSA absoulate path C:/Users/j54mao/ECE423/ECE-423-Labs/workspace/Assignment2_newest/hw/lab_prefab_wrapper_newest_lab2.xsa
TRACE::2025-02-12.14:16:05::SCWPlatform::DSA directory C:/Users/j54mao/ECE423/ECE-423-Labs/workspace/Assignment2_newest/hw
TRACE::2025-02-12.14:16:05::SCWPlatform:: Platform Path C:/Users/j54mao/ECE423/ECE-423-Labs/workspace/Assignment2_newest/hw/lab_prefab_wrapper_newest_lab2.xsa
TRACE::2025-02-12.14:16:05::SCWPlatform:: Unique name xilinx:pynq-z1::0.0
TRACE::2025-02-12.14:16:05::SCWPlatform::Trying to set the existing hwdb with name lab_prefab_wrapper_1
TRACE::2025-02-12.14:16:05::SCWPlatform::Opened existing hwdb lab_prefab_wrapper_1
TRACE::2025-02-12.14:16:05::SCWPlatform::Found the Hw Db part of the input DSA
TRACE::2025-02-12.14:16:05::SCWMssOS::Checking the sw design at  C:/Users/j54mao/ECE423/ECE-423-Labs/workspace/Assignment2_newest/ps7_cortexa9_0/standalone_domain/bsp/system.mss
TRACE::2025-02-12.14:16:05::SCWMssOS::DEBUG:  swdes dump  C:/Users/j54mao/ECE423/ECE-423-Labs/workspace/Assignment2_newest/ps7_cortexa9_0/standalone_domain/bsp/system.mss|system_0||
C:/Users/j54mao/ECE423/ECE-423-Labs/workspace/Assignment2_newest/zynq_fsbl/zynq_fsbl_bsp/system.mss|system||

TRACE::2025-02-12.14:16:05::SCWMssOS::Sw design exists and opened at  C:/Users/j54mao/ECE423/ECE-423-Labs/workspace/Assignment2_newest/ps7_cortexa9_0/standalone_domain/bsp/system.mss
TRACE::2025-02-12.14:16:05::SCWWriter::formatted JSON is {
	"platformName":	"Assignment2_newest",
	"sprVersion":	"2.0",
	"mode":	"gui",
	"dsaType":	"Fixed",
	"platformDesc":	"Assignment2_newest",
	"platHandOff":	"C:/Users/j54mao/ECE423/ECE-423-Labs/ece423_prefab/ece423_prefab/lab_prefab/lab_prefab_wrapper_newest_lab2.xsa",
	"platIntHandOff":	"<platformDir>/hw/lab_prefab_wrapper_newest_lab2.xsa",
	"deviceType":	"zynq",
	"platIsPrebuiltAutogen":	"false",
	"platIsNoBootBsp":	"false",
	"hasFsblMakeHasChanges":	"false",
	"hasPmufwMakeHasChanges":	"false",
	"fsblExtraCompilerFlags":	"-MMD -MP       -mcpu=cortex-a9 -mfpu=vfpv3 -mfloat-abi=hard ",
	"platPreBuiltFlag":	false,
	"platformSamplesDir":	"",
	"platActiveSys":	"Assignment2_newest",
	"systems":	[{
			"systemName":	"Assignment2_newest",
			"systemDesc":	"Assignment2_newest",
			"sysIsBootAutoGen":	"true",
			"systemDispName":	"Assignment2_newest",
			"sysActiveDom":	"zynq_fsbl",
			"sysDefaultDom":	"standalone_domain",
			"domains":	[{
					"domainName":	"zynq_fsbl",
					"domainDispName":	"zynq_fsbl",
					"domainDesc":	"FSBL Application BSP - Auto Generated.",
					"processors":	"ps7_cortexa9_0",
					"os":	"standalone",
					"sdxOs":	"standalone",
					"debugEnable":	"",
					"domRuntimes":	["cpp"],
					"swRepo":	"",
					"mssOsVer":	"7.7",
					"mssFile":	"",
					"md5Digest":	"9e73a1d664e6392758527307bae5c8a3",
					"compatibleApp":	"zynq_fsbl",
					"domType":	"bootDomain",
					"arch":	"32-bit",
					"appSettings":	{
						"appCompilerFlags":	"",
						"appLinkerFlags":	""
					},
					"addedLibs":	["xilffs:4.7", "xilrsa:1.6"],
					"libOptions":	{
						"xilffs":	{
							"enable_multi_partition":	"true",
							"num_logical_vol":	"10",
							"libOptionNames":	["enable_multi_partition", "num_logical_vol"]
						},
						"libsContainingOptions":	["xilffs"]
					},
					"prebuiltLibs":	{
						"prebuiltIncPath":	[],
						"prebuiltLibPath":	[]
					},
					"isolation":	{
					}
				}, {
					"domainName":	"standalone_domain",
					"domainDispName":	"standalone on ps7_cortexa9_0",
					"domainDesc":	"standalone_domain",
					"processors":	"ps7_cortexa9_0",
					"os":	"standalone",
					"sdxOs":	"standalone",
					"qemuArgs":	"<platformDir>/resources/Assignment2_newest/standalone_domain/qemu_args.txt",
					"qemuData":	"<platformDir>/resources/Assignment2_newest/standalone_domain/qemu",
					"debugEnable":	"False",
					"domRuntimes":	["cpp"],
					"swRepo":	"",
					"mssOsVer":	"7.7",
					"mssFile":	"",
					"md5Digest":	"90759cd7d17204249617ea3f07fde571",
					"compatibleApp":	"",
					"domType":	"mssDomain",
					"appSettings":	{
						"appCompilerFlags":	"",
						"appLinkerFlags":	""
					},
					"addedLibs":	[],
					"libOptions":	{
						"libsContainingOptions":	[]
					},
					"prebuiltLibs":	{
						"prebuiltIncPath":	[],
						"prebuiltLibPath":	[]
					},
					"isolation":	{
					}
				}]
		}]
}
KEYINFO::2025-02-12.14:16:05::SCWPlatform::updated the xpfm file.
TRACE::2025-02-12.14:16:05::SCWPlatform::Trying to open the hw design at C:/Users/j54mao/ECE423/ECE-423-Labs/workspace/Assignment2_newest/hw/lab_prefab_wrapper_newest_lab2.xsa
TRACE::2025-02-12.14:16:05::SCWPlatform::DSA given C:/Users/j54mao/ECE423/ECE-423-Labs/workspace/Assignment2_newest/hw/lab_prefab_wrapper_newest_lab2.xsa
TRACE::2025-02-12.14:16:05::SCWPlatform::DSA absoulate path C:/Users/j54mao/ECE423/ECE-423-Labs/workspace/Assignment2_newest/hw/lab_prefab_wrapper_newest_lab2.xsa
TRACE::2025-02-12.14:16:05::SCWPlatform::DSA directory C:/Users/j54mao/ECE423/ECE-423-Labs/workspace/Assignment2_newest/hw
TRACE::2025-02-12.14:16:05::SCWPlatform:: Platform Path C:/Users/j54mao/ECE423/ECE-423-Labs/workspace/Assignment2_newest/hw/lab_prefab_wrapper_newest_lab2.xsa
TRACE::2025-02-12.14:16:05::SCWPlatform:: Unique name xilinx:pynq-z1::0.0
TRACE::2025-02-12.14:16:05::SCWPlatform::Trying to set the existing hwdb with name lab_prefab_wrapper_1
TRACE::2025-02-12.14:16:05::SCWPlatform::Opened existing hwdb lab_prefab_wrapper_1
TRACE::2025-02-12.14:16:05::SCWPlatform::Found the Hw Db part of the input DSA
TRACE::2025-02-12.14:16:05::SCWMssOS::Checking the sw design at  C:/Users/j54mao/ECE423/ECE-423-Labs/workspace/Assignment2_newest/ps7_cortexa9_0/standalone_domain/bsp/system.mss
TRACE::2025-02-12.14:16:05::SCWMssOS::DEBUG:  swdes dump  C:/Users/j54mao/ECE423/ECE-423-Labs/workspace/Assignment2_newest/ps7_cortexa9_0/standalone_domain/bsp/system.mss|system_0||
C:/Users/j54mao/ECE423/ECE-423-Labs/workspace/Assignment2_newest/zynq_fsbl/zynq_fsbl_bsp/system.mss|system||

TRACE::2025-02-12.14:16:05::SCWMssOS::Sw design exists and opened at  C:/Users/j54mao/ECE423/ECE-423-Labs/workspace/Assignment2_newest/ps7_cortexa9_0/standalone_domain/bsp/system.mss
LOG::2025-02-12.14:20:10::SCWPlatform::Started generating the artifacts platform Assignment2_newest
TRACE::2025-02-12.14:20:10::SCWPlatform::Sanity checking of platform is completed
LOG::2025-02-12.14:20:10::SCWPlatform::Started generating the artifacts for system configuration Assignment2_newest
LOG::2025-02-12.14:20:10::SCWSystem::Checking the domain zynq_fsbl
LOG::2025-02-12.14:20:10::SCWSystem::Doing application build for :  zynq_fsbl
TRACE::2025-02-12.14:20:10::SCWBDomain::Not a forced makefile updation, No changes are present. 
TRACE::2025-02-12.14:20:10::SCWDomain::Skipping the build for domain :  zynq_fsbl
LOG::2025-02-12.14:20:10::SCWSystem::Checking the domain standalone_domain
LOG::2025-02-12.14:20:10::SCWSystem::Not a boot domain 
LOG::2025-02-12.14:20:10::SCWSystem::Started Processing the domain standalone_domain
TRACE::2025-02-12.14:20:10::SCWDomain::Generating domain artifcats
TRACE::2025-02-12.14:20:10::SCWMssOS::Generating standalone artifcats
TRACE::2025-02-12.14:20:10::SCWMssOS::Copying the qemu file from  C:/Users/j54mao/ECE423/ECE-423-Labs/workspace/Assignment2_newest/resources/Assignment2_newest/standalone_domain/qemu_args.txt To C:/Users/j54mao/ECE423/ECE-423-Labs/workspace/Assignment2_newest/export/Assignment2_newest/sw/Assignment2_newest/qemu/
TRACE::2025-02-12.14:20:10::SCWMssOS::Copying the qemu file from  C:/Users/j54mao/ECE423/ECE-423-Labs/workspace/Assignment2_newest/resources/Assignment2_newest/standalone_domain/qemu_args.txt To C:/Users/j54mao/ECE423/ECE-423-Labs/workspace/Assignment2_newest/export/Assignment2_newest/sw/Assignment2_newest/standalone_domain/qemu/
TRACE::2025-02-12.14:20:10::SCWMssOS:: Copying the user libraries. 
TRACE::2025-02-12.14:20:10::SCWPlatform::Trying to open the hw design at C:/Users/j54mao/ECE423/ECE-423-Labs/workspace/Assignment2_newest/hw/lab_prefab_wrapper_newest_lab2.xsa
TRACE::2025-02-12.14:20:10::SCWPlatform::DSA given C:/Users/j54mao/ECE423/ECE-423-Labs/workspace/Assignment2_newest/hw/lab_prefab_wrapper_newest_lab2.xsa
TRACE::2025-02-12.14:20:10::SCWPlatform::DSA absoulate path C:/Users/j54mao/ECE423/ECE-423-Labs/workspace/Assignment2_newest/hw/lab_prefab_wrapper_newest_lab2.xsa
TRACE::2025-02-12.14:20:10::SCWPlatform::DSA directory C:/Users/j54mao/ECE423/ECE-423-Labs/workspace/Assignment2_newest/hw
TRACE::2025-02-12.14:20:10::SCWPlatform:: Platform Path C:/Users/j54mao/ECE423/ECE-423-Labs/workspace/Assignment2_newest/hw/lab_prefab_wrapper_newest_lab2.xsa
TRACE::2025-02-12.14:20:10::SCWPlatform:: Unique name xilinx:pynq-z1::0.0
TRACE::2025-02-12.14:20:10::SCWPlatform::Trying to set the existing hwdb with name lab_prefab_wrapper_1
TRACE::2025-02-12.14:20:10::SCWPlatform::Opened existing hwdb lab_prefab_wrapper_1
TRACE::2025-02-12.14:20:10::SCWPlatform::Found the Hw Db part of the input DSA
TRACE::2025-02-12.14:20:10::SCWMssOS::Checking the sw design at  C:/Users/j54mao/ECE423/ECE-423-Labs/workspace/Assignment2_newest/ps7_cortexa9_0/standalone_domain/bsp/system.mss
TRACE::2025-02-12.14:20:10::SCWMssOS::DEBUG:  swdes dump  C:/Users/j54mao/ECE423/ECE-423-Labs/workspace/Assignment2_debugging/ps7_cortexa9_0/standalone_domain/bsp/system.mss|system_2||
C:/Users/j54mao/ECE423/ECE-423-Labs/workspace/Assignment2_debugging/zynq_fsbl/zynq_fsbl_bsp/system.mss|system_1||
C:/Users/j54mao/ECE423/ECE-423-Labs/workspace/Assignment2_newest/ps7_cortexa9_0/standalone_domain/bsp/system.mss|system_0||
C:/Users/j54mao/ECE423/ECE-423-Labs/workspace/Assignment2_newest/zynq_fsbl/zynq_fsbl_bsp/system.mss|system||
C:/Users/j54mao/ECE423/ECE-423-Labs/workspace/lab_prefab_wrapper/zynq_fsbl/zynq_fsbl_bsp/system.mss|system_3||

TRACE::2025-02-12.14:20:10::SCWMssOS::Sw design exists and opened at  C:/Users/j54mao/ECE423/ECE-423-Labs/workspace/Assignment2_newest/ps7_cortexa9_0/standalone_domain/bsp/system.mss
TRACE::2025-02-12.14:20:10::SCWMssOS::Completed writing the mss file at C:/Users/j54mao/ECE423/ECE-423-Labs/workspace/Assignment2_newest/ps7_cortexa9_0/standalone_domain/bsp
TRACE::2025-02-12.14:20:10::SCWMssOS::Mss edits present, copying mssfile into export location C:/Users/j54mao/ECE423/ECE-423-Labs/workspace/Assignment2_newest/ps7_cortexa9_0/standalone_domain/bsp/system.mss
TRACE::2025-02-12.14:20:10::SCWMssOS::bsp generated is upto date with the mss file. Skipping bsp generation.
TRACE::2025-02-12.14:20:10::SCWMssOS::BSP is already built. skipping the bsp build ... 
TRACE::2025-02-12.14:20:10::SCWDomain::Skipping the build for domain :  standalone_domain
TRACE::2025-02-12.14:20:10::SCWMssOS::skipping the bsp build ... 
TRACE::2025-02-12.14:20:10::SCWMssOS::Copying to export directory.
TRACE::2025-02-12.14:20:11::SCWMssOS:: Checking if to create the Supporting Applications
TRACE::2025-02-12.14:20:11::SCWMssOS:: No Linux domain exists, trying to generate FSBL 
LOG::2025-02-12.14:20:11::SCWSystem::Completed Processing the domain standalone_domain
LOG::2025-02-12.14:20:11::SCWSystem::Completed Processing the sysconfig Assignment2_newest
LOG::2025-02-12.14:20:11::SCWPlatform::Completed generating the artifacts for system configuration Assignment2_newest
TRACE::2025-02-12.14:20:11::SCWPlatform::Started preparing the platform 
TRACE::2025-02-12.14:20:11::SCWSystem::Writing the bif file for system config Assignment2_newest
TRACE::2025-02-12.14:20:11::SCWSystem::dir created 
TRACE::2025-02-12.14:20:11::SCWSystem::Writing the bif 
TRACE::2025-02-12.14:20:11::SCWPlatform::Started writing the spfm file 
TRACE::2025-02-12.14:20:11::SCWPlatform::Started writing the xpfm file 
TRACE::2025-02-12.14:20:11::SCWPlatform::Completed generating the platform
TRACE::2025-02-12.14:20:11::SCWMssOS::Saving the mss changes C:/Users/j54mao/ECE423/ECE-423-Labs/workspace/Assignment2_newest/zynq_fsbl/zynq_fsbl_bsp/system.mss
TRACE::2025-02-12.14:20:11::SCWMssOS::Found a swdesign opened with the mssfile.
TRACE::2025-02-12.14:20:11::SCWMssOS::Completed writemss as part of save.
TRACE::2025-02-12.14:20:11::SCWMssOS::Commit changes completed.
TRACE::2025-02-12.14:20:11::SCWMssOS::Saving the mss changes C:/Users/j54mao/ECE423/ECE-423-Labs/workspace/Assignment2_newest/ps7_cortexa9_0/standalone_domain/bsp/system.mss
TRACE::2025-02-12.14:20:11::SCWMssOS::Found a swdesign opened with the mssfile.
TRACE::2025-02-12.14:20:11::SCWMssOS::Completed writemss as part of save.
TRACE::2025-02-12.14:20:11::SCWMssOS::Commit changes completed.
TRACE::2025-02-12.14:20:11::SCWPlatform::Trying to open the hw design at C:/Users/j54mao/ECE423/ECE-423-Labs/workspace/Assignment2_newest/hw/lab_prefab_wrapper_newest_lab2.xsa
TRACE::2025-02-12.14:20:11::SCWPlatform::DSA given C:/Users/j54mao/ECE423/ECE-423-Labs/workspace/Assignment2_newest/hw/lab_prefab_wrapper_newest_lab2.xsa
TRACE::2025-02-12.14:20:11::SCWPlatform::DSA absoulate path C:/Users/j54mao/ECE423/ECE-423-Labs/workspace/Assignment2_newest/hw/lab_prefab_wrapper_newest_lab2.xsa
TRACE::2025-02-12.14:20:11::SCWPlatform::DSA directory C:/Users/j54mao/ECE423/ECE-423-Labs/workspace/Assignment2_newest/hw
TRACE::2025-02-12.14:20:11::SCWPlatform:: Platform Path C:/Users/j54mao/ECE423/ECE-423-Labs/workspace/Assignment2_newest/hw/lab_prefab_wrapper_newest_lab2.xsa
TRACE::2025-02-12.14:20:11::SCWPlatform:: Unique name xilinx:pynq-z1::0.0
TRACE::2025-02-12.14:20:11::SCWPlatform::Trying to set the existing hwdb with name lab_prefab_wrapper_1
TRACE::2025-02-12.14:20:11::SCWPlatform::Opened existing hwdb lab_prefab_wrapper_1
TRACE::2025-02-12.14:20:11::SCWPlatform::Found the Hw Db part of the input DSA
TRACE::2025-02-12.14:20:11::SCWMssOS::Checking the sw design at  C:/Users/j54mao/ECE423/ECE-423-Labs/workspace/Assignment2_newest/zynq_fsbl/zynq_fsbl_bsp/system.mss
TRACE::2025-02-12.14:20:11::SCWMssOS::DEBUG:  swdes dump  C:/Users/j54mao/ECE423/ECE-423-Labs/workspace/Assignment2_debugging/ps7_cortexa9_0/standalone_domain/bsp/system.mss|system_2||
C:/Users/j54mao/ECE423/ECE-423-Labs/workspace/Assignment2_debugging/zynq_fsbl/zynq_fsbl_bsp/system.mss|system_1||
C:/Users/j54mao/ECE423/ECE-423-Labs/workspace/Assignment2_newest/ps7_cortexa9_0/standalone_domain/bsp/system.mss|system_0||
C:/Users/j54mao/ECE423/ECE-423-Labs/workspace/Assignment2_newest/zynq_fsbl/zynq_fsbl_bsp/system.mss|system||
C:/Users/j54mao/ECE423/ECE-423-Labs/workspace/lab_prefab_wrapper/zynq_fsbl/zynq_fsbl_bsp/system.mss|system_3||

TRACE::2025-02-12.14:20:11::SCWMssOS::Sw design exists and opened at  C:/Users/j54mao/ECE423/ECE-423-Labs/workspace/Assignment2_newest/zynq_fsbl/zynq_fsbl_bsp/system.mss
TRACE::2025-02-12.14:20:11::SCWPlatform::Trying to open the hw design at C:/Users/j54mao/ECE423/ECE-423-Labs/workspace/Assignment2_newest/hw/lab_prefab_wrapper_newest_lab2.xsa
TRACE::2025-02-12.14:20:11::SCWPlatform::DSA given C:/Users/j54mao/ECE423/ECE-423-Labs/workspace/Assignment2_newest/hw/lab_prefab_wrapper_newest_lab2.xsa
TRACE::2025-02-12.14:20:11::SCWPlatform::DSA absoulate path C:/Users/j54mao/ECE423/ECE-423-Labs/workspace/Assignment2_newest/hw/lab_prefab_wrapper_newest_lab2.xsa
TRACE::2025-02-12.14:20:11::SCWPlatform::DSA directory C:/Users/j54mao/ECE423/ECE-423-Labs/workspace/Assignment2_newest/hw
TRACE::2025-02-12.14:20:11::SCWPlatform:: Platform Path C:/Users/j54mao/ECE423/ECE-423-Labs/workspace/Assignment2_newest/hw/lab_prefab_wrapper_newest_lab2.xsa
TRACE::2025-02-12.14:20:11::SCWPlatform:: Unique name xilinx:pynq-z1::0.0
TRACE::2025-02-12.14:20:11::SCWPlatform::Trying to set the existing hwdb with name lab_prefab_wrapper_1
TRACE::2025-02-12.14:20:11::SCWPlatform::Opened existing hwdb lab_prefab_wrapper_1
TRACE::2025-02-12.14:20:11::SCWPlatform::Found the Hw Db part of the input DSA
TRACE::2025-02-12.14:20:11::SCWMssOS::Checking the sw design at  C:/Users/j54mao/ECE423/ECE-423-Labs/workspace/Assignment2_newest/ps7_cortexa9_0/standalone_domain/bsp/system.mss
TRACE::2025-02-12.14:20:11::SCWMssOS::DEBUG:  swdes dump  C:/Users/j54mao/ECE423/ECE-423-Labs/workspace/Assignment2_debugging/ps7_cortexa9_0/standalone_domain/bsp/system.mss|system_2||
C:/Users/j54mao/ECE423/ECE-423-Labs/workspace/Assignment2_debugging/zynq_fsbl/zynq_fsbl_bsp/system.mss|system_1||
C:/Users/j54mao/ECE423/ECE-423-Labs/workspace/Assignment2_newest/ps7_cortexa9_0/standalone_domain/bsp/system.mss|system_0||
C:/Users/j54mao/ECE423/ECE-423-Labs/workspace/Assignment2_newest/zynq_fsbl/zynq_fsbl_bsp/system.mss|system||
C:/Users/j54mao/ECE423/ECE-423-Labs/workspace/lab_prefab_wrapper/zynq_fsbl/zynq_fsbl_bsp/system.mss|system_3||

TRACE::2025-02-12.14:20:11::SCWMssOS::Sw design exists and opened at  C:/Users/j54mao/ECE423/ECE-423-Labs/workspace/Assignment2_newest/ps7_cortexa9_0/standalone_domain/bsp/system.mss
TRACE::2025-02-12.14:20:11::SCWWriter::formatted JSON is {
	"platformName":	"Assignment2_newest",
	"sprVersion":	"2.0",
	"mode":	"gui",
	"dsaType":	"Fixed",
	"platformDesc":	"Assignment2_newest",
	"platHandOff":	"C:/Users/j54mao/ECE423/ECE-423-Labs/ece423_prefab/ece423_prefab/lab_prefab/lab_prefab_wrapper_newest_lab2.xsa",
	"platIntHandOff":	"<platformDir>/hw/lab_prefab_wrapper_newest_lab2.xsa",
	"deviceType":	"zynq",
	"platIsPrebuiltAutogen":	"false",
	"platIsNoBootBsp":	"false",
	"hasFsblMakeHasChanges":	"false",
	"hasPmufwMakeHasChanges":	"false",
	"fsblExtraCompilerFlags":	"-MMD -MP       -mcpu=cortex-a9 -mfpu=vfpv3 -mfloat-abi=hard ",
	"platPreBuiltFlag":	false,
	"platformSamplesDir":	"",
	"platActiveSys":	"Assignment2_newest",
	"systems":	[{
			"systemName":	"Assignment2_newest",
			"systemDesc":	"Assignment2_newest",
			"sysIsBootAutoGen":	"true",
			"systemDispName":	"Assignment2_newest",
			"sysActiveDom":	"zynq_fsbl",
			"sysDefaultDom":	"standalone_domain",
			"domains":	[{
					"domainName":	"zynq_fsbl",
					"domainDispName":	"zynq_fsbl",
					"domainDesc":	"FSBL Application BSP - Auto Generated.",
					"processors":	"ps7_cortexa9_0",
					"os":	"standalone",
					"sdxOs":	"standalone",
					"debugEnable":	"",
					"domRuntimes":	["cpp"],
					"swRepo":	"",
					"mssOsVer":	"7.7",
					"mssFile":	"",
					"md5Digest":	"9e73a1d664e6392758527307bae5c8a3",
					"compatibleApp":	"zynq_fsbl",
					"domType":	"bootDomain",
					"arch":	"32-bit",
					"appSettings":	{
						"appCompilerFlags":	"",
						"appLinkerFlags":	""
					},
					"addedLibs":	["xilffs:4.7", "xilrsa:1.6"],
					"libOptions":	{
						"xilffs":	{
							"enable_multi_partition":	"true",
							"num_logical_vol":	"10",
							"libOptionNames":	["enable_multi_partition", "num_logical_vol"]
						},
						"libsContainingOptions":	["xilffs"]
					},
					"prebuiltLibs":	{
						"prebuiltIncPath":	[],
						"prebuiltLibPath":	[]
					},
					"isolation":	{
					}
				}, {
					"domainName":	"standalone_domain",
					"domainDispName":	"standalone on ps7_cortexa9_0",
					"domainDesc":	"standalone_domain",
					"processors":	"ps7_cortexa9_0",
					"os":	"standalone",
					"sdxOs":	"standalone",
					"qemuArgs":	"<platformDir>/resources/Assignment2_newest/standalone_domain/qemu_args.txt",
					"qemuData":	"<platformDir>/resources/Assignment2_newest/standalone_domain/qemu",
					"debugEnable":	"False",
					"domRuntimes":	["cpp"],
					"swRepo":	"",
					"mssOsVer":	"7.7",
					"mssFile":	"",
					"md5Digest":	"90759cd7d17204249617ea3f07fde571",
					"compatibleApp":	"",
					"domType":	"mssDomain",
					"appSettings":	{
						"appCompilerFlags":	"",
						"appLinkerFlags":	""
					},
					"addedLibs":	[],
					"libOptions":	{
						"libsContainingOptions":	[]
					},
					"prebuiltLibs":	{
						"prebuiltIncPath":	[],
						"prebuiltLibPath":	[]
					},
					"isolation":	{
					}
				}]
		}]
}
KEYINFO::2025-02-12.14:20:11::SCWPlatform::updated the xpfm file.
TRACE::2025-02-12.14:20:11::SCWPlatform::Trying to open the hw design at C:/Users/j54mao/ECE423/ECE-423-Labs/workspace/Assignment2_newest/hw/lab_prefab_wrapper_newest_lab2.xsa
TRACE::2025-02-12.14:20:11::SCWPlatform::DSA given C:/Users/j54mao/ECE423/ECE-423-Labs/workspace/Assignment2_newest/hw/lab_prefab_wrapper_newest_lab2.xsa
TRACE::2025-02-12.14:20:11::SCWPlatform::DSA absoulate path C:/Users/j54mao/ECE423/ECE-423-Labs/workspace/Assignment2_newest/hw/lab_prefab_wrapper_newest_lab2.xsa
TRACE::2025-02-12.14:20:11::SCWPlatform::DSA directory C:/Users/j54mao/ECE423/ECE-423-Labs/workspace/Assignment2_newest/hw
TRACE::2025-02-12.14:20:11::SCWPlatform:: Platform Path C:/Users/j54mao/ECE423/ECE-423-Labs/workspace/Assignment2_newest/hw/lab_prefab_wrapper_newest_lab2.xsa
TRACE::2025-02-12.14:20:11::SCWPlatform:: Unique name xilinx:pynq-z1::0.0
TRACE::2025-02-12.14:20:11::SCWPlatform::Trying to set the existing hwdb with name lab_prefab_wrapper_1
TRACE::2025-02-12.14:20:11::SCWPlatform::Opened existing hwdb lab_prefab_wrapper_1
TRACE::2025-02-12.14:20:11::SCWPlatform::Found the Hw Db part of the input DSA
TRACE::2025-02-12.14:20:11::SCWMssOS::Checking the sw design at  C:/Users/j54mao/ECE423/ECE-423-Labs/workspace/Assignment2_newest/ps7_cortexa9_0/standalone_domain/bsp/system.mss
TRACE::2025-02-12.14:20:11::SCWMssOS::DEBUG:  swdes dump  C:/Users/j54mao/ECE423/ECE-423-Labs/workspace/Assignment2_debugging/ps7_cortexa9_0/standalone_domain/bsp/system.mss|system_2||
C:/Users/j54mao/ECE423/ECE-423-Labs/workspace/Assignment2_debugging/zynq_fsbl/zynq_fsbl_bsp/system.mss|system_1||
C:/Users/j54mao/ECE423/ECE-423-Labs/workspace/Assignment2_newest/ps7_cortexa9_0/standalone_domain/bsp/system.mss|system_0||
C:/Users/j54mao/ECE423/ECE-423-Labs/workspace/Assignment2_newest/zynq_fsbl/zynq_fsbl_bsp/system.mss|system||
C:/Users/j54mao/ECE423/ECE-423-Labs/workspace/lab_prefab_wrapper/zynq_fsbl/zynq_fsbl_bsp/system.mss|system_3||

TRACE::2025-02-12.14:20:11::SCWMssOS::Sw design exists and opened at  C:/Users/j54mao/ECE423/ECE-423-Labs/workspace/Assignment2_newest/ps7_cortexa9_0/standalone_domain/bsp/system.mss
TRACE::2025-02-12.14:21:02::SCWPlatform::Trying to open the hw design at C:/Users/j54mao/ECE423/ECE-423-Labs/workspace/Assignment2_newest/hw/lab_prefab_wrapper_newest_lab2.xsa
TRACE::2025-02-12.14:21:02::SCWPlatform::DSA given C:/Users/j54mao/ECE423/ECE-423-Labs/workspace/Assignment2_newest/hw/lab_prefab_wrapper_newest_lab2.xsa
TRACE::2025-02-12.14:21:02::SCWPlatform::DSA absoulate path C:/Users/j54mao/ECE423/ECE-423-Labs/workspace/Assignment2_newest/hw/lab_prefab_wrapper_newest_lab2.xsa
TRACE::2025-02-12.14:21:02::SCWPlatform::DSA directory C:/Users/j54mao/ECE423/ECE-423-Labs/workspace/Assignment2_newest/hw
TRACE::2025-02-12.14:21:02::SCWPlatform:: Platform Path C:/Users/j54mao/ECE423/ECE-423-Labs/workspace/Assignment2_newest/hw/lab_prefab_wrapper_newest_lab2.xsa
TRACE::2025-02-12.14:21:02::SCWPlatform:: Unique name xilinx:pynq-z1::0.0
TRACE::2025-02-12.14:21:02::SCWPlatform::Trying to set the existing hwdb with name lab_prefab_wrapper_1
TRACE::2025-02-12.14:21:02::SCWPlatform::Opened existing hwdb lab_prefab_wrapper_1
TRACE::2025-02-12.14:21:02::SCWPlatform::Found the Hw Db part of the input DSA
TRACE::2025-02-12.14:21:02::SCWMssOS::Checking the sw design at  C:/Users/j54mao/ECE423/ECE-423-Labs/workspace/Assignment2_newest/ps7_cortexa9_0/standalone_domain/bsp/system.mss
TRACE::2025-02-12.14:21:02::SCWMssOS::DEBUG:  swdes dump  C:/Users/j54mao/ECE423/ECE-423-Labs/workspace/Assignment2_debugging/ps7_cortexa9_0/standalone_domain/bsp/system.mss|system_2||
C:/Users/j54mao/ECE423/ECE-423-Labs/workspace/Assignment2_debugging/zynq_fsbl/zynq_fsbl_bsp/system.mss|system_1||
C:/Users/j54mao/ECE423/ECE-423-Labs/workspace/Assignment2_newest/ps7_cortexa9_0/standalone_domain/bsp/system.mss|system_0||
C:/Users/j54mao/ECE423/ECE-423-Labs/workspace/Assignment2_newest/zynq_fsbl/zynq_fsbl_bsp/system.mss|system||
C:/Users/j54mao/ECE423/ECE-423-Labs/workspace/lab_prefab_wrapper/zynq_fsbl/zynq_fsbl_bsp/system.mss|system_3||

TRACE::2025-02-12.14:21:02::SCWMssOS::Sw design exists and opened at  C:/Users/j54mao/ECE423/ECE-423-Labs/workspace/Assignment2_newest/ps7_cortexa9_0/standalone_domain/bsp/system.mss
TRACE::2025-02-12.14:21:02::SCWMssOS::Completed writing the mss file at C:/Users/j54mao/ECE423/ECE-423-Labs/workspace/Assignment2_newest/ps7_cortexa9_0/standalone_domain/bsp
TRACE::2025-02-12.14:21:02::SCWMssOS::Forcing BSP Sources regeneration.
KEYINFO::2025-02-12.14:21:05::SCWMssOS::Removing file C:/Users/j54mao/ECE423/ECE-423-Labs/workspace/Assignment2_newest/ps7_cortexa9_0/standalone_domain/bsp\system_0.mss
TRACE::2025-02-12.14:21:10::SCWPlatform::Trying to open the hw design at C:/Users/j54mao/ECE423/ECE-423-Labs/workspace/Assignment2_newest/hw/lab_prefab_wrapper_newest_lab2.xsa
TRACE::2025-02-12.14:21:10::SCWPlatform::DSA given C:/Users/j54mao/ECE423/ECE-423-Labs/workspace/Assignment2_newest/hw/lab_prefab_wrapper_newest_lab2.xsa
TRACE::2025-02-12.14:21:10::SCWPlatform::DSA absoulate path C:/Users/j54mao/ECE423/ECE-423-Labs/workspace/Assignment2_newest/hw/lab_prefab_wrapper_newest_lab2.xsa
TRACE::2025-02-12.14:21:10::SCWPlatform::DSA directory C:/Users/j54mao/ECE423/ECE-423-Labs/workspace/Assignment2_newest/hw
TRACE::2025-02-12.14:21:10::SCWPlatform:: Platform Path C:/Users/j54mao/ECE423/ECE-423-Labs/workspace/Assignment2_newest/hw/lab_prefab_wrapper_newest_lab2.xsa
TRACE::2025-02-12.14:21:10::SCWPlatform:: Unique name xilinx:pynq-z1::0.0
TRACE::2025-02-12.14:21:10::SCWPlatform::Trying to set the existing hwdb with name lab_prefab_wrapper_1
TRACE::2025-02-12.14:21:10::SCWPlatform::Opened existing hwdb lab_prefab_wrapper_1
TRACE::2025-02-12.14:21:10::SCWPlatform::Found the Hw Db part of the input DSA
TRACE::2025-02-12.14:21:10::SCWMssOS::Checking the sw design at  C:/Users/j54mao/ECE423/ECE-423-Labs/workspace/Assignment2_newest/ps7_cortexa9_0/standalone_domain/bsp/system.mss
TRACE::2025-02-12.14:21:10::SCWMssOS::DEBUG:  swdes dump  C:/Users/j54mao/ECE423/ECE-423-Labs/workspace/Assignment2_debugging/ps7_cortexa9_0/standalone_domain/bsp/system.mss|system_2||
C:/Users/j54mao/ECE423/ECE-423-Labs/workspace/Assignment2_debugging/zynq_fsbl/zynq_fsbl_bsp/system.mss|system_1||
C:/Users/j54mao/ECE423/ECE-423-Labs/workspace/Assignment2_newest/zynq_fsbl/zynq_fsbl_bsp/system.mss|system||
C:/Users/j54mao/ECE423/ECE-423-Labs/workspace/lab_prefab_wrapper/zynq_fsbl/zynq_fsbl_bsp/system.mss|system_3||

TRACE::2025-02-12.14:21:10::SCWMssOS::No sw design opened at  C:/Users/j54mao/ECE423/ECE-423-Labs/workspace/Assignment2_newest/ps7_cortexa9_0/standalone_domain/bsp/system.mss
TRACE::2025-02-12.14:21:10::SCWMssOS::mss exists loading the mss file  C:/Users/j54mao/ECE423/ECE-423-Labs/workspace/Assignment2_newest/ps7_cortexa9_0/standalone_domain/bsp/system.mss
TRACE::2025-02-12.14:21:10::SCWMssOS::Opened the sw design from mss  C:/Users/j54mao/ECE423/ECE-423-Labs/workspace/Assignment2_newest/ps7_cortexa9_0/standalone_domain/bsp/system.mss
TRACE::2025-02-12.14:21:10::SCWMssOS::Adding the swdes entry C:/Users/j54mao/ECE423/ECE-423-Labs/workspace/Assignment2_newest/ps7_cortexa9_0/standalone_domain/bsp/system.mss with des name system_0
TRACE::2025-02-12.14:21:10::SCWMssOS::updating the scw layer about changes
TRACE::2025-02-12.14:21:10::SCWMssOS::Opened the sw design.  C:/Users/j54mao/ECE423/ECE-423-Labs/workspace/Assignment2_newest/ps7_cortexa9_0/standalone_domain/bsp/system.mss
TRACE::2025-02-12.14:21:12::SCWPlatform::Trying to open the hw design at C:/Users/j54mao/ECE423/ECE-423-Labs/workspace/Assignment2_newest/hw/lab_prefab_wrapper_newest_lab2.xsa
TRACE::2025-02-12.14:21:12::SCWPlatform::DSA given C:/Users/j54mao/ECE423/ECE-423-Labs/workspace/Assignment2_newest/hw/lab_prefab_wrapper_newest_lab2.xsa
TRACE::2025-02-12.14:21:12::SCWPlatform::DSA absoulate path C:/Users/j54mao/ECE423/ECE-423-Labs/workspace/Assignment2_newest/hw/lab_prefab_wrapper_newest_lab2.xsa
TRACE::2025-02-12.14:21:12::SCWPlatform::DSA directory C:/Users/j54mao/ECE423/ECE-423-Labs/workspace/Assignment2_newest/hw
TRACE::2025-02-12.14:21:12::SCWPlatform:: Platform Path C:/Users/j54mao/ECE423/ECE-423-Labs/workspace/Assignment2_newest/hw/lab_prefab_wrapper_newest_lab2.xsa
TRACE::2025-02-12.14:21:12::SCWPlatform:: Unique name xilinx:pynq-z1::0.0
TRACE::2025-02-12.14:21:12::SCWPlatform::Trying to set the existing hwdb with name lab_prefab_wrapper_1
TRACE::2025-02-12.14:21:12::SCWPlatform::Opened existing hwdb lab_prefab_wrapper_1
TRACE::2025-02-12.14:21:12::SCWPlatform::Found the Hw Db part of the input DSA
TRACE::2025-02-12.14:21:12::SCWMssOS::Checking the sw design at  C:/Users/j54mao/ECE423/ECE-423-Labs/workspace/Assignment2_newest/ps7_cortexa9_0/standalone_domain/bsp/system.mss
TRACE::2025-02-12.14:21:12::SCWMssOS::DEBUG:  swdes dump  C:/Users/j54mao/ECE423/ECE-423-Labs/workspace/Assignment2_debugging/ps7_cortexa9_0/standalone_domain/bsp/system.mss|system_2||
C:/Users/j54mao/ECE423/ECE-423-Labs/workspace/Assignment2_debugging/zynq_fsbl/zynq_fsbl_bsp/system.mss|system_1||
C:/Users/j54mao/ECE423/ECE-423-Labs/workspace/Assignment2_newest/ps7_cortexa9_0/standalone_domain/bsp/system.mss|system_0||
C:/Users/j54mao/ECE423/ECE-423-Labs/workspace/Assignment2_newest/zynq_fsbl/zynq_fsbl_bsp/system.mss|system||
C:/Users/j54mao/ECE423/ECE-423-Labs/workspace/lab_prefab_wrapper/zynq_fsbl/zynq_fsbl_bsp/system.mss|system_3||

TRACE::2025-02-12.14:21:12::SCWMssOS::Sw design exists and opened at  C:/Users/j54mao/ECE423/ECE-423-Labs/workspace/Assignment2_newest/ps7_cortexa9_0/standalone_domain/bsp/system.mss
TRACE::2025-02-12.14:21:12::SCWMssOS::Adding Library:  xilffs:4.7
TRACE::2025-02-12.14:21:12::SCWMssOS::Added Library:  xilffs
TRACE::2025-02-12.14:21:12::SCWPlatform::Trying to open the hw design at C:/Users/j54mao/ECE423/ECE-423-Labs/workspace/Assignment2_newest/hw/lab_prefab_wrapper_newest_lab2.xsa
TRACE::2025-02-12.14:21:12::SCWPlatform::DSA given C:/Users/j54mao/ECE423/ECE-423-Labs/workspace/Assignment2_newest/hw/lab_prefab_wrapper_newest_lab2.xsa
TRACE::2025-02-12.14:21:12::SCWPlatform::DSA absoulate path C:/Users/j54mao/ECE423/ECE-423-Labs/workspace/Assignment2_newest/hw/lab_prefab_wrapper_newest_lab2.xsa
TRACE::2025-02-12.14:21:12::SCWPlatform::DSA directory C:/Users/j54mao/ECE423/ECE-423-Labs/workspace/Assignment2_newest/hw
TRACE::2025-02-12.14:21:12::SCWPlatform:: Platform Path C:/Users/j54mao/ECE423/ECE-423-Labs/workspace/Assignment2_newest/hw/lab_prefab_wrapper_newest_lab2.xsa
TRACE::2025-02-12.14:21:12::SCWPlatform:: Unique name xilinx:pynq-z1::0.0
TRACE::2025-02-12.14:21:12::SCWPlatform::Trying to set the existing hwdb with name lab_prefab_wrapper_1
TRACE::2025-02-12.14:21:12::SCWPlatform::Opened existing hwdb lab_prefab_wrapper_1
TRACE::2025-02-12.14:21:12::SCWPlatform::Found the Hw Db part of the input DSA
TRACE::2025-02-12.14:21:12::SCWMssOS::Checking the sw design at  C:/Users/j54mao/ECE423/ECE-423-Labs/workspace/Assignment2_newest/ps7_cortexa9_0/standalone_domain/bsp/system.mss
TRACE::2025-02-12.14:21:12::SCWMssOS::DEBUG:  swdes dump  C:/Users/j54mao/ECE423/ECE-423-Labs/workspace/Assignment2_debugging/ps7_cortexa9_0/standalone_domain/bsp/system.mss|system_2||
C:/Users/j54mao/ECE423/ECE-423-Labs/workspace/Assignment2_debugging/zynq_fsbl/zynq_fsbl_bsp/system.mss|system_1||
C:/Users/j54mao/ECE423/ECE-423-Labs/workspace/Assignment2_newest/ps7_cortexa9_0/standalone_domain/bsp/system.mss|system_0||
C:/Users/j54mao/ECE423/ECE-423-Labs/workspace/Assignment2_newest/zynq_fsbl/zynq_fsbl_bsp/system.mss|system||
C:/Users/j54mao/ECE423/ECE-423-Labs/workspace/lab_prefab_wrapper/zynq_fsbl/zynq_fsbl_bsp/system.mss|system_3||

TRACE::2025-02-12.14:21:12::SCWMssOS::Sw design exists and opened at  C:/Users/j54mao/ECE423/ECE-423-Labs/workspace/Assignment2_newest/ps7_cortexa9_0/standalone_domain/bsp/system.mss
TRACE::2025-02-12.14:21:17::SCWPlatform::Trying to open the hw design at C:/Users/j54mao/ECE423/ECE-423-Labs/workspace/Assignment2_newest/hw/lab_prefab_wrapper_newest_lab2.xsa
TRACE::2025-02-12.14:21:17::SCWPlatform::DSA given C:/Users/j54mao/ECE423/ECE-423-Labs/workspace/Assignment2_newest/hw/lab_prefab_wrapper_newest_lab2.xsa
TRACE::2025-02-12.14:21:17::SCWPlatform::DSA absoulate path C:/Users/j54mao/ECE423/ECE-423-Labs/workspace/Assignment2_newest/hw/lab_prefab_wrapper_newest_lab2.xsa
TRACE::2025-02-12.14:21:17::SCWPlatform::DSA directory C:/Users/j54mao/ECE423/ECE-423-Labs/workspace/Assignment2_newest/hw
TRACE::2025-02-12.14:21:17::SCWPlatform:: Platform Path C:/Users/j54mao/ECE423/ECE-423-Labs/workspace/Assignment2_newest/hw/lab_prefab_wrapper_newest_lab2.xsa
TRACE::2025-02-12.14:21:17::SCWPlatform:: Unique name xilinx:pynq-z1::0.0
TRACE::2025-02-12.14:21:17::SCWPlatform::Trying to set the existing hwdb with name lab_prefab_wrapper_1
TRACE::2025-02-12.14:21:17::SCWPlatform::Opened existing hwdb lab_prefab_wrapper_1
TRACE::2025-02-12.14:21:17::SCWPlatform::Found the Hw Db part of the input DSA
TRACE::2025-02-12.14:21:17::SCWMssOS::Checking the sw design at  C:/Users/j54mao/ECE423/ECE-423-Labs/workspace/Assignment2_newest/ps7_cortexa9_0/standalone_domain/bsp/system.mss
TRACE::2025-02-12.14:21:17::SCWMssOS::DEBUG:  swdes dump  C:/Users/j54mao/ECE423/ECE-423-Labs/workspace/Assignment2_debugging/ps7_cortexa9_0/standalone_domain/bsp/system.mss|system_2||
C:/Users/j54mao/ECE423/ECE-423-Labs/workspace/Assignment2_debugging/zynq_fsbl/zynq_fsbl_bsp/system.mss|system_1||
C:/Users/j54mao/ECE423/ECE-423-Labs/workspace/Assignment2_newest/ps7_cortexa9_0/standalone_domain/bsp/system.mss|system_0||
C:/Users/j54mao/ECE423/ECE-423-Labs/workspace/Assignment2_newest/zynq_fsbl/zynq_fsbl_bsp/system.mss|system||
C:/Users/j54mao/ECE423/ECE-423-Labs/workspace/lab_prefab_wrapper/zynq_fsbl/zynq_fsbl_bsp/system.mss|system_3||

TRACE::2025-02-12.14:21:17::SCWMssOS::Sw design exists and opened at  C:/Users/j54mao/ECE423/ECE-423-Labs/workspace/Assignment2_newest/ps7_cortexa9_0/standalone_domain/bsp/system.mss
TRACE::2025-02-12.14:21:17::SCWPlatform::Trying to open the hw design at C:/Users/j54mao/ECE423/ECE-423-Labs/workspace/Assignment2_newest/hw/lab_prefab_wrapper_newest_lab2.xsa
TRACE::2025-02-12.14:21:17::SCWPlatform::DSA given C:/Users/j54mao/ECE423/ECE-423-Labs/workspace/Assignment2_newest/hw/lab_prefab_wrapper_newest_lab2.xsa
TRACE::2025-02-12.14:21:17::SCWPlatform::DSA absoulate path C:/Users/j54mao/ECE423/ECE-423-Labs/workspace/Assignment2_newest/hw/lab_prefab_wrapper_newest_lab2.xsa
TRACE::2025-02-12.14:21:17::SCWPlatform::DSA directory C:/Users/j54mao/ECE423/ECE-423-Labs/workspace/Assignment2_newest/hw
TRACE::2025-02-12.14:21:17::SCWPlatform:: Platform Path C:/Users/j54mao/ECE423/ECE-423-Labs/workspace/Assignment2_newest/hw/lab_prefab_wrapper_newest_lab2.xsa
TRACE::2025-02-12.14:21:17::SCWPlatform:: Unique name xilinx:pynq-z1::0.0
TRACE::2025-02-12.14:21:17::SCWPlatform::Trying to set the existing hwdb with name lab_prefab_wrapper_1
TRACE::2025-02-12.14:21:17::SCWPlatform::Opened existing hwdb lab_prefab_wrapper_1
TRACE::2025-02-12.14:21:17::SCWPlatform::Found the Hw Db part of the input DSA
TRACE::2025-02-12.14:21:17::SCWMssOS::Checking the sw design at  C:/Users/j54mao/ECE423/ECE-423-Labs/workspace/Assignment2_newest/ps7_cortexa9_0/standalone_domain/bsp/system.mss
TRACE::2025-02-12.14:21:17::SCWMssOS::DEBUG:  swdes dump  C:/Users/j54mao/ECE423/ECE-423-Labs/workspace/Assignment2_debugging/ps7_cortexa9_0/standalone_domain/bsp/system.mss|system_2||
C:/Users/j54mao/ECE423/ECE-423-Labs/workspace/Assignment2_debugging/zynq_fsbl/zynq_fsbl_bsp/system.mss|system_1||
C:/Users/j54mao/ECE423/ECE-423-Labs/workspace/Assignment2_newest/ps7_cortexa9_0/standalone_domain/bsp/system.mss|system_0||
C:/Users/j54mao/ECE423/ECE-423-Labs/workspace/Assignment2_newest/zynq_fsbl/zynq_fsbl_bsp/system.mss|system||
C:/Users/j54mao/ECE423/ECE-423-Labs/workspace/lab_prefab_wrapper/zynq_fsbl/zynq_fsbl_bsp/system.mss|system_3||

TRACE::2025-02-12.14:21:17::SCWMssOS::Sw design exists and opened at  C:/Users/j54mao/ECE423/ECE-423-Labs/workspace/Assignment2_newest/ps7_cortexa9_0/standalone_domain/bsp/system.mss
TRACE::2025-02-12.14:21:17::SCWPlatform::Trying to open the hw design at C:/Users/j54mao/ECE423/ECE-423-Labs/workspace/Assignment2_newest/hw/lab_prefab_wrapper_newest_lab2.xsa
TRACE::2025-02-12.14:21:17::SCWPlatform::DSA given C:/Users/j54mao/ECE423/ECE-423-Labs/workspace/Assignment2_newest/hw/lab_prefab_wrapper_newest_lab2.xsa
TRACE::2025-02-12.14:21:17::SCWPlatform::DSA absoulate path C:/Users/j54mao/ECE423/ECE-423-Labs/workspace/Assignment2_newest/hw/lab_prefab_wrapper_newest_lab2.xsa
TRACE::2025-02-12.14:21:17::SCWPlatform::DSA directory C:/Users/j54mao/ECE423/ECE-423-Labs/workspace/Assignment2_newest/hw
TRACE::2025-02-12.14:21:17::SCWPlatform:: Platform Path C:/Users/j54mao/ECE423/ECE-423-Labs/workspace/Assignment2_newest/hw/lab_prefab_wrapper_newest_lab2.xsa
TRACE::2025-02-12.14:21:17::SCWPlatform:: Unique name xilinx:pynq-z1::0.0
TRACE::2025-02-12.14:21:17::SCWPlatform::Trying to set the existing hwdb with name lab_prefab_wrapper_1
TRACE::2025-02-12.14:21:17::SCWPlatform::Opened existing hwdb lab_prefab_wrapper_1
TRACE::2025-02-12.14:21:17::SCWPlatform::Found the Hw Db part of the input DSA
TRACE::2025-02-12.14:21:17::SCWMssOS::Checking the sw design at  C:/Users/j54mao/ECE423/ECE-423-Labs/workspace/Assignment2_newest/ps7_cortexa9_0/standalone_domain/bsp/system.mss
TRACE::2025-02-12.14:21:17::SCWMssOS::DEBUG:  swdes dump  C:/Users/j54mao/ECE423/ECE-423-Labs/workspace/Assignment2_debugging/ps7_cortexa9_0/standalone_domain/bsp/system.mss|system_2||
C:/Users/j54mao/ECE423/ECE-423-Labs/workspace/Assignment2_debugging/zynq_fsbl/zynq_fsbl_bsp/system.mss|system_1||
C:/Users/j54mao/ECE423/ECE-423-Labs/workspace/Assignment2_newest/ps7_cortexa9_0/standalone_domain/bsp/system.mss|system_0||
C:/Users/j54mao/ECE423/ECE-423-Labs/workspace/Assignment2_newest/zynq_fsbl/zynq_fsbl_bsp/system.mss|system||
C:/Users/j54mao/ECE423/ECE-423-Labs/workspace/lab_prefab_wrapper/zynq_fsbl/zynq_fsbl_bsp/system.mss|system_3||

TRACE::2025-02-12.14:21:17::SCWMssOS::Sw design exists and opened at  C:/Users/j54mao/ECE423/ECE-423-Labs/workspace/Assignment2_newest/ps7_cortexa9_0/standalone_domain/bsp/system.mss
TRACE::2025-02-12.14:21:17::SCWPlatform::Trying to open the hw design at C:/Users/j54mao/ECE423/ECE-423-Labs/workspace/Assignment2_newest/hw/lab_prefab_wrapper_newest_lab2.xsa
TRACE::2025-02-12.14:21:17::SCWPlatform::DSA given C:/Users/j54mao/ECE423/ECE-423-Labs/workspace/Assignment2_newest/hw/lab_prefab_wrapper_newest_lab2.xsa
TRACE::2025-02-12.14:21:17::SCWPlatform::DSA absoulate path C:/Users/j54mao/ECE423/ECE-423-Labs/workspace/Assignment2_newest/hw/lab_prefab_wrapper_newest_lab2.xsa
TRACE::2025-02-12.14:21:17::SCWPlatform::DSA directory C:/Users/j54mao/ECE423/ECE-423-Labs/workspace/Assignment2_newest/hw
TRACE::2025-02-12.14:21:17::SCWPlatform:: Platform Path C:/Users/j54mao/ECE423/ECE-423-Labs/workspace/Assignment2_newest/hw/lab_prefab_wrapper_newest_lab2.xsa
TRACE::2025-02-12.14:21:17::SCWPlatform:: Unique name xilinx:pynq-z1::0.0
TRACE::2025-02-12.14:21:17::SCWPlatform::Trying to set the existing hwdb with name lab_prefab_wrapper_1
TRACE::2025-02-12.14:21:17::SCWPlatform::Opened existing hwdb lab_prefab_wrapper_1
TRACE::2025-02-12.14:21:17::SCWPlatform::Found the Hw Db part of the input DSA
TRACE::2025-02-12.14:21:17::SCWMssOS::Checking the sw design at  C:/Users/j54mao/ECE423/ECE-423-Labs/workspace/Assignment2_newest/ps7_cortexa9_0/standalone_domain/bsp/system.mss
TRACE::2025-02-12.14:21:17::SCWMssOS::DEBUG:  swdes dump  C:/Users/j54mao/ECE423/ECE-423-Labs/workspace/Assignment2_debugging/ps7_cortexa9_0/standalone_domain/bsp/system.mss|system_2||
C:/Users/j54mao/ECE423/ECE-423-Labs/workspace/Assignment2_debugging/zynq_fsbl/zynq_fsbl_bsp/system.mss|system_1||
C:/Users/j54mao/ECE423/ECE-423-Labs/workspace/Assignment2_newest/ps7_cortexa9_0/standalone_domain/bsp/system.mss|system_0||
C:/Users/j54mao/ECE423/ECE-423-Labs/workspace/Assignment2_newest/zynq_fsbl/zynq_fsbl_bsp/system.mss|system||
C:/Users/j54mao/ECE423/ECE-423-Labs/workspace/lab_prefab_wrapper/zynq_fsbl/zynq_fsbl_bsp/system.mss|system_3||

TRACE::2025-02-12.14:21:17::SCWMssOS::Sw design exists and opened at  C:/Users/j54mao/ECE423/ECE-423-Labs/workspace/Assignment2_newest/ps7_cortexa9_0/standalone_domain/bsp/system.mss
TRACE::2025-02-12.14:21:17::SCWPlatform::Trying to open the hw design at C:/Users/j54mao/ECE423/ECE-423-Labs/workspace/Assignment2_newest/hw/lab_prefab_wrapper_newest_lab2.xsa
TRACE::2025-02-12.14:21:17::SCWPlatform::DSA given C:/Users/j54mao/ECE423/ECE-423-Labs/workspace/Assignment2_newest/hw/lab_prefab_wrapper_newest_lab2.xsa
TRACE::2025-02-12.14:21:17::SCWPlatform::DSA absoulate path C:/Users/j54mao/ECE423/ECE-423-Labs/workspace/Assignment2_newest/hw/lab_prefab_wrapper_newest_lab2.xsa
TRACE::2025-02-12.14:21:17::SCWPlatform::DSA directory C:/Users/j54mao/ECE423/ECE-423-Labs/workspace/Assignment2_newest/hw
TRACE::2025-02-12.14:21:17::SCWPlatform:: Platform Path C:/Users/j54mao/ECE423/ECE-423-Labs/workspace/Assignment2_newest/hw/lab_prefab_wrapper_newest_lab2.xsa
TRACE::2025-02-12.14:21:17::SCWPlatform:: Unique name xilinx:pynq-z1::0.0
TRACE::2025-02-12.14:21:17::SCWPlatform::Trying to set the existing hwdb with name lab_prefab_wrapper_1
TRACE::2025-02-12.14:21:17::SCWPlatform::Opened existing hwdb lab_prefab_wrapper_1
TRACE::2025-02-12.14:21:17::SCWPlatform::Found the Hw Db part of the input DSA
TRACE::2025-02-12.14:21:17::SCWMssOS::Checking the sw design at  C:/Users/j54mao/ECE423/ECE-423-Labs/workspace/Assignment2_newest/ps7_cortexa9_0/standalone_domain/bsp/system.mss
TRACE::2025-02-12.14:21:17::SCWMssOS::DEBUG:  swdes dump  C:/Users/j54mao/ECE423/ECE-423-Labs/workspace/Assignment2_debugging/ps7_cortexa9_0/standalone_domain/bsp/system.mss|system_2||
C:/Users/j54mao/ECE423/ECE-423-Labs/workspace/Assignment2_debugging/zynq_fsbl/zynq_fsbl_bsp/system.mss|system_1||
C:/Users/j54mao/ECE423/ECE-423-Labs/workspace/Assignment2_newest/ps7_cortexa9_0/standalone_domain/bsp/system.mss|system_0||
C:/Users/j54mao/ECE423/ECE-423-Labs/workspace/Assignment2_newest/zynq_fsbl/zynq_fsbl_bsp/system.mss|system||
C:/Users/j54mao/ECE423/ECE-423-Labs/workspace/lab_prefab_wrapper/zynq_fsbl/zynq_fsbl_bsp/system.mss|system_3||

TRACE::2025-02-12.14:21:17::SCWMssOS::Sw design exists and opened at  C:/Users/j54mao/ECE423/ECE-423-Labs/workspace/Assignment2_newest/ps7_cortexa9_0/standalone_domain/bsp/system.mss
TRACE::2025-02-12.14:21:17::SCWPlatform::Trying to open the hw design at C:/Users/j54mao/ECE423/ECE-423-Labs/workspace/Assignment2_newest/hw/lab_prefab_wrapper_newest_lab2.xsa
TRACE::2025-02-12.14:21:17::SCWPlatform::DSA given C:/Users/j54mao/ECE423/ECE-423-Labs/workspace/Assignment2_newest/hw/lab_prefab_wrapper_newest_lab2.xsa
TRACE::2025-02-12.14:21:17::SCWPlatform::DSA absoulate path C:/Users/j54mao/ECE423/ECE-423-Labs/workspace/Assignment2_newest/hw/lab_prefab_wrapper_newest_lab2.xsa
TRACE::2025-02-12.14:21:17::SCWPlatform::DSA directory C:/Users/j54mao/ECE423/ECE-423-Labs/workspace/Assignment2_newest/hw
TRACE::2025-02-12.14:21:17::SCWPlatform:: Platform Path C:/Users/j54mao/ECE423/ECE-423-Labs/workspace/Assignment2_newest/hw/lab_prefab_wrapper_newest_lab2.xsa
TRACE::2025-02-12.14:21:17::SCWPlatform:: Unique name xilinx:pynq-z1::0.0
TRACE::2025-02-12.14:21:17::SCWPlatform::Trying to set the existing hwdb with name lab_prefab_wrapper_1
TRACE::2025-02-12.14:21:17::SCWPlatform::Opened existing hwdb lab_prefab_wrapper_1
TRACE::2025-02-12.14:21:17::SCWPlatform::Found the Hw Db part of the input DSA
TRACE::2025-02-12.14:21:17::SCWMssOS::Checking the sw design at  C:/Users/j54mao/ECE423/ECE-423-Labs/workspace/Assignment2_newest/ps7_cortexa9_0/standalone_domain/bsp/system.mss
TRACE::2025-02-12.14:21:17::SCWMssOS::DEBUG:  swdes dump  C:/Users/j54mao/ECE423/ECE-423-Labs/workspace/Assignment2_debugging/ps7_cortexa9_0/standalone_domain/bsp/system.mss|system_2||
C:/Users/j54mao/ECE423/ECE-423-Labs/workspace/Assignment2_debugging/zynq_fsbl/zynq_fsbl_bsp/system.mss|system_1||
C:/Users/j54mao/ECE423/ECE-423-Labs/workspace/Assignment2_newest/ps7_cortexa9_0/standalone_domain/bsp/system.mss|system_0||
C:/Users/j54mao/ECE423/ECE-423-Labs/workspace/Assignment2_newest/zynq_fsbl/zynq_fsbl_bsp/system.mss|system||
C:/Users/j54mao/ECE423/ECE-423-Labs/workspace/lab_prefab_wrapper/zynq_fsbl/zynq_fsbl_bsp/system.mss|system_3||

TRACE::2025-02-12.14:21:17::SCWMssOS::Sw design exists and opened at  C:/Users/j54mao/ECE423/ECE-423-Labs/workspace/Assignment2_newest/ps7_cortexa9_0/standalone_domain/bsp/system.mss
TRACE::2025-02-12.14:21:23::SCWPlatform::Trying to open the hw design at C:/Users/j54mao/ECE423/ECE-423-Labs/workspace/Assignment2_newest/hw/lab_prefab_wrapper_newest_lab2.xsa
TRACE::2025-02-12.14:21:23::SCWPlatform::DSA given C:/Users/j54mao/ECE423/ECE-423-Labs/workspace/Assignment2_newest/hw/lab_prefab_wrapper_newest_lab2.xsa
TRACE::2025-02-12.14:21:23::SCWPlatform::DSA absoulate path C:/Users/j54mao/ECE423/ECE-423-Labs/workspace/Assignment2_newest/hw/lab_prefab_wrapper_newest_lab2.xsa
TRACE::2025-02-12.14:21:23::SCWPlatform::DSA directory C:/Users/j54mao/ECE423/ECE-423-Labs/workspace/Assignment2_newest/hw
TRACE::2025-02-12.14:21:23::SCWPlatform:: Platform Path C:/Users/j54mao/ECE423/ECE-423-Labs/workspace/Assignment2_newest/hw/lab_prefab_wrapper_newest_lab2.xsa
TRACE::2025-02-12.14:21:23::SCWPlatform:: Unique name xilinx:pynq-z1::0.0
TRACE::2025-02-12.14:21:23::SCWPlatform::Trying to set the existing hwdb with name lab_prefab_wrapper_1
TRACE::2025-02-12.14:21:23::SCWPlatform::Opened existing hwdb lab_prefab_wrapper_1
TRACE::2025-02-12.14:21:23::SCWPlatform::Found the Hw Db part of the input DSA
TRACE::2025-02-12.14:21:23::SCWMssOS::Checking the sw design at  C:/Users/j54mao/ECE423/ECE-423-Labs/workspace/Assignment2_newest/ps7_cortexa9_0/standalone_domain/bsp/system.mss
TRACE::2025-02-12.14:21:23::SCWMssOS::DEBUG:  swdes dump  C:/Users/j54mao/ECE423/ECE-423-Labs/workspace/Assignment2_debugging/ps7_cortexa9_0/standalone_domain/bsp/system.mss|system_2||
C:/Users/j54mao/ECE423/ECE-423-Labs/workspace/Assignment2_debugging/zynq_fsbl/zynq_fsbl_bsp/system.mss|system_1||
C:/Users/j54mao/ECE423/ECE-423-Labs/workspace/Assignment2_newest/ps7_cortexa9_0/standalone_domain/bsp/system.mss|system_0||
C:/Users/j54mao/ECE423/ECE-423-Labs/workspace/Assignment2_newest/zynq_fsbl/zynq_fsbl_bsp/system.mss|system||
C:/Users/j54mao/ECE423/ECE-423-Labs/workspace/lab_prefab_wrapper/zynq_fsbl/zynq_fsbl_bsp/system.mss|system_3||

TRACE::2025-02-12.14:21:23::SCWMssOS::Sw design exists and opened at  C:/Users/j54mao/ECE423/ECE-423-Labs/workspace/Assignment2_newest/ps7_cortexa9_0/standalone_domain/bsp/system.mss
TRACE::2025-02-12.14:21:23::SCWPlatform::Trying to open the hw design at C:/Users/j54mao/ECE423/ECE-423-Labs/workspace/Assignment2_newest/hw/lab_prefab_wrapper_newest_lab2.xsa
TRACE::2025-02-12.14:21:23::SCWPlatform::DSA given C:/Users/j54mao/ECE423/ECE-423-Labs/workspace/Assignment2_newest/hw/lab_prefab_wrapper_newest_lab2.xsa
TRACE::2025-02-12.14:21:23::SCWPlatform::DSA absoulate path C:/Users/j54mao/ECE423/ECE-423-Labs/workspace/Assignment2_newest/hw/lab_prefab_wrapper_newest_lab2.xsa
TRACE::2025-02-12.14:21:23::SCWPlatform::DSA directory C:/Users/j54mao/ECE423/ECE-423-Labs/workspace/Assignment2_newest/hw
TRACE::2025-02-12.14:21:23::SCWPlatform:: Platform Path C:/Users/j54mao/ECE423/ECE-423-Labs/workspace/Assignment2_newest/hw/lab_prefab_wrapper_newest_lab2.xsa
TRACE::2025-02-12.14:21:23::SCWPlatform:: Unique name xilinx:pynq-z1::0.0
TRACE::2025-02-12.14:21:23::SCWPlatform::Trying to set the existing hwdb with name lab_prefab_wrapper_1
TRACE::2025-02-12.14:21:23::SCWPlatform::Opened existing hwdb lab_prefab_wrapper_1
TRACE::2025-02-12.14:21:23::SCWPlatform::Found the Hw Db part of the input DSA
TRACE::2025-02-12.14:21:23::SCWMssOS::Checking the sw design at  C:/Users/j54mao/ECE423/ECE-423-Labs/workspace/Assignment2_newest/ps7_cortexa9_0/standalone_domain/bsp/system.mss
TRACE::2025-02-12.14:21:23::SCWMssOS::DEBUG:  swdes dump  C:/Users/j54mao/ECE423/ECE-423-Labs/workspace/Assignment2_debugging/ps7_cortexa9_0/standalone_domain/bsp/system.mss|system_2||
C:/Users/j54mao/ECE423/ECE-423-Labs/workspace/Assignment2_debugging/zynq_fsbl/zynq_fsbl_bsp/system.mss|system_1||
C:/Users/j54mao/ECE423/ECE-423-Labs/workspace/Assignment2_newest/ps7_cortexa9_0/standalone_domain/bsp/system.mss|system_0||
C:/Users/j54mao/ECE423/ECE-423-Labs/workspace/Assignment2_newest/zynq_fsbl/zynq_fsbl_bsp/system.mss|system||
C:/Users/j54mao/ECE423/ECE-423-Labs/workspace/lab_prefab_wrapper/zynq_fsbl/zynq_fsbl_bsp/system.mss|system_3||

TRACE::2025-02-12.14:21:23::SCWMssOS::Sw design exists and opened at  C:/Users/j54mao/ECE423/ECE-423-Labs/workspace/Assignment2_newest/ps7_cortexa9_0/standalone_domain/bsp/system.mss
TRACE::2025-02-12.14:21:23::SCWPlatform::Trying to open the hw design at C:/Users/j54mao/ECE423/ECE-423-Labs/workspace/Assignment2_newest/hw/lab_prefab_wrapper_newest_lab2.xsa
TRACE::2025-02-12.14:21:23::SCWPlatform::DSA given C:/Users/j54mao/ECE423/ECE-423-Labs/workspace/Assignment2_newest/hw/lab_prefab_wrapper_newest_lab2.xsa
TRACE::2025-02-12.14:21:23::SCWPlatform::DSA absoulate path C:/Users/j54mao/ECE423/ECE-423-Labs/workspace/Assignment2_newest/hw/lab_prefab_wrapper_newest_lab2.xsa
TRACE::2025-02-12.14:21:23::SCWPlatform::DSA directory C:/Users/j54mao/ECE423/ECE-423-Labs/workspace/Assignment2_newest/hw
TRACE::2025-02-12.14:21:23::SCWPlatform:: Platform Path C:/Users/j54mao/ECE423/ECE-423-Labs/workspace/Assignment2_newest/hw/lab_prefab_wrapper_newest_lab2.xsa
TRACE::2025-02-12.14:21:23::SCWPlatform:: Unique name xilinx:pynq-z1::0.0
TRACE::2025-02-12.14:21:23::SCWPlatform::Trying to set the existing hwdb with name lab_prefab_wrapper_1
TRACE::2025-02-12.14:21:23::SCWPlatform::Opened existing hwdb lab_prefab_wrapper_1
TRACE::2025-02-12.14:21:23::SCWPlatform::Found the Hw Db part of the input DSA
TRACE::2025-02-12.14:21:23::SCWMssOS::Checking the sw design at  C:/Users/j54mao/ECE423/ECE-423-Labs/workspace/Assignment2_newest/ps7_cortexa9_0/standalone_domain/bsp/system.mss
TRACE::2025-02-12.14:21:23::SCWMssOS::DEBUG:  swdes dump  C:/Users/j54mao/ECE423/ECE-423-Labs/workspace/Assignment2_debugging/ps7_cortexa9_0/standalone_domain/bsp/system.mss|system_2||
C:/Users/j54mao/ECE423/ECE-423-Labs/workspace/Assignment2_debugging/zynq_fsbl/zynq_fsbl_bsp/system.mss|system_1||
C:/Users/j54mao/ECE423/ECE-423-Labs/workspace/Assignment2_newest/ps7_cortexa9_0/standalone_domain/bsp/system.mss|system_0||
C:/Users/j54mao/ECE423/ECE-423-Labs/workspace/Assignment2_newest/zynq_fsbl/zynq_fsbl_bsp/system.mss|system||
C:/Users/j54mao/ECE423/ECE-423-Labs/workspace/lab_prefab_wrapper/zynq_fsbl/zynq_fsbl_bsp/system.mss|system_3||

TRACE::2025-02-12.14:21:23::SCWMssOS::Sw design exists and opened at  C:/Users/j54mao/ECE423/ECE-423-Labs/workspace/Assignment2_newest/ps7_cortexa9_0/standalone_domain/bsp/system.mss
TRACE::2025-02-12.14:21:23::SCWPlatform::Trying to open the hw design at C:/Users/j54mao/ECE423/ECE-423-Labs/workspace/Assignment2_newest/hw/lab_prefab_wrapper_newest_lab2.xsa
TRACE::2025-02-12.14:21:23::SCWPlatform::DSA given C:/Users/j54mao/ECE423/ECE-423-Labs/workspace/Assignment2_newest/hw/lab_prefab_wrapper_newest_lab2.xsa
TRACE::2025-02-12.14:21:23::SCWPlatform::DSA absoulate path C:/Users/j54mao/ECE423/ECE-423-Labs/workspace/Assignment2_newest/hw/lab_prefab_wrapper_newest_lab2.xsa
TRACE::2025-02-12.14:21:23::SCWPlatform::DSA directory C:/Users/j54mao/ECE423/ECE-423-Labs/workspace/Assignment2_newest/hw
TRACE::2025-02-12.14:21:23::SCWPlatform:: Platform Path C:/Users/j54mao/ECE423/ECE-423-Labs/workspace/Assignment2_newest/hw/lab_prefab_wrapper_newest_lab2.xsa
TRACE::2025-02-12.14:21:23::SCWPlatform:: Unique name xilinx:pynq-z1::0.0
TRACE::2025-02-12.14:21:23::SCWPlatform::Trying to set the existing hwdb with name lab_prefab_wrapper_1
TRACE::2025-02-12.14:21:23::SCWPlatform::Opened existing hwdb lab_prefab_wrapper_1
TRACE::2025-02-12.14:21:23::SCWPlatform::Found the Hw Db part of the input DSA
TRACE::2025-02-12.14:21:23::SCWMssOS::Checking the sw design at  C:/Users/j54mao/ECE423/ECE-423-Labs/workspace/Assignment2_newest/ps7_cortexa9_0/standalone_domain/bsp/system.mss
TRACE::2025-02-12.14:21:23::SCWMssOS::DEBUG:  swdes dump  C:/Users/j54mao/ECE423/ECE-423-Labs/workspace/Assignment2_debugging/ps7_cortexa9_0/standalone_domain/bsp/system.mss|system_2||
C:/Users/j54mao/ECE423/ECE-423-Labs/workspace/Assignment2_debugging/zynq_fsbl/zynq_fsbl_bsp/system.mss|system_1||
C:/Users/j54mao/ECE423/ECE-423-Labs/workspace/Assignment2_newest/ps7_cortexa9_0/standalone_domain/bsp/system.mss|system_0||
C:/Users/j54mao/ECE423/ECE-423-Labs/workspace/Assignment2_newest/zynq_fsbl/zynq_fsbl_bsp/system.mss|system||
C:/Users/j54mao/ECE423/ECE-423-Labs/workspace/lab_prefab_wrapper/zynq_fsbl/zynq_fsbl_bsp/system.mss|system_3||

TRACE::2025-02-12.14:21:23::SCWMssOS::Sw design exists and opened at  C:/Users/j54mao/ECE423/ECE-423-Labs/workspace/Assignment2_newest/ps7_cortexa9_0/standalone_domain/bsp/system.mss
TRACE::2025-02-12.14:21:23::SCWPlatform::Trying to open the hw design at C:/Users/j54mao/ECE423/ECE-423-Labs/workspace/Assignment2_newest/hw/lab_prefab_wrapper_newest_lab2.xsa
TRACE::2025-02-12.14:21:23::SCWPlatform::DSA given C:/Users/j54mao/ECE423/ECE-423-Labs/workspace/Assignment2_newest/hw/lab_prefab_wrapper_newest_lab2.xsa
TRACE::2025-02-12.14:21:23::SCWPlatform::DSA absoulate path C:/Users/j54mao/ECE423/ECE-423-Labs/workspace/Assignment2_newest/hw/lab_prefab_wrapper_newest_lab2.xsa
TRACE::2025-02-12.14:21:23::SCWPlatform::DSA directory C:/Users/j54mao/ECE423/ECE-423-Labs/workspace/Assignment2_newest/hw
TRACE::2025-02-12.14:21:23::SCWPlatform:: Platform Path C:/Users/j54mao/ECE423/ECE-423-Labs/workspace/Assignment2_newest/hw/lab_prefab_wrapper_newest_lab2.xsa
TRACE::2025-02-12.14:21:23::SCWPlatform:: Unique name xilinx:pynq-z1::0.0
TRACE::2025-02-12.14:21:23::SCWPlatform::Trying to set the existing hwdb with name lab_prefab_wrapper_1
TRACE::2025-02-12.14:21:23::SCWPlatform::Opened existing hwdb lab_prefab_wrapper_1
TRACE::2025-02-12.14:21:23::SCWPlatform::Found the Hw Db part of the input DSA
TRACE::2025-02-12.14:21:23::SCWMssOS::Checking the sw design at  C:/Users/j54mao/ECE423/ECE-423-Labs/workspace/Assignment2_newest/ps7_cortexa9_0/standalone_domain/bsp/system.mss
TRACE::2025-02-12.14:21:23::SCWMssOS::DEBUG:  swdes dump  C:/Users/j54mao/ECE423/ECE-423-Labs/workspace/Assignment2_debugging/ps7_cortexa9_0/standalone_domain/bsp/system.mss|system_2||
C:/Users/j54mao/ECE423/ECE-423-Labs/workspace/Assignment2_debugging/zynq_fsbl/zynq_fsbl_bsp/system.mss|system_1||
C:/Users/j54mao/ECE423/ECE-423-Labs/workspace/Assignment2_newest/ps7_cortexa9_0/standalone_domain/bsp/system.mss|system_0||
C:/Users/j54mao/ECE423/ECE-423-Labs/workspace/Assignment2_newest/zynq_fsbl/zynq_fsbl_bsp/system.mss|system||
C:/Users/j54mao/ECE423/ECE-423-Labs/workspace/lab_prefab_wrapper/zynq_fsbl/zynq_fsbl_bsp/system.mss|system_3||

TRACE::2025-02-12.14:21:23::SCWMssOS::Sw design exists and opened at  C:/Users/j54mao/ECE423/ECE-423-Labs/workspace/Assignment2_newest/ps7_cortexa9_0/standalone_domain/bsp/system.mss
TRACE::2025-02-12.14:21:23::SCWPlatform::Trying to open the hw design at C:/Users/j54mao/ECE423/ECE-423-Labs/workspace/Assignment2_newest/hw/lab_prefab_wrapper_newest_lab2.xsa
TRACE::2025-02-12.14:21:23::SCWPlatform::DSA given C:/Users/j54mao/ECE423/ECE-423-Labs/workspace/Assignment2_newest/hw/lab_prefab_wrapper_newest_lab2.xsa
TRACE::2025-02-12.14:21:23::SCWPlatform::DSA absoulate path C:/Users/j54mao/ECE423/ECE-423-Labs/workspace/Assignment2_newest/hw/lab_prefab_wrapper_newest_lab2.xsa
TRACE::2025-02-12.14:21:23::SCWPlatform::DSA directory C:/Users/j54mao/ECE423/ECE-423-Labs/workspace/Assignment2_newest/hw
TRACE::2025-02-12.14:21:23::SCWPlatform:: Platform Path C:/Users/j54mao/ECE423/ECE-423-Labs/workspace/Assignment2_newest/hw/lab_prefab_wrapper_newest_lab2.xsa
TRACE::2025-02-12.14:21:23::SCWPlatform:: Unique name xilinx:pynq-z1::0.0
TRACE::2025-02-12.14:21:23::SCWPlatform::Trying to set the existing hwdb with name lab_prefab_wrapper_1
TRACE::2025-02-12.14:21:23::SCWPlatform::Opened existing hwdb lab_prefab_wrapper_1
TRACE::2025-02-12.14:21:23::SCWPlatform::Found the Hw Db part of the input DSA
TRACE::2025-02-12.14:21:23::SCWMssOS::Checking the sw design at  C:/Users/j54mao/ECE423/ECE-423-Labs/workspace/Assignment2_newest/ps7_cortexa9_0/standalone_domain/bsp/system.mss
TRACE::2025-02-12.14:21:23::SCWMssOS::DEBUG:  swdes dump  C:/Users/j54mao/ECE423/ECE-423-Labs/workspace/Assignment2_debugging/ps7_cortexa9_0/standalone_domain/bsp/system.mss|system_2||
C:/Users/j54mao/ECE423/ECE-423-Labs/workspace/Assignment2_debugging/zynq_fsbl/zynq_fsbl_bsp/system.mss|system_1||
C:/Users/j54mao/ECE423/ECE-423-Labs/workspace/Assignment2_newest/ps7_cortexa9_0/standalone_domain/bsp/system.mss|system_0||
C:/Users/j54mao/ECE423/ECE-423-Labs/workspace/Assignment2_newest/zynq_fsbl/zynq_fsbl_bsp/system.mss|system||
C:/Users/j54mao/ECE423/ECE-423-Labs/workspace/lab_prefab_wrapper/zynq_fsbl/zynq_fsbl_bsp/system.mss|system_3||

TRACE::2025-02-12.14:21:23::SCWMssOS::Sw design exists and opened at  C:/Users/j54mao/ECE423/ECE-423-Labs/workspace/Assignment2_newest/ps7_cortexa9_0/standalone_domain/bsp/system.mss
TRACE::2025-02-12.14:21:23::SCWMssOS::Saving the mss changes C:/Users/j54mao/ECE423/ECE-423-Labs/workspace/Assignment2_newest/zynq_fsbl/zynq_fsbl_bsp/system.mss
TRACE::2025-02-12.14:21:23::SCWMssOS::Found a swdesign opened with the mssfile.
TRACE::2025-02-12.14:21:23::SCWMssOS::Completed writemss as part of save.
TRACE::2025-02-12.14:21:23::SCWMssOS::Commit changes completed.
TRACE::2025-02-12.14:21:23::SCWMssOS::Saving the mss changes C:/Users/j54mao/ECE423/ECE-423-Labs/workspace/Assignment2_newest/ps7_cortexa9_0/standalone_domain/bsp/system.mss
TRACE::2025-02-12.14:21:23::SCWMssOS::Found a swdesign opened with the mssfile.
TRACE::2025-02-12.14:21:23::SCWMssOS::Completed writemss as part of save.
TRACE::2025-02-12.14:21:23::SCWMssOS::Commit changes completed.
TRACE::2025-02-12.14:21:23::SCWPlatform::Trying to open the hw design at C:/Users/j54mao/ECE423/ECE-423-Labs/workspace/Assignment2_newest/hw/lab_prefab_wrapper_newest_lab2.xsa
TRACE::2025-02-12.14:21:23::SCWPlatform::DSA given C:/Users/j54mao/ECE423/ECE-423-Labs/workspace/Assignment2_newest/hw/lab_prefab_wrapper_newest_lab2.xsa
TRACE::2025-02-12.14:21:23::SCWPlatform::DSA absoulate path C:/Users/j54mao/ECE423/ECE-423-Labs/workspace/Assignment2_newest/hw/lab_prefab_wrapper_newest_lab2.xsa
TRACE::2025-02-12.14:21:23::SCWPlatform::DSA directory C:/Users/j54mao/ECE423/ECE-423-Labs/workspace/Assignment2_newest/hw
TRACE::2025-02-12.14:21:23::SCWPlatform:: Platform Path C:/Users/j54mao/ECE423/ECE-423-Labs/workspace/Assignment2_newest/hw/lab_prefab_wrapper_newest_lab2.xsa
TRACE::2025-02-12.14:21:23::SCWPlatform:: Unique name xilinx:pynq-z1::0.0
TRACE::2025-02-12.14:21:23::SCWPlatform::Trying to set the existing hwdb with name lab_prefab_wrapper_1
TRACE::2025-02-12.14:21:23::SCWPlatform::Opened existing hwdb lab_prefab_wrapper_1
TRACE::2025-02-12.14:21:23::SCWPlatform::Found the Hw Db part of the input DSA
TRACE::2025-02-12.14:21:23::SCWMssOS::Checking the sw design at  C:/Users/j54mao/ECE423/ECE-423-Labs/workspace/Assignment2_newest/zynq_fsbl/zynq_fsbl_bsp/system.mss
TRACE::2025-02-12.14:21:23::SCWMssOS::DEBUG:  swdes dump  C:/Users/j54mao/ECE423/ECE-423-Labs/workspace/Assignment2_debugging/ps7_cortexa9_0/standalone_domain/bsp/system.mss|system_2||
C:/Users/j54mao/ECE423/ECE-423-Labs/workspace/Assignment2_debugging/zynq_fsbl/zynq_fsbl_bsp/system.mss|system_1||
C:/Users/j54mao/ECE423/ECE-423-Labs/workspace/Assignment2_newest/ps7_cortexa9_0/standalone_domain/bsp/system.mss|system_0||
C:/Users/j54mao/ECE423/ECE-423-Labs/workspace/Assignment2_newest/zynq_fsbl/zynq_fsbl_bsp/system.mss|system||
C:/Users/j54mao/ECE423/ECE-423-Labs/workspace/lab_prefab_wrapper/zynq_fsbl/zynq_fsbl_bsp/system.mss|system_3||

TRACE::2025-02-12.14:21:23::SCWMssOS::Sw design exists and opened at  C:/Users/j54mao/ECE423/ECE-423-Labs/workspace/Assignment2_newest/zynq_fsbl/zynq_fsbl_bsp/system.mss
TRACE::2025-02-12.14:21:23::SCWPlatform::Trying to open the hw design at C:/Users/j54mao/ECE423/ECE-423-Labs/workspace/Assignment2_newest/hw/lab_prefab_wrapper_newest_lab2.xsa
TRACE::2025-02-12.14:21:23::SCWPlatform::DSA given C:/Users/j54mao/ECE423/ECE-423-Labs/workspace/Assignment2_newest/hw/lab_prefab_wrapper_newest_lab2.xsa
TRACE::2025-02-12.14:21:23::SCWPlatform::DSA absoulate path C:/Users/j54mao/ECE423/ECE-423-Labs/workspace/Assignment2_newest/hw/lab_prefab_wrapper_newest_lab2.xsa
TRACE::2025-02-12.14:21:23::SCWPlatform::DSA directory C:/Users/j54mao/ECE423/ECE-423-Labs/workspace/Assignment2_newest/hw
TRACE::2025-02-12.14:21:23::SCWPlatform:: Platform Path C:/Users/j54mao/ECE423/ECE-423-Labs/workspace/Assignment2_newest/hw/lab_prefab_wrapper_newest_lab2.xsa
TRACE::2025-02-12.14:21:23::SCWPlatform:: Unique name xilinx:pynq-z1::0.0
TRACE::2025-02-12.14:21:23::SCWPlatform::Trying to set the existing hwdb with name lab_prefab_wrapper_1
TRACE::2025-02-12.14:21:23::SCWPlatform::Opened existing hwdb lab_prefab_wrapper_1
TRACE::2025-02-12.14:21:23::SCWPlatform::Found the Hw Db part of the input DSA
TRACE::2025-02-12.14:21:23::SCWMssOS::Checking the sw design at  C:/Users/j54mao/ECE423/ECE-423-Labs/workspace/Assignment2_newest/ps7_cortexa9_0/standalone_domain/bsp/system.mss
TRACE::2025-02-12.14:21:23::SCWMssOS::DEBUG:  swdes dump  C:/Users/j54mao/ECE423/ECE-423-Labs/workspace/Assignment2_debugging/ps7_cortexa9_0/standalone_domain/bsp/system.mss|system_2||
C:/Users/j54mao/ECE423/ECE-423-Labs/workspace/Assignment2_debugging/zynq_fsbl/zynq_fsbl_bsp/system.mss|system_1||
C:/Users/j54mao/ECE423/ECE-423-Labs/workspace/Assignment2_newest/ps7_cortexa9_0/standalone_domain/bsp/system.mss|system_0||
C:/Users/j54mao/ECE423/ECE-423-Labs/workspace/Assignment2_newest/zynq_fsbl/zynq_fsbl_bsp/system.mss|system||
C:/Users/j54mao/ECE423/ECE-423-Labs/workspace/lab_prefab_wrapper/zynq_fsbl/zynq_fsbl_bsp/system.mss|system_3||

TRACE::2025-02-12.14:21:23::SCWMssOS::Sw design exists and opened at  C:/Users/j54mao/ECE423/ECE-423-Labs/workspace/Assignment2_newest/ps7_cortexa9_0/standalone_domain/bsp/system.mss
TRACE::2025-02-12.14:21:23::SCWWriter::formatted JSON is {
	"platformName":	"Assignment2_newest",
	"sprVersion":	"2.0",
	"mode":	"gui",
	"dsaType":	"Fixed",
	"platformDesc":	"Assignment2_newest",
	"platHandOff":	"C:/Users/j54mao/ECE423/ECE-423-Labs/ece423_prefab/ece423_prefab/lab_prefab/lab_prefab_wrapper_newest_lab2.xsa",
	"platIntHandOff":	"<platformDir>/hw/lab_prefab_wrapper_newest_lab2.xsa",
	"deviceType":	"zynq",
	"platIsPrebuiltAutogen":	"false",
	"platIsNoBootBsp":	"false",
	"hasFsblMakeHasChanges":	"false",
	"hasPmufwMakeHasChanges":	"false",
	"fsblExtraCompilerFlags":	"-MMD -MP       -mcpu=cortex-a9 -mfpu=vfpv3 -mfloat-abi=hard ",
	"platPreBuiltFlag":	false,
	"platformSamplesDir":	"",
	"platActiveSys":	"Assignment2_newest",
	"systems":	[{
			"systemName":	"Assignment2_newest",
			"systemDesc":	"Assignment2_newest",
			"sysIsBootAutoGen":	"true",
			"systemDispName":	"Assignment2_newest",
			"sysActiveDom":	"standalone_domain",
			"sysDefaultDom":	"standalone_domain",
			"domains":	[{
					"domainName":	"zynq_fsbl",
					"domainDispName":	"zynq_fsbl",
					"domainDesc":	"FSBL Application BSP - Auto Generated.",
					"processors":	"ps7_cortexa9_0",
					"os":	"standalone",
					"sdxOs":	"standalone",
					"debugEnable":	"",
					"domRuntimes":	["cpp"],
					"swRepo":	"",
					"mssOsVer":	"7.7",
					"mssFile":	"",
					"md5Digest":	"9e73a1d664e6392758527307bae5c8a3",
					"compatibleApp":	"zynq_fsbl",
					"domType":	"bootDomain",
					"arch":	"32-bit",
					"appSettings":	{
						"appCompilerFlags":	"",
						"appLinkerFlags":	""
					},
					"addedLibs":	["xilffs:4.7", "xilrsa:1.6"],
					"libOptions":	{
						"xilffs":	{
							"enable_multi_partition":	"true",
							"num_logical_vol":	"10",
							"libOptionNames":	["enable_multi_partition", "num_logical_vol"]
						},
						"libsContainingOptions":	["xilffs"]
					},
					"prebuiltLibs":	{
						"prebuiltIncPath":	[],
						"prebuiltLibPath":	[]
					},
					"isolation":	{
					}
				}, {
					"domainName":	"standalone_domain",
					"domainDispName":	"standalone on ps7_cortexa9_0",
					"domainDesc":	"standalone_domain",
					"processors":	"ps7_cortexa9_0",
					"os":	"standalone",
					"sdxOs":	"standalone",
					"qemuArgs":	"<platformDir>/resources/Assignment2_newest/standalone_domain/qemu_args.txt",
					"qemuData":	"<platformDir>/resources/Assignment2_newest/standalone_domain/qemu",
					"debugEnable":	"False",
					"domRuntimes":	["cpp"],
					"swRepo":	"",
					"mssOsVer":	"7.7",
					"mssFile":	"",
					"md5Digest":	"90759cd7d17204249617ea3f07fde571",
					"compatibleApp":	"",
					"domType":	"mssDomain",
					"appSettings":	{
						"appCompilerFlags":	"",
						"appLinkerFlags":	""
					},
					"addedLibs":	["xilffs:4.7"],
					"libOptions":	{
						"xilffs":	{
							"enable_multi_partition":	"true",
							"num_logical_vol":	"10",
							"libOptionNames":	["enable_multi_partition", "num_logical_vol"]
						},
						"libsContainingOptions":	["xilffs"]
					},
					"prebuiltLibs":	{
						"prebuiltIncPath":	[],
						"prebuiltLibPath":	[]
					},
					"isolation":	{
					}
				}]
		}]
}
TRACE::2025-02-12.14:21:23::SCWMssOS::Saving the mss changes C:/Users/j54mao/ECE423/ECE-423-Labs/workspace/Assignment2_newest/ps7_cortexa9_0/standalone_domain/bsp/system.mss
TRACE::2025-02-12.14:21:23::SCWMssOS::Found a swdesign opened with the mssfile.
TRACE::2025-02-12.14:21:23::SCWMssOS::Completed writemss as part of save.
TRACE::2025-02-12.14:21:23::SCWMssOS::Commit changes completed.
TRACE::2025-02-12.14:21:23::SCWPlatform::Trying to open the hw design at C:/Users/j54mao/ECE423/ECE-423-Labs/workspace/Assignment2_newest/hw/lab_prefab_wrapper_newest_lab2.xsa
TRACE::2025-02-12.14:21:23::SCWPlatform::DSA given C:/Users/j54mao/ECE423/ECE-423-Labs/workspace/Assignment2_newest/hw/lab_prefab_wrapper_newest_lab2.xsa
TRACE::2025-02-12.14:21:23::SCWPlatform::DSA absoulate path C:/Users/j54mao/ECE423/ECE-423-Labs/workspace/Assignment2_newest/hw/lab_prefab_wrapper_newest_lab2.xsa
TRACE::2025-02-12.14:21:23::SCWPlatform::DSA directory C:/Users/j54mao/ECE423/ECE-423-Labs/workspace/Assignment2_newest/hw
TRACE::2025-02-12.14:21:23::SCWPlatform:: Platform Path C:/Users/j54mao/ECE423/ECE-423-Labs/workspace/Assignment2_newest/hw/lab_prefab_wrapper_newest_lab2.xsa
TRACE::2025-02-12.14:21:23::SCWPlatform:: Unique name xilinx:pynq-z1::0.0
TRACE::2025-02-12.14:21:23::SCWPlatform::Trying to set the existing hwdb with name lab_prefab_wrapper_1
TRACE::2025-02-12.14:21:23::SCWPlatform::Opened existing hwdb lab_prefab_wrapper_1
TRACE::2025-02-12.14:21:23::SCWPlatform::Found the Hw Db part of the input DSA
TRACE::2025-02-12.14:21:23::SCWMssOS::Checking the sw design at  C:/Users/j54mao/ECE423/ECE-423-Labs/workspace/Assignment2_newest/ps7_cortexa9_0/standalone_domain/bsp/system.mss
TRACE::2025-02-12.14:21:23::SCWMssOS::DEBUG:  swdes dump  C:/Users/j54mao/ECE423/ECE-423-Labs/workspace/Assignment2_debugging/ps7_cortexa9_0/standalone_domain/bsp/system.mss|system_2||
C:/Users/j54mao/ECE423/ECE-423-Labs/workspace/Assignment2_debugging/zynq_fsbl/zynq_fsbl_bsp/system.mss|system_1||
C:/Users/j54mao/ECE423/ECE-423-Labs/workspace/Assignment2_newest/ps7_cortexa9_0/standalone_domain/bsp/system.mss|system_0||
C:/Users/j54mao/ECE423/ECE-423-Labs/workspace/Assignment2_newest/zynq_fsbl/zynq_fsbl_bsp/system.mss|system||
C:/Users/j54mao/ECE423/ECE-423-Labs/workspace/lab_prefab_wrapper/zynq_fsbl/zynq_fsbl_bsp/system.mss|system_3||

TRACE::2025-02-12.14:21:23::SCWMssOS::Sw design exists and opened at  C:/Users/j54mao/ECE423/ECE-423-Labs/workspace/Assignment2_newest/ps7_cortexa9_0/standalone_domain/bsp/system.mss
TRACE::2025-02-12.14:21:23::SCWMssOS::Removing the swdes entry for  C:/Users/j54mao/ECE423/ECE-423-Labs/workspace/Assignment2_newest/ps7_cortexa9_0/standalone_domain/bsp/system.mss
TRACE::2025-02-12.14:21:27::SCWPlatform::Trying to open the hw design at C:/Users/j54mao/ECE423/ECE-423-Labs/workspace/Assignment2_newest/hw/lab_prefab_wrapper_newest_lab2.xsa
TRACE::2025-02-12.14:21:27::SCWPlatform::DSA given C:/Users/j54mao/ECE423/ECE-423-Labs/workspace/Assignment2_newest/hw/lab_prefab_wrapper_newest_lab2.xsa
TRACE::2025-02-12.14:21:27::SCWPlatform::DSA absoulate path C:/Users/j54mao/ECE423/ECE-423-Labs/workspace/Assignment2_newest/hw/lab_prefab_wrapper_newest_lab2.xsa
TRACE::2025-02-12.14:21:27::SCWPlatform::DSA directory C:/Users/j54mao/ECE423/ECE-423-Labs/workspace/Assignment2_newest/hw
TRACE::2025-02-12.14:21:27::SCWPlatform:: Platform Path C:/Users/j54mao/ECE423/ECE-423-Labs/workspace/Assignment2_newest/hw/lab_prefab_wrapper_newest_lab2.xsa
TRACE::2025-02-12.14:21:27::SCWPlatform:: Unique name xilinx:pynq-z1::0.0
TRACE::2025-02-12.14:21:27::SCWPlatform::Trying to set the existing hwdb with name lab_prefab_wrapper_1
TRACE::2025-02-12.14:21:27::SCWPlatform::Opened existing hwdb lab_prefab_wrapper_1
TRACE::2025-02-12.14:21:27::SCWPlatform::Found the Hw Db part of the input DSA
TRACE::2025-02-12.14:21:27::SCWMssOS::Checking the sw design at  C:/Users/j54mao/ECE423/ECE-423-Labs/workspace/Assignment2_newest/ps7_cortexa9_0/standalone_domain/bsp/system.mss
TRACE::2025-02-12.14:21:27::SCWMssOS::DEBUG:  swdes dump  C:/Users/j54mao/ECE423/ECE-423-Labs/workspace/Assignment2_debugging/ps7_cortexa9_0/standalone_domain/bsp/system.mss|system_2||
C:/Users/j54mao/ECE423/ECE-423-Labs/workspace/Assignment2_debugging/zynq_fsbl/zynq_fsbl_bsp/system.mss|system_1||
C:/Users/j54mao/ECE423/ECE-423-Labs/workspace/Assignment2_newest/zynq_fsbl/zynq_fsbl_bsp/system.mss|system||
C:/Users/j54mao/ECE423/ECE-423-Labs/workspace/lab_prefab_wrapper/zynq_fsbl/zynq_fsbl_bsp/system.mss|system_3||

TRACE::2025-02-12.14:21:27::SCWMssOS::No sw design opened at  C:/Users/j54mao/ECE423/ECE-423-Labs/workspace/Assignment2_newest/ps7_cortexa9_0/standalone_domain/bsp/system.mss
TRACE::2025-02-12.14:21:27::SCWMssOS::mss exists loading the mss file  C:/Users/j54mao/ECE423/ECE-423-Labs/workspace/Assignment2_newest/ps7_cortexa9_0/standalone_domain/bsp/system.mss
TRACE::2025-02-12.14:21:27::SCWMssOS::Opened the sw design from mss  C:/Users/j54mao/ECE423/ECE-423-Labs/workspace/Assignment2_newest/ps7_cortexa9_0/standalone_domain/bsp/system.mss
TRACE::2025-02-12.14:21:27::SCWMssOS::Adding the swdes entry C:/Users/j54mao/ECE423/ECE-423-Labs/workspace/Assignment2_newest/ps7_cortexa9_0/standalone_domain/bsp/system.mss with des name system_0
TRACE::2025-02-12.14:21:27::SCWMssOS::updating the scw layer about changes
TRACE::2025-02-12.14:21:27::SCWMssOS::Opened the sw design.  C:/Users/j54mao/ECE423/ECE-423-Labs/workspace/Assignment2_newest/ps7_cortexa9_0/standalone_domain/bsp/system.mss
TRACE::2025-02-12.14:21:31::SCWMssOS::Saving the mss changes C:/Users/j54mao/ECE423/ECE-423-Labs/workspace/Assignment2_newest/zynq_fsbl/zynq_fsbl_bsp/system.mss
TRACE::2025-02-12.14:21:31::SCWMssOS::Found a swdesign opened with the mssfile.
TRACE::2025-02-12.14:21:31::SCWMssOS::Completed writemss as part of save.
TRACE::2025-02-12.14:21:31::SCWMssOS::Commit changes completed.
TRACE::2025-02-12.14:21:31::SCWMssOS::Saving the mss changes C:/Users/j54mao/ECE423/ECE-423-Labs/workspace/Assignment2_newest/ps7_cortexa9_0/standalone_domain/bsp/system.mss
TRACE::2025-02-12.14:21:31::SCWMssOS::Found a swdesign opened with the mssfile.
TRACE::2025-02-12.14:21:31::SCWMssOS::Completed writemss as part of save.
TRACE::2025-02-12.14:21:31::SCWMssOS::Commit changes completed.
TRACE::2025-02-12.14:21:31::SCWPlatform::Trying to open the hw design at C:/Users/j54mao/ECE423/ECE-423-Labs/workspace/Assignment2_newest/hw/lab_prefab_wrapper_newest_lab2.xsa
TRACE::2025-02-12.14:21:31::SCWPlatform::DSA given C:/Users/j54mao/ECE423/ECE-423-Labs/workspace/Assignment2_newest/hw/lab_prefab_wrapper_newest_lab2.xsa
TRACE::2025-02-12.14:21:31::SCWPlatform::DSA absoulate path C:/Users/j54mao/ECE423/ECE-423-Labs/workspace/Assignment2_newest/hw/lab_prefab_wrapper_newest_lab2.xsa
TRACE::2025-02-12.14:21:31::SCWPlatform::DSA directory C:/Users/j54mao/ECE423/ECE-423-Labs/workspace/Assignment2_newest/hw
TRACE::2025-02-12.14:21:31::SCWPlatform:: Platform Path C:/Users/j54mao/ECE423/ECE-423-Labs/workspace/Assignment2_newest/hw/lab_prefab_wrapper_newest_lab2.xsa
TRACE::2025-02-12.14:21:31::SCWPlatform:: Unique name xilinx:pynq-z1::0.0
TRACE::2025-02-12.14:21:31::SCWPlatform::Trying to set the existing hwdb with name lab_prefab_wrapper_1
TRACE::2025-02-12.14:21:31::SCWPlatform::Opened existing hwdb lab_prefab_wrapper_1
TRACE::2025-02-12.14:21:31::SCWPlatform::Found the Hw Db part of the input DSA
TRACE::2025-02-12.14:21:31::SCWMssOS::Checking the sw design at  C:/Users/j54mao/ECE423/ECE-423-Labs/workspace/Assignment2_newest/zynq_fsbl/zynq_fsbl_bsp/system.mss
TRACE::2025-02-12.14:21:31::SCWMssOS::DEBUG:  swdes dump  C:/Users/j54mao/ECE423/ECE-423-Labs/workspace/Assignment2_debugging/ps7_cortexa9_0/standalone_domain/bsp/system.mss|system_2||
C:/Users/j54mao/ECE423/ECE-423-Labs/workspace/Assignment2_debugging/zynq_fsbl/zynq_fsbl_bsp/system.mss|system_1||
C:/Users/j54mao/ECE423/ECE-423-Labs/workspace/Assignment2_newest/ps7_cortexa9_0/standalone_domain/bsp/system.mss|system_0||
C:/Users/j54mao/ECE423/ECE-423-Labs/workspace/Assignment2_newest/zynq_fsbl/zynq_fsbl_bsp/system.mss|system||
C:/Users/j54mao/ECE423/ECE-423-Labs/workspace/lab_prefab_wrapper/zynq_fsbl/zynq_fsbl_bsp/system.mss|system_3||

TRACE::2025-02-12.14:21:31::SCWMssOS::Sw design exists and opened at  C:/Users/j54mao/ECE423/ECE-423-Labs/workspace/Assignment2_newest/zynq_fsbl/zynq_fsbl_bsp/system.mss
TRACE::2025-02-12.14:21:31::SCWPlatform::Trying to open the hw design at C:/Users/j54mao/ECE423/ECE-423-Labs/workspace/Assignment2_newest/hw/lab_prefab_wrapper_newest_lab2.xsa
TRACE::2025-02-12.14:21:31::SCWPlatform::DSA given C:/Users/j54mao/ECE423/ECE-423-Labs/workspace/Assignment2_newest/hw/lab_prefab_wrapper_newest_lab2.xsa
TRACE::2025-02-12.14:21:31::SCWPlatform::DSA absoulate path C:/Users/j54mao/ECE423/ECE-423-Labs/workspace/Assignment2_newest/hw/lab_prefab_wrapper_newest_lab2.xsa
TRACE::2025-02-12.14:21:31::SCWPlatform::DSA directory C:/Users/j54mao/ECE423/ECE-423-Labs/workspace/Assignment2_newest/hw
TRACE::2025-02-12.14:21:31::SCWPlatform:: Platform Path C:/Users/j54mao/ECE423/ECE-423-Labs/workspace/Assignment2_newest/hw/lab_prefab_wrapper_newest_lab2.xsa
TRACE::2025-02-12.14:21:31::SCWPlatform:: Unique name xilinx:pynq-z1::0.0
TRACE::2025-02-12.14:21:31::SCWPlatform::Trying to set the existing hwdb with name lab_prefab_wrapper_1
TRACE::2025-02-12.14:21:31::SCWPlatform::Opened existing hwdb lab_prefab_wrapper_1
TRACE::2025-02-12.14:21:31::SCWPlatform::Found the Hw Db part of the input DSA
TRACE::2025-02-12.14:21:31::SCWMssOS::Checking the sw design at  C:/Users/j54mao/ECE423/ECE-423-Labs/workspace/Assignment2_newest/ps7_cortexa9_0/standalone_domain/bsp/system.mss
TRACE::2025-02-12.14:21:31::SCWMssOS::DEBUG:  swdes dump  C:/Users/j54mao/ECE423/ECE-423-Labs/workspace/Assignment2_debugging/ps7_cortexa9_0/standalone_domain/bsp/system.mss|system_2||
C:/Users/j54mao/ECE423/ECE-423-Labs/workspace/Assignment2_debugging/zynq_fsbl/zynq_fsbl_bsp/system.mss|system_1||
C:/Users/j54mao/ECE423/ECE-423-Labs/workspace/Assignment2_newest/ps7_cortexa9_0/standalone_domain/bsp/system.mss|system_0||
C:/Users/j54mao/ECE423/ECE-423-Labs/workspace/Assignment2_newest/zynq_fsbl/zynq_fsbl_bsp/system.mss|system||
C:/Users/j54mao/ECE423/ECE-423-Labs/workspace/lab_prefab_wrapper/zynq_fsbl/zynq_fsbl_bsp/system.mss|system_3||

TRACE::2025-02-12.14:21:31::SCWMssOS::Sw design exists and opened at  C:/Users/j54mao/ECE423/ECE-423-Labs/workspace/Assignment2_newest/ps7_cortexa9_0/standalone_domain/bsp/system.mss
TRACE::2025-02-12.14:21:31::SCWWriter::formatted JSON is {
	"platformName":	"Assignment2_newest",
	"sprVersion":	"2.0",
	"mode":	"gui",
	"dsaType":	"Fixed",
	"platformDesc":	"Assignment2_newest",
	"platHandOff":	"C:/Users/j54mao/ECE423/ECE-423-Labs/ece423_prefab/ece423_prefab/lab_prefab/lab_prefab_wrapper_newest_lab2.xsa",
	"platIntHandOff":	"<platformDir>/hw/lab_prefab_wrapper_newest_lab2.xsa",
	"deviceType":	"zynq",
	"platIsPrebuiltAutogen":	"false",
	"platIsNoBootBsp":	"false",
	"hasFsblMakeHasChanges":	"false",
	"hasPmufwMakeHasChanges":	"false",
	"fsblExtraCompilerFlags":	"-MMD -MP       -mcpu=cortex-a9 -mfpu=vfpv3 -mfloat-abi=hard ",
	"platPreBuiltFlag":	false,
	"platformSamplesDir":	"",
	"platActiveSys":	"Assignment2_newest",
	"systems":	[{
			"systemName":	"Assignment2_newest",
			"systemDesc":	"Assignment2_newest",
			"sysIsBootAutoGen":	"true",
			"systemDispName":	"Assignment2_newest",
			"sysActiveDom":	"standalone_domain",
			"sysDefaultDom":	"standalone_domain",
			"domains":	[{
					"domainName":	"zynq_fsbl",
					"domainDispName":	"zynq_fsbl",
					"domainDesc":	"FSBL Application BSP - Auto Generated.",
					"processors":	"ps7_cortexa9_0",
					"os":	"standalone",
					"sdxOs":	"standalone",
					"debugEnable":	"",
					"domRuntimes":	["cpp"],
					"swRepo":	"",
					"mssOsVer":	"7.7",
					"mssFile":	"",
					"md5Digest":	"9e73a1d664e6392758527307bae5c8a3",
					"compatibleApp":	"zynq_fsbl",
					"domType":	"bootDomain",
					"arch":	"32-bit",
					"appSettings":	{
						"appCompilerFlags":	"",
						"appLinkerFlags":	""
					},
					"addedLibs":	["xilffs:4.7", "xilrsa:1.6"],
					"libOptions":	{
						"xilffs":	{
							"enable_multi_partition":	"true",
							"num_logical_vol":	"10",
							"libOptionNames":	["enable_multi_partition", "num_logical_vol"]
						},
						"libsContainingOptions":	["xilffs"]
					},
					"prebuiltLibs":	{
						"prebuiltIncPath":	[],
						"prebuiltLibPath":	[]
					},
					"isolation":	{
					}
				}, {
					"domainName":	"standalone_domain",
					"domainDispName":	"standalone on ps7_cortexa9_0",
					"domainDesc":	"standalone_domain",
					"processors":	"ps7_cortexa9_0",
					"os":	"standalone",
					"sdxOs":	"standalone",
					"qemuArgs":	"<platformDir>/resources/Assignment2_newest/standalone_domain/qemu_args.txt",
					"qemuData":	"<platformDir>/resources/Assignment2_newest/standalone_domain/qemu",
					"debugEnable":	"False",
					"domRuntimes":	["cpp"],
					"swRepo":	"",
					"mssOsVer":	"7.7",
					"mssFile":	"",
					"md5Digest":	"90759cd7d17204249617ea3f07fde571",
					"compatibleApp":	"",
					"domType":	"mssDomain",
					"appSettings":	{
						"appCompilerFlags":	"",
						"appLinkerFlags":	""
					},
					"addedLibs":	["xilffs:4.7"],
					"libOptions":	{
						"xilffs":	{
							"enable_multi_partition":	"true",
							"num_logical_vol":	"10",
							"libOptionNames":	["enable_multi_partition", "num_logical_vol"]
						},
						"libsContainingOptions":	["xilffs"]
					},
					"prebuiltLibs":	{
						"prebuiltIncPath":	[],
						"prebuiltLibPath":	[]
					},
					"isolation":	{
					}
				}]
		}]
}
TRACE::2025-02-12.14:21:31::SCWMssOS::Saving the mss changes C:/Users/j54mao/ECE423/ECE-423-Labs/workspace/Assignment2_newest/ps7_cortexa9_0/standalone_domain/bsp/system.mss
TRACE::2025-02-12.14:21:31::SCWMssOS::Found a swdesign opened with the mssfile.
TRACE::2025-02-12.14:21:31::SCWMssOS::Completed writemss as part of save.
TRACE::2025-02-12.14:21:31::SCWMssOS::Commit changes completed.
TRACE::2025-02-12.14:21:31::SCWPlatform::Trying to open the hw design at C:/Users/j54mao/ECE423/ECE-423-Labs/workspace/Assignment2_newest/hw/lab_prefab_wrapper_newest_lab2.xsa
TRACE::2025-02-12.14:21:31::SCWPlatform::DSA given C:/Users/j54mao/ECE423/ECE-423-Labs/workspace/Assignment2_newest/hw/lab_prefab_wrapper_newest_lab2.xsa
TRACE::2025-02-12.14:21:31::SCWPlatform::DSA absoulate path C:/Users/j54mao/ECE423/ECE-423-Labs/workspace/Assignment2_newest/hw/lab_prefab_wrapper_newest_lab2.xsa
TRACE::2025-02-12.14:21:31::SCWPlatform::DSA directory C:/Users/j54mao/ECE423/ECE-423-Labs/workspace/Assignment2_newest/hw
TRACE::2025-02-12.14:21:31::SCWPlatform:: Platform Path C:/Users/j54mao/ECE423/ECE-423-Labs/workspace/Assignment2_newest/hw/lab_prefab_wrapper_newest_lab2.xsa
TRACE::2025-02-12.14:21:31::SCWPlatform:: Unique name xilinx:pynq-z1::0.0
TRACE::2025-02-12.14:21:31::SCWPlatform::Trying to set the existing hwdb with name lab_prefab_wrapper_1
TRACE::2025-02-12.14:21:31::SCWPlatform::Opened existing hwdb lab_prefab_wrapper_1
TRACE::2025-02-12.14:21:31::SCWPlatform::Found the Hw Db part of the input DSA
TRACE::2025-02-12.14:21:31::SCWMssOS::Checking the sw design at  C:/Users/j54mao/ECE423/ECE-423-Labs/workspace/Assignment2_newest/ps7_cortexa9_0/standalone_domain/bsp/system.mss
TRACE::2025-02-12.14:21:31::SCWMssOS::DEBUG:  swdes dump  C:/Users/j54mao/ECE423/ECE-423-Labs/workspace/Assignment2_debugging/ps7_cortexa9_0/standalone_domain/bsp/system.mss|system_2||
C:/Users/j54mao/ECE423/ECE-423-Labs/workspace/Assignment2_debugging/zynq_fsbl/zynq_fsbl_bsp/system.mss|system_1||
C:/Users/j54mao/ECE423/ECE-423-Labs/workspace/Assignment2_newest/ps7_cortexa9_0/standalone_domain/bsp/system.mss|system_0||
C:/Users/j54mao/ECE423/ECE-423-Labs/workspace/Assignment2_newest/zynq_fsbl/zynq_fsbl_bsp/system.mss|system||
C:/Users/j54mao/ECE423/ECE-423-Labs/workspace/lab_prefab_wrapper/zynq_fsbl/zynq_fsbl_bsp/system.mss|system_3||

TRACE::2025-02-12.14:21:31::SCWMssOS::Sw design exists and opened at  C:/Users/j54mao/ECE423/ECE-423-Labs/workspace/Assignment2_newest/ps7_cortexa9_0/standalone_domain/bsp/system.mss
TRACE::2025-02-12.14:21:31::SCWMssOS::Removing the swdes entry for  C:/Users/j54mao/ECE423/ECE-423-Labs/workspace/Assignment2_newest/ps7_cortexa9_0/standalone_domain/bsp/system.mss
LOG::2025-02-12.14:21:38::SCWPlatform::Started generating the artifacts platform Assignment2_newest
TRACE::2025-02-12.14:21:38::SCWPlatform::Sanity checking of platform is completed
LOG::2025-02-12.14:21:38::SCWPlatform::Started generating the artifacts for system configuration Assignment2_newest
LOG::2025-02-12.14:21:38::SCWSystem::Checking the domain zynq_fsbl
LOG::2025-02-12.14:21:38::SCWSystem::Doing application build for :  zynq_fsbl
TRACE::2025-02-12.14:21:38::SCWBDomain::Not a forced makefile updation, No changes are present. 
TRACE::2025-02-12.14:21:38::SCWDomain::Skipping the build for domain :  zynq_fsbl
LOG::2025-02-12.14:21:38::SCWSystem::Checking the domain standalone_domain
LOG::2025-02-12.14:21:38::SCWSystem::Not a boot domain 
LOG::2025-02-12.14:21:38::SCWSystem::Started Processing the domain standalone_domain
TRACE::2025-02-12.14:21:38::SCWDomain::Generating domain artifcats
TRACE::2025-02-12.14:21:38::SCWMssOS::Generating standalone artifcats
TRACE::2025-02-12.14:21:38::SCWMssOS::Copying the qemu file from  C:/Users/j54mao/ECE423/ECE-423-Labs/workspace/Assignment2_newest/resources/Assignment2_newest/standalone_domain/qemu_args.txt To C:/Users/j54mao/ECE423/ECE-423-Labs/workspace/Assignment2_newest/export/Assignment2_newest/sw/Assignment2_newest/qemu/
TRACE::2025-02-12.14:21:38::SCWMssOS::Copying the qemu file from  C:/Users/j54mao/ECE423/ECE-423-Labs/workspace/Assignment2_newest/resources/Assignment2_newest/standalone_domain/qemu_args.txt To C:/Users/j54mao/ECE423/ECE-423-Labs/workspace/Assignment2_newest/export/Assignment2_newest/sw/Assignment2_newest/standalone_domain/qemu/
TRACE::2025-02-12.14:21:38::SCWMssOS:: Copying the user libraries. 
TRACE::2025-02-12.14:21:38::SCWPlatform::Trying to open the hw design at C:/Users/j54mao/ECE423/ECE-423-Labs/workspace/Assignment2_newest/hw/lab_prefab_wrapper_newest_lab2.xsa
TRACE::2025-02-12.14:21:38::SCWPlatform::DSA given C:/Users/j54mao/ECE423/ECE-423-Labs/workspace/Assignment2_newest/hw/lab_prefab_wrapper_newest_lab2.xsa
TRACE::2025-02-12.14:21:38::SCWPlatform::DSA absoulate path C:/Users/j54mao/ECE423/ECE-423-Labs/workspace/Assignment2_newest/hw/lab_prefab_wrapper_newest_lab2.xsa
TRACE::2025-02-12.14:21:38::SCWPlatform::DSA directory C:/Users/j54mao/ECE423/ECE-423-Labs/workspace/Assignment2_newest/hw
TRACE::2025-02-12.14:21:38::SCWPlatform:: Platform Path C:/Users/j54mao/ECE423/ECE-423-Labs/workspace/Assignment2_newest/hw/lab_prefab_wrapper_newest_lab2.xsa
TRACE::2025-02-12.14:21:38::SCWPlatform:: Unique name xilinx:pynq-z1::0.0
TRACE::2025-02-12.14:21:38::SCWPlatform::Trying to set the existing hwdb with name lab_prefab_wrapper_1
TRACE::2025-02-12.14:21:38::SCWPlatform::Opened existing hwdb lab_prefab_wrapper_1
TRACE::2025-02-12.14:21:38::SCWPlatform::Found the Hw Db part of the input DSA
TRACE::2025-02-12.14:21:38::SCWMssOS::Checking the sw design at  C:/Users/j54mao/ECE423/ECE-423-Labs/workspace/Assignment2_newest/ps7_cortexa9_0/standalone_domain/bsp/system.mss
TRACE::2025-02-12.14:21:38::SCWMssOS::DEBUG:  swdes dump  C:/Users/j54mao/ECE423/ECE-423-Labs/workspace/Assignment2_debugging/ps7_cortexa9_0/standalone_domain/bsp/system.mss|system_2||
C:/Users/j54mao/ECE423/ECE-423-Labs/workspace/Assignment2_debugging/zynq_fsbl/zynq_fsbl_bsp/system.mss|system_1||
C:/Users/j54mao/ECE423/ECE-423-Labs/workspace/Assignment2_newest/zynq_fsbl/zynq_fsbl_bsp/system.mss|system||
C:/Users/j54mao/ECE423/ECE-423-Labs/workspace/lab_prefab_wrapper/zynq_fsbl/zynq_fsbl_bsp/system.mss|system_3||

TRACE::2025-02-12.14:21:38::SCWMssOS::No sw design opened at  C:/Users/j54mao/ECE423/ECE-423-Labs/workspace/Assignment2_newest/ps7_cortexa9_0/standalone_domain/bsp/system.mss
TRACE::2025-02-12.14:21:38::SCWMssOS::mss exists loading the mss file  C:/Users/j54mao/ECE423/ECE-423-Labs/workspace/Assignment2_newest/ps7_cortexa9_0/standalone_domain/bsp/system.mss
TRACE::2025-02-12.14:21:38::SCWMssOS::Opened the sw design from mss  C:/Users/j54mao/ECE423/ECE-423-Labs/workspace/Assignment2_newest/ps7_cortexa9_0/standalone_domain/bsp/system.mss
TRACE::2025-02-12.14:21:38::SCWMssOS::Adding the swdes entry C:/Users/j54mao/ECE423/ECE-423-Labs/workspace/Assignment2_newest/ps7_cortexa9_0/standalone_domain/bsp/system.mss with des name system_0
TRACE::2025-02-12.14:21:38::SCWMssOS::updating the scw layer about changes
TRACE::2025-02-12.14:21:38::SCWMssOS::Opened the sw design.  C:/Users/j54mao/ECE423/ECE-423-Labs/workspace/Assignment2_newest/ps7_cortexa9_0/standalone_domain/bsp/system.mss
TRACE::2025-02-12.14:21:38::SCWMssOS::Completed writing the mss file at C:/Users/j54mao/ECE423/ECE-423-Labs/workspace/Assignment2_newest/ps7_cortexa9_0/standalone_domain/bsp
TRACE::2025-02-12.14:21:38::SCWMssOS::Mss edits present, copying mssfile into export location C:/Users/j54mao/ECE423/ECE-423-Labs/workspace/Assignment2_newest/ps7_cortexa9_0/standalone_domain/bsp/system.mss
TRACE::2025-02-12.14:21:38::SCWMssOS::bsp generated is stale removing and regenerating. 
TRACE::2025-02-12.14:21:41::SCWMssOS::doing bsp build ... 
TRACE::2025-02-12.14:21:41::SCWMssOS::System Command Ran  C: & cd  C:/Users/j54mao/ECE423/ECE-423-Labs/workspace/Assignment2_newest/ps7_cortexa9_0/standalone_domain/bsp & make 
TRACE::2025-02-12.14:21:41::SCWMssOS::make --no-print-directory seq_libs

TRACE::2025-02-12.14:21:41::SCWMssOS::'Finished building libraries sequentially.'

TRACE::2025-02-12.14:21:41::SCWMssOS::make -j 2 --no-print-directory par_libs

TRACE::2025-02-12.14:21:42::SCWMssOS::"Running Make include in ps7_cortexa9_0/libsrc/axidma_v9_14/src"

TRACE::2025-02-12.14:21:42::SCWMssOS::make -C ps7_cortexa9_0/libsrc/axidma_v9_14/src -s include  "SHELL=CMD" "COMPILER=arm-none-eabi-gcc" "ASSEMBLER=arm-none-eabi-as
TRACE::2025-02-12.14:21:42::SCWMssOS::" "ARCHIVER=arm-none-eabi-ar" "COMPILER_FLAGS=  -O2 -c" "EXTRA_COMPILER_FLAGS=-mcpu=cortex-a9 -mfpu=vfpv3 -mfloat-abi=hard -nos
TRACE::2025-02-12.14:21:42::SCWMssOS::tartfiles -g -Wall -Wextra -fno-tree-loop-distribute-patterns"

TRACE::2025-02-12.14:21:42::SCWMssOS::"Running Make include in ps7_cortexa9_0/libsrc/axivdma_v6_11/src"

TRACE::2025-02-12.14:21:42::SCWMssOS::make -C ps7_cortexa9_0/libsrc/axivdma_v6_11/src -s include  "SHELL=CMD" "COMPILER=arm-none-eabi-gcc" "ASSEMBLER=arm-none-eabi-a
TRACE::2025-02-12.14:21:42::SCWMssOS::s" "ARCHIVER=arm-none-eabi-ar" "COMPILER_FLAGS=  -O2 -c" "EXTRA_COMPILER_FLAGS=-mcpu=cortex-a9 -mfpu=vfpv3 -mfloat-abi=hard -no
TRACE::2025-02-12.14:21:42::SCWMssOS::startfiles -g -Wall -Wextra -fno-tree-loop-distribute-patterns"

TRACE::2025-02-12.14:21:42::SCWMssOS::"Running Make include in ps7_cortexa9_0/libsrc/coresightps_dcc_v1_8/src"

TRACE::2025-02-12.14:21:42::SCWMssOS::make -C ps7_cortexa9_0/libsrc/coresightps_dcc_v1_8/src -s include  "SHELL=CMD" "COMPILER=arm-none-eabi-gcc" "ASSEMBLER=arm-none
TRACE::2025-02-12.14:21:42::SCWMssOS::-eabi-as" "ARCHIVER=arm-none-eabi-ar" "COMPILER_FLAGS=  -O2 -c" "EXTRA_COMPILER_FLAGS=-mcpu=cortex-a9 -mfpu=vfpv3 -mfloat-abi=h
TRACE::2025-02-12.14:21:42::SCWMssOS::ard -nostartfiles -g -Wall -Wextra -fno-tree-loop-distribute-patterns"

TRACE::2025-02-12.14:21:42::SCWMssOS::"Running Make include in ps7_cortexa9_0/libsrc/cpu_cortexa9_v2_11/src"

TRACE::2025-02-12.14:21:42::SCWMssOS::make -C ps7_cortexa9_0/libsrc/cpu_cortexa9_v2_11/src -s include  "SHELL=CMD" "COMPILER=arm-none-eabi-gcc" "ASSEMBLER=arm-none-e
TRACE::2025-02-12.14:21:42::SCWMssOS::abi-as" "ARCHIVER=arm-none-eabi-ar" "COMPILER_FLAGS=  -O2 -c" "EXTRA_COMPILER_FLAGS=-mcpu=cortex-a9 -mfpu=vfpv3 -mfloat-abi=har
TRACE::2025-02-12.14:21:42::SCWMssOS::d -nostartfiles -g -Wall -Wextra -fno-tree-loop-distribute-patterns"

TRACE::2025-02-12.14:21:42::SCWMssOS::"Running Make include in ps7_cortexa9_0/libsrc/ddrps_v1_2/src"

TRACE::2025-02-12.14:21:42::SCWMssOS::make -C ps7_cortexa9_0/libsrc/ddrps_v1_2/src -s include  "SHELL=CMD" "COMPILER=arm-none-eabi-gcc" "ASSEMBLER=arm-none-eabi-as" 
TRACE::2025-02-12.14:21:42::SCWMssOS::"ARCHIVER=arm-none-eabi-ar" "COMPILER_FLAGS=  -O2 -c" "EXTRA_COMPILER_FLAGS=-mcpu=cortex-a9 -mfpu=vfpv3 -mfloat-abi=hard -nosta
TRACE::2025-02-12.14:21:42::SCWMssOS::rtfiles -g -Wall -Wextra -fno-tree-loop-distribute-patterns"

TRACE::2025-02-12.14:21:42::SCWMssOS::"Running Make include in ps7_cortexa9_0/libsrc/devcfg_v3_7/src"

TRACE::2025-02-12.14:21:42::SCWMssOS::make -C ps7_cortexa9_0/libsrc/devcfg_v3_7/src -s include  "SHELL=CMD" "COMPILER=arm-none-eabi-gcc" "ASSEMBLER=arm-none-eabi-as"
TRACE::2025-02-12.14:21:42::SCWMssOS:: "ARCHIVER=arm-none-eabi-ar" "COMPILER_FLAGS=  -O2 -c" "EXTRA_COMPILER_FLAGS=-mcpu=cortex-a9 -mfpu=vfpv3 -mfloat-abi=hard -nost
TRACE::2025-02-12.14:21:42::SCWMssOS::artfiles -g -Wall -Wextra -fno-tree-loop-distribute-patterns"

TRACE::2025-02-12.14:21:42::SCWMssOS::"Running Make include in ps7_cortexa9_0/libsrc/dmaps_v2_8/src"

TRACE::2025-02-12.14:21:42::SCWMssOS::"Running Make include in ps7_cortexa9_0/libsrc/emacps_v3_16/src"

TRACE::2025-02-12.14:21:42::SCWMssOS::make -C ps7_cortexa9_0/libsrc/dmaps_v2_8/src -s include  "SHELL=CMD" "COMPILER=arm-none-eabi-gcc" "ASSEMBLER=arm-none-eabi-as" 
TRACE::2025-02-12.14:21:42::SCWMssOS::"ARCHIVER=arm-none-eabi-ar" "COMPILER_FLAGS=  -O2 -c" "EXTRA_COMPILER_FLAGS=-mcpu=cortex-a9 -mfpu=vfpv3 -mfloat-abi=hard -nosta
TRACE::2025-02-12.14:21:42::SCWMssOS::rtfiles -g -Wall -Wextra -fno-tree-loop-distribute-patterns"

TRACE::2025-02-12.14:21:42::SCWMssOS::make -C ps7_cortexa9_0/libsrc/emacps_v3_16/src -s include  "SHELL=CMD" "COMPILER=arm-none-eabi-gcc" "ASSEMBLER=arm-none-eabi-as
TRACE::2025-02-12.14:21:42::SCWMssOS::" "ARCHIVER=arm-none-eabi-ar" "COMPILER_FLAGS=  -O2 -c" "EXTRA_COMPILER_FLAGS=-mcpu=cortex-a9 -mfpu=vfpv3 -mfloat-abi=hard -nos
TRACE::2025-02-12.14:21:42::SCWMssOS::tartfiles -g -Wall -Wextra -fno-tree-loop-distribute-patterns"

TRACE::2025-02-12.14:21:43::SCWMssOS::"Running Make include in ps7_cortexa9_0/libsrc/gpiops_v3_9/src"

TRACE::2025-02-12.14:21:43::SCWMssOS::make -C ps7_cortexa9_0/libsrc/gpiops_v3_9/src -s include  "SHELL=CMD" "COMPILER=arm-none-eabi-gcc" "ASSEMBLER=arm-none-eabi-as"
TRACE::2025-02-12.14:21:43::SCWMssOS:: "ARCHIVER=arm-none-eabi-ar" "COMPILER_FLAGS=  -O2 -c" "EXTRA_COMPILER_FLAGS=-mcpu=cortex-a9 -mfpu=vfpv3 -mfloat-abi=hard -nost
TRACE::2025-02-12.14:21:43::SCWMssOS::artfiles -g -Wall -Wextra -fno-tree-loop-distribute-patterns"

TRACE::2025-02-12.14:21:43::SCWMssOS::"Running Make include in ps7_cortexa9_0/libsrc/iicps_v3_15/src"

TRACE::2025-02-12.14:21:43::SCWMssOS::make -C ps7_cortexa9_0/libsrc/iicps_v3_15/src -s include  "SHELL=CMD" "COMPILER=arm-none-eabi-gcc" "ASSEMBLER=arm-none-eabi-as"
TRACE::2025-02-12.14:21:43::SCWMssOS:: "ARCHIVER=arm-none-eabi-ar" "COMPILER_FLAGS=  -O2 -c" "EXTRA_COMPILER_FLAGS=-mcpu=cortex-a9 -mfpu=vfpv3 -mfloat-abi=hard -nost
TRACE::2025-02-12.14:21:43::SCWMssOS::artfiles -g -Wall -Wextra -fno-tree-loop-distribute-patterns"

TRACE::2025-02-12.14:21:43::SCWMssOS::"Running Make include in ps7_cortexa9_0/libsrc/qspips_v3_9/src"

TRACE::2025-02-12.14:21:43::SCWMssOS::make -C ps7_cortexa9_0/libsrc/qspips_v3_9/src -s include  "SHELL=CMD" "COMPILER=arm-none-eabi-gcc" "ASSEMBLER=arm-none-eabi-as"
TRACE::2025-02-12.14:21:43::SCWMssOS:: "ARCHIVER=arm-none-eabi-ar" "COMPILER_FLAGS=  -O2 -c" "EXTRA_COMPILER_FLAGS=-mcpu=cortex-a9 -mfpu=vfpv3 -mfloat-abi=hard -nost
TRACE::2025-02-12.14:21:43::SCWMssOS::artfiles -g -Wall -Wextra -fno-tree-loop-distribute-patterns"

TRACE::2025-02-12.14:21:43::SCWMssOS::"Running Make include in ps7_cortexa9_0/libsrc/scugic_v4_7/src"

TRACE::2025-02-12.14:21:43::SCWMssOS::make -C ps7_cortexa9_0/libsrc/scugic_v4_7/src -s include  "SHELL=CMD" "COMPILER=arm-none-eabi-gcc" "ASSEMBLER=arm-none-eabi-as"
TRACE::2025-02-12.14:21:43::SCWMssOS:: "ARCHIVER=arm-none-eabi-ar" "COMPILER_FLAGS=  -O2 -c" "EXTRA_COMPILER_FLAGS=-mcpu=cortex-a9 -mfpu=vfpv3 -mfloat-abi=hard -nost
TRACE::2025-02-12.14:21:43::SCWMssOS::artfiles -g -Wall -Wextra -fno-tree-loop-distribute-patterns"

TRACE::2025-02-12.14:21:43::SCWMssOS::"Running Make include in ps7_cortexa9_0/libsrc/scutimer_v2_4/src"

TRACE::2025-02-12.14:21:43::SCWMssOS::make -C ps7_cortexa9_0/libsrc/scutimer_v2_4/src -s include  "SHELL=CMD" "COMPILER=arm-none-eabi-gcc" "ASSEMBLER=arm-none-eabi-a
TRACE::2025-02-12.14:21:43::SCWMssOS::s" "ARCHIVER=arm-none-eabi-ar" "COMPILER_FLAGS=  -O2 -c" "EXTRA_COMPILER_FLAGS=-mcpu=cortex-a9 -mfpu=vfpv3 -mfloat-abi=hard -no
TRACE::2025-02-12.14:21:43::SCWMssOS::startfiles -g -Wall -Wextra -fno-tree-loop-distribute-patterns"

TRACE::2025-02-12.14:21:43::SCWMssOS::"Running Make include in ps7_cortexa9_0/libsrc/scuwdt_v2_4/src"

TRACE::2025-02-12.14:21:43::SCWMssOS::make -C ps7_cortexa9_0/libsrc/scuwdt_v2_4/src -s include  "SHELL=CMD" "COMPILER=arm-none-eabi-gcc" "ASSEMBLER=arm-none-eabi-as"
TRACE::2025-02-12.14:21:43::SCWMssOS:: "ARCHIVER=arm-none-eabi-ar" "COMPILER_FLAGS=  -O2 -c" "EXTRA_COMPILER_FLAGS=-mcpu=cortex-a9 -mfpu=vfpv3 -mfloat-abi=hard -nost
TRACE::2025-02-12.14:21:43::SCWMssOS::artfiles -g -Wall -Wextra -fno-tree-loop-distribute-patterns"

TRACE::2025-02-12.14:21:44::SCWMssOS::"Running Make include in ps7_cortexa9_0/libsrc/sdps_v3_14/src"

TRACE::2025-02-12.14:21:44::SCWMssOS::make -C ps7_cortexa9_0/libsrc/sdps_v3_14/src -s include  "SHELL=CMD" "COMPILER=arm-none-eabi-gcc" "ASSEMBLER=arm-none-eabi-as" 
TRACE::2025-02-12.14:21:44::SCWMssOS::"ARCHIVER=arm-none-eabi-ar" "COMPILER_FLAGS=  -O2 -c" "EXTRA_COMPILER_FLAGS=-mcpu=cortex-a9 -mfpu=vfpv3 -mfloat-abi=hard -nosta
TRACE::2025-02-12.14:21:44::SCWMssOS::rtfiles -g -Wall -Wextra -fno-tree-loop-distribute-patterns"

TRACE::2025-02-12.14:21:44::SCWMssOS::"Running Make include in ps7_cortexa9_0/libsrc/standalone_v7_7/src"

TRACE::2025-02-12.14:21:44::SCWMssOS::make -C ps7_cortexa9_0/libsrc/standalone_v7_7/src -s include  "SHELL=CMD" "COMPILER=arm-none-eabi-gcc" "ASSEMBLER=arm-none-eabi
TRACE::2025-02-12.14:21:44::SCWMssOS::-as" "ARCHIVER=arm-none-eabi-ar" "COMPILER_FLAGS=  -O2 -c" "EXTRA_COMPILER_FLAGS=-mcpu=cortex-a9 -mfpu=vfpv3 -mfloat-abi=hard -
TRACE::2025-02-12.14:21:44::SCWMssOS::nostartfiles -g -Wall -Wextra -fno-tree-loop-distribute-patterns"

TRACE::2025-02-12.14:21:44::SCWMssOS::"Running Make include in ps7_cortexa9_0/libsrc/uartps_v3_11/src"

TRACE::2025-02-12.14:21:44::SCWMssOS::make -C ps7_cortexa9_0/libsrc/uartps_v3_11/src -s include  "SHELL=CMD" "COMPILER=arm-none-eabi-gcc" "ASSEMBLER=arm-none-eabi-as
TRACE::2025-02-12.14:21:44::SCWMssOS::" "ARCHIVER=arm-none-eabi-ar" "COMPILER_FLAGS=  -O2 -c" "EXTRA_COMPILER_FLAGS=-mcpu=cortex-a9 -mfpu=vfpv3 -mfloat-abi=hard -nos
TRACE::2025-02-12.14:21:44::SCWMssOS::tartfiles -g -Wall -Wextra -fno-tree-loop-distribute-patterns"

TRACE::2025-02-12.14:21:44::SCWMssOS::"Running Make include in ps7_cortexa9_0/libsrc/usbps_v2_7/src"

TRACE::2025-02-12.14:21:44::SCWMssOS::make -C ps7_cortexa9_0/libsrc/usbps_v2_7/src -s include  "SHELL=CMD" "COMPILER=arm-none-eabi-gcc" "ASSEMBLER=arm-none-eabi-as" 
TRACE::2025-02-12.14:21:44::SCWMssOS::"ARCHIVER=arm-none-eabi-ar" "COMPILER_FLAGS=  -O2 -c" "EXTRA_COMPILER_FLAGS=-mcpu=cortex-a9 -mfpu=vfpv3 -mfloat-abi=hard -nosta
TRACE::2025-02-12.14:21:44::SCWMssOS::rtfiles -g -Wall -Wextra -fno-tree-loop-distribute-patterns"

TRACE::2025-02-12.14:21:45::SCWMssOS::"Running Make include in ps7_cortexa9_0/libsrc/xadcps_v2_6/src"

TRACE::2025-02-12.14:21:45::SCWMssOS::make -C ps7_cortexa9_0/libsrc/xadcps_v2_6/src -s include  "SHELL=CMD" "COMPILER=arm-none-eabi-gcc" "ASSEMBLER=arm-none-eabi-as"
TRACE::2025-02-12.14:21:45::SCWMssOS:: "ARCHIVER=arm-none-eabi-ar" "COMPILER_FLAGS=  -O2 -c" "EXTRA_COMPILER_FLAGS=-mcpu=cortex-a9 -mfpu=vfpv3 -mfloat-abi=hard -nost
TRACE::2025-02-12.14:21:45::SCWMssOS::artfiles -g -Wall -Wextra -fno-tree-loop-distribute-patterns"

TRACE::2025-02-12.14:21:45::SCWMssOS::"Running Make include in ps7_cortexa9_0/libsrc/xilffs_v4_7/src"

TRACE::2025-02-12.14:21:45::SCWMssOS::make -C ps7_cortexa9_0/libsrc/xilffs_v4_7/src -s include  "SHELL=CMD" "COMPILER=arm-none-eabi-gcc" "ASSEMBLER=arm-none-eabi-as"
TRACE::2025-02-12.14:21:45::SCWMssOS:: "ARCHIVER=arm-none-eabi-ar" "COMPILER_FLAGS=  -O2 -c" "EXTRA_COMPILER_FLAGS=-mcpu=cortex-a9 -mfpu=vfpv3 -mfloat-abi=hard -nost
TRACE::2025-02-12.14:21:45::SCWMssOS::artfiles -g -Wall -Wextra -fno-tree-loop-distribute-patterns"

TRACE::2025-02-12.14:21:45::SCWMssOS::"Running Make libs in ps7_cortexa9_0/libsrc/axivdma_v6_11/src"

TRACE::2025-02-12.14:21:45::SCWMssOS::make -C ps7_cortexa9_0/libsrc/axivdma_v6_11/src -s libs  "SHELL=CMD" "COMPILER=arm-none-eabi-gcc" "ASSEMBLER=arm-none-eabi-as" 
TRACE::2025-02-12.14:21:45::SCWMssOS::"ARCHIVER=arm-none-eabi-ar" "COMPILER_FLAGS=  -O2 -c" "EXTRA_COMPILER_FLAGS=-mcpu=cortex-a9 -mfpu=vfpv3 -mfloat-abi=hard -nosta
TRACE::2025-02-12.14:21:45::SCWMssOS::rtfiles -g -Wall -Wextra -fno-tree-loop-distribute-patterns"

TRACE::2025-02-12.14:21:45::SCWMssOS::"Running Make libs in ps7_cortexa9_0/libsrc/axidma_v9_14/src"

TRACE::2025-02-12.14:21:45::SCWMssOS::make -C ps7_cortexa9_0/libsrc/axidma_v9_14/src -s libs  "SHELL=CMD" "COMPILER=arm-none-eabi-gcc" "ASSEMBLER=arm-none-eabi-as" "
TRACE::2025-02-12.14:21:45::SCWMssOS::ARCHIVER=arm-none-eabi-ar" "COMPILER_FLAGS=  -O2 -c" "EXTRA_COMPILER_FLAGS=-mcpu=cortex-a9 -mfpu=vfpv3 -mfloat-abi=hard -nostar
TRACE::2025-02-12.14:21:45::SCWMssOS::tfiles -g -Wall -Wextra -fno-tree-loop-distribute-patterns"

TRACE::2025-02-12.14:21:47::SCWMssOS::"Running Make libs in ps7_cortexa9_0/libsrc/coresightps_dcc_v1_8/src"

TRACE::2025-02-12.14:21:47::SCWMssOS::make -C ps7_cortexa9_0/libsrc/coresightps_dcc_v1_8/src -s libs  "SHELL=CMD" "COMPILER=arm-none-eabi-gcc" "ASSEMBLER=arm-none-ea
TRACE::2025-02-12.14:21:47::SCWMssOS::bi-as" "ARCHIVER=arm-none-eabi-ar" "COMPILER_FLAGS=  -O2 -c" "EXTRA_COMPILER_FLAGS=-mcpu=cortex-a9 -mfpu=vfpv3 -mfloat-abi=hard
TRACE::2025-02-12.14:21:47::SCWMssOS:: -nostartfiles -g -Wall -Wextra -fno-tree-loop-distribute-patterns"

TRACE::2025-02-12.14:21:47::SCWMssOS::"Running Make libs in ps7_cortexa9_0/libsrc/cpu_cortexa9_v2_11/src"

TRACE::2025-02-12.14:21:47::SCWMssOS::make -C ps7_cortexa9_0/libsrc/cpu_cortexa9_v2_11/src -s libs  "SHELL=CMD" "COMPILER=arm-none-eabi-gcc" "ASSEMBLER=arm-none-eabi
TRACE::2025-02-12.14:21:47::SCWMssOS::-as" "ARCHIVER=arm-none-eabi-ar" "COMPILER_FLAGS=  -O2 -c" "EXTRA_COMPILER_FLAGS=-mcpu=cortex-a9 -mfpu=vfpv3 -mfloat-abi=hard -
TRACE::2025-02-12.14:21:47::SCWMssOS::nostartfiles -g -Wall -Wextra -fno-tree-loop-distribute-patterns"

TRACE::2025-02-12.14:21:47::SCWMssOS::"Running Make libs in ps7_cortexa9_0/libsrc/ddrps_v1_2/src"

TRACE::2025-02-12.14:21:47::SCWMssOS::make -C ps7_cortexa9_0/libsrc/ddrps_v1_2/src -s libs  "SHELL=CMD" "COMPILER=arm-none-eabi-gcc" "ASSEMBLER=arm-none-eabi-as" "AR
TRACE::2025-02-12.14:21:47::SCWMssOS::CHIVER=arm-none-eabi-ar" "COMPILER_FLAGS=  -O2 -c" "EXTRA_COMPILER_FLAGS=-mcpu=cortex-a9 -mfpu=vfpv3 -mfloat-abi=hard -nostartf
TRACE::2025-02-12.14:21:47::SCWMssOS::iles -g -Wall -Wextra -fno-tree-loop-distribute-patterns"

TRACE::2025-02-12.14:21:47::SCWMssOS::"Running Make libs in ps7_cortexa9_0/libsrc/devcfg_v3_7/src"

TRACE::2025-02-12.14:21:47::SCWMssOS::make -C ps7_cortexa9_0/libsrc/devcfg_v3_7/src -s libs  "SHELL=CMD" "COMPILER=arm-none-eabi-gcc" "ASSEMBLER=arm-none-eabi-as" "A
TRACE::2025-02-12.14:21:47::SCWMssOS::RCHIVER=arm-none-eabi-ar" "COMPILER_FLAGS=  -O2 -c" "EXTRA_COMPILER_FLAGS=-mcpu=cortex-a9 -mfpu=vfpv3 -mfloat-abi=hard -nostart
TRACE::2025-02-12.14:21:47::SCWMssOS::files -g -Wall -Wextra -fno-tree-loop-distribute-patterns"

TRACE::2025-02-12.14:21:47::SCWMssOS::"Running Make libs in ps7_cortexa9_0/libsrc/dmaps_v2_8/src"

TRACE::2025-02-12.14:21:47::SCWMssOS::make -C ps7_cortexa9_0/libsrc/dmaps_v2_8/src -s libs  "SHELL=CMD" "COMPILER=arm-none-eabi-gcc" "ASSEMBLER=arm-none-eabi-as" "AR
TRACE::2025-02-12.14:21:47::SCWMssOS::CHIVER=arm-none-eabi-ar" "COMPILER_FLAGS=  -O2 -c" "EXTRA_COMPILER_FLAGS=-mcpu=cortex-a9 -mfpu=vfpv3 -mfloat-abi=hard -nostartf
TRACE::2025-02-12.14:21:47::SCWMssOS::iles -g -Wall -Wextra -fno-tree-loop-distribute-patterns"

TRACE::2025-02-12.14:21:49::SCWMssOS::"Running Make libs in ps7_cortexa9_0/libsrc/emacps_v3_16/src"

TRACE::2025-02-12.14:21:49::SCWMssOS::make -C ps7_cortexa9_0/libsrc/emacps_v3_16/src -s libs  "SHELL=CMD" "COMPILER=arm-none-eabi-gcc" "ASSEMBLER=arm-none-eabi-as" "
TRACE::2025-02-12.14:21:49::SCWMssOS::ARCHIVER=arm-none-eabi-ar" "COMPILER_FLAGS=  -O2 -c" "EXTRA_COMPILER_FLAGS=-mcpu=cortex-a9 -mfpu=vfpv3 -mfloat-abi=hard -nostar
TRACE::2025-02-12.14:21:49::SCWMssOS::tfiles -g -Wall -Wextra -fno-tree-loop-distribute-patterns"

TRACE::2025-02-12.14:21:49::SCWMssOS::"Running Make libs in ps7_cortexa9_0/libsrc/gpiops_v3_9/src"

TRACE::2025-02-12.14:21:49::SCWMssOS::make -C ps7_cortexa9_0/libsrc/gpiops_v3_9/src -s libs  "SHELL=CMD" "COMPILER=arm-none-eabi-gcc" "ASSEMBLER=arm-none-eabi-as" "A
TRACE::2025-02-12.14:21:49::SCWMssOS::RCHIVER=arm-none-eabi-ar" "COMPILER_FLAGS=  -O2 -c" "EXTRA_COMPILER_FLAGS=-mcpu=cortex-a9 -mfpu=vfpv3 -mfloat-abi=hard -nostart
TRACE::2025-02-12.14:21:49::SCWMssOS::files -g -Wall -Wextra -fno-tree-loop-distribute-patterns"

TRACE::2025-02-12.14:21:50::SCWMssOS::"Running Make libs in ps7_cortexa9_0/libsrc/iicps_v3_15/src"

TRACE::2025-02-12.14:21:50::SCWMssOS::make -C ps7_cortexa9_0/libsrc/iicps_v3_15/src -s libs  "SHELL=CMD" "COMPILER=arm-none-eabi-gcc" "ASSEMBLER=arm-none-eabi-as" "A
TRACE::2025-02-12.14:21:50::SCWMssOS::RCHIVER=arm-none-eabi-ar" "COMPILER_FLAGS=  -O2 -c" "EXTRA_COMPILER_FLAGS=-mcpu=cortex-a9 -mfpu=vfpv3 -mfloat-abi=hard -nostart
TRACE::2025-02-12.14:21:50::SCWMssOS::files -g -Wall -Wextra -fno-tree-loop-distribute-patterns"

TRACE::2025-02-12.14:21:50::SCWMssOS::"Running Make libs in ps7_cortexa9_0/libsrc/qspips_v3_9/src"

TRACE::2025-02-12.14:21:50::SCWMssOS::make -C ps7_cortexa9_0/libsrc/qspips_v3_9/src -s libs  "SHELL=CMD" "COMPILER=arm-none-eabi-gcc" "ASSEMBLER=arm-none-eabi-as" "A
TRACE::2025-02-12.14:21:50::SCWMssOS::RCHIVER=arm-none-eabi-ar" "COMPILER_FLAGS=  -O2 -c" "EXTRA_COMPILER_FLAGS=-mcpu=cortex-a9 -mfpu=vfpv3 -mfloat-abi=hard -nostart
TRACE::2025-02-12.14:21:50::SCWMssOS::files -g -Wall -Wextra -fno-tree-loop-distribute-patterns"

TRACE::2025-02-12.14:21:52::SCWMssOS::"Running Make libs in ps7_cortexa9_0/libsrc/scugic_v4_7/src"

TRACE::2025-02-12.14:21:52::SCWMssOS::make -C ps7_cortexa9_0/libsrc/scugic_v4_7/src -s libs  "SHELL=CMD" "COMPILER=arm-none-eabi-gcc" "ASSEMBLER=arm-none-eabi-as" "A
TRACE::2025-02-12.14:21:52::SCWMssOS::RCHIVER=arm-none-eabi-ar" "COMPILER_FLAGS=  -O2 -c" "EXTRA_COMPILER_FLAGS=-mcpu=cortex-a9 -mfpu=vfpv3 -mfloat-abi=hard -nostart
TRACE::2025-02-12.14:21:52::SCWMssOS::files -g -Wall -Wextra -fno-tree-loop-distribute-patterns"

TRACE::2025-02-12.14:21:53::SCWMssOS::"Running Make libs in ps7_cortexa9_0/libsrc/scutimer_v2_4/src"

TRACE::2025-02-12.14:21:53::SCWMssOS::make -C ps7_cortexa9_0/libsrc/scutimer_v2_4/src -s libs  "SHELL=CMD" "COMPILER=arm-none-eabi-gcc" "ASSEMBLER=arm-none-eabi-as" 
TRACE::2025-02-12.14:21:53::SCWMssOS::"ARCHIVER=arm-none-eabi-ar" "COMPILER_FLAGS=  -O2 -c" "EXTRA_COMPILER_FLAGS=-mcpu=cortex-a9 -mfpu=vfpv3 -mfloat-abi=hard -nosta
TRACE::2025-02-12.14:21:53::SCWMssOS::rtfiles -g -Wall -Wextra -fno-tree-loop-distribute-patterns"

TRACE::2025-02-12.14:21:53::SCWMssOS::"Running Make libs in ps7_cortexa9_0/libsrc/scuwdt_v2_4/src"

TRACE::2025-02-12.14:21:53::SCWMssOS::make -C ps7_cortexa9_0/libsrc/scuwdt_v2_4/src -s libs  "SHELL=CMD" "COMPILER=arm-none-eabi-gcc" "ASSEMBLER=arm-none-eabi-as" "A
TRACE::2025-02-12.14:21:53::SCWMssOS::RCHIVER=arm-none-eabi-ar" "COMPILER_FLAGS=  -O2 -c" "EXTRA_COMPILER_FLAGS=-mcpu=cortex-a9 -mfpu=vfpv3 -mfloat-abi=hard -nostart
TRACE::2025-02-12.14:21:53::SCWMssOS::files -g -Wall -Wextra -fno-tree-loop-distribute-patterns"

TRACE::2025-02-12.14:21:54::SCWMssOS::"Running Make libs in ps7_cortexa9_0/libsrc/sdps_v3_14/src"

TRACE::2025-02-12.14:21:54::SCWMssOS::make -C ps7_cortexa9_0/libsrc/sdps_v3_14/src -s libs  "SHELL=CMD" "COMPILER=arm-none-eabi-gcc" "ASSEMBLER=arm-none-eabi-as" "AR
TRACE::2025-02-12.14:21:54::SCWMssOS::CHIVER=arm-none-eabi-ar" "COMPILER_FLAGS=  -O2 -c" "EXTRA_COMPILER_FLAGS=-mcpu=cortex-a9 -mfpu=vfpv3 -mfloat-abi=hard -nostartf
TRACE::2025-02-12.14:21:54::SCWMssOS::iles -g -Wall -Wextra -fno-tree-loop-distribute-patterns"

TRACE::2025-02-12.14:21:54::SCWMssOS::"Running Make libs in ps7_cortexa9_0/libsrc/standalone_v7_7/src"

TRACE::2025-02-12.14:21:54::SCWMssOS::make -C ps7_cortexa9_0/libsrc/standalone_v7_7/src -s libs  "SHELL=CMD" "COMPILER=arm-none-eabi-gcc" "ASSEMBLER=arm-none-eabi-as
TRACE::2025-02-12.14:21:54::SCWMssOS::" "ARCHIVER=arm-none-eabi-ar" "COMPILER_FLAGS=  -O2 -c" "EXTRA_COMPILER_FLAGS=-mcpu=cortex-a9 -mfpu=vfpv3 -mfloat-abi=hard -nos
TRACE::2025-02-12.14:21:54::SCWMssOS::tartfiles -g -Wall -Wextra -fno-tree-loop-distribute-patterns"

TRACE::2025-02-12.14:21:55::SCWMssOS::"Running Make libs in ps7_cortexa9_0/libsrc/uartps_v3_11/src"

TRACE::2025-02-12.14:21:55::SCWMssOS::make -C ps7_cortexa9_0/libsrc/uartps_v3_11/src -s libs  "SHELL=CMD" "COMPILER=arm-none-eabi-gcc" "ASSEMBLER=arm-none-eabi-as" "
TRACE::2025-02-12.14:21:55::SCWMssOS::ARCHIVER=arm-none-eabi-ar" "COMPILER_FLAGS=  -O2 -c" "EXTRA_COMPILER_FLAGS=-mcpu=cortex-a9 -mfpu=vfpv3 -mfloat-abi=hard -nostar
TRACE::2025-02-12.14:21:55::SCWMssOS::tfiles -g -Wall -Wextra -fno-tree-loop-distribute-patterns"

TRACE::2025-02-12.14:21:57::SCWMssOS::"Running Make libs in ps7_cortexa9_0/libsrc/usbps_v2_7/src"

TRACE::2025-02-12.14:21:57::SCWMssOS::make -C ps7_cortexa9_0/libsrc/usbps_v2_7/src -s libs  "SHELL=CMD" "COMPILER=arm-none-eabi-gcc" "ASSEMBLER=arm-none-eabi-as" "AR
TRACE::2025-02-12.14:21:57::SCWMssOS::CHIVER=arm-none-eabi-ar" "COMPILER_FLAGS=  -O2 -c" "EXTRA_COMPILER_FLAGS=-mcpu=cortex-a9 -mfpu=vfpv3 -mfloat-abi=hard -nostartf
TRACE::2025-02-12.14:21:57::SCWMssOS::iles -g -Wall -Wextra -fno-tree-loop-distribute-patterns"

TRACE::2025-02-12.14:21:59::SCWMssOS::"Running Make libs in ps7_cortexa9_0/libsrc/xadcps_v2_6/src"

TRACE::2025-02-12.14:21:59::SCWMssOS::make -C ps7_cortexa9_0/libsrc/xadcps_v2_6/src -s libs  "SHELL=CMD" "COMPILER=arm-none-eabi-gcc" "ASSEMBLER=arm-none-eabi-as" "A
TRACE::2025-02-12.14:21:59::SCWMssOS::RCHIVER=arm-none-eabi-ar" "COMPILER_FLAGS=  -O2 -c" "EXTRA_COMPILER_FLAGS=-mcpu=cortex-a9 -mfpu=vfpv3 -mfloat-abi=hard -nostart
TRACE::2025-02-12.14:21:59::SCWMssOS::files -g -Wall -Wextra -fno-tree-loop-distribute-patterns"

TRACE::2025-02-12.14:22:00::SCWMssOS::"Running Make libs in ps7_cortexa9_0/libsrc/xilffs_v4_7/src"

TRACE::2025-02-12.14:22:00::SCWMssOS::make -C ps7_cortexa9_0/libsrc/xilffs_v4_7/src -s libs  "SHELL=CMD" "COMPILER=arm-none-eabi-gcc" "ASSEMBLER=arm-none-eabi-as" "A
TRACE::2025-02-12.14:22:00::SCWMssOS::RCHIVER=arm-none-eabi-ar" "COMPILER_FLAGS=  -O2 -c" "EXTRA_COMPILER_FLAGS=-mcpu=cortex-a9 -mfpu=vfpv3 -mfloat-abi=hard -nostart
TRACE::2025-02-12.14:22:00::SCWMssOS::files -g -Wall -Wextra -fno-tree-loop-distribute-patterns"

TRACE::2025-02-12.14:22:03::SCWMssOS::'Finished building libraries parallelly.'

TRACE::2025-02-12.14:22:03::SCWMssOS::make --no-print-directory archive

TRACE::2025-02-12.14:22:03::SCWMssOS::arm-none-eabi-ar -r  ps7_cortexa9_0/lib/libxil.a ps7_cortexa9_0/lib/xadcps_selftest.o ps7_cortexa9_0/lib/xplatform_info.o ps7_c
TRACE::2025-02-12.14:22:03::SCWMssOS::ortexa9_0/lib/xil_mem.o ps7_cortexa9_0/lib/_exit.o ps7_cortexa9_0/lib/xusbps_sinit.o ps7_cortexa9_0/lib/xdevcfg_hw.o ps7_cortex
TRACE::2025-02-12.14:22:03::SCWMssOS::a9_0/lib/xil_sleeptimer.o ps7_cortexa9_0/lib/xqspips_options.o ps7_cortexa9_0/lib/xdmaps_g.o ps7_cortexa9_0/lib/xscutimer_g.o p
TRACE::2025-02-12.14:22:03::SCWMssOS::s7_cortexa9_0/lib/xsdps_options.o ps7_cortexa9_0/lib/xil_misc_psreset_api.o ps7_cortexa9_0/lib/xdmaps_sinit.o ps7_cortexa9_0/li
TRACE::2025-02-12.14:22:03::SCWMssOS::b/xscutimer_sinit.o ps7_cortexa9_0/lib/xemacps_hw.o ps7_cortexa9_0/lib/inbyte.o ps7_cortexa9_0/lib/xscutimer_selftest.o ps7_cor
TRACE::2025-02-12.14:22:03::SCWMssOS::texa9_0/lib/putnum.o ps7_cortexa9_0/lib/xqspips_hw.o ps7_cortexa9_0/lib/xgpiops_g.o ps7_cortexa9_0/lib/xsdps.o ps7_cortexa9_0/l
TRACE::2025-02-12.14:22:03::SCWMssOS::ib/close.o ps7_cortexa9_0/lib/xemacps_g.o ps7_cortexa9_0/lib/xgpiops_sinit.o ps7_cortexa9_0/lib/xgpiops_selftest.o ps7_cortexa9
TRACE::2025-02-12.14:22:03::SCWMssOS::_0/lib/xscuwdt.o ps7_cortexa9_0/lib/xaxivdma_g.o ps7_cortexa9_0/lib/xil_clocking.o ps7_cortexa9_0/lib/xiicps_intr.o ps7_cortexa
TRACE::2025-02-12.14:22:03::SCWMssOS::9_0/lib/xaxivdma_sinit.o ps7_cortexa9_0/lib/xuartps_sinit.o ps7_cortexa9_0/lib/time.o ps7_cortexa9_0/lib/xaxivdma_selftest.o ps
TRACE::2025-02-12.14:22:03::SCWMssOS::7_cortexa9_0/lib/xiicps_slave.o ps7_cortexa9_0/lib/xil_printf.o ps7_cortexa9_0/lib/kill.o ps7_cortexa9_0/lib/xadcps.o ps7_corte
TRACE::2025-02-12.14:22:03::SCWMssOS::xa9_0/lib/xiicps_options.o ps7_cortexa9_0/lib/xdmaps.o ps7_cortexa9_0/lib/xuartps_selftest.o ps7_cortexa9_0/lib/xuartps_g.o ps7
TRACE::2025-02-12.14:22:03::SCWMssOS::_cortexa9_0/lib/lseek.o ps7_cortexa9_0/lib/xil_testmem.o ps7_cortexa9_0/lib/xusbps_hw.o ps7_cortexa9_0/lib/xl2cc_counter.o ps7_
TRACE::2025-02-12.14:22:03::SCWMssOS::cortexa9_0/lib/xiicps_hw.o ps7_cortexa9_0/lib/asm_vectors.o ps7_cortexa9_0/lib/usleep.o ps7_cortexa9_0/lib/abort.o ps7_cortexa9
TRACE::2025-02-12.14:22:03::SCWMssOS::_0/lib/xscugic_intr.o ps7_cortexa9_0/lib/getpid.o ps7_cortexa9_0/lib/xiicps_selftest.o ps7_cortexa9_0/lib/xil_testcache.o ps7_c
TRACE::2025-02-12.14:22:03::SCWMssOS::ortexa9_0/lib/xdevcfg_sinit.o ps7_cortexa9_0/lib/xgpiops.o ps7_cortexa9_0/lib/xscutimer.o ps7_cortexa9_0/lib/xdevcfg_selftest.o
TRACE::2025-02-12.14:22:03::SCWMssOS:: ps7_cortexa9_0/lib/xpm_counter.o ps7_cortexa9_0/lib/xiicps.o ps7_cortexa9_0/lib/_sbrk.o ps7_cortexa9_0/lib/xiicps_master.o ps7
TRACE::2025-02-12.14:22:03::SCWMssOS::_cortexa9_0/lib/xqspips_g.o ps7_cortexa9_0/lib/xemacps_bdring.o ps7_cortexa9_0/lib/xusbps_endpoint.o ps7_cortexa9_0/lib/xqspips
TRACE::2025-02-12.14:22:03::SCWMssOS::_sinit.o ps7_cortexa9_0/lib/xqspips_selftest.o ps7_cortexa9_0/lib/xil_exception.o ps7_cortexa9_0/lib/sbrk.o ps7_cortexa9_0/lib/
TRACE::2025-02-12.14:22:03::SCWMssOS::xaxivdma.o ps7_cortexa9_0/lib/xemacps_control.o ps7_cortexa9_0/lib/open.o ps7_cortexa9_0/lib/xil_assert.o ps7_cortexa9_0/lib/xa
TRACE::2025-02-12.14:22:03::SCWMssOS::xivdma_intr.o ps7_cortexa9_0/lib/xusbps_intr.o ps7_cortexa9_0/lib/xsdps_host.o ps7_cortexa9_0/lib/xcoresightpsdcc.o ps7_cortexa
TRACE::2025-02-12.14:22:03::SCWMssOS::9_0/lib/xscugic_hw.o ps7_cortexa9_0/lib/sleep.o ps7_cortexa9_0/lib/xil-crt0.o ps7_cortexa9_0/lib/cpputest_time.o ps7_cortexa9_0
TRACE::2025-02-12.14:22:03::SCWMssOS::/lib/print.o ps7_cortexa9_0/lib/read.o ps7_cortexa9_0/lib/xiicps_g.o ps7_cortexa9_0/lib/xdevcfg.o ps7_cortexa9_0/lib/xadcps_int
TRACE::2025-02-12.14:22:03::SCWMssOS::r.o ps7_cortexa9_0/lib/xqspips.o ps7_cortexa9_0/lib/xemacps.o ps7_cortexa9_0/lib/xil_cache.o ps7_cortexa9_0/lib/xil_testio.o ps
TRACE::2025-02-12.14:22:03::SCWMssOS::7_cortexa9_0/lib/_open.o ps7_cortexa9_0/lib/unlink.o ps7_cortexa9_0/lib/xaxidma_g.o ps7_cortexa9_0/lib/xusbps.o ps7_cortexa9_0/
TRACE::2025-02-12.14:22:03::SCWMssOS::lib/xusbps_g.o ps7_cortexa9_0/lib/xdmaps_selftest.o ps7_cortexa9_0/lib/xaxidma_sinit.o ps7_cortexa9_0/lib/xil_spinlock.o ps7_co
TRACE::2025-02-12.14:22:03::SCWMssOS::rtexa9_0/lib/translation_table.o ps7_cortexa9_0/lib/xaxidma_selftest.o ps7_cortexa9_0/lib/write.o ps7_cortexa9_0/lib/xil_mmu.o 
TRACE::2025-02-12.14:22:03::SCWMssOS::ps7_cortexa9_0/lib/boot.o ps7_cortexa9_0/lib/xaxivdma_channel.o ps7_cortexa9_0/lib/cpu_init.o ps7_cortexa9_0/lib/xaxidma_bd.o p
TRACE::2025-02-12.14:22:03::SCWMssOS::s7_cortexa9_0/lib/xil_sleepcommon.o ps7_cortexa9_0/lib/xgpiops_intr.o ps7_cortexa9_0/lib/xscugic_sinit.o ps7_cortexa9_0/lib/fcn
TRACE::2025-02-12.14:22:03::SCWMssOS::tl.o ps7_cortexa9_0/lib/xdevcfg_g.o ps7_cortexa9_0/lib/outbyte.o ps7_cortexa9_0/lib/xinterrupt_wrap.o ps7_cortexa9_0/lib/xuartp
TRACE::2025-02-12.14:22:03::SCWMssOS::s_hw.o ps7_cortexa9_0/lib/xtime_l.o ps7_cortexa9_0/lib/xemacps_sinit.o ps7_cortexa9_0/lib/xscugic_selftest.o ps7_cortexa9_0/lib
TRACE::2025-02-12.14:22:03::SCWMssOS::/xil_util.o ps7_cortexa9_0/lib/xuartps_intr.o ps7_cortexa9_0/lib/xuartps.o ps7_cortexa9_0/lib/xsdps_card.o ps7_cortexa9_0/lib/x
TRACE::2025-02-12.14:22:03::SCWMssOS::dmaps_hw.o ps7_cortexa9_0/lib/xsdps_sinit.o ps7_cortexa9_0/lib/xgpiops_hw.o ps7_cortexa9_0/lib/xsdps_g.o ps7_cortexa9_0/lib/fst
TRACE::2025-02-12.14:22:03::SCWMssOS::at.o ps7_cortexa9_0/lib/xaxidma.o ps7_cortexa9_0/lib/errno.o ps7_cortexa9_0/lib/xdevcfg_intr.o ps7_cortexa9_0/lib/xuartps_optio
TRACE::2025-02-12.14:22:03::SCWMssOS::ns.o ps7_cortexa9_0/lib/vectors.o ps7_cortexa9_0/lib/xscuwdt_g.o ps7_cortexa9_0/lib/xscuwdt_sinit.o ps7_cortexa9_0/lib/xemacps_
TRACE::2025-02-12.14:22:03::SCWMssOS::intr.o ps7_cortexa9_0/lib/xscuwdt_selftest.o ps7_cortexa9_0/lib/xscugic_g.o ps7_cortexa9_0/lib/isatty.o ps7_cortexa9_0/lib/xscu
TRACE::2025-02-12.14:22:03::SCWMssOS::gic.o ps7_cortexa9_0/lib/xiicps_sinit.o ps7_cortexa9_0/lib/xadcps_g.o ps7_cortexa9_0/lib/xaxidma_bdring.o ps7_cortexa9_0/lib/xa
TRACE::2025-02-12.14:22:03::SCWMssOS::dcps_sinit.o ps7_cortexa9_0/lib/xiicps_xfer.o

TRACE::2025-02-12.14:22:03::SCWMssOS::'Finished building libraries'

TRACE::2025-02-12.14:22:04::SCWMssOS:: Checking if to create the Supporting Applications
TRACE::2025-02-12.14:22:04::SCWMssOS:: No Linux domain exists, trying to generate FSBL 
LOG::2025-02-12.14:22:04::SCWSystem::Completed Processing the domain standalone_domain
LOG::2025-02-12.14:22:04::SCWSystem::Completed Processing the sysconfig Assignment2_newest
LOG::2025-02-12.14:22:04::SCWPlatform::Completed generating the artifacts for system configuration Assignment2_newest
TRACE::2025-02-12.14:22:04::SCWPlatform::Started preparing the platform 
TRACE::2025-02-12.14:22:04::SCWSystem::Writing the bif file for system config Assignment2_newest
TRACE::2025-02-12.14:22:04::SCWSystem::dir created 
TRACE::2025-02-12.14:22:04::SCWSystem::Writing the bif 
TRACE::2025-02-12.14:22:04::SCWPlatform::Started writing the spfm file 
TRACE::2025-02-12.14:22:04::SCWPlatform::Started writing the xpfm file 
TRACE::2025-02-12.14:22:04::SCWPlatform::Completed generating the platform
TRACE::2025-02-12.14:22:04::SCWMssOS::Saving the mss changes C:/Users/j54mao/ECE423/ECE-423-Labs/workspace/Assignment2_newest/zynq_fsbl/zynq_fsbl_bsp/system.mss
TRACE::2025-02-12.14:22:04::SCWMssOS::Found a swdesign opened with the mssfile.
TRACE::2025-02-12.14:22:04::SCWMssOS::Completed writemss as part of save.
TRACE::2025-02-12.14:22:04::SCWMssOS::Commit changes completed.
TRACE::2025-02-12.14:22:04::SCWMssOS::Saving the mss changes C:/Users/j54mao/ECE423/ECE-423-Labs/workspace/Assignment2_newest/ps7_cortexa9_0/standalone_domain/bsp/system.mss
TRACE::2025-02-12.14:22:04::SCWMssOS::Adding the swdes entry, mss present, able to open swdb C:/Users/j54mao/ECE423/ECE-423-Labs/workspace/Assignment2_newest/ps7_cortexa9_0/standalone_domain/bsp/system.mss with des name system_0
TRACE::2025-02-12.14:22:04::SCWMssOS::Writing the mss file completed C:/Users/j54mao/ECE423/ECE-423-Labs/workspace/Assignment2_newest/ps7_cortexa9_0/standalone_domain/bsp/system.mss
TRACE::2025-02-12.14:22:04::SCWMssOS::Commit changes completed.
TRACE::2025-02-12.14:22:04::SCWPlatform::Trying to open the hw design at C:/Users/j54mao/ECE423/ECE-423-Labs/workspace/Assignment2_newest/hw/lab_prefab_wrapper_newest_lab2.xsa
TRACE::2025-02-12.14:22:04::SCWPlatform::DSA given C:/Users/j54mao/ECE423/ECE-423-Labs/workspace/Assignment2_newest/hw/lab_prefab_wrapper_newest_lab2.xsa
TRACE::2025-02-12.14:22:04::SCWPlatform::DSA absoulate path C:/Users/j54mao/ECE423/ECE-423-Labs/workspace/Assignment2_newest/hw/lab_prefab_wrapper_newest_lab2.xsa
TRACE::2025-02-12.14:22:04::SCWPlatform::DSA directory C:/Users/j54mao/ECE423/ECE-423-Labs/workspace/Assignment2_newest/hw
TRACE::2025-02-12.14:22:04::SCWPlatform:: Platform Path C:/Users/j54mao/ECE423/ECE-423-Labs/workspace/Assignment2_newest/hw/lab_prefab_wrapper_newest_lab2.xsa
TRACE::2025-02-12.14:22:04::SCWPlatform:: Unique name xilinx:pynq-z1::0.0
TRACE::2025-02-12.14:22:04::SCWPlatform::Trying to set the existing hwdb with name lab_prefab_wrapper_1
TRACE::2025-02-12.14:22:04::SCWPlatform::Opened existing hwdb lab_prefab_wrapper_1
TRACE::2025-02-12.14:22:04::SCWPlatform::Found the Hw Db part of the input DSA
TRACE::2025-02-12.14:22:04::SCWMssOS::Checking the sw design at  C:/Users/j54mao/ECE423/ECE-423-Labs/workspace/Assignment2_newest/zynq_fsbl/zynq_fsbl_bsp/system.mss
TRACE::2025-02-12.14:22:04::SCWMssOS::DEBUG:  swdes dump  C:/Users/j54mao/ECE423/ECE-423-Labs/workspace/Assignment2_debugging/ps7_cortexa9_0/standalone_domain/bsp/system.mss|system_2||
C:/Users/j54mao/ECE423/ECE-423-Labs/workspace/Assignment2_debugging/zynq_fsbl/zynq_fsbl_bsp/system.mss|system_1||
C:/Users/j54mao/ECE423/ECE-423-Labs/workspace/Assignment2_newest/ps7_cortexa9_0/standalone_domain/bsp/system.mss|system_0||
C:/Users/j54mao/ECE423/ECE-423-Labs/workspace/Assignment2_newest/zynq_fsbl/zynq_fsbl_bsp/system.mss|system||
C:/Users/j54mao/ECE423/ECE-423-Labs/workspace/lab_prefab_wrapper/zynq_fsbl/zynq_fsbl_bsp/system.mss|system_3||

TRACE::2025-02-12.14:22:04::SCWMssOS::Sw design exists and opened at  C:/Users/j54mao/ECE423/ECE-423-Labs/workspace/Assignment2_newest/zynq_fsbl/zynq_fsbl_bsp/system.mss
TRACE::2025-02-12.14:22:04::SCWPlatform::Trying to open the hw design at C:/Users/j54mao/ECE423/ECE-423-Labs/workspace/Assignment2_newest/hw/lab_prefab_wrapper_newest_lab2.xsa
TRACE::2025-02-12.14:22:04::SCWPlatform::DSA given C:/Users/j54mao/ECE423/ECE-423-Labs/workspace/Assignment2_newest/hw/lab_prefab_wrapper_newest_lab2.xsa
TRACE::2025-02-12.14:22:04::SCWPlatform::DSA absoulate path C:/Users/j54mao/ECE423/ECE-423-Labs/workspace/Assignment2_newest/hw/lab_prefab_wrapper_newest_lab2.xsa
TRACE::2025-02-12.14:22:04::SCWPlatform::DSA directory C:/Users/j54mao/ECE423/ECE-423-Labs/workspace/Assignment2_newest/hw
TRACE::2025-02-12.14:22:04::SCWPlatform:: Platform Path C:/Users/j54mao/ECE423/ECE-423-Labs/workspace/Assignment2_newest/hw/lab_prefab_wrapper_newest_lab2.xsa
TRACE::2025-02-12.14:22:04::SCWPlatform:: Unique name xilinx:pynq-z1::0.0
TRACE::2025-02-12.14:22:04::SCWPlatform::Trying to set the existing hwdb with name lab_prefab_wrapper_1
TRACE::2025-02-12.14:22:04::SCWPlatform::Opened existing hwdb lab_prefab_wrapper_1
TRACE::2025-02-12.14:22:04::SCWPlatform::Found the Hw Db part of the input DSA
TRACE::2025-02-12.14:22:04::SCWMssOS::Checking the sw design at  C:/Users/j54mao/ECE423/ECE-423-Labs/workspace/Assignment2_newest/ps7_cortexa9_0/standalone_domain/bsp/system.mss
TRACE::2025-02-12.14:22:04::SCWMssOS::DEBUG:  swdes dump  C:/Users/j54mao/ECE423/ECE-423-Labs/workspace/Assignment2_debugging/ps7_cortexa9_0/standalone_domain/bsp/system.mss|system_2||
C:/Users/j54mao/ECE423/ECE-423-Labs/workspace/Assignment2_debugging/zynq_fsbl/zynq_fsbl_bsp/system.mss|system_1||
C:/Users/j54mao/ECE423/ECE-423-Labs/workspace/Assignment2_newest/ps7_cortexa9_0/standalone_domain/bsp/system.mss|system_0||
C:/Users/j54mao/ECE423/ECE-423-Labs/workspace/Assignment2_newest/zynq_fsbl/zynq_fsbl_bsp/system.mss|system||
C:/Users/j54mao/ECE423/ECE-423-Labs/workspace/lab_prefab_wrapper/zynq_fsbl/zynq_fsbl_bsp/system.mss|system_3||

TRACE::2025-02-12.14:22:04::SCWMssOS::Sw design exists and opened at  C:/Users/j54mao/ECE423/ECE-423-Labs/workspace/Assignment2_newest/ps7_cortexa9_0/standalone_domain/bsp/system.mss
TRACE::2025-02-12.14:22:04::SCWWriter::formatted JSON is {
	"platformName":	"Assignment2_newest",
	"sprVersion":	"2.0",
	"mode":	"gui",
	"dsaType":	"Fixed",
	"platformDesc":	"Assignment2_newest",
	"platHandOff":	"C:/Users/j54mao/ECE423/ECE-423-Labs/ece423_prefab/ece423_prefab/lab_prefab/lab_prefab_wrapper_newest_lab2.xsa",
	"platIntHandOff":	"<platformDir>/hw/lab_prefab_wrapper_newest_lab2.xsa",
	"deviceType":	"zynq",
	"platIsPrebuiltAutogen":	"false",
	"platIsNoBootBsp":	"false",
	"hasFsblMakeHasChanges":	"false",
	"hasPmufwMakeHasChanges":	"false",
	"fsblExtraCompilerFlags":	"-MMD -MP       -mcpu=cortex-a9 -mfpu=vfpv3 -mfloat-abi=hard ",
	"platPreBuiltFlag":	false,
	"platformSamplesDir":	"",
	"platActiveSys":	"Assignment2_newest",
	"systems":	[{
			"systemName":	"Assignment2_newest",
			"systemDesc":	"Assignment2_newest",
			"sysIsBootAutoGen":	"true",
			"systemDispName":	"Assignment2_newest",
			"sysActiveDom":	"standalone_domain",
			"sysDefaultDom":	"standalone_domain",
			"domains":	[{
					"domainName":	"zynq_fsbl",
					"domainDispName":	"zynq_fsbl",
					"domainDesc":	"FSBL Application BSP - Auto Generated.",
					"processors":	"ps7_cortexa9_0",
					"os":	"standalone",
					"sdxOs":	"standalone",
					"debugEnable":	"",
					"domRuntimes":	["cpp"],
					"swRepo":	"",
					"mssOsVer":	"7.7",
					"mssFile":	"",
					"md5Digest":	"9e73a1d664e6392758527307bae5c8a3",
					"compatibleApp":	"zynq_fsbl",
					"domType":	"bootDomain",
					"arch":	"32-bit",
					"appSettings":	{
						"appCompilerFlags":	"",
						"appLinkerFlags":	""
					},
					"addedLibs":	["xilffs:4.7", "xilrsa:1.6"],
					"libOptions":	{
						"xilffs":	{
							"enable_multi_partition":	"true",
							"num_logical_vol":	"10",
							"libOptionNames":	["enable_multi_partition", "num_logical_vol"]
						},
						"libsContainingOptions":	["xilffs"]
					},
					"prebuiltLibs":	{
						"prebuiltIncPath":	[],
						"prebuiltLibPath":	[]
					},
					"isolation":	{
					}
				}, {
					"domainName":	"standalone_domain",
					"domainDispName":	"standalone on ps7_cortexa9_0",
					"domainDesc":	"standalone_domain",
					"processors":	"ps7_cortexa9_0",
					"os":	"standalone",
					"sdxOs":	"standalone",
					"qemuArgs":	"<platformDir>/resources/Assignment2_newest/standalone_domain/qemu_args.txt",
					"qemuData":	"<platformDir>/resources/Assignment2_newest/standalone_domain/qemu",
					"debugEnable":	"False",
					"domRuntimes":	["cpp"],
					"swRepo":	"",
					"mssOsVer":	"7.7",
					"mssFile":	"",
					"md5Digest":	"d40aa47b8fe82e3893c3bcfc8271b445",
					"compatibleApp":	"",
					"domType":	"mssDomain",
					"appSettings":	{
						"appCompilerFlags":	"",
						"appLinkerFlags":	""
					},
					"addedLibs":	["xilffs:4.7"],
					"libOptions":	{
						"xilffs":	{
							"enable_multi_partition":	"true",
							"num_logical_vol":	"10",
							"libOptionNames":	["enable_multi_partition", "num_logical_vol"]
						},
						"libsContainingOptions":	["xilffs"]
					},
					"prebuiltLibs":	{
						"prebuiltIncPath":	[],
						"prebuiltLibPath":	[]
					},
					"isolation":	{
					}
				}]
		}]
}
KEYINFO::2025-02-12.14:22:04::SCWPlatform::updated the xpfm file.
TRACE::2025-02-12.14:22:05::SCWPlatform::Trying to open the hw design at C:/Users/j54mao/ECE423/ECE-423-Labs/workspace/Assignment2_newest/hw/lab_prefab_wrapper_newest_lab2.xsa
TRACE::2025-02-12.14:22:05::SCWPlatform::DSA given C:/Users/j54mao/ECE423/ECE-423-Labs/workspace/Assignment2_newest/hw/lab_prefab_wrapper_newest_lab2.xsa
TRACE::2025-02-12.14:22:05::SCWPlatform::DSA absoulate path C:/Users/j54mao/ECE423/ECE-423-Labs/workspace/Assignment2_newest/hw/lab_prefab_wrapper_newest_lab2.xsa
TRACE::2025-02-12.14:22:05::SCWPlatform::DSA directory C:/Users/j54mao/ECE423/ECE-423-Labs/workspace/Assignment2_newest/hw
TRACE::2025-02-12.14:22:05::SCWPlatform:: Platform Path C:/Users/j54mao/ECE423/ECE-423-Labs/workspace/Assignment2_newest/hw/lab_prefab_wrapper_newest_lab2.xsa
TRACE::2025-02-12.14:22:05::SCWPlatform:: Unique name xilinx:pynq-z1::0.0
TRACE::2025-02-12.14:22:05::SCWPlatform::Trying to set the existing hwdb with name lab_prefab_wrapper_1
TRACE::2025-02-12.14:22:05::SCWPlatform::Opened existing hwdb lab_prefab_wrapper_1
TRACE::2025-02-12.14:22:05::SCWPlatform::Found the Hw Db part of the input DSA
TRACE::2025-02-12.14:22:05::SCWMssOS::Checking the sw design at  C:/Users/j54mao/ECE423/ECE-423-Labs/workspace/Assignment2_newest/ps7_cortexa9_0/standalone_domain/bsp/system.mss
TRACE::2025-02-12.14:22:05::SCWMssOS::DEBUG:  swdes dump  C:/Users/j54mao/ECE423/ECE-423-Labs/workspace/Assignment2_debugging/ps7_cortexa9_0/standalone_domain/bsp/system.mss|system_2||
C:/Users/j54mao/ECE423/ECE-423-Labs/workspace/Assignment2_debugging/zynq_fsbl/zynq_fsbl_bsp/system.mss|system_1||
C:/Users/j54mao/ECE423/ECE-423-Labs/workspace/Assignment2_newest/ps7_cortexa9_0/standalone_domain/bsp/system.mss|system_0||
C:/Users/j54mao/ECE423/ECE-423-Labs/workspace/Assignment2_newest/zynq_fsbl/zynq_fsbl_bsp/system.mss|system||
C:/Users/j54mao/ECE423/ECE-423-Labs/workspace/lab_prefab_wrapper/zynq_fsbl/zynq_fsbl_bsp/system.mss|system_3||

TRACE::2025-02-12.14:22:05::SCWMssOS::Sw design exists and opened at  C:/Users/j54mao/ECE423/ECE-423-Labs/workspace/Assignment2_newest/ps7_cortexa9_0/standalone_domain/bsp/system.mss
TRACE::2025-02-13.12:40:05::SCWPlatform::Trying to open the hw design at C:/Users/hmcculla/ECE423/ECE-423-Labs/workspace/Assignment2_newest/hw/lab_prefab_wrapper_newest_lab2.xsa
TRACE::2025-02-13.12:40:05::SCWPlatform::DSA given C:/Users/hmcculla/ECE423/ECE-423-Labs/workspace/Assignment2_newest/hw/lab_prefab_wrapper_newest_lab2.xsa
TRACE::2025-02-13.12:40:05::SCWPlatform::DSA absoulate path C:/Users/hmcculla/ECE423/ECE-423-Labs/workspace/Assignment2_newest/hw/lab_prefab_wrapper_newest_lab2.xsa
TRACE::2025-02-13.12:40:05::SCWPlatform::DSA directory C:/Users/hmcculla/ECE423/ECE-423-Labs/workspace/Assignment2_newest/hw
TRACE::2025-02-13.12:40:05::SCWPlatform:: Platform Path C:/Users/hmcculla/ECE423/ECE-423-Labs/workspace/Assignment2_newest/hw/lab_prefab_wrapper_newest_lab2.xsa
TRACE::2025-02-13.12:40:05::SCWPlatform:: Unique name xilinx:pynq-z1::0.0
TRACE::2025-02-13.12:40:05::SCWPlatform::Do not have an existing db opened. 
TRACE::2025-02-13.12:40:09::SCWPlatform::Opened new HwDB with name lab_prefab_wrapper_5
TRACE::2025-02-13.12:40:09::SCWReader::Active system found as  Assignment2_newest
TRACE::2025-02-13.12:40:09::SCWReader::Handling sysconfig Assignment2_newest
TRACE::2025-02-13.12:40:09::SCWDomain::checking for install qemu data   : 
TRACE::2025-02-13.12:40:09::SCWDomain:: Using the QEMU Data from install at  : C:/Software/Xilinx/Vitis/2022.1/data/emulation/platforms/zynq/sw/a9_standalone/qemu/
TRACE::2025-02-13.12:40:09::SCWDomain:: Using the QEMU args  from install at  : C:/Software/Xilinx/Vitis/2022.1/data/emulation/platforms/zynq/sw/a9_standalone/qemu/qemu_args.txt
TRACE::2025-02-13.12:40:09::SCWPlatform::Trying to open the hw design at C:/Users/hmcculla/ECE423/ECE-423-Labs/workspace/Assignment2_newest/hw/lab_prefab_wrapper_newest_lab2.xsa
TRACE::2025-02-13.12:40:09::SCWPlatform::DSA given C:/Users/hmcculla/ECE423/ECE-423-Labs/workspace/Assignment2_newest/hw/lab_prefab_wrapper_newest_lab2.xsa
TRACE::2025-02-13.12:40:09::SCWPlatform::DSA absoulate path C:/Users/hmcculla/ECE423/ECE-423-Labs/workspace/Assignment2_newest/hw/lab_prefab_wrapper_newest_lab2.xsa
TRACE::2025-02-13.12:40:09::SCWPlatform::DSA directory C:/Users/hmcculla/ECE423/ECE-423-Labs/workspace/Assignment2_newest/hw
TRACE::2025-02-13.12:40:09::SCWPlatform:: Platform Path C:/Users/hmcculla/ECE423/ECE-423-Labs/workspace/Assignment2_newest/hw/lab_prefab_wrapper_newest_lab2.xsa
TRACE::2025-02-13.12:40:09::SCWPlatform:: Unique name xilinx:pynq-z1::0.0
TRACE::2025-02-13.12:40:09::SCWPlatform::Trying to set the existing hwdb with name lab_prefab_wrapper_5
TRACE::2025-02-13.12:40:09::SCWPlatform::Opened existing hwdb lab_prefab_wrapper_5
TRACE::2025-02-13.12:40:09::SCWPlatform::Found the Hw Db part of the input DSA
TRACE::2025-02-13.12:40:09::SCWPlatform::Trying to open the hw design at C:/Users/hmcculla/ECE423/ECE-423-Labs/workspace/Assignment2_newest/hw/lab_prefab_wrapper_newest_lab2.xsa
TRACE::2025-02-13.12:40:09::SCWPlatform::DSA given C:/Users/hmcculla/ECE423/ECE-423-Labs/workspace/Assignment2_newest/hw/lab_prefab_wrapper_newest_lab2.xsa
TRACE::2025-02-13.12:40:09::SCWPlatform::DSA absoulate path C:/Users/hmcculla/ECE423/ECE-423-Labs/workspace/Assignment2_newest/hw/lab_prefab_wrapper_newest_lab2.xsa
TRACE::2025-02-13.12:40:09::SCWPlatform::DSA directory C:/Users/hmcculla/ECE423/ECE-423-Labs/workspace/Assignment2_newest/hw
TRACE::2025-02-13.12:40:09::SCWPlatform:: Platform Path C:/Users/hmcculla/ECE423/ECE-423-Labs/workspace/Assignment2_newest/hw/lab_prefab_wrapper_newest_lab2.xsa
TRACE::2025-02-13.12:40:09::SCWPlatform:: Unique name xilinx:pynq-z1::0.0
TRACE::2025-02-13.12:40:09::SCWPlatform::Trying to set the existing hwdb with name lab_prefab_wrapper_5
TRACE::2025-02-13.12:40:09::SCWPlatform::Opened existing hwdb lab_prefab_wrapper_5
TRACE::2025-02-13.12:40:09::SCWPlatform::Found the Hw Db part of the input DSA
TRACE::2025-02-13.12:40:09::SCWPlatform::Trying to open the hw design at C:/Users/hmcculla/ECE423/ECE-423-Labs/workspace/Assignment2_newest/hw/lab_prefab_wrapper_newest_lab2.xsa
TRACE::2025-02-13.12:40:09::SCWPlatform::DSA given C:/Users/hmcculla/ECE423/ECE-423-Labs/workspace/Assignment2_newest/hw/lab_prefab_wrapper_newest_lab2.xsa
TRACE::2025-02-13.12:40:09::SCWPlatform::DSA absoulate path C:/Users/hmcculla/ECE423/ECE-423-Labs/workspace/Assignment2_newest/hw/lab_prefab_wrapper_newest_lab2.xsa
TRACE::2025-02-13.12:40:09::SCWPlatform::DSA directory C:/Users/hmcculla/ECE423/ECE-423-Labs/workspace/Assignment2_newest/hw
TRACE::2025-02-13.12:40:09::SCWPlatform:: Platform Path C:/Users/hmcculla/ECE423/ECE-423-Labs/workspace/Assignment2_newest/hw/lab_prefab_wrapper_newest_lab2.xsa
TRACE::2025-02-13.12:40:09::SCWPlatform:: Unique name xilinx:pynq-z1::0.0
TRACE::2025-02-13.12:40:09::SCWPlatform::Trying to set the existing hwdb with name lab_prefab_wrapper_5
TRACE::2025-02-13.12:40:09::SCWPlatform::Opened existing hwdb lab_prefab_wrapper_5
TRACE::2025-02-13.12:40:09::SCWPlatform::Found the Hw Db part of the input DSA
TRACE::2025-02-13.12:40:09::SCWReader::Boot application domain added for zynq_fsbl
TRACE::2025-02-13.12:40:09::SCWPlatform::Trying to open the hw design at C:/Users/hmcculla/ECE423/ECE-423-Labs/workspace/Assignment2_newest/hw/lab_prefab_wrapper_newest_lab2.xsa
TRACE::2025-02-13.12:40:09::SCWPlatform::DSA given C:/Users/hmcculla/ECE423/ECE-423-Labs/workspace/Assignment2_newest/hw/lab_prefab_wrapper_newest_lab2.xsa
TRACE::2025-02-13.12:40:09::SCWPlatform::DSA absoulate path C:/Users/hmcculla/ECE423/ECE-423-Labs/workspace/Assignment2_newest/hw/lab_prefab_wrapper_newest_lab2.xsa
TRACE::2025-02-13.12:40:09::SCWPlatform::DSA directory C:/Users/hmcculla/ECE423/ECE-423-Labs/workspace/Assignment2_newest/hw
TRACE::2025-02-13.12:40:09::SCWPlatform:: Platform Path C:/Users/hmcculla/ECE423/ECE-423-Labs/workspace/Assignment2_newest/hw/lab_prefab_wrapper_newest_lab2.xsa
TRACE::2025-02-13.12:40:09::SCWPlatform:: Unique name xilinx:pynq-z1::0.0
TRACE::2025-02-13.12:40:09::SCWPlatform::Trying to set the existing hwdb with name lab_prefab_wrapper_5
TRACE::2025-02-13.12:40:09::SCWPlatform::Opened existing hwdb lab_prefab_wrapper_5
TRACE::2025-02-13.12:40:09::SCWPlatform::Found the Hw Db part of the input DSA
TRACE::2025-02-13.12:40:09::SCWMssOS::Checking the sw design at  C:/Users/hmcculla/ECE423/ECE-423-Labs/workspace/Assignment2_newest/zynq_fsbl/zynq_fsbl_bsp/system.mss
TRACE::2025-02-13.12:40:09::SCWMssOS::DEBUG:  swdes dump  C:/Users/hmcculla/ECE423/ECE-423-Labs/workspace/Assignment2_debugging/ps7_cortexa9_0/standalone_domain/bsp/system.mss|system_2||
C:/Users/hmcculla/ECE423/ECE-423-Labs/workspace/Assignment2_debugging/zynq_fsbl/zynq_fsbl_bsp/system.mss|system_1||
C:/Users/hmcculla/ECE423/ECE-423-Labs/workspace/assignment2_hunter_test/ps7_cortexa9_0/standalone_domain/bsp/system.mss|system||
C:/Users/hmcculla/ECE423/ECE-423-Labs/workspace/assignment2_hunter_test/zynq_fsbl/zynq_fsbl_bsp/system.mss|system_0||

TRACE::2025-02-13.12:40:09::SCWMssOS::No sw design opened at  C:/Users/hmcculla/ECE423/ECE-423-Labs/workspace/Assignment2_newest/zynq_fsbl/zynq_fsbl_bsp/system.mss
TRACE::2025-02-13.12:40:09::SCWMssOS::mss exists loading the mss file  C:/Users/hmcculla/ECE423/ECE-423-Labs/workspace/Assignment2_newest/zynq_fsbl/zynq_fsbl_bsp/system.mss
TRACE::2025-02-13.12:40:09::SCWMssOS::Opened the sw design from mss  C:/Users/hmcculla/ECE423/ECE-423-Labs/workspace/Assignment2_newest/zynq_fsbl/zynq_fsbl_bsp/system.mss
TRACE::2025-02-13.12:40:09::SCWMssOS::Adding the swdes entry C:/Users/hmcculla/ECE423/ECE-423-Labs/workspace/Assignment2_newest/zynq_fsbl/zynq_fsbl_bsp/system.mss with des name system_3
TRACE::2025-02-13.12:40:09::SCWMssOS::updating the scw layer about changes
TRACE::2025-02-13.12:40:09::SCWMssOS::Opened the sw design.  C:/Users/hmcculla/ECE423/ECE-423-Labs/workspace/Assignment2_newest/zynq_fsbl/zynq_fsbl_bsp/system.mss
TRACE::2025-02-13.12:40:09::SCWPlatform::Trying to open the hw design at C:/Users/hmcculla/ECE423/ECE-423-Labs/workspace/Assignment2_newest/hw/lab_prefab_wrapper_newest_lab2.xsa
TRACE::2025-02-13.12:40:09::SCWPlatform::DSA given C:/Users/hmcculla/ECE423/ECE-423-Labs/workspace/Assignment2_newest/hw/lab_prefab_wrapper_newest_lab2.xsa
TRACE::2025-02-13.12:40:09::SCWPlatform::DSA absoulate path C:/Users/hmcculla/ECE423/ECE-423-Labs/workspace/Assignment2_newest/hw/lab_prefab_wrapper_newest_lab2.xsa
TRACE::2025-02-13.12:40:09::SCWPlatform::DSA directory C:/Users/hmcculla/ECE423/ECE-423-Labs/workspace/Assignment2_newest/hw
TRACE::2025-02-13.12:40:09::SCWPlatform:: Platform Path C:/Users/hmcculla/ECE423/ECE-423-Labs/workspace/Assignment2_newest/hw/lab_prefab_wrapper_newest_lab2.xsa
TRACE::2025-02-13.12:40:09::SCWPlatform:: Unique name xilinx:pynq-z1::0.0
TRACE::2025-02-13.12:40:09::SCWPlatform::Trying to set the existing hwdb with name lab_prefab_wrapper_5
TRACE::2025-02-13.12:40:09::SCWPlatform::Opened existing hwdb lab_prefab_wrapper_5
TRACE::2025-02-13.12:40:09::SCWPlatform::Found the Hw Db part of the input DSA
TRACE::2025-02-13.12:40:09::SCWMssOS::Checking the sw design at  C:/Users/hmcculla/ECE423/ECE-423-Labs/workspace/Assignment2_newest/zynq_fsbl/zynq_fsbl_bsp/system.mss
TRACE::2025-02-13.12:40:09::SCWMssOS::DEBUG:  swdes dump  C:/Users/hmcculla/ECE423/ECE-423-Labs/workspace/Assignment2_debugging/ps7_cortexa9_0/standalone_domain/bsp/system.mss|system_2||
C:/Users/hmcculla/ECE423/ECE-423-Labs/workspace/Assignment2_debugging/zynq_fsbl/zynq_fsbl_bsp/system.mss|system_1||
C:/Users/hmcculla/ECE423/ECE-423-Labs/workspace/Assignment2_newest/zynq_fsbl/zynq_fsbl_bsp/system.mss|system_3||
C:/Users/hmcculla/ECE423/ECE-423-Labs/workspace/assignment2_hunter_test/ps7_cortexa9_0/standalone_domain/bsp/system.mss|system||
C:/Users/hmcculla/ECE423/ECE-423-Labs/workspace/assignment2_hunter_test/zynq_fsbl/zynq_fsbl_bsp/system.mss|system_0||

TRACE::2025-02-13.12:40:09::SCWMssOS::Sw design exists and opened at  C:/Users/hmcculla/ECE423/ECE-423-Labs/workspace/Assignment2_newest/zynq_fsbl/zynq_fsbl_bsp/system.mss
TRACE::2025-02-13.12:40:09::SCWMssOS:: library already available in sw design:  xilffs:4.7
TRACE::2025-02-13.12:40:09::SCWPlatform::Trying to open the hw design at C:/Users/hmcculla/ECE423/ECE-423-Labs/workspace/Assignment2_newest/hw/lab_prefab_wrapper_newest_lab2.xsa
TRACE::2025-02-13.12:40:09::SCWPlatform::DSA given C:/Users/hmcculla/ECE423/ECE-423-Labs/workspace/Assignment2_newest/hw/lab_prefab_wrapper_newest_lab2.xsa
TRACE::2025-02-13.12:40:09::SCWPlatform::DSA absoulate path C:/Users/hmcculla/ECE423/ECE-423-Labs/workspace/Assignment2_newest/hw/lab_prefab_wrapper_newest_lab2.xsa
TRACE::2025-02-13.12:40:09::SCWPlatform::DSA directory C:/Users/hmcculla/ECE423/ECE-423-Labs/workspace/Assignment2_newest/hw
TRACE::2025-02-13.12:40:09::SCWPlatform:: Platform Path C:/Users/hmcculla/ECE423/ECE-423-Labs/workspace/Assignment2_newest/hw/lab_prefab_wrapper_newest_lab2.xsa
TRACE::2025-02-13.12:40:09::SCWPlatform:: Unique name xilinx:pynq-z1::0.0
TRACE::2025-02-13.12:40:09::SCWPlatform::Trying to set the existing hwdb with name lab_prefab_wrapper_5
TRACE::2025-02-13.12:40:09::SCWPlatform::Opened existing hwdb lab_prefab_wrapper_5
TRACE::2025-02-13.12:40:09::SCWPlatform::Found the Hw Db part of the input DSA
TRACE::2025-02-13.12:40:09::SCWMssOS::Checking the sw design at  C:/Users/hmcculla/ECE423/ECE-423-Labs/workspace/Assignment2_newest/zynq_fsbl/zynq_fsbl_bsp/system.mss
TRACE::2025-02-13.12:40:09::SCWMssOS::DEBUG:  swdes dump  C:/Users/hmcculla/ECE423/ECE-423-Labs/workspace/Assignment2_debugging/ps7_cortexa9_0/standalone_domain/bsp/system.mss|system_2||
C:/Users/hmcculla/ECE423/ECE-423-Labs/workspace/Assignment2_debugging/zynq_fsbl/zynq_fsbl_bsp/system.mss|system_1||
C:/Users/hmcculla/ECE423/ECE-423-Labs/workspace/Assignment2_newest/zynq_fsbl/zynq_fsbl_bsp/system.mss|system_3||
C:/Users/hmcculla/ECE423/ECE-423-Labs/workspace/assignment2_hunter_test/ps7_cortexa9_0/standalone_domain/bsp/system.mss|system||
C:/Users/hmcculla/ECE423/ECE-423-Labs/workspace/assignment2_hunter_test/zynq_fsbl/zynq_fsbl_bsp/system.mss|system_0||

TRACE::2025-02-13.12:40:09::SCWMssOS::Sw design exists and opened at  C:/Users/hmcculla/ECE423/ECE-423-Labs/workspace/Assignment2_newest/zynq_fsbl/zynq_fsbl_bsp/system.mss
TRACE::2025-02-13.12:40:09::SCWMssOS:: library already available in sw design:  xilrsa:1.6
TRACE::2025-02-13.12:40:09::SCWPlatform::Trying to open the hw design at C:/Users/hmcculla/ECE423/ECE-423-Labs/workspace/Assignment2_newest/hw/lab_prefab_wrapper_newest_lab2.xsa
TRACE::2025-02-13.12:40:09::SCWPlatform::DSA given C:/Users/hmcculla/ECE423/ECE-423-Labs/workspace/Assignment2_newest/hw/lab_prefab_wrapper_newest_lab2.xsa
TRACE::2025-02-13.12:40:09::SCWPlatform::DSA absoulate path C:/Users/hmcculla/ECE423/ECE-423-Labs/workspace/Assignment2_newest/hw/lab_prefab_wrapper_newest_lab2.xsa
TRACE::2025-02-13.12:40:09::SCWPlatform::DSA directory C:/Users/hmcculla/ECE423/ECE-423-Labs/workspace/Assignment2_newest/hw
TRACE::2025-02-13.12:40:09::SCWPlatform:: Platform Path C:/Users/hmcculla/ECE423/ECE-423-Labs/workspace/Assignment2_newest/hw/lab_prefab_wrapper_newest_lab2.xsa
TRACE::2025-02-13.12:40:09::SCWPlatform:: Unique name xilinx:pynq-z1::0.0
TRACE::2025-02-13.12:40:09::SCWPlatform::Trying to set the existing hwdb with name lab_prefab_wrapper_5
TRACE::2025-02-13.12:40:09::SCWPlatform::Opened existing hwdb lab_prefab_wrapper_5
TRACE::2025-02-13.12:40:09::SCWPlatform::Found the Hw Db part of the input DSA
TRACE::2025-02-13.12:40:09::SCWMssOS::Checking the sw design at  C:/Users/hmcculla/ECE423/ECE-423-Labs/workspace/Assignment2_newest/zynq_fsbl/zynq_fsbl_bsp/system.mss
TRACE::2025-02-13.12:40:09::SCWMssOS::DEBUG:  swdes dump  C:/Users/hmcculla/ECE423/ECE-423-Labs/workspace/Assignment2_debugging/ps7_cortexa9_0/standalone_domain/bsp/system.mss|system_2||
C:/Users/hmcculla/ECE423/ECE-423-Labs/workspace/Assignment2_debugging/zynq_fsbl/zynq_fsbl_bsp/system.mss|system_1||
C:/Users/hmcculla/ECE423/ECE-423-Labs/workspace/Assignment2_newest/zynq_fsbl/zynq_fsbl_bsp/system.mss|system_3||
C:/Users/hmcculla/ECE423/ECE-423-Labs/workspace/assignment2_hunter_test/ps7_cortexa9_0/standalone_domain/bsp/system.mss|system||
C:/Users/hmcculla/ECE423/ECE-423-Labs/workspace/assignment2_hunter_test/zynq_fsbl/zynq_fsbl_bsp/system.mss|system_0||

TRACE::2025-02-13.12:40:09::SCWMssOS::Sw design exists and opened at  C:/Users/hmcculla/ECE423/ECE-423-Labs/workspace/Assignment2_newest/zynq_fsbl/zynq_fsbl_bsp/system.mss
TRACE::2025-02-13.12:40:09::SCWPlatform::Trying to open the hw design at C:/Users/hmcculla/ECE423/ECE-423-Labs/workspace/Assignment2_newest/hw/lab_prefab_wrapper_newest_lab2.xsa
TRACE::2025-02-13.12:40:09::SCWPlatform::DSA given C:/Users/hmcculla/ECE423/ECE-423-Labs/workspace/Assignment2_newest/hw/lab_prefab_wrapper_newest_lab2.xsa
TRACE::2025-02-13.12:40:09::SCWPlatform::DSA absoulate path C:/Users/hmcculla/ECE423/ECE-423-Labs/workspace/Assignment2_newest/hw/lab_prefab_wrapper_newest_lab2.xsa
TRACE::2025-02-13.12:40:09::SCWPlatform::DSA directory C:/Users/hmcculla/ECE423/ECE-423-Labs/workspace/Assignment2_newest/hw
TRACE::2025-02-13.12:40:09::SCWPlatform:: Platform Path C:/Users/hmcculla/ECE423/ECE-423-Labs/workspace/Assignment2_newest/hw/lab_prefab_wrapper_newest_lab2.xsa
TRACE::2025-02-13.12:40:09::SCWPlatform:: Unique name xilinx:pynq-z1::0.0
TRACE::2025-02-13.12:40:09::SCWPlatform::Trying to set the existing hwdb with name lab_prefab_wrapper_5
TRACE::2025-02-13.12:40:09::SCWPlatform::Opened existing hwdb lab_prefab_wrapper_5
TRACE::2025-02-13.12:40:09::SCWPlatform::Found the Hw Db part of the input DSA
TRACE::2025-02-13.12:40:09::SCWMssOS::Checking the sw design at  C:/Users/hmcculla/ECE423/ECE-423-Labs/workspace/Assignment2_newest/zynq_fsbl/zynq_fsbl_bsp/system.mss
TRACE::2025-02-13.12:40:09::SCWMssOS::DEBUG:  swdes dump  C:/Users/hmcculla/ECE423/ECE-423-Labs/workspace/Assignment2_debugging/ps7_cortexa9_0/standalone_domain/bsp/system.mss|system_2||
C:/Users/hmcculla/ECE423/ECE-423-Labs/workspace/Assignment2_debugging/zynq_fsbl/zynq_fsbl_bsp/system.mss|system_1||
C:/Users/hmcculla/ECE423/ECE-423-Labs/workspace/Assignment2_newest/zynq_fsbl/zynq_fsbl_bsp/system.mss|system_3||
C:/Users/hmcculla/ECE423/ECE-423-Labs/workspace/assignment2_hunter_test/ps7_cortexa9_0/standalone_domain/bsp/system.mss|system||
C:/Users/hmcculla/ECE423/ECE-423-Labs/workspace/assignment2_hunter_test/zynq_fsbl/zynq_fsbl_bsp/system.mss|system_0||

TRACE::2025-02-13.12:40:09::SCWMssOS::Sw design exists and opened at  C:/Users/hmcculla/ECE423/ECE-423-Labs/workspace/Assignment2_newest/zynq_fsbl/zynq_fsbl_bsp/system.mss
TRACE::2025-02-13.12:40:09::SCWPlatform::Trying to open the hw design at C:/Users/hmcculla/ECE423/ECE-423-Labs/workspace/Assignment2_newest/hw/lab_prefab_wrapper_newest_lab2.xsa
TRACE::2025-02-13.12:40:09::SCWPlatform::DSA given C:/Users/hmcculla/ECE423/ECE-423-Labs/workspace/Assignment2_newest/hw/lab_prefab_wrapper_newest_lab2.xsa
TRACE::2025-02-13.12:40:09::SCWPlatform::DSA absoulate path C:/Users/hmcculla/ECE423/ECE-423-Labs/workspace/Assignment2_newest/hw/lab_prefab_wrapper_newest_lab2.xsa
TRACE::2025-02-13.12:40:09::SCWPlatform::DSA directory C:/Users/hmcculla/ECE423/ECE-423-Labs/workspace/Assignment2_newest/hw
TRACE::2025-02-13.12:40:09::SCWPlatform:: Platform Path C:/Users/hmcculla/ECE423/ECE-423-Labs/workspace/Assignment2_newest/hw/lab_prefab_wrapper_newest_lab2.xsa
TRACE::2025-02-13.12:40:09::SCWPlatform:: Unique name xilinx:pynq-z1::0.0
TRACE::2025-02-13.12:40:09::SCWPlatform::Trying to set the existing hwdb with name lab_prefab_wrapper_5
TRACE::2025-02-13.12:40:09::SCWPlatform::Opened existing hwdb lab_prefab_wrapper_5
TRACE::2025-02-13.12:40:09::SCWPlatform::Found the Hw Db part of the input DSA
TRACE::2025-02-13.12:40:09::SCWMssOS::Checking the sw design at  C:/Users/hmcculla/ECE423/ECE-423-Labs/workspace/Assignment2_newest/zynq_fsbl/zynq_fsbl_bsp/system.mss
TRACE::2025-02-13.12:40:09::SCWMssOS::DEBUG:  swdes dump  C:/Users/hmcculla/ECE423/ECE-423-Labs/workspace/Assignment2_debugging/ps7_cortexa9_0/standalone_domain/bsp/system.mss|system_2||
C:/Users/hmcculla/ECE423/ECE-423-Labs/workspace/Assignment2_debugging/zynq_fsbl/zynq_fsbl_bsp/system.mss|system_1||
C:/Users/hmcculla/ECE423/ECE-423-Labs/workspace/Assignment2_newest/zynq_fsbl/zynq_fsbl_bsp/system.mss|system_3||
C:/Users/hmcculla/ECE423/ECE-423-Labs/workspace/assignment2_hunter_test/ps7_cortexa9_0/standalone_domain/bsp/system.mss|system||
C:/Users/hmcculla/ECE423/ECE-423-Labs/workspace/assignment2_hunter_test/zynq_fsbl/zynq_fsbl_bsp/system.mss|system_0||

TRACE::2025-02-13.12:40:09::SCWMssOS::Sw design exists and opened at  C:/Users/hmcculla/ECE423/ECE-423-Labs/workspace/Assignment2_newest/zynq_fsbl/zynq_fsbl_bsp/system.mss
TRACE::2025-02-13.12:40:09::SCWPlatform::Trying to open the hw design at C:/Users/hmcculla/ECE423/ECE-423-Labs/workspace/Assignment2_newest/hw/lab_prefab_wrapper_newest_lab2.xsa
TRACE::2025-02-13.12:40:09::SCWPlatform::DSA given C:/Users/hmcculla/ECE423/ECE-423-Labs/workspace/Assignment2_newest/hw/lab_prefab_wrapper_newest_lab2.xsa
TRACE::2025-02-13.12:40:09::SCWPlatform::DSA absoulate path C:/Users/hmcculla/ECE423/ECE-423-Labs/workspace/Assignment2_newest/hw/lab_prefab_wrapper_newest_lab2.xsa
TRACE::2025-02-13.12:40:09::SCWPlatform::DSA directory C:/Users/hmcculla/ECE423/ECE-423-Labs/workspace/Assignment2_newest/hw
TRACE::2025-02-13.12:40:09::SCWPlatform:: Platform Path C:/Users/hmcculla/ECE423/ECE-423-Labs/workspace/Assignment2_newest/hw/lab_prefab_wrapper_newest_lab2.xsa
TRACE::2025-02-13.12:40:09::SCWPlatform:: Unique name xilinx:pynq-z1::0.0
TRACE::2025-02-13.12:40:09::SCWPlatform::Trying to set the existing hwdb with name lab_prefab_wrapper_5
TRACE::2025-02-13.12:40:09::SCWPlatform::Opened existing hwdb lab_prefab_wrapper_5
TRACE::2025-02-13.12:40:09::SCWPlatform::Found the Hw Db part of the input DSA
TRACE::2025-02-13.12:40:09::SCWMssOS::Checking the sw design at  C:/Users/hmcculla/ECE423/ECE-423-Labs/workspace/Assignment2_newest/zynq_fsbl/zynq_fsbl_bsp/system.mss
TRACE::2025-02-13.12:40:09::SCWMssOS::DEBUG:  swdes dump  C:/Users/hmcculla/ECE423/ECE-423-Labs/workspace/Assignment2_debugging/ps7_cortexa9_0/standalone_domain/bsp/system.mss|system_2||
C:/Users/hmcculla/ECE423/ECE-423-Labs/workspace/Assignment2_debugging/zynq_fsbl/zynq_fsbl_bsp/system.mss|system_1||
C:/Users/hmcculla/ECE423/ECE-423-Labs/workspace/Assignment2_newest/zynq_fsbl/zynq_fsbl_bsp/system.mss|system_3||
C:/Users/hmcculla/ECE423/ECE-423-Labs/workspace/assignment2_hunter_test/ps7_cortexa9_0/standalone_domain/bsp/system.mss|system||
C:/Users/hmcculla/ECE423/ECE-423-Labs/workspace/assignment2_hunter_test/zynq_fsbl/zynq_fsbl_bsp/system.mss|system_0||

TRACE::2025-02-13.12:40:09::SCWMssOS::Sw design exists and opened at  C:/Users/hmcculla/ECE423/ECE-423-Labs/workspace/Assignment2_newest/zynq_fsbl/zynq_fsbl_bsp/system.mss
TRACE::2025-02-13.12:40:09::SCWMssOS::Saving the mss changes C:/Users/hmcculla/ECE423/ECE-423-Labs/workspace/Assignment2_newest/zynq_fsbl/zynq_fsbl_bsp/system.mss
TRACE::2025-02-13.12:40:09::SCWMssOS::Found a swdesign opened with the mssfile.
TRACE::2025-02-13.12:40:09::SCWMssOS::Completed writemss as part of save.
TRACE::2025-02-13.12:40:09::SCWMssOS::Commit changes completed.
TRACE::2025-02-13.12:40:09::SCWReader::Adding prebuilt librarypaths as   
TRACE::2025-02-13.12:40:09::SCWReader::Adding prebuilt incpaths  as   
TRACE::2025-02-13.12:40:09::SCWPlatform::Trying to open the hw design at C:/Users/hmcculla/ECE423/ECE-423-Labs/workspace/Assignment2_newest/hw/lab_prefab_wrapper_newest_lab2.xsa
TRACE::2025-02-13.12:40:09::SCWPlatform::DSA given C:/Users/hmcculla/ECE423/ECE-423-Labs/workspace/Assignment2_newest/hw/lab_prefab_wrapper_newest_lab2.xsa
TRACE::2025-02-13.12:40:09::SCWPlatform::DSA absoulate path C:/Users/hmcculla/ECE423/ECE-423-Labs/workspace/Assignment2_newest/hw/lab_prefab_wrapper_newest_lab2.xsa
TRACE::2025-02-13.12:40:09::SCWPlatform::DSA directory C:/Users/hmcculla/ECE423/ECE-423-Labs/workspace/Assignment2_newest/hw
TRACE::2025-02-13.12:40:09::SCWPlatform:: Platform Path C:/Users/hmcculla/ECE423/ECE-423-Labs/workspace/Assignment2_newest/hw/lab_prefab_wrapper_newest_lab2.xsa
TRACE::2025-02-13.12:40:09::SCWPlatform:: Unique name xilinx:pynq-z1::0.0
TRACE::2025-02-13.12:40:09::SCWPlatform::Trying to set the existing hwdb with name lab_prefab_wrapper_5
TRACE::2025-02-13.12:40:09::SCWPlatform::Opened existing hwdb lab_prefab_wrapper_5
TRACE::2025-02-13.12:40:09::SCWPlatform::Found the Hw Db part of the input DSA
TRACE::2025-02-13.12:40:09::SCWMssOS::Checking the sw design at  C:/Users/hmcculla/ECE423/ECE-423-Labs/workspace/Assignment2_newest/zynq_fsbl/zynq_fsbl_bsp/system.mss
TRACE::2025-02-13.12:40:09::SCWMssOS::DEBUG:  swdes dump  C:/Users/hmcculla/ECE423/ECE-423-Labs/workspace/Assignment2_debugging/ps7_cortexa9_0/standalone_domain/bsp/system.mss|system_2||
C:/Users/hmcculla/ECE423/ECE-423-Labs/workspace/Assignment2_debugging/zynq_fsbl/zynq_fsbl_bsp/system.mss|system_1||
C:/Users/hmcculla/ECE423/ECE-423-Labs/workspace/Assignment2_newest/zynq_fsbl/zynq_fsbl_bsp/system.mss|system_3||
C:/Users/hmcculla/ECE423/ECE-423-Labs/workspace/assignment2_hunter_test/ps7_cortexa9_0/standalone_domain/bsp/system.mss|system||
C:/Users/hmcculla/ECE423/ECE-423-Labs/workspace/assignment2_hunter_test/zynq_fsbl/zynq_fsbl_bsp/system.mss|system_0||

TRACE::2025-02-13.12:40:09::SCWMssOS::Sw design exists and opened at  C:/Users/hmcculla/ECE423/ECE-423-Labs/workspace/Assignment2_newest/zynq_fsbl/zynq_fsbl_bsp/system.mss
TRACE::2025-02-13.12:40:09::SCWReader::No isolation master present  
TRACE::2025-02-13.12:40:09::SCWDomain::checking for install qemu data   : 
TRACE::2025-02-13.12:40:09::SCWDomain:: Using the QEMU Data from install at  : C:/Software/Xilinx/Vitis/2022.1/data/emulation/platforms/zynq/sw/a9_standalone/qemu/
TRACE::2025-02-13.12:40:09::SCWDomain:: Using the QEMU args  from install at  : C:/Software/Xilinx/Vitis/2022.1/data/emulation/platforms/zynq/sw/a9_standalone/qemu/qemu_args.txt
TRACE::2025-02-13.12:40:09::SCWPlatform::Trying to open the hw design at C:/Users/hmcculla/ECE423/ECE-423-Labs/workspace/Assignment2_newest/hw/lab_prefab_wrapper_newest_lab2.xsa
TRACE::2025-02-13.12:40:09::SCWPlatform::DSA given C:/Users/hmcculla/ECE423/ECE-423-Labs/workspace/Assignment2_newest/hw/lab_prefab_wrapper_newest_lab2.xsa
TRACE::2025-02-13.12:40:09::SCWPlatform::DSA absoulate path C:/Users/hmcculla/ECE423/ECE-423-Labs/workspace/Assignment2_newest/hw/lab_prefab_wrapper_newest_lab2.xsa
TRACE::2025-02-13.12:40:09::SCWPlatform::DSA directory C:/Users/hmcculla/ECE423/ECE-423-Labs/workspace/Assignment2_newest/hw
TRACE::2025-02-13.12:40:09::SCWPlatform:: Platform Path C:/Users/hmcculla/ECE423/ECE-423-Labs/workspace/Assignment2_newest/hw/lab_prefab_wrapper_newest_lab2.xsa
TRACE::2025-02-13.12:40:09::SCWPlatform:: Unique name xilinx:pynq-z1::0.0
TRACE::2025-02-13.12:40:09::SCWPlatform::Trying to set the existing hwdb with name lab_prefab_wrapper_5
TRACE::2025-02-13.12:40:09::SCWPlatform::Opened existing hwdb lab_prefab_wrapper_5
TRACE::2025-02-13.12:40:09::SCWPlatform::Found the Hw Db part of the input DSA
TRACE::2025-02-13.12:40:09::SCWPlatform::Trying to open the hw design at C:/Users/hmcculla/ECE423/ECE-423-Labs/workspace/Assignment2_newest/hw/lab_prefab_wrapper_newest_lab2.xsa
TRACE::2025-02-13.12:40:09::SCWPlatform::DSA given C:/Users/hmcculla/ECE423/ECE-423-Labs/workspace/Assignment2_newest/hw/lab_prefab_wrapper_newest_lab2.xsa
TRACE::2025-02-13.12:40:09::SCWPlatform::DSA absoulate path C:/Users/hmcculla/ECE423/ECE-423-Labs/workspace/Assignment2_newest/hw/lab_prefab_wrapper_newest_lab2.xsa
TRACE::2025-02-13.12:40:09::SCWPlatform::DSA directory C:/Users/hmcculla/ECE423/ECE-423-Labs/workspace/Assignment2_newest/hw
TRACE::2025-02-13.12:40:09::SCWPlatform:: Platform Path C:/Users/hmcculla/ECE423/ECE-423-Labs/workspace/Assignment2_newest/hw/lab_prefab_wrapper_newest_lab2.xsa
TRACE::2025-02-13.12:40:09::SCWPlatform:: Unique name xilinx:pynq-z1::0.0
TRACE::2025-02-13.12:40:09::SCWPlatform::Trying to set the existing hwdb with name lab_prefab_wrapper_5
TRACE::2025-02-13.12:40:09::SCWPlatform::Opened existing hwdb lab_prefab_wrapper_5
TRACE::2025-02-13.12:40:09::SCWPlatform::Found the Hw Db part of the input DSA
TRACE::2025-02-13.12:40:09::SCWPlatform::Trying to open the hw design at C:/Users/hmcculla/ECE423/ECE-423-Labs/workspace/Assignment2_newest/hw/lab_prefab_wrapper_newest_lab2.xsa
TRACE::2025-02-13.12:40:09::SCWPlatform::DSA given C:/Users/hmcculla/ECE423/ECE-423-Labs/workspace/Assignment2_newest/hw/lab_prefab_wrapper_newest_lab2.xsa
TRACE::2025-02-13.12:40:09::SCWPlatform::DSA absoulate path C:/Users/hmcculla/ECE423/ECE-423-Labs/workspace/Assignment2_newest/hw/lab_prefab_wrapper_newest_lab2.xsa
TRACE::2025-02-13.12:40:09::SCWPlatform::DSA directory C:/Users/hmcculla/ECE423/ECE-423-Labs/workspace/Assignment2_newest/hw
TRACE::2025-02-13.12:40:09::SCWPlatform:: Platform Path C:/Users/hmcculla/ECE423/ECE-423-Labs/workspace/Assignment2_newest/hw/lab_prefab_wrapper_newest_lab2.xsa
TRACE::2025-02-13.12:40:09::SCWPlatform:: Unique name xilinx:pynq-z1::0.0
TRACE::2025-02-13.12:40:09::SCWPlatform::Trying to set the existing hwdb with name lab_prefab_wrapper_5
TRACE::2025-02-13.12:40:09::SCWPlatform::Opened existing hwdb lab_prefab_wrapper_5
TRACE::2025-02-13.12:40:09::SCWPlatform::Found the Hw Db part of the input DSA
TRACE::2025-02-13.12:40:09::SCWMssOS::Checking the sw design at  C:/Users/hmcculla/ECE423/ECE-423-Labs/workspace/Assignment2_newest/ps7_cortexa9_0/standalone_domain/bsp/system.mss
TRACE::2025-02-13.12:40:09::SCWMssOS::DEBUG:  swdes dump  C:/Users/hmcculla/ECE423/ECE-423-Labs/workspace/Assignment2_debugging/ps7_cortexa9_0/standalone_domain/bsp/system.mss|system_2||
C:/Users/hmcculla/ECE423/ECE-423-Labs/workspace/Assignment2_debugging/zynq_fsbl/zynq_fsbl_bsp/system.mss|system_1||
C:/Users/hmcculla/ECE423/ECE-423-Labs/workspace/Assignment2_newest/zynq_fsbl/zynq_fsbl_bsp/system.mss|system_3||
C:/Users/hmcculla/ECE423/ECE-423-Labs/workspace/assignment2_hunter_test/ps7_cortexa9_0/standalone_domain/bsp/system.mss|system||
C:/Users/hmcculla/ECE423/ECE-423-Labs/workspace/assignment2_hunter_test/zynq_fsbl/zynq_fsbl_bsp/system.mss|system_0||

TRACE::2025-02-13.12:40:09::SCWMssOS::No sw design opened at  C:/Users/hmcculla/ECE423/ECE-423-Labs/workspace/Assignment2_newest/ps7_cortexa9_0/standalone_domain/bsp/system.mss
TRACE::2025-02-13.12:40:09::SCWMssOS::mss exists loading the mss file  C:/Users/hmcculla/ECE423/ECE-423-Labs/workspace/Assignment2_newest/ps7_cortexa9_0/standalone_domain/bsp/system.mss
TRACE::2025-02-13.12:40:09::SCWMssOS::Opened the sw design from mss  C:/Users/hmcculla/ECE423/ECE-423-Labs/workspace/Assignment2_newest/ps7_cortexa9_0/standalone_domain/bsp/system.mss
TRACE::2025-02-13.12:40:09::SCWMssOS::Adding the swdes entry C:/Users/hmcculla/ECE423/ECE-423-Labs/workspace/Assignment2_newest/ps7_cortexa9_0/standalone_domain/bsp/system.mss with des name system_4
TRACE::2025-02-13.12:40:09::SCWMssOS::updating the scw layer about changes
TRACE::2025-02-13.12:40:09::SCWMssOS::Opened the sw design.  C:/Users/hmcculla/ECE423/ECE-423-Labs/workspace/Assignment2_newest/ps7_cortexa9_0/standalone_domain/bsp/system.mss
TRACE::2025-02-13.12:40:09::SCWPlatform::Trying to open the hw design at C:/Users/hmcculla/ECE423/ECE-423-Labs/workspace/Assignment2_newest/hw/lab_prefab_wrapper_newest_lab2.xsa
TRACE::2025-02-13.12:40:09::SCWPlatform::DSA given C:/Users/hmcculla/ECE423/ECE-423-Labs/workspace/Assignment2_newest/hw/lab_prefab_wrapper_newest_lab2.xsa
TRACE::2025-02-13.12:40:09::SCWPlatform::DSA absoulate path C:/Users/hmcculla/ECE423/ECE-423-Labs/workspace/Assignment2_newest/hw/lab_prefab_wrapper_newest_lab2.xsa
TRACE::2025-02-13.12:40:09::SCWPlatform::DSA directory C:/Users/hmcculla/ECE423/ECE-423-Labs/workspace/Assignment2_newest/hw
TRACE::2025-02-13.12:40:09::SCWPlatform:: Platform Path C:/Users/hmcculla/ECE423/ECE-423-Labs/workspace/Assignment2_newest/hw/lab_prefab_wrapper_newest_lab2.xsa
TRACE::2025-02-13.12:40:09::SCWPlatform:: Unique name xilinx:pynq-z1::0.0
TRACE::2025-02-13.12:40:09::SCWPlatform::Trying to set the existing hwdb with name lab_prefab_wrapper_5
TRACE::2025-02-13.12:40:09::SCWPlatform::Opened existing hwdb lab_prefab_wrapper_5
TRACE::2025-02-13.12:40:09::SCWPlatform::Found the Hw Db part of the input DSA
TRACE::2025-02-13.12:40:09::SCWMssOS::Checking the sw design at  C:/Users/hmcculla/ECE423/ECE-423-Labs/workspace/Assignment2_newest/ps7_cortexa9_0/standalone_domain/bsp/system.mss
TRACE::2025-02-13.12:40:09::SCWMssOS::DEBUG:  swdes dump  C:/Users/hmcculla/ECE423/ECE-423-Labs/workspace/Assignment2_debugging/ps7_cortexa9_0/standalone_domain/bsp/system.mss|system_2||
C:/Users/hmcculla/ECE423/ECE-423-Labs/workspace/Assignment2_debugging/zynq_fsbl/zynq_fsbl_bsp/system.mss|system_1||
C:/Users/hmcculla/ECE423/ECE-423-Labs/workspace/Assignment2_newest/ps7_cortexa9_0/standalone_domain/bsp/system.mss|system_4||
C:/Users/hmcculla/ECE423/ECE-423-Labs/workspace/Assignment2_newest/zynq_fsbl/zynq_fsbl_bsp/system.mss|system_3||
C:/Users/hmcculla/ECE423/ECE-423-Labs/workspace/assignment2_hunter_test/ps7_cortexa9_0/standalone_domain/bsp/system.mss|system||
C:/Users/hmcculla/ECE423/ECE-423-Labs/workspace/assignment2_hunter_test/zynq_fsbl/zynq_fsbl_bsp/system.mss|system_0||

TRACE::2025-02-13.12:40:09::SCWMssOS::Sw design exists and opened at  C:/Users/hmcculla/ECE423/ECE-423-Labs/workspace/Assignment2_newest/ps7_cortexa9_0/standalone_domain/bsp/system.mss
TRACE::2025-02-13.12:40:09::SCWMssOS:: library already available in sw design:  xilffs:4.7
TRACE::2025-02-13.12:40:09::SCWPlatform::Trying to open the hw design at C:/Users/hmcculla/ECE423/ECE-423-Labs/workspace/Assignment2_newest/hw/lab_prefab_wrapper_newest_lab2.xsa
TRACE::2025-02-13.12:40:09::SCWPlatform::DSA given C:/Users/hmcculla/ECE423/ECE-423-Labs/workspace/Assignment2_newest/hw/lab_prefab_wrapper_newest_lab2.xsa
TRACE::2025-02-13.12:40:09::SCWPlatform::DSA absoulate path C:/Users/hmcculla/ECE423/ECE-423-Labs/workspace/Assignment2_newest/hw/lab_prefab_wrapper_newest_lab2.xsa
TRACE::2025-02-13.12:40:09::SCWPlatform::DSA directory C:/Users/hmcculla/ECE423/ECE-423-Labs/workspace/Assignment2_newest/hw
TRACE::2025-02-13.12:40:09::SCWPlatform:: Platform Path C:/Users/hmcculla/ECE423/ECE-423-Labs/workspace/Assignment2_newest/hw/lab_prefab_wrapper_newest_lab2.xsa
TRACE::2025-02-13.12:40:09::SCWPlatform:: Unique name xilinx:pynq-z1::0.0
TRACE::2025-02-13.12:40:09::SCWPlatform::Trying to set the existing hwdb with name lab_prefab_wrapper_5
TRACE::2025-02-13.12:40:09::SCWPlatform::Opened existing hwdb lab_prefab_wrapper_5
TRACE::2025-02-13.12:40:09::SCWPlatform::Found the Hw Db part of the input DSA
TRACE::2025-02-13.12:40:09::SCWMssOS::Checking the sw design at  C:/Users/hmcculla/ECE423/ECE-423-Labs/workspace/Assignment2_newest/ps7_cortexa9_0/standalone_domain/bsp/system.mss
TRACE::2025-02-13.12:40:09::SCWMssOS::DEBUG:  swdes dump  C:/Users/hmcculla/ECE423/ECE-423-Labs/workspace/Assignment2_debugging/ps7_cortexa9_0/standalone_domain/bsp/system.mss|system_2||
C:/Users/hmcculla/ECE423/ECE-423-Labs/workspace/Assignment2_debugging/zynq_fsbl/zynq_fsbl_bsp/system.mss|system_1||
C:/Users/hmcculla/ECE423/ECE-423-Labs/workspace/Assignment2_newest/ps7_cortexa9_0/standalone_domain/bsp/system.mss|system_4||
C:/Users/hmcculla/ECE423/ECE-423-Labs/workspace/Assignment2_newest/zynq_fsbl/zynq_fsbl_bsp/system.mss|system_3||
C:/Users/hmcculla/ECE423/ECE-423-Labs/workspace/assignment2_hunter_test/ps7_cortexa9_0/standalone_domain/bsp/system.mss|system||
C:/Users/hmcculla/ECE423/ECE-423-Labs/workspace/assignment2_hunter_test/zynq_fsbl/zynq_fsbl_bsp/system.mss|system_0||

TRACE::2025-02-13.12:40:09::SCWMssOS::Sw design exists and opened at  C:/Users/hmcculla/ECE423/ECE-423-Labs/workspace/Assignment2_newest/ps7_cortexa9_0/standalone_domain/bsp/system.mss
TRACE::2025-02-13.12:40:09::SCWPlatform::Trying to open the hw design at C:/Users/hmcculla/ECE423/ECE-423-Labs/workspace/Assignment2_newest/hw/lab_prefab_wrapper_newest_lab2.xsa
TRACE::2025-02-13.12:40:09::SCWPlatform::DSA given C:/Users/hmcculla/ECE423/ECE-423-Labs/workspace/Assignment2_newest/hw/lab_prefab_wrapper_newest_lab2.xsa
TRACE::2025-02-13.12:40:09::SCWPlatform::DSA absoulate path C:/Users/hmcculla/ECE423/ECE-423-Labs/workspace/Assignment2_newest/hw/lab_prefab_wrapper_newest_lab2.xsa
TRACE::2025-02-13.12:40:09::SCWPlatform::DSA directory C:/Users/hmcculla/ECE423/ECE-423-Labs/workspace/Assignment2_newest/hw
TRACE::2025-02-13.12:40:09::SCWPlatform:: Platform Path C:/Users/hmcculla/ECE423/ECE-423-Labs/workspace/Assignment2_newest/hw/lab_prefab_wrapper_newest_lab2.xsa
TRACE::2025-02-13.12:40:09::SCWPlatform:: Unique name xilinx:pynq-z1::0.0
TRACE::2025-02-13.12:40:09::SCWPlatform::Trying to set the existing hwdb with name lab_prefab_wrapper_5
TRACE::2025-02-13.12:40:09::SCWPlatform::Opened existing hwdb lab_prefab_wrapper_5
TRACE::2025-02-13.12:40:09::SCWPlatform::Found the Hw Db part of the input DSA
TRACE::2025-02-13.12:40:09::SCWMssOS::Checking the sw design at  C:/Users/hmcculla/ECE423/ECE-423-Labs/workspace/Assignment2_newest/ps7_cortexa9_0/standalone_domain/bsp/system.mss
TRACE::2025-02-13.12:40:09::SCWMssOS::DEBUG:  swdes dump  C:/Users/hmcculla/ECE423/ECE-423-Labs/workspace/Assignment2_debugging/ps7_cortexa9_0/standalone_domain/bsp/system.mss|system_2||
C:/Users/hmcculla/ECE423/ECE-423-Labs/workspace/Assignment2_debugging/zynq_fsbl/zynq_fsbl_bsp/system.mss|system_1||
C:/Users/hmcculla/ECE423/ECE-423-Labs/workspace/Assignment2_newest/ps7_cortexa9_0/standalone_domain/bsp/system.mss|system_4||
C:/Users/hmcculla/ECE423/ECE-423-Labs/workspace/Assignment2_newest/zynq_fsbl/zynq_fsbl_bsp/system.mss|system_3||
C:/Users/hmcculla/ECE423/ECE-423-Labs/workspace/assignment2_hunter_test/ps7_cortexa9_0/standalone_domain/bsp/system.mss|system||
C:/Users/hmcculla/ECE423/ECE-423-Labs/workspace/assignment2_hunter_test/zynq_fsbl/zynq_fsbl_bsp/system.mss|system_0||

TRACE::2025-02-13.12:40:09::SCWMssOS::Sw design exists and opened at  C:/Users/hmcculla/ECE423/ECE-423-Labs/workspace/Assignment2_newest/ps7_cortexa9_0/standalone_domain/bsp/system.mss
TRACE::2025-02-13.12:40:09::SCWPlatform::Trying to open the hw design at C:/Users/hmcculla/ECE423/ECE-423-Labs/workspace/Assignment2_newest/hw/lab_prefab_wrapper_newest_lab2.xsa
TRACE::2025-02-13.12:40:09::SCWPlatform::DSA given C:/Users/hmcculla/ECE423/ECE-423-Labs/workspace/Assignment2_newest/hw/lab_prefab_wrapper_newest_lab2.xsa
TRACE::2025-02-13.12:40:09::SCWPlatform::DSA absoulate path C:/Users/hmcculla/ECE423/ECE-423-Labs/workspace/Assignment2_newest/hw/lab_prefab_wrapper_newest_lab2.xsa
TRACE::2025-02-13.12:40:09::SCWPlatform::DSA directory C:/Users/hmcculla/ECE423/ECE-423-Labs/workspace/Assignment2_newest/hw
TRACE::2025-02-13.12:40:09::SCWPlatform:: Platform Path C:/Users/hmcculla/ECE423/ECE-423-Labs/workspace/Assignment2_newest/hw/lab_prefab_wrapper_newest_lab2.xsa
TRACE::2025-02-13.12:40:09::SCWPlatform:: Unique name xilinx:pynq-z1::0.0
TRACE::2025-02-13.12:40:09::SCWPlatform::Trying to set the existing hwdb with name lab_prefab_wrapper_5
TRACE::2025-02-13.12:40:09::SCWPlatform::Opened existing hwdb lab_prefab_wrapper_5
TRACE::2025-02-13.12:40:09::SCWPlatform::Found the Hw Db part of the input DSA
TRACE::2025-02-13.12:40:09::SCWMssOS::Checking the sw design at  C:/Users/hmcculla/ECE423/ECE-423-Labs/workspace/Assignment2_newest/ps7_cortexa9_0/standalone_domain/bsp/system.mss
TRACE::2025-02-13.12:40:09::SCWMssOS::DEBUG:  swdes dump  C:/Users/hmcculla/ECE423/ECE-423-Labs/workspace/Assignment2_debugging/ps7_cortexa9_0/standalone_domain/bsp/system.mss|system_2||
C:/Users/hmcculla/ECE423/ECE-423-Labs/workspace/Assignment2_debugging/zynq_fsbl/zynq_fsbl_bsp/system.mss|system_1||
C:/Users/hmcculla/ECE423/ECE-423-Labs/workspace/Assignment2_newest/ps7_cortexa9_0/standalone_domain/bsp/system.mss|system_4||
C:/Users/hmcculla/ECE423/ECE-423-Labs/workspace/Assignment2_newest/zynq_fsbl/zynq_fsbl_bsp/system.mss|system_3||
C:/Users/hmcculla/ECE423/ECE-423-Labs/workspace/assignment2_hunter_test/ps7_cortexa9_0/standalone_domain/bsp/system.mss|system||
C:/Users/hmcculla/ECE423/ECE-423-Labs/workspace/assignment2_hunter_test/zynq_fsbl/zynq_fsbl_bsp/system.mss|system_0||

TRACE::2025-02-13.12:40:09::SCWMssOS::Sw design exists and opened at  C:/Users/hmcculla/ECE423/ECE-423-Labs/workspace/Assignment2_newest/ps7_cortexa9_0/standalone_domain/bsp/system.mss
TRACE::2025-02-13.12:40:09::SCWPlatform::Trying to open the hw design at C:/Users/hmcculla/ECE423/ECE-423-Labs/workspace/Assignment2_newest/hw/lab_prefab_wrapper_newest_lab2.xsa
TRACE::2025-02-13.12:40:09::SCWPlatform::DSA given C:/Users/hmcculla/ECE423/ECE-423-Labs/workspace/Assignment2_newest/hw/lab_prefab_wrapper_newest_lab2.xsa
TRACE::2025-02-13.12:40:09::SCWPlatform::DSA absoulate path C:/Users/hmcculla/ECE423/ECE-423-Labs/workspace/Assignment2_newest/hw/lab_prefab_wrapper_newest_lab2.xsa
TRACE::2025-02-13.12:40:09::SCWPlatform::DSA directory C:/Users/hmcculla/ECE423/ECE-423-Labs/workspace/Assignment2_newest/hw
TRACE::2025-02-13.12:40:09::SCWPlatform:: Platform Path C:/Users/hmcculla/ECE423/ECE-423-Labs/workspace/Assignment2_newest/hw/lab_prefab_wrapper_newest_lab2.xsa
TRACE::2025-02-13.12:40:09::SCWPlatform:: Unique name xilinx:pynq-z1::0.0
TRACE::2025-02-13.12:40:09::SCWPlatform::Trying to set the existing hwdb with name lab_prefab_wrapper_5
TRACE::2025-02-13.12:40:09::SCWPlatform::Opened existing hwdb lab_prefab_wrapper_5
TRACE::2025-02-13.12:40:09::SCWPlatform::Found the Hw Db part of the input DSA
TRACE::2025-02-13.12:40:09::SCWMssOS::Checking the sw design at  C:/Users/hmcculla/ECE423/ECE-423-Labs/workspace/Assignment2_newest/ps7_cortexa9_0/standalone_domain/bsp/system.mss
TRACE::2025-02-13.12:40:09::SCWMssOS::DEBUG:  swdes dump  C:/Users/hmcculla/ECE423/ECE-423-Labs/workspace/Assignment2_debugging/ps7_cortexa9_0/standalone_domain/bsp/system.mss|system_2||
C:/Users/hmcculla/ECE423/ECE-423-Labs/workspace/Assignment2_debugging/zynq_fsbl/zynq_fsbl_bsp/system.mss|system_1||
C:/Users/hmcculla/ECE423/ECE-423-Labs/workspace/Assignment2_newest/ps7_cortexa9_0/standalone_domain/bsp/system.mss|system_4||
C:/Users/hmcculla/ECE423/ECE-423-Labs/workspace/Assignment2_newest/zynq_fsbl/zynq_fsbl_bsp/system.mss|system_3||
C:/Users/hmcculla/ECE423/ECE-423-Labs/workspace/assignment2_hunter_test/ps7_cortexa9_0/standalone_domain/bsp/system.mss|system||
C:/Users/hmcculla/ECE423/ECE-423-Labs/workspace/assignment2_hunter_test/zynq_fsbl/zynq_fsbl_bsp/system.mss|system_0||

TRACE::2025-02-13.12:40:09::SCWMssOS::Sw design exists and opened at  C:/Users/hmcculla/ECE423/ECE-423-Labs/workspace/Assignment2_newest/ps7_cortexa9_0/standalone_domain/bsp/system.mss
TRACE::2025-02-13.12:40:09::SCWMssOS::Saving the mss changes C:/Users/hmcculla/ECE423/ECE-423-Labs/workspace/Assignment2_newest/ps7_cortexa9_0/standalone_domain/bsp/system.mss
TRACE::2025-02-13.12:40:09::SCWMssOS::Found a swdesign opened with the mssfile.
TRACE::2025-02-13.12:40:09::SCWMssOS::Completed writemss as part of save.
TRACE::2025-02-13.12:40:09::SCWMssOS::Commit changes completed.
TRACE::2025-02-13.12:40:09::SCWReader::Adding prebuilt librarypaths as   
TRACE::2025-02-13.12:40:09::SCWReader::Adding prebuilt incpaths  as   
TRACE::2025-02-13.12:40:09::SCWPlatform::Trying to open the hw design at C:/Users/hmcculla/ECE423/ECE-423-Labs/workspace/Assignment2_newest/hw/lab_prefab_wrapper_newest_lab2.xsa
TRACE::2025-02-13.12:40:09::SCWPlatform::DSA given C:/Users/hmcculla/ECE423/ECE-423-Labs/workspace/Assignment2_newest/hw/lab_prefab_wrapper_newest_lab2.xsa
TRACE::2025-02-13.12:40:09::SCWPlatform::DSA absoulate path C:/Users/hmcculla/ECE423/ECE-423-Labs/workspace/Assignment2_newest/hw/lab_prefab_wrapper_newest_lab2.xsa
TRACE::2025-02-13.12:40:09::SCWPlatform::DSA directory C:/Users/hmcculla/ECE423/ECE-423-Labs/workspace/Assignment2_newest/hw
TRACE::2025-02-13.12:40:09::SCWPlatform:: Platform Path C:/Users/hmcculla/ECE423/ECE-423-Labs/workspace/Assignment2_newest/hw/lab_prefab_wrapper_newest_lab2.xsa
TRACE::2025-02-13.12:40:09::SCWPlatform:: Unique name xilinx:pynq-z1::0.0
TRACE::2025-02-13.12:40:09::SCWPlatform::Trying to set the existing hwdb with name lab_prefab_wrapper_5
TRACE::2025-02-13.12:40:09::SCWPlatform::Opened existing hwdb lab_prefab_wrapper_5
TRACE::2025-02-13.12:40:09::SCWPlatform::Found the Hw Db part of the input DSA
TRACE::2025-02-13.12:40:09::SCWMssOS::Checking the sw design at  C:/Users/hmcculla/ECE423/ECE-423-Labs/workspace/Assignment2_newest/ps7_cortexa9_0/standalone_domain/bsp/system.mss
TRACE::2025-02-13.12:40:09::SCWMssOS::DEBUG:  swdes dump  C:/Users/hmcculla/ECE423/ECE-423-Labs/workspace/Assignment2_debugging/ps7_cortexa9_0/standalone_domain/bsp/system.mss|system_2||
C:/Users/hmcculla/ECE423/ECE-423-Labs/workspace/Assignment2_debugging/zynq_fsbl/zynq_fsbl_bsp/system.mss|system_1||
C:/Users/hmcculla/ECE423/ECE-423-Labs/workspace/Assignment2_newest/ps7_cortexa9_0/standalone_domain/bsp/system.mss|system_4||
C:/Users/hmcculla/ECE423/ECE-423-Labs/workspace/Assignment2_newest/zynq_fsbl/zynq_fsbl_bsp/system.mss|system_3||
C:/Users/hmcculla/ECE423/ECE-423-Labs/workspace/assignment2_hunter_test/ps7_cortexa9_0/standalone_domain/bsp/system.mss|system||
C:/Users/hmcculla/ECE423/ECE-423-Labs/workspace/assignment2_hunter_test/zynq_fsbl/zynq_fsbl_bsp/system.mss|system_0||

TRACE::2025-02-13.12:40:09::SCWMssOS::Sw design exists and opened at  C:/Users/hmcculla/ECE423/ECE-423-Labs/workspace/Assignment2_newest/ps7_cortexa9_0/standalone_domain/bsp/system.mss
TRACE::2025-02-13.12:40:09::SCWReader::No isolation master present  
LOG::2025-02-13.12:40:09::SCWPlatform::Started generating the artifacts platform Assignment2_newest
TRACE::2025-02-13.12:40:09::SCWPlatform::Sanity checking of platform is completed
LOG::2025-02-13.12:40:09::SCWPlatform::Started generating the artifacts for system configuration Assignment2_newest
LOG::2025-02-13.12:40:09::SCWSystem::Checking the domain zynq_fsbl
LOG::2025-02-13.12:40:09::SCWSystem::Doing application build for :  zynq_fsbl
TRACE::2025-02-13.12:40:09::SCWBDomain::Not a forced makefile updation, No changes are present. 
TRACE::2025-02-13.12:40:09::SCWDomain::Building the domain as part of full build :  zynq_fsbl
TRACE::2025-02-13.12:40:09::SCWPlatform::Trying to open the hw design at C:/Users/hmcculla/ECE423/ECE-423-Labs/workspace/Assignment2_newest/hw/lab_prefab_wrapper_newest_lab2.xsa
TRACE::2025-02-13.12:40:09::SCWPlatform::DSA given C:/Users/hmcculla/ECE423/ECE-423-Labs/workspace/Assignment2_newest/hw/lab_prefab_wrapper_newest_lab2.xsa
TRACE::2025-02-13.12:40:09::SCWPlatform::DSA absoulate path C:/Users/hmcculla/ECE423/ECE-423-Labs/workspace/Assignment2_newest/hw/lab_prefab_wrapper_newest_lab2.xsa
TRACE::2025-02-13.12:40:09::SCWPlatform::DSA directory C:/Users/hmcculla/ECE423/ECE-423-Labs/workspace/Assignment2_newest/hw
TRACE::2025-02-13.12:40:09::SCWPlatform:: Platform Path C:/Users/hmcculla/ECE423/ECE-423-Labs/workspace/Assignment2_newest/hw/lab_prefab_wrapper_newest_lab2.xsa
TRACE::2025-02-13.12:40:09::SCWPlatform:: Unique name xilinx:pynq-z1::0.0
TRACE::2025-02-13.12:40:09::SCWPlatform::Trying to set the existing hwdb with name lab_prefab_wrapper_5
TRACE::2025-02-13.12:40:09::SCWPlatform::Opened existing hwdb lab_prefab_wrapper_5
TRACE::2025-02-13.12:40:09::SCWPlatform::Found the Hw Db part of the input DSA
TRACE::2025-02-13.12:40:09::SCWMssOS::Checking the sw design at  C:/Users/hmcculla/ECE423/ECE-423-Labs/workspace/Assignment2_newest/zynq_fsbl/zynq_fsbl_bsp/system.mss
TRACE::2025-02-13.12:40:09::SCWMssOS::DEBUG:  swdes dump  C:/Users/hmcculla/ECE423/ECE-423-Labs/workspace/Assignment2_debugging/ps7_cortexa9_0/standalone_domain/bsp/system.mss|system_2||
C:/Users/hmcculla/ECE423/ECE-423-Labs/workspace/Assignment2_debugging/zynq_fsbl/zynq_fsbl_bsp/system.mss|system_1||
C:/Users/hmcculla/ECE423/ECE-423-Labs/workspace/Assignment2_newest/ps7_cortexa9_0/standalone_domain/bsp/system.mss|system_4||
C:/Users/hmcculla/ECE423/ECE-423-Labs/workspace/Assignment2_newest/zynq_fsbl/zynq_fsbl_bsp/system.mss|system_3||
C:/Users/hmcculla/ECE423/ECE-423-Labs/workspace/assignment2_hunter_test/ps7_cortexa9_0/standalone_domain/bsp/system.mss|system||
C:/Users/hmcculla/ECE423/ECE-423-Labs/workspace/assignment2_hunter_test/zynq_fsbl/zynq_fsbl_bsp/system.mss|system_0||

TRACE::2025-02-13.12:40:09::SCWMssOS::Sw design exists and opened at  C:/Users/hmcculla/ECE423/ECE-423-Labs/workspace/Assignment2_newest/zynq_fsbl/zynq_fsbl_bsp/system.mss
TRACE::2025-02-13.12:40:09::SCWBDomain::Completed writing the mss file at C:/Users/hmcculla/ECE423/ECE-423-Labs/workspace/Assignment2_newest/zynq_fsbl/zynq_fsbl_bsp
TRACE::2025-02-13.12:40:09::SCWBDomain::bsp generated is upto date with the mss file. Skipping bsp generation.
TRACE::2025-02-13.12:40:09::SCWBDomain::Not a forced makefile updation, No changes are present. 
TRACE::2025-02-13.12:40:09::SCWBDomain::System Command Ran  C:&  cd  C:/Users/hmcculla/ECE423/ECE-423-Labs/workspace/Assignment2_newest/zynq_fsbl& make -C  zynq_fsbl_bsp & make 
TRACE::2025-02-13.12:40:09::SCWBDomain::make: Entering directory 'C:/Users/hmcculla/ECE423/ECE-423-Labs/workspace/Assignment2_newest/zynq_fsbl/zynq_fsbl_bsp'

TRACE::2025-02-13.12:40:09::SCWBDomain::make --no-print-directory seq_libs

TRACE::2025-02-13.12:40:09::SCWBDomain::"Running Make include in ps7_cortexa9_0/libsrc/axidma_v9_14/src"

TRACE::2025-02-13.12:40:09::SCWBDomain::make -C ps7_cortexa9_0/libsrc/axidma_v9_14/src -s include  "SHELL=CMD" "COMPILER=arm-none-eabi-gcc" "ASSEMBLER=arm-none-eabi-as
TRACE::2025-02-13.12:40:09::SCWBDomain::" "ARCHIVER=arm-none-eabi-ar" "COMPILER_FLAGS=  -O2 -c" "EXTRA_COMPILER_FLAGS=-mcpu=cortex-a9 -mfpu=vfpv3 -mfloat-abi=hard -nos
TRACE::2025-02-13.12:40:09::SCWBDomain::tartfiles -g -Wall -Wextra -fno-tree-loop-distribute-patterns"

TRACE::2025-02-13.12:40:09::SCWBDomain::"Running Make include in ps7_cortexa9_0/libsrc/axivdma_v6_11/src"

TRACE::2025-02-13.12:40:09::SCWBDomain::make -C ps7_cortexa9_0/libsrc/axivdma_v6_11/src -s include  "SHELL=CMD" "COMPILER=arm-none-eabi-gcc" "ASSEMBLER=arm-none-eabi-a
TRACE::2025-02-13.12:40:09::SCWBDomain::s" "ARCHIVER=arm-none-eabi-ar" "COMPILER_FLAGS=  -O2 -c" "EXTRA_COMPILER_FLAGS=-mcpu=cortex-a9 -mfpu=vfpv3 -mfloat-abi=hard -no
TRACE::2025-02-13.12:40:09::SCWBDomain::startfiles -g -Wall -Wextra -fno-tree-loop-distribute-patterns"

TRACE::2025-02-13.12:40:09::SCWBDomain::"Running Make include in ps7_cortexa9_0/libsrc/coresightps_dcc_v1_8/src"

TRACE::2025-02-13.12:40:09::SCWBDomain::make -C ps7_cortexa9_0/libsrc/coresightps_dcc_v1_8/src -s include  "SHELL=CMD" "COMPILER=arm-none-eabi-gcc" "ASSEMBLER=arm-none
TRACE::2025-02-13.12:40:09::SCWBDomain::-eabi-as" "ARCHIVER=arm-none-eabi-ar" "COMPILER_FLAGS=  -O2 -c" "EXTRA_COMPILER_FLAGS=-mcpu=cortex-a9 -mfpu=vfpv3 -mfloat-abi=h
TRACE::2025-02-13.12:40:09::SCWBDomain::ard -nostartfiles -g -Wall -Wextra -fno-tree-loop-distribute-patterns"

TRACE::2025-02-13.12:40:09::SCWBDomain::"Running Make include in ps7_cortexa9_0/libsrc/cpu_cortexa9_v2_11/src"

TRACE::2025-02-13.12:40:09::SCWBDomain::make -C ps7_cortexa9_0/libsrc/cpu_cortexa9_v2_11/src -s include  "SHELL=CMD" "COMPILER=arm-none-eabi-gcc" "ASSEMBLER=arm-none-e
TRACE::2025-02-13.12:40:09::SCWBDomain::abi-as" "ARCHIVER=arm-none-eabi-ar" "COMPILER_FLAGS=  -O2 -c" "EXTRA_COMPILER_FLAGS=-mcpu=cortex-a9 -mfpu=vfpv3 -mfloat-abi=har
TRACE::2025-02-13.12:40:09::SCWBDomain::d -nostartfiles -g -Wall -Wextra -fno-tree-loop-distribute-patterns"

TRACE::2025-02-13.12:40:09::SCWBDomain::"Running Make include in ps7_cortexa9_0/libsrc/ddrps_v1_2/src"

TRACE::2025-02-13.12:40:09::SCWBDomain::make -C ps7_cortexa9_0/libsrc/ddrps_v1_2/src -s include  "SHELL=CMD" "COMPILER=arm-none-eabi-gcc" "ASSEMBLER=arm-none-eabi-as" 
TRACE::2025-02-13.12:40:09::SCWBDomain::"ARCHIVER=arm-none-eabi-ar" "COMPILER_FLAGS=  -O2 -c" "EXTRA_COMPILER_FLAGS=-mcpu=cortex-a9 -mfpu=vfpv3 -mfloat-abi=hard -nosta
TRACE::2025-02-13.12:40:09::SCWBDomain::rtfiles -g -Wall -Wextra -fno-tree-loop-distribute-patterns"

TRACE::2025-02-13.12:40:09::SCWBDomain::"Running Make include in ps7_cortexa9_0/libsrc/devcfg_v3_7/src"

TRACE::2025-02-13.12:40:09::SCWBDomain::make -C ps7_cortexa9_0/libsrc/devcfg_v3_7/src -s include  "SHELL=CMD" "COMPILER=arm-none-eabi-gcc" "ASSEMBLER=arm-none-eabi-as"
TRACE::2025-02-13.12:40:09::SCWBDomain:: "ARCHIVER=arm-none-eabi-ar" "COMPILER_FLAGS=  -O2 -c" "EXTRA_COMPILER_FLAGS=-mcpu=cortex-a9 -mfpu=vfpv3 -mfloat-abi=hard -nost
TRACE::2025-02-13.12:40:09::SCWBDomain::artfiles -g -Wall -Wextra -fno-tree-loop-distribute-patterns"

TRACE::2025-02-13.12:40:09::SCWBDomain::"Running Make include in ps7_cortexa9_0/libsrc/dmaps_v2_8/src"

TRACE::2025-02-13.12:40:09::SCWBDomain::make -C ps7_cortexa9_0/libsrc/dmaps_v2_8/src -s include  "SHELL=CMD" "COMPILER=arm-none-eabi-gcc" "ASSEMBLER=arm-none-eabi-as" 
TRACE::2025-02-13.12:40:09::SCWBDomain::"ARCHIVER=arm-none-eabi-ar" "COMPILER_FLAGS=  -O2 -c" "EXTRA_COMPILER_FLAGS=-mcpu=cortex-a9 -mfpu=vfpv3 -mfloat-abi=hard -nosta
TRACE::2025-02-13.12:40:09::SCWBDomain::rtfiles -g -Wall -Wextra -fno-tree-loop-distribute-patterns"

TRACE::2025-02-13.12:40:09::SCWBDomain::"Running Make include in ps7_cortexa9_0/libsrc/emacps_v3_16/src"

TRACE::2025-02-13.12:40:09::SCWBDomain::make -C ps7_cortexa9_0/libsrc/emacps_v3_16/src -s include  "SHELL=CMD" "COMPILER=arm-none-eabi-gcc" "ASSEMBLER=arm-none-eabi-as
TRACE::2025-02-13.12:40:09::SCWBDomain::" "ARCHIVER=arm-none-eabi-ar" "COMPILER_FLAGS=  -O2 -c" "EXTRA_COMPILER_FLAGS=-mcpu=cortex-a9 -mfpu=vfpv3 -mfloat-abi=hard -nos
TRACE::2025-02-13.12:40:09::SCWBDomain::tartfiles -g -Wall -Wextra -fno-tree-loop-distribute-patterns"

TRACE::2025-02-13.12:40:09::SCWBDomain::"Running Make include in ps7_cortexa9_0/libsrc/gpiops_v3_9/src"

TRACE::2025-02-13.12:40:09::SCWBDomain::make -C ps7_cortexa9_0/libsrc/gpiops_v3_9/src -s include  "SHELL=CMD" "COMPILER=arm-none-eabi-gcc" "ASSEMBLER=arm-none-eabi-as"
TRACE::2025-02-13.12:40:09::SCWBDomain:: "ARCHIVER=arm-none-eabi-ar" "COMPILER_FLAGS=  -O2 -c" "EXTRA_COMPILER_FLAGS=-mcpu=cortex-a9 -mfpu=vfpv3 -mfloat-abi=hard -nost
TRACE::2025-02-13.12:40:09::SCWBDomain::artfiles -g -Wall -Wextra -fno-tree-loop-distribute-patterns"

TRACE::2025-02-13.12:40:09::SCWBDomain::"Running Make include in ps7_cortexa9_0/libsrc/iicps_v3_15/src"

TRACE::2025-02-13.12:40:09::SCWBDomain::make -C ps7_cortexa9_0/libsrc/iicps_v3_15/src -s include  "SHELL=CMD" "COMPILER=arm-none-eabi-gcc" "ASSEMBLER=arm-none-eabi-as"
TRACE::2025-02-13.12:40:09::SCWBDomain:: "ARCHIVER=arm-none-eabi-ar" "COMPILER_FLAGS=  -O2 -c" "EXTRA_COMPILER_FLAGS=-mcpu=cortex-a9 -mfpu=vfpv3 -mfloat-abi=hard -nost
TRACE::2025-02-13.12:40:09::SCWBDomain::artfiles -g -Wall -Wextra -fno-tree-loop-distribute-patterns"

TRACE::2025-02-13.12:40:09::SCWBDomain::"Running Make include in ps7_cortexa9_0/libsrc/qspips_v3_9/src"

TRACE::2025-02-13.12:40:09::SCWBDomain::make -C ps7_cortexa9_0/libsrc/qspips_v3_9/src -s include  "SHELL=CMD" "COMPILER=arm-none-eabi-gcc" "ASSEMBLER=arm-none-eabi-as"
TRACE::2025-02-13.12:40:09::SCWBDomain:: "ARCHIVER=arm-none-eabi-ar" "COMPILER_FLAGS=  -O2 -c" "EXTRA_COMPILER_FLAGS=-mcpu=cortex-a9 -mfpu=vfpv3 -mfloat-abi=hard -nost
TRACE::2025-02-13.12:40:09::SCWBDomain::artfiles -g -Wall -Wextra -fno-tree-loop-distribute-patterns"

TRACE::2025-02-13.12:40:09::SCWBDomain::"Running Make include in ps7_cortexa9_0/libsrc/scugic_v4_7/src"

TRACE::2025-02-13.12:40:09::SCWBDomain::make -C ps7_cortexa9_0/libsrc/scugic_v4_7/src -s include  "SHELL=CMD" "COMPILER=arm-none-eabi-gcc" "ASSEMBLER=arm-none-eabi-as"
TRACE::2025-02-13.12:40:09::SCWBDomain:: "ARCHIVER=arm-none-eabi-ar" "COMPILER_FLAGS=  -O2 -c" "EXTRA_COMPILER_FLAGS=-mcpu=cortex-a9 -mfpu=vfpv3 -mfloat-abi=hard -nost
TRACE::2025-02-13.12:40:09::SCWBDomain::artfiles -g -Wall -Wextra -fno-tree-loop-distribute-patterns"

TRACE::2025-02-13.12:40:10::SCWBDomain::"Running Make include in ps7_cortexa9_0/libsrc/scutimer_v2_4/src"

TRACE::2025-02-13.12:40:10::SCWBDomain::make -C ps7_cortexa9_0/libsrc/scutimer_v2_4/src -s include  "SHELL=CMD" "COMPILER=arm-none-eabi-gcc" "ASSEMBLER=arm-none-eabi-a
TRACE::2025-02-13.12:40:10::SCWBDomain::s" "ARCHIVER=arm-none-eabi-ar" "COMPILER_FLAGS=  -O2 -c" "EXTRA_COMPILER_FLAGS=-mcpu=cortex-a9 -mfpu=vfpv3 -mfloat-abi=hard -no
TRACE::2025-02-13.12:40:10::SCWBDomain::startfiles -g -Wall -Wextra -fno-tree-loop-distribute-patterns"

TRACE::2025-02-13.12:40:10::SCWBDomain::"Running Make include in ps7_cortexa9_0/libsrc/scuwdt_v2_4/src"

TRACE::2025-02-13.12:40:10::SCWBDomain::make -C ps7_cortexa9_0/libsrc/scuwdt_v2_4/src -s include  "SHELL=CMD" "COMPILER=arm-none-eabi-gcc" "ASSEMBLER=arm-none-eabi-as"
TRACE::2025-02-13.12:40:10::SCWBDomain:: "ARCHIVER=arm-none-eabi-ar" "COMPILER_FLAGS=  -O2 -c" "EXTRA_COMPILER_FLAGS=-mcpu=cortex-a9 -mfpu=vfpv3 -mfloat-abi=hard -nost
TRACE::2025-02-13.12:40:10::SCWBDomain::artfiles -g -Wall -Wextra -fno-tree-loop-distribute-patterns"

TRACE::2025-02-13.12:40:10::SCWBDomain::"Running Make include in ps7_cortexa9_0/libsrc/sdps_v3_14/src"

TRACE::2025-02-13.12:40:10::SCWBDomain::make -C ps7_cortexa9_0/libsrc/sdps_v3_14/src -s include  "SHELL=CMD" "COMPILER=arm-none-eabi-gcc" "ASSEMBLER=arm-none-eabi-as" 
TRACE::2025-02-13.12:40:10::SCWBDomain::"ARCHIVER=arm-none-eabi-ar" "COMPILER_FLAGS=  -O2 -c" "EXTRA_COMPILER_FLAGS=-mcpu=cortex-a9 -mfpu=vfpv3 -mfloat-abi=hard -nosta
TRACE::2025-02-13.12:40:10::SCWBDomain::rtfiles -g -Wall -Wextra -fno-tree-loop-distribute-patterns"

TRACE::2025-02-13.12:40:10::SCWBDomain::"Running Make include in ps7_cortexa9_0/libsrc/standalone_v7_7/src"

TRACE::2025-02-13.12:40:10::SCWBDomain::make -C ps7_cortexa9_0/libsrc/standalone_v7_7/src -s include  "SHELL=CMD" "COMPILER=arm-none-eabi-gcc" "ASSEMBLER=arm-none-eabi
TRACE::2025-02-13.12:40:10::SCWBDomain::-as" "ARCHIVER=arm-none-eabi-ar" "COMPILER_FLAGS=  -O2 -c" "EXTRA_COMPILER_FLAGS=-mcpu=cortex-a9 -mfpu=vfpv3 -mfloat-abi=hard -
TRACE::2025-02-13.12:40:10::SCWBDomain::nostartfiles -g -Wall -Wextra -fno-tree-loop-distribute-patterns"

TRACE::2025-02-13.12:40:10::SCWBDomain::"Running Make include in ps7_cortexa9_0/libsrc/uartps_v3_11/src"

TRACE::2025-02-13.12:40:10::SCWBDomain::make -C ps7_cortexa9_0/libsrc/uartps_v3_11/src -s include  "SHELL=CMD" "COMPILER=arm-none-eabi-gcc" "ASSEMBLER=arm-none-eabi-as
TRACE::2025-02-13.12:40:10::SCWBDomain::" "ARCHIVER=arm-none-eabi-ar" "COMPILER_FLAGS=  -O2 -c" "EXTRA_COMPILER_FLAGS=-mcpu=cortex-a9 -mfpu=vfpv3 -mfloat-abi=hard -nos
TRACE::2025-02-13.12:40:10::SCWBDomain::tartfiles -g -Wall -Wextra -fno-tree-loop-distribute-patterns"

TRACE::2025-02-13.12:40:10::SCWBDomain::"Running Make include in ps7_cortexa9_0/libsrc/usbps_v2_7/src"

TRACE::2025-02-13.12:40:10::SCWBDomain::make -C ps7_cortexa9_0/libsrc/usbps_v2_7/src -s include  "SHELL=CMD" "COMPILER=arm-none-eabi-gcc" "ASSEMBLER=arm-none-eabi-as" 
TRACE::2025-02-13.12:40:10::SCWBDomain::"ARCHIVER=arm-none-eabi-ar" "COMPILER_FLAGS=  -O2 -c" "EXTRA_COMPILER_FLAGS=-mcpu=cortex-a9 -mfpu=vfpv3 -mfloat-abi=hard -nosta
TRACE::2025-02-13.12:40:10::SCWBDomain::rtfiles -g -Wall -Wextra -fno-tree-loop-distribute-patterns"

TRACE::2025-02-13.12:40:10::SCWBDomain::"Running Make include in ps7_cortexa9_0/libsrc/xadcps_v2_6/src"

TRACE::2025-02-13.12:40:10::SCWBDomain::make -C ps7_cortexa9_0/libsrc/xadcps_v2_6/src -s include  "SHELL=CMD" "COMPILER=arm-none-eabi-gcc" "ASSEMBLER=arm-none-eabi-as"
TRACE::2025-02-13.12:40:10::SCWBDomain:: "ARCHIVER=arm-none-eabi-ar" "COMPILER_FLAGS=  -O2 -c" "EXTRA_COMPILER_FLAGS=-mcpu=cortex-a9 -mfpu=vfpv3 -mfloat-abi=hard -nost
TRACE::2025-02-13.12:40:10::SCWBDomain::artfiles -g -Wall -Wextra -fno-tree-loop-distribute-patterns"

TRACE::2025-02-13.12:40:10::SCWBDomain::"Running Make include in ps7_cortexa9_0/libsrc/xilffs_v4_7/src"

TRACE::2025-02-13.12:40:10::SCWBDomain::make -C ps7_cortexa9_0/libsrc/xilffs_v4_7/src -s include  "SHELL=CMD" "COMPILER=arm-none-eabi-gcc" "ASSEMBLER=arm-none-eabi-as"
TRACE::2025-02-13.12:40:10::SCWBDomain:: "ARCHIVER=arm-none-eabi-ar" "COMPILER_FLAGS=  -O2 -c" "EXTRA_COMPILER_FLAGS=-mcpu=cortex-a9 -mfpu=vfpv3 -mfloat-abi=hard -nost
TRACE::2025-02-13.12:40:10::SCWBDomain::artfiles -g -Wall -Wextra -fno-tree-loop-distribute-patterns"

TRACE::2025-02-13.12:40:10::SCWBDomain::"Running Make include in ps7_cortexa9_0/libsrc/xilrsa_v1_6/src"

TRACE::2025-02-13.12:40:10::SCWBDomain::make -C ps7_cortexa9_0/libsrc/xilrsa_v1_6/src -s include  "SHELL=CMD" "COMPILER=arm-none-eabi-gcc" "ASSEMBLER=arm-none-eabi-as"
TRACE::2025-02-13.12:40:10::SCWBDomain:: "ARCHIVER=arm-none-eabi-ar" "COMPILER_FLAGS=  -O2 -c" "EXTRA_COMPILER_FLAGS=-mcpu=cortex-a9 -mfpu=vfpv3 -mfloat-abi=hard -nost
TRACE::2025-02-13.12:40:10::SCWBDomain::artfiles -g -Wall -Wextra -fno-tree-loop-distribute-patterns"

TRACE::2025-02-13.12:40:10::SCWBDomain::"Running Make libs in ps7_cortexa9_0/libsrc/xilrsa_v1_6/src"

TRACE::2025-02-13.12:40:10::SCWBDomain::make -C ps7_cortexa9_0/libsrc/xilrsa_v1_6/src -s libs  "SHELL=CMD" "COMPILER=arm-none-eabi-gcc" "ASSEMBLER=arm-none-eabi-as" "A
TRACE::2025-02-13.12:40:10::SCWBDomain::RCHIVER=arm-none-eabi-ar" "COMPILER_FLAGS=  -O2 -c" "EXTRA_COMPILER_FLAGS=-mcpu=cortex-a9 -mfpu=vfpv3 -mfloat-abi=hard -nostart
TRACE::2025-02-13.12:40:10::SCWBDomain::files -g -Wall -Wextra -fno-tree-loop-distribute-patterns"

TRACE::2025-02-13.12:40:10::SCWBDomain::'Finished building libraries sequentially.'

TRACE::2025-02-13.12:40:10::SCWBDomain::make -j 2 --no-print-directory par_libs

TRACE::2025-02-13.12:40:10::SCWBDomain::"Running Make include in ps7_cortexa9_0/libsrc/axidma_v9_14/src"

TRACE::2025-02-13.12:40:10::SCWBDomain::make -C ps7_cortexa9_0/libsrc/axidma_v9_14/src -s include  "SHELL=CMD" "COMPILER=arm-none-eabi-gcc" "ASSEMBLER=arm-none-eabi-as
TRACE::2025-02-13.12:40:10::SCWBDomain::" "ARCHIVER=arm-none-eabi-ar" "COMPILER_FLAGS=  -O2 -c" "EXTRA_COMPILER_FLAGS=-mcpu=cortex-a9 -mfpu=vfpv3 -mfloat-abi=hard -nos
TRACE::2025-02-13.12:40:10::SCWBDomain::tartfiles -g -Wall -Wextra -fno-tree-loop-distribute-patterns"

TRACE::2025-02-13.12:40:10::SCWBDomain::"Running Make include in ps7_cortexa9_0/libsrc/axivdma_v6_11/src"

TRACE::2025-02-13.12:40:10::SCWBDomain::make -C ps7_cortexa9_0/libsrc/axivdma_v6_11/src -s include  "SHELL=CMD" "COMPILER=arm-none-eabi-gcc" "ASSEMBLER=arm-none-eabi-a
TRACE::2025-02-13.12:40:10::SCWBDomain::s" "ARCHIVER=arm-none-eabi-ar" "COMPILER_FLAGS=  -O2 -c" "EXTRA_COMPILER_FLAGS=-mcpu=cortex-a9 -mfpu=vfpv3 -mfloat-abi=hard -no
TRACE::2025-02-13.12:40:10::SCWBDomain::startfiles -g -Wall -Wextra -fno-tree-loop-distribute-patterns"

TRACE::2025-02-13.12:40:10::SCWBDomain::"Running Make include in ps7_cortexa9_0/libsrc/coresightps_dcc_v1_8/src"

TRACE::2025-02-13.12:40:10::SCWBDomain::make -C ps7_cortexa9_0/libsrc/coresightps_dcc_v1_8/src -s include  "SHELL=CMD" "COMPILER=arm-none-eabi-gcc" "ASSEMBLER=arm-none
TRACE::2025-02-13.12:40:10::SCWBDomain::-eabi-as" "ARCHIVER=arm-none-eabi-ar" "COMPILER_FLAGS=  -O2 -c" "EXTRA_COMPILER_FLAGS=-mcpu=cortex-a9 -mfpu=vfpv3 -mfloat-abi=h
TRACE::2025-02-13.12:40:10::SCWBDomain::ard -nostartfiles -g -Wall -Wextra -fno-tree-loop-distribute-patterns"

TRACE::2025-02-13.12:40:10::SCWBDomain::"Running Make include in ps7_cortexa9_0/libsrc/cpu_cortexa9_v2_11/src"

TRACE::2025-02-13.12:40:10::SCWBDomain::make -C ps7_cortexa9_0/libsrc/cpu_cortexa9_v2_11/src -s include  "SHELL=CMD" "COMPILER=arm-none-eabi-gcc" "ASSEMBLER=arm-none-e
TRACE::2025-02-13.12:40:10::SCWBDomain::abi-as" "ARCHIVER=arm-none-eabi-ar" "COMPILER_FLAGS=  -O2 -c" "EXTRA_COMPILER_FLAGS=-mcpu=cortex-a9 -mfpu=vfpv3 -mfloat-abi=har
TRACE::2025-02-13.12:40:10::SCWBDomain::d -nostartfiles -g -Wall -Wextra -fno-tree-loop-distribute-patterns"

TRACE::2025-02-13.12:40:10::SCWBDomain::"Running Make include in ps7_cortexa9_0/libsrc/ddrps_v1_2/src"

TRACE::2025-02-13.12:40:10::SCWBDomain::make -C ps7_cortexa9_0/libsrc/ddrps_v1_2/src -s include  "SHELL=CMD" "COMPILER=arm-none-eabi-gcc" "ASSEMBLER=arm-none-eabi-as" 
TRACE::2025-02-13.12:40:10::SCWBDomain::"ARCHIVER=arm-none-eabi-ar" "COMPILER_FLAGS=  -O2 -c" "EXTRA_COMPILER_FLAGS=-mcpu=cortex-a9 -mfpu=vfpv3 -mfloat-abi=hard -nosta
TRACE::2025-02-13.12:40:10::SCWBDomain::rtfiles -g -Wall -Wextra -fno-tree-loop-distribute-patterns"

TRACE::2025-02-13.12:40:10::SCWBDomain::"Running Make include in ps7_cortexa9_0/libsrc/devcfg_v3_7/src"

TRACE::2025-02-13.12:40:10::SCWBDomain::make -C ps7_cortexa9_0/libsrc/devcfg_v3_7/src -s include  "SHELL=CMD" "COMPILER=arm-none-eabi-gcc" "ASSEMBLER=arm-none-eabi-as"
TRACE::2025-02-13.12:40:10::SCWBDomain:: "ARCHIVER=arm-none-eabi-ar" "COMPILER_FLAGS=  -O2 -c" "EXTRA_COMPILER_FLAGS=-mcpu=cortex-a9 -mfpu=vfpv3 -mfloat-abi=hard -nost
TRACE::2025-02-13.12:40:10::SCWBDomain::artfiles -g -Wall -Wextra -fno-tree-loop-distribute-patterns"

TRACE::2025-02-13.12:40:10::SCWBDomain::"Running Make include in ps7_cortexa9_0/libsrc/dmaps_v2_8/src"

TRACE::2025-02-13.12:40:10::SCWBDomain::make -C ps7_cortexa9_0/libsrc/dmaps_v2_8/src -s include  "SHELL=CMD" "COMPILER=arm-none-eabi-gcc" "ASSEMBLER=arm-none-eabi-as" 
TRACE::2025-02-13.12:40:10::SCWBDomain::"ARCHIVER=arm-none-eabi-ar" "COMPILER_FLAGS=  -O2 -c" "EXTRA_COMPILER_FLAGS=-mcpu=cortex-a9 -mfpu=vfpv3 -mfloat-abi=hard -nosta
TRACE::2025-02-13.12:40:10::SCWBDomain::rtfiles -g -Wall -Wextra -fno-tree-loop-distribute-patterns"

TRACE::2025-02-13.12:40:10::SCWBDomain::"Running Make include in ps7_cortexa9_0/libsrc/emacps_v3_16/src"

TRACE::2025-02-13.12:40:10::SCWBDomain::make -C ps7_cortexa9_0/libsrc/emacps_v3_16/src -s include  "SHELL=CMD" "COMPILER=arm-none-eabi-gcc" "ASSEMBLER=arm-none-eabi-as
TRACE::2025-02-13.12:40:10::SCWBDomain::" "ARCHIVER=arm-none-eabi-ar" "COMPILER_FLAGS=  -O2 -c" "EXTRA_COMPILER_FLAGS=-mcpu=cortex-a9 -mfpu=vfpv3 -mfloat-abi=hard -nos
TRACE::2025-02-13.12:40:10::SCWBDomain::tartfiles -g -Wall -Wextra -fno-tree-loop-distribute-patterns"

TRACE::2025-02-13.12:40:11::SCWBDomain::"Running Make include in ps7_cortexa9_0/libsrc/gpiops_v3_9/src"

TRACE::2025-02-13.12:40:11::SCWBDomain::make -C ps7_cortexa9_0/libsrc/gpiops_v3_9/src -s include  "SHELL=CMD" "COMPILER=arm-none-eabi-gcc" "ASSEMBLER=arm-none-eabi-as"
TRACE::2025-02-13.12:40:11::SCWBDomain:: "ARCHIVER=arm-none-eabi-ar" "COMPILER_FLAGS=  -O2 -c" "EXTRA_COMPILER_FLAGS=-mcpu=cortex-a9 -mfpu=vfpv3 -mfloat-abi=hard -nost
TRACE::2025-02-13.12:40:11::SCWBDomain::artfiles -g -Wall -Wextra -fno-tree-loop-distribute-patterns"

TRACE::2025-02-13.12:40:11::SCWBDomain::"Running Make include in ps7_cortexa9_0/libsrc/iicps_v3_15/src"

TRACE::2025-02-13.12:40:11::SCWBDomain::make -C ps7_cortexa9_0/libsrc/iicps_v3_15/src -s include  "SHELL=CMD" "COMPILER=arm-none-eabi-gcc" "ASSEMBLER=arm-none-eabi-as"
TRACE::2025-02-13.12:40:11::SCWBDomain:: "ARCHIVER=arm-none-eabi-ar" "COMPILER_FLAGS=  -O2 -c" "EXTRA_COMPILER_FLAGS=-mcpu=cortex-a9 -mfpu=vfpv3 -mfloat-abi=hard -nost
TRACE::2025-02-13.12:40:11::SCWBDomain::artfiles -g -Wall -Wextra -fno-tree-loop-distribute-patterns"

TRACE::2025-02-13.12:40:11::SCWBDomain::"Running Make include in ps7_cortexa9_0/libsrc/qspips_v3_9/src"

TRACE::2025-02-13.12:40:11::SCWBDomain::make -C ps7_cortexa9_0/libsrc/qspips_v3_9/src -s include  "SHELL=CMD" "COMPILER=arm-none-eabi-gcc" "ASSEMBLER=arm-none-eabi-as"
TRACE::2025-02-13.12:40:11::SCWBDomain:: "ARCHIVER=arm-none-eabi-ar" "COMPILER_FLAGS=  -O2 -c" "EXTRA_COMPILER_FLAGS=-mcpu=cortex-a9 -mfpu=vfpv3 -mfloat-abi=hard -nost
TRACE::2025-02-13.12:40:11::SCWBDomain::artfiles -g -Wall -Wextra -fno-tree-loop-distribute-patterns"

TRACE::2025-02-13.12:40:11::SCWBDomain::"Running Make include in ps7_cortexa9_0/libsrc/scugic_v4_7/src"

TRACE::2025-02-13.12:40:11::SCWBDomain::make -C ps7_cortexa9_0/libsrc/scugic_v4_7/src -s include  "SHELL=CMD" "COMPILER=arm-none-eabi-gcc" "ASSEMBLER=arm-none-eabi-as"
TRACE::2025-02-13.12:40:11::SCWBDomain:: "ARCHIVER=arm-none-eabi-ar" "COMPILER_FLAGS=  -O2 -c" "EXTRA_COMPILER_FLAGS=-mcpu=cortex-a9 -mfpu=vfpv3 -mfloat-abi=hard -nost
TRACE::2025-02-13.12:40:11::SCWBDomain::artfiles -g -Wall -Wextra -fno-tree-loop-distribute-patterns"

TRACE::2025-02-13.12:40:11::SCWBDomain::"Running Make include in ps7_cortexa9_0/libsrc/scutimer_v2_4/src"

TRACE::2025-02-13.12:40:11::SCWBDomain::make -C ps7_cortexa9_0/libsrc/scutimer_v2_4/src -s include  "SHELL=CMD" "COMPILER=arm-none-eabi-gcc" "ASSEMBLER=arm-none-eabi-a
TRACE::2025-02-13.12:40:11::SCWBDomain::s" "ARCHIVER=arm-none-eabi-ar" "COMPILER_FLAGS=  -O2 -c" "EXTRA_COMPILER_FLAGS=-mcpu=cortex-a9 -mfpu=vfpv3 -mfloat-abi=hard -no
TRACE::2025-02-13.12:40:11::SCWBDomain::startfiles -g -Wall -Wextra -fno-tree-loop-distribute-patterns"

TRACE::2025-02-13.12:40:11::SCWBDomain::"Running Make include in ps7_cortexa9_0/libsrc/scuwdt_v2_4/src"

TRACE::2025-02-13.12:40:11::SCWBDomain::make -C ps7_cortexa9_0/libsrc/scuwdt_v2_4/src -s include  "SHELL=CMD" "COMPILER=arm-none-eabi-gcc" "ASSEMBLER=arm-none-eabi-as"
TRACE::2025-02-13.12:40:11::SCWBDomain:: "ARCHIVER=arm-none-eabi-ar" "COMPILER_FLAGS=  -O2 -c" "EXTRA_COMPILER_FLAGS=-mcpu=cortex-a9 -mfpu=vfpv3 -mfloat-abi=hard -nost
TRACE::2025-02-13.12:40:11::SCWBDomain::artfiles -g -Wall -Wextra -fno-tree-loop-distribute-patterns"

TRACE::2025-02-13.12:40:11::SCWBDomain::"Running Make include in ps7_cortexa9_0/libsrc/sdps_v3_14/src"

TRACE::2025-02-13.12:40:11::SCWBDomain::make -C ps7_cortexa9_0/libsrc/sdps_v3_14/src -s include  "SHELL=CMD" "COMPILER=arm-none-eabi-gcc" "ASSEMBLER=arm-none-eabi-as" 
TRACE::2025-02-13.12:40:11::SCWBDomain::"ARCHIVER=arm-none-eabi-ar" "COMPILER_FLAGS=  -O2 -c" "EXTRA_COMPILER_FLAGS=-mcpu=cortex-a9 -mfpu=vfpv3 -mfloat-abi=hard -nosta
TRACE::2025-02-13.12:40:11::SCWBDomain::rtfiles -g -Wall -Wextra -fno-tree-loop-distribute-patterns"

TRACE::2025-02-13.12:40:11::SCWBDomain::"Running Make include in ps7_cortexa9_0/libsrc/standalone_v7_7/src"

TRACE::2025-02-13.12:40:11::SCWBDomain::make -C ps7_cortexa9_0/libsrc/standalone_v7_7/src -s include  "SHELL=CMD" "COMPILER=arm-none-eabi-gcc" "ASSEMBLER=arm-none-eabi
TRACE::2025-02-13.12:40:11::SCWBDomain::-as" "ARCHIVER=arm-none-eabi-ar" "COMPILER_FLAGS=  -O2 -c" "EXTRA_COMPILER_FLAGS=-mcpu=cortex-a9 -mfpu=vfpv3 -mfloat-abi=hard -
TRACE::2025-02-13.12:40:11::SCWBDomain::nostartfiles -g -Wall -Wextra -fno-tree-loop-distribute-patterns"

TRACE::2025-02-13.12:40:11::SCWBDomain::"Running Make include in ps7_cortexa9_0/libsrc/uartps_v3_11/src"

TRACE::2025-02-13.12:40:11::SCWBDomain::make -C ps7_cortexa9_0/libsrc/uartps_v3_11/src -s include  "SHELL=CMD" "COMPILER=arm-none-eabi-gcc" "ASSEMBLER=arm-none-eabi-as
TRACE::2025-02-13.12:40:11::SCWBDomain::" "ARCHIVER=arm-none-eabi-ar" "COMPILER_FLAGS=  -O2 -c" "EXTRA_COMPILER_FLAGS=-mcpu=cortex-a9 -mfpu=vfpv3 -mfloat-abi=hard -nos
TRACE::2025-02-13.12:40:11::SCWBDomain::tartfiles -g -Wall -Wextra -fno-tree-loop-distribute-patterns"

TRACE::2025-02-13.12:40:11::SCWBDomain::"Running Make include in ps7_cortexa9_0/libsrc/usbps_v2_7/src"

TRACE::2025-02-13.12:40:11::SCWBDomain::make -C ps7_cortexa9_0/libsrc/usbps_v2_7/src -s include  "SHELL=CMD" "COMPILER=arm-none-eabi-gcc" "ASSEMBLER=arm-none-eabi-as" 
TRACE::2025-02-13.12:40:11::SCWBDomain::"ARCHIVER=arm-none-eabi-ar" "COMPILER_FLAGS=  -O2 -c" "EXTRA_COMPILER_FLAGS=-mcpu=cortex-a9 -mfpu=vfpv3 -mfloat-abi=hard -nosta
TRACE::2025-02-13.12:40:11::SCWBDomain::rtfiles -g -Wall -Wextra -fno-tree-loop-distribute-patterns"

TRACE::2025-02-13.12:40:11::SCWBDomain::"Running Make include in ps7_cortexa9_0/libsrc/xadcps_v2_6/src"

TRACE::2025-02-13.12:40:11::SCWBDomain::make -C ps7_cortexa9_0/libsrc/xadcps_v2_6/src -s include  "SHELL=CMD" "COMPILER=arm-none-eabi-gcc" "ASSEMBLER=arm-none-eabi-as"
TRACE::2025-02-13.12:40:11::SCWBDomain:: "ARCHIVER=arm-none-eabi-ar" "COMPILER_FLAGS=  -O2 -c" "EXTRA_COMPILER_FLAGS=-mcpu=cortex-a9 -mfpu=vfpv3 -mfloat-abi=hard -nost
TRACE::2025-02-13.12:40:11::SCWBDomain::artfiles -g -Wall -Wextra -fno-tree-loop-distribute-patterns"

TRACE::2025-02-13.12:40:11::SCWBDomain::"Running Make include in ps7_cortexa9_0/libsrc/xilffs_v4_7/src"

TRACE::2025-02-13.12:40:11::SCWBDomain::make -C ps7_cortexa9_0/libsrc/xilffs_v4_7/src -s include  "SHELL=CMD" "COMPILER=arm-none-eabi-gcc" "ASSEMBLER=arm-none-eabi-as"
TRACE::2025-02-13.12:40:11::SCWBDomain:: "ARCHIVER=arm-none-eabi-ar" "COMPILER_FLAGS=  -O2 -c" "EXTRA_COMPILER_FLAGS=-mcpu=cortex-a9 -mfpu=vfpv3 -mfloat-abi=hard -nost
TRACE::2025-02-13.12:40:11::SCWBDomain::artfiles -g -Wall -Wextra -fno-tree-loop-distribute-patterns"

TRACE::2025-02-13.12:40:11::SCWBDomain::"Running Make include in ps7_cortexa9_0/libsrc/xilrsa_v1_6/src"

TRACE::2025-02-13.12:40:11::SCWBDomain::make -C ps7_cortexa9_0/libsrc/xilrsa_v1_6/src -s include  "SHELL=CMD" "COMPILER=arm-none-eabi-gcc" "ASSEMBLER=arm-none-eabi-as"
TRACE::2025-02-13.12:40:11::SCWBDomain:: "ARCHIVER=arm-none-eabi-ar" "COMPILER_FLAGS=  -O2 -c" "EXTRA_COMPILER_FLAGS=-mcpu=cortex-a9 -mfpu=vfpv3 -mfloat-abi=hard -nost
TRACE::2025-02-13.12:40:11::SCWBDomain::artfiles -g -Wall -Wextra -fno-tree-loop-distribute-patterns"

TRACE::2025-02-13.12:40:11::SCWBDomain::"Running Make libs in ps7_cortexa9_0/libsrc/axidma_v9_14/src"

TRACE::2025-02-13.12:40:11::SCWBDomain::make -C ps7_cortexa9_0/libsrc/axidma_v9_14/src -s libs  "SHELL=CMD" "COMPILER=arm-none-eabi-gcc" "ASSEMBLER=arm-none-eabi-as" "
TRACE::2025-02-13.12:40:11::SCWBDomain::ARCHIVER=arm-none-eabi-ar" "COMPILER_FLAGS=  -O2 -c" "EXTRA_COMPILER_FLAGS=-mcpu=cortex-a9 -mfpu=vfpv3 -mfloat-abi=hard -nostar
TRACE::2025-02-13.12:40:11::SCWBDomain::tfiles -g -Wall -Wextra -fno-tree-loop-distribute-patterns"

TRACE::2025-02-13.12:40:11::SCWBDomain::"Running Make libs in ps7_cortexa9_0/libsrc/axivdma_v6_11/src"

TRACE::2025-02-13.12:40:11::SCWBDomain::make -C ps7_cortexa9_0/libsrc/axivdma_v6_11/src -s libs  "SHELL=CMD" "COMPILER=arm-none-eabi-gcc" "ASSEMBLER=arm-none-eabi-as" 
TRACE::2025-02-13.12:40:11::SCWBDomain::"ARCHIVER=arm-none-eabi-ar" "COMPILER_FLAGS=  -O2 -c" "EXTRA_COMPILER_FLAGS=-mcpu=cortex-a9 -mfpu=vfpv3 -mfloat-abi=hard -nosta
TRACE::2025-02-13.12:40:11::SCWBDomain::rtfiles -g -Wall -Wextra -fno-tree-loop-distribute-patterns"

TRACE::2025-02-13.12:40:12::SCWBDomain::"Running Make libs in ps7_cortexa9_0/libsrc/coresightps_dcc_v1_8/src"

TRACE::2025-02-13.12:40:12::SCWBDomain::make -C ps7_cortexa9_0/libsrc/coresightps_dcc_v1_8/src -s libs  "SHELL=CMD" "COMPILER=arm-none-eabi-gcc" "ASSEMBLER=arm-none-ea
TRACE::2025-02-13.12:40:12::SCWBDomain::bi-as" "ARCHIVER=arm-none-eabi-ar" "COMPILER_FLAGS=  -O2 -c" "EXTRA_COMPILER_FLAGS=-mcpu=cortex-a9 -mfpu=vfpv3 -mfloat-abi=hard
TRACE::2025-02-13.12:40:12::SCWBDomain:: -nostartfiles -g -Wall -Wextra -fno-tree-loop-distribute-patterns"

TRACE::2025-02-13.12:40:12::SCWBDomain::"Running Make libs in ps7_cortexa9_0/libsrc/cpu_cortexa9_v2_11/src"

TRACE::2025-02-13.12:40:12::SCWBDomain::make -C ps7_cortexa9_0/libsrc/cpu_cortexa9_v2_11/src -s libs  "SHELL=CMD" "COMPILER=arm-none-eabi-gcc" "ASSEMBLER=arm-none-eabi
TRACE::2025-02-13.12:40:12::SCWBDomain::-as" "ARCHIVER=arm-none-eabi-ar" "COMPILER_FLAGS=  -O2 -c" "EXTRA_COMPILER_FLAGS=-mcpu=cortex-a9 -mfpu=vfpv3 -mfloat-abi=hard -
TRACE::2025-02-13.12:40:12::SCWBDomain::nostartfiles -g -Wall -Wextra -fno-tree-loop-distribute-patterns"

TRACE::2025-02-13.12:40:12::SCWBDomain::"Running Make libs in ps7_cortexa9_0/libsrc/ddrps_v1_2/src"

TRACE::2025-02-13.12:40:12::SCWBDomain::make -C ps7_cortexa9_0/libsrc/ddrps_v1_2/src -s libs  "SHELL=CMD" "COMPILER=arm-none-eabi-gcc" "ASSEMBLER=arm-none-eabi-as" "AR
TRACE::2025-02-13.12:40:12::SCWBDomain::CHIVER=arm-none-eabi-ar" "COMPILER_FLAGS=  -O2 -c" "EXTRA_COMPILER_FLAGS=-mcpu=cortex-a9 -mfpu=vfpv3 -mfloat-abi=hard -nostartf
TRACE::2025-02-13.12:40:12::SCWBDomain::iles -g -Wall -Wextra -fno-tree-loop-distribute-patterns"

TRACE::2025-02-13.12:40:12::SCWBDomain::"Running Make libs in ps7_cortexa9_0/libsrc/devcfg_v3_7/src"

TRACE::2025-02-13.12:40:12::SCWBDomain::make -C ps7_cortexa9_0/libsrc/devcfg_v3_7/src -s libs  "SHELL=CMD" "COMPILER=arm-none-eabi-gcc" "ASSEMBLER=arm-none-eabi-as" "A
TRACE::2025-02-13.12:40:12::SCWBDomain::RCHIVER=arm-none-eabi-ar" "COMPILER_FLAGS=  -O2 -c" "EXTRA_COMPILER_FLAGS=-mcpu=cortex-a9 -mfpu=vfpv3 -mfloat-abi=hard -nostart
TRACE::2025-02-13.12:40:12::SCWBDomain::files -g -Wall -Wextra -fno-tree-loop-distribute-patterns"

TRACE::2025-02-13.12:40:12::SCWBDomain::"Running Make libs in ps7_cortexa9_0/libsrc/dmaps_v2_8/src"

TRACE::2025-02-13.12:40:12::SCWBDomain::make -C ps7_cortexa9_0/libsrc/dmaps_v2_8/src -s libs  "SHELL=CMD" "COMPILER=arm-none-eabi-gcc" "ASSEMBLER=arm-none-eabi-as" "AR
TRACE::2025-02-13.12:40:12::SCWBDomain::CHIVER=arm-none-eabi-ar" "COMPILER_FLAGS=  -O2 -c" "EXTRA_COMPILER_FLAGS=-mcpu=cortex-a9 -mfpu=vfpv3 -mfloat-abi=hard -nostartf
TRACE::2025-02-13.12:40:12::SCWBDomain::iles -g -Wall -Wextra -fno-tree-loop-distribute-patterns"

TRACE::2025-02-13.12:40:13::SCWBDomain::"Running Make libs in ps7_cortexa9_0/libsrc/emacps_v3_16/src"

TRACE::2025-02-13.12:40:13::SCWBDomain::make -C ps7_cortexa9_0/libsrc/emacps_v3_16/src -s libs  "SHELL=CMD" "COMPILER=arm-none-eabi-gcc" "ASSEMBLER=arm-none-eabi-as" "
TRACE::2025-02-13.12:40:13::SCWBDomain::ARCHIVER=arm-none-eabi-ar" "COMPILER_FLAGS=  -O2 -c" "EXTRA_COMPILER_FLAGS=-mcpu=cortex-a9 -mfpu=vfpv3 -mfloat-abi=hard -nostar
TRACE::2025-02-13.12:40:13::SCWBDomain::tfiles -g -Wall -Wextra -fno-tree-loop-distribute-patterns"

TRACE::2025-02-13.12:40:14::SCWBDomain::"Running Make libs in ps7_cortexa9_0/libsrc/gpiops_v3_9/src"

TRACE::2025-02-13.12:40:14::SCWBDomain::make -C ps7_cortexa9_0/libsrc/gpiops_v3_9/src -s libs  "SHELL=CMD" "COMPILER=arm-none-eabi-gcc" "ASSEMBLER=arm-none-eabi-as" "A
TRACE::2025-02-13.12:40:14::SCWBDomain::RCHIVER=arm-none-eabi-ar" "COMPILER_FLAGS=  -O2 -c" "EXTRA_COMPILER_FLAGS=-mcpu=cortex-a9 -mfpu=vfpv3 -mfloat-abi=hard -nostart
TRACE::2025-02-13.12:40:14::SCWBDomain::files -g -Wall -Wextra -fno-tree-loop-distribute-patterns"

TRACE::2025-02-13.12:40:15::SCWBDomain::"Running Make libs in ps7_cortexa9_0/libsrc/iicps_v3_15/src"

TRACE::2025-02-13.12:40:15::SCWBDomain::make -C ps7_cortexa9_0/libsrc/iicps_v3_15/src -s libs  "SHELL=CMD" "COMPILER=arm-none-eabi-gcc" "ASSEMBLER=arm-none-eabi-as" "A
TRACE::2025-02-13.12:40:15::SCWBDomain::RCHIVER=arm-none-eabi-ar" "COMPILER_FLAGS=  -O2 -c" "EXTRA_COMPILER_FLAGS=-mcpu=cortex-a9 -mfpu=vfpv3 -mfloat-abi=hard -nostart
TRACE::2025-02-13.12:40:15::SCWBDomain::files -g -Wall -Wextra -fno-tree-loop-distribute-patterns"

TRACE::2025-02-13.12:40:15::SCWBDomain::"Running Make libs in ps7_cortexa9_0/libsrc/qspips_v3_9/src"

TRACE::2025-02-13.12:40:15::SCWBDomain::make -C ps7_cortexa9_0/libsrc/qspips_v3_9/src -s libs  "SHELL=CMD" "COMPILER=arm-none-eabi-gcc" "ASSEMBLER=arm-none-eabi-as" "A
TRACE::2025-02-13.12:40:15::SCWBDomain::RCHIVER=arm-none-eabi-ar" "COMPILER_FLAGS=  -O2 -c" "EXTRA_COMPILER_FLAGS=-mcpu=cortex-a9 -mfpu=vfpv3 -mfloat-abi=hard -nostart
TRACE::2025-02-13.12:40:15::SCWBDomain::files -g -Wall -Wextra -fno-tree-loop-distribute-patterns"

TRACE::2025-02-13.12:40:16::SCWBDomain::"Running Make libs in ps7_cortexa9_0/libsrc/scugic_v4_7/src"

TRACE::2025-02-13.12:40:16::SCWBDomain::make -C ps7_cortexa9_0/libsrc/scugic_v4_7/src -s libs  "SHELL=CMD" "COMPILER=arm-none-eabi-gcc" "ASSEMBLER=arm-none-eabi-as" "A
TRACE::2025-02-13.12:40:16::SCWBDomain::RCHIVER=arm-none-eabi-ar" "COMPILER_FLAGS=  -O2 -c" "EXTRA_COMPILER_FLAGS=-mcpu=cortex-a9 -mfpu=vfpv3 -mfloat-abi=hard -nostart
TRACE::2025-02-13.12:40:16::SCWBDomain::files -g -Wall -Wextra -fno-tree-loop-distribute-patterns"

TRACE::2025-02-13.12:40:16::SCWBDomain::"Running Make libs in ps7_cortexa9_0/libsrc/scutimer_v2_4/src"

TRACE::2025-02-13.12:40:16::SCWBDomain::make -C ps7_cortexa9_0/libsrc/scutimer_v2_4/src -s libs  "SHELL=CMD" "COMPILER=arm-none-eabi-gcc" "ASSEMBLER=arm-none-eabi-as" 
TRACE::2025-02-13.12:40:16::SCWBDomain::"ARCHIVER=arm-none-eabi-ar" "COMPILER_FLAGS=  -O2 -c" "EXTRA_COMPILER_FLAGS=-mcpu=cortex-a9 -mfpu=vfpv3 -mfloat-abi=hard -nosta
TRACE::2025-02-13.12:40:16::SCWBDomain::rtfiles -g -Wall -Wextra -fno-tree-loop-distribute-patterns"

TRACE::2025-02-13.12:40:17::SCWBDomain::"Running Make libs in ps7_cortexa9_0/libsrc/scuwdt_v2_4/src"

TRACE::2025-02-13.12:40:17::SCWBDomain::make -C ps7_cortexa9_0/libsrc/scuwdt_v2_4/src -s libs  "SHELL=CMD" "COMPILER=arm-none-eabi-gcc" "ASSEMBLER=arm-none-eabi-as" "A
TRACE::2025-02-13.12:40:17::SCWBDomain::RCHIVER=arm-none-eabi-ar" "COMPILER_FLAGS=  -O2 -c" "EXTRA_COMPILER_FLAGS=-mcpu=cortex-a9 -mfpu=vfpv3 -mfloat-abi=hard -nostart
TRACE::2025-02-13.12:40:17::SCWBDomain::files -g -Wall -Wextra -fno-tree-loop-distribute-patterns"

TRACE::2025-02-13.12:40:17::SCWBDomain::"Running Make libs in ps7_cortexa9_0/libsrc/sdps_v3_14/src"

TRACE::2025-02-13.12:40:17::SCWBDomain::make -C ps7_cortexa9_0/libsrc/sdps_v3_14/src -s libs  "SHELL=CMD" "COMPILER=arm-none-eabi-gcc" "ASSEMBLER=arm-none-eabi-as" "AR
TRACE::2025-02-13.12:40:17::SCWBDomain::CHIVER=arm-none-eabi-ar" "COMPILER_FLAGS=  -O2 -c" "EXTRA_COMPILER_FLAGS=-mcpu=cortex-a9 -mfpu=vfpv3 -mfloat-abi=hard -nostartf
TRACE::2025-02-13.12:40:17::SCWBDomain::iles -g -Wall -Wextra -fno-tree-loop-distribute-patterns"

TRACE::2025-02-13.12:40:17::SCWBDomain::"Running Make libs in ps7_cortexa9_0/libsrc/standalone_v7_7/src"

TRACE::2025-02-13.12:40:17::SCWBDomain::make -C ps7_cortexa9_0/libsrc/standalone_v7_7/src -s libs  "SHELL=CMD" "COMPILER=arm-none-eabi-gcc" "ASSEMBLER=arm-none-eabi-as
TRACE::2025-02-13.12:40:17::SCWBDomain::" "ARCHIVER=arm-none-eabi-ar" "COMPILER_FLAGS=  -O2 -c" "EXTRA_COMPILER_FLAGS=-mcpu=cortex-a9 -mfpu=vfpv3 -mfloat-abi=hard -nos
TRACE::2025-02-13.12:40:17::SCWBDomain::tartfiles -g -Wall -Wextra -fno-tree-loop-distribute-patterns"

TRACE::2025-02-13.12:40:18::SCWBDomain::"Running Make libs in ps7_cortexa9_0/libsrc/uartps_v3_11/src"

TRACE::2025-02-13.12:40:18::SCWBDomain::make -C ps7_cortexa9_0/libsrc/uartps_v3_11/src -s libs  "SHELL=CMD" "COMPILER=arm-none-eabi-gcc" "ASSEMBLER=arm-none-eabi-as" "
TRACE::2025-02-13.12:40:18::SCWBDomain::ARCHIVER=arm-none-eabi-ar" "COMPILER_FLAGS=  -O2 -c" "EXTRA_COMPILER_FLAGS=-mcpu=cortex-a9 -mfpu=vfpv3 -mfloat-abi=hard -nostar
TRACE::2025-02-13.12:40:18::SCWBDomain::tfiles -g -Wall -Wextra -fno-tree-loop-distribute-patterns"

TRACE::2025-02-13.12:40:20::SCWBDomain::"Running Make libs in ps7_cortexa9_0/libsrc/usbps_v2_7/src"

TRACE::2025-02-13.12:40:20::SCWBDomain::make -C ps7_cortexa9_0/libsrc/usbps_v2_7/src -s libs  "SHELL=CMD" "COMPILER=arm-none-eabi-gcc" "ASSEMBLER=arm-none-eabi-as" "AR
TRACE::2025-02-13.12:40:20::SCWBDomain::CHIVER=arm-none-eabi-ar" "COMPILER_FLAGS=  -O2 -c" "EXTRA_COMPILER_FLAGS=-mcpu=cortex-a9 -mfpu=vfpv3 -mfloat-abi=hard -nostartf
TRACE::2025-02-13.12:40:20::SCWBDomain::iles -g -Wall -Wextra -fno-tree-loop-distribute-patterns"

TRACE::2025-02-13.12:40:21::SCWBDomain::"Running Make libs in ps7_cortexa9_0/libsrc/xadcps_v2_6/src"

TRACE::2025-02-13.12:40:21::SCWBDomain::make -C ps7_cortexa9_0/libsrc/xadcps_v2_6/src -s libs  "SHELL=CMD" "COMPILER=arm-none-eabi-gcc" "ASSEMBLER=arm-none-eabi-as" "A
TRACE::2025-02-13.12:40:21::SCWBDomain::RCHIVER=arm-none-eabi-ar" "COMPILER_FLAGS=  -O2 -c" "EXTRA_COMPILER_FLAGS=-mcpu=cortex-a9 -mfpu=vfpv3 -mfloat-abi=hard -nostart
TRACE::2025-02-13.12:40:21::SCWBDomain::files -g -Wall -Wextra -fno-tree-loop-distribute-patterns"

TRACE::2025-02-13.12:40:22::SCWBDomain::"Running Make libs in ps7_cortexa9_0/libsrc/xilffs_v4_7/src"

TRACE::2025-02-13.12:40:22::SCWBDomain::make -C ps7_cortexa9_0/libsrc/xilffs_v4_7/src -s libs  "SHELL=CMD" "COMPILER=arm-none-eabi-gcc" "ASSEMBLER=arm-none-eabi-as" "A
TRACE::2025-02-13.12:40:22::SCWBDomain::RCHIVER=arm-none-eabi-ar" "COMPILER_FLAGS=  -O2 -c" "EXTRA_COMPILER_FLAGS=-mcpu=cortex-a9 -mfpu=vfpv3 -mfloat-abi=hard -nostart
TRACE::2025-02-13.12:40:22::SCWBDomain::files -g -Wall -Wextra -fno-tree-loop-distribute-patterns"

TRACE::2025-02-13.12:40:24::SCWBDomain::'Finished building libraries parallelly.'

TRACE::2025-02-13.12:40:24::SCWBDomain::make --no-print-directory archive

TRACE::2025-02-13.12:40:24::SCWBDomain::arm-none-eabi-ar -r  ps7_cortexa9_0/lib/libxil.a ps7_cortexa9_0/lib/xadcps_selftest.o ps7_cortexa9_0/lib/xplatform_info.o ps7_c
TRACE::2025-02-13.12:40:24::SCWBDomain::ortexa9_0/lib/time.o ps7_cortexa9_0/lib/_exit.o ps7_cortexa9_0/lib/xusbps_sinit.o ps7_cortexa9_0/lib/xdevcfg_hw.o ps7_cortexa9_
TRACE::2025-02-13.12:40:24::SCWBDomain::0/lib/xil_sleeptimer.o ps7_cortexa9_0/lib/xqspips_options.o ps7_cortexa9_0/lib/xdmaps_g.o ps7_cortexa9_0/lib/xscutimer_g.o ps7_
TRACE::2025-02-13.12:40:24::SCWBDomain::cortexa9_0/lib/xsdps_options.o ps7_cortexa9_0/lib/xil_misc_psreset_api.o ps7_cortexa9_0/lib/xdmaps_sinit.o ps7_cortexa9_0/lib/x
TRACE::2025-02-13.12:40:24::SCWBDomain::scutimer_sinit.o ps7_cortexa9_0/lib/xemacps_hw.o ps7_cortexa9_0/lib/inbyte.o ps7_cortexa9_0/lib/xscutimer_selftest.o ps7_cortex
TRACE::2025-02-13.12:40:24::SCWBDomain::a9_0/lib/putnum.o ps7_cortexa9_0/lib/xqspips_hw.o ps7_cortexa9_0/lib/xgpiops_g.o ps7_cortexa9_0/lib/xsdps.o ps7_cortexa9_0/lib/
TRACE::2025-02-13.12:40:24::SCWBDomain::close.o ps7_cortexa9_0/lib/xemacps_g.o ps7_cortexa9_0/lib/xgpiops_sinit.o ps7_cortexa9_0/lib/xgpiops_selftest.o ps7_cortexa9_0/
TRACE::2025-02-13.12:40:24::SCWBDomain::lib/xscuwdt.o ps7_cortexa9_0/lib/xaxivdma_g.o ps7_cortexa9_0/lib/xiicps_intr.o ps7_cortexa9_0/lib/xaxivdma_sinit.o ps7_cortexa9
TRACE::2025-02-13.12:40:24::SCWBDomain::_0/lib/xuartps_sinit.o ps7_cortexa9_0/lib/xaxivdma_selftest.o ps7_cortexa9_0/lib/xiicps_slave.o ps7_cortexa9_0/lib/xil_printf.o
TRACE::2025-02-13.12:40:24::SCWBDomain:: ps7_cortexa9_0/lib/kill.o ps7_cortexa9_0/lib/xadcps.o ps7_cortexa9_0/lib/xiicps_options.o ps7_cortexa9_0/lib/xdmaps.o ps7_cort
TRACE::2025-02-13.12:40:24::SCWBDomain::exa9_0/lib/xuartps_selftest.o ps7_cortexa9_0/lib/xuartps_g.o ps7_cortexa9_0/lib/lseek.o ps7_cortexa9_0/lib/xil_testmem.o ps7_co
TRACE::2025-02-13.12:40:24::SCWBDomain::rtexa9_0/lib/xusbps_hw.o ps7_cortexa9_0/lib/xl2cc_counter.o ps7_cortexa9_0/lib/xiicps_hw.o ps7_cortexa9_0/lib/asm_vectors.o ps7
TRACE::2025-02-13.12:40:24::SCWBDomain::_cortexa9_0/lib/usleep.o ps7_cortexa9_0/lib/abort.o ps7_cortexa9_0/lib/xscugic_intr.o ps7_cortexa9_0/lib/getpid.o ps7_cortexa9_
TRACE::2025-02-13.12:40:24::SCWBDomain::0/lib/xiicps_selftest.o ps7_cortexa9_0/lib/xil_testcache.o ps7_cortexa9_0/lib/xdevcfg_sinit.o ps7_cortexa9_0/lib/xgpiops.o ps7_
TRACE::2025-02-13.12:40:24::SCWBDomain::cortexa9_0/lib/xscutimer.o ps7_cortexa9_0/lib/xil_mem.o ps7_cortexa9_0/lib/xdevcfg_selftest.o ps7_cortexa9_0/lib/xpm_counter.o 
TRACE::2025-02-13.12:40:24::SCWBDomain::ps7_cortexa9_0/lib/xiicps.o ps7_cortexa9_0/lib/_sbrk.o ps7_cortexa9_0/lib/xiicps_master.o ps7_cortexa9_0/lib/xqspips_g.o ps7_co
TRACE::2025-02-13.12:40:24::SCWBDomain::rtexa9_0/lib/xemacps_bdring.o ps7_cortexa9_0/lib/xusbps_endpoint.o ps7_cortexa9_0/lib/xqspips_sinit.o ps7_cortexa9_0/lib/xqspip
TRACE::2025-02-13.12:40:24::SCWBDomain::s_selftest.o ps7_cortexa9_0/lib/xil_exception.o ps7_cortexa9_0/lib/sbrk.o ps7_cortexa9_0/lib/xaxivdma.o ps7_cortexa9_0/lib/xema
TRACE::2025-02-13.12:40:24::SCWBDomain::cps_control.o ps7_cortexa9_0/lib/open.o ps7_cortexa9_0/lib/xil_assert.o ps7_cortexa9_0/lib/xaxivdma_intr.o ps7_cortexa9_0/lib/x
TRACE::2025-02-13.12:40:24::SCWBDomain::usbps_intr.o ps7_cortexa9_0/lib/xsdps_host.o ps7_cortexa9_0/lib/xcoresightpsdcc.o ps7_cortexa9_0/lib/xscugic_hw.o ps7_cortexa9_
TRACE::2025-02-13.12:40:24::SCWBDomain::0/lib/sleep.o ps7_cortexa9_0/lib/xil-crt0.o ps7_cortexa9_0/lib/cpputest_time.o ps7_cortexa9_0/lib/print.o ps7_cortexa9_0/lib/re
TRACE::2025-02-13.12:40:24::SCWBDomain::ad.o ps7_cortexa9_0/lib/xiicps_g.o ps7_cortexa9_0/lib/xdevcfg.o ps7_cortexa9_0/lib/xadcps_intr.o ps7_cortexa9_0/lib/xqspips.o p
TRACE::2025-02-13.12:40:24::SCWBDomain::s7_cortexa9_0/lib/xemacps.o ps7_cortexa9_0/lib/xil_cache.o ps7_cortexa9_0/lib/xil_testio.o ps7_cortexa9_0/lib/_open.o ps7_corte
TRACE::2025-02-13.12:40:24::SCWBDomain::xa9_0/lib/unlink.o ps7_cortexa9_0/lib/xaxidma_g.o ps7_cortexa9_0/lib/xusbps.o ps7_cortexa9_0/lib/xusbps_g.o ps7_cortexa9_0/lib/
TRACE::2025-02-13.12:40:24::SCWBDomain::xdmaps_selftest.o ps7_cortexa9_0/lib/xaxidma_sinit.o ps7_cortexa9_0/lib/xil_spinlock.o ps7_cortexa9_0/lib/translation_table.o p
TRACE::2025-02-13.12:40:24::SCWBDomain::s7_cortexa9_0/lib/xaxidma_selftest.o ps7_cortexa9_0/lib/write.o ps7_cortexa9_0/lib/xil_mmu.o ps7_cortexa9_0/lib/boot.o ps7_cort
TRACE::2025-02-13.12:40:24::SCWBDomain::exa9_0/lib/xaxivdma_channel.o ps7_cortexa9_0/lib/cpu_init.o ps7_cortexa9_0/lib/xaxidma_bd.o ps7_cortexa9_0/lib/xil_sleepcommon.
TRACE::2025-02-13.12:40:24::SCWBDomain::o ps7_cortexa9_0/lib/xgpiops_intr.o ps7_cortexa9_0/lib/xscugic_sinit.o ps7_cortexa9_0/lib/fcntl.o ps7_cortexa9_0/lib/xdevcfg_g.
TRACE::2025-02-13.12:40:24::SCWBDomain::o ps7_cortexa9_0/lib/outbyte.o ps7_cortexa9_0/lib/xinterrupt_wrap.o ps7_cortexa9_0/lib/xuartps_hw.o ps7_cortexa9_0/lib/xtime_l.
TRACE::2025-02-13.12:40:24::SCWBDomain::o ps7_cortexa9_0/lib/xemacps_sinit.o ps7_cortexa9_0/lib/xscugic_selftest.o ps7_cortexa9_0/lib/xil_util.o ps7_cortexa9_0/lib/xua
TRACE::2025-02-13.12:40:24::SCWBDomain::rtps_intr.o ps7_cortexa9_0/lib/xuartps.o ps7_cortexa9_0/lib/xsdps_card.o ps7_cortexa9_0/lib/xdmaps_hw.o ps7_cortexa9_0/lib/xsdp
TRACE::2025-02-13.12:40:24::SCWBDomain::s_sinit.o ps7_cortexa9_0/lib/xscuwdt_sinit.o ps7_cortexa9_0/lib/xgpiops_hw.o ps7_cortexa9_0/lib/xsdps_g.o ps7_cortexa9_0/lib/fs
TRACE::2025-02-13.12:40:24::SCWBDomain::tat.o ps7_cortexa9_0/lib/xaxidma.o ps7_cortexa9_0/lib/errno.o ps7_cortexa9_0/lib/xdevcfg_intr.o ps7_cortexa9_0/lib/xuartps_opti
TRACE::2025-02-13.12:40:24::SCWBDomain::ons.o ps7_cortexa9_0/lib/vectors.o ps7_cortexa9_0/lib/xscuwdt_g.o ps7_cortexa9_0/lib/xil_clocking.o ps7_cortexa9_0/lib/xemacps_
TRACE::2025-02-13.12:40:24::SCWBDomain::intr.o ps7_cortexa9_0/lib/xscuwdt_selftest.o ps7_cortexa9_0/lib/xscugic_g.o ps7_cortexa9_0/lib/isatty.o ps7_cortexa9_0/lib/xscu
TRACE::2025-02-13.12:40:24::SCWBDomain::gic.o ps7_cortexa9_0/lib/xiicps_sinit.o ps7_cortexa9_0/lib/xadcps_g.o ps7_cortexa9_0/lib/xaxidma_bdring.o ps7_cortexa9_0/lib/xa
TRACE::2025-02-13.12:40:24::SCWBDomain::dcps_sinit.o ps7_cortexa9_0/lib/xiicps_xfer.o

TRACE::2025-02-13.12:40:24::SCWBDomain::'Finished building libraries'

TRACE::2025-02-13.12:40:24::SCWBDomain::make: Leaving directory 'C:/Users/hmcculla/ECE423/ECE-423-Labs/workspace/Assignment2_newest/zynq_fsbl/zynq_fsbl_bsp'

TRACE::2025-02-13.12:40:24::SCWBDomain::arm-none-eabi-gcc  -O2 -c -MMD -MP       -mcpu=cortex-a9 -mfpu=vfpv3 -mfloat-abi=hard  -c sd.c -o sd.o -Izynq_fsbl_bsp/ps7_cort
TRACE::2025-02-13.12:40:24::SCWBDomain::exa9_0/include -I.

TRACE::2025-02-13.12:40:24::SCWBDomain::arm-none-eabi-gcc  -O2 -c -MMD -MP       -mcpu=cortex-a9 -mfpu=vfpv3 -mfloat-abi=hard  -c nand.c -o nand.o -Izynq_fsbl_bsp/ps7_
TRACE::2025-02-13.12:40:24::SCWBDomain::cortexa9_0/include -I.

TRACE::2025-02-13.12:40:24::SCWBDomain::arm-none-eabi-gcc  -O2 -c -MMD -MP       -mcpu=cortex-a9 -mfpu=vfpv3 -mfloat-abi=hard  -c nor.c -o nor.o -Izynq_fsbl_bsp/ps7_co
TRACE::2025-02-13.12:40:24::SCWBDomain::rtexa9_0/include -I.

TRACE::2025-02-13.12:40:24::SCWBDomain::arm-none-eabi-gcc  -O2 -c -MMD -MP       -mcpu=cortex-a9 -mfpu=vfpv3 -mfloat-abi=hard  -c image_mover.c -o image_mover.o -Izynq
TRACE::2025-02-13.12:40:24::SCWBDomain::_fsbl_bsp/ps7_cortexa9_0/include -I.

TRACE::2025-02-13.12:40:25::SCWBDomain::arm-none-eabi-gcc  -O2 -c -MMD -MP       -mcpu=cortex-a9 -mfpu=vfpv3 -mfloat-abi=hard  -c md5.c -o md5.o -Izynq_fsbl_bsp/ps7_co
TRACE::2025-02-13.12:40:25::SCWBDomain::rtexa9_0/include -I.

TRACE::2025-02-13.12:40:25::SCWBDomain::arm-none-eabi-gcc  -O2 -c -MMD -MP       -mcpu=cortex-a9 -mfpu=vfpv3 -mfloat-abi=hard  -c fsbl_hooks.c -o fsbl_hooks.o -Izynq_f
TRACE::2025-02-13.12:40:25::SCWBDomain::sbl_bsp/ps7_cortexa9_0/include -I.

TRACE::2025-02-13.12:40:25::SCWBDomain::arm-none-eabi-gcc  -O2 -c -MMD -MP       -mcpu=cortex-a9 -mfpu=vfpv3 -mfloat-abi=hard  -c main.c -o main.o -Izynq_fsbl_bsp/ps7_
TRACE::2025-02-13.12:40:25::SCWBDomain::cortexa9_0/include -I.

TRACE::2025-02-13.12:40:25::SCWBDomain::arm-none-eabi-gcc  -O2 -c -MMD -MP       -mcpu=cortex-a9 -mfpu=vfpv3 -mfloat-abi=hard  -c rsa.c -o rsa.o -Izynq_fsbl_bsp/ps7_co
TRACE::2025-02-13.12:40:25::SCWBDomain::rtexa9_0/include -I.

TRACE::2025-02-13.12:40:25::SCWBDomain::arm-none-eabi-gcc  -O2 -c -MMD -MP       -mcpu=cortex-a9 -mfpu=vfpv3 -mfloat-abi=hard  -c qspi.c -o qspi.o -Izynq_fsbl_bsp/ps7_
TRACE::2025-02-13.12:40:25::SCWBDomain::cortexa9_0/include -I.

TRACE::2025-02-13.12:40:25::SCWBDomain::arm-none-eabi-gcc  -O2 -c -MMD -MP       -mcpu=cortex-a9 -mfpu=vfpv3 -mfloat-abi=hard  -c ps7_init.c -o ps7_init.o -Izynq_fsbl_
TRACE::2025-02-13.12:40:25::SCWBDomain::bsp/ps7_cortexa9_0/include -I.

TRACE::2025-02-13.12:40:25::SCWBDomain::arm-none-eabi-gcc  -O2 -c -MMD -MP       -mcpu=cortex-a9 -mfpu=vfpv3 -mfloat-abi=hard  -c pcap.c -o pcap.o -Izynq_fsbl_bsp/ps7_
TRACE::2025-02-13.12:40:25::SCWBDomain::cortexa9_0/include -I.

TRACE::2025-02-13.12:40:25::SCWBDomain::arm-none-eabi-gcc  -O2 -c -MMD -MP       -mcpu=cortex-a9 -mfpu=vfpv3 -mfloat-abi=hard  -c fsbl_handoff.S -o fsbl_handoff.o -Izy
TRACE::2025-02-13.12:40:25::SCWBDomain::nq_fsbl_bsp/ps7_cortexa9_0/include -I.

TRACE::2025-02-13.12:40:26::SCWBDomain::arm-none-eabi-gcc -o fsbl.elf fsbl_handoff.o fsbl_hooks.o image_mover.o main.o md5.o nand.o nor.o pcap.o ps7_init.o qspi.o rsa.
TRACE::2025-02-13.12:40:26::SCWBDomain::o sd.o -MMD -MP       -mcpu=cortex-a9 -mfpu=vfpv3 -mfloat-abi=hard   -mcpu=cortex-a9 -mfpu=vfpv3 -mfloat-abi=hard -Wl,-build-id
TRACE::2025-02-13.12:40:26::SCWBDomain::=none -specs=Xilinx.spec  -lrsa -Wl,--start-group,-lxil,-lgcc,-lc,--end-group -Wl,--start-group,-lxilffs,-lxil,-lgcc,-lc,--end-
TRACE::2025-02-13.12:40:26::SCWBDomain::group -Wl,--start-group,-lrsa,-lxil,-lgcc,-lc,--end-group                                      -Wl,--gc-sections -Lzynq_fsbl_bs
TRACE::2025-02-13.12:40:26::SCWBDomain::p/ps7_cortexa9_0/lib -L./ -Tlscript.ld

LOG::2025-02-13.12:40:26::SCWSystem::Checking the domain standalone_domain
LOG::2025-02-13.12:40:26::SCWSystem::Not a boot domain 
LOG::2025-02-13.12:40:26::SCWSystem::Started Processing the domain standalone_domain
TRACE::2025-02-13.12:40:26::SCWDomain::Generating domain artifcats
TRACE::2025-02-13.12:40:26::SCWMssOS::Generating standalone artifcats
TRACE::2025-02-13.12:40:26::SCWMssOS::Copying the qemu file from  C:/Users/hmcculla/ECE423/ECE-423-Labs/workspace/Assignment2_newest/resources/Assignment2_newest/standalone_domain/qemu_args.txt To C:/Users/hmcculla/ECE423/ECE-423-Labs/workspace/Assignment2_newest/export/Assignment2_newest/sw/Assignment2_newest/qemu/
TRACE::2025-02-13.12:40:26::SCWMssOS::Copying the qemu file from  C:/Users/hmcculla/ECE423/ECE-423-Labs/workspace/Assignment2_newest/resources/Assignment2_newest/standalone_domain/qemu_args.txt To C:/Users/hmcculla/ECE423/ECE-423-Labs/workspace/Assignment2_newest/export/Assignment2_newest/sw/Assignment2_newest/standalone_domain/qemu/
TRACE::2025-02-13.12:40:26::SCWMssOS:: Copying the user libraries. 
TRACE::2025-02-13.12:40:26::SCWPlatform::Trying to open the hw design at C:/Users/hmcculla/ECE423/ECE-423-Labs/workspace/Assignment2_newest/hw/lab_prefab_wrapper_newest_lab2.xsa
TRACE::2025-02-13.12:40:26::SCWPlatform::DSA given C:/Users/hmcculla/ECE423/ECE-423-Labs/workspace/Assignment2_newest/hw/lab_prefab_wrapper_newest_lab2.xsa
TRACE::2025-02-13.12:40:26::SCWPlatform::DSA absoulate path C:/Users/hmcculla/ECE423/ECE-423-Labs/workspace/Assignment2_newest/hw/lab_prefab_wrapper_newest_lab2.xsa
TRACE::2025-02-13.12:40:26::SCWPlatform::DSA directory C:/Users/hmcculla/ECE423/ECE-423-Labs/workspace/Assignment2_newest/hw
TRACE::2025-02-13.12:40:26::SCWPlatform:: Platform Path C:/Users/hmcculla/ECE423/ECE-423-Labs/workspace/Assignment2_newest/hw/lab_prefab_wrapper_newest_lab2.xsa
TRACE::2025-02-13.12:40:26::SCWPlatform:: Unique name xilinx:pynq-z1::0.0
TRACE::2025-02-13.12:40:26::SCWPlatform::Trying to set the existing hwdb with name lab_prefab_wrapper_5
TRACE::2025-02-13.12:40:26::SCWPlatform::Opened existing hwdb lab_prefab_wrapper_5
TRACE::2025-02-13.12:40:26::SCWPlatform::Found the Hw Db part of the input DSA
TRACE::2025-02-13.12:40:26::SCWMssOS::Checking the sw design at  C:/Users/hmcculla/ECE423/ECE-423-Labs/workspace/Assignment2_newest/ps7_cortexa9_0/standalone_domain/bsp/system.mss
TRACE::2025-02-13.12:40:26::SCWMssOS::DEBUG:  swdes dump  C:/Users/hmcculla/ECE423/ECE-423-Labs/workspace/Assignment2_debugging/ps7_cortexa9_0/standalone_domain/bsp/system.mss|system_2||
C:/Users/hmcculla/ECE423/ECE-423-Labs/workspace/Assignment2_debugging/zynq_fsbl/zynq_fsbl_bsp/system.mss|system_1||
C:/Users/hmcculla/ECE423/ECE-423-Labs/workspace/Assignment2_newest/ps7_cortexa9_0/standalone_domain/bsp/system.mss|system_4||
C:/Users/hmcculla/ECE423/ECE-423-Labs/workspace/Assignment2_newest/zynq_fsbl/zynq_fsbl_bsp/system.mss|system_3||
C:/Users/hmcculla/ECE423/ECE-423-Labs/workspace/assignment2_hunter_test/ps7_cortexa9_0/standalone_domain/bsp/system.mss|system||
C:/Users/hmcculla/ECE423/ECE-423-Labs/workspace/assignment2_hunter_test/zynq_fsbl/zynq_fsbl_bsp/system.mss|system_0||

TRACE::2025-02-13.12:40:26::SCWMssOS::Sw design exists and opened at  C:/Users/hmcculla/ECE423/ECE-423-Labs/workspace/Assignment2_newest/ps7_cortexa9_0/standalone_domain/bsp/system.mss
TRACE::2025-02-13.12:40:26::SCWMssOS::Completed writing the mss file at C:/Users/hmcculla/ECE423/ECE-423-Labs/workspace/Assignment2_newest/ps7_cortexa9_0/standalone_domain/bsp
TRACE::2025-02-13.12:40:26::SCWMssOS::Mss edits present, copying mssfile into export location C:/Users/hmcculla/ECE423/ECE-423-Labs/workspace/Assignment2_newest/ps7_cortexa9_0/standalone_domain/bsp/system.mss
TRACE::2025-02-13.12:40:26::SCWMssOS::bsp generated is upto date with the mss file. Skipping bsp generation.
TRACE::2025-02-13.12:40:26::SCWMssOS::BSP is already built. skipping the bsp build ... 
TRACE::2025-02-13.12:40:26::SCWDomain::Building the domain as part of full build :  standalone_domain
TRACE::2025-02-13.12:40:26::SCWMssOS::doing bsp build ... 
TRACE::2025-02-13.12:40:26::SCWMssOS::System Command Ran  C: & cd  C:/Users/hmcculla/ECE423/ECE-423-Labs/workspace/Assignment2_newest/ps7_cortexa9_0/standalone_domain/bsp & make 
TRACE::2025-02-13.12:40:26::SCWMssOS::make --no-print-directory seq_libs

TRACE::2025-02-13.12:40:26::SCWMssOS::'Finished building libraries sequentially.'

TRACE::2025-02-13.12:40:26::SCWMssOS::make -j 2 --no-print-directory par_libs

TRACE::2025-02-13.12:40:26::SCWMssOS::"Running Make include in ps7_cortexa9_0/libsrc/axidma_v9_14/src"

TRACE::2025-02-13.12:40:26::SCWMssOS::make -C ps7_cortexa9_0/libsrc/axidma_v9_14/src -s include  "SHELL=CMD" "COMPILER=arm-none-eabi-gcc" "ASSEMBLER=arm-none-eabi-as
TRACE::2025-02-13.12:40:26::SCWMssOS::" "ARCHIVER=arm-none-eabi-ar" "COMPILER_FLAGS=  -O2 -c" "EXTRA_COMPILER_FLAGS=-mcpu=cortex-a9 -mfpu=vfpv3 -mfloat-abi=hard -nos
TRACE::2025-02-13.12:40:26::SCWMssOS::tartfiles -g -Wall -Wextra -fno-tree-loop-distribute-patterns"

TRACE::2025-02-13.12:40:26::SCWMssOS::"Running Make include in ps7_cortexa9_0/libsrc/axivdma_v6_11/src"

TRACE::2025-02-13.12:40:26::SCWMssOS::make -C ps7_cortexa9_0/libsrc/axivdma_v6_11/src -s include  "SHELL=CMD" "COMPILER=arm-none-eabi-gcc" "ASSEMBLER=arm-none-eabi-a
TRACE::2025-02-13.12:40:26::SCWMssOS::s" "ARCHIVER=arm-none-eabi-ar" "COMPILER_FLAGS=  -O2 -c" "EXTRA_COMPILER_FLAGS=-mcpu=cortex-a9 -mfpu=vfpv3 -mfloat-abi=hard -no
TRACE::2025-02-13.12:40:26::SCWMssOS::startfiles -g -Wall -Wextra -fno-tree-loop-distribute-patterns"

TRACE::2025-02-13.12:40:26::SCWMssOS::"Running Make include in ps7_cortexa9_0/libsrc/coresightps_dcc_v1_8/src"

TRACE::2025-02-13.12:40:26::SCWMssOS::make -C ps7_cortexa9_0/libsrc/coresightps_dcc_v1_8/src -s include  "SHELL=CMD" "COMPILER=arm-none-eabi-gcc" "ASSEMBLER=arm-none
TRACE::2025-02-13.12:40:26::SCWMssOS::-eabi-as" "ARCHIVER=arm-none-eabi-ar" "COMPILER_FLAGS=  -O2 -c" "EXTRA_COMPILER_FLAGS=-mcpu=cortex-a9 -mfpu=vfpv3 -mfloat-abi=h
TRACE::2025-02-13.12:40:26::SCWMssOS::ard -nostartfiles -g -Wall -Wextra -fno-tree-loop-distribute-patterns"

TRACE::2025-02-13.12:40:26::SCWMssOS::"Running Make include in ps7_cortexa9_0/libsrc/cpu_cortexa9_v2_11/src"

TRACE::2025-02-13.12:40:26::SCWMssOS::make -C ps7_cortexa9_0/libsrc/cpu_cortexa9_v2_11/src -s include  "SHELL=CMD" "COMPILER=arm-none-eabi-gcc" "ASSEMBLER=arm-none-e
TRACE::2025-02-13.12:40:26::SCWMssOS::abi-as" "ARCHIVER=arm-none-eabi-ar" "COMPILER_FLAGS=  -O2 -c" "EXTRA_COMPILER_FLAGS=-mcpu=cortex-a9 -mfpu=vfpv3 -mfloat-abi=har
TRACE::2025-02-13.12:40:26::SCWMssOS::d -nostartfiles -g -Wall -Wextra -fno-tree-loop-distribute-patterns"

TRACE::2025-02-13.12:40:26::SCWMssOS::"Running Make include in ps7_cortexa9_0/libsrc/ddrps_v1_2/src"

TRACE::2025-02-13.12:40:26::SCWMssOS::make -C ps7_cortexa9_0/libsrc/ddrps_v1_2/src -s include  "SHELL=CMD" "COMPILER=arm-none-eabi-gcc" "ASSEMBLER=arm-none-eabi-as" 
TRACE::2025-02-13.12:40:26::SCWMssOS::"ARCHIVER=arm-none-eabi-ar" "COMPILER_FLAGS=  -O2 -c" "EXTRA_COMPILER_FLAGS=-mcpu=cortex-a9 -mfpu=vfpv3 -mfloat-abi=hard -nosta
TRACE::2025-02-13.12:40:26::SCWMssOS::rtfiles -g -Wall -Wextra -fno-tree-loop-distribute-patterns"

TRACE::2025-02-13.12:40:26::SCWMssOS::"Running Make include in ps7_cortexa9_0/libsrc/devcfg_v3_7/src"

TRACE::2025-02-13.12:40:26::SCWMssOS::make -C ps7_cortexa9_0/libsrc/devcfg_v3_7/src -s include  "SHELL=CMD" "COMPILER=arm-none-eabi-gcc" "ASSEMBLER=arm-none-eabi-as"
TRACE::2025-02-13.12:40:26::SCWMssOS:: "ARCHIVER=arm-none-eabi-ar" "COMPILER_FLAGS=  -O2 -c" "EXTRA_COMPILER_FLAGS=-mcpu=cortex-a9 -mfpu=vfpv3 -mfloat-abi=hard -nost
TRACE::2025-02-13.12:40:26::SCWMssOS::artfiles -g -Wall -Wextra -fno-tree-loop-distribute-patterns"

TRACE::2025-02-13.12:40:26::SCWMssOS::"Running Make include in ps7_cortexa9_0/libsrc/dmaps_v2_8/src"

TRACE::2025-02-13.12:40:26::SCWMssOS::make -C ps7_cortexa9_0/libsrc/dmaps_v2_8/src -s include  "SHELL=CMD" "COMPILER=arm-none-eabi-gcc" "ASSEMBLER=arm-none-eabi-as" 
TRACE::2025-02-13.12:40:26::SCWMssOS::"ARCHIVER=arm-none-eabi-ar" "COMPILER_FLAGS=  -O2 -c" "EXTRA_COMPILER_FLAGS=-mcpu=cortex-a9 -mfpu=vfpv3 -mfloat-abi=hard -nosta
TRACE::2025-02-13.12:40:26::SCWMssOS::rtfiles -g -Wall -Wextra -fno-tree-loop-distribute-patterns"

TRACE::2025-02-13.12:40:26::SCWMssOS::"Running Make include in ps7_cortexa9_0/libsrc/emacps_v3_16/src"

TRACE::2025-02-13.12:40:26::SCWMssOS::make -C ps7_cortexa9_0/libsrc/emacps_v3_16/src -s include  "SHELL=CMD" "COMPILER=arm-none-eabi-gcc" "ASSEMBLER=arm-none-eabi-as
TRACE::2025-02-13.12:40:26::SCWMssOS::" "ARCHIVER=arm-none-eabi-ar" "COMPILER_FLAGS=  -O2 -c" "EXTRA_COMPILER_FLAGS=-mcpu=cortex-a9 -mfpu=vfpv3 -mfloat-abi=hard -nos
TRACE::2025-02-13.12:40:26::SCWMssOS::tartfiles -g -Wall -Wextra -fno-tree-loop-distribute-patterns"

TRACE::2025-02-13.12:40:26::SCWMssOS::"Running Make include in ps7_cortexa9_0/libsrc/gpiops_v3_9/src"

TRACE::2025-02-13.12:40:26::SCWMssOS::make -C ps7_cortexa9_0/libsrc/gpiops_v3_9/src -s include  "SHELL=CMD" "COMPILER=arm-none-eabi-gcc" "ASSEMBLER=arm-none-eabi-as"
TRACE::2025-02-13.12:40:26::SCWMssOS:: "ARCHIVER=arm-none-eabi-ar" "COMPILER_FLAGS=  -O2 -c" "EXTRA_COMPILER_FLAGS=-mcpu=cortex-a9 -mfpu=vfpv3 -mfloat-abi=hard -nost
TRACE::2025-02-13.12:40:26::SCWMssOS::artfiles -g -Wall -Wextra -fno-tree-loop-distribute-patterns"

TRACE::2025-02-13.12:40:26::SCWMssOS::"Running Make include in ps7_cortexa9_0/libsrc/iicps_v3_15/src"

TRACE::2025-02-13.12:40:26::SCWMssOS::make -C ps7_cortexa9_0/libsrc/iicps_v3_15/src -s include  "SHELL=CMD" "COMPILER=arm-none-eabi-gcc" "ASSEMBLER=arm-none-eabi-as"
TRACE::2025-02-13.12:40:26::SCWMssOS:: "ARCHIVER=arm-none-eabi-ar" "COMPILER_FLAGS=  -O2 -c" "EXTRA_COMPILER_FLAGS=-mcpu=cortex-a9 -mfpu=vfpv3 -mfloat-abi=hard -nost
TRACE::2025-02-13.12:40:26::SCWMssOS::artfiles -g -Wall -Wextra -fno-tree-loop-distribute-patterns"

TRACE::2025-02-13.12:40:26::SCWMssOS::"Running Make include in ps7_cortexa9_0/libsrc/qspips_v3_9/src"

TRACE::2025-02-13.12:40:26::SCWMssOS::make -C ps7_cortexa9_0/libsrc/qspips_v3_9/src -s include  "SHELL=CMD" "COMPILER=arm-none-eabi-gcc" "ASSEMBLER=arm-none-eabi-as"
TRACE::2025-02-13.12:40:26::SCWMssOS:: "ARCHIVER=arm-none-eabi-ar" "COMPILER_FLAGS=  -O2 -c" "EXTRA_COMPILER_FLAGS=-mcpu=cortex-a9 -mfpu=vfpv3 -mfloat-abi=hard -nost
TRACE::2025-02-13.12:40:26::SCWMssOS::artfiles -g -Wall -Wextra -fno-tree-loop-distribute-patterns"

TRACE::2025-02-13.12:40:26::SCWMssOS::"Running Make include in ps7_cortexa9_0/libsrc/scugic_v4_7/src"

TRACE::2025-02-13.12:40:26::SCWMssOS::make -C ps7_cortexa9_0/libsrc/scugic_v4_7/src -s include  "SHELL=CMD" "COMPILER=arm-none-eabi-gcc" "ASSEMBLER=arm-none-eabi-as"
TRACE::2025-02-13.12:40:26::SCWMssOS:: "ARCHIVER=arm-none-eabi-ar" "COMPILER_FLAGS=  -O2 -c" "EXTRA_COMPILER_FLAGS=-mcpu=cortex-a9 -mfpu=vfpv3 -mfloat-abi=hard -nost
TRACE::2025-02-13.12:40:26::SCWMssOS::artfiles -g -Wall -Wextra -fno-tree-loop-distribute-patterns"

TRACE::2025-02-13.12:40:26::SCWMssOS::"Running Make include in ps7_cortexa9_0/libsrc/scutimer_v2_4/src"

TRACE::2025-02-13.12:40:26::SCWMssOS::make -C ps7_cortexa9_0/libsrc/scutimer_v2_4/src -s include  "SHELL=CMD" "COMPILER=arm-none-eabi-gcc" "ASSEMBLER=arm-none-eabi-a
TRACE::2025-02-13.12:40:26::SCWMssOS::s" "ARCHIVER=arm-none-eabi-ar" "COMPILER_FLAGS=  -O2 -c" "EXTRA_COMPILER_FLAGS=-mcpu=cortex-a9 -mfpu=vfpv3 -mfloat-abi=hard -no
TRACE::2025-02-13.12:40:26::SCWMssOS::startfiles -g -Wall -Wextra -fno-tree-loop-distribute-patterns"

TRACE::2025-02-13.12:40:26::SCWMssOS::"Running Make include in ps7_cortexa9_0/libsrc/scuwdt_v2_4/src"

TRACE::2025-02-13.12:40:26::SCWMssOS::make -C ps7_cortexa9_0/libsrc/scuwdt_v2_4/src -s include  "SHELL=CMD" "COMPILER=arm-none-eabi-gcc" "ASSEMBLER=arm-none-eabi-as"
TRACE::2025-02-13.12:40:26::SCWMssOS:: "ARCHIVER=arm-none-eabi-ar" "COMPILER_FLAGS=  -O2 -c" "EXTRA_COMPILER_FLAGS=-mcpu=cortex-a9 -mfpu=vfpv3 -mfloat-abi=hard -nost
TRACE::2025-02-13.12:40:26::SCWMssOS::artfiles -g -Wall -Wextra -fno-tree-loop-distribute-patterns"

TRACE::2025-02-13.12:40:26::SCWMssOS::"Running Make include in ps7_cortexa9_0/libsrc/sdps_v3_14/src"

TRACE::2025-02-13.12:40:26::SCWMssOS::make -C ps7_cortexa9_0/libsrc/sdps_v3_14/src -s include  "SHELL=CMD" "COMPILER=arm-none-eabi-gcc" "ASSEMBLER=arm-none-eabi-as" 
TRACE::2025-02-13.12:40:26::SCWMssOS::"ARCHIVER=arm-none-eabi-ar" "COMPILER_FLAGS=  -O2 -c" "EXTRA_COMPILER_FLAGS=-mcpu=cortex-a9 -mfpu=vfpv3 -mfloat-abi=hard -nosta
TRACE::2025-02-13.12:40:26::SCWMssOS::rtfiles -g -Wall -Wextra -fno-tree-loop-distribute-patterns"

TRACE::2025-02-13.12:40:27::SCWMssOS::"Running Make include in ps7_cortexa9_0/libsrc/standalone_v7_7/src"

TRACE::2025-02-13.12:40:27::SCWMssOS::make -C ps7_cortexa9_0/libsrc/standalone_v7_7/src -s include  "SHELL=CMD" "COMPILER=arm-none-eabi-gcc" "ASSEMBLER=arm-none-eabi
TRACE::2025-02-13.12:40:27::SCWMssOS::-as" "ARCHIVER=arm-none-eabi-ar" "COMPILER_FLAGS=  -O2 -c" "EXTRA_COMPILER_FLAGS=-mcpu=cortex-a9 -mfpu=vfpv3 -mfloat-abi=hard -
TRACE::2025-02-13.12:40:27::SCWMssOS::nostartfiles -g -Wall -Wextra -fno-tree-loop-distribute-patterns"

TRACE::2025-02-13.12:40:27::SCWMssOS::"Running Make include in ps7_cortexa9_0/libsrc/uartps_v3_11/src"

TRACE::2025-02-13.12:40:27::SCWMssOS::make -C ps7_cortexa9_0/libsrc/uartps_v3_11/src -s include  "SHELL=CMD" "COMPILER=arm-none-eabi-gcc" "ASSEMBLER=arm-none-eabi-as
TRACE::2025-02-13.12:40:27::SCWMssOS::" "ARCHIVER=arm-none-eabi-ar" "COMPILER_FLAGS=  -O2 -c" "EXTRA_COMPILER_FLAGS=-mcpu=cortex-a9 -mfpu=vfpv3 -mfloat-abi=hard -nos
TRACE::2025-02-13.12:40:27::SCWMssOS::tartfiles -g -Wall -Wextra -fno-tree-loop-distribute-patterns"

TRACE::2025-02-13.12:40:27::SCWMssOS::"Running Make include in ps7_cortexa9_0/libsrc/usbps_v2_7/src"

TRACE::2025-02-13.12:40:27::SCWMssOS::make -C ps7_cortexa9_0/libsrc/usbps_v2_7/src -s include  "SHELL=CMD" "COMPILER=arm-none-eabi-gcc" "ASSEMBLER=arm-none-eabi-as" 
TRACE::2025-02-13.12:40:27::SCWMssOS::"ARCHIVER=arm-none-eabi-ar" "COMPILER_FLAGS=  -O2 -c" "EXTRA_COMPILER_FLAGS=-mcpu=cortex-a9 -mfpu=vfpv3 -mfloat-abi=hard -nosta
TRACE::2025-02-13.12:40:27::SCWMssOS::rtfiles -g -Wall -Wextra -fno-tree-loop-distribute-patterns"

TRACE::2025-02-13.12:40:27::SCWMssOS::"Running Make include in ps7_cortexa9_0/libsrc/xadcps_v2_6/src"

TRACE::2025-02-13.12:40:27::SCWMssOS::make -C ps7_cortexa9_0/libsrc/xadcps_v2_6/src -s include  "SHELL=CMD" "COMPILER=arm-none-eabi-gcc" "ASSEMBLER=arm-none-eabi-as"
TRACE::2025-02-13.12:40:27::SCWMssOS:: "ARCHIVER=arm-none-eabi-ar" "COMPILER_FLAGS=  -O2 -c" "EXTRA_COMPILER_FLAGS=-mcpu=cortex-a9 -mfpu=vfpv3 -mfloat-abi=hard -nost
TRACE::2025-02-13.12:40:27::SCWMssOS::artfiles -g -Wall -Wextra -fno-tree-loop-distribute-patterns"

TRACE::2025-02-13.12:40:27::SCWMssOS::"Running Make include in ps7_cortexa9_0/libsrc/xilffs_v4_7/src"

TRACE::2025-02-13.12:40:27::SCWMssOS::make -C ps7_cortexa9_0/libsrc/xilffs_v4_7/src -s include  "SHELL=CMD" "COMPILER=arm-none-eabi-gcc" "ASSEMBLER=arm-none-eabi-as"
TRACE::2025-02-13.12:40:27::SCWMssOS:: "ARCHIVER=arm-none-eabi-ar" "COMPILER_FLAGS=  -O2 -c" "EXTRA_COMPILER_FLAGS=-mcpu=cortex-a9 -mfpu=vfpv3 -mfloat-abi=hard -nost
TRACE::2025-02-13.12:40:27::SCWMssOS::artfiles -g -Wall -Wextra -fno-tree-loop-distribute-patterns"

TRACE::2025-02-13.12:40:28::SCWMssOS::"Running Make libs in ps7_cortexa9_0/libsrc/axidma_v9_14/src"

TRACE::2025-02-13.12:40:28::SCWMssOS::make -C ps7_cortexa9_0/libsrc/axidma_v9_14/src -s libs  "SHELL=CMD" "COMPILER=arm-none-eabi-gcc" "ASSEMBLER=arm-none-eabi-as" "
TRACE::2025-02-13.12:40:28::SCWMssOS::ARCHIVER=arm-none-eabi-ar" "COMPILER_FLAGS=  -O2 -c" "EXTRA_COMPILER_FLAGS=-mcpu=cortex-a9 -mfpu=vfpv3 -mfloat-abi=hard -nostar
TRACE::2025-02-13.12:40:28::SCWMssOS::tfiles -g -Wall -Wextra -fno-tree-loop-distribute-patterns"

TRACE::2025-02-13.12:40:28::SCWMssOS::"Running Make libs in ps7_cortexa9_0/libsrc/axivdma_v6_11/src"

TRACE::2025-02-13.12:40:28::SCWMssOS::make -C ps7_cortexa9_0/libsrc/axivdma_v6_11/src -s libs  "SHELL=CMD" "COMPILER=arm-none-eabi-gcc" "ASSEMBLER=arm-none-eabi-as" 
TRACE::2025-02-13.12:40:28::SCWMssOS::"ARCHIVER=arm-none-eabi-ar" "COMPILER_FLAGS=  -O2 -c" "EXTRA_COMPILER_FLAGS=-mcpu=cortex-a9 -mfpu=vfpv3 -mfloat-abi=hard -nosta
TRACE::2025-02-13.12:40:28::SCWMssOS::rtfiles -g -Wall -Wextra -fno-tree-loop-distribute-patterns"

TRACE::2025-02-13.12:40:29::SCWMssOS::"Running Make libs in ps7_cortexa9_0/libsrc/coresightps_dcc_v1_8/src"

TRACE::2025-02-13.12:40:29::SCWMssOS::make -C ps7_cortexa9_0/libsrc/coresightps_dcc_v1_8/src -s libs  "SHELL=CMD" "COMPILER=arm-none-eabi-gcc" "ASSEMBLER=arm-none-ea
TRACE::2025-02-13.12:40:29::SCWMssOS::bi-as" "ARCHIVER=arm-none-eabi-ar" "COMPILER_FLAGS=  -O2 -c" "EXTRA_COMPILER_FLAGS=-mcpu=cortex-a9 -mfpu=vfpv3 -mfloat-abi=hard
TRACE::2025-02-13.12:40:29::SCWMssOS:: -nostartfiles -g -Wall -Wextra -fno-tree-loop-distribute-patterns"

TRACE::2025-02-13.12:40:29::SCWMssOS::"Running Make libs in ps7_cortexa9_0/libsrc/cpu_cortexa9_v2_11/src"

TRACE::2025-02-13.12:40:29::SCWMssOS::make -C ps7_cortexa9_0/libsrc/cpu_cortexa9_v2_11/src -s libs  "SHELL=CMD" "COMPILER=arm-none-eabi-gcc" "ASSEMBLER=arm-none-eabi
TRACE::2025-02-13.12:40:29::SCWMssOS::-as" "ARCHIVER=arm-none-eabi-ar" "COMPILER_FLAGS=  -O2 -c" "EXTRA_COMPILER_FLAGS=-mcpu=cortex-a9 -mfpu=vfpv3 -mfloat-abi=hard -
TRACE::2025-02-13.12:40:29::SCWMssOS::nostartfiles -g -Wall -Wextra -fno-tree-loop-distribute-patterns"

TRACE::2025-02-13.12:40:29::SCWMssOS::"Running Make libs in ps7_cortexa9_0/libsrc/ddrps_v1_2/src"

TRACE::2025-02-13.12:40:29::SCWMssOS::make -C ps7_cortexa9_0/libsrc/ddrps_v1_2/src -s libs  "SHELL=CMD" "COMPILER=arm-none-eabi-gcc" "ASSEMBLER=arm-none-eabi-as" "AR
TRACE::2025-02-13.12:40:29::SCWMssOS::CHIVER=arm-none-eabi-ar" "COMPILER_FLAGS=  -O2 -c" "EXTRA_COMPILER_FLAGS=-mcpu=cortex-a9 -mfpu=vfpv3 -mfloat-abi=hard -nostartf
TRACE::2025-02-13.12:40:29::SCWMssOS::iles -g -Wall -Wextra -fno-tree-loop-distribute-patterns"

TRACE::2025-02-13.12:40:29::SCWMssOS::"Running Make libs in ps7_cortexa9_0/libsrc/devcfg_v3_7/src"

TRACE::2025-02-13.12:40:29::SCWMssOS::make -C ps7_cortexa9_0/libsrc/devcfg_v3_7/src -s libs  "SHELL=CMD" "COMPILER=arm-none-eabi-gcc" "ASSEMBLER=arm-none-eabi-as" "A
TRACE::2025-02-13.12:40:29::SCWMssOS::RCHIVER=arm-none-eabi-ar" "COMPILER_FLAGS=  -O2 -c" "EXTRA_COMPILER_FLAGS=-mcpu=cortex-a9 -mfpu=vfpv3 -mfloat-abi=hard -nostart
TRACE::2025-02-13.12:40:29::SCWMssOS::files -g -Wall -Wextra -fno-tree-loop-distribute-patterns"

TRACE::2025-02-13.12:40:29::SCWMssOS::"Running Make libs in ps7_cortexa9_0/libsrc/dmaps_v2_8/src"

TRACE::2025-02-13.12:40:29::SCWMssOS::make -C ps7_cortexa9_0/libsrc/dmaps_v2_8/src -s libs  "SHELL=CMD" "COMPILER=arm-none-eabi-gcc" "ASSEMBLER=arm-none-eabi-as" "AR
TRACE::2025-02-13.12:40:29::SCWMssOS::CHIVER=arm-none-eabi-ar" "COMPILER_FLAGS=  -O2 -c" "EXTRA_COMPILER_FLAGS=-mcpu=cortex-a9 -mfpu=vfpv3 -mfloat-abi=hard -nostartf
TRACE::2025-02-13.12:40:29::SCWMssOS::iles -g -Wall -Wextra -fno-tree-loop-distribute-patterns"

TRACE::2025-02-13.12:40:30::SCWMssOS::"Running Make libs in ps7_cortexa9_0/libsrc/emacps_v3_16/src"

TRACE::2025-02-13.12:40:30::SCWMssOS::make -C ps7_cortexa9_0/libsrc/emacps_v3_16/src -s libs  "SHELL=CMD" "COMPILER=arm-none-eabi-gcc" "ASSEMBLER=arm-none-eabi-as" "
TRACE::2025-02-13.12:40:30::SCWMssOS::ARCHIVER=arm-none-eabi-ar" "COMPILER_FLAGS=  -O2 -c" "EXTRA_COMPILER_FLAGS=-mcpu=cortex-a9 -mfpu=vfpv3 -mfloat-abi=hard -nostar
TRACE::2025-02-13.12:40:30::SCWMssOS::tfiles -g -Wall -Wextra -fno-tree-loop-distribute-patterns"

TRACE::2025-02-13.12:40:30::SCWMssOS::"Running Make libs in ps7_cortexa9_0/libsrc/gpiops_v3_9/src"

TRACE::2025-02-13.12:40:30::SCWMssOS::make -C ps7_cortexa9_0/libsrc/gpiops_v3_9/src -s libs  "SHELL=CMD" "COMPILER=arm-none-eabi-gcc" "ASSEMBLER=arm-none-eabi-as" "A
TRACE::2025-02-13.12:40:30::SCWMssOS::RCHIVER=arm-none-eabi-ar" "COMPILER_FLAGS=  -O2 -c" "EXTRA_COMPILER_FLAGS=-mcpu=cortex-a9 -mfpu=vfpv3 -mfloat-abi=hard -nostart
TRACE::2025-02-13.12:40:30::SCWMssOS::files -g -Wall -Wextra -fno-tree-loop-distribute-patterns"

TRACE::2025-02-13.12:40:31::SCWMssOS::"Running Make libs in ps7_cortexa9_0/libsrc/iicps_v3_15/src"

TRACE::2025-02-13.12:40:31::SCWMssOS::make -C ps7_cortexa9_0/libsrc/iicps_v3_15/src -s libs  "SHELL=CMD" "COMPILER=arm-none-eabi-gcc" "ASSEMBLER=arm-none-eabi-as" "A
TRACE::2025-02-13.12:40:31::SCWMssOS::RCHIVER=arm-none-eabi-ar" "COMPILER_FLAGS=  -O2 -c" "EXTRA_COMPILER_FLAGS=-mcpu=cortex-a9 -mfpu=vfpv3 -mfloat-abi=hard -nostart
TRACE::2025-02-13.12:40:31::SCWMssOS::files -g -Wall -Wextra -fno-tree-loop-distribute-patterns"

TRACE::2025-02-13.12:40:31::SCWMssOS::"Running Make libs in ps7_cortexa9_0/libsrc/qspips_v3_9/src"

TRACE::2025-02-13.12:40:31::SCWMssOS::make -C ps7_cortexa9_0/libsrc/qspips_v3_9/src -s libs  "SHELL=CMD" "COMPILER=arm-none-eabi-gcc" "ASSEMBLER=arm-none-eabi-as" "A
TRACE::2025-02-13.12:40:31::SCWMssOS::RCHIVER=arm-none-eabi-ar" "COMPILER_FLAGS=  -O2 -c" "EXTRA_COMPILER_FLAGS=-mcpu=cortex-a9 -mfpu=vfpv3 -mfloat-abi=hard -nostart
TRACE::2025-02-13.12:40:31::SCWMssOS::files -g -Wall -Wextra -fno-tree-loop-distribute-patterns"

TRACE::2025-02-13.12:40:32::SCWMssOS::"Running Make libs in ps7_cortexa9_0/libsrc/scugic_v4_7/src"

TRACE::2025-02-13.12:40:32::SCWMssOS::make -C ps7_cortexa9_0/libsrc/scugic_v4_7/src -s libs  "SHELL=CMD" "COMPILER=arm-none-eabi-gcc" "ASSEMBLER=arm-none-eabi-as" "A
TRACE::2025-02-13.12:40:32::SCWMssOS::RCHIVER=arm-none-eabi-ar" "COMPILER_FLAGS=  -O2 -c" "EXTRA_COMPILER_FLAGS=-mcpu=cortex-a9 -mfpu=vfpv3 -mfloat-abi=hard -nostart
TRACE::2025-02-13.12:40:32::SCWMssOS::files -g -Wall -Wextra -fno-tree-loop-distribute-patterns"

TRACE::2025-02-13.12:40:33::SCWMssOS::"Running Make libs in ps7_cortexa9_0/libsrc/scutimer_v2_4/src"

TRACE::2025-02-13.12:40:33::SCWMssOS::make -C ps7_cortexa9_0/libsrc/scutimer_v2_4/src -s libs  "SHELL=CMD" "COMPILER=arm-none-eabi-gcc" "ASSEMBLER=arm-none-eabi-as" 
TRACE::2025-02-13.12:40:33::SCWMssOS::"ARCHIVER=arm-none-eabi-ar" "COMPILER_FLAGS=  -O2 -c" "EXTRA_COMPILER_FLAGS=-mcpu=cortex-a9 -mfpu=vfpv3 -mfloat-abi=hard -nosta
TRACE::2025-02-13.12:40:33::SCWMssOS::rtfiles -g -Wall -Wextra -fno-tree-loop-distribute-patterns"

TRACE::2025-02-13.12:40:33::SCWMssOS::"Running Make libs in ps7_cortexa9_0/libsrc/scuwdt_v2_4/src"

TRACE::2025-02-13.12:40:33::SCWMssOS::make -C ps7_cortexa9_0/libsrc/scuwdt_v2_4/src -s libs  "SHELL=CMD" "COMPILER=arm-none-eabi-gcc" "ASSEMBLER=arm-none-eabi-as" "A
TRACE::2025-02-13.12:40:33::SCWMssOS::RCHIVER=arm-none-eabi-ar" "COMPILER_FLAGS=  -O2 -c" "EXTRA_COMPILER_FLAGS=-mcpu=cortex-a9 -mfpu=vfpv3 -mfloat-abi=hard -nostart
TRACE::2025-02-13.12:40:33::SCWMssOS::files -g -Wall -Wextra -fno-tree-loop-distribute-patterns"

TRACE::2025-02-13.12:40:33::SCWMssOS::"Running Make libs in ps7_cortexa9_0/libsrc/sdps_v3_14/src"

TRACE::2025-02-13.12:40:34::SCWMssOS::make -C ps7_cortexa9_0/libsrc/sdps_v3_14/src -s libs  "SHELL=CMD" "COMPILER=arm-none-eabi-gcc" "ASSEMBLER=arm-none-eabi-as" "AR
TRACE::2025-02-13.12:40:34::SCWMssOS::CHIVER=arm-none-eabi-ar" "COMPILER_FLAGS=  -O2 -c" "EXTRA_COMPILER_FLAGS=-mcpu=cortex-a9 -mfpu=vfpv3 -mfloat-abi=hard -nostartf
TRACE::2025-02-13.12:40:34::SCWMssOS::iles -g -Wall -Wextra -fno-tree-loop-distribute-patterns"

TRACE::2025-02-13.12:40:34::SCWMssOS::"Running Make libs in ps7_cortexa9_0/libsrc/standalone_v7_7/src"

TRACE::2025-02-13.12:40:34::SCWMssOS::make -C ps7_cortexa9_0/libsrc/standalone_v7_7/src -s libs  "SHELL=CMD" "COMPILER=arm-none-eabi-gcc" "ASSEMBLER=arm-none-eabi-as
TRACE::2025-02-13.12:40:34::SCWMssOS::" "ARCHIVER=arm-none-eabi-ar" "COMPILER_FLAGS=  -O2 -c" "EXTRA_COMPILER_FLAGS=-mcpu=cortex-a9 -mfpu=vfpv3 -mfloat-abi=hard -nos
TRACE::2025-02-13.12:40:34::SCWMssOS::tartfiles -g -Wall -Wextra -fno-tree-loop-distribute-patterns"

TRACE::2025-02-13.12:40:35::SCWMssOS::"Running Make libs in ps7_cortexa9_0/libsrc/uartps_v3_11/src"

TRACE::2025-02-13.12:40:35::SCWMssOS::make -C ps7_cortexa9_0/libsrc/uartps_v3_11/src -s libs  "SHELL=CMD" "COMPILER=arm-none-eabi-gcc" "ASSEMBLER=arm-none-eabi-as" "
TRACE::2025-02-13.12:40:35::SCWMssOS::ARCHIVER=arm-none-eabi-ar" "COMPILER_FLAGS=  -O2 -c" "EXTRA_COMPILER_FLAGS=-mcpu=cortex-a9 -mfpu=vfpv3 -mfloat-abi=hard -nostar
TRACE::2025-02-13.12:40:35::SCWMssOS::tfiles -g -Wall -Wextra -fno-tree-loop-distribute-patterns"

TRACE::2025-02-13.12:40:36::SCWMssOS::"Running Make libs in ps7_cortexa9_0/libsrc/usbps_v2_7/src"

TRACE::2025-02-13.12:40:36::SCWMssOS::make -C ps7_cortexa9_0/libsrc/usbps_v2_7/src -s libs  "SHELL=CMD" "COMPILER=arm-none-eabi-gcc" "ASSEMBLER=arm-none-eabi-as" "AR
TRACE::2025-02-13.12:40:36::SCWMssOS::CHIVER=arm-none-eabi-ar" "COMPILER_FLAGS=  -O2 -c" "EXTRA_COMPILER_FLAGS=-mcpu=cortex-a9 -mfpu=vfpv3 -mfloat-abi=hard -nostartf
TRACE::2025-02-13.12:40:36::SCWMssOS::iles -g -Wall -Wextra -fno-tree-loop-distribute-patterns"

TRACE::2025-02-13.12:40:38::SCWMssOS::"Running Make libs in ps7_cortexa9_0/libsrc/xadcps_v2_6/src"

TRACE::2025-02-13.12:40:38::SCWMssOS::make -C ps7_cortexa9_0/libsrc/xadcps_v2_6/src -s libs  "SHELL=CMD" "COMPILER=arm-none-eabi-gcc" "ASSEMBLER=arm-none-eabi-as" "A
TRACE::2025-02-13.12:40:38::SCWMssOS::RCHIVER=arm-none-eabi-ar" "COMPILER_FLAGS=  -O2 -c" "EXTRA_COMPILER_FLAGS=-mcpu=cortex-a9 -mfpu=vfpv3 -mfloat-abi=hard -nostart
TRACE::2025-02-13.12:40:38::SCWMssOS::files -g -Wall -Wextra -fno-tree-loop-distribute-patterns"

TRACE::2025-02-13.12:40:39::SCWMssOS::"Running Make libs in ps7_cortexa9_0/libsrc/xilffs_v4_7/src"

TRACE::2025-02-13.12:40:39::SCWMssOS::make -C ps7_cortexa9_0/libsrc/xilffs_v4_7/src -s libs  "SHELL=CMD" "COMPILER=arm-none-eabi-gcc" "ASSEMBLER=arm-none-eabi-as" "A
TRACE::2025-02-13.12:40:39::SCWMssOS::RCHIVER=arm-none-eabi-ar" "COMPILER_FLAGS=  -O2 -c" "EXTRA_COMPILER_FLAGS=-mcpu=cortex-a9 -mfpu=vfpv3 -mfloat-abi=hard -nostart
TRACE::2025-02-13.12:40:39::SCWMssOS::files -g -Wall -Wextra -fno-tree-loop-distribute-patterns"

TRACE::2025-02-13.12:40:41::SCWMssOS::'Finished building libraries parallelly.'

TRACE::2025-02-13.12:40:41::SCWMssOS::make --no-print-directory archive

TRACE::2025-02-13.12:40:41::SCWMssOS::arm-none-eabi-ar -r  ps7_cortexa9_0/lib/libxil.a ps7_cortexa9_0/lib/xadcps_selftest.o ps7_cortexa9_0/lib/xplatform_info.o ps7_c
TRACE::2025-02-13.12:40:41::SCWMssOS::ortexa9_0/lib/time.o ps7_cortexa9_0/lib/_exit.o ps7_cortexa9_0/lib/xusbps_sinit.o ps7_cortexa9_0/lib/xdevcfg_hw.o ps7_cortexa9_
TRACE::2025-02-13.12:40:41::SCWMssOS::0/lib/xil_sleeptimer.o ps7_cortexa9_0/lib/xqspips_options.o ps7_cortexa9_0/lib/xdmaps_g.o ps7_cortexa9_0/lib/xscutimer_g.o ps7_
TRACE::2025-02-13.12:40:41::SCWMssOS::cortexa9_0/lib/xsdps_options.o ps7_cortexa9_0/lib/xil_misc_psreset_api.o ps7_cortexa9_0/lib/xdmaps_sinit.o ps7_cortexa9_0/lib/x
TRACE::2025-02-13.12:40:41::SCWMssOS::scutimer_sinit.o ps7_cortexa9_0/lib/xemacps_hw.o ps7_cortexa9_0/lib/inbyte.o ps7_cortexa9_0/lib/xscutimer_selftest.o ps7_cortex
TRACE::2025-02-13.12:40:41::SCWMssOS::a9_0/lib/putnum.o ps7_cortexa9_0/lib/xqspips_hw.o ps7_cortexa9_0/lib/xgpiops_g.o ps7_cortexa9_0/lib/xsdps.o ps7_cortexa9_0/lib/
TRACE::2025-02-13.12:40:41::SCWMssOS::close.o ps7_cortexa9_0/lib/xemacps_g.o ps7_cortexa9_0/lib/xgpiops_sinit.o ps7_cortexa9_0/lib/xgpiops_selftest.o ps7_cortexa9_0/
TRACE::2025-02-13.12:40:41::SCWMssOS::lib/xscuwdt.o ps7_cortexa9_0/lib/xaxivdma_g.o ps7_cortexa9_0/lib/xiicps_intr.o ps7_cortexa9_0/lib/xaxivdma_sinit.o ps7_cortexa9
TRACE::2025-02-13.12:40:41::SCWMssOS::_0/lib/xuartps_sinit.o ps7_cortexa9_0/lib/xaxivdma_selftest.o ps7_cortexa9_0/lib/xiicps_slave.o ps7_cortexa9_0/lib/xil_printf.o
TRACE::2025-02-13.12:40:41::SCWMssOS:: ps7_cortexa9_0/lib/kill.o ps7_cortexa9_0/lib/xadcps.o ps7_cortexa9_0/lib/xiicps_options.o ps7_cortexa9_0/lib/xdmaps.o ps7_cort
TRACE::2025-02-13.12:40:41::SCWMssOS::exa9_0/lib/xuartps_selftest.o ps7_cortexa9_0/lib/xuartps_g.o ps7_cortexa9_0/lib/lseek.o ps7_cortexa9_0/lib/xil_testmem.o ps7_co
TRACE::2025-02-13.12:40:41::SCWMssOS::rtexa9_0/lib/xusbps_hw.o ps7_cortexa9_0/lib/xl2cc_counter.o ps7_cortexa9_0/lib/xiicps_hw.o ps7_cortexa9_0/lib/asm_vectors.o ps7
TRACE::2025-02-13.12:40:41::SCWMssOS::_cortexa9_0/lib/usleep.o ps7_cortexa9_0/lib/abort.o ps7_cortexa9_0/lib/xscugic_intr.o ps7_cortexa9_0/lib/getpid.o ps7_cortexa9_
TRACE::2025-02-13.12:40:41::SCWMssOS::0/lib/xiicps_selftest.o ps7_cortexa9_0/lib/xil_testcache.o ps7_cortexa9_0/lib/xdevcfg_sinit.o ps7_cortexa9_0/lib/xgpiops.o ps7_
TRACE::2025-02-13.12:40:41::SCWMssOS::cortexa9_0/lib/xscutimer.o ps7_cortexa9_0/lib/xil_mem.o ps7_cortexa9_0/lib/xdevcfg_selftest.o ps7_cortexa9_0/lib/xpm_counter.o 
TRACE::2025-02-13.12:40:41::SCWMssOS::ps7_cortexa9_0/lib/xiicps.o ps7_cortexa9_0/lib/_sbrk.o ps7_cortexa9_0/lib/xiicps_master.o ps7_cortexa9_0/lib/xqspips_g.o ps7_co
TRACE::2025-02-13.12:40:41::SCWMssOS::rtexa9_0/lib/xemacps_bdring.o ps7_cortexa9_0/lib/xusbps_endpoint.o ps7_cortexa9_0/lib/xqspips_sinit.o ps7_cortexa9_0/lib/xqspip
TRACE::2025-02-13.12:40:41::SCWMssOS::s_selftest.o ps7_cortexa9_0/lib/xil_exception.o ps7_cortexa9_0/lib/sbrk.o ps7_cortexa9_0/lib/xaxivdma.o ps7_cortexa9_0/lib/xema
TRACE::2025-02-13.12:40:41::SCWMssOS::cps_control.o ps7_cortexa9_0/lib/open.o ps7_cortexa9_0/lib/xil_assert.o ps7_cortexa9_0/lib/xaxivdma_intr.o ps7_cortexa9_0/lib/x
TRACE::2025-02-13.12:40:41::SCWMssOS::usbps_intr.o ps7_cortexa9_0/lib/xsdps_host.o ps7_cortexa9_0/lib/xcoresightpsdcc.o ps7_cortexa9_0/lib/xscugic_hw.o ps7_cortexa9_
TRACE::2025-02-13.12:40:41::SCWMssOS::0/lib/sleep.o ps7_cortexa9_0/lib/xil-crt0.o ps7_cortexa9_0/lib/cpputest_time.o ps7_cortexa9_0/lib/print.o ps7_cortexa9_0/lib/re
TRACE::2025-02-13.12:40:41::SCWMssOS::ad.o ps7_cortexa9_0/lib/xiicps_g.o ps7_cortexa9_0/lib/xdevcfg.o ps7_cortexa9_0/lib/xadcps_intr.o ps7_cortexa9_0/lib/xqspips.o p
TRACE::2025-02-13.12:40:41::SCWMssOS::s7_cortexa9_0/lib/xemacps.o ps7_cortexa9_0/lib/xil_cache.o ps7_cortexa9_0/lib/xil_testio.o ps7_cortexa9_0/lib/_open.o ps7_corte
TRACE::2025-02-13.12:40:41::SCWMssOS::xa9_0/lib/unlink.o ps7_cortexa9_0/lib/xaxidma_g.o ps7_cortexa9_0/lib/xusbps.o ps7_cortexa9_0/lib/xusbps_g.o ps7_cortexa9_0/lib/
TRACE::2025-02-13.12:40:41::SCWMssOS::xdmaps_selftest.o ps7_cortexa9_0/lib/xaxidma_sinit.o ps7_cortexa9_0/lib/xil_spinlock.o ps7_cortexa9_0/lib/translation_table.o p
TRACE::2025-02-13.12:40:41::SCWMssOS::s7_cortexa9_0/lib/xaxidma_selftest.o ps7_cortexa9_0/lib/write.o ps7_cortexa9_0/lib/xil_mmu.o ps7_cortexa9_0/lib/boot.o ps7_cort
TRACE::2025-02-13.12:40:41::SCWMssOS::exa9_0/lib/xaxivdma_channel.o ps7_cortexa9_0/lib/cpu_init.o ps7_cortexa9_0/lib/xaxidma_bd.o ps7_cortexa9_0/lib/xil_sleepcommon.
TRACE::2025-02-13.12:40:41::SCWMssOS::o ps7_cortexa9_0/lib/xgpiops_intr.o ps7_cortexa9_0/lib/xscugic_sinit.o ps7_cortexa9_0/lib/fcntl.o ps7_cortexa9_0/lib/xdevcfg_g.
TRACE::2025-02-13.12:40:41::SCWMssOS::o ps7_cortexa9_0/lib/outbyte.o ps7_cortexa9_0/lib/xinterrupt_wrap.o ps7_cortexa9_0/lib/xuartps_hw.o ps7_cortexa9_0/lib/xtime_l.
TRACE::2025-02-13.12:40:41::SCWMssOS::o ps7_cortexa9_0/lib/xemacps_sinit.o ps7_cortexa9_0/lib/xscugic_selftest.o ps7_cortexa9_0/lib/xil_util.o ps7_cortexa9_0/lib/xua
TRACE::2025-02-13.12:40:41::SCWMssOS::rtps_intr.o ps7_cortexa9_0/lib/xuartps.o ps7_cortexa9_0/lib/xsdps_card.o ps7_cortexa9_0/lib/xdmaps_hw.o ps7_cortexa9_0/lib/xsdp
TRACE::2025-02-13.12:40:41::SCWMssOS::s_sinit.o ps7_cortexa9_0/lib/xscuwdt_sinit.o ps7_cortexa9_0/lib/xgpiops_hw.o ps7_cortexa9_0/lib/xsdps_g.o ps7_cortexa9_0/lib/fs
TRACE::2025-02-13.12:40:41::SCWMssOS::tat.o ps7_cortexa9_0/lib/xaxidma.o ps7_cortexa9_0/lib/errno.o ps7_cortexa9_0/lib/xdevcfg_intr.o ps7_cortexa9_0/lib/xuartps_opti
TRACE::2025-02-13.12:40:41::SCWMssOS::ons.o ps7_cortexa9_0/lib/vectors.o ps7_cortexa9_0/lib/xscuwdt_g.o ps7_cortexa9_0/lib/xil_clocking.o ps7_cortexa9_0/lib/xemacps_
TRACE::2025-02-13.12:40:41::SCWMssOS::intr.o ps7_cortexa9_0/lib/xscuwdt_selftest.o ps7_cortexa9_0/lib/xscugic_g.o ps7_cortexa9_0/lib/isatty.o ps7_cortexa9_0/lib/xscu
TRACE::2025-02-13.12:40:41::SCWMssOS::gic.o ps7_cortexa9_0/lib/xiicps_sinit.o ps7_cortexa9_0/lib/xadcps_g.o ps7_cortexa9_0/lib/xaxidma_bdring.o ps7_cortexa9_0/lib/xa
TRACE::2025-02-13.12:40:41::SCWMssOS::dcps_sinit.o ps7_cortexa9_0/lib/xiicps_xfer.o

TRACE::2025-02-13.12:40:41::SCWMssOS::'Finished building libraries'

TRACE::2025-02-13.12:40:41::SCWMssOS::Copying to export directory.
TRACE::2025-02-13.12:40:41::SCWMssOS:: Checking if to create the Supporting Applications
TRACE::2025-02-13.12:40:41::SCWMssOS:: No Linux domain exists, trying to generate FSBL 
LOG::2025-02-13.12:40:41::SCWSystem::Completed Processing the domain standalone_domain
LOG::2025-02-13.12:40:41::SCWSystem::Completed Processing the sysconfig Assignment2_newest
LOG::2025-02-13.12:40:41::SCWPlatform::Completed generating the artifacts for system configuration Assignment2_newest
TRACE::2025-02-13.12:40:41::SCWPlatform::Started preparing the platform 
TRACE::2025-02-13.12:40:41::SCWSystem::Writing the bif file for system config Assignment2_newest
TRACE::2025-02-13.12:40:41::SCWSystem::dir created 
TRACE::2025-02-13.12:40:41::SCWSystem::Writing the bif 
TRACE::2025-02-13.12:40:41::SCWPlatform::Started writing the spfm file 
TRACE::2025-02-13.12:40:41::SCWPlatform::Started writing the xpfm file 
TRACE::2025-02-13.12:40:41::SCWPlatform::Completed generating the platform
TRACE::2025-02-13.12:40:41::SCWMssOS::Saving the mss changes C:/Users/hmcculla/ECE423/ECE-423-Labs/workspace/Assignment2_newest/zynq_fsbl/zynq_fsbl_bsp/system.mss
TRACE::2025-02-13.12:40:41::SCWMssOS::Found a swdesign opened with the mssfile.
TRACE::2025-02-13.12:40:41::SCWMssOS::Completed writemss as part of save.
TRACE::2025-02-13.12:40:41::SCWMssOS::Commit changes completed.
TRACE::2025-02-13.12:40:41::SCWMssOS::Saving the mss changes C:/Users/hmcculla/ECE423/ECE-423-Labs/workspace/Assignment2_newest/ps7_cortexa9_0/standalone_domain/bsp/system.mss
TRACE::2025-02-13.12:40:41::SCWMssOS::Found a swdesign opened with the mssfile.
TRACE::2025-02-13.12:40:41::SCWMssOS::Completed writemss as part of save.
TRACE::2025-02-13.12:40:41::SCWMssOS::Commit changes completed.
TRACE::2025-02-13.12:40:41::SCWPlatform::Trying to open the hw design at C:/Users/hmcculla/ECE423/ECE-423-Labs/workspace/Assignment2_newest/hw/lab_prefab_wrapper_newest_lab2.xsa
TRACE::2025-02-13.12:40:41::SCWPlatform::DSA given C:/Users/hmcculla/ECE423/ECE-423-Labs/workspace/Assignment2_newest/hw/lab_prefab_wrapper_newest_lab2.xsa
TRACE::2025-02-13.12:40:41::SCWPlatform::DSA absoulate path C:/Users/hmcculla/ECE423/ECE-423-Labs/workspace/Assignment2_newest/hw/lab_prefab_wrapper_newest_lab2.xsa
TRACE::2025-02-13.12:40:41::SCWPlatform::DSA directory C:/Users/hmcculla/ECE423/ECE-423-Labs/workspace/Assignment2_newest/hw
TRACE::2025-02-13.12:40:41::SCWPlatform:: Platform Path C:/Users/hmcculla/ECE423/ECE-423-Labs/workspace/Assignment2_newest/hw/lab_prefab_wrapper_newest_lab2.xsa
TRACE::2025-02-13.12:40:41::SCWPlatform:: Unique name xilinx:pynq-z1::0.0
TRACE::2025-02-13.12:40:41::SCWPlatform::Trying to set the existing hwdb with name lab_prefab_wrapper_5
TRACE::2025-02-13.12:40:41::SCWPlatform::Opened existing hwdb lab_prefab_wrapper_5
TRACE::2025-02-13.12:40:41::SCWPlatform::Found the Hw Db part of the input DSA
TRACE::2025-02-13.12:40:41::SCWMssOS::Checking the sw design at  C:/Users/hmcculla/ECE423/ECE-423-Labs/workspace/Assignment2_newest/zynq_fsbl/zynq_fsbl_bsp/system.mss
TRACE::2025-02-13.12:40:41::SCWMssOS::DEBUG:  swdes dump  C:/Users/hmcculla/ECE423/ECE-423-Labs/workspace/Assignment2_debugging/ps7_cortexa9_0/standalone_domain/bsp/system.mss|system_2||
C:/Users/hmcculla/ECE423/ECE-423-Labs/workspace/Assignment2_debugging/zynq_fsbl/zynq_fsbl_bsp/system.mss|system_1||
C:/Users/hmcculla/ECE423/ECE-423-Labs/workspace/Assignment2_newest/ps7_cortexa9_0/standalone_domain/bsp/system.mss|system_4||
C:/Users/hmcculla/ECE423/ECE-423-Labs/workspace/Assignment2_newest/zynq_fsbl/zynq_fsbl_bsp/system.mss|system_3||
C:/Users/hmcculla/ECE423/ECE-423-Labs/workspace/assignment2_hunter_test/ps7_cortexa9_0/standalone_domain/bsp/system.mss|system||
C:/Users/hmcculla/ECE423/ECE-423-Labs/workspace/assignment2_hunter_test/zynq_fsbl/zynq_fsbl_bsp/system.mss|system_0||

TRACE::2025-02-13.12:40:41::SCWMssOS::Sw design exists and opened at  C:/Users/hmcculla/ECE423/ECE-423-Labs/workspace/Assignment2_newest/zynq_fsbl/zynq_fsbl_bsp/system.mss
TRACE::2025-02-13.12:40:41::SCWPlatform::Trying to open the hw design at C:/Users/hmcculla/ECE423/ECE-423-Labs/workspace/Assignment2_newest/hw/lab_prefab_wrapper_newest_lab2.xsa
TRACE::2025-02-13.12:40:41::SCWPlatform::DSA given C:/Users/hmcculla/ECE423/ECE-423-Labs/workspace/Assignment2_newest/hw/lab_prefab_wrapper_newest_lab2.xsa
TRACE::2025-02-13.12:40:41::SCWPlatform::DSA absoulate path C:/Users/hmcculla/ECE423/ECE-423-Labs/workspace/Assignment2_newest/hw/lab_prefab_wrapper_newest_lab2.xsa
TRACE::2025-02-13.12:40:41::SCWPlatform::DSA directory C:/Users/hmcculla/ECE423/ECE-423-Labs/workspace/Assignment2_newest/hw
TRACE::2025-02-13.12:40:41::SCWPlatform:: Platform Path C:/Users/hmcculla/ECE423/ECE-423-Labs/workspace/Assignment2_newest/hw/lab_prefab_wrapper_newest_lab2.xsa
TRACE::2025-02-13.12:40:41::SCWPlatform:: Unique name xilinx:pynq-z1::0.0
TRACE::2025-02-13.12:40:41::SCWPlatform::Trying to set the existing hwdb with name lab_prefab_wrapper_5
TRACE::2025-02-13.12:40:41::SCWPlatform::Opened existing hwdb lab_prefab_wrapper_5
TRACE::2025-02-13.12:40:41::SCWPlatform::Found the Hw Db part of the input DSA
TRACE::2025-02-13.12:40:41::SCWMssOS::Checking the sw design at  C:/Users/hmcculla/ECE423/ECE-423-Labs/workspace/Assignment2_newest/ps7_cortexa9_0/standalone_domain/bsp/system.mss
TRACE::2025-02-13.12:40:41::SCWMssOS::DEBUG:  swdes dump  C:/Users/hmcculla/ECE423/ECE-423-Labs/workspace/Assignment2_debugging/ps7_cortexa9_0/standalone_domain/bsp/system.mss|system_2||
C:/Users/hmcculla/ECE423/ECE-423-Labs/workspace/Assignment2_debugging/zynq_fsbl/zynq_fsbl_bsp/system.mss|system_1||
C:/Users/hmcculla/ECE423/ECE-423-Labs/workspace/Assignment2_newest/ps7_cortexa9_0/standalone_domain/bsp/system.mss|system_4||
C:/Users/hmcculla/ECE423/ECE-423-Labs/workspace/Assignment2_newest/zynq_fsbl/zynq_fsbl_bsp/system.mss|system_3||
C:/Users/hmcculla/ECE423/ECE-423-Labs/workspace/assignment2_hunter_test/ps7_cortexa9_0/standalone_domain/bsp/system.mss|system||
C:/Users/hmcculla/ECE423/ECE-423-Labs/workspace/assignment2_hunter_test/zynq_fsbl/zynq_fsbl_bsp/system.mss|system_0||

TRACE::2025-02-13.12:40:41::SCWMssOS::Sw design exists and opened at  C:/Users/hmcculla/ECE423/ECE-423-Labs/workspace/Assignment2_newest/ps7_cortexa9_0/standalone_domain/bsp/system.mss
TRACE::2025-02-13.12:40:41::SCWWriter::formatted JSON is {
	"platformName":	"Assignment2_newest",
	"sprVersion":	"2.0",
	"mode":	"gui",
	"dsaType":	"Fixed",
	"platformDesc":	"Assignment2_newest",
	"platHandOff":	"C:/Users/j54mao/ECE423/ECE-423-Labs/ece423_prefab/ece423_prefab/lab_prefab/lab_prefab_wrapper_newest_lab2.xsa",
	"platIntHandOff":	"<platformDir>/hw/lab_prefab_wrapper_newest_lab2.xsa",
	"deviceType":	"zynq",
	"platIsPrebuiltAutogen":	"false",
	"platIsNoBootBsp":	"false",
	"hasFsblMakeHasChanges":	"false",
	"hasPmufwMakeHasChanges":	"false",
	"fsblExtraCompilerFlags":	"-MMD -MP       -mcpu=cortex-a9 -mfpu=vfpv3 -mfloat-abi=hard ",
	"platPreBuiltFlag":	false,
	"platformSamplesDir":	"",
	"platActiveSys":	"Assignment2_newest",
	"systems":	[{
			"systemName":	"Assignment2_newest",
			"systemDesc":	"Assignment2_newest",
			"sysIsBootAutoGen":	"true",
			"systemDispName":	"Assignment2_newest",
			"sysActiveDom":	"standalone_domain",
			"sysDefaultDom":	"standalone_domain",
			"domains":	[{
					"domainName":	"zynq_fsbl",
					"domainDispName":	"zynq_fsbl",
					"domainDesc":	"FSBL Application BSP - Auto Generated.",
					"processors":	"ps7_cortexa9_0",
					"os":	"standalone",
					"sdxOs":	"standalone",
					"debugEnable":	"",
					"domRuntimes":	["cpp"],
					"swRepo":	"",
					"mssOsVer":	"7.7",
					"mssFile":	"",
					"md5Digest":	"9e73a1d664e6392758527307bae5c8a3",
					"compatibleApp":	"zynq_fsbl",
					"domType":	"bootDomain",
					"arch":	"32-bit",
					"appSettings":	{
						"appCompilerFlags":	"",
						"appLinkerFlags":	""
					},
					"addedLibs":	["xilffs:4.7", "xilrsa:1.6"],
					"libOptions":	{
						"xilffs":	{
							"enable_multi_partition":	"true",
							"num_logical_vol":	"10",
							"libOptionNames":	["enable_multi_partition", "num_logical_vol"]
						},
						"libsContainingOptions":	["xilffs"]
					},
					"prebuiltLibs":	{
						"prebuiltIncPath":	[],
						"prebuiltLibPath":	[]
					},
					"isolation":	{
					}
				}, {
					"domainName":	"standalone_domain",
					"domainDispName":	"standalone on ps7_cortexa9_0",
					"domainDesc":	"standalone_domain",
					"processors":	"ps7_cortexa9_0",
					"os":	"standalone",
					"sdxOs":	"standalone",
					"qemuArgs":	"<platformDir>/resources/Assignment2_newest/standalone_domain/qemu_args.txt",
					"qemuData":	"<platformDir>/resources/Assignment2_newest/standalone_domain/qemu",
					"debugEnable":	"False",
					"domRuntimes":	["cpp"],
					"swRepo":	"",
					"mssOsVer":	"7.7",
					"mssFile":	"",
					"md5Digest":	"d40aa47b8fe82e3893c3bcfc8271b445",
					"compatibleApp":	"",
					"domType":	"mssDomain",
					"appSettings":	{
						"appCompilerFlags":	"",
						"appLinkerFlags":	""
					},
					"addedLibs":	["xilffs:4.7"],
					"libOptions":	{
						"xilffs":	{
							"enable_multi_partition":	"true",
							"num_logical_vol":	"10",
							"libOptionNames":	["enable_multi_partition", "num_logical_vol"]
						},
						"libsContainingOptions":	["xilffs"]
					},
					"prebuiltLibs":	{
						"prebuiltIncPath":	[],
						"prebuiltLibPath":	[]
					},
					"isolation":	{
					}
				}]
		}]
}
KEYINFO::2025-02-13.12:40:41::SCWPlatform::updated the xpfm file.
TRACE::2025-02-13.12:40:42::SCWPlatform::Trying to open the hw design at C:/Users/hmcculla/ECE423/ECE-423-Labs/workspace/Assignment2_newest/hw/lab_prefab_wrapper_newest_lab2.xsa
TRACE::2025-02-13.12:40:42::SCWPlatform::DSA given C:/Users/hmcculla/ECE423/ECE-423-Labs/workspace/Assignment2_newest/hw/lab_prefab_wrapper_newest_lab2.xsa
TRACE::2025-02-13.12:40:42::SCWPlatform::DSA absoulate path C:/Users/hmcculla/ECE423/ECE-423-Labs/workspace/Assignment2_newest/hw/lab_prefab_wrapper_newest_lab2.xsa
TRACE::2025-02-13.12:40:42::SCWPlatform::DSA directory C:/Users/hmcculla/ECE423/ECE-423-Labs/workspace/Assignment2_newest/hw
TRACE::2025-02-13.12:40:42::SCWPlatform:: Platform Path C:/Users/hmcculla/ECE423/ECE-423-Labs/workspace/Assignment2_newest/hw/lab_prefab_wrapper_newest_lab2.xsa
TRACE::2025-02-13.12:40:42::SCWPlatform:: Unique name xilinx:pynq-z1::0.0
TRACE::2025-02-13.12:40:42::SCWPlatform::Trying to set the existing hwdb with name lab_prefab_wrapper_5
TRACE::2025-02-13.12:40:42::SCWPlatform::Opened existing hwdb lab_prefab_wrapper_5
TRACE::2025-02-13.12:40:42::SCWPlatform::Found the Hw Db part of the input DSA
TRACE::2025-02-13.12:40:42::SCWMssOS::Checking the sw design at  C:/Users/hmcculla/ECE423/ECE-423-Labs/workspace/Assignment2_newest/ps7_cortexa9_0/standalone_domain/bsp/system.mss
TRACE::2025-02-13.12:40:42::SCWMssOS::DEBUG:  swdes dump  C:/Users/hmcculla/ECE423/ECE-423-Labs/workspace/Assignment2_debugging/ps7_cortexa9_0/standalone_domain/bsp/system.mss|system_2||
C:/Users/hmcculla/ECE423/ECE-423-Labs/workspace/Assignment2_debugging/zynq_fsbl/zynq_fsbl_bsp/system.mss|system_1||
C:/Users/hmcculla/ECE423/ECE-423-Labs/workspace/Assignment2_newest/ps7_cortexa9_0/standalone_domain/bsp/system.mss|system_4||
C:/Users/hmcculla/ECE423/ECE-423-Labs/workspace/Assignment2_newest/zynq_fsbl/zynq_fsbl_bsp/system.mss|system_3||
C:/Users/hmcculla/ECE423/ECE-423-Labs/workspace/assignment2_hunter_test/ps7_cortexa9_0/standalone_domain/bsp/system.mss|system||
C:/Users/hmcculla/ECE423/ECE-423-Labs/workspace/assignment2_hunter_test/zynq_fsbl/zynq_fsbl_bsp/system.mss|system_0||

TRACE::2025-02-13.12:40:42::SCWMssOS::Sw design exists and opened at  C:/Users/hmcculla/ECE423/ECE-423-Labs/workspace/Assignment2_newest/ps7_cortexa9_0/standalone_domain/bsp/system.mss
TRACE::2025-02-13.13:49:05::SCWPlatform::Trying to open the hw design at C:/Users/hmcculla/ECE423/ECE-423-Labs/workspace/Assignment2_newest/hw/lab_prefab_wrapper_newest_lab2.xsa
TRACE::2025-02-13.13:49:05::SCWPlatform::DSA given C:/Users/hmcculla/ECE423/ECE-423-Labs/workspace/Assignment2_newest/hw/lab_prefab_wrapper_newest_lab2.xsa
TRACE::2025-02-13.13:49:05::SCWPlatform::DSA absoulate path C:/Users/hmcculla/ECE423/ECE-423-Labs/workspace/Assignment2_newest/hw/lab_prefab_wrapper_newest_lab2.xsa
TRACE::2025-02-13.13:49:05::SCWPlatform::DSA directory C:/Users/hmcculla/ECE423/ECE-423-Labs/workspace/Assignment2_newest/hw
TRACE::2025-02-13.13:49:05::SCWPlatform:: Platform Path C:/Users/hmcculla/ECE423/ECE-423-Labs/workspace/Assignment2_newest/hw/lab_prefab_wrapper_newest_lab2.xsa
TRACE::2025-02-13.13:49:05::SCWPlatform:: Unique name xilinx:pynq-z1::0.0
TRACE::2025-02-13.13:49:05::SCWPlatform::Do not have an existing db opened. 
TRACE::2025-02-13.13:49:08::SCWPlatform::Opened new HwDB with name lab_prefab_wrapper_0
TRACE::2025-02-13.13:49:08::SCWReader::Active system found as  Assignment2_newest
TRACE::2025-02-13.13:49:08::SCWReader::Handling sysconfig Assignment2_newest
TRACE::2025-02-13.13:49:08::SCWDomain::checking for install qemu data   : 
TRACE::2025-02-13.13:49:08::SCWDomain:: Using the QEMU Data from install at  : C:/Software/Xilinx/Vitis/2022.1/data/emulation/platforms/zynq/sw/a9_standalone/qemu/
TRACE::2025-02-13.13:49:08::SCWDomain:: Using the QEMU args  from install at  : C:/Software/Xilinx/Vitis/2022.1/data/emulation/platforms/zynq/sw/a9_standalone/qemu/qemu_args.txt
TRACE::2025-02-13.13:49:08::SCWPlatform::Trying to open the hw design at C:/Users/hmcculla/ECE423/ECE-423-Labs/workspace/Assignment2_newest/hw/lab_prefab_wrapper_newest_lab2.xsa
TRACE::2025-02-13.13:49:08::SCWPlatform::DSA given C:/Users/hmcculla/ECE423/ECE-423-Labs/workspace/Assignment2_newest/hw/lab_prefab_wrapper_newest_lab2.xsa
TRACE::2025-02-13.13:49:08::SCWPlatform::DSA absoulate path C:/Users/hmcculla/ECE423/ECE-423-Labs/workspace/Assignment2_newest/hw/lab_prefab_wrapper_newest_lab2.xsa
TRACE::2025-02-13.13:49:08::SCWPlatform::DSA directory C:/Users/hmcculla/ECE423/ECE-423-Labs/workspace/Assignment2_newest/hw
TRACE::2025-02-13.13:49:08::SCWPlatform:: Platform Path C:/Users/hmcculla/ECE423/ECE-423-Labs/workspace/Assignment2_newest/hw/lab_prefab_wrapper_newest_lab2.xsa
TRACE::2025-02-13.13:49:08::SCWPlatform:: Unique name xilinx:pynq-z1::0.0
TRACE::2025-02-13.13:49:08::SCWPlatform::Trying to set the existing hwdb with name lab_prefab_wrapper_0
TRACE::2025-02-13.13:49:08::SCWPlatform::Opened existing hwdb lab_prefab_wrapper_0
TRACE::2025-02-13.13:49:08::SCWPlatform::Found the Hw Db part of the input DSA
TRACE::2025-02-13.13:49:08::SCWPlatform::Trying to open the hw design at C:/Users/hmcculla/ECE423/ECE-423-Labs/workspace/Assignment2_newest/hw/lab_prefab_wrapper_newest_lab2.xsa
TRACE::2025-02-13.13:49:08::SCWPlatform::DSA given C:/Users/hmcculla/ECE423/ECE-423-Labs/workspace/Assignment2_newest/hw/lab_prefab_wrapper_newest_lab2.xsa
TRACE::2025-02-13.13:49:08::SCWPlatform::DSA absoulate path C:/Users/hmcculla/ECE423/ECE-423-Labs/workspace/Assignment2_newest/hw/lab_prefab_wrapper_newest_lab2.xsa
TRACE::2025-02-13.13:49:08::SCWPlatform::DSA directory C:/Users/hmcculla/ECE423/ECE-423-Labs/workspace/Assignment2_newest/hw
TRACE::2025-02-13.13:49:08::SCWPlatform:: Platform Path C:/Users/hmcculla/ECE423/ECE-423-Labs/workspace/Assignment2_newest/hw/lab_prefab_wrapper_newest_lab2.xsa
TRACE::2025-02-13.13:49:08::SCWPlatform:: Unique name xilinx:pynq-z1::0.0
TRACE::2025-02-13.13:49:08::SCWPlatform::Trying to set the existing hwdb with name lab_prefab_wrapper_0
TRACE::2025-02-13.13:49:08::SCWPlatform::Opened existing hwdb lab_prefab_wrapper_0
TRACE::2025-02-13.13:49:08::SCWPlatform::Found the Hw Db part of the input DSA
TRACE::2025-02-13.13:49:08::SCWPlatform::Trying to open the hw design at C:/Users/hmcculla/ECE423/ECE-423-Labs/workspace/Assignment2_newest/hw/lab_prefab_wrapper_newest_lab2.xsa
TRACE::2025-02-13.13:49:08::SCWPlatform::DSA given C:/Users/hmcculla/ECE423/ECE-423-Labs/workspace/Assignment2_newest/hw/lab_prefab_wrapper_newest_lab2.xsa
TRACE::2025-02-13.13:49:08::SCWPlatform::DSA absoulate path C:/Users/hmcculla/ECE423/ECE-423-Labs/workspace/Assignment2_newest/hw/lab_prefab_wrapper_newest_lab2.xsa
TRACE::2025-02-13.13:49:08::SCWPlatform::DSA directory C:/Users/hmcculla/ECE423/ECE-423-Labs/workspace/Assignment2_newest/hw
TRACE::2025-02-13.13:49:08::SCWPlatform:: Platform Path C:/Users/hmcculla/ECE423/ECE-423-Labs/workspace/Assignment2_newest/hw/lab_prefab_wrapper_newest_lab2.xsa
TRACE::2025-02-13.13:49:08::SCWPlatform:: Unique name xilinx:pynq-z1::0.0
TRACE::2025-02-13.13:49:08::SCWPlatform::Trying to set the existing hwdb with name lab_prefab_wrapper_0
TRACE::2025-02-13.13:49:08::SCWPlatform::Opened existing hwdb lab_prefab_wrapper_0
TRACE::2025-02-13.13:49:08::SCWPlatform::Found the Hw Db part of the input DSA
TRACE::2025-02-13.13:49:08::SCWReader::Boot application domain added for zynq_fsbl
TRACE::2025-02-13.13:49:08::SCWPlatform::Trying to open the hw design at C:/Users/hmcculla/ECE423/ECE-423-Labs/workspace/Assignment2_newest/hw/lab_prefab_wrapper_newest_lab2.xsa
TRACE::2025-02-13.13:49:08::SCWPlatform::DSA given C:/Users/hmcculla/ECE423/ECE-423-Labs/workspace/Assignment2_newest/hw/lab_prefab_wrapper_newest_lab2.xsa
TRACE::2025-02-13.13:49:08::SCWPlatform::DSA absoulate path C:/Users/hmcculla/ECE423/ECE-423-Labs/workspace/Assignment2_newest/hw/lab_prefab_wrapper_newest_lab2.xsa
TRACE::2025-02-13.13:49:08::SCWPlatform::DSA directory C:/Users/hmcculla/ECE423/ECE-423-Labs/workspace/Assignment2_newest/hw
TRACE::2025-02-13.13:49:08::SCWPlatform:: Platform Path C:/Users/hmcculla/ECE423/ECE-423-Labs/workspace/Assignment2_newest/hw/lab_prefab_wrapper_newest_lab2.xsa
TRACE::2025-02-13.13:49:08::SCWPlatform:: Unique name xilinx:pynq-z1::0.0
TRACE::2025-02-13.13:49:08::SCWPlatform::Trying to set the existing hwdb with name lab_prefab_wrapper_0
TRACE::2025-02-13.13:49:08::SCWPlatform::Opened existing hwdb lab_prefab_wrapper_0
TRACE::2025-02-13.13:49:08::SCWPlatform::Found the Hw Db part of the input DSA
TRACE::2025-02-13.13:49:08::SCWMssOS::Checking the sw design at  C:/Users/hmcculla/ECE423/ECE-423-Labs/workspace/Assignment2_newest/zynq_fsbl/zynq_fsbl_bsp/system.mss
TRACE::2025-02-13.13:49:08::SCWMssOS::DEBUG:  swdes dump  C:/Users/hmcculla/ECE423/ECE-423-Labs/workspace/Assignment2_debugging/ps7_cortexa9_0/standalone_domain/bsp/system.mss|system_0||
C:/Users/hmcculla/ECE423/ECE-423-Labs/workspace/Assignment2_debugging/zynq_fsbl/zynq_fsbl_bsp/system.mss|system||

TRACE::2025-02-13.13:49:08::SCWMssOS::No sw design opened at  C:/Users/hmcculla/ECE423/ECE-423-Labs/workspace/Assignment2_newest/zynq_fsbl/zynq_fsbl_bsp/system.mss
TRACE::2025-02-13.13:49:08::SCWMssOS::mss exists loading the mss file  C:/Users/hmcculla/ECE423/ECE-423-Labs/workspace/Assignment2_newest/zynq_fsbl/zynq_fsbl_bsp/system.mss
TRACE::2025-02-13.13:49:08::SCWMssOS::Opened the sw design from mss  C:/Users/hmcculla/ECE423/ECE-423-Labs/workspace/Assignment2_newest/zynq_fsbl/zynq_fsbl_bsp/system.mss
TRACE::2025-02-13.13:49:08::SCWMssOS::Adding the swdes entry C:/Users/hmcculla/ECE423/ECE-423-Labs/workspace/Assignment2_newest/zynq_fsbl/zynq_fsbl_bsp/system.mss with des name system_1
TRACE::2025-02-13.13:49:08::SCWMssOS::updating the scw layer about changes
TRACE::2025-02-13.13:49:08::SCWMssOS::Opened the sw design.  C:/Users/hmcculla/ECE423/ECE-423-Labs/workspace/Assignment2_newest/zynq_fsbl/zynq_fsbl_bsp/system.mss
TRACE::2025-02-13.13:49:08::SCWPlatform::Trying to open the hw design at C:/Users/hmcculla/ECE423/ECE-423-Labs/workspace/Assignment2_newest/hw/lab_prefab_wrapper_newest_lab2.xsa
TRACE::2025-02-13.13:49:08::SCWPlatform::DSA given C:/Users/hmcculla/ECE423/ECE-423-Labs/workspace/Assignment2_newest/hw/lab_prefab_wrapper_newest_lab2.xsa
TRACE::2025-02-13.13:49:08::SCWPlatform::DSA absoulate path C:/Users/hmcculla/ECE423/ECE-423-Labs/workspace/Assignment2_newest/hw/lab_prefab_wrapper_newest_lab2.xsa
TRACE::2025-02-13.13:49:08::SCWPlatform::DSA directory C:/Users/hmcculla/ECE423/ECE-423-Labs/workspace/Assignment2_newest/hw
TRACE::2025-02-13.13:49:08::SCWPlatform:: Platform Path C:/Users/hmcculla/ECE423/ECE-423-Labs/workspace/Assignment2_newest/hw/lab_prefab_wrapper_newest_lab2.xsa
TRACE::2025-02-13.13:49:08::SCWPlatform:: Unique name xilinx:pynq-z1::0.0
TRACE::2025-02-13.13:49:08::SCWPlatform::Trying to set the existing hwdb with name lab_prefab_wrapper_0
TRACE::2025-02-13.13:49:08::SCWPlatform::Opened existing hwdb lab_prefab_wrapper_0
TRACE::2025-02-13.13:49:08::SCWPlatform::Found the Hw Db part of the input DSA
TRACE::2025-02-13.13:49:08::SCWMssOS::Checking the sw design at  C:/Users/hmcculla/ECE423/ECE-423-Labs/workspace/Assignment2_newest/zynq_fsbl/zynq_fsbl_bsp/system.mss
TRACE::2025-02-13.13:49:08::SCWMssOS::DEBUG:  swdes dump  C:/Users/hmcculla/ECE423/ECE-423-Labs/workspace/Assignment2_debugging/ps7_cortexa9_0/standalone_domain/bsp/system.mss|system_0||
C:/Users/hmcculla/ECE423/ECE-423-Labs/workspace/Assignment2_debugging/zynq_fsbl/zynq_fsbl_bsp/system.mss|system||
C:/Users/hmcculla/ECE423/ECE-423-Labs/workspace/Assignment2_newest/zynq_fsbl/zynq_fsbl_bsp/system.mss|system_1||

TRACE::2025-02-13.13:49:08::SCWMssOS::Sw design exists and opened at  C:/Users/hmcculla/ECE423/ECE-423-Labs/workspace/Assignment2_newest/zynq_fsbl/zynq_fsbl_bsp/system.mss
TRACE::2025-02-13.13:49:08::SCWMssOS:: library already available in sw design:  xilffs:4.7
TRACE::2025-02-13.13:49:08::SCWPlatform::Trying to open the hw design at C:/Users/hmcculla/ECE423/ECE-423-Labs/workspace/Assignment2_newest/hw/lab_prefab_wrapper_newest_lab2.xsa
TRACE::2025-02-13.13:49:08::SCWPlatform::DSA given C:/Users/hmcculla/ECE423/ECE-423-Labs/workspace/Assignment2_newest/hw/lab_prefab_wrapper_newest_lab2.xsa
TRACE::2025-02-13.13:49:08::SCWPlatform::DSA absoulate path C:/Users/hmcculla/ECE423/ECE-423-Labs/workspace/Assignment2_newest/hw/lab_prefab_wrapper_newest_lab2.xsa
TRACE::2025-02-13.13:49:08::SCWPlatform::DSA directory C:/Users/hmcculla/ECE423/ECE-423-Labs/workspace/Assignment2_newest/hw
TRACE::2025-02-13.13:49:08::SCWPlatform:: Platform Path C:/Users/hmcculla/ECE423/ECE-423-Labs/workspace/Assignment2_newest/hw/lab_prefab_wrapper_newest_lab2.xsa
TRACE::2025-02-13.13:49:08::SCWPlatform:: Unique name xilinx:pynq-z1::0.0
TRACE::2025-02-13.13:49:08::SCWPlatform::Trying to set the existing hwdb with name lab_prefab_wrapper_0
TRACE::2025-02-13.13:49:08::SCWPlatform::Opened existing hwdb lab_prefab_wrapper_0
TRACE::2025-02-13.13:49:08::SCWPlatform::Found the Hw Db part of the input DSA
TRACE::2025-02-13.13:49:08::SCWMssOS::Checking the sw design at  C:/Users/hmcculla/ECE423/ECE-423-Labs/workspace/Assignment2_newest/zynq_fsbl/zynq_fsbl_bsp/system.mss
TRACE::2025-02-13.13:49:08::SCWMssOS::DEBUG:  swdes dump  C:/Users/hmcculla/ECE423/ECE-423-Labs/workspace/Assignment2_debugging/ps7_cortexa9_0/standalone_domain/bsp/system.mss|system_0||
C:/Users/hmcculla/ECE423/ECE-423-Labs/workspace/Assignment2_debugging/zynq_fsbl/zynq_fsbl_bsp/system.mss|system||
C:/Users/hmcculla/ECE423/ECE-423-Labs/workspace/Assignment2_newest/zynq_fsbl/zynq_fsbl_bsp/system.mss|system_1||

TRACE::2025-02-13.13:49:08::SCWMssOS::Sw design exists and opened at  C:/Users/hmcculla/ECE423/ECE-423-Labs/workspace/Assignment2_newest/zynq_fsbl/zynq_fsbl_bsp/system.mss
TRACE::2025-02-13.13:49:08::SCWMssOS:: library already available in sw design:  xilrsa:1.6
TRACE::2025-02-13.13:49:08::SCWPlatform::Trying to open the hw design at C:/Users/hmcculla/ECE423/ECE-423-Labs/workspace/Assignment2_newest/hw/lab_prefab_wrapper_newest_lab2.xsa
TRACE::2025-02-13.13:49:08::SCWPlatform::DSA given C:/Users/hmcculla/ECE423/ECE-423-Labs/workspace/Assignment2_newest/hw/lab_prefab_wrapper_newest_lab2.xsa
TRACE::2025-02-13.13:49:08::SCWPlatform::DSA absoulate path C:/Users/hmcculla/ECE423/ECE-423-Labs/workspace/Assignment2_newest/hw/lab_prefab_wrapper_newest_lab2.xsa
TRACE::2025-02-13.13:49:08::SCWPlatform::DSA directory C:/Users/hmcculla/ECE423/ECE-423-Labs/workspace/Assignment2_newest/hw
TRACE::2025-02-13.13:49:08::SCWPlatform:: Platform Path C:/Users/hmcculla/ECE423/ECE-423-Labs/workspace/Assignment2_newest/hw/lab_prefab_wrapper_newest_lab2.xsa
TRACE::2025-02-13.13:49:08::SCWPlatform:: Unique name xilinx:pynq-z1::0.0
TRACE::2025-02-13.13:49:08::SCWPlatform::Trying to set the existing hwdb with name lab_prefab_wrapper_0
TRACE::2025-02-13.13:49:08::SCWPlatform::Opened existing hwdb lab_prefab_wrapper_0
TRACE::2025-02-13.13:49:08::SCWPlatform::Found the Hw Db part of the input DSA
TRACE::2025-02-13.13:49:08::SCWMssOS::Checking the sw design at  C:/Users/hmcculla/ECE423/ECE-423-Labs/workspace/Assignment2_newest/zynq_fsbl/zynq_fsbl_bsp/system.mss
TRACE::2025-02-13.13:49:08::SCWMssOS::DEBUG:  swdes dump  C:/Users/hmcculla/ECE423/ECE-423-Labs/workspace/Assignment2_debugging/ps7_cortexa9_0/standalone_domain/bsp/system.mss|system_0||
C:/Users/hmcculla/ECE423/ECE-423-Labs/workspace/Assignment2_debugging/zynq_fsbl/zynq_fsbl_bsp/system.mss|system||
C:/Users/hmcculla/ECE423/ECE-423-Labs/workspace/Assignment2_newest/zynq_fsbl/zynq_fsbl_bsp/system.mss|system_1||

TRACE::2025-02-13.13:49:08::SCWMssOS::Sw design exists and opened at  C:/Users/hmcculla/ECE423/ECE-423-Labs/workspace/Assignment2_newest/zynq_fsbl/zynq_fsbl_bsp/system.mss
TRACE::2025-02-13.13:49:08::SCWPlatform::Trying to open the hw design at C:/Users/hmcculla/ECE423/ECE-423-Labs/workspace/Assignment2_newest/hw/lab_prefab_wrapper_newest_lab2.xsa
TRACE::2025-02-13.13:49:08::SCWPlatform::DSA given C:/Users/hmcculla/ECE423/ECE-423-Labs/workspace/Assignment2_newest/hw/lab_prefab_wrapper_newest_lab2.xsa
TRACE::2025-02-13.13:49:08::SCWPlatform::DSA absoulate path C:/Users/hmcculla/ECE423/ECE-423-Labs/workspace/Assignment2_newest/hw/lab_prefab_wrapper_newest_lab2.xsa
TRACE::2025-02-13.13:49:08::SCWPlatform::DSA directory C:/Users/hmcculla/ECE423/ECE-423-Labs/workspace/Assignment2_newest/hw
TRACE::2025-02-13.13:49:08::SCWPlatform:: Platform Path C:/Users/hmcculla/ECE423/ECE-423-Labs/workspace/Assignment2_newest/hw/lab_prefab_wrapper_newest_lab2.xsa
TRACE::2025-02-13.13:49:08::SCWPlatform:: Unique name xilinx:pynq-z1::0.0
TRACE::2025-02-13.13:49:08::SCWPlatform::Trying to set the existing hwdb with name lab_prefab_wrapper_0
TRACE::2025-02-13.13:49:08::SCWPlatform::Opened existing hwdb lab_prefab_wrapper_0
TRACE::2025-02-13.13:49:08::SCWPlatform::Found the Hw Db part of the input DSA
TRACE::2025-02-13.13:49:08::SCWMssOS::Checking the sw design at  C:/Users/hmcculla/ECE423/ECE-423-Labs/workspace/Assignment2_newest/zynq_fsbl/zynq_fsbl_bsp/system.mss
TRACE::2025-02-13.13:49:08::SCWMssOS::DEBUG:  swdes dump  C:/Users/hmcculla/ECE423/ECE-423-Labs/workspace/Assignment2_debugging/ps7_cortexa9_0/standalone_domain/bsp/system.mss|system_0||
C:/Users/hmcculla/ECE423/ECE-423-Labs/workspace/Assignment2_debugging/zynq_fsbl/zynq_fsbl_bsp/system.mss|system||
C:/Users/hmcculla/ECE423/ECE-423-Labs/workspace/Assignment2_newest/zynq_fsbl/zynq_fsbl_bsp/system.mss|system_1||

TRACE::2025-02-13.13:49:08::SCWMssOS::Sw design exists and opened at  C:/Users/hmcculla/ECE423/ECE-423-Labs/workspace/Assignment2_newest/zynq_fsbl/zynq_fsbl_bsp/system.mss
TRACE::2025-02-13.13:49:08::SCWPlatform::Trying to open the hw design at C:/Users/hmcculla/ECE423/ECE-423-Labs/workspace/Assignment2_newest/hw/lab_prefab_wrapper_newest_lab2.xsa
TRACE::2025-02-13.13:49:08::SCWPlatform::DSA given C:/Users/hmcculla/ECE423/ECE-423-Labs/workspace/Assignment2_newest/hw/lab_prefab_wrapper_newest_lab2.xsa
TRACE::2025-02-13.13:49:08::SCWPlatform::DSA absoulate path C:/Users/hmcculla/ECE423/ECE-423-Labs/workspace/Assignment2_newest/hw/lab_prefab_wrapper_newest_lab2.xsa
TRACE::2025-02-13.13:49:08::SCWPlatform::DSA directory C:/Users/hmcculla/ECE423/ECE-423-Labs/workspace/Assignment2_newest/hw
TRACE::2025-02-13.13:49:08::SCWPlatform:: Platform Path C:/Users/hmcculla/ECE423/ECE-423-Labs/workspace/Assignment2_newest/hw/lab_prefab_wrapper_newest_lab2.xsa
TRACE::2025-02-13.13:49:08::SCWPlatform:: Unique name xilinx:pynq-z1::0.0
TRACE::2025-02-13.13:49:08::SCWPlatform::Trying to set the existing hwdb with name lab_prefab_wrapper_0
TRACE::2025-02-13.13:49:08::SCWPlatform::Opened existing hwdb lab_prefab_wrapper_0
TRACE::2025-02-13.13:49:08::SCWPlatform::Found the Hw Db part of the input DSA
TRACE::2025-02-13.13:49:08::SCWMssOS::Checking the sw design at  C:/Users/hmcculla/ECE423/ECE-423-Labs/workspace/Assignment2_newest/zynq_fsbl/zynq_fsbl_bsp/system.mss
TRACE::2025-02-13.13:49:08::SCWMssOS::DEBUG:  swdes dump  C:/Users/hmcculla/ECE423/ECE-423-Labs/workspace/Assignment2_debugging/ps7_cortexa9_0/standalone_domain/bsp/system.mss|system_0||
C:/Users/hmcculla/ECE423/ECE-423-Labs/workspace/Assignment2_debugging/zynq_fsbl/zynq_fsbl_bsp/system.mss|system||
C:/Users/hmcculla/ECE423/ECE-423-Labs/workspace/Assignment2_newest/zynq_fsbl/zynq_fsbl_bsp/system.mss|system_1||

TRACE::2025-02-13.13:49:08::SCWMssOS::Sw design exists and opened at  C:/Users/hmcculla/ECE423/ECE-423-Labs/workspace/Assignment2_newest/zynq_fsbl/zynq_fsbl_bsp/system.mss
TRACE::2025-02-13.13:49:08::SCWPlatform::Trying to open the hw design at C:/Users/hmcculla/ECE423/ECE-423-Labs/workspace/Assignment2_newest/hw/lab_prefab_wrapper_newest_lab2.xsa
TRACE::2025-02-13.13:49:08::SCWPlatform::DSA given C:/Users/hmcculla/ECE423/ECE-423-Labs/workspace/Assignment2_newest/hw/lab_prefab_wrapper_newest_lab2.xsa
TRACE::2025-02-13.13:49:08::SCWPlatform::DSA absoulate path C:/Users/hmcculla/ECE423/ECE-423-Labs/workspace/Assignment2_newest/hw/lab_prefab_wrapper_newest_lab2.xsa
TRACE::2025-02-13.13:49:08::SCWPlatform::DSA directory C:/Users/hmcculla/ECE423/ECE-423-Labs/workspace/Assignment2_newest/hw
TRACE::2025-02-13.13:49:08::SCWPlatform:: Platform Path C:/Users/hmcculla/ECE423/ECE-423-Labs/workspace/Assignment2_newest/hw/lab_prefab_wrapper_newest_lab2.xsa
TRACE::2025-02-13.13:49:08::SCWPlatform:: Unique name xilinx:pynq-z1::0.0
TRACE::2025-02-13.13:49:08::SCWPlatform::Trying to set the existing hwdb with name lab_prefab_wrapper_0
TRACE::2025-02-13.13:49:08::SCWPlatform::Opened existing hwdb lab_prefab_wrapper_0
TRACE::2025-02-13.13:49:08::SCWPlatform::Found the Hw Db part of the input DSA
TRACE::2025-02-13.13:49:08::SCWMssOS::Checking the sw design at  C:/Users/hmcculla/ECE423/ECE-423-Labs/workspace/Assignment2_newest/zynq_fsbl/zynq_fsbl_bsp/system.mss
TRACE::2025-02-13.13:49:08::SCWMssOS::DEBUG:  swdes dump  C:/Users/hmcculla/ECE423/ECE-423-Labs/workspace/Assignment2_debugging/ps7_cortexa9_0/standalone_domain/bsp/system.mss|system_0||
C:/Users/hmcculla/ECE423/ECE-423-Labs/workspace/Assignment2_debugging/zynq_fsbl/zynq_fsbl_bsp/system.mss|system||
C:/Users/hmcculla/ECE423/ECE-423-Labs/workspace/Assignment2_newest/zynq_fsbl/zynq_fsbl_bsp/system.mss|system_1||

TRACE::2025-02-13.13:49:08::SCWMssOS::Sw design exists and opened at  C:/Users/hmcculla/ECE423/ECE-423-Labs/workspace/Assignment2_newest/zynq_fsbl/zynq_fsbl_bsp/system.mss
TRACE::2025-02-13.13:49:08::SCWMssOS::Saving the mss changes C:/Users/hmcculla/ECE423/ECE-423-Labs/workspace/Assignment2_newest/zynq_fsbl/zynq_fsbl_bsp/system.mss
TRACE::2025-02-13.13:49:08::SCWMssOS::Found a swdesign opened with the mssfile.
TRACE::2025-02-13.13:49:08::SCWMssOS::Completed writemss as part of save.
TRACE::2025-02-13.13:49:08::SCWMssOS::Commit changes completed.
TRACE::2025-02-13.13:49:08::SCWReader::Adding prebuilt librarypaths as   
TRACE::2025-02-13.13:49:08::SCWReader::Adding prebuilt incpaths  as   
TRACE::2025-02-13.13:49:08::SCWPlatform::Trying to open the hw design at C:/Users/hmcculla/ECE423/ECE-423-Labs/workspace/Assignment2_newest/hw/lab_prefab_wrapper_newest_lab2.xsa
TRACE::2025-02-13.13:49:08::SCWPlatform::DSA given C:/Users/hmcculla/ECE423/ECE-423-Labs/workspace/Assignment2_newest/hw/lab_prefab_wrapper_newest_lab2.xsa
TRACE::2025-02-13.13:49:08::SCWPlatform::DSA absoulate path C:/Users/hmcculla/ECE423/ECE-423-Labs/workspace/Assignment2_newest/hw/lab_prefab_wrapper_newest_lab2.xsa
TRACE::2025-02-13.13:49:08::SCWPlatform::DSA directory C:/Users/hmcculla/ECE423/ECE-423-Labs/workspace/Assignment2_newest/hw
TRACE::2025-02-13.13:49:08::SCWPlatform:: Platform Path C:/Users/hmcculla/ECE423/ECE-423-Labs/workspace/Assignment2_newest/hw/lab_prefab_wrapper_newest_lab2.xsa
TRACE::2025-02-13.13:49:08::SCWPlatform:: Unique name xilinx:pynq-z1::0.0
TRACE::2025-02-13.13:49:08::SCWPlatform::Trying to set the existing hwdb with name lab_prefab_wrapper_0
TRACE::2025-02-13.13:49:08::SCWPlatform::Opened existing hwdb lab_prefab_wrapper_0
TRACE::2025-02-13.13:49:08::SCWPlatform::Found the Hw Db part of the input DSA
TRACE::2025-02-13.13:49:08::SCWMssOS::Checking the sw design at  C:/Users/hmcculla/ECE423/ECE-423-Labs/workspace/Assignment2_newest/zynq_fsbl/zynq_fsbl_bsp/system.mss
TRACE::2025-02-13.13:49:08::SCWMssOS::DEBUG:  swdes dump  C:/Users/hmcculla/ECE423/ECE-423-Labs/workspace/Assignment2_debugging/ps7_cortexa9_0/standalone_domain/bsp/system.mss|system_0||
C:/Users/hmcculla/ECE423/ECE-423-Labs/workspace/Assignment2_debugging/zynq_fsbl/zynq_fsbl_bsp/system.mss|system||
C:/Users/hmcculla/ECE423/ECE-423-Labs/workspace/Assignment2_newest/zynq_fsbl/zynq_fsbl_bsp/system.mss|system_1||

TRACE::2025-02-13.13:49:08::SCWMssOS::Sw design exists and opened at  C:/Users/hmcculla/ECE423/ECE-423-Labs/workspace/Assignment2_newest/zynq_fsbl/zynq_fsbl_bsp/system.mss
TRACE::2025-02-13.13:49:08::SCWReader::No isolation master present  
TRACE::2025-02-13.13:49:08::SCWDomain::checking for install qemu data   : 
TRACE::2025-02-13.13:49:08::SCWDomain:: Using the QEMU Data from install at  : C:/Software/Xilinx/Vitis/2022.1/data/emulation/platforms/zynq/sw/a9_standalone/qemu/
TRACE::2025-02-13.13:49:08::SCWDomain:: Using the QEMU args  from install at  : C:/Software/Xilinx/Vitis/2022.1/data/emulation/platforms/zynq/sw/a9_standalone/qemu/qemu_args.txt
TRACE::2025-02-13.13:49:08::SCWPlatform::Trying to open the hw design at C:/Users/hmcculla/ECE423/ECE-423-Labs/workspace/Assignment2_newest/hw/lab_prefab_wrapper_newest_lab2.xsa
TRACE::2025-02-13.13:49:08::SCWPlatform::DSA given C:/Users/hmcculla/ECE423/ECE-423-Labs/workspace/Assignment2_newest/hw/lab_prefab_wrapper_newest_lab2.xsa
TRACE::2025-02-13.13:49:08::SCWPlatform::DSA absoulate path C:/Users/hmcculla/ECE423/ECE-423-Labs/workspace/Assignment2_newest/hw/lab_prefab_wrapper_newest_lab2.xsa
TRACE::2025-02-13.13:49:08::SCWPlatform::DSA directory C:/Users/hmcculla/ECE423/ECE-423-Labs/workspace/Assignment2_newest/hw
TRACE::2025-02-13.13:49:08::SCWPlatform:: Platform Path C:/Users/hmcculla/ECE423/ECE-423-Labs/workspace/Assignment2_newest/hw/lab_prefab_wrapper_newest_lab2.xsa
TRACE::2025-02-13.13:49:08::SCWPlatform:: Unique name xilinx:pynq-z1::0.0
TRACE::2025-02-13.13:49:08::SCWPlatform::Trying to set the existing hwdb with name lab_prefab_wrapper_0
TRACE::2025-02-13.13:49:08::SCWPlatform::Opened existing hwdb lab_prefab_wrapper_0
TRACE::2025-02-13.13:49:08::SCWPlatform::Found the Hw Db part of the input DSA
TRACE::2025-02-13.13:49:08::SCWPlatform::Trying to open the hw design at C:/Users/hmcculla/ECE423/ECE-423-Labs/workspace/Assignment2_newest/hw/lab_prefab_wrapper_newest_lab2.xsa
TRACE::2025-02-13.13:49:08::SCWPlatform::DSA given C:/Users/hmcculla/ECE423/ECE-423-Labs/workspace/Assignment2_newest/hw/lab_prefab_wrapper_newest_lab2.xsa
TRACE::2025-02-13.13:49:08::SCWPlatform::DSA absoulate path C:/Users/hmcculla/ECE423/ECE-423-Labs/workspace/Assignment2_newest/hw/lab_prefab_wrapper_newest_lab2.xsa
TRACE::2025-02-13.13:49:08::SCWPlatform::DSA directory C:/Users/hmcculla/ECE423/ECE-423-Labs/workspace/Assignment2_newest/hw
TRACE::2025-02-13.13:49:08::SCWPlatform:: Platform Path C:/Users/hmcculla/ECE423/ECE-423-Labs/workspace/Assignment2_newest/hw/lab_prefab_wrapper_newest_lab2.xsa
TRACE::2025-02-13.13:49:08::SCWPlatform:: Unique name xilinx:pynq-z1::0.0
TRACE::2025-02-13.13:49:08::SCWPlatform::Trying to set the existing hwdb with name lab_prefab_wrapper_0
TRACE::2025-02-13.13:49:08::SCWPlatform::Opened existing hwdb lab_prefab_wrapper_0
TRACE::2025-02-13.13:49:08::SCWPlatform::Found the Hw Db part of the input DSA
TRACE::2025-02-13.13:49:08::SCWPlatform::Trying to open the hw design at C:/Users/hmcculla/ECE423/ECE-423-Labs/workspace/Assignment2_newest/hw/lab_prefab_wrapper_newest_lab2.xsa
TRACE::2025-02-13.13:49:08::SCWPlatform::DSA given C:/Users/hmcculla/ECE423/ECE-423-Labs/workspace/Assignment2_newest/hw/lab_prefab_wrapper_newest_lab2.xsa
TRACE::2025-02-13.13:49:08::SCWPlatform::DSA absoulate path C:/Users/hmcculla/ECE423/ECE-423-Labs/workspace/Assignment2_newest/hw/lab_prefab_wrapper_newest_lab2.xsa
TRACE::2025-02-13.13:49:08::SCWPlatform::DSA directory C:/Users/hmcculla/ECE423/ECE-423-Labs/workspace/Assignment2_newest/hw
TRACE::2025-02-13.13:49:08::SCWPlatform:: Platform Path C:/Users/hmcculla/ECE423/ECE-423-Labs/workspace/Assignment2_newest/hw/lab_prefab_wrapper_newest_lab2.xsa
TRACE::2025-02-13.13:49:08::SCWPlatform:: Unique name xilinx:pynq-z1::0.0
TRACE::2025-02-13.13:49:08::SCWPlatform::Trying to set the existing hwdb with name lab_prefab_wrapper_0
TRACE::2025-02-13.13:49:08::SCWPlatform::Opened existing hwdb lab_prefab_wrapper_0
TRACE::2025-02-13.13:49:08::SCWPlatform::Found the Hw Db part of the input DSA
TRACE::2025-02-13.13:49:08::SCWMssOS::Checking the sw design at  C:/Users/hmcculla/ECE423/ECE-423-Labs/workspace/Assignment2_newest/ps7_cortexa9_0/standalone_domain/bsp/system.mss
TRACE::2025-02-13.13:49:08::SCWMssOS::DEBUG:  swdes dump  C:/Users/hmcculla/ECE423/ECE-423-Labs/workspace/Assignment2_debugging/ps7_cortexa9_0/standalone_domain/bsp/system.mss|system_0||
C:/Users/hmcculla/ECE423/ECE-423-Labs/workspace/Assignment2_debugging/zynq_fsbl/zynq_fsbl_bsp/system.mss|system||
C:/Users/hmcculla/ECE423/ECE-423-Labs/workspace/Assignment2_newest/zynq_fsbl/zynq_fsbl_bsp/system.mss|system_1||

TRACE::2025-02-13.13:49:08::SCWMssOS::No sw design opened at  C:/Users/hmcculla/ECE423/ECE-423-Labs/workspace/Assignment2_newest/ps7_cortexa9_0/standalone_domain/bsp/system.mss
TRACE::2025-02-13.13:49:08::SCWMssOS::mss exists loading the mss file  C:/Users/hmcculla/ECE423/ECE-423-Labs/workspace/Assignment2_newest/ps7_cortexa9_0/standalone_domain/bsp/system.mss
TRACE::2025-02-13.13:49:08::SCWMssOS::Opened the sw design from mss  C:/Users/hmcculla/ECE423/ECE-423-Labs/workspace/Assignment2_newest/ps7_cortexa9_0/standalone_domain/bsp/system.mss
TRACE::2025-02-13.13:49:08::SCWMssOS::Adding the swdes entry C:/Users/hmcculla/ECE423/ECE-423-Labs/workspace/Assignment2_newest/ps7_cortexa9_0/standalone_domain/bsp/system.mss with des name system_2
TRACE::2025-02-13.13:49:08::SCWMssOS::updating the scw layer about changes
TRACE::2025-02-13.13:49:08::SCWMssOS::Opened the sw design.  C:/Users/hmcculla/ECE423/ECE-423-Labs/workspace/Assignment2_newest/ps7_cortexa9_0/standalone_domain/bsp/system.mss
TRACE::2025-02-13.13:49:08::SCWPlatform::Trying to open the hw design at C:/Users/hmcculla/ECE423/ECE-423-Labs/workspace/Assignment2_newest/hw/lab_prefab_wrapper_newest_lab2.xsa
TRACE::2025-02-13.13:49:08::SCWPlatform::DSA given C:/Users/hmcculla/ECE423/ECE-423-Labs/workspace/Assignment2_newest/hw/lab_prefab_wrapper_newest_lab2.xsa
TRACE::2025-02-13.13:49:08::SCWPlatform::DSA absoulate path C:/Users/hmcculla/ECE423/ECE-423-Labs/workspace/Assignment2_newest/hw/lab_prefab_wrapper_newest_lab2.xsa
TRACE::2025-02-13.13:49:08::SCWPlatform::DSA directory C:/Users/hmcculla/ECE423/ECE-423-Labs/workspace/Assignment2_newest/hw
TRACE::2025-02-13.13:49:08::SCWPlatform:: Platform Path C:/Users/hmcculla/ECE423/ECE-423-Labs/workspace/Assignment2_newest/hw/lab_prefab_wrapper_newest_lab2.xsa
TRACE::2025-02-13.13:49:08::SCWPlatform:: Unique name xilinx:pynq-z1::0.0
TRACE::2025-02-13.13:49:08::SCWPlatform::Trying to set the existing hwdb with name lab_prefab_wrapper_0
TRACE::2025-02-13.13:49:08::SCWPlatform::Opened existing hwdb lab_prefab_wrapper_0
TRACE::2025-02-13.13:49:08::SCWPlatform::Found the Hw Db part of the input DSA
TRACE::2025-02-13.13:49:08::SCWMssOS::Checking the sw design at  C:/Users/hmcculla/ECE423/ECE-423-Labs/workspace/Assignment2_newest/ps7_cortexa9_0/standalone_domain/bsp/system.mss
TRACE::2025-02-13.13:49:08::SCWMssOS::DEBUG:  swdes dump  C:/Users/hmcculla/ECE423/ECE-423-Labs/workspace/Assignment2_debugging/ps7_cortexa9_0/standalone_domain/bsp/system.mss|system_0||
C:/Users/hmcculla/ECE423/ECE-423-Labs/workspace/Assignment2_debugging/zynq_fsbl/zynq_fsbl_bsp/system.mss|system||
C:/Users/hmcculla/ECE423/ECE-423-Labs/workspace/Assignment2_newest/ps7_cortexa9_0/standalone_domain/bsp/system.mss|system_2||
C:/Users/hmcculla/ECE423/ECE-423-Labs/workspace/Assignment2_newest/zynq_fsbl/zynq_fsbl_bsp/system.mss|system_1||

TRACE::2025-02-13.13:49:08::SCWMssOS::Sw design exists and opened at  C:/Users/hmcculla/ECE423/ECE-423-Labs/workspace/Assignment2_newest/ps7_cortexa9_0/standalone_domain/bsp/system.mss
TRACE::2025-02-13.13:49:08::SCWMssOS:: library already available in sw design:  xilffs:4.7
TRACE::2025-02-13.13:49:08::SCWPlatform::Trying to open the hw design at C:/Users/hmcculla/ECE423/ECE-423-Labs/workspace/Assignment2_newest/hw/lab_prefab_wrapper_newest_lab2.xsa
TRACE::2025-02-13.13:49:08::SCWPlatform::DSA given C:/Users/hmcculla/ECE423/ECE-423-Labs/workspace/Assignment2_newest/hw/lab_prefab_wrapper_newest_lab2.xsa
TRACE::2025-02-13.13:49:08::SCWPlatform::DSA absoulate path C:/Users/hmcculla/ECE423/ECE-423-Labs/workspace/Assignment2_newest/hw/lab_prefab_wrapper_newest_lab2.xsa
TRACE::2025-02-13.13:49:08::SCWPlatform::DSA directory C:/Users/hmcculla/ECE423/ECE-423-Labs/workspace/Assignment2_newest/hw
TRACE::2025-02-13.13:49:08::SCWPlatform:: Platform Path C:/Users/hmcculla/ECE423/ECE-423-Labs/workspace/Assignment2_newest/hw/lab_prefab_wrapper_newest_lab2.xsa
TRACE::2025-02-13.13:49:08::SCWPlatform:: Unique name xilinx:pynq-z1::0.0
TRACE::2025-02-13.13:49:08::SCWPlatform::Trying to set the existing hwdb with name lab_prefab_wrapper_0
TRACE::2025-02-13.13:49:08::SCWPlatform::Opened existing hwdb lab_prefab_wrapper_0
TRACE::2025-02-13.13:49:08::SCWPlatform::Found the Hw Db part of the input DSA
TRACE::2025-02-13.13:49:08::SCWMssOS::Checking the sw design at  C:/Users/hmcculla/ECE423/ECE-423-Labs/workspace/Assignment2_newest/ps7_cortexa9_0/standalone_domain/bsp/system.mss
TRACE::2025-02-13.13:49:08::SCWMssOS::DEBUG:  swdes dump  C:/Users/hmcculla/ECE423/ECE-423-Labs/workspace/Assignment2_debugging/ps7_cortexa9_0/standalone_domain/bsp/system.mss|system_0||
C:/Users/hmcculla/ECE423/ECE-423-Labs/workspace/Assignment2_debugging/zynq_fsbl/zynq_fsbl_bsp/system.mss|system||
C:/Users/hmcculla/ECE423/ECE-423-Labs/workspace/Assignment2_newest/ps7_cortexa9_0/standalone_domain/bsp/system.mss|system_2||
C:/Users/hmcculla/ECE423/ECE-423-Labs/workspace/Assignment2_newest/zynq_fsbl/zynq_fsbl_bsp/system.mss|system_1||

TRACE::2025-02-13.13:49:08::SCWMssOS::Sw design exists and opened at  C:/Users/hmcculla/ECE423/ECE-423-Labs/workspace/Assignment2_newest/ps7_cortexa9_0/standalone_domain/bsp/system.mss
TRACE::2025-02-13.13:49:08::SCWPlatform::Trying to open the hw design at C:/Users/hmcculla/ECE423/ECE-423-Labs/workspace/Assignment2_newest/hw/lab_prefab_wrapper_newest_lab2.xsa
TRACE::2025-02-13.13:49:08::SCWPlatform::DSA given C:/Users/hmcculla/ECE423/ECE-423-Labs/workspace/Assignment2_newest/hw/lab_prefab_wrapper_newest_lab2.xsa
TRACE::2025-02-13.13:49:08::SCWPlatform::DSA absoulate path C:/Users/hmcculla/ECE423/ECE-423-Labs/workspace/Assignment2_newest/hw/lab_prefab_wrapper_newest_lab2.xsa
TRACE::2025-02-13.13:49:08::SCWPlatform::DSA directory C:/Users/hmcculla/ECE423/ECE-423-Labs/workspace/Assignment2_newest/hw
TRACE::2025-02-13.13:49:08::SCWPlatform:: Platform Path C:/Users/hmcculla/ECE423/ECE-423-Labs/workspace/Assignment2_newest/hw/lab_prefab_wrapper_newest_lab2.xsa
TRACE::2025-02-13.13:49:08::SCWPlatform:: Unique name xilinx:pynq-z1::0.0
TRACE::2025-02-13.13:49:08::SCWPlatform::Trying to set the existing hwdb with name lab_prefab_wrapper_0
TRACE::2025-02-13.13:49:08::SCWPlatform::Opened existing hwdb lab_prefab_wrapper_0
TRACE::2025-02-13.13:49:08::SCWPlatform::Found the Hw Db part of the input DSA
TRACE::2025-02-13.13:49:08::SCWMssOS::Checking the sw design at  C:/Users/hmcculla/ECE423/ECE-423-Labs/workspace/Assignment2_newest/ps7_cortexa9_0/standalone_domain/bsp/system.mss
TRACE::2025-02-13.13:49:08::SCWMssOS::DEBUG:  swdes dump  C:/Users/hmcculla/ECE423/ECE-423-Labs/workspace/Assignment2_debugging/ps7_cortexa9_0/standalone_domain/bsp/system.mss|system_0||
C:/Users/hmcculla/ECE423/ECE-423-Labs/workspace/Assignment2_debugging/zynq_fsbl/zynq_fsbl_bsp/system.mss|system||
C:/Users/hmcculla/ECE423/ECE-423-Labs/workspace/Assignment2_newest/ps7_cortexa9_0/standalone_domain/bsp/system.mss|system_2||
C:/Users/hmcculla/ECE423/ECE-423-Labs/workspace/Assignment2_newest/zynq_fsbl/zynq_fsbl_bsp/system.mss|system_1||

TRACE::2025-02-13.13:49:08::SCWMssOS::Sw design exists and opened at  C:/Users/hmcculla/ECE423/ECE-423-Labs/workspace/Assignment2_newest/ps7_cortexa9_0/standalone_domain/bsp/system.mss
TRACE::2025-02-13.13:49:08::SCWPlatform::Trying to open the hw design at C:/Users/hmcculla/ECE423/ECE-423-Labs/workspace/Assignment2_newest/hw/lab_prefab_wrapper_newest_lab2.xsa
TRACE::2025-02-13.13:49:08::SCWPlatform::DSA given C:/Users/hmcculla/ECE423/ECE-423-Labs/workspace/Assignment2_newest/hw/lab_prefab_wrapper_newest_lab2.xsa
TRACE::2025-02-13.13:49:08::SCWPlatform::DSA absoulate path C:/Users/hmcculla/ECE423/ECE-423-Labs/workspace/Assignment2_newest/hw/lab_prefab_wrapper_newest_lab2.xsa
TRACE::2025-02-13.13:49:08::SCWPlatform::DSA directory C:/Users/hmcculla/ECE423/ECE-423-Labs/workspace/Assignment2_newest/hw
TRACE::2025-02-13.13:49:08::SCWPlatform:: Platform Path C:/Users/hmcculla/ECE423/ECE-423-Labs/workspace/Assignment2_newest/hw/lab_prefab_wrapper_newest_lab2.xsa
TRACE::2025-02-13.13:49:08::SCWPlatform:: Unique name xilinx:pynq-z1::0.0
TRACE::2025-02-13.13:49:08::SCWPlatform::Trying to set the existing hwdb with name lab_prefab_wrapper_0
TRACE::2025-02-13.13:49:08::SCWPlatform::Opened existing hwdb lab_prefab_wrapper_0
TRACE::2025-02-13.13:49:08::SCWPlatform::Found the Hw Db part of the input DSA
TRACE::2025-02-13.13:49:08::SCWMssOS::Checking the sw design at  C:/Users/hmcculla/ECE423/ECE-423-Labs/workspace/Assignment2_newest/ps7_cortexa9_0/standalone_domain/bsp/system.mss
TRACE::2025-02-13.13:49:08::SCWMssOS::DEBUG:  swdes dump  C:/Users/hmcculla/ECE423/ECE-423-Labs/workspace/Assignment2_debugging/ps7_cortexa9_0/standalone_domain/bsp/system.mss|system_0||
C:/Users/hmcculla/ECE423/ECE-423-Labs/workspace/Assignment2_debugging/zynq_fsbl/zynq_fsbl_bsp/system.mss|system||
C:/Users/hmcculla/ECE423/ECE-423-Labs/workspace/Assignment2_newest/ps7_cortexa9_0/standalone_domain/bsp/system.mss|system_2||
C:/Users/hmcculla/ECE423/ECE-423-Labs/workspace/Assignment2_newest/zynq_fsbl/zynq_fsbl_bsp/system.mss|system_1||

TRACE::2025-02-13.13:49:08::SCWMssOS::Sw design exists and opened at  C:/Users/hmcculla/ECE423/ECE-423-Labs/workspace/Assignment2_newest/ps7_cortexa9_0/standalone_domain/bsp/system.mss
TRACE::2025-02-13.13:49:08::SCWPlatform::Trying to open the hw design at C:/Users/hmcculla/ECE423/ECE-423-Labs/workspace/Assignment2_newest/hw/lab_prefab_wrapper_newest_lab2.xsa
TRACE::2025-02-13.13:49:08::SCWPlatform::DSA given C:/Users/hmcculla/ECE423/ECE-423-Labs/workspace/Assignment2_newest/hw/lab_prefab_wrapper_newest_lab2.xsa
TRACE::2025-02-13.13:49:08::SCWPlatform::DSA absoulate path C:/Users/hmcculla/ECE423/ECE-423-Labs/workspace/Assignment2_newest/hw/lab_prefab_wrapper_newest_lab2.xsa
TRACE::2025-02-13.13:49:08::SCWPlatform::DSA directory C:/Users/hmcculla/ECE423/ECE-423-Labs/workspace/Assignment2_newest/hw
TRACE::2025-02-13.13:49:08::SCWPlatform:: Platform Path C:/Users/hmcculla/ECE423/ECE-423-Labs/workspace/Assignment2_newest/hw/lab_prefab_wrapper_newest_lab2.xsa
TRACE::2025-02-13.13:49:08::SCWPlatform:: Unique name xilinx:pynq-z1::0.0
TRACE::2025-02-13.13:49:08::SCWPlatform::Trying to set the existing hwdb with name lab_prefab_wrapper_0
TRACE::2025-02-13.13:49:08::SCWPlatform::Opened existing hwdb lab_prefab_wrapper_0
TRACE::2025-02-13.13:49:08::SCWPlatform::Found the Hw Db part of the input DSA
TRACE::2025-02-13.13:49:08::SCWMssOS::Checking the sw design at  C:/Users/hmcculla/ECE423/ECE-423-Labs/workspace/Assignment2_newest/ps7_cortexa9_0/standalone_domain/bsp/system.mss
TRACE::2025-02-13.13:49:08::SCWMssOS::DEBUG:  swdes dump  C:/Users/hmcculla/ECE423/ECE-423-Labs/workspace/Assignment2_debugging/ps7_cortexa9_0/standalone_domain/bsp/system.mss|system_0||
C:/Users/hmcculla/ECE423/ECE-423-Labs/workspace/Assignment2_debugging/zynq_fsbl/zynq_fsbl_bsp/system.mss|system||
C:/Users/hmcculla/ECE423/ECE-423-Labs/workspace/Assignment2_newest/ps7_cortexa9_0/standalone_domain/bsp/system.mss|system_2||
C:/Users/hmcculla/ECE423/ECE-423-Labs/workspace/Assignment2_newest/zynq_fsbl/zynq_fsbl_bsp/system.mss|system_1||

TRACE::2025-02-13.13:49:08::SCWMssOS::Sw design exists and opened at  C:/Users/hmcculla/ECE423/ECE-423-Labs/workspace/Assignment2_newest/ps7_cortexa9_0/standalone_domain/bsp/system.mss
TRACE::2025-02-13.13:49:08::SCWMssOS::Saving the mss changes C:/Users/hmcculla/ECE423/ECE-423-Labs/workspace/Assignment2_newest/ps7_cortexa9_0/standalone_domain/bsp/system.mss
TRACE::2025-02-13.13:49:08::SCWMssOS::Found a swdesign opened with the mssfile.
TRACE::2025-02-13.13:49:08::SCWMssOS::Completed writemss as part of save.
TRACE::2025-02-13.13:49:08::SCWMssOS::Commit changes completed.
TRACE::2025-02-13.13:49:08::SCWReader::Adding prebuilt librarypaths as   
TRACE::2025-02-13.13:49:08::SCWReader::Adding prebuilt incpaths  as   
TRACE::2025-02-13.13:49:08::SCWPlatform::Trying to open the hw design at C:/Users/hmcculla/ECE423/ECE-423-Labs/workspace/Assignment2_newest/hw/lab_prefab_wrapper_newest_lab2.xsa
TRACE::2025-02-13.13:49:08::SCWPlatform::DSA given C:/Users/hmcculla/ECE423/ECE-423-Labs/workspace/Assignment2_newest/hw/lab_prefab_wrapper_newest_lab2.xsa
TRACE::2025-02-13.13:49:08::SCWPlatform::DSA absoulate path C:/Users/hmcculla/ECE423/ECE-423-Labs/workspace/Assignment2_newest/hw/lab_prefab_wrapper_newest_lab2.xsa
TRACE::2025-02-13.13:49:08::SCWPlatform::DSA directory C:/Users/hmcculla/ECE423/ECE-423-Labs/workspace/Assignment2_newest/hw
TRACE::2025-02-13.13:49:08::SCWPlatform:: Platform Path C:/Users/hmcculla/ECE423/ECE-423-Labs/workspace/Assignment2_newest/hw/lab_prefab_wrapper_newest_lab2.xsa
TRACE::2025-02-13.13:49:08::SCWPlatform:: Unique name xilinx:pynq-z1::0.0
TRACE::2025-02-13.13:49:08::SCWPlatform::Trying to set the existing hwdb with name lab_prefab_wrapper_0
TRACE::2025-02-13.13:49:08::SCWPlatform::Opened existing hwdb lab_prefab_wrapper_0
TRACE::2025-02-13.13:49:08::SCWPlatform::Found the Hw Db part of the input DSA
TRACE::2025-02-13.13:49:08::SCWMssOS::Checking the sw design at  C:/Users/hmcculla/ECE423/ECE-423-Labs/workspace/Assignment2_newest/ps7_cortexa9_0/standalone_domain/bsp/system.mss
TRACE::2025-02-13.13:49:08::SCWMssOS::DEBUG:  swdes dump  C:/Users/hmcculla/ECE423/ECE-423-Labs/workspace/Assignment2_debugging/ps7_cortexa9_0/standalone_domain/bsp/system.mss|system_0||
C:/Users/hmcculla/ECE423/ECE-423-Labs/workspace/Assignment2_debugging/zynq_fsbl/zynq_fsbl_bsp/system.mss|system||
C:/Users/hmcculla/ECE423/ECE-423-Labs/workspace/Assignment2_newest/ps7_cortexa9_0/standalone_domain/bsp/system.mss|system_2||
C:/Users/hmcculla/ECE423/ECE-423-Labs/workspace/Assignment2_newest/zynq_fsbl/zynq_fsbl_bsp/system.mss|system_1||

TRACE::2025-02-13.13:49:08::SCWMssOS::Sw design exists and opened at  C:/Users/hmcculla/ECE423/ECE-423-Labs/workspace/Assignment2_newest/ps7_cortexa9_0/standalone_domain/bsp/system.mss
TRACE::2025-02-13.13:49:08::SCWReader::No isolation master present  
LOG::2025-02-13.13:49:08::SCWPlatform::Started generating the artifacts platform Assignment2_newest
TRACE::2025-02-13.13:49:08::SCWPlatform::Sanity checking of platform is completed
LOG::2025-02-13.13:49:08::SCWPlatform::Started generating the artifacts for system configuration Assignment2_newest
LOG::2025-02-13.13:49:08::SCWSystem::Checking the domain zynq_fsbl
LOG::2025-02-13.13:49:08::SCWSystem::Doing application build for :  zynq_fsbl
TRACE::2025-02-13.13:49:08::SCWBDomain::Not a forced makefile updation, No changes are present. 
TRACE::2025-02-13.13:49:08::SCWDomain::Building the domain as part of full build :  zynq_fsbl
TRACE::2025-02-13.13:49:08::SCWPlatform::Trying to open the hw design at C:/Users/hmcculla/ECE423/ECE-423-Labs/workspace/Assignment2_newest/hw/lab_prefab_wrapper_newest_lab2.xsa
TRACE::2025-02-13.13:49:08::SCWPlatform::DSA given C:/Users/hmcculla/ECE423/ECE-423-Labs/workspace/Assignment2_newest/hw/lab_prefab_wrapper_newest_lab2.xsa
TRACE::2025-02-13.13:49:08::SCWPlatform::DSA absoulate path C:/Users/hmcculla/ECE423/ECE-423-Labs/workspace/Assignment2_newest/hw/lab_prefab_wrapper_newest_lab2.xsa
TRACE::2025-02-13.13:49:08::SCWPlatform::DSA directory C:/Users/hmcculla/ECE423/ECE-423-Labs/workspace/Assignment2_newest/hw
TRACE::2025-02-13.13:49:08::SCWPlatform:: Platform Path C:/Users/hmcculla/ECE423/ECE-423-Labs/workspace/Assignment2_newest/hw/lab_prefab_wrapper_newest_lab2.xsa
TRACE::2025-02-13.13:49:08::SCWPlatform:: Unique name xilinx:pynq-z1::0.0
TRACE::2025-02-13.13:49:08::SCWPlatform::Trying to set the existing hwdb with name lab_prefab_wrapper_0
TRACE::2025-02-13.13:49:08::SCWPlatform::Opened existing hwdb lab_prefab_wrapper_0
TRACE::2025-02-13.13:49:08::SCWPlatform::Found the Hw Db part of the input DSA
TRACE::2025-02-13.13:49:08::SCWMssOS::Checking the sw design at  C:/Users/hmcculla/ECE423/ECE-423-Labs/workspace/Assignment2_newest/zynq_fsbl/zynq_fsbl_bsp/system.mss
TRACE::2025-02-13.13:49:08::SCWMssOS::DEBUG:  swdes dump  C:/Users/hmcculla/ECE423/ECE-423-Labs/workspace/Assignment2_debugging/ps7_cortexa9_0/standalone_domain/bsp/system.mss|system_0||
C:/Users/hmcculla/ECE423/ECE-423-Labs/workspace/Assignment2_debugging/zynq_fsbl/zynq_fsbl_bsp/system.mss|system||
C:/Users/hmcculla/ECE423/ECE-423-Labs/workspace/Assignment2_newest/ps7_cortexa9_0/standalone_domain/bsp/system.mss|system_2||
C:/Users/hmcculla/ECE423/ECE-423-Labs/workspace/Assignment2_newest/zynq_fsbl/zynq_fsbl_bsp/system.mss|system_1||

TRACE::2025-02-13.13:49:08::SCWMssOS::Sw design exists and opened at  C:/Users/hmcculla/ECE423/ECE-423-Labs/workspace/Assignment2_newest/zynq_fsbl/zynq_fsbl_bsp/system.mss
TRACE::2025-02-13.13:49:08::SCWBDomain::Completed writing the mss file at C:/Users/hmcculla/ECE423/ECE-423-Labs/workspace/Assignment2_newest/zynq_fsbl/zynq_fsbl_bsp
TRACE::2025-02-13.13:49:08::SCWBDomain::bsp generated is upto date with the mss file. Skipping bsp generation.
TRACE::2025-02-13.13:49:08::SCWBDomain::Not a forced makefile updation, No changes are present. 
TRACE::2025-02-13.13:49:08::SCWBDomain::System Command Ran  C:&  cd  C:/Users/hmcculla/ECE423/ECE-423-Labs/workspace/Assignment2_newest/zynq_fsbl& make -C  zynq_fsbl_bsp & make 
TRACE::2025-02-13.13:49:08::SCWBDomain::make: Entering directory 'C:/Users/hmcculla/ECE423/ECE-423-Labs/workspace/Assignment2_newest/zynq_fsbl/zynq_fsbl_bsp'

TRACE::2025-02-13.13:49:08::SCWBDomain::make --no-print-directory seq_libs

TRACE::2025-02-13.13:49:08::SCWBDomain::"Running Make include in ps7_cortexa9_0/libsrc/axidma_v9_14/src"

TRACE::2025-02-13.13:49:08::SCWBDomain::make -C ps7_cortexa9_0/libsrc/axidma_v9_14/src -s include  "SHELL=CMD" "COMPILER=arm-none-eabi-gcc" "ASSEMBLER=arm-none-eabi-as
TRACE::2025-02-13.13:49:08::SCWBDomain::" "ARCHIVER=arm-none-eabi-ar" "COMPILER_FLAGS=  -O2 -c" "EXTRA_COMPILER_FLAGS=-mcpu=cortex-a9 -mfpu=vfpv3 -mfloat-abi=hard -nos
TRACE::2025-02-13.13:49:08::SCWBDomain::tartfiles -g -Wall -Wextra -fno-tree-loop-distribute-patterns"

TRACE::2025-02-13.13:49:08::SCWBDomain::"Running Make include in ps7_cortexa9_0/libsrc/axivdma_v6_11/src"

TRACE::2025-02-13.13:49:08::SCWBDomain::make -C ps7_cortexa9_0/libsrc/axivdma_v6_11/src -s include  "SHELL=CMD" "COMPILER=arm-none-eabi-gcc" "ASSEMBLER=arm-none-eabi-a
TRACE::2025-02-13.13:49:08::SCWBDomain::s" "ARCHIVER=arm-none-eabi-ar" "COMPILER_FLAGS=  -O2 -c" "EXTRA_COMPILER_FLAGS=-mcpu=cortex-a9 -mfpu=vfpv3 -mfloat-abi=hard -no
TRACE::2025-02-13.13:49:08::SCWBDomain::startfiles -g -Wall -Wextra -fno-tree-loop-distribute-patterns"

TRACE::2025-02-13.13:49:09::SCWBDomain::"Running Make include in ps7_cortexa9_0/libsrc/coresightps_dcc_v1_8/src"

TRACE::2025-02-13.13:49:09::SCWBDomain::make -C ps7_cortexa9_0/libsrc/coresightps_dcc_v1_8/src -s include  "SHELL=CMD" "COMPILER=arm-none-eabi-gcc" "ASSEMBLER=arm-none
TRACE::2025-02-13.13:49:09::SCWBDomain::-eabi-as" "ARCHIVER=arm-none-eabi-ar" "COMPILER_FLAGS=  -O2 -c" "EXTRA_COMPILER_FLAGS=-mcpu=cortex-a9 -mfpu=vfpv3 -mfloat-abi=h
TRACE::2025-02-13.13:49:09::SCWBDomain::ard -nostartfiles -g -Wall -Wextra -fno-tree-loop-distribute-patterns"

TRACE::2025-02-13.13:49:09::SCWBDomain::"Running Make include in ps7_cortexa9_0/libsrc/cpu_cortexa9_v2_11/src"

TRACE::2025-02-13.13:49:09::SCWBDomain::make -C ps7_cortexa9_0/libsrc/cpu_cortexa9_v2_11/src -s include  "SHELL=CMD" "COMPILER=arm-none-eabi-gcc" "ASSEMBLER=arm-none-e
TRACE::2025-02-13.13:49:09::SCWBDomain::abi-as" "ARCHIVER=arm-none-eabi-ar" "COMPILER_FLAGS=  -O2 -c" "EXTRA_COMPILER_FLAGS=-mcpu=cortex-a9 -mfpu=vfpv3 -mfloat-abi=har
TRACE::2025-02-13.13:49:09::SCWBDomain::d -nostartfiles -g -Wall -Wextra -fno-tree-loop-distribute-patterns"

TRACE::2025-02-13.13:49:09::SCWBDomain::"Running Make include in ps7_cortexa9_0/libsrc/ddrps_v1_2/src"

TRACE::2025-02-13.13:49:09::SCWBDomain::make -C ps7_cortexa9_0/libsrc/ddrps_v1_2/src -s include  "SHELL=CMD" "COMPILER=arm-none-eabi-gcc" "ASSEMBLER=arm-none-eabi-as" 
TRACE::2025-02-13.13:49:09::SCWBDomain::"ARCHIVER=arm-none-eabi-ar" "COMPILER_FLAGS=  -O2 -c" "EXTRA_COMPILER_FLAGS=-mcpu=cortex-a9 -mfpu=vfpv3 -mfloat-abi=hard -nosta
TRACE::2025-02-13.13:49:09::SCWBDomain::rtfiles -g -Wall -Wextra -fno-tree-loop-distribute-patterns"

TRACE::2025-02-13.13:49:09::SCWBDomain::"Running Make include in ps7_cortexa9_0/libsrc/devcfg_v3_7/src"

TRACE::2025-02-13.13:49:09::SCWBDomain::make -C ps7_cortexa9_0/libsrc/devcfg_v3_7/src -s include  "SHELL=CMD" "COMPILER=arm-none-eabi-gcc" "ASSEMBLER=arm-none-eabi-as"
TRACE::2025-02-13.13:49:09::SCWBDomain:: "ARCHIVER=arm-none-eabi-ar" "COMPILER_FLAGS=  -O2 -c" "EXTRA_COMPILER_FLAGS=-mcpu=cortex-a9 -mfpu=vfpv3 -mfloat-abi=hard -nost
TRACE::2025-02-13.13:49:09::SCWBDomain::artfiles -g -Wall -Wextra -fno-tree-loop-distribute-patterns"

TRACE::2025-02-13.13:49:09::SCWBDomain::"Running Make include in ps7_cortexa9_0/libsrc/dmaps_v2_8/src"

TRACE::2025-02-13.13:49:09::SCWBDomain::make -C ps7_cortexa9_0/libsrc/dmaps_v2_8/src -s include  "SHELL=CMD" "COMPILER=arm-none-eabi-gcc" "ASSEMBLER=arm-none-eabi-as" 
TRACE::2025-02-13.13:49:09::SCWBDomain::"ARCHIVER=arm-none-eabi-ar" "COMPILER_FLAGS=  -O2 -c" "EXTRA_COMPILER_FLAGS=-mcpu=cortex-a9 -mfpu=vfpv3 -mfloat-abi=hard -nosta
TRACE::2025-02-13.13:49:09::SCWBDomain::rtfiles -g -Wall -Wextra -fno-tree-loop-distribute-patterns"

TRACE::2025-02-13.13:49:09::SCWBDomain::"Running Make include in ps7_cortexa9_0/libsrc/emacps_v3_16/src"

TRACE::2025-02-13.13:49:09::SCWBDomain::make -C ps7_cortexa9_0/libsrc/emacps_v3_16/src -s include  "SHELL=CMD" "COMPILER=arm-none-eabi-gcc" "ASSEMBLER=arm-none-eabi-as
TRACE::2025-02-13.13:49:09::SCWBDomain::" "ARCHIVER=arm-none-eabi-ar" "COMPILER_FLAGS=  -O2 -c" "EXTRA_COMPILER_FLAGS=-mcpu=cortex-a9 -mfpu=vfpv3 -mfloat-abi=hard -nos
TRACE::2025-02-13.13:49:09::SCWBDomain::tartfiles -g -Wall -Wextra -fno-tree-loop-distribute-patterns"

TRACE::2025-02-13.13:49:09::SCWBDomain::"Running Make include in ps7_cortexa9_0/libsrc/gpiops_v3_9/src"

TRACE::2025-02-13.13:49:09::SCWBDomain::make -C ps7_cortexa9_0/libsrc/gpiops_v3_9/src -s include  "SHELL=CMD" "COMPILER=arm-none-eabi-gcc" "ASSEMBLER=arm-none-eabi-as"
TRACE::2025-02-13.13:49:09::SCWBDomain:: "ARCHIVER=arm-none-eabi-ar" "COMPILER_FLAGS=  -O2 -c" "EXTRA_COMPILER_FLAGS=-mcpu=cortex-a9 -mfpu=vfpv3 -mfloat-abi=hard -nost
TRACE::2025-02-13.13:49:09::SCWBDomain::artfiles -g -Wall -Wextra -fno-tree-loop-distribute-patterns"

TRACE::2025-02-13.13:49:09::SCWBDomain::"Running Make include in ps7_cortexa9_0/libsrc/iicps_v3_15/src"

TRACE::2025-02-13.13:49:09::SCWBDomain::make -C ps7_cortexa9_0/libsrc/iicps_v3_15/src -s include  "SHELL=CMD" "COMPILER=arm-none-eabi-gcc" "ASSEMBLER=arm-none-eabi-as"
TRACE::2025-02-13.13:49:09::SCWBDomain:: "ARCHIVER=arm-none-eabi-ar" "COMPILER_FLAGS=  -O2 -c" "EXTRA_COMPILER_FLAGS=-mcpu=cortex-a9 -mfpu=vfpv3 -mfloat-abi=hard -nost
TRACE::2025-02-13.13:49:09::SCWBDomain::artfiles -g -Wall -Wextra -fno-tree-loop-distribute-patterns"

TRACE::2025-02-13.13:49:09::SCWBDomain::"Running Make include in ps7_cortexa9_0/libsrc/qspips_v3_9/src"

TRACE::2025-02-13.13:49:09::SCWBDomain::make -C ps7_cortexa9_0/libsrc/qspips_v3_9/src -s include  "SHELL=CMD" "COMPILER=arm-none-eabi-gcc" "ASSEMBLER=arm-none-eabi-as"
TRACE::2025-02-13.13:49:09::SCWBDomain:: "ARCHIVER=arm-none-eabi-ar" "COMPILER_FLAGS=  -O2 -c" "EXTRA_COMPILER_FLAGS=-mcpu=cortex-a9 -mfpu=vfpv3 -mfloat-abi=hard -nost
TRACE::2025-02-13.13:49:09::SCWBDomain::artfiles -g -Wall -Wextra -fno-tree-loop-distribute-patterns"

TRACE::2025-02-13.13:49:09::SCWBDomain::"Running Make include in ps7_cortexa9_0/libsrc/scugic_v4_7/src"

TRACE::2025-02-13.13:49:09::SCWBDomain::make -C ps7_cortexa9_0/libsrc/scugic_v4_7/src -s include  "SHELL=CMD" "COMPILER=arm-none-eabi-gcc" "ASSEMBLER=arm-none-eabi-as"
TRACE::2025-02-13.13:49:09::SCWBDomain:: "ARCHIVER=arm-none-eabi-ar" "COMPILER_FLAGS=  -O2 -c" "EXTRA_COMPILER_FLAGS=-mcpu=cortex-a9 -mfpu=vfpv3 -mfloat-abi=hard -nost
TRACE::2025-02-13.13:49:09::SCWBDomain::artfiles -g -Wall -Wextra -fno-tree-loop-distribute-patterns"

TRACE::2025-02-13.13:49:09::SCWBDomain::"Running Make include in ps7_cortexa9_0/libsrc/scutimer_v2_4/src"

TRACE::2025-02-13.13:49:09::SCWBDomain::make -C ps7_cortexa9_0/libsrc/scutimer_v2_4/src -s include  "SHELL=CMD" "COMPILER=arm-none-eabi-gcc" "ASSEMBLER=arm-none-eabi-a
TRACE::2025-02-13.13:49:09::SCWBDomain::s" "ARCHIVER=arm-none-eabi-ar" "COMPILER_FLAGS=  -O2 -c" "EXTRA_COMPILER_FLAGS=-mcpu=cortex-a9 -mfpu=vfpv3 -mfloat-abi=hard -no
TRACE::2025-02-13.13:49:09::SCWBDomain::startfiles -g -Wall -Wextra -fno-tree-loop-distribute-patterns"

TRACE::2025-02-13.13:49:09::SCWBDomain::"Running Make include in ps7_cortexa9_0/libsrc/scuwdt_v2_4/src"

TRACE::2025-02-13.13:49:09::SCWBDomain::make -C ps7_cortexa9_0/libsrc/scuwdt_v2_4/src -s include  "SHELL=CMD" "COMPILER=arm-none-eabi-gcc" "ASSEMBLER=arm-none-eabi-as"
TRACE::2025-02-13.13:49:09::SCWBDomain:: "ARCHIVER=arm-none-eabi-ar" "COMPILER_FLAGS=  -O2 -c" "EXTRA_COMPILER_FLAGS=-mcpu=cortex-a9 -mfpu=vfpv3 -mfloat-abi=hard -nost
TRACE::2025-02-13.13:49:09::SCWBDomain::artfiles -g -Wall -Wextra -fno-tree-loop-distribute-patterns"

TRACE::2025-02-13.13:49:09::SCWBDomain::"Running Make include in ps7_cortexa9_0/libsrc/sdps_v3_14/src"

TRACE::2025-02-13.13:49:09::SCWBDomain::make -C ps7_cortexa9_0/libsrc/sdps_v3_14/src -s include  "SHELL=CMD" "COMPILER=arm-none-eabi-gcc" "ASSEMBLER=arm-none-eabi-as" 
TRACE::2025-02-13.13:49:09::SCWBDomain::"ARCHIVER=arm-none-eabi-ar" "COMPILER_FLAGS=  -O2 -c" "EXTRA_COMPILER_FLAGS=-mcpu=cortex-a9 -mfpu=vfpv3 -mfloat-abi=hard -nosta
TRACE::2025-02-13.13:49:09::SCWBDomain::rtfiles -g -Wall -Wextra -fno-tree-loop-distribute-patterns"

TRACE::2025-02-13.13:49:09::SCWBDomain::"Running Make include in ps7_cortexa9_0/libsrc/standalone_v7_7/src"

TRACE::2025-02-13.13:49:09::SCWBDomain::make -C ps7_cortexa9_0/libsrc/standalone_v7_7/src -s include  "SHELL=CMD" "COMPILER=arm-none-eabi-gcc" "ASSEMBLER=arm-none-eabi
TRACE::2025-02-13.13:49:09::SCWBDomain::-as" "ARCHIVER=arm-none-eabi-ar" "COMPILER_FLAGS=  -O2 -c" "EXTRA_COMPILER_FLAGS=-mcpu=cortex-a9 -mfpu=vfpv3 -mfloat-abi=hard -
TRACE::2025-02-13.13:49:09::SCWBDomain::nostartfiles -g -Wall -Wextra -fno-tree-loop-distribute-patterns"

TRACE::2025-02-13.13:49:10::SCWBDomain::"Running Make include in ps7_cortexa9_0/libsrc/uartps_v3_11/src"

TRACE::2025-02-13.13:49:10::SCWBDomain::make -C ps7_cortexa9_0/libsrc/uartps_v3_11/src -s include  "SHELL=CMD" "COMPILER=arm-none-eabi-gcc" "ASSEMBLER=arm-none-eabi-as
TRACE::2025-02-13.13:49:10::SCWBDomain::" "ARCHIVER=arm-none-eabi-ar" "COMPILER_FLAGS=  -O2 -c" "EXTRA_COMPILER_FLAGS=-mcpu=cortex-a9 -mfpu=vfpv3 -mfloat-abi=hard -nos
TRACE::2025-02-13.13:49:10::SCWBDomain::tartfiles -g -Wall -Wextra -fno-tree-loop-distribute-patterns"

TRACE::2025-02-13.13:49:10::SCWBDomain::"Running Make include in ps7_cortexa9_0/libsrc/usbps_v2_7/src"

TRACE::2025-02-13.13:49:10::SCWBDomain::make -C ps7_cortexa9_0/libsrc/usbps_v2_7/src -s include  "SHELL=CMD" "COMPILER=arm-none-eabi-gcc" "ASSEMBLER=arm-none-eabi-as" 
TRACE::2025-02-13.13:49:10::SCWBDomain::"ARCHIVER=arm-none-eabi-ar" "COMPILER_FLAGS=  -O2 -c" "EXTRA_COMPILER_FLAGS=-mcpu=cortex-a9 -mfpu=vfpv3 -mfloat-abi=hard -nosta
TRACE::2025-02-13.13:49:10::SCWBDomain::rtfiles -g -Wall -Wextra -fno-tree-loop-distribute-patterns"

TRACE::2025-02-13.13:49:10::SCWBDomain::"Running Make include in ps7_cortexa9_0/libsrc/xadcps_v2_6/src"

TRACE::2025-02-13.13:49:10::SCWBDomain::make -C ps7_cortexa9_0/libsrc/xadcps_v2_6/src -s include  "SHELL=CMD" "COMPILER=arm-none-eabi-gcc" "ASSEMBLER=arm-none-eabi-as"
TRACE::2025-02-13.13:49:10::SCWBDomain:: "ARCHIVER=arm-none-eabi-ar" "COMPILER_FLAGS=  -O2 -c" "EXTRA_COMPILER_FLAGS=-mcpu=cortex-a9 -mfpu=vfpv3 -mfloat-abi=hard -nost
TRACE::2025-02-13.13:49:10::SCWBDomain::artfiles -g -Wall -Wextra -fno-tree-loop-distribute-patterns"

TRACE::2025-02-13.13:49:10::SCWBDomain::"Running Make include in ps7_cortexa9_0/libsrc/xilffs_v4_7/src"

TRACE::2025-02-13.13:49:10::SCWBDomain::make -C ps7_cortexa9_0/libsrc/xilffs_v4_7/src -s include  "SHELL=CMD" "COMPILER=arm-none-eabi-gcc" "ASSEMBLER=arm-none-eabi-as"
TRACE::2025-02-13.13:49:10::SCWBDomain:: "ARCHIVER=arm-none-eabi-ar" "COMPILER_FLAGS=  -O2 -c" "EXTRA_COMPILER_FLAGS=-mcpu=cortex-a9 -mfpu=vfpv3 -mfloat-abi=hard -nost
TRACE::2025-02-13.13:49:10::SCWBDomain::artfiles -g -Wall -Wextra -fno-tree-loop-distribute-patterns"

TRACE::2025-02-13.13:49:10::SCWBDomain::"Running Make include in ps7_cortexa9_0/libsrc/xilrsa_v1_6/src"

TRACE::2025-02-13.13:49:10::SCWBDomain::make -C ps7_cortexa9_0/libsrc/xilrsa_v1_6/src -s include  "SHELL=CMD" "COMPILER=arm-none-eabi-gcc" "ASSEMBLER=arm-none-eabi-as"
TRACE::2025-02-13.13:49:10::SCWBDomain:: "ARCHIVER=arm-none-eabi-ar" "COMPILER_FLAGS=  -O2 -c" "EXTRA_COMPILER_FLAGS=-mcpu=cortex-a9 -mfpu=vfpv3 -mfloat-abi=hard -nost
TRACE::2025-02-13.13:49:10::SCWBDomain::artfiles -g -Wall -Wextra -fno-tree-loop-distribute-patterns"

TRACE::2025-02-13.13:49:10::SCWBDomain::"Running Make libs in ps7_cortexa9_0/libsrc/xilrsa_v1_6/src"

TRACE::2025-02-13.13:49:10::SCWBDomain::make -C ps7_cortexa9_0/libsrc/xilrsa_v1_6/src -s libs  "SHELL=CMD" "COMPILER=arm-none-eabi-gcc" "ASSEMBLER=arm-none-eabi-as" "A
TRACE::2025-02-13.13:49:10::SCWBDomain::RCHIVER=arm-none-eabi-ar" "COMPILER_FLAGS=  -O2 -c" "EXTRA_COMPILER_FLAGS=-mcpu=cortex-a9 -mfpu=vfpv3 -mfloat-abi=hard -nostart
TRACE::2025-02-13.13:49:10::SCWBDomain::files -g -Wall -Wextra -fno-tree-loop-distribute-patterns"

TRACE::2025-02-13.13:49:10::SCWBDomain::'Finished building libraries sequentially.'

TRACE::2025-02-13.13:49:10::SCWBDomain::make -j 2 --no-print-directory par_libs

TRACE::2025-02-13.13:49:10::SCWBDomain::"Running Make include in ps7_cortexa9_0/libsrc/axidma_v9_14/src"

TRACE::2025-02-13.13:49:10::SCWBDomain::make -C ps7_cortexa9_0/libsrc/axidma_v9_14/src -s include  "SHELL=CMD" "COMPILER=arm-none-eabi-gcc" "ASSEMBLER=arm-none-eabi-as
TRACE::2025-02-13.13:49:10::SCWBDomain::" "ARCHIVER=arm-none-eabi-ar" "COMPILER_FLAGS=  -O2 -c" "EXTRA_COMPILER_FLAGS=-mcpu=cortex-a9 -mfpu=vfpv3 -mfloat-abi=hard -nos
TRACE::2025-02-13.13:49:10::SCWBDomain::tartfiles -g -Wall -Wextra -fno-tree-loop-distribute-patterns"

TRACE::2025-02-13.13:49:10::SCWBDomain::"Running Make include in ps7_cortexa9_0/libsrc/axivdma_v6_11/src"

TRACE::2025-02-13.13:49:10::SCWBDomain::make -C ps7_cortexa9_0/libsrc/axivdma_v6_11/src -s include  "SHELL=CMD" "COMPILER=arm-none-eabi-gcc" "ASSEMBLER=arm-none-eabi-a
TRACE::2025-02-13.13:49:10::SCWBDomain::s" "ARCHIVER=arm-none-eabi-ar" "COMPILER_FLAGS=  -O2 -c" "EXTRA_COMPILER_FLAGS=-mcpu=cortex-a9 -mfpu=vfpv3 -mfloat-abi=hard -no
TRACE::2025-02-13.13:49:10::SCWBDomain::startfiles -g -Wall -Wextra -fno-tree-loop-distribute-patterns"

TRACE::2025-02-13.13:49:10::SCWBDomain::"Running Make include in ps7_cortexa9_0/libsrc/coresightps_dcc_v1_8/src"

TRACE::2025-02-13.13:49:10::SCWBDomain::make -C ps7_cortexa9_0/libsrc/coresightps_dcc_v1_8/src -s include  "SHELL=CMD" "COMPILER=arm-none-eabi-gcc" "ASSEMBLER=arm-none
TRACE::2025-02-13.13:49:10::SCWBDomain::-eabi-as" "ARCHIVER=arm-none-eabi-ar" "COMPILER_FLAGS=  -O2 -c" "EXTRA_COMPILER_FLAGS=-mcpu=cortex-a9 -mfpu=vfpv3 -mfloat-abi=h
TRACE::2025-02-13.13:49:10::SCWBDomain::ard -nostartfiles -g -Wall -Wextra -fno-tree-loop-distribute-patterns"

TRACE::2025-02-13.13:49:10::SCWBDomain::"Running Make include in ps7_cortexa9_0/libsrc/cpu_cortexa9_v2_11/src"

TRACE::2025-02-13.13:49:10::SCWBDomain::make -C ps7_cortexa9_0/libsrc/cpu_cortexa9_v2_11/src -s include  "SHELL=CMD" "COMPILER=arm-none-eabi-gcc" "ASSEMBLER=arm-none-e
TRACE::2025-02-13.13:49:10::SCWBDomain::abi-as" "ARCHIVER=arm-none-eabi-ar" "COMPILER_FLAGS=  -O2 -c" "EXTRA_COMPILER_FLAGS=-mcpu=cortex-a9 -mfpu=vfpv3 -mfloat-abi=har
TRACE::2025-02-13.13:49:10::SCWBDomain::d -nostartfiles -g -Wall -Wextra -fno-tree-loop-distribute-patterns"

TRACE::2025-02-13.13:49:10::SCWBDomain::"Running Make include in ps7_cortexa9_0/libsrc/ddrps_v1_2/src"

TRACE::2025-02-13.13:49:10::SCWBDomain::make -C ps7_cortexa9_0/libsrc/ddrps_v1_2/src -s include  "SHELL=CMD" "COMPILER=arm-none-eabi-gcc" "ASSEMBLER=arm-none-eabi-as" 
TRACE::2025-02-13.13:49:10::SCWBDomain::"ARCHIVER=arm-none-eabi-ar" "COMPILER_FLAGS=  -O2 -c" "EXTRA_COMPILER_FLAGS=-mcpu=cortex-a9 -mfpu=vfpv3 -mfloat-abi=hard -nosta
TRACE::2025-02-13.13:49:10::SCWBDomain::rtfiles -g -Wall -Wextra -fno-tree-loop-distribute-patterns"

TRACE::2025-02-13.13:49:10::SCWBDomain::"Running Make include in ps7_cortexa9_0/libsrc/devcfg_v3_7/src"

TRACE::2025-02-13.13:49:10::SCWBDomain::make -C ps7_cortexa9_0/libsrc/devcfg_v3_7/src -s include  "SHELL=CMD" "COMPILER=arm-none-eabi-gcc" "ASSEMBLER=arm-none-eabi-as"
TRACE::2025-02-13.13:49:10::SCWBDomain:: "ARCHIVER=arm-none-eabi-ar" "COMPILER_FLAGS=  -O2 -c" "EXTRA_COMPILER_FLAGS=-mcpu=cortex-a9 -mfpu=vfpv3 -mfloat-abi=hard -nost
TRACE::2025-02-13.13:49:10::SCWBDomain::artfiles -g -Wall -Wextra -fno-tree-loop-distribute-patterns"

TRACE::2025-02-13.13:49:10::SCWBDomain::"Running Make include in ps7_cortexa9_0/libsrc/dmaps_v2_8/src"

TRACE::2025-02-13.13:49:10::SCWBDomain::make -C ps7_cortexa9_0/libsrc/dmaps_v2_8/src -s include  "SHELL=CMD" "COMPILER=arm-none-eabi-gcc" "ASSEMBLER=arm-none-eabi-as" 
TRACE::2025-02-13.13:49:10::SCWBDomain::"ARCHIVER=arm-none-eabi-ar" "COMPILER_FLAGS=  -O2 -c" "EXTRA_COMPILER_FLAGS=-mcpu=cortex-a9 -mfpu=vfpv3 -mfloat-abi=hard -nosta
TRACE::2025-02-13.13:49:10::SCWBDomain::rtfiles -g -Wall -Wextra -fno-tree-loop-distribute-patterns"

TRACE::2025-02-13.13:49:10::SCWBDomain::"Running Make include in ps7_cortexa9_0/libsrc/emacps_v3_16/src"

TRACE::2025-02-13.13:49:10::SCWBDomain::make -C ps7_cortexa9_0/libsrc/emacps_v3_16/src -s include  "SHELL=CMD" "COMPILER=arm-none-eabi-gcc" "ASSEMBLER=arm-none-eabi-as
TRACE::2025-02-13.13:49:10::SCWBDomain::" "ARCHIVER=arm-none-eabi-ar" "COMPILER_FLAGS=  -O2 -c" "EXTRA_COMPILER_FLAGS=-mcpu=cortex-a9 -mfpu=vfpv3 -mfloat-abi=hard -nos
TRACE::2025-02-13.13:49:10::SCWBDomain::tartfiles -g -Wall -Wextra -fno-tree-loop-distribute-patterns"

TRACE::2025-02-13.13:49:10::SCWBDomain::"Running Make include in ps7_cortexa9_0/libsrc/gpiops_v3_9/src"

TRACE::2025-02-13.13:49:10::SCWBDomain::make -C ps7_cortexa9_0/libsrc/gpiops_v3_9/src -s include  "SHELL=CMD" "COMPILER=arm-none-eabi-gcc" "ASSEMBLER=arm-none-eabi-as"
TRACE::2025-02-13.13:49:10::SCWBDomain:: "ARCHIVER=arm-none-eabi-ar" "COMPILER_FLAGS=  -O2 -c" "EXTRA_COMPILER_FLAGS=-mcpu=cortex-a9 -mfpu=vfpv3 -mfloat-abi=hard -nost
TRACE::2025-02-13.13:49:10::SCWBDomain::artfiles -g -Wall -Wextra -fno-tree-loop-distribute-patterns"

TRACE::2025-02-13.13:49:10::SCWBDomain::"Running Make include in ps7_cortexa9_0/libsrc/iicps_v3_15/src"

TRACE::2025-02-13.13:49:10::SCWBDomain::make -C ps7_cortexa9_0/libsrc/iicps_v3_15/src -s include  "SHELL=CMD" "COMPILER=arm-none-eabi-gcc" "ASSEMBLER=arm-none-eabi-as"
TRACE::2025-02-13.13:49:10::SCWBDomain:: "ARCHIVER=arm-none-eabi-ar" "COMPILER_FLAGS=  -O2 -c" "EXTRA_COMPILER_FLAGS=-mcpu=cortex-a9 -mfpu=vfpv3 -mfloat-abi=hard -nost
TRACE::2025-02-13.13:49:10::SCWBDomain::artfiles -g -Wall -Wextra -fno-tree-loop-distribute-patterns"

TRACE::2025-02-13.13:49:10::SCWBDomain::"Running Make include in ps7_cortexa9_0/libsrc/qspips_v3_9/src"

TRACE::2025-02-13.13:49:10::SCWBDomain::make -C ps7_cortexa9_0/libsrc/qspips_v3_9/src -s include  "SHELL=CMD" "COMPILER=arm-none-eabi-gcc" "ASSEMBLER=arm-none-eabi-as"
TRACE::2025-02-13.13:49:10::SCWBDomain:: "ARCHIVER=arm-none-eabi-ar" "COMPILER_FLAGS=  -O2 -c" "EXTRA_COMPILER_FLAGS=-mcpu=cortex-a9 -mfpu=vfpv3 -mfloat-abi=hard -nost
TRACE::2025-02-13.13:49:10::SCWBDomain::artfiles -g -Wall -Wextra -fno-tree-loop-distribute-patterns"

TRACE::2025-02-13.13:49:10::SCWBDomain::"Running Make include in ps7_cortexa9_0/libsrc/scugic_v4_7/src"

TRACE::2025-02-13.13:49:10::SCWBDomain::make -C ps7_cortexa9_0/libsrc/scugic_v4_7/src -s include  "SHELL=CMD" "COMPILER=arm-none-eabi-gcc" "ASSEMBLER=arm-none-eabi-as"
TRACE::2025-02-13.13:49:10::SCWBDomain:: "ARCHIVER=arm-none-eabi-ar" "COMPILER_FLAGS=  -O2 -c" "EXTRA_COMPILER_FLAGS=-mcpu=cortex-a9 -mfpu=vfpv3 -mfloat-abi=hard -nost
TRACE::2025-02-13.13:49:10::SCWBDomain::artfiles -g -Wall -Wextra -fno-tree-loop-distribute-patterns"

TRACE::2025-02-13.13:49:10::SCWBDomain::"Running Make include in ps7_cortexa9_0/libsrc/scutimer_v2_4/src"

TRACE::2025-02-13.13:49:10::SCWBDomain::make -C ps7_cortexa9_0/libsrc/scutimer_v2_4/src -s include  "SHELL=CMD" "COMPILER=arm-none-eabi-gcc" "ASSEMBLER=arm-none-eabi-a
TRACE::2025-02-13.13:49:10::SCWBDomain::s" "ARCHIVER=arm-none-eabi-ar" "COMPILER_FLAGS=  -O2 -c" "EXTRA_COMPILER_FLAGS=-mcpu=cortex-a9 -mfpu=vfpv3 -mfloat-abi=hard -no
TRACE::2025-02-13.13:49:10::SCWBDomain::startfiles -g -Wall -Wextra -fno-tree-loop-distribute-patterns"

TRACE::2025-02-13.13:49:11::SCWBDomain::"Running Make include in ps7_cortexa9_0/libsrc/scuwdt_v2_4/src"

TRACE::2025-02-13.13:49:11::SCWBDomain::make -C ps7_cortexa9_0/libsrc/scuwdt_v2_4/src -s include  "SHELL=CMD" "COMPILER=arm-none-eabi-gcc" "ASSEMBLER=arm-none-eabi-as"
TRACE::2025-02-13.13:49:11::SCWBDomain:: "ARCHIVER=arm-none-eabi-ar" "COMPILER_FLAGS=  -O2 -c" "EXTRA_COMPILER_FLAGS=-mcpu=cortex-a9 -mfpu=vfpv3 -mfloat-abi=hard -nost
TRACE::2025-02-13.13:49:11::SCWBDomain::artfiles -g -Wall -Wextra -fno-tree-loop-distribute-patterns"

TRACE::2025-02-13.13:49:11::SCWBDomain::"Running Make include in ps7_cortexa9_0/libsrc/sdps_v3_14/src"

TRACE::2025-02-13.13:49:11::SCWBDomain::make -C ps7_cortexa9_0/libsrc/sdps_v3_14/src -s include  "SHELL=CMD" "COMPILER=arm-none-eabi-gcc" "ASSEMBLER=arm-none-eabi-as" 
TRACE::2025-02-13.13:49:11::SCWBDomain::"ARCHIVER=arm-none-eabi-ar" "COMPILER_FLAGS=  -O2 -c" "EXTRA_COMPILER_FLAGS=-mcpu=cortex-a9 -mfpu=vfpv3 -mfloat-abi=hard -nosta
TRACE::2025-02-13.13:49:11::SCWBDomain::rtfiles -g -Wall -Wextra -fno-tree-loop-distribute-patterns"

TRACE::2025-02-13.13:49:11::SCWBDomain::"Running Make include in ps7_cortexa9_0/libsrc/standalone_v7_7/src"

TRACE::2025-02-13.13:49:11::SCWBDomain::make -C ps7_cortexa9_0/libsrc/standalone_v7_7/src -s include  "SHELL=CMD" "COMPILER=arm-none-eabi-gcc" "ASSEMBLER=arm-none-eabi
TRACE::2025-02-13.13:49:11::SCWBDomain::-as" "ARCHIVER=arm-none-eabi-ar" "COMPILER_FLAGS=  -O2 -c" "EXTRA_COMPILER_FLAGS=-mcpu=cortex-a9 -mfpu=vfpv3 -mfloat-abi=hard -
TRACE::2025-02-13.13:49:11::SCWBDomain::nostartfiles -g -Wall -Wextra -fno-tree-loop-distribute-patterns"

TRACE::2025-02-13.13:49:11::SCWBDomain::"Running Make include in ps7_cortexa9_0/libsrc/uartps_v3_11/src"

TRACE::2025-02-13.13:49:11::SCWBDomain::make -C ps7_cortexa9_0/libsrc/uartps_v3_11/src -s include  "SHELL=CMD" "COMPILER=arm-none-eabi-gcc" "ASSEMBLER=arm-none-eabi-as
TRACE::2025-02-13.13:49:11::SCWBDomain::" "ARCHIVER=arm-none-eabi-ar" "COMPILER_FLAGS=  -O2 -c" "EXTRA_COMPILER_FLAGS=-mcpu=cortex-a9 -mfpu=vfpv3 -mfloat-abi=hard -nos
TRACE::2025-02-13.13:49:11::SCWBDomain::tartfiles -g -Wall -Wextra -fno-tree-loop-distribute-patterns"

TRACE::2025-02-13.13:49:11::SCWBDomain::"Running Make include in ps7_cortexa9_0/libsrc/usbps_v2_7/src"

TRACE::2025-02-13.13:49:11::SCWBDomain::make -C ps7_cortexa9_0/libsrc/usbps_v2_7/src -s include  "SHELL=CMD" "COMPILER=arm-none-eabi-gcc" "ASSEMBLER=arm-none-eabi-as" 
TRACE::2025-02-13.13:49:11::SCWBDomain::"ARCHIVER=arm-none-eabi-ar" "COMPILER_FLAGS=  -O2 -c" "EXTRA_COMPILER_FLAGS=-mcpu=cortex-a9 -mfpu=vfpv3 -mfloat-abi=hard -nosta
TRACE::2025-02-13.13:49:11::SCWBDomain::rtfiles -g -Wall -Wextra -fno-tree-loop-distribute-patterns"

TRACE::2025-02-13.13:49:11::SCWBDomain::"Running Make include in ps7_cortexa9_0/libsrc/xadcps_v2_6/src"

TRACE::2025-02-13.13:49:11::SCWBDomain::make -C ps7_cortexa9_0/libsrc/xadcps_v2_6/src -s include  "SHELL=CMD" "COMPILER=arm-none-eabi-gcc" "ASSEMBLER=arm-none-eabi-as"
TRACE::2025-02-13.13:49:11::SCWBDomain:: "ARCHIVER=arm-none-eabi-ar" "COMPILER_FLAGS=  -O2 -c" "EXTRA_COMPILER_FLAGS=-mcpu=cortex-a9 -mfpu=vfpv3 -mfloat-abi=hard -nost
TRACE::2025-02-13.13:49:11::SCWBDomain::artfiles -g -Wall -Wextra -fno-tree-loop-distribute-patterns"

TRACE::2025-02-13.13:49:11::SCWBDomain::"Running Make include in ps7_cortexa9_0/libsrc/xilffs_v4_7/src"

TRACE::2025-02-13.13:49:11::SCWBDomain::make -C ps7_cortexa9_0/libsrc/xilffs_v4_7/src -s include  "SHELL=CMD" "COMPILER=arm-none-eabi-gcc" "ASSEMBLER=arm-none-eabi-as"
TRACE::2025-02-13.13:49:11::SCWBDomain:: "ARCHIVER=arm-none-eabi-ar" "COMPILER_FLAGS=  -O2 -c" "EXTRA_COMPILER_FLAGS=-mcpu=cortex-a9 -mfpu=vfpv3 -mfloat-abi=hard -nost
TRACE::2025-02-13.13:49:11::SCWBDomain::artfiles -g -Wall -Wextra -fno-tree-loop-distribute-patterns"

TRACE::2025-02-13.13:49:11::SCWBDomain::"Running Make include in ps7_cortexa9_0/libsrc/xilrsa_v1_6/src"

TRACE::2025-02-13.13:49:11::SCWBDomain::make -C ps7_cortexa9_0/libsrc/xilrsa_v1_6/src -s include  "SHELL=CMD" "COMPILER=arm-none-eabi-gcc" "ASSEMBLER=arm-none-eabi-as"
TRACE::2025-02-13.13:49:11::SCWBDomain:: "ARCHIVER=arm-none-eabi-ar" "COMPILER_FLAGS=  -O2 -c" "EXTRA_COMPILER_FLAGS=-mcpu=cortex-a9 -mfpu=vfpv3 -mfloat-abi=hard -nost
TRACE::2025-02-13.13:49:11::SCWBDomain::artfiles -g -Wall -Wextra -fno-tree-loop-distribute-patterns"

TRACE::2025-02-13.13:49:11::SCWBDomain::"Running Make libs in ps7_cortexa9_0/libsrc/axidma_v9_14/src"

TRACE::2025-02-13.13:49:11::SCWBDomain::make -C ps7_cortexa9_0/libsrc/axidma_v9_14/src -s libs  "SHELL=CMD" "COMPILER=arm-none-eabi-gcc" "ASSEMBLER=arm-none-eabi-as" "
TRACE::2025-02-13.13:49:11::SCWBDomain::ARCHIVER=arm-none-eabi-ar" "COMPILER_FLAGS=  -O2 -c" "EXTRA_COMPILER_FLAGS=-mcpu=cortex-a9 -mfpu=vfpv3 -mfloat-abi=hard -nostar
TRACE::2025-02-13.13:49:11::SCWBDomain::tfiles -g -Wall -Wextra -fno-tree-loop-distribute-patterns"

TRACE::2025-02-13.13:49:11::SCWBDomain::"Running Make libs in ps7_cortexa9_0/libsrc/axivdma_v6_11/src"

TRACE::2025-02-13.13:49:11::SCWBDomain::make -C ps7_cortexa9_0/libsrc/axivdma_v6_11/src -s libs  "SHELL=CMD" "COMPILER=arm-none-eabi-gcc" "ASSEMBLER=arm-none-eabi-as" 
TRACE::2025-02-13.13:49:11::SCWBDomain::"ARCHIVER=arm-none-eabi-ar" "COMPILER_FLAGS=  -O2 -c" "EXTRA_COMPILER_FLAGS=-mcpu=cortex-a9 -mfpu=vfpv3 -mfloat-abi=hard -nosta
TRACE::2025-02-13.13:49:11::SCWBDomain::rtfiles -g -Wall -Wextra -fno-tree-loop-distribute-patterns"

TRACE::2025-02-13.13:49:12::SCWBDomain::"Running Make libs in ps7_cortexa9_0/libsrc/coresightps_dcc_v1_8/src"

TRACE::2025-02-13.13:49:12::SCWBDomain::make -C ps7_cortexa9_0/libsrc/coresightps_dcc_v1_8/src -s libs  "SHELL=CMD" "COMPILER=arm-none-eabi-gcc" "ASSEMBLER=arm-none-ea
TRACE::2025-02-13.13:49:12::SCWBDomain::bi-as" "ARCHIVER=arm-none-eabi-ar" "COMPILER_FLAGS=  -O2 -c" "EXTRA_COMPILER_FLAGS=-mcpu=cortex-a9 -mfpu=vfpv3 -mfloat-abi=hard
TRACE::2025-02-13.13:49:12::SCWBDomain:: -nostartfiles -g -Wall -Wextra -fno-tree-loop-distribute-patterns"

TRACE::2025-02-13.13:49:12::SCWBDomain::"Running Make libs in ps7_cortexa9_0/libsrc/cpu_cortexa9_v2_11/src"

TRACE::2025-02-13.13:49:12::SCWBDomain::make -C ps7_cortexa9_0/libsrc/cpu_cortexa9_v2_11/src -s libs  "SHELL=CMD" "COMPILER=arm-none-eabi-gcc" "ASSEMBLER=arm-none-eabi
TRACE::2025-02-13.13:49:12::SCWBDomain::-as" "ARCHIVER=arm-none-eabi-ar" "COMPILER_FLAGS=  -O2 -c" "EXTRA_COMPILER_FLAGS=-mcpu=cortex-a9 -mfpu=vfpv3 -mfloat-abi=hard -
TRACE::2025-02-13.13:49:12::SCWBDomain::nostartfiles -g -Wall -Wextra -fno-tree-loop-distribute-patterns"

TRACE::2025-02-13.13:49:12::SCWBDomain::"Running Make libs in ps7_cortexa9_0/libsrc/ddrps_v1_2/src"

TRACE::2025-02-13.13:49:12::SCWBDomain::make -C ps7_cortexa9_0/libsrc/ddrps_v1_2/src -s libs  "SHELL=CMD" "COMPILER=arm-none-eabi-gcc" "ASSEMBLER=arm-none-eabi-as" "AR
TRACE::2025-02-13.13:49:12::SCWBDomain::CHIVER=arm-none-eabi-ar" "COMPILER_FLAGS=  -O2 -c" "EXTRA_COMPILER_FLAGS=-mcpu=cortex-a9 -mfpu=vfpv3 -mfloat-abi=hard -nostartf
TRACE::2025-02-13.13:49:12::SCWBDomain::iles -g -Wall -Wextra -fno-tree-loop-distribute-patterns"

TRACE::2025-02-13.13:49:12::SCWBDomain::"Running Make libs in ps7_cortexa9_0/libsrc/devcfg_v3_7/src"

TRACE::2025-02-13.13:49:12::SCWBDomain::make -C ps7_cortexa9_0/libsrc/devcfg_v3_7/src -s libs  "SHELL=CMD" "COMPILER=arm-none-eabi-gcc" "ASSEMBLER=arm-none-eabi-as" "A
TRACE::2025-02-13.13:49:12::SCWBDomain::RCHIVER=arm-none-eabi-ar" "COMPILER_FLAGS=  -O2 -c" "EXTRA_COMPILER_FLAGS=-mcpu=cortex-a9 -mfpu=vfpv3 -mfloat-abi=hard -nostart
TRACE::2025-02-13.13:49:12::SCWBDomain::files -g -Wall -Wextra -fno-tree-loop-distribute-patterns"

TRACE::2025-02-13.13:49:12::SCWBDomain::"Running Make libs in ps7_cortexa9_0/libsrc/dmaps_v2_8/src"

TRACE::2025-02-13.13:49:12::SCWBDomain::make -C ps7_cortexa9_0/libsrc/dmaps_v2_8/src -s libs  "SHELL=CMD" "COMPILER=arm-none-eabi-gcc" "ASSEMBLER=arm-none-eabi-as" "AR
TRACE::2025-02-13.13:49:12::SCWBDomain::CHIVER=arm-none-eabi-ar" "COMPILER_FLAGS=  -O2 -c" "EXTRA_COMPILER_FLAGS=-mcpu=cortex-a9 -mfpu=vfpv3 -mfloat-abi=hard -nostartf
TRACE::2025-02-13.13:49:12::SCWBDomain::iles -g -Wall -Wextra -fno-tree-loop-distribute-patterns"

TRACE::2025-02-13.13:49:13::SCWBDomain::"Running Make libs in ps7_cortexa9_0/libsrc/emacps_v3_16/src"

TRACE::2025-02-13.13:49:13::SCWBDomain::make -C ps7_cortexa9_0/libsrc/emacps_v3_16/src -s libs  "SHELL=CMD" "COMPILER=arm-none-eabi-gcc" "ASSEMBLER=arm-none-eabi-as" "
TRACE::2025-02-13.13:49:13::SCWBDomain::ARCHIVER=arm-none-eabi-ar" "COMPILER_FLAGS=  -O2 -c" "EXTRA_COMPILER_FLAGS=-mcpu=cortex-a9 -mfpu=vfpv3 -mfloat-abi=hard -nostar
TRACE::2025-02-13.13:49:13::SCWBDomain::tfiles -g -Wall -Wextra -fno-tree-loop-distribute-patterns"

TRACE::2025-02-13.13:49:13::SCWBDomain::"Running Make libs in ps7_cortexa9_0/libsrc/gpiops_v3_9/src"

TRACE::2025-02-13.13:49:13::SCWBDomain::make -C ps7_cortexa9_0/libsrc/gpiops_v3_9/src -s libs  "SHELL=CMD" "COMPILER=arm-none-eabi-gcc" "ASSEMBLER=arm-none-eabi-as" "A
TRACE::2025-02-13.13:49:13::SCWBDomain::RCHIVER=arm-none-eabi-ar" "COMPILER_FLAGS=  -O2 -c" "EXTRA_COMPILER_FLAGS=-mcpu=cortex-a9 -mfpu=vfpv3 -mfloat-abi=hard -nostart
TRACE::2025-02-13.13:49:13::SCWBDomain::files -g -Wall -Wextra -fno-tree-loop-distribute-patterns"

TRACE::2025-02-13.13:49:15::SCWBDomain::"Running Make libs in ps7_cortexa9_0/libsrc/iicps_v3_15/src"

TRACE::2025-02-13.13:49:15::SCWBDomain::make -C ps7_cortexa9_0/libsrc/iicps_v3_15/src -s libs  "SHELL=CMD" "COMPILER=arm-none-eabi-gcc" "ASSEMBLER=arm-none-eabi-as" "A
TRACE::2025-02-13.13:49:15::SCWBDomain::RCHIVER=arm-none-eabi-ar" "COMPILER_FLAGS=  -O2 -c" "EXTRA_COMPILER_FLAGS=-mcpu=cortex-a9 -mfpu=vfpv3 -mfloat-abi=hard -nostart
TRACE::2025-02-13.13:49:15::SCWBDomain::files -g -Wall -Wextra -fno-tree-loop-distribute-patterns"

TRACE::2025-02-13.13:49:15::SCWBDomain::"Running Make libs in ps7_cortexa9_0/libsrc/qspips_v3_9/src"

TRACE::2025-02-13.13:49:15::SCWBDomain::make -C ps7_cortexa9_0/libsrc/qspips_v3_9/src -s libs  "SHELL=CMD" "COMPILER=arm-none-eabi-gcc" "ASSEMBLER=arm-none-eabi-as" "A
TRACE::2025-02-13.13:49:15::SCWBDomain::RCHIVER=arm-none-eabi-ar" "COMPILER_FLAGS=  -O2 -c" "EXTRA_COMPILER_FLAGS=-mcpu=cortex-a9 -mfpu=vfpv3 -mfloat-abi=hard -nostart
TRACE::2025-02-13.13:49:15::SCWBDomain::files -g -Wall -Wextra -fno-tree-loop-distribute-patterns"

TRACE::2025-02-13.13:49:16::SCWBDomain::"Running Make libs in ps7_cortexa9_0/libsrc/scugic_v4_7/src"

TRACE::2025-02-13.13:49:16::SCWBDomain::make -C ps7_cortexa9_0/libsrc/scugic_v4_7/src -s libs  "SHELL=CMD" "COMPILER=arm-none-eabi-gcc" "ASSEMBLER=arm-none-eabi-as" "A
TRACE::2025-02-13.13:49:16::SCWBDomain::RCHIVER=arm-none-eabi-ar" "COMPILER_FLAGS=  -O2 -c" "EXTRA_COMPILER_FLAGS=-mcpu=cortex-a9 -mfpu=vfpv3 -mfloat-abi=hard -nostart
TRACE::2025-02-13.13:49:16::SCWBDomain::files -g -Wall -Wextra -fno-tree-loop-distribute-patterns"

TRACE::2025-02-13.13:49:16::SCWBDomain::"Running Make libs in ps7_cortexa9_0/libsrc/scutimer_v2_4/src"

TRACE::2025-02-13.13:49:16::SCWBDomain::make -C ps7_cortexa9_0/libsrc/scutimer_v2_4/src -s libs  "SHELL=CMD" "COMPILER=arm-none-eabi-gcc" "ASSEMBLER=arm-none-eabi-as" 
TRACE::2025-02-13.13:49:16::SCWBDomain::"ARCHIVER=arm-none-eabi-ar" "COMPILER_FLAGS=  -O2 -c" "EXTRA_COMPILER_FLAGS=-mcpu=cortex-a9 -mfpu=vfpv3 -mfloat-abi=hard -nosta
TRACE::2025-02-13.13:49:16::SCWBDomain::rtfiles -g -Wall -Wextra -fno-tree-loop-distribute-patterns"

TRACE::2025-02-13.13:49:17::SCWBDomain::"Running Make libs in ps7_cortexa9_0/libsrc/scuwdt_v2_4/src"

TRACE::2025-02-13.13:49:17::SCWBDomain::make -C ps7_cortexa9_0/libsrc/scuwdt_v2_4/src -s libs  "SHELL=CMD" "COMPILER=arm-none-eabi-gcc" "ASSEMBLER=arm-none-eabi-as" "A
TRACE::2025-02-13.13:49:17::SCWBDomain::RCHIVER=arm-none-eabi-ar" "COMPILER_FLAGS=  -O2 -c" "EXTRA_COMPILER_FLAGS=-mcpu=cortex-a9 -mfpu=vfpv3 -mfloat-abi=hard -nostart
TRACE::2025-02-13.13:49:17::SCWBDomain::files -g -Wall -Wextra -fno-tree-loop-distribute-patterns"

TRACE::2025-02-13.13:49:17::SCWBDomain::"Running Make libs in ps7_cortexa9_0/libsrc/sdps_v3_14/src"

TRACE::2025-02-13.13:49:17::SCWBDomain::make -C ps7_cortexa9_0/libsrc/sdps_v3_14/src -s libs  "SHELL=CMD" "COMPILER=arm-none-eabi-gcc" "ASSEMBLER=arm-none-eabi-as" "AR
TRACE::2025-02-13.13:49:17::SCWBDomain::CHIVER=arm-none-eabi-ar" "COMPILER_FLAGS=  -O2 -c" "EXTRA_COMPILER_FLAGS=-mcpu=cortex-a9 -mfpu=vfpv3 -mfloat-abi=hard -nostartf
TRACE::2025-02-13.13:49:17::SCWBDomain::iles -g -Wall -Wextra -fno-tree-loop-distribute-patterns"

TRACE::2025-02-13.13:49:17::SCWBDomain::"Running Make libs in ps7_cortexa9_0/libsrc/standalone_v7_7/src"

TRACE::2025-02-13.13:49:17::SCWBDomain::make -C ps7_cortexa9_0/libsrc/standalone_v7_7/src -s libs  "SHELL=CMD" "COMPILER=arm-none-eabi-gcc" "ASSEMBLER=arm-none-eabi-as
TRACE::2025-02-13.13:49:17::SCWBDomain::" "ARCHIVER=arm-none-eabi-ar" "COMPILER_FLAGS=  -O2 -c" "EXTRA_COMPILER_FLAGS=-mcpu=cortex-a9 -mfpu=vfpv3 -mfloat-abi=hard -nos
TRACE::2025-02-13.13:49:17::SCWBDomain::tartfiles -g -Wall -Wextra -fno-tree-loop-distribute-patterns"

TRACE::2025-02-13.13:49:18::SCWBDomain::"Running Make libs in ps7_cortexa9_0/libsrc/uartps_v3_11/src"

TRACE::2025-02-13.13:49:18::SCWBDomain::make -C ps7_cortexa9_0/libsrc/uartps_v3_11/src -s libs  "SHELL=CMD" "COMPILER=arm-none-eabi-gcc" "ASSEMBLER=arm-none-eabi-as" "
TRACE::2025-02-13.13:49:18::SCWBDomain::ARCHIVER=arm-none-eabi-ar" "COMPILER_FLAGS=  -O2 -c" "EXTRA_COMPILER_FLAGS=-mcpu=cortex-a9 -mfpu=vfpv3 -mfloat-abi=hard -nostar
TRACE::2025-02-13.13:49:18::SCWBDomain::tfiles -g -Wall -Wextra -fno-tree-loop-distribute-patterns"

TRACE::2025-02-13.13:49:20::SCWBDomain::"Running Make libs in ps7_cortexa9_0/libsrc/usbps_v2_7/src"

TRACE::2025-02-13.13:49:20::SCWBDomain::make -C ps7_cortexa9_0/libsrc/usbps_v2_7/src -s libs  "SHELL=CMD" "COMPILER=arm-none-eabi-gcc" "ASSEMBLER=arm-none-eabi-as" "AR
TRACE::2025-02-13.13:49:20::SCWBDomain::CHIVER=arm-none-eabi-ar" "COMPILER_FLAGS=  -O2 -c" "EXTRA_COMPILER_FLAGS=-mcpu=cortex-a9 -mfpu=vfpv3 -mfloat-abi=hard -nostartf
TRACE::2025-02-13.13:49:20::SCWBDomain::iles -g -Wall -Wextra -fno-tree-loop-distribute-patterns"

TRACE::2025-02-13.13:49:21::SCWBDomain::"Running Make libs in ps7_cortexa9_0/libsrc/xadcps_v2_6/src"

TRACE::2025-02-13.13:49:21::SCWBDomain::make -C ps7_cortexa9_0/libsrc/xadcps_v2_6/src -s libs  "SHELL=CMD" "COMPILER=arm-none-eabi-gcc" "ASSEMBLER=arm-none-eabi-as" "A
TRACE::2025-02-13.13:49:21::SCWBDomain::RCHIVER=arm-none-eabi-ar" "COMPILER_FLAGS=  -O2 -c" "EXTRA_COMPILER_FLAGS=-mcpu=cortex-a9 -mfpu=vfpv3 -mfloat-abi=hard -nostart
TRACE::2025-02-13.13:49:21::SCWBDomain::files -g -Wall -Wextra -fno-tree-loop-distribute-patterns"

TRACE::2025-02-13.13:49:22::SCWBDomain::"Running Make libs in ps7_cortexa9_0/libsrc/xilffs_v4_7/src"

TRACE::2025-02-13.13:49:22::SCWBDomain::make -C ps7_cortexa9_0/libsrc/xilffs_v4_7/src -s libs  "SHELL=CMD" "COMPILER=arm-none-eabi-gcc" "ASSEMBLER=arm-none-eabi-as" "A
TRACE::2025-02-13.13:49:22::SCWBDomain::RCHIVER=arm-none-eabi-ar" "COMPILER_FLAGS=  -O2 -c" "EXTRA_COMPILER_FLAGS=-mcpu=cortex-a9 -mfpu=vfpv3 -mfloat-abi=hard -nostart
TRACE::2025-02-13.13:49:22::SCWBDomain::files -g -Wall -Wextra -fno-tree-loop-distribute-patterns"

TRACE::2025-02-13.13:49:23::SCWBDomain::'Finished building libraries parallelly.'

TRACE::2025-02-13.13:49:23::SCWBDomain::make --no-print-directory archive

TRACE::2025-02-13.13:49:23::SCWBDomain::arm-none-eabi-ar -r  ps7_cortexa9_0/lib/libxil.a ps7_cortexa9_0/lib/xadcps_selftest.o ps7_cortexa9_0/lib/xplatform_info.o ps7_c
TRACE::2025-02-13.13:49:23::SCWBDomain::ortexa9_0/lib/time.o ps7_cortexa9_0/lib/_exit.o ps7_cortexa9_0/lib/xusbps_sinit.o ps7_cortexa9_0/lib/xdevcfg_hw.o ps7_cortexa9_
TRACE::2025-02-13.13:49:23::SCWBDomain::0/lib/xil_sleeptimer.o ps7_cortexa9_0/lib/xqspips_options.o ps7_cortexa9_0/lib/xdmaps_g.o ps7_cortexa9_0/lib/xscutimer_g.o ps7_
TRACE::2025-02-13.13:49:23::SCWBDomain::cortexa9_0/lib/xsdps_options.o ps7_cortexa9_0/lib/xil_misc_psreset_api.o ps7_cortexa9_0/lib/xdmaps_sinit.o ps7_cortexa9_0/lib/x
TRACE::2025-02-13.13:49:23::SCWBDomain::scutimer_sinit.o ps7_cortexa9_0/lib/xemacps_hw.o ps7_cortexa9_0/lib/inbyte.o ps7_cortexa9_0/lib/xscutimer_selftest.o ps7_cortex
TRACE::2025-02-13.13:49:23::SCWBDomain::a9_0/lib/putnum.o ps7_cortexa9_0/lib/xqspips_hw.o ps7_cortexa9_0/lib/xgpiops_g.o ps7_cortexa9_0/lib/xsdps.o ps7_cortexa9_0/lib/
TRACE::2025-02-13.13:49:23::SCWBDomain::close.o ps7_cortexa9_0/lib/xemacps_g.o ps7_cortexa9_0/lib/xgpiops_sinit.o ps7_cortexa9_0/lib/xgpiops_selftest.o ps7_cortexa9_0/
TRACE::2025-02-13.13:49:23::SCWBDomain::lib/xscuwdt.o ps7_cortexa9_0/lib/xaxivdma_g.o ps7_cortexa9_0/lib/xiicps_intr.o ps7_cortexa9_0/lib/xaxivdma_sinit.o ps7_cortexa9
TRACE::2025-02-13.13:49:23::SCWBDomain::_0/lib/xuartps_sinit.o ps7_cortexa9_0/lib/xaxivdma_selftest.o ps7_cortexa9_0/lib/xiicps_slave.o ps7_cortexa9_0/lib/xil_printf.o
TRACE::2025-02-13.13:49:23::SCWBDomain:: ps7_cortexa9_0/lib/kill.o ps7_cortexa9_0/lib/xadcps.o ps7_cortexa9_0/lib/xiicps_options.o ps7_cortexa9_0/lib/xdmaps.o ps7_cort
TRACE::2025-02-13.13:49:23::SCWBDomain::exa9_0/lib/xuartps_selftest.o ps7_cortexa9_0/lib/xuartps_g.o ps7_cortexa9_0/lib/lseek.o ps7_cortexa9_0/lib/xil_testmem.o ps7_co
TRACE::2025-02-13.13:49:23::SCWBDomain::rtexa9_0/lib/xusbps_hw.o ps7_cortexa9_0/lib/xl2cc_counter.o ps7_cortexa9_0/lib/xiicps_hw.o ps7_cortexa9_0/lib/asm_vectors.o ps7
TRACE::2025-02-13.13:49:23::SCWBDomain::_cortexa9_0/lib/usleep.o ps7_cortexa9_0/lib/abort.o ps7_cortexa9_0/lib/xscugic_intr.o ps7_cortexa9_0/lib/getpid.o ps7_cortexa9_
TRACE::2025-02-13.13:49:23::SCWBDomain::0/lib/xiicps_selftest.o ps7_cortexa9_0/lib/xil_testcache.o ps7_cortexa9_0/lib/xdevcfg_sinit.o ps7_cortexa9_0/lib/xgpiops.o ps7_
TRACE::2025-02-13.13:49:23::SCWBDomain::cortexa9_0/lib/xscutimer.o ps7_cortexa9_0/lib/xil_mem.o ps7_cortexa9_0/lib/xdevcfg_selftest.o ps7_cortexa9_0/lib/xpm_counter.o 
TRACE::2025-02-13.13:49:23::SCWBDomain::ps7_cortexa9_0/lib/xiicps.o ps7_cortexa9_0/lib/_sbrk.o ps7_cortexa9_0/lib/xiicps_master.o ps7_cortexa9_0/lib/xqspips_g.o ps7_co
TRACE::2025-02-13.13:49:23::SCWBDomain::rtexa9_0/lib/xemacps_bdring.o ps7_cortexa9_0/lib/xusbps_endpoint.o ps7_cortexa9_0/lib/xqspips_sinit.o ps7_cortexa9_0/lib/xqspip
TRACE::2025-02-13.13:49:23::SCWBDomain::s_selftest.o ps7_cortexa9_0/lib/xil_exception.o ps7_cortexa9_0/lib/sbrk.o ps7_cortexa9_0/lib/xaxivdma.o ps7_cortexa9_0/lib/xema
TRACE::2025-02-13.13:49:23::SCWBDomain::cps_control.o ps7_cortexa9_0/lib/open.o ps7_cortexa9_0/lib/xil_assert.o ps7_cortexa9_0/lib/xaxivdma_intr.o ps7_cortexa9_0/lib/x
TRACE::2025-02-13.13:49:23::SCWBDomain::usbps_intr.o ps7_cortexa9_0/lib/xsdps_host.o ps7_cortexa9_0/lib/xcoresightpsdcc.o ps7_cortexa9_0/lib/xscugic_hw.o ps7_cortexa9_
TRACE::2025-02-13.13:49:23::SCWBDomain::0/lib/sleep.o ps7_cortexa9_0/lib/xil-crt0.o ps7_cortexa9_0/lib/cpputest_time.o ps7_cortexa9_0/lib/print.o ps7_cortexa9_0/lib/re
TRACE::2025-02-13.13:49:23::SCWBDomain::ad.o ps7_cortexa9_0/lib/xiicps_g.o ps7_cortexa9_0/lib/xdevcfg.o ps7_cortexa9_0/lib/xadcps_intr.o ps7_cortexa9_0/lib/xqspips.o p
TRACE::2025-02-13.13:49:23::SCWBDomain::s7_cortexa9_0/lib/xemacps.o ps7_cortexa9_0/lib/xil_cache.o ps7_cortexa9_0/lib/xil_testio.o ps7_cortexa9_0/lib/_open.o ps7_corte
TRACE::2025-02-13.13:49:23::SCWBDomain::xa9_0/lib/unlink.o ps7_cortexa9_0/lib/xaxidma_g.o ps7_cortexa9_0/lib/xusbps.o ps7_cortexa9_0/lib/xusbps_g.o ps7_cortexa9_0/lib/
TRACE::2025-02-13.13:49:23::SCWBDomain::xdmaps_selftest.o ps7_cortexa9_0/lib/xaxidma_sinit.o ps7_cortexa9_0/lib/xil_spinlock.o ps7_cortexa9_0/lib/translation_table.o p
TRACE::2025-02-13.13:49:23::SCWBDomain::s7_cortexa9_0/lib/xaxidma_selftest.o ps7_cortexa9_0/lib/write.o ps7_cortexa9_0/lib/xil_mmu.o ps7_cortexa9_0/lib/boot.o ps7_cort
TRACE::2025-02-13.13:49:23::SCWBDomain::exa9_0/lib/xaxivdma_channel.o ps7_cortexa9_0/lib/cpu_init.o ps7_cortexa9_0/lib/xaxidma_bd.o ps7_cortexa9_0/lib/xil_sleepcommon.
TRACE::2025-02-13.13:49:23::SCWBDomain::o ps7_cortexa9_0/lib/xgpiops_intr.o ps7_cortexa9_0/lib/xscugic_sinit.o ps7_cortexa9_0/lib/fcntl.o ps7_cortexa9_0/lib/xdevcfg_g.
TRACE::2025-02-13.13:49:23::SCWBDomain::o ps7_cortexa9_0/lib/outbyte.o ps7_cortexa9_0/lib/xinterrupt_wrap.o ps7_cortexa9_0/lib/xuartps_hw.o ps7_cortexa9_0/lib/xtime_l.
TRACE::2025-02-13.13:49:23::SCWBDomain::o ps7_cortexa9_0/lib/xemacps_sinit.o ps7_cortexa9_0/lib/xscugic_selftest.o ps7_cortexa9_0/lib/xil_util.o ps7_cortexa9_0/lib/xua
TRACE::2025-02-13.13:49:23::SCWBDomain::rtps_intr.o ps7_cortexa9_0/lib/xuartps.o ps7_cortexa9_0/lib/xsdps_card.o ps7_cortexa9_0/lib/xdmaps_hw.o ps7_cortexa9_0/lib/xsdp
TRACE::2025-02-13.13:49:23::SCWBDomain::s_sinit.o ps7_cortexa9_0/lib/xscuwdt_sinit.o ps7_cortexa9_0/lib/xgpiops_hw.o ps7_cortexa9_0/lib/xsdps_g.o ps7_cortexa9_0/lib/fs
TRACE::2025-02-13.13:49:24::SCWBDomain::tat.o ps7_cortexa9_0/lib/xaxidma.o ps7_cortexa9_0/lib/errno.o ps7_cortexa9_0/lib/xdevcfg_intr.o ps7_cortexa9_0/lib/xuartps_opti
TRACE::2025-02-13.13:49:24::SCWBDomain::ons.o ps7_cortexa9_0/lib/vectors.o ps7_cortexa9_0/lib/xscuwdt_g.o ps7_cortexa9_0/lib/xil_clocking.o ps7_cortexa9_0/lib/xemacps_
TRACE::2025-02-13.13:49:24::SCWBDomain::intr.o ps7_cortexa9_0/lib/xscuwdt_selftest.o ps7_cortexa9_0/lib/xscugic_g.o ps7_cortexa9_0/lib/isatty.o ps7_cortexa9_0/lib/xscu
TRACE::2025-02-13.13:49:24::SCWBDomain::gic.o ps7_cortexa9_0/lib/xiicps_sinit.o ps7_cortexa9_0/lib/xadcps_g.o ps7_cortexa9_0/lib/xaxidma_bdring.o ps7_cortexa9_0/lib/xa
TRACE::2025-02-13.13:49:24::SCWBDomain::dcps_sinit.o ps7_cortexa9_0/lib/xiicps_xfer.o

TRACE::2025-02-13.13:49:24::SCWBDomain::'Finished building libraries'

TRACE::2025-02-13.13:49:24::SCWBDomain::make: Leaving directory 'C:/Users/hmcculla/ECE423/ECE-423-Labs/workspace/Assignment2_newest/zynq_fsbl/zynq_fsbl_bsp'

TRACE::2025-02-13.13:49:24::SCWBDomain::arm-none-eabi-gcc  -O2 -c -MMD -MP       -mcpu=cortex-a9 -mfpu=vfpv3 -mfloat-abi=hard  -c sd.c -o sd.o -Izynq_fsbl_bsp/ps7_cort
TRACE::2025-02-13.13:49:24::SCWBDomain::exa9_0/include -I.

TRACE::2025-02-13.13:49:24::SCWBDomain::arm-none-eabi-gcc  -O2 -c -MMD -MP       -mcpu=cortex-a9 -mfpu=vfpv3 -mfloat-abi=hard  -c nand.c -o nand.o -Izynq_fsbl_bsp/ps7_
TRACE::2025-02-13.13:49:24::SCWBDomain::cortexa9_0/include -I.

TRACE::2025-02-13.13:49:24::SCWBDomain::arm-none-eabi-gcc  -O2 -c -MMD -MP       -mcpu=cortex-a9 -mfpu=vfpv3 -mfloat-abi=hard  -c nor.c -o nor.o -Izynq_fsbl_bsp/ps7_co
TRACE::2025-02-13.13:49:24::SCWBDomain::rtexa9_0/include -I.

TRACE::2025-02-13.13:49:24::SCWBDomain::arm-none-eabi-gcc  -O2 -c -MMD -MP       -mcpu=cortex-a9 -mfpu=vfpv3 -mfloat-abi=hard  -c image_mover.c -o image_mover.o -Izynq
TRACE::2025-02-13.13:49:24::SCWBDomain::_fsbl_bsp/ps7_cortexa9_0/include -I.

TRACE::2025-02-13.13:49:24::SCWBDomain::arm-none-eabi-gcc  -O2 -c -MMD -MP       -mcpu=cortex-a9 -mfpu=vfpv3 -mfloat-abi=hard  -c md5.c -o md5.o -Izynq_fsbl_bsp/ps7_co
TRACE::2025-02-13.13:49:24::SCWBDomain::rtexa9_0/include -I.

TRACE::2025-02-13.13:49:25::SCWBDomain::arm-none-eabi-gcc  -O2 -c -MMD -MP       -mcpu=cortex-a9 -mfpu=vfpv3 -mfloat-abi=hard  -c fsbl_hooks.c -o fsbl_hooks.o -Izynq_f
TRACE::2025-02-13.13:49:25::SCWBDomain::sbl_bsp/ps7_cortexa9_0/include -I.

TRACE::2025-02-13.13:49:25::SCWBDomain::arm-none-eabi-gcc  -O2 -c -MMD -MP       -mcpu=cortex-a9 -mfpu=vfpv3 -mfloat-abi=hard  -c main.c -o main.o -Izynq_fsbl_bsp/ps7_
TRACE::2025-02-13.13:49:25::SCWBDomain::cortexa9_0/include -I.

TRACE::2025-02-13.13:49:25::SCWBDomain::arm-none-eabi-gcc  -O2 -c -MMD -MP       -mcpu=cortex-a9 -mfpu=vfpv3 -mfloat-abi=hard  -c rsa.c -o rsa.o -Izynq_fsbl_bsp/ps7_co
TRACE::2025-02-13.13:49:25::SCWBDomain::rtexa9_0/include -I.

TRACE::2025-02-13.13:49:25::SCWBDomain::arm-none-eabi-gcc  -O2 -c -MMD -MP       -mcpu=cortex-a9 -mfpu=vfpv3 -mfloat-abi=hard  -c qspi.c -o qspi.o -Izynq_fsbl_bsp/ps7_
TRACE::2025-02-13.13:49:25::SCWBDomain::cortexa9_0/include -I.

TRACE::2025-02-13.13:49:25::SCWBDomain::arm-none-eabi-gcc  -O2 -c -MMD -MP       -mcpu=cortex-a9 -mfpu=vfpv3 -mfloat-abi=hard  -c ps7_init.c -o ps7_init.o -Izynq_fsbl_
TRACE::2025-02-13.13:49:25::SCWBDomain::bsp/ps7_cortexa9_0/include -I.

TRACE::2025-02-13.13:49:25::SCWBDomain::arm-none-eabi-gcc  -O2 -c -MMD -MP       -mcpu=cortex-a9 -mfpu=vfpv3 -mfloat-abi=hard  -c pcap.c -o pcap.o -Izynq_fsbl_bsp/ps7_
TRACE::2025-02-13.13:49:25::SCWBDomain::cortexa9_0/include -I.

TRACE::2025-02-13.13:49:25::SCWBDomain::arm-none-eabi-gcc  -O2 -c -MMD -MP       -mcpu=cortex-a9 -mfpu=vfpv3 -mfloat-abi=hard  -c fsbl_handoff.S -o fsbl_handoff.o -Izy
TRACE::2025-02-13.13:49:25::SCWBDomain::nq_fsbl_bsp/ps7_cortexa9_0/include -I.

TRACE::2025-02-13.13:49:25::SCWBDomain::arm-none-eabi-gcc -o fsbl.elf fsbl_handoff.o fsbl_hooks.o image_mover.o main.o md5.o nand.o nor.o pcap.o ps7_init.o qspi.o rsa.
TRACE::2025-02-13.13:49:25::SCWBDomain::o sd.o -MMD -MP       -mcpu=cortex-a9 -mfpu=vfpv3 -mfloat-abi=hard   -mcpu=cortex-a9 -mfpu=vfpv3 -mfloat-abi=hard -Wl,-build-id
TRACE::2025-02-13.13:49:25::SCWBDomain::=none -specs=Xilinx.spec  -lrsa -Wl,--start-group,-lxil,-lgcc,-lc,--end-group -Wl,--start-group,-lxilffs,-lxil,-lgcc,-lc,--end-
TRACE::2025-02-13.13:49:25::SCWBDomain::group -Wl,--start-group,-lrsa,-lxil,-lgcc,-lc,--end-group                                      -Wl,--gc-sections -Lzynq_fsbl_bs
TRACE::2025-02-13.13:49:25::SCWBDomain::p/ps7_cortexa9_0/lib -L./ -Tlscript.ld

LOG::2025-02-13.13:49:25::SCWSystem::Checking the domain standalone_domain
LOG::2025-02-13.13:49:25::SCWSystem::Not a boot domain 
LOG::2025-02-13.13:49:25::SCWSystem::Started Processing the domain standalone_domain
TRACE::2025-02-13.13:49:25::SCWDomain::Generating domain artifcats
TRACE::2025-02-13.13:49:25::SCWMssOS::Generating standalone artifcats
TRACE::2025-02-13.13:49:25::SCWMssOS::Copying the qemu file from  C:/Users/hmcculla/ECE423/ECE-423-Labs/workspace/Assignment2_newest/resources/Assignment2_newest/standalone_domain/qemu_args.txt To C:/Users/hmcculla/ECE423/ECE-423-Labs/workspace/Assignment2_newest/export/Assignment2_newest/sw/Assignment2_newest/qemu/
TRACE::2025-02-13.13:49:25::SCWMssOS::Copying the qemu file from  C:/Users/hmcculla/ECE423/ECE-423-Labs/workspace/Assignment2_newest/resources/Assignment2_newest/standalone_domain/qemu_args.txt To C:/Users/hmcculla/ECE423/ECE-423-Labs/workspace/Assignment2_newest/export/Assignment2_newest/sw/Assignment2_newest/standalone_domain/qemu/
TRACE::2025-02-13.13:49:25::SCWMssOS:: Copying the user libraries. 
TRACE::2025-02-13.13:49:25::SCWPlatform::Trying to open the hw design at C:/Users/hmcculla/ECE423/ECE-423-Labs/workspace/Assignment2_newest/hw/lab_prefab_wrapper_newest_lab2.xsa
TRACE::2025-02-13.13:49:25::SCWPlatform::DSA given C:/Users/hmcculla/ECE423/ECE-423-Labs/workspace/Assignment2_newest/hw/lab_prefab_wrapper_newest_lab2.xsa
TRACE::2025-02-13.13:49:25::SCWPlatform::DSA absoulate path C:/Users/hmcculla/ECE423/ECE-423-Labs/workspace/Assignment2_newest/hw/lab_prefab_wrapper_newest_lab2.xsa
TRACE::2025-02-13.13:49:25::SCWPlatform::DSA directory C:/Users/hmcculla/ECE423/ECE-423-Labs/workspace/Assignment2_newest/hw
TRACE::2025-02-13.13:49:25::SCWPlatform:: Platform Path C:/Users/hmcculla/ECE423/ECE-423-Labs/workspace/Assignment2_newest/hw/lab_prefab_wrapper_newest_lab2.xsa
TRACE::2025-02-13.13:49:25::SCWPlatform:: Unique name xilinx:pynq-z1::0.0
TRACE::2025-02-13.13:49:25::SCWPlatform::Trying to set the existing hwdb with name lab_prefab_wrapper_0
TRACE::2025-02-13.13:49:25::SCWPlatform::Opened existing hwdb lab_prefab_wrapper_0
TRACE::2025-02-13.13:49:25::SCWPlatform::Found the Hw Db part of the input DSA
TRACE::2025-02-13.13:49:25::SCWMssOS::Checking the sw design at  C:/Users/hmcculla/ECE423/ECE-423-Labs/workspace/Assignment2_newest/ps7_cortexa9_0/standalone_domain/bsp/system.mss
TRACE::2025-02-13.13:49:25::SCWMssOS::DEBUG:  swdes dump  C:/Users/hmcculla/ECE423/ECE-423-Labs/workspace/Assignment2_debugging/ps7_cortexa9_0/standalone_domain/bsp/system.mss|system_0||
C:/Users/hmcculla/ECE423/ECE-423-Labs/workspace/Assignment2_debugging/zynq_fsbl/zynq_fsbl_bsp/system.mss|system||
C:/Users/hmcculla/ECE423/ECE-423-Labs/workspace/Assignment2_newest/ps7_cortexa9_0/standalone_domain/bsp/system.mss|system_2||
C:/Users/hmcculla/ECE423/ECE-423-Labs/workspace/Assignment2_newest/zynq_fsbl/zynq_fsbl_bsp/system.mss|system_1||

TRACE::2025-02-13.13:49:25::SCWMssOS::Sw design exists and opened at  C:/Users/hmcculla/ECE423/ECE-423-Labs/workspace/Assignment2_newest/ps7_cortexa9_0/standalone_domain/bsp/system.mss
TRACE::2025-02-13.13:49:25::SCWMssOS::Completed writing the mss file at C:/Users/hmcculla/ECE423/ECE-423-Labs/workspace/Assignment2_newest/ps7_cortexa9_0/standalone_domain/bsp
TRACE::2025-02-13.13:49:25::SCWMssOS::Mss edits present, copying mssfile into export location C:/Users/hmcculla/ECE423/ECE-423-Labs/workspace/Assignment2_newest/ps7_cortexa9_0/standalone_domain/bsp/system.mss
TRACE::2025-02-13.13:49:25::SCWMssOS::bsp generated is upto date with the mss file. Skipping bsp generation.
TRACE::2025-02-13.13:49:25::SCWMssOS::BSP is already built. skipping the bsp build ... 
TRACE::2025-02-13.13:49:25::SCWDomain::Building the domain as part of full build :  standalone_domain
TRACE::2025-02-13.13:49:25::SCWMssOS::doing bsp build ... 
TRACE::2025-02-13.13:49:25::SCWMssOS::System Command Ran  C: & cd  C:/Users/hmcculla/ECE423/ECE-423-Labs/workspace/Assignment2_newest/ps7_cortexa9_0/standalone_domain/bsp & make 
TRACE::2025-02-13.13:49:26::SCWMssOS::make --no-print-directory seq_libs

TRACE::2025-02-13.13:49:26::SCWMssOS::'Finished building libraries sequentially.'

TRACE::2025-02-13.13:49:26::SCWMssOS::make -j 2 --no-print-directory par_libs

TRACE::2025-02-13.13:49:26::SCWMssOS::"Running Make include in ps7_cortexa9_0/libsrc/axidma_v9_14/src"

TRACE::2025-02-13.13:49:26::SCWMssOS::make -C ps7_cortexa9_0/libsrc/axidma_v9_14/src -s include  "SHELL=CMD" "COMPILER=arm-none-eabi-gcc" "ASSEMBLER=arm-none-eabi-as
TRACE::2025-02-13.13:49:26::SCWMssOS::" "ARCHIVER=arm-none-eabi-ar" "COMPILER_FLAGS=  -O2 -c" "EXTRA_COMPILER_FLAGS=-mcpu=cortex-a9 -mfpu=vfpv3 -mfloat-abi=hard -nos
TRACE::2025-02-13.13:49:26::SCWMssOS::tartfiles -g -Wall -Wextra -fno-tree-loop-distribute-patterns"

TRACE::2025-02-13.13:49:26::SCWMssOS::"Running Make include in ps7_cortexa9_0/libsrc/axivdma_v6_11/src"

TRACE::2025-02-13.13:49:26::SCWMssOS::make -C ps7_cortexa9_0/libsrc/axivdma_v6_11/src -s include  "SHELL=CMD" "COMPILER=arm-none-eabi-gcc" "ASSEMBLER=arm-none-eabi-a
TRACE::2025-02-13.13:49:26::SCWMssOS::s" "ARCHIVER=arm-none-eabi-ar" "COMPILER_FLAGS=  -O2 -c" "EXTRA_COMPILER_FLAGS=-mcpu=cortex-a9 -mfpu=vfpv3 -mfloat-abi=hard -no
TRACE::2025-02-13.13:49:26::SCWMssOS::startfiles -g -Wall -Wextra -fno-tree-loop-distribute-patterns"

TRACE::2025-02-13.13:49:26::SCWMssOS::"Running Make include in ps7_cortexa9_0/libsrc/coresightps_dcc_v1_8/src"

TRACE::2025-02-13.13:49:26::SCWMssOS::make -C ps7_cortexa9_0/libsrc/coresightps_dcc_v1_8/src -s include  "SHELL=CMD" "COMPILER=arm-none-eabi-gcc" "ASSEMBLER=arm-none
TRACE::2025-02-13.13:49:26::SCWMssOS::-eabi-as" "ARCHIVER=arm-none-eabi-ar" "COMPILER_FLAGS=  -O2 -c" "EXTRA_COMPILER_FLAGS=-mcpu=cortex-a9 -mfpu=vfpv3 -mfloat-abi=h
TRACE::2025-02-13.13:49:26::SCWMssOS::ard -nostartfiles -g -Wall -Wextra -fno-tree-loop-distribute-patterns"

TRACE::2025-02-13.13:49:26::SCWMssOS::"Running Make include in ps7_cortexa9_0/libsrc/cpu_cortexa9_v2_11/src"

TRACE::2025-02-13.13:49:26::SCWMssOS::make -C ps7_cortexa9_0/libsrc/cpu_cortexa9_v2_11/src -s include  "SHELL=CMD" "COMPILER=arm-none-eabi-gcc" "ASSEMBLER=arm-none-e
TRACE::2025-02-13.13:49:26::SCWMssOS::abi-as" "ARCHIVER=arm-none-eabi-ar" "COMPILER_FLAGS=  -O2 -c" "EXTRA_COMPILER_FLAGS=-mcpu=cortex-a9 -mfpu=vfpv3 -mfloat-abi=har
TRACE::2025-02-13.13:49:26::SCWMssOS::d -nostartfiles -g -Wall -Wextra -fno-tree-loop-distribute-patterns"

TRACE::2025-02-13.13:49:26::SCWMssOS::"Running Make include in ps7_cortexa9_0/libsrc/ddrps_v1_2/src"

TRACE::2025-02-13.13:49:26::SCWMssOS::make -C ps7_cortexa9_0/libsrc/ddrps_v1_2/src -s include  "SHELL=CMD" "COMPILER=arm-none-eabi-gcc" "ASSEMBLER=arm-none-eabi-as" 
TRACE::2025-02-13.13:49:26::SCWMssOS::"ARCHIVER=arm-none-eabi-ar" "COMPILER_FLAGS=  -O2 -c" "EXTRA_COMPILER_FLAGS=-mcpu=cortex-a9 -mfpu=vfpv3 -mfloat-abi=hard -nosta
TRACE::2025-02-13.13:49:26::SCWMssOS::rtfiles -g -Wall -Wextra -fno-tree-loop-distribute-patterns"

TRACE::2025-02-13.13:49:26::SCWMssOS::"Running Make include in ps7_cortexa9_0/libsrc/devcfg_v3_7/src"

TRACE::2025-02-13.13:49:26::SCWMssOS::make -C ps7_cortexa9_0/libsrc/devcfg_v3_7/src -s include  "SHELL=CMD" "COMPILER=arm-none-eabi-gcc" "ASSEMBLER=arm-none-eabi-as"
TRACE::2025-02-13.13:49:26::SCWMssOS:: "ARCHIVER=arm-none-eabi-ar" "COMPILER_FLAGS=  -O2 -c" "EXTRA_COMPILER_FLAGS=-mcpu=cortex-a9 -mfpu=vfpv3 -mfloat-abi=hard -nost
TRACE::2025-02-13.13:49:26::SCWMssOS::artfiles -g -Wall -Wextra -fno-tree-loop-distribute-patterns"

TRACE::2025-02-13.13:49:26::SCWMssOS::"Running Make include in ps7_cortexa9_0/libsrc/emacps_v3_16/src"

TRACE::2025-02-13.13:49:26::SCWMssOS::"Running Make include in ps7_cortexa9_0/libsrc/dmaps_v2_8/src"

TRACE::2025-02-13.13:49:26::SCWMssOS::make -C ps7_cortexa9_0/libsrc/dmaps_v2_8/src -s include  "SHELL=CMD" "COMPILER=arm-none-eabi-gcc" "ASSEMBLER=arm-none-eabi-as" 
TRACE::2025-02-13.13:49:26::SCWMssOS::"ARCHIVER=arm-none-eabi-ar" "COMPILER_FLAGS=  -O2 -c" "EXTRA_COMPILER_FLAGS=-mcpu=cortex-a9 -mfpu=vfpv3 -mfloat-abi=hard -nosta
TRACE::2025-02-13.13:49:26::SCWMssOS::rtfiles -g -Wall -Wextra -fno-tree-loop-distribute-patterns"

TRACE::2025-02-13.13:49:26::SCWMssOS::make -C ps7_cortexa9_0/libsrc/emacps_v3_16/src -s include  "SHELL=CMD" "COMPILER=arm-none-eabi-gcc" "ASSEMBLER=arm-none-eabi-as
TRACE::2025-02-13.13:49:26::SCWMssOS::" "ARCHIVER=arm-none-eabi-ar" "COMPILER_FLAGS=  -O2 -c" "EXTRA_COMPILER_FLAGS=-mcpu=cortex-a9 -mfpu=vfpv3 -mfloat-abi=hard -nos
TRACE::2025-02-13.13:49:26::SCWMssOS::tartfiles -g -Wall -Wextra -fno-tree-loop-distribute-patterns"

TRACE::2025-02-13.13:49:26::SCWMssOS::"Running Make include in ps7_cortexa9_0/libsrc/gpiops_v3_9/src"

TRACE::2025-02-13.13:49:26::SCWMssOS::make -C ps7_cortexa9_0/libsrc/gpiops_v3_9/src -s include  "SHELL=CMD" "COMPILER=arm-none-eabi-gcc" "ASSEMBLER=arm-none-eabi-as"
TRACE::2025-02-13.13:49:26::SCWMssOS:: "ARCHIVER=arm-none-eabi-ar" "COMPILER_FLAGS=  -O2 -c" "EXTRA_COMPILER_FLAGS=-mcpu=cortex-a9 -mfpu=vfpv3 -mfloat-abi=hard -nost
TRACE::2025-02-13.13:49:26::SCWMssOS::artfiles -g -Wall -Wextra -fno-tree-loop-distribute-patterns"

TRACE::2025-02-13.13:49:26::SCWMssOS::"Running Make include in ps7_cortexa9_0/libsrc/iicps_v3_15/src"

TRACE::2025-02-13.13:49:26::SCWMssOS::make -C ps7_cortexa9_0/libsrc/iicps_v3_15/src -s include  "SHELL=CMD" "COMPILER=arm-none-eabi-gcc" "ASSEMBLER=arm-none-eabi-as"
TRACE::2025-02-13.13:49:26::SCWMssOS:: "ARCHIVER=arm-none-eabi-ar" "COMPILER_FLAGS=  -O2 -c" "EXTRA_COMPILER_FLAGS=-mcpu=cortex-a9 -mfpu=vfpv3 -mfloat-abi=hard -nost
TRACE::2025-02-13.13:49:26::SCWMssOS::artfiles -g -Wall -Wextra -fno-tree-loop-distribute-patterns"

TRACE::2025-02-13.13:49:26::SCWMssOS::"Running Make include in ps7_cortexa9_0/libsrc/qspips_v3_9/src"

TRACE::2025-02-13.13:49:26::SCWMssOS::make -C ps7_cortexa9_0/libsrc/qspips_v3_9/src -s include  "SHELL=CMD" "COMPILER=arm-none-eabi-gcc" "ASSEMBLER=arm-none-eabi-as"
TRACE::2025-02-13.13:49:26::SCWMssOS:: "ARCHIVER=arm-none-eabi-ar" "COMPILER_FLAGS=  -O2 -c" "EXTRA_COMPILER_FLAGS=-mcpu=cortex-a9 -mfpu=vfpv3 -mfloat-abi=hard -nost
TRACE::2025-02-13.13:49:26::SCWMssOS::artfiles -g -Wall -Wextra -fno-tree-loop-distribute-patterns"

TRACE::2025-02-13.13:49:26::SCWMssOS::"Running Make include in ps7_cortexa9_0/libsrc/scugic_v4_7/src"

TRACE::2025-02-13.13:49:26::SCWMssOS::make -C ps7_cortexa9_0/libsrc/scugic_v4_7/src -s include  "SHELL=CMD" "COMPILER=arm-none-eabi-gcc" "ASSEMBLER=arm-none-eabi-as"
TRACE::2025-02-13.13:49:26::SCWMssOS:: "ARCHIVER=arm-none-eabi-ar" "COMPILER_FLAGS=  -O2 -c" "EXTRA_COMPILER_FLAGS=-mcpu=cortex-a9 -mfpu=vfpv3 -mfloat-abi=hard -nost
TRACE::2025-02-13.13:49:26::SCWMssOS::artfiles -g -Wall -Wextra -fno-tree-loop-distribute-patterns"

TRACE::2025-02-13.13:49:26::SCWMssOS::"Running Make include in ps7_cortexa9_0/libsrc/scutimer_v2_4/src"

TRACE::2025-02-13.13:49:26::SCWMssOS::make -C ps7_cortexa9_0/libsrc/scutimer_v2_4/src -s include  "SHELL=CMD" "COMPILER=arm-none-eabi-gcc" "ASSEMBLER=arm-none-eabi-a
TRACE::2025-02-13.13:49:26::SCWMssOS::s" "ARCHIVER=arm-none-eabi-ar" "COMPILER_FLAGS=  -O2 -c" "EXTRA_COMPILER_FLAGS=-mcpu=cortex-a9 -mfpu=vfpv3 -mfloat-abi=hard -no
TRACE::2025-02-13.13:49:26::SCWMssOS::startfiles -g -Wall -Wextra -fno-tree-loop-distribute-patterns"

TRACE::2025-02-13.13:49:26::SCWMssOS::"Running Make include in ps7_cortexa9_0/libsrc/scuwdt_v2_4/src"

TRACE::2025-02-13.13:49:26::SCWMssOS::make -C ps7_cortexa9_0/libsrc/scuwdt_v2_4/src -s include  "SHELL=CMD" "COMPILER=arm-none-eabi-gcc" "ASSEMBLER=arm-none-eabi-as"
TRACE::2025-02-13.13:49:26::SCWMssOS:: "ARCHIVER=arm-none-eabi-ar" "COMPILER_FLAGS=  -O2 -c" "EXTRA_COMPILER_FLAGS=-mcpu=cortex-a9 -mfpu=vfpv3 -mfloat-abi=hard -nost
TRACE::2025-02-13.13:49:26::SCWMssOS::artfiles -g -Wall -Wextra -fno-tree-loop-distribute-patterns"

TRACE::2025-02-13.13:49:26::SCWMssOS::"Running Make include in ps7_cortexa9_0/libsrc/sdps_v3_14/src"

TRACE::2025-02-13.13:49:26::SCWMssOS::make -C ps7_cortexa9_0/libsrc/sdps_v3_14/src -s include  "SHELL=CMD" "COMPILER=arm-none-eabi-gcc" "ASSEMBLER=arm-none-eabi-as" 
TRACE::2025-02-13.13:49:26::SCWMssOS::"ARCHIVER=arm-none-eabi-ar" "COMPILER_FLAGS=  -O2 -c" "EXTRA_COMPILER_FLAGS=-mcpu=cortex-a9 -mfpu=vfpv3 -mfloat-abi=hard -nosta
TRACE::2025-02-13.13:49:26::SCWMssOS::rtfiles -g -Wall -Wextra -fno-tree-loop-distribute-patterns"

TRACE::2025-02-13.13:49:26::SCWMssOS::"Running Make include in ps7_cortexa9_0/libsrc/standalone_v7_7/src"

TRACE::2025-02-13.13:49:26::SCWMssOS::make -C ps7_cortexa9_0/libsrc/standalone_v7_7/src -s include  "SHELL=CMD" "COMPILER=arm-none-eabi-gcc" "ASSEMBLER=arm-none-eabi
TRACE::2025-02-13.13:49:26::SCWMssOS::-as" "ARCHIVER=arm-none-eabi-ar" "COMPILER_FLAGS=  -O2 -c" "EXTRA_COMPILER_FLAGS=-mcpu=cortex-a9 -mfpu=vfpv3 -mfloat-abi=hard -
TRACE::2025-02-13.13:49:26::SCWMssOS::nostartfiles -g -Wall -Wextra -fno-tree-loop-distribute-patterns"

TRACE::2025-02-13.13:49:26::SCWMssOS::"Running Make include in ps7_cortexa9_0/libsrc/uartps_v3_11/src"

TRACE::2025-02-13.13:49:26::SCWMssOS::make -C ps7_cortexa9_0/libsrc/uartps_v3_11/src -s include  "SHELL=CMD" "COMPILER=arm-none-eabi-gcc" "ASSEMBLER=arm-none-eabi-as
TRACE::2025-02-13.13:49:26::SCWMssOS::" "ARCHIVER=arm-none-eabi-ar" "COMPILER_FLAGS=  -O2 -c" "EXTRA_COMPILER_FLAGS=-mcpu=cortex-a9 -mfpu=vfpv3 -mfloat-abi=hard -nos
TRACE::2025-02-13.13:49:26::SCWMssOS::tartfiles -g -Wall -Wextra -fno-tree-loop-distribute-patterns"

TRACE::2025-02-13.13:49:26::SCWMssOS::"Running Make include in ps7_cortexa9_0/libsrc/usbps_v2_7/src"

TRACE::2025-02-13.13:49:26::SCWMssOS::make -C ps7_cortexa9_0/libsrc/usbps_v2_7/src -s include  "SHELL=CMD" "COMPILER=arm-none-eabi-gcc" "ASSEMBLER=arm-none-eabi-as" 
TRACE::2025-02-13.13:49:26::SCWMssOS::"ARCHIVER=arm-none-eabi-ar" "COMPILER_FLAGS=  -O2 -c" "EXTRA_COMPILER_FLAGS=-mcpu=cortex-a9 -mfpu=vfpv3 -mfloat-abi=hard -nosta
TRACE::2025-02-13.13:49:26::SCWMssOS::rtfiles -g -Wall -Wextra -fno-tree-loop-distribute-patterns"

TRACE::2025-02-13.13:49:26::SCWMssOS::"Running Make include in ps7_cortexa9_0/libsrc/xadcps_v2_6/src"

TRACE::2025-02-13.13:49:26::SCWMssOS::make -C ps7_cortexa9_0/libsrc/xadcps_v2_6/src -s include  "SHELL=CMD" "COMPILER=arm-none-eabi-gcc" "ASSEMBLER=arm-none-eabi-as"
TRACE::2025-02-13.13:49:26::SCWMssOS:: "ARCHIVER=arm-none-eabi-ar" "COMPILER_FLAGS=  -O2 -c" "EXTRA_COMPILER_FLAGS=-mcpu=cortex-a9 -mfpu=vfpv3 -mfloat-abi=hard -nost
TRACE::2025-02-13.13:49:26::SCWMssOS::artfiles -g -Wall -Wextra -fno-tree-loop-distribute-patterns"

TRACE::2025-02-13.13:49:26::SCWMssOS::"Running Make include in ps7_cortexa9_0/libsrc/xilffs_v4_7/src"

TRACE::2025-02-13.13:49:26::SCWMssOS::make -C ps7_cortexa9_0/libsrc/xilffs_v4_7/src -s include  "SHELL=CMD" "COMPILER=arm-none-eabi-gcc" "ASSEMBLER=arm-none-eabi-as"
TRACE::2025-02-13.13:49:26::SCWMssOS:: "ARCHIVER=arm-none-eabi-ar" "COMPILER_FLAGS=  -O2 -c" "EXTRA_COMPILER_FLAGS=-mcpu=cortex-a9 -mfpu=vfpv3 -mfloat-abi=hard -nost
TRACE::2025-02-13.13:49:26::SCWMssOS::artfiles -g -Wall -Wextra -fno-tree-loop-distribute-patterns"

TRACE::2025-02-13.13:49:26::SCWMssOS::"Running Make libs in ps7_cortexa9_0/libsrc/axidma_v9_14/src"

TRACE::2025-02-13.13:49:26::SCWMssOS::make -C ps7_cortexa9_0/libsrc/axidma_v9_14/src -s libs  "SHELL=CMD" "COMPILER=arm-none-eabi-gcc" "ASSEMBLER=arm-none-eabi-as" "
TRACE::2025-02-13.13:49:26::SCWMssOS::ARCHIVER=arm-none-eabi-ar" "COMPILER_FLAGS=  -O2 -c" "EXTRA_COMPILER_FLAGS=-mcpu=cortex-a9 -mfpu=vfpv3 -mfloat-abi=hard -nostar
TRACE::2025-02-13.13:49:26::SCWMssOS::tfiles -g -Wall -Wextra -fno-tree-loop-distribute-patterns"

TRACE::2025-02-13.13:49:27::SCWMssOS::"Running Make libs in ps7_cortexa9_0/libsrc/axivdma_v6_11/src"

TRACE::2025-02-13.13:49:27::SCWMssOS::make -C ps7_cortexa9_0/libsrc/axivdma_v6_11/src -s libs  "SHELL=CMD" "COMPILER=arm-none-eabi-gcc" "ASSEMBLER=arm-none-eabi-as" 
TRACE::2025-02-13.13:49:27::SCWMssOS::"ARCHIVER=arm-none-eabi-ar" "COMPILER_FLAGS=  -O2 -c" "EXTRA_COMPILER_FLAGS=-mcpu=cortex-a9 -mfpu=vfpv3 -mfloat-abi=hard -nosta
TRACE::2025-02-13.13:49:27::SCWMssOS::rtfiles -g -Wall -Wextra -fno-tree-loop-distribute-patterns"

TRACE::2025-02-13.13:49:28::SCWMssOS::"Running Make libs in ps7_cortexa9_0/libsrc/coresightps_dcc_v1_8/src"

TRACE::2025-02-13.13:49:28::SCWMssOS::make -C ps7_cortexa9_0/libsrc/coresightps_dcc_v1_8/src -s libs  "SHELL=CMD" "COMPILER=arm-none-eabi-gcc" "ASSEMBLER=arm-none-ea
TRACE::2025-02-13.13:49:28::SCWMssOS::bi-as" "ARCHIVER=arm-none-eabi-ar" "COMPILER_FLAGS=  -O2 -c" "EXTRA_COMPILER_FLAGS=-mcpu=cortex-a9 -mfpu=vfpv3 -mfloat-abi=hard
TRACE::2025-02-13.13:49:28::SCWMssOS:: -nostartfiles -g -Wall -Wextra -fno-tree-loop-distribute-patterns"

TRACE::2025-02-13.13:49:28::SCWMssOS::"Running Make libs in ps7_cortexa9_0/libsrc/cpu_cortexa9_v2_11/src"

TRACE::2025-02-13.13:49:28::SCWMssOS::make -C ps7_cortexa9_0/libsrc/cpu_cortexa9_v2_11/src -s libs  "SHELL=CMD" "COMPILER=arm-none-eabi-gcc" "ASSEMBLER=arm-none-eabi
TRACE::2025-02-13.13:49:28::SCWMssOS::-as" "ARCHIVER=arm-none-eabi-ar" "COMPILER_FLAGS=  -O2 -c" "EXTRA_COMPILER_FLAGS=-mcpu=cortex-a9 -mfpu=vfpv3 -mfloat-abi=hard -
TRACE::2025-02-13.13:49:28::SCWMssOS::nostartfiles -g -Wall -Wextra -fno-tree-loop-distribute-patterns"

TRACE::2025-02-13.13:49:28::SCWMssOS::"Running Make libs in ps7_cortexa9_0/libsrc/ddrps_v1_2/src"

TRACE::2025-02-13.13:49:28::SCWMssOS::make -C ps7_cortexa9_0/libsrc/ddrps_v1_2/src -s libs  "SHELL=CMD" "COMPILER=arm-none-eabi-gcc" "ASSEMBLER=arm-none-eabi-as" "AR
TRACE::2025-02-13.13:49:28::SCWMssOS::CHIVER=arm-none-eabi-ar" "COMPILER_FLAGS=  -O2 -c" "EXTRA_COMPILER_FLAGS=-mcpu=cortex-a9 -mfpu=vfpv3 -mfloat-abi=hard -nostartf
TRACE::2025-02-13.13:49:28::SCWMssOS::iles -g -Wall -Wextra -fno-tree-loop-distribute-patterns"

TRACE::2025-02-13.13:49:28::SCWMssOS::"Running Make libs in ps7_cortexa9_0/libsrc/devcfg_v3_7/src"

TRACE::2025-02-13.13:49:28::SCWMssOS::make -C ps7_cortexa9_0/libsrc/devcfg_v3_7/src -s libs  "SHELL=CMD" "COMPILER=arm-none-eabi-gcc" "ASSEMBLER=arm-none-eabi-as" "A
TRACE::2025-02-13.13:49:28::SCWMssOS::RCHIVER=arm-none-eabi-ar" "COMPILER_FLAGS=  -O2 -c" "EXTRA_COMPILER_FLAGS=-mcpu=cortex-a9 -mfpu=vfpv3 -mfloat-abi=hard -nostart
TRACE::2025-02-13.13:49:28::SCWMssOS::files -g -Wall -Wextra -fno-tree-loop-distribute-patterns"

TRACE::2025-02-13.13:49:28::SCWMssOS::"Running Make libs in ps7_cortexa9_0/libsrc/dmaps_v2_8/src"

TRACE::2025-02-13.13:49:28::SCWMssOS::make -C ps7_cortexa9_0/libsrc/dmaps_v2_8/src -s libs  "SHELL=CMD" "COMPILER=arm-none-eabi-gcc" "ASSEMBLER=arm-none-eabi-as" "AR
TRACE::2025-02-13.13:49:28::SCWMssOS::CHIVER=arm-none-eabi-ar" "COMPILER_FLAGS=  -O2 -c" "EXTRA_COMPILER_FLAGS=-mcpu=cortex-a9 -mfpu=vfpv3 -mfloat-abi=hard -nostartf
TRACE::2025-02-13.13:49:28::SCWMssOS::iles -g -Wall -Wextra -fno-tree-loop-distribute-patterns"

TRACE::2025-02-13.13:49:29::SCWMssOS::"Running Make libs in ps7_cortexa9_0/libsrc/emacps_v3_16/src"

TRACE::2025-02-13.13:49:29::SCWMssOS::make -C ps7_cortexa9_0/libsrc/emacps_v3_16/src -s libs  "SHELL=CMD" "COMPILER=arm-none-eabi-gcc" "ASSEMBLER=arm-none-eabi-as" "
TRACE::2025-02-13.13:49:29::SCWMssOS::ARCHIVER=arm-none-eabi-ar" "COMPILER_FLAGS=  -O2 -c" "EXTRA_COMPILER_FLAGS=-mcpu=cortex-a9 -mfpu=vfpv3 -mfloat-abi=hard -nostar
TRACE::2025-02-13.13:49:29::SCWMssOS::tfiles -g -Wall -Wextra -fno-tree-loop-distribute-patterns"

TRACE::2025-02-13.13:49:29::SCWMssOS::"Running Make libs in ps7_cortexa9_0/libsrc/gpiops_v3_9/src"

TRACE::2025-02-13.13:49:29::SCWMssOS::make -C ps7_cortexa9_0/libsrc/gpiops_v3_9/src -s libs  "SHELL=CMD" "COMPILER=arm-none-eabi-gcc" "ASSEMBLER=arm-none-eabi-as" "A
TRACE::2025-02-13.13:49:29::SCWMssOS::RCHIVER=arm-none-eabi-ar" "COMPILER_FLAGS=  -O2 -c" "EXTRA_COMPILER_FLAGS=-mcpu=cortex-a9 -mfpu=vfpv3 -mfloat-abi=hard -nostart
TRACE::2025-02-13.13:49:29::SCWMssOS::files -g -Wall -Wextra -fno-tree-loop-distribute-patterns"

TRACE::2025-02-13.13:49:30::SCWMssOS::"Running Make libs in ps7_cortexa9_0/libsrc/iicps_v3_15/src"

TRACE::2025-02-13.13:49:30::SCWMssOS::make -C ps7_cortexa9_0/libsrc/iicps_v3_15/src -s libs  "SHELL=CMD" "COMPILER=arm-none-eabi-gcc" "ASSEMBLER=arm-none-eabi-as" "A
TRACE::2025-02-13.13:49:30::SCWMssOS::RCHIVER=arm-none-eabi-ar" "COMPILER_FLAGS=  -O2 -c" "EXTRA_COMPILER_FLAGS=-mcpu=cortex-a9 -mfpu=vfpv3 -mfloat-abi=hard -nostart
TRACE::2025-02-13.13:49:30::SCWMssOS::files -g -Wall -Wextra -fno-tree-loop-distribute-patterns"

TRACE::2025-02-13.13:49:30::SCWMssOS::"Running Make libs in ps7_cortexa9_0/libsrc/qspips_v3_9/src"

TRACE::2025-02-13.13:49:30::SCWMssOS::make -C ps7_cortexa9_0/libsrc/qspips_v3_9/src -s libs  "SHELL=CMD" "COMPILER=arm-none-eabi-gcc" "ASSEMBLER=arm-none-eabi-as" "A
TRACE::2025-02-13.13:49:30::SCWMssOS::RCHIVER=arm-none-eabi-ar" "COMPILER_FLAGS=  -O2 -c" "EXTRA_COMPILER_FLAGS=-mcpu=cortex-a9 -mfpu=vfpv3 -mfloat-abi=hard -nostart
TRACE::2025-02-13.13:49:30::SCWMssOS::files -g -Wall -Wextra -fno-tree-loop-distribute-patterns"

TRACE::2025-02-13.13:49:31::SCWMssOS::"Running Make libs in ps7_cortexa9_0/libsrc/scugic_v4_7/src"

TRACE::2025-02-13.13:49:31::SCWMssOS::make -C ps7_cortexa9_0/libsrc/scugic_v4_7/src -s libs  "SHELL=CMD" "COMPILER=arm-none-eabi-gcc" "ASSEMBLER=arm-none-eabi-as" "A
TRACE::2025-02-13.13:49:31::SCWMssOS::RCHIVER=arm-none-eabi-ar" "COMPILER_FLAGS=  -O2 -c" "EXTRA_COMPILER_FLAGS=-mcpu=cortex-a9 -mfpu=vfpv3 -mfloat-abi=hard -nostart
TRACE::2025-02-13.13:49:31::SCWMssOS::files -g -Wall -Wextra -fno-tree-loop-distribute-patterns"

TRACE::2025-02-13.13:49:32::SCWMssOS::"Running Make libs in ps7_cortexa9_0/libsrc/scutimer_v2_4/src"

TRACE::2025-02-13.13:49:32::SCWMssOS::make -C ps7_cortexa9_0/libsrc/scutimer_v2_4/src -s libs  "SHELL=CMD" "COMPILER=arm-none-eabi-gcc" "ASSEMBLER=arm-none-eabi-as" 
TRACE::2025-02-13.13:49:32::SCWMssOS::"ARCHIVER=arm-none-eabi-ar" "COMPILER_FLAGS=  -O2 -c" "EXTRA_COMPILER_FLAGS=-mcpu=cortex-a9 -mfpu=vfpv3 -mfloat-abi=hard -nosta
TRACE::2025-02-13.13:49:32::SCWMssOS::rtfiles -g -Wall -Wextra -fno-tree-loop-distribute-patterns"

TRACE::2025-02-13.13:49:32::SCWMssOS::"Running Make libs in ps7_cortexa9_0/libsrc/scuwdt_v2_4/src"

TRACE::2025-02-13.13:49:32::SCWMssOS::make -C ps7_cortexa9_0/libsrc/scuwdt_v2_4/src -s libs  "SHELL=CMD" "COMPILER=arm-none-eabi-gcc" "ASSEMBLER=arm-none-eabi-as" "A
TRACE::2025-02-13.13:49:32::SCWMssOS::RCHIVER=arm-none-eabi-ar" "COMPILER_FLAGS=  -O2 -c" "EXTRA_COMPILER_FLAGS=-mcpu=cortex-a9 -mfpu=vfpv3 -mfloat-abi=hard -nostart
TRACE::2025-02-13.13:49:32::SCWMssOS::files -g -Wall -Wextra -fno-tree-loop-distribute-patterns"

TRACE::2025-02-13.13:49:32::SCWMssOS::"Running Make libs in ps7_cortexa9_0/libsrc/sdps_v3_14/src"

TRACE::2025-02-13.13:49:32::SCWMssOS::make -C ps7_cortexa9_0/libsrc/sdps_v3_14/src -s libs  "SHELL=CMD" "COMPILER=arm-none-eabi-gcc" "ASSEMBLER=arm-none-eabi-as" "AR
TRACE::2025-02-13.13:49:32::SCWMssOS::CHIVER=arm-none-eabi-ar" "COMPILER_FLAGS=  -O2 -c" "EXTRA_COMPILER_FLAGS=-mcpu=cortex-a9 -mfpu=vfpv3 -mfloat-abi=hard -nostartf
TRACE::2025-02-13.13:49:32::SCWMssOS::iles -g -Wall -Wextra -fno-tree-loop-distribute-patterns"

TRACE::2025-02-13.13:49:33::SCWMssOS::"Running Make libs in ps7_cortexa9_0/libsrc/standalone_v7_7/src"

TRACE::2025-02-13.13:49:33::SCWMssOS::make -C ps7_cortexa9_0/libsrc/standalone_v7_7/src -s libs  "SHELL=CMD" "COMPILER=arm-none-eabi-gcc" "ASSEMBLER=arm-none-eabi-as
TRACE::2025-02-13.13:49:33::SCWMssOS::" "ARCHIVER=arm-none-eabi-ar" "COMPILER_FLAGS=  -O2 -c" "EXTRA_COMPILER_FLAGS=-mcpu=cortex-a9 -mfpu=vfpv3 -mfloat-abi=hard -nos
TRACE::2025-02-13.13:49:33::SCWMssOS::tartfiles -g -Wall -Wextra -fno-tree-loop-distribute-patterns"

TRACE::2025-02-13.13:49:34::SCWMssOS::"Running Make libs in ps7_cortexa9_0/libsrc/uartps_v3_11/src"

TRACE::2025-02-13.13:49:34::SCWMssOS::make -C ps7_cortexa9_0/libsrc/uartps_v3_11/src -s libs  "SHELL=CMD" "COMPILER=arm-none-eabi-gcc" "ASSEMBLER=arm-none-eabi-as" "
TRACE::2025-02-13.13:49:34::SCWMssOS::ARCHIVER=arm-none-eabi-ar" "COMPILER_FLAGS=  -O2 -c" "EXTRA_COMPILER_FLAGS=-mcpu=cortex-a9 -mfpu=vfpv3 -mfloat-abi=hard -nostar
TRACE::2025-02-13.13:49:34::SCWMssOS::tfiles -g -Wall -Wextra -fno-tree-loop-distribute-patterns"

TRACE::2025-02-13.13:49:35::SCWMssOS::"Running Make libs in ps7_cortexa9_0/libsrc/usbps_v2_7/src"

TRACE::2025-02-13.13:49:35::SCWMssOS::make -C ps7_cortexa9_0/libsrc/usbps_v2_7/src -s libs  "SHELL=CMD" "COMPILER=arm-none-eabi-gcc" "ASSEMBLER=arm-none-eabi-as" "AR
TRACE::2025-02-13.13:49:35::SCWMssOS::CHIVER=arm-none-eabi-ar" "COMPILER_FLAGS=  -O2 -c" "EXTRA_COMPILER_FLAGS=-mcpu=cortex-a9 -mfpu=vfpv3 -mfloat-abi=hard -nostartf
TRACE::2025-02-13.13:49:35::SCWMssOS::iles -g -Wall -Wextra -fno-tree-loop-distribute-patterns"

TRACE::2025-02-13.13:49:36::SCWMssOS::"Running Make libs in ps7_cortexa9_0/libsrc/xadcps_v2_6/src"

TRACE::2025-02-13.13:49:36::SCWMssOS::make -C ps7_cortexa9_0/libsrc/xadcps_v2_6/src -s libs  "SHELL=CMD" "COMPILER=arm-none-eabi-gcc" "ASSEMBLER=arm-none-eabi-as" "A
TRACE::2025-02-13.13:49:36::SCWMssOS::RCHIVER=arm-none-eabi-ar" "COMPILER_FLAGS=  -O2 -c" "EXTRA_COMPILER_FLAGS=-mcpu=cortex-a9 -mfpu=vfpv3 -mfloat-abi=hard -nostart
TRACE::2025-02-13.13:49:36::SCWMssOS::files -g -Wall -Wextra -fno-tree-loop-distribute-patterns"

TRACE::2025-02-13.13:49:37::SCWMssOS::"Running Make libs in ps7_cortexa9_0/libsrc/xilffs_v4_7/src"

TRACE::2025-02-13.13:49:37::SCWMssOS::make -C ps7_cortexa9_0/libsrc/xilffs_v4_7/src -s libs  "SHELL=CMD" "COMPILER=arm-none-eabi-gcc" "ASSEMBLER=arm-none-eabi-as" "A
TRACE::2025-02-13.13:49:37::SCWMssOS::RCHIVER=arm-none-eabi-ar" "COMPILER_FLAGS=  -O2 -c" "EXTRA_COMPILER_FLAGS=-mcpu=cortex-a9 -mfpu=vfpv3 -mfloat-abi=hard -nostart
TRACE::2025-02-13.13:49:37::SCWMssOS::files -g -Wall -Wextra -fno-tree-loop-distribute-patterns"

TRACE::2025-02-13.13:49:39::SCWMssOS::'Finished building libraries parallelly.'

TRACE::2025-02-13.13:49:39::SCWMssOS::make --no-print-directory archive

TRACE::2025-02-13.13:49:39::SCWMssOS::arm-none-eabi-ar -r  ps7_cortexa9_0/lib/libxil.a ps7_cortexa9_0/lib/xadcps_selftest.o ps7_cortexa9_0/lib/xplatform_info.o ps7_c
TRACE::2025-02-13.13:49:39::SCWMssOS::ortexa9_0/lib/time.o ps7_cortexa9_0/lib/_exit.o ps7_cortexa9_0/lib/xusbps_sinit.o ps7_cortexa9_0/lib/xdevcfg_hw.o ps7_cortexa9_
TRACE::2025-02-13.13:49:39::SCWMssOS::0/lib/xil_sleeptimer.o ps7_cortexa9_0/lib/xqspips_options.o ps7_cortexa9_0/lib/xdmaps_g.o ps7_cortexa9_0/lib/xscutimer_g.o ps7_
TRACE::2025-02-13.13:49:39::SCWMssOS::cortexa9_0/lib/xsdps_options.o ps7_cortexa9_0/lib/xil_misc_psreset_api.o ps7_cortexa9_0/lib/xdmaps_sinit.o ps7_cortexa9_0/lib/x
TRACE::2025-02-13.13:49:39::SCWMssOS::scutimer_sinit.o ps7_cortexa9_0/lib/xemacps_hw.o ps7_cortexa9_0/lib/inbyte.o ps7_cortexa9_0/lib/xscutimer_selftest.o ps7_cortex
TRACE::2025-02-13.13:49:39::SCWMssOS::a9_0/lib/putnum.o ps7_cortexa9_0/lib/xqspips_hw.o ps7_cortexa9_0/lib/xgpiops_g.o ps7_cortexa9_0/lib/xsdps.o ps7_cortexa9_0/lib/
TRACE::2025-02-13.13:49:39::SCWMssOS::close.o ps7_cortexa9_0/lib/xemacps_g.o ps7_cortexa9_0/lib/xgpiops_sinit.o ps7_cortexa9_0/lib/xgpiops_selftest.o ps7_cortexa9_0/
TRACE::2025-02-13.13:49:39::SCWMssOS::lib/xscuwdt.o ps7_cortexa9_0/lib/xaxivdma_g.o ps7_cortexa9_0/lib/xiicps_intr.o ps7_cortexa9_0/lib/xaxivdma_sinit.o ps7_cortexa9
TRACE::2025-02-13.13:49:39::SCWMssOS::_0/lib/xuartps_sinit.o ps7_cortexa9_0/lib/xaxivdma_selftest.o ps7_cortexa9_0/lib/xiicps_slave.o ps7_cortexa9_0/lib/xil_printf.o
TRACE::2025-02-13.13:49:39::SCWMssOS:: ps7_cortexa9_0/lib/kill.o ps7_cortexa9_0/lib/xadcps.o ps7_cortexa9_0/lib/xiicps_options.o ps7_cortexa9_0/lib/xdmaps.o ps7_cort
TRACE::2025-02-13.13:49:39::SCWMssOS::exa9_0/lib/xuartps_selftest.o ps7_cortexa9_0/lib/xuartps_g.o ps7_cortexa9_0/lib/lseek.o ps7_cortexa9_0/lib/xil_testmem.o ps7_co
TRACE::2025-02-13.13:49:39::SCWMssOS::rtexa9_0/lib/xusbps_hw.o ps7_cortexa9_0/lib/xl2cc_counter.o ps7_cortexa9_0/lib/xiicps_hw.o ps7_cortexa9_0/lib/asm_vectors.o ps7
TRACE::2025-02-13.13:49:39::SCWMssOS::_cortexa9_0/lib/usleep.o ps7_cortexa9_0/lib/abort.o ps7_cortexa9_0/lib/xscugic_intr.o ps7_cortexa9_0/lib/getpid.o ps7_cortexa9_
TRACE::2025-02-13.13:49:39::SCWMssOS::0/lib/xiicps_selftest.o ps7_cortexa9_0/lib/xil_testcache.o ps7_cortexa9_0/lib/xdevcfg_sinit.o ps7_cortexa9_0/lib/xgpiops.o ps7_
TRACE::2025-02-13.13:49:39::SCWMssOS::cortexa9_0/lib/xscutimer.o ps7_cortexa9_0/lib/xil_mem.o ps7_cortexa9_0/lib/xdevcfg_selftest.o ps7_cortexa9_0/lib/xpm_counter.o 
TRACE::2025-02-13.13:49:39::SCWMssOS::ps7_cortexa9_0/lib/xiicps.o ps7_cortexa9_0/lib/_sbrk.o ps7_cortexa9_0/lib/xiicps_master.o ps7_cortexa9_0/lib/xqspips_g.o ps7_co
TRACE::2025-02-13.13:49:39::SCWMssOS::rtexa9_0/lib/xemacps_bdring.o ps7_cortexa9_0/lib/xusbps_endpoint.o ps7_cortexa9_0/lib/xqspips_sinit.o ps7_cortexa9_0/lib/xqspip
TRACE::2025-02-13.13:49:39::SCWMssOS::s_selftest.o ps7_cortexa9_0/lib/xil_exception.o ps7_cortexa9_0/lib/sbrk.o ps7_cortexa9_0/lib/xaxivdma.o ps7_cortexa9_0/lib/xema
TRACE::2025-02-13.13:49:39::SCWMssOS::cps_control.o ps7_cortexa9_0/lib/open.o ps7_cortexa9_0/lib/xil_assert.o ps7_cortexa9_0/lib/xaxivdma_intr.o ps7_cortexa9_0/lib/x
TRACE::2025-02-13.13:49:39::SCWMssOS::usbps_intr.o ps7_cortexa9_0/lib/xsdps_host.o ps7_cortexa9_0/lib/xcoresightpsdcc.o ps7_cortexa9_0/lib/xscugic_hw.o ps7_cortexa9_
TRACE::2025-02-13.13:49:39::SCWMssOS::0/lib/sleep.o ps7_cortexa9_0/lib/xil-crt0.o ps7_cortexa9_0/lib/cpputest_time.o ps7_cortexa9_0/lib/print.o ps7_cortexa9_0/lib/re
TRACE::2025-02-13.13:49:39::SCWMssOS::ad.o ps7_cortexa9_0/lib/xiicps_g.o ps7_cortexa9_0/lib/xdevcfg.o ps7_cortexa9_0/lib/xadcps_intr.o ps7_cortexa9_0/lib/xqspips.o p
TRACE::2025-02-13.13:49:39::SCWMssOS::s7_cortexa9_0/lib/xemacps.o ps7_cortexa9_0/lib/xil_cache.o ps7_cortexa9_0/lib/xil_testio.o ps7_cortexa9_0/lib/_open.o ps7_corte
TRACE::2025-02-13.13:49:39::SCWMssOS::xa9_0/lib/unlink.o ps7_cortexa9_0/lib/xaxidma_g.o ps7_cortexa9_0/lib/xusbps.o ps7_cortexa9_0/lib/xusbps_g.o ps7_cortexa9_0/lib/
TRACE::2025-02-13.13:49:39::SCWMssOS::xdmaps_selftest.o ps7_cortexa9_0/lib/xaxidma_sinit.o ps7_cortexa9_0/lib/xil_spinlock.o ps7_cortexa9_0/lib/translation_table.o p
TRACE::2025-02-13.13:49:39::SCWMssOS::s7_cortexa9_0/lib/xaxidma_selftest.o ps7_cortexa9_0/lib/write.o ps7_cortexa9_0/lib/xil_mmu.o ps7_cortexa9_0/lib/boot.o ps7_cort
TRACE::2025-02-13.13:49:39::SCWMssOS::exa9_0/lib/xaxivdma_channel.o ps7_cortexa9_0/lib/cpu_init.o ps7_cortexa9_0/lib/xaxidma_bd.o ps7_cortexa9_0/lib/xil_sleepcommon.
TRACE::2025-02-13.13:49:39::SCWMssOS::o ps7_cortexa9_0/lib/xgpiops_intr.o ps7_cortexa9_0/lib/xscugic_sinit.o ps7_cortexa9_0/lib/fcntl.o ps7_cortexa9_0/lib/xdevcfg_g.
TRACE::2025-02-13.13:49:39::SCWMssOS::o ps7_cortexa9_0/lib/outbyte.o ps7_cortexa9_0/lib/xinterrupt_wrap.o ps7_cortexa9_0/lib/xuartps_hw.o ps7_cortexa9_0/lib/xtime_l.
TRACE::2025-02-13.13:49:39::SCWMssOS::o ps7_cortexa9_0/lib/xemacps_sinit.o ps7_cortexa9_0/lib/xscugic_selftest.o ps7_cortexa9_0/lib/xil_util.o ps7_cortexa9_0/lib/xua
TRACE::2025-02-13.13:49:39::SCWMssOS::rtps_intr.o ps7_cortexa9_0/lib/xuartps.o ps7_cortexa9_0/lib/xsdps_card.o ps7_cortexa9_0/lib/xdmaps_hw.o ps7_cortexa9_0/lib/xsdp
TRACE::2025-02-13.13:49:39::SCWMssOS::s_sinit.o ps7_cortexa9_0/lib/xscuwdt_sinit.o ps7_cortexa9_0/lib/xgpiops_hw.o ps7_cortexa9_0/lib/xsdps_g.o ps7_cortexa9_0/lib/fs
TRACE::2025-02-13.13:49:39::SCWMssOS::tat.o ps7_cortexa9_0/lib/xaxidma.o ps7_cortexa9_0/lib/errno.o ps7_cortexa9_0/lib/xdevcfg_intr.o ps7_cortexa9_0/lib/xuartps_opti
TRACE::2025-02-13.13:49:39::SCWMssOS::ons.o ps7_cortexa9_0/lib/vectors.o ps7_cortexa9_0/lib/xscuwdt_g.o ps7_cortexa9_0/lib/xil_clocking.o ps7_cortexa9_0/lib/xemacps_
TRACE::2025-02-13.13:49:39::SCWMssOS::intr.o ps7_cortexa9_0/lib/xscuwdt_selftest.o ps7_cortexa9_0/lib/xscugic_g.o ps7_cortexa9_0/lib/isatty.o ps7_cortexa9_0/lib/xscu
TRACE::2025-02-13.13:49:39::SCWMssOS::gic.o ps7_cortexa9_0/lib/xiicps_sinit.o ps7_cortexa9_0/lib/xadcps_g.o ps7_cortexa9_0/lib/xaxidma_bdring.o ps7_cortexa9_0/lib/xa
TRACE::2025-02-13.13:49:39::SCWMssOS::dcps_sinit.o ps7_cortexa9_0/lib/xiicps_xfer.o

TRACE::2025-02-13.13:49:39::SCWMssOS::'Finished building libraries'

TRACE::2025-02-13.13:49:40::SCWMssOS::Copying to export directory.
TRACE::2025-02-13.13:49:40::SCWMssOS:: Checking if to create the Supporting Applications
TRACE::2025-02-13.13:49:40::SCWMssOS:: No Linux domain exists, trying to generate FSBL 
LOG::2025-02-13.13:49:40::SCWSystem::Completed Processing the domain standalone_domain
LOG::2025-02-13.13:49:40::SCWSystem::Completed Processing the sysconfig Assignment2_newest
LOG::2025-02-13.13:49:40::SCWPlatform::Completed generating the artifacts for system configuration Assignment2_newest
TRACE::2025-02-13.13:49:40::SCWPlatform::Started preparing the platform 
TRACE::2025-02-13.13:49:40::SCWSystem::Writing the bif file for system config Assignment2_newest
TRACE::2025-02-13.13:49:40::SCWSystem::dir created 
TRACE::2025-02-13.13:49:40::SCWSystem::Writing the bif 
TRACE::2025-02-13.13:49:40::SCWPlatform::Started writing the spfm file 
TRACE::2025-02-13.13:49:40::SCWPlatform::Started writing the xpfm file 
TRACE::2025-02-13.13:49:40::SCWPlatform::Completed generating the platform
TRACE::2025-02-13.13:49:40::SCWMssOS::Saving the mss changes C:/Users/hmcculla/ECE423/ECE-423-Labs/workspace/Assignment2_newest/zynq_fsbl/zynq_fsbl_bsp/system.mss
TRACE::2025-02-13.13:49:40::SCWMssOS::Found a swdesign opened with the mssfile.
TRACE::2025-02-13.13:49:40::SCWMssOS::Completed writemss as part of save.
TRACE::2025-02-13.13:49:40::SCWMssOS::Commit changes completed.
TRACE::2025-02-13.13:49:40::SCWMssOS::Saving the mss changes C:/Users/hmcculla/ECE423/ECE-423-Labs/workspace/Assignment2_newest/ps7_cortexa9_0/standalone_domain/bsp/system.mss
TRACE::2025-02-13.13:49:40::SCWMssOS::Found a swdesign opened with the mssfile.
TRACE::2025-02-13.13:49:40::SCWMssOS::Completed writemss as part of save.
TRACE::2025-02-13.13:49:40::SCWMssOS::Commit changes completed.
TRACE::2025-02-13.13:49:40::SCWPlatform::Trying to open the hw design at C:/Users/hmcculla/ECE423/ECE-423-Labs/workspace/Assignment2_newest/hw/lab_prefab_wrapper_newest_lab2.xsa
TRACE::2025-02-13.13:49:40::SCWPlatform::DSA given C:/Users/hmcculla/ECE423/ECE-423-Labs/workspace/Assignment2_newest/hw/lab_prefab_wrapper_newest_lab2.xsa
TRACE::2025-02-13.13:49:40::SCWPlatform::DSA absoulate path C:/Users/hmcculla/ECE423/ECE-423-Labs/workspace/Assignment2_newest/hw/lab_prefab_wrapper_newest_lab2.xsa
TRACE::2025-02-13.13:49:40::SCWPlatform::DSA directory C:/Users/hmcculla/ECE423/ECE-423-Labs/workspace/Assignment2_newest/hw
TRACE::2025-02-13.13:49:40::SCWPlatform:: Platform Path C:/Users/hmcculla/ECE423/ECE-423-Labs/workspace/Assignment2_newest/hw/lab_prefab_wrapper_newest_lab2.xsa
TRACE::2025-02-13.13:49:40::SCWPlatform:: Unique name xilinx:pynq-z1::0.0
TRACE::2025-02-13.13:49:40::SCWPlatform::Trying to set the existing hwdb with name lab_prefab_wrapper_0
TRACE::2025-02-13.13:49:40::SCWPlatform::Opened existing hwdb lab_prefab_wrapper_0
TRACE::2025-02-13.13:49:40::SCWPlatform::Found the Hw Db part of the input DSA
TRACE::2025-02-13.13:49:40::SCWMssOS::Checking the sw design at  C:/Users/hmcculla/ECE423/ECE-423-Labs/workspace/Assignment2_newest/zynq_fsbl/zynq_fsbl_bsp/system.mss
TRACE::2025-02-13.13:49:40::SCWMssOS::DEBUG:  swdes dump  C:/Users/hmcculla/ECE423/ECE-423-Labs/workspace/Assignment2_debugging/ps7_cortexa9_0/standalone_domain/bsp/system.mss|system_0||
C:/Users/hmcculla/ECE423/ECE-423-Labs/workspace/Assignment2_debugging/zynq_fsbl/zynq_fsbl_bsp/system.mss|system||
C:/Users/hmcculla/ECE423/ECE-423-Labs/workspace/Assignment2_newest/ps7_cortexa9_0/standalone_domain/bsp/system.mss|system_2||
C:/Users/hmcculla/ECE423/ECE-423-Labs/workspace/Assignment2_newest/zynq_fsbl/zynq_fsbl_bsp/system.mss|system_1||

TRACE::2025-02-13.13:49:40::SCWMssOS::Sw design exists and opened at  C:/Users/hmcculla/ECE423/ECE-423-Labs/workspace/Assignment2_newest/zynq_fsbl/zynq_fsbl_bsp/system.mss
TRACE::2025-02-13.13:49:40::SCWPlatform::Trying to open the hw design at C:/Users/hmcculla/ECE423/ECE-423-Labs/workspace/Assignment2_newest/hw/lab_prefab_wrapper_newest_lab2.xsa
TRACE::2025-02-13.13:49:40::SCWPlatform::DSA given C:/Users/hmcculla/ECE423/ECE-423-Labs/workspace/Assignment2_newest/hw/lab_prefab_wrapper_newest_lab2.xsa
TRACE::2025-02-13.13:49:40::SCWPlatform::DSA absoulate path C:/Users/hmcculla/ECE423/ECE-423-Labs/workspace/Assignment2_newest/hw/lab_prefab_wrapper_newest_lab2.xsa
TRACE::2025-02-13.13:49:40::SCWPlatform::DSA directory C:/Users/hmcculla/ECE423/ECE-423-Labs/workspace/Assignment2_newest/hw
TRACE::2025-02-13.13:49:40::SCWPlatform:: Platform Path C:/Users/hmcculla/ECE423/ECE-423-Labs/workspace/Assignment2_newest/hw/lab_prefab_wrapper_newest_lab2.xsa
TRACE::2025-02-13.13:49:40::SCWPlatform:: Unique name xilinx:pynq-z1::0.0
TRACE::2025-02-13.13:49:40::SCWPlatform::Trying to set the existing hwdb with name lab_prefab_wrapper_0
TRACE::2025-02-13.13:49:40::SCWPlatform::Opened existing hwdb lab_prefab_wrapper_0
TRACE::2025-02-13.13:49:40::SCWPlatform::Found the Hw Db part of the input DSA
TRACE::2025-02-13.13:49:40::SCWMssOS::Checking the sw design at  C:/Users/hmcculla/ECE423/ECE-423-Labs/workspace/Assignment2_newest/ps7_cortexa9_0/standalone_domain/bsp/system.mss
TRACE::2025-02-13.13:49:40::SCWMssOS::DEBUG:  swdes dump  C:/Users/hmcculla/ECE423/ECE-423-Labs/workspace/Assignment2_debugging/ps7_cortexa9_0/standalone_domain/bsp/system.mss|system_0||
C:/Users/hmcculla/ECE423/ECE-423-Labs/workspace/Assignment2_debugging/zynq_fsbl/zynq_fsbl_bsp/system.mss|system||
C:/Users/hmcculla/ECE423/ECE-423-Labs/workspace/Assignment2_newest/ps7_cortexa9_0/standalone_domain/bsp/system.mss|system_2||
C:/Users/hmcculla/ECE423/ECE-423-Labs/workspace/Assignment2_newest/zynq_fsbl/zynq_fsbl_bsp/system.mss|system_1||

TRACE::2025-02-13.13:49:40::SCWMssOS::Sw design exists and opened at  C:/Users/hmcculla/ECE423/ECE-423-Labs/workspace/Assignment2_newest/ps7_cortexa9_0/standalone_domain/bsp/system.mss
TRACE::2025-02-13.13:49:40::SCWWriter::formatted JSON is {
	"platformName":	"Assignment2_newest",
	"sprVersion":	"2.0",
	"mode":	"gui",
	"dsaType":	"Fixed",
	"platformDesc":	"Assignment2_newest",
	"platHandOff":	"C:/Users/j54mao/ECE423/ECE-423-Labs/ece423_prefab/ece423_prefab/lab_prefab/lab_prefab_wrapper_newest_lab2.xsa",
	"platIntHandOff":	"<platformDir>/hw/lab_prefab_wrapper_newest_lab2.xsa",
	"deviceType":	"zynq",
	"platIsPrebuiltAutogen":	"false",
	"platIsNoBootBsp":	"false",
	"hasFsblMakeHasChanges":	"false",
	"hasPmufwMakeHasChanges":	"false",
	"fsblExtraCompilerFlags":	"-MMD -MP       -mcpu=cortex-a9 -mfpu=vfpv3 -mfloat-abi=hard ",
	"platPreBuiltFlag":	false,
	"platformSamplesDir":	"",
	"platActiveSys":	"Assignment2_newest",
	"systems":	[{
			"systemName":	"Assignment2_newest",
			"systemDesc":	"Assignment2_newest",
			"sysIsBootAutoGen":	"true",
			"systemDispName":	"Assignment2_newest",
			"sysActiveDom":	"standalone_domain",
			"sysDefaultDom":	"standalone_domain",
			"domains":	[{
					"domainName":	"zynq_fsbl",
					"domainDispName":	"zynq_fsbl",
					"domainDesc":	"FSBL Application BSP - Auto Generated.",
					"processors":	"ps7_cortexa9_0",
					"os":	"standalone",
					"sdxOs":	"standalone",
					"debugEnable":	"",
					"domRuntimes":	["cpp"],
					"swRepo":	"",
					"mssOsVer":	"7.7",
					"mssFile":	"",
					"md5Digest":	"9e73a1d664e6392758527307bae5c8a3",
					"compatibleApp":	"zynq_fsbl",
					"domType":	"bootDomain",
					"arch":	"32-bit",
					"appSettings":	{
						"appCompilerFlags":	"",
						"appLinkerFlags":	""
					},
					"addedLibs":	["xilffs:4.7", "xilrsa:1.6"],
					"libOptions":	{
						"xilffs":	{
							"enable_multi_partition":	"true",
							"num_logical_vol":	"10",
							"libOptionNames":	["enable_multi_partition", "num_logical_vol"]
						},
						"libsContainingOptions":	["xilffs"]
					},
					"prebuiltLibs":	{
						"prebuiltIncPath":	[],
						"prebuiltLibPath":	[]
					},
					"isolation":	{
					}
				}, {
					"domainName":	"standalone_domain",
					"domainDispName":	"standalone on ps7_cortexa9_0",
					"domainDesc":	"standalone_domain",
					"processors":	"ps7_cortexa9_0",
					"os":	"standalone",
					"sdxOs":	"standalone",
					"qemuArgs":	"<platformDir>/resources/Assignment2_newest/standalone_domain/qemu_args.txt",
					"qemuData":	"<platformDir>/resources/Assignment2_newest/standalone_domain/qemu",
					"debugEnable":	"False",
					"domRuntimes":	["cpp"],
					"swRepo":	"",
					"mssOsVer":	"7.7",
					"mssFile":	"",
					"md5Digest":	"d40aa47b8fe82e3893c3bcfc8271b445",
					"compatibleApp":	"",
					"domType":	"mssDomain",
					"appSettings":	{
						"appCompilerFlags":	"",
						"appLinkerFlags":	""
					},
					"addedLibs":	["xilffs:4.7"],
					"libOptions":	{
						"xilffs":	{
							"enable_multi_partition":	"true",
							"num_logical_vol":	"10",
							"libOptionNames":	["enable_multi_partition", "num_logical_vol"]
						},
						"libsContainingOptions":	["xilffs"]
					},
					"prebuiltLibs":	{
						"prebuiltIncPath":	[],
						"prebuiltLibPath":	[]
					},
					"isolation":	{
					}
				}]
		}]
}
KEYINFO::2025-02-13.13:49:40::SCWPlatform::updated the xpfm file.
TRACE::2025-02-13.13:49:40::SCWPlatform::Trying to open the hw design at C:/Users/hmcculla/ECE423/ECE-423-Labs/workspace/Assignment2_newest/hw/lab_prefab_wrapper_newest_lab2.xsa
TRACE::2025-02-13.13:49:40::SCWPlatform::DSA given C:/Users/hmcculla/ECE423/ECE-423-Labs/workspace/Assignment2_newest/hw/lab_prefab_wrapper_newest_lab2.xsa
TRACE::2025-02-13.13:49:40::SCWPlatform::DSA absoulate path C:/Users/hmcculla/ECE423/ECE-423-Labs/workspace/Assignment2_newest/hw/lab_prefab_wrapper_newest_lab2.xsa
TRACE::2025-02-13.13:49:40::SCWPlatform::DSA directory C:/Users/hmcculla/ECE423/ECE-423-Labs/workspace/Assignment2_newest/hw
TRACE::2025-02-13.13:49:40::SCWPlatform:: Platform Path C:/Users/hmcculla/ECE423/ECE-423-Labs/workspace/Assignment2_newest/hw/lab_prefab_wrapper_newest_lab2.xsa
TRACE::2025-02-13.13:49:40::SCWPlatform:: Unique name xilinx:pynq-z1::0.0
TRACE::2025-02-13.13:49:40::SCWPlatform::Trying to set the existing hwdb with name lab_prefab_wrapper_0
TRACE::2025-02-13.13:49:40::SCWPlatform::Opened existing hwdb lab_prefab_wrapper_0
TRACE::2025-02-13.13:49:40::SCWPlatform::Found the Hw Db part of the input DSA
TRACE::2025-02-13.13:49:40::SCWMssOS::Checking the sw design at  C:/Users/hmcculla/ECE423/ECE-423-Labs/workspace/Assignment2_newest/ps7_cortexa9_0/standalone_domain/bsp/system.mss
TRACE::2025-02-13.13:49:40::SCWMssOS::DEBUG:  swdes dump  C:/Users/hmcculla/ECE423/ECE-423-Labs/workspace/Assignment2_debugging/ps7_cortexa9_0/standalone_domain/bsp/system.mss|system_0||
C:/Users/hmcculla/ECE423/ECE-423-Labs/workspace/Assignment2_debugging/zynq_fsbl/zynq_fsbl_bsp/system.mss|system||
C:/Users/hmcculla/ECE423/ECE-423-Labs/workspace/Assignment2_newest/ps7_cortexa9_0/standalone_domain/bsp/system.mss|system_2||
C:/Users/hmcculla/ECE423/ECE-423-Labs/workspace/Assignment2_newest/zynq_fsbl/zynq_fsbl_bsp/system.mss|system_1||

TRACE::2025-02-13.13:49:40::SCWMssOS::Sw design exists and opened at  C:/Users/hmcculla/ECE423/ECE-423-Labs/workspace/Assignment2_newest/ps7_cortexa9_0/standalone_domain/bsp/system.mss
TRACE::2025-03-24.14:16:01::SCWPlatform::Trying to open the hw design at C:/Users/j54mao/ECE423/ECE-423-Labs/workspace/Assignment2_newest/hw/lab_prefab_wrapper_newest_lab2.xsa
TRACE::2025-03-24.14:16:01::SCWPlatform::DSA given C:/Users/j54mao/ECE423/ECE-423-Labs/workspace/Assignment2_newest/hw/lab_prefab_wrapper_newest_lab2.xsa
TRACE::2025-03-24.14:16:01::SCWPlatform::DSA absoulate path C:/Users/j54mao/ECE423/ECE-423-Labs/workspace/Assignment2_newest/hw/lab_prefab_wrapper_newest_lab2.xsa
TRACE::2025-03-24.14:16:01::SCWPlatform::DSA directory C:/Users/j54mao/ECE423/ECE-423-Labs/workspace/Assignment2_newest/hw
TRACE::2025-03-24.14:16:01::SCWPlatform:: Platform Path C:/Users/j54mao/ECE423/ECE-423-Labs/workspace/Assignment2_newest/hw/lab_prefab_wrapper_newest_lab2.xsa
TRACE::2025-03-24.14:16:01::SCWPlatform:: Unique name xilinx:pynq-z1::0.0
TRACE::2025-03-24.14:16:01::SCWPlatform::Do not have an existing db opened. 
TRACE::2025-03-24.14:16:04::SCWPlatform::Opened new HwDB with name lab_prefab_wrapper_0
TRACE::2025-03-24.14:16:04::SCWReader::Active system found as  Assignment2_newest
TRACE::2025-03-24.14:16:04::SCWReader::Handling sysconfig Assignment2_newest
TRACE::2025-03-24.14:16:04::SCWDomain::checking for install qemu data   : 
TRACE::2025-03-24.14:16:04::SCWDomain:: Using the QEMU Data from install at  : C:/Software/Xilinx/Vitis/2022.1/data/emulation/platforms/zynq/sw/a9_standalone/qemu/
TRACE::2025-03-24.14:16:04::SCWDomain:: Using the QEMU args  from install at  : C:/Software/Xilinx/Vitis/2022.1/data/emulation/platforms/zynq/sw/a9_standalone/qemu/qemu_args.txt
TRACE::2025-03-24.14:16:04::SCWPlatform::Trying to open the hw design at C:/Users/j54mao/ECE423/ECE-423-Labs/workspace/Assignment2_newest/hw/lab_prefab_wrapper_newest_lab2.xsa
TRACE::2025-03-24.14:16:04::SCWPlatform::DSA given C:/Users/j54mao/ECE423/ECE-423-Labs/workspace/Assignment2_newest/hw/lab_prefab_wrapper_newest_lab2.xsa
TRACE::2025-03-24.14:16:04::SCWPlatform::DSA absoulate path C:/Users/j54mao/ECE423/ECE-423-Labs/workspace/Assignment2_newest/hw/lab_prefab_wrapper_newest_lab2.xsa
TRACE::2025-03-24.14:16:04::SCWPlatform::DSA directory C:/Users/j54mao/ECE423/ECE-423-Labs/workspace/Assignment2_newest/hw
TRACE::2025-03-24.14:16:04::SCWPlatform:: Platform Path C:/Users/j54mao/ECE423/ECE-423-Labs/workspace/Assignment2_newest/hw/lab_prefab_wrapper_newest_lab2.xsa
TRACE::2025-03-24.14:16:04::SCWPlatform:: Unique name xilinx:pynq-z1::0.0
TRACE::2025-03-24.14:16:04::SCWPlatform::Trying to set the existing hwdb with name lab_prefab_wrapper_0
TRACE::2025-03-24.14:16:04::SCWPlatform::Opened existing hwdb lab_prefab_wrapper_0
TRACE::2025-03-24.14:16:04::SCWPlatform::Found the Hw Db part of the input DSA
TRACE::2025-03-24.14:16:04::SCWPlatform::Trying to open the hw design at C:/Users/j54mao/ECE423/ECE-423-Labs/workspace/Assignment2_newest/hw/lab_prefab_wrapper_newest_lab2.xsa
TRACE::2025-03-24.14:16:04::SCWPlatform::DSA given C:/Users/j54mao/ECE423/ECE-423-Labs/workspace/Assignment2_newest/hw/lab_prefab_wrapper_newest_lab2.xsa
TRACE::2025-03-24.14:16:04::SCWPlatform::DSA absoulate path C:/Users/j54mao/ECE423/ECE-423-Labs/workspace/Assignment2_newest/hw/lab_prefab_wrapper_newest_lab2.xsa
TRACE::2025-03-24.14:16:04::SCWPlatform::DSA directory C:/Users/j54mao/ECE423/ECE-423-Labs/workspace/Assignment2_newest/hw
TRACE::2025-03-24.14:16:04::SCWPlatform:: Platform Path C:/Users/j54mao/ECE423/ECE-423-Labs/workspace/Assignment2_newest/hw/lab_prefab_wrapper_newest_lab2.xsa
TRACE::2025-03-24.14:16:04::SCWPlatform:: Unique name xilinx:pynq-z1::0.0
TRACE::2025-03-24.14:16:04::SCWPlatform::Trying to set the existing hwdb with name lab_prefab_wrapper_0
TRACE::2025-03-24.14:16:04::SCWPlatform::Opened existing hwdb lab_prefab_wrapper_0
TRACE::2025-03-24.14:16:04::SCWPlatform::Found the Hw Db part of the input DSA
TRACE::2025-03-24.14:16:04::SCWPlatform::Trying to open the hw design at C:/Users/j54mao/ECE423/ECE-423-Labs/workspace/Assignment2_newest/hw/lab_prefab_wrapper_newest_lab2.xsa
TRACE::2025-03-24.14:16:04::SCWPlatform::DSA given C:/Users/j54mao/ECE423/ECE-423-Labs/workspace/Assignment2_newest/hw/lab_prefab_wrapper_newest_lab2.xsa
TRACE::2025-03-24.14:16:04::SCWPlatform::DSA absoulate path C:/Users/j54mao/ECE423/ECE-423-Labs/workspace/Assignment2_newest/hw/lab_prefab_wrapper_newest_lab2.xsa
TRACE::2025-03-24.14:16:04::SCWPlatform::DSA directory C:/Users/j54mao/ECE423/ECE-423-Labs/workspace/Assignment2_newest/hw
TRACE::2025-03-24.14:16:04::SCWPlatform:: Platform Path C:/Users/j54mao/ECE423/ECE-423-Labs/workspace/Assignment2_newest/hw/lab_prefab_wrapper_newest_lab2.xsa
TRACE::2025-03-24.14:16:04::SCWPlatform:: Unique name xilinx:pynq-z1::0.0
TRACE::2025-03-24.14:16:04::SCWPlatform::Trying to set the existing hwdb with name lab_prefab_wrapper_0
TRACE::2025-03-24.14:16:04::SCWPlatform::Opened existing hwdb lab_prefab_wrapper_0
TRACE::2025-03-24.14:16:04::SCWPlatform::Found the Hw Db part of the input DSA
TRACE::2025-03-24.14:16:04::SCWReader::Boot application domain added for zynq_fsbl
TRACE::2025-03-24.14:16:04::SCWPlatform::Trying to open the hw design at C:/Users/j54mao/ECE423/ECE-423-Labs/workspace/Assignment2_newest/hw/lab_prefab_wrapper_newest_lab2.xsa
TRACE::2025-03-24.14:16:04::SCWPlatform::DSA given C:/Users/j54mao/ECE423/ECE-423-Labs/workspace/Assignment2_newest/hw/lab_prefab_wrapper_newest_lab2.xsa
TRACE::2025-03-24.14:16:04::SCWPlatform::DSA absoulate path C:/Users/j54mao/ECE423/ECE-423-Labs/workspace/Assignment2_newest/hw/lab_prefab_wrapper_newest_lab2.xsa
TRACE::2025-03-24.14:16:04::SCWPlatform::DSA directory C:/Users/j54mao/ECE423/ECE-423-Labs/workspace/Assignment2_newest/hw
TRACE::2025-03-24.14:16:04::SCWPlatform:: Platform Path C:/Users/j54mao/ECE423/ECE-423-Labs/workspace/Assignment2_newest/hw/lab_prefab_wrapper_newest_lab2.xsa
TRACE::2025-03-24.14:16:04::SCWPlatform:: Unique name xilinx:pynq-z1::0.0
TRACE::2025-03-24.14:16:04::SCWPlatform::Trying to set the existing hwdb with name lab_prefab_wrapper_0
TRACE::2025-03-24.14:16:04::SCWPlatform::Opened existing hwdb lab_prefab_wrapper_0
TRACE::2025-03-24.14:16:04::SCWPlatform::Found the Hw Db part of the input DSA
TRACE::2025-03-24.14:16:04::SCWMssOS::Checking the sw design at  C:/Users/j54mao/ECE423/ECE-423-Labs/workspace/Assignment2_newest/zynq_fsbl/zynq_fsbl_bsp/system.mss
TRACE::2025-03-24.14:16:04::SCWMssOS::DEBUG:  swdes dump  C:/Users/j54mao/ECE423/ECE-423-Labs/workspace/Assignment2_debugging/ps7_cortexa9_0/standalone_domain/bsp/system.mss|system_0||
C:/Users/j54mao/ECE423/ECE-423-Labs/workspace/Assignment2_debugging/zynq_fsbl/zynq_fsbl_bsp/system.mss|system||

TRACE::2025-03-24.14:16:04::SCWMssOS::No sw design opened at  C:/Users/j54mao/ECE423/ECE-423-Labs/workspace/Assignment2_newest/zynq_fsbl/zynq_fsbl_bsp/system.mss
TRACE::2025-03-24.14:16:04::SCWMssOS::mss exists loading the mss file  C:/Users/j54mao/ECE423/ECE-423-Labs/workspace/Assignment2_newest/zynq_fsbl/zynq_fsbl_bsp/system.mss
TRACE::2025-03-24.14:16:04::SCWMssOS::Opened the sw design from mss  C:/Users/j54mao/ECE423/ECE-423-Labs/workspace/Assignment2_newest/zynq_fsbl/zynq_fsbl_bsp/system.mss
TRACE::2025-03-24.14:16:04::SCWMssOS::Adding the swdes entry C:/Users/j54mao/ECE423/ECE-423-Labs/workspace/Assignment2_newest/zynq_fsbl/zynq_fsbl_bsp/system.mss with des name system_1
TRACE::2025-03-24.14:16:04::SCWMssOS::updating the scw layer about changes
TRACE::2025-03-24.14:16:04::SCWMssOS::Opened the sw design.  C:/Users/j54mao/ECE423/ECE-423-Labs/workspace/Assignment2_newest/zynq_fsbl/zynq_fsbl_bsp/system.mss
TRACE::2025-03-24.14:16:04::SCWPlatform::Trying to open the hw design at C:/Users/j54mao/ECE423/ECE-423-Labs/workspace/Assignment2_newest/hw/lab_prefab_wrapper_newest_lab2.xsa
TRACE::2025-03-24.14:16:04::SCWPlatform::DSA given C:/Users/j54mao/ECE423/ECE-423-Labs/workspace/Assignment2_newest/hw/lab_prefab_wrapper_newest_lab2.xsa
TRACE::2025-03-24.14:16:04::SCWPlatform::DSA absoulate path C:/Users/j54mao/ECE423/ECE-423-Labs/workspace/Assignment2_newest/hw/lab_prefab_wrapper_newest_lab2.xsa
TRACE::2025-03-24.14:16:04::SCWPlatform::DSA directory C:/Users/j54mao/ECE423/ECE-423-Labs/workspace/Assignment2_newest/hw
TRACE::2025-03-24.14:16:04::SCWPlatform:: Platform Path C:/Users/j54mao/ECE423/ECE-423-Labs/workspace/Assignment2_newest/hw/lab_prefab_wrapper_newest_lab2.xsa
TRACE::2025-03-24.14:16:04::SCWPlatform:: Unique name xilinx:pynq-z1::0.0
TRACE::2025-03-24.14:16:04::SCWPlatform::Trying to set the existing hwdb with name lab_prefab_wrapper_0
TRACE::2025-03-24.14:16:04::SCWPlatform::Opened existing hwdb lab_prefab_wrapper_0
TRACE::2025-03-24.14:16:04::SCWPlatform::Found the Hw Db part of the input DSA
TRACE::2025-03-24.14:16:04::SCWMssOS::Checking the sw design at  C:/Users/j54mao/ECE423/ECE-423-Labs/workspace/Assignment2_newest/zynq_fsbl/zynq_fsbl_bsp/system.mss
TRACE::2025-03-24.14:16:04::SCWMssOS::DEBUG:  swdes dump  C:/Users/j54mao/ECE423/ECE-423-Labs/workspace/Assignment2_debugging/ps7_cortexa9_0/standalone_domain/bsp/system.mss|system_0||
C:/Users/j54mao/ECE423/ECE-423-Labs/workspace/Assignment2_debugging/zynq_fsbl/zynq_fsbl_bsp/system.mss|system||
C:/Users/j54mao/ECE423/ECE-423-Labs/workspace/Assignment2_newest/zynq_fsbl/zynq_fsbl_bsp/system.mss|system_1||

TRACE::2025-03-24.14:16:04::SCWMssOS::Sw design exists and opened at  C:/Users/j54mao/ECE423/ECE-423-Labs/workspace/Assignment2_newest/zynq_fsbl/zynq_fsbl_bsp/system.mss
TRACE::2025-03-24.14:16:04::SCWMssOS:: library already available in sw design:  xilffs:4.7
TRACE::2025-03-24.14:16:04::SCWPlatform::Trying to open the hw design at C:/Users/j54mao/ECE423/ECE-423-Labs/workspace/Assignment2_newest/hw/lab_prefab_wrapper_newest_lab2.xsa
TRACE::2025-03-24.14:16:04::SCWPlatform::DSA given C:/Users/j54mao/ECE423/ECE-423-Labs/workspace/Assignment2_newest/hw/lab_prefab_wrapper_newest_lab2.xsa
TRACE::2025-03-24.14:16:04::SCWPlatform::DSA absoulate path C:/Users/j54mao/ECE423/ECE-423-Labs/workspace/Assignment2_newest/hw/lab_prefab_wrapper_newest_lab2.xsa
TRACE::2025-03-24.14:16:04::SCWPlatform::DSA directory C:/Users/j54mao/ECE423/ECE-423-Labs/workspace/Assignment2_newest/hw
TRACE::2025-03-24.14:16:04::SCWPlatform:: Platform Path C:/Users/j54mao/ECE423/ECE-423-Labs/workspace/Assignment2_newest/hw/lab_prefab_wrapper_newest_lab2.xsa
TRACE::2025-03-24.14:16:04::SCWPlatform:: Unique name xilinx:pynq-z1::0.0
TRACE::2025-03-24.14:16:04::SCWPlatform::Trying to set the existing hwdb with name lab_prefab_wrapper_0
TRACE::2025-03-24.14:16:04::SCWPlatform::Opened existing hwdb lab_prefab_wrapper_0
TRACE::2025-03-24.14:16:04::SCWPlatform::Found the Hw Db part of the input DSA
TRACE::2025-03-24.14:16:04::SCWMssOS::Checking the sw design at  C:/Users/j54mao/ECE423/ECE-423-Labs/workspace/Assignment2_newest/zynq_fsbl/zynq_fsbl_bsp/system.mss
TRACE::2025-03-24.14:16:04::SCWMssOS::DEBUG:  swdes dump  C:/Users/j54mao/ECE423/ECE-423-Labs/workspace/Assignment2_debugging/ps7_cortexa9_0/standalone_domain/bsp/system.mss|system_0||
C:/Users/j54mao/ECE423/ECE-423-Labs/workspace/Assignment2_debugging/zynq_fsbl/zynq_fsbl_bsp/system.mss|system||
C:/Users/j54mao/ECE423/ECE-423-Labs/workspace/Assignment2_newest/zynq_fsbl/zynq_fsbl_bsp/system.mss|system_1||

TRACE::2025-03-24.14:16:04::SCWMssOS::Sw design exists and opened at  C:/Users/j54mao/ECE423/ECE-423-Labs/workspace/Assignment2_newest/zynq_fsbl/zynq_fsbl_bsp/system.mss
TRACE::2025-03-24.14:16:04::SCWMssOS:: library already available in sw design:  xilrsa:1.6
TRACE::2025-03-24.14:16:04::SCWPlatform::Trying to open the hw design at C:/Users/j54mao/ECE423/ECE-423-Labs/workspace/Assignment2_newest/hw/lab_prefab_wrapper_newest_lab2.xsa
TRACE::2025-03-24.14:16:04::SCWPlatform::DSA given C:/Users/j54mao/ECE423/ECE-423-Labs/workspace/Assignment2_newest/hw/lab_prefab_wrapper_newest_lab2.xsa
TRACE::2025-03-24.14:16:04::SCWPlatform::DSA absoulate path C:/Users/j54mao/ECE423/ECE-423-Labs/workspace/Assignment2_newest/hw/lab_prefab_wrapper_newest_lab2.xsa
TRACE::2025-03-24.14:16:04::SCWPlatform::DSA directory C:/Users/j54mao/ECE423/ECE-423-Labs/workspace/Assignment2_newest/hw
TRACE::2025-03-24.14:16:04::SCWPlatform:: Platform Path C:/Users/j54mao/ECE423/ECE-423-Labs/workspace/Assignment2_newest/hw/lab_prefab_wrapper_newest_lab2.xsa
TRACE::2025-03-24.14:16:04::SCWPlatform:: Unique name xilinx:pynq-z1::0.0
TRACE::2025-03-24.14:16:04::SCWPlatform::Trying to set the existing hwdb with name lab_prefab_wrapper_0
TRACE::2025-03-24.14:16:04::SCWPlatform::Opened existing hwdb lab_prefab_wrapper_0
TRACE::2025-03-24.14:16:04::SCWPlatform::Found the Hw Db part of the input DSA
TRACE::2025-03-24.14:16:04::SCWMssOS::Checking the sw design at  C:/Users/j54mao/ECE423/ECE-423-Labs/workspace/Assignment2_newest/zynq_fsbl/zynq_fsbl_bsp/system.mss
TRACE::2025-03-24.14:16:04::SCWMssOS::DEBUG:  swdes dump  C:/Users/j54mao/ECE423/ECE-423-Labs/workspace/Assignment2_debugging/ps7_cortexa9_0/standalone_domain/bsp/system.mss|system_0||
C:/Users/j54mao/ECE423/ECE-423-Labs/workspace/Assignment2_debugging/zynq_fsbl/zynq_fsbl_bsp/system.mss|system||
C:/Users/j54mao/ECE423/ECE-423-Labs/workspace/Assignment2_newest/zynq_fsbl/zynq_fsbl_bsp/system.mss|system_1||

TRACE::2025-03-24.14:16:04::SCWMssOS::Sw design exists and opened at  C:/Users/j54mao/ECE423/ECE-423-Labs/workspace/Assignment2_newest/zynq_fsbl/zynq_fsbl_bsp/system.mss
TRACE::2025-03-24.14:16:04::SCWPlatform::Trying to open the hw design at C:/Users/j54mao/ECE423/ECE-423-Labs/workspace/Assignment2_newest/hw/lab_prefab_wrapper_newest_lab2.xsa
TRACE::2025-03-24.14:16:04::SCWPlatform::DSA given C:/Users/j54mao/ECE423/ECE-423-Labs/workspace/Assignment2_newest/hw/lab_prefab_wrapper_newest_lab2.xsa
TRACE::2025-03-24.14:16:04::SCWPlatform::DSA absoulate path C:/Users/j54mao/ECE423/ECE-423-Labs/workspace/Assignment2_newest/hw/lab_prefab_wrapper_newest_lab2.xsa
TRACE::2025-03-24.14:16:04::SCWPlatform::DSA directory C:/Users/j54mao/ECE423/ECE-423-Labs/workspace/Assignment2_newest/hw
TRACE::2025-03-24.14:16:04::SCWPlatform:: Platform Path C:/Users/j54mao/ECE423/ECE-423-Labs/workspace/Assignment2_newest/hw/lab_prefab_wrapper_newest_lab2.xsa
TRACE::2025-03-24.14:16:04::SCWPlatform:: Unique name xilinx:pynq-z1::0.0
TRACE::2025-03-24.14:16:04::SCWPlatform::Trying to set the existing hwdb with name lab_prefab_wrapper_0
TRACE::2025-03-24.14:16:04::SCWPlatform::Opened existing hwdb lab_prefab_wrapper_0
TRACE::2025-03-24.14:16:04::SCWPlatform::Found the Hw Db part of the input DSA
TRACE::2025-03-24.14:16:04::SCWMssOS::Checking the sw design at  C:/Users/j54mao/ECE423/ECE-423-Labs/workspace/Assignment2_newest/zynq_fsbl/zynq_fsbl_bsp/system.mss
TRACE::2025-03-24.14:16:04::SCWMssOS::DEBUG:  swdes dump  C:/Users/j54mao/ECE423/ECE-423-Labs/workspace/Assignment2_debugging/ps7_cortexa9_0/standalone_domain/bsp/system.mss|system_0||
C:/Users/j54mao/ECE423/ECE-423-Labs/workspace/Assignment2_debugging/zynq_fsbl/zynq_fsbl_bsp/system.mss|system||
C:/Users/j54mao/ECE423/ECE-423-Labs/workspace/Assignment2_newest/zynq_fsbl/zynq_fsbl_bsp/system.mss|system_1||

TRACE::2025-03-24.14:16:04::SCWMssOS::Sw design exists and opened at  C:/Users/j54mao/ECE423/ECE-423-Labs/workspace/Assignment2_newest/zynq_fsbl/zynq_fsbl_bsp/system.mss
TRACE::2025-03-24.14:16:04::SCWPlatform::Trying to open the hw design at C:/Users/j54mao/ECE423/ECE-423-Labs/workspace/Assignment2_newest/hw/lab_prefab_wrapper_newest_lab2.xsa
TRACE::2025-03-24.14:16:04::SCWPlatform::DSA given C:/Users/j54mao/ECE423/ECE-423-Labs/workspace/Assignment2_newest/hw/lab_prefab_wrapper_newest_lab2.xsa
TRACE::2025-03-24.14:16:04::SCWPlatform::DSA absoulate path C:/Users/j54mao/ECE423/ECE-423-Labs/workspace/Assignment2_newest/hw/lab_prefab_wrapper_newest_lab2.xsa
TRACE::2025-03-24.14:16:04::SCWPlatform::DSA directory C:/Users/j54mao/ECE423/ECE-423-Labs/workspace/Assignment2_newest/hw
TRACE::2025-03-24.14:16:04::SCWPlatform:: Platform Path C:/Users/j54mao/ECE423/ECE-423-Labs/workspace/Assignment2_newest/hw/lab_prefab_wrapper_newest_lab2.xsa
TRACE::2025-03-24.14:16:04::SCWPlatform:: Unique name xilinx:pynq-z1::0.0
TRACE::2025-03-24.14:16:04::SCWPlatform::Trying to set the existing hwdb with name lab_prefab_wrapper_0
TRACE::2025-03-24.14:16:04::SCWPlatform::Opened existing hwdb lab_prefab_wrapper_0
TRACE::2025-03-24.14:16:04::SCWPlatform::Found the Hw Db part of the input DSA
TRACE::2025-03-24.14:16:04::SCWMssOS::Checking the sw design at  C:/Users/j54mao/ECE423/ECE-423-Labs/workspace/Assignment2_newest/zynq_fsbl/zynq_fsbl_bsp/system.mss
TRACE::2025-03-24.14:16:04::SCWMssOS::DEBUG:  swdes dump  C:/Users/j54mao/ECE423/ECE-423-Labs/workspace/Assignment2_debugging/ps7_cortexa9_0/standalone_domain/bsp/system.mss|system_0||
C:/Users/j54mao/ECE423/ECE-423-Labs/workspace/Assignment2_debugging/zynq_fsbl/zynq_fsbl_bsp/system.mss|system||
C:/Users/j54mao/ECE423/ECE-423-Labs/workspace/Assignment2_newest/zynq_fsbl/zynq_fsbl_bsp/system.mss|system_1||

TRACE::2025-03-24.14:16:04::SCWMssOS::Sw design exists and opened at  C:/Users/j54mao/ECE423/ECE-423-Labs/workspace/Assignment2_newest/zynq_fsbl/zynq_fsbl_bsp/system.mss
TRACE::2025-03-24.14:16:04::SCWPlatform::Trying to open the hw design at C:/Users/j54mao/ECE423/ECE-423-Labs/workspace/Assignment2_newest/hw/lab_prefab_wrapper_newest_lab2.xsa
TRACE::2025-03-24.14:16:04::SCWPlatform::DSA given C:/Users/j54mao/ECE423/ECE-423-Labs/workspace/Assignment2_newest/hw/lab_prefab_wrapper_newest_lab2.xsa
TRACE::2025-03-24.14:16:04::SCWPlatform::DSA absoulate path C:/Users/j54mao/ECE423/ECE-423-Labs/workspace/Assignment2_newest/hw/lab_prefab_wrapper_newest_lab2.xsa
TRACE::2025-03-24.14:16:04::SCWPlatform::DSA directory C:/Users/j54mao/ECE423/ECE-423-Labs/workspace/Assignment2_newest/hw
TRACE::2025-03-24.14:16:04::SCWPlatform:: Platform Path C:/Users/j54mao/ECE423/ECE-423-Labs/workspace/Assignment2_newest/hw/lab_prefab_wrapper_newest_lab2.xsa
TRACE::2025-03-24.14:16:04::SCWPlatform:: Unique name xilinx:pynq-z1::0.0
TRACE::2025-03-24.14:16:04::SCWPlatform::Trying to set the existing hwdb with name lab_prefab_wrapper_0
TRACE::2025-03-24.14:16:04::SCWPlatform::Opened existing hwdb lab_prefab_wrapper_0
TRACE::2025-03-24.14:16:04::SCWPlatform::Found the Hw Db part of the input DSA
TRACE::2025-03-24.14:16:04::SCWMssOS::Checking the sw design at  C:/Users/j54mao/ECE423/ECE-423-Labs/workspace/Assignment2_newest/zynq_fsbl/zynq_fsbl_bsp/system.mss
TRACE::2025-03-24.14:16:04::SCWMssOS::DEBUG:  swdes dump  C:/Users/j54mao/ECE423/ECE-423-Labs/workspace/Assignment2_debugging/ps7_cortexa9_0/standalone_domain/bsp/system.mss|system_0||
C:/Users/j54mao/ECE423/ECE-423-Labs/workspace/Assignment2_debugging/zynq_fsbl/zynq_fsbl_bsp/system.mss|system||
C:/Users/j54mao/ECE423/ECE-423-Labs/workspace/Assignment2_newest/zynq_fsbl/zynq_fsbl_bsp/system.mss|system_1||

TRACE::2025-03-24.14:16:04::SCWMssOS::Sw design exists and opened at  C:/Users/j54mao/ECE423/ECE-423-Labs/workspace/Assignment2_newest/zynq_fsbl/zynq_fsbl_bsp/system.mss
TRACE::2025-03-24.14:16:04::SCWMssOS::Saving the mss changes C:/Users/j54mao/ECE423/ECE-423-Labs/workspace/Assignment2_newest/zynq_fsbl/zynq_fsbl_bsp/system.mss
TRACE::2025-03-24.14:16:04::SCWMssOS::Found a swdesign opened with the mssfile.
TRACE::2025-03-24.14:16:04::SCWMssOS::Completed writemss as part of save.
TRACE::2025-03-24.14:16:04::SCWMssOS::Commit changes completed.
TRACE::2025-03-24.14:16:04::SCWReader::Adding prebuilt librarypaths as   
TRACE::2025-03-24.14:16:04::SCWReader::Adding prebuilt incpaths  as   
TRACE::2025-03-24.14:16:04::SCWPlatform::Trying to open the hw design at C:/Users/j54mao/ECE423/ECE-423-Labs/workspace/Assignment2_newest/hw/lab_prefab_wrapper_newest_lab2.xsa
TRACE::2025-03-24.14:16:04::SCWPlatform::DSA given C:/Users/j54mao/ECE423/ECE-423-Labs/workspace/Assignment2_newest/hw/lab_prefab_wrapper_newest_lab2.xsa
TRACE::2025-03-24.14:16:04::SCWPlatform::DSA absoulate path C:/Users/j54mao/ECE423/ECE-423-Labs/workspace/Assignment2_newest/hw/lab_prefab_wrapper_newest_lab2.xsa
TRACE::2025-03-24.14:16:04::SCWPlatform::DSA directory C:/Users/j54mao/ECE423/ECE-423-Labs/workspace/Assignment2_newest/hw
TRACE::2025-03-24.14:16:04::SCWPlatform:: Platform Path C:/Users/j54mao/ECE423/ECE-423-Labs/workspace/Assignment2_newest/hw/lab_prefab_wrapper_newest_lab2.xsa
TRACE::2025-03-24.14:16:04::SCWPlatform:: Unique name xilinx:pynq-z1::0.0
TRACE::2025-03-24.14:16:04::SCWPlatform::Trying to set the existing hwdb with name lab_prefab_wrapper_0
TRACE::2025-03-24.14:16:04::SCWPlatform::Opened existing hwdb lab_prefab_wrapper_0
TRACE::2025-03-24.14:16:04::SCWPlatform::Found the Hw Db part of the input DSA
TRACE::2025-03-24.14:16:04::SCWMssOS::Checking the sw design at  C:/Users/j54mao/ECE423/ECE-423-Labs/workspace/Assignment2_newest/zynq_fsbl/zynq_fsbl_bsp/system.mss
TRACE::2025-03-24.14:16:04::SCWMssOS::DEBUG:  swdes dump  C:/Users/j54mao/ECE423/ECE-423-Labs/workspace/Assignment2_debugging/ps7_cortexa9_0/standalone_domain/bsp/system.mss|system_0||
C:/Users/j54mao/ECE423/ECE-423-Labs/workspace/Assignment2_debugging/zynq_fsbl/zynq_fsbl_bsp/system.mss|system||
C:/Users/j54mao/ECE423/ECE-423-Labs/workspace/Assignment2_newest/zynq_fsbl/zynq_fsbl_bsp/system.mss|system_1||

TRACE::2025-03-24.14:16:04::SCWMssOS::Sw design exists and opened at  C:/Users/j54mao/ECE423/ECE-423-Labs/workspace/Assignment2_newest/zynq_fsbl/zynq_fsbl_bsp/system.mss
TRACE::2025-03-24.14:16:04::SCWReader::No isolation master present  
TRACE::2025-03-24.14:16:04::SCWDomain::checking for install qemu data   : 
TRACE::2025-03-24.14:16:04::SCWDomain:: Using the QEMU Data from install at  : C:/Software/Xilinx/Vitis/2022.1/data/emulation/platforms/zynq/sw/a9_standalone/qemu/
TRACE::2025-03-24.14:16:04::SCWDomain:: Using the QEMU args  from install at  : C:/Software/Xilinx/Vitis/2022.1/data/emulation/platforms/zynq/sw/a9_standalone/qemu/qemu_args.txt
TRACE::2025-03-24.14:16:04::SCWPlatform::Trying to open the hw design at C:/Users/j54mao/ECE423/ECE-423-Labs/workspace/Assignment2_newest/hw/lab_prefab_wrapper_newest_lab2.xsa
TRACE::2025-03-24.14:16:04::SCWPlatform::DSA given C:/Users/j54mao/ECE423/ECE-423-Labs/workspace/Assignment2_newest/hw/lab_prefab_wrapper_newest_lab2.xsa
TRACE::2025-03-24.14:16:04::SCWPlatform::DSA absoulate path C:/Users/j54mao/ECE423/ECE-423-Labs/workspace/Assignment2_newest/hw/lab_prefab_wrapper_newest_lab2.xsa
TRACE::2025-03-24.14:16:04::SCWPlatform::DSA directory C:/Users/j54mao/ECE423/ECE-423-Labs/workspace/Assignment2_newest/hw
TRACE::2025-03-24.14:16:04::SCWPlatform:: Platform Path C:/Users/j54mao/ECE423/ECE-423-Labs/workspace/Assignment2_newest/hw/lab_prefab_wrapper_newest_lab2.xsa
TRACE::2025-03-24.14:16:04::SCWPlatform:: Unique name xilinx:pynq-z1::0.0
TRACE::2025-03-24.14:16:04::SCWPlatform::Trying to set the existing hwdb with name lab_prefab_wrapper_0
TRACE::2025-03-24.14:16:04::SCWPlatform::Opened existing hwdb lab_prefab_wrapper_0
TRACE::2025-03-24.14:16:04::SCWPlatform::Found the Hw Db part of the input DSA
TRACE::2025-03-24.14:16:04::SCWPlatform::Trying to open the hw design at C:/Users/j54mao/ECE423/ECE-423-Labs/workspace/Assignment2_newest/hw/lab_prefab_wrapper_newest_lab2.xsa
TRACE::2025-03-24.14:16:04::SCWPlatform::DSA given C:/Users/j54mao/ECE423/ECE-423-Labs/workspace/Assignment2_newest/hw/lab_prefab_wrapper_newest_lab2.xsa
TRACE::2025-03-24.14:16:04::SCWPlatform::DSA absoulate path C:/Users/j54mao/ECE423/ECE-423-Labs/workspace/Assignment2_newest/hw/lab_prefab_wrapper_newest_lab2.xsa
TRACE::2025-03-24.14:16:04::SCWPlatform::DSA directory C:/Users/j54mao/ECE423/ECE-423-Labs/workspace/Assignment2_newest/hw
TRACE::2025-03-24.14:16:04::SCWPlatform:: Platform Path C:/Users/j54mao/ECE423/ECE-423-Labs/workspace/Assignment2_newest/hw/lab_prefab_wrapper_newest_lab2.xsa
TRACE::2025-03-24.14:16:04::SCWPlatform:: Unique name xilinx:pynq-z1::0.0
TRACE::2025-03-24.14:16:04::SCWPlatform::Trying to set the existing hwdb with name lab_prefab_wrapper_0
TRACE::2025-03-24.14:16:04::SCWPlatform::Opened existing hwdb lab_prefab_wrapper_0
TRACE::2025-03-24.14:16:04::SCWPlatform::Found the Hw Db part of the input DSA
TRACE::2025-03-24.14:16:04::SCWPlatform::Trying to open the hw design at C:/Users/j54mao/ECE423/ECE-423-Labs/workspace/Assignment2_newest/hw/lab_prefab_wrapper_newest_lab2.xsa
TRACE::2025-03-24.14:16:04::SCWPlatform::DSA given C:/Users/j54mao/ECE423/ECE-423-Labs/workspace/Assignment2_newest/hw/lab_prefab_wrapper_newest_lab2.xsa
TRACE::2025-03-24.14:16:04::SCWPlatform::DSA absoulate path C:/Users/j54mao/ECE423/ECE-423-Labs/workspace/Assignment2_newest/hw/lab_prefab_wrapper_newest_lab2.xsa
TRACE::2025-03-24.14:16:04::SCWPlatform::DSA directory C:/Users/j54mao/ECE423/ECE-423-Labs/workspace/Assignment2_newest/hw
TRACE::2025-03-24.14:16:04::SCWPlatform:: Platform Path C:/Users/j54mao/ECE423/ECE-423-Labs/workspace/Assignment2_newest/hw/lab_prefab_wrapper_newest_lab2.xsa
TRACE::2025-03-24.14:16:04::SCWPlatform:: Unique name xilinx:pynq-z1::0.0
TRACE::2025-03-24.14:16:04::SCWPlatform::Trying to set the existing hwdb with name lab_prefab_wrapper_0
TRACE::2025-03-24.14:16:04::SCWPlatform::Opened existing hwdb lab_prefab_wrapper_0
TRACE::2025-03-24.14:16:04::SCWPlatform::Found the Hw Db part of the input DSA
TRACE::2025-03-24.14:16:04::SCWMssOS::Checking the sw design at  C:/Users/j54mao/ECE423/ECE-423-Labs/workspace/Assignment2_newest/ps7_cortexa9_0/standalone_domain/bsp/system.mss
TRACE::2025-03-24.14:16:04::SCWMssOS::DEBUG:  swdes dump  C:/Users/j54mao/ECE423/ECE-423-Labs/workspace/Assignment2_debugging/ps7_cortexa9_0/standalone_domain/bsp/system.mss|system_0||
C:/Users/j54mao/ECE423/ECE-423-Labs/workspace/Assignment2_debugging/zynq_fsbl/zynq_fsbl_bsp/system.mss|system||
C:/Users/j54mao/ECE423/ECE-423-Labs/workspace/Assignment2_newest/zynq_fsbl/zynq_fsbl_bsp/system.mss|system_1||

TRACE::2025-03-24.14:16:04::SCWMssOS::No sw design opened at  C:/Users/j54mao/ECE423/ECE-423-Labs/workspace/Assignment2_newest/ps7_cortexa9_0/standalone_domain/bsp/system.mss
TRACE::2025-03-24.14:16:04::SCWMssOS::mss exists loading the mss file  C:/Users/j54mao/ECE423/ECE-423-Labs/workspace/Assignment2_newest/ps7_cortexa9_0/standalone_domain/bsp/system.mss
TRACE::2025-03-24.14:16:04::SCWMssOS::Opened the sw design from mss  C:/Users/j54mao/ECE423/ECE-423-Labs/workspace/Assignment2_newest/ps7_cortexa9_0/standalone_domain/bsp/system.mss
TRACE::2025-03-24.14:16:04::SCWMssOS::Adding the swdes entry C:/Users/j54mao/ECE423/ECE-423-Labs/workspace/Assignment2_newest/ps7_cortexa9_0/standalone_domain/bsp/system.mss with des name system_2
TRACE::2025-03-24.14:16:04::SCWMssOS::updating the scw layer about changes
TRACE::2025-03-24.14:16:04::SCWMssOS::Opened the sw design.  C:/Users/j54mao/ECE423/ECE-423-Labs/workspace/Assignment2_newest/ps7_cortexa9_0/standalone_domain/bsp/system.mss
TRACE::2025-03-24.14:16:04::SCWPlatform::Trying to open the hw design at C:/Users/j54mao/ECE423/ECE-423-Labs/workspace/Assignment2_newest/hw/lab_prefab_wrapper_newest_lab2.xsa
TRACE::2025-03-24.14:16:04::SCWPlatform::DSA given C:/Users/j54mao/ECE423/ECE-423-Labs/workspace/Assignment2_newest/hw/lab_prefab_wrapper_newest_lab2.xsa
TRACE::2025-03-24.14:16:04::SCWPlatform::DSA absoulate path C:/Users/j54mao/ECE423/ECE-423-Labs/workspace/Assignment2_newest/hw/lab_prefab_wrapper_newest_lab2.xsa
TRACE::2025-03-24.14:16:04::SCWPlatform::DSA directory C:/Users/j54mao/ECE423/ECE-423-Labs/workspace/Assignment2_newest/hw
TRACE::2025-03-24.14:16:04::SCWPlatform:: Platform Path C:/Users/j54mao/ECE423/ECE-423-Labs/workspace/Assignment2_newest/hw/lab_prefab_wrapper_newest_lab2.xsa
TRACE::2025-03-24.14:16:04::SCWPlatform:: Unique name xilinx:pynq-z1::0.0
TRACE::2025-03-24.14:16:04::SCWPlatform::Trying to set the existing hwdb with name lab_prefab_wrapper_0
TRACE::2025-03-24.14:16:04::SCWPlatform::Opened existing hwdb lab_prefab_wrapper_0
TRACE::2025-03-24.14:16:04::SCWPlatform::Found the Hw Db part of the input DSA
TRACE::2025-03-24.14:16:04::SCWMssOS::Checking the sw design at  C:/Users/j54mao/ECE423/ECE-423-Labs/workspace/Assignment2_newest/ps7_cortexa9_0/standalone_domain/bsp/system.mss
TRACE::2025-03-24.14:16:04::SCWMssOS::DEBUG:  swdes dump  C:/Users/j54mao/ECE423/ECE-423-Labs/workspace/Assignment2_debugging/ps7_cortexa9_0/standalone_domain/bsp/system.mss|system_0||
C:/Users/j54mao/ECE423/ECE-423-Labs/workspace/Assignment2_debugging/zynq_fsbl/zynq_fsbl_bsp/system.mss|system||
C:/Users/j54mao/ECE423/ECE-423-Labs/workspace/Assignment2_newest/ps7_cortexa9_0/standalone_domain/bsp/system.mss|system_2||
C:/Users/j54mao/ECE423/ECE-423-Labs/workspace/Assignment2_newest/zynq_fsbl/zynq_fsbl_bsp/system.mss|system_1||

TRACE::2025-03-24.14:16:04::SCWMssOS::Sw design exists and opened at  C:/Users/j54mao/ECE423/ECE-423-Labs/workspace/Assignment2_newest/ps7_cortexa9_0/standalone_domain/bsp/system.mss
TRACE::2025-03-24.14:16:04::SCWMssOS:: library already available in sw design:  xilffs:4.7
TRACE::2025-03-24.14:16:04::SCWPlatform::Trying to open the hw design at C:/Users/j54mao/ECE423/ECE-423-Labs/workspace/Assignment2_newest/hw/lab_prefab_wrapper_newest_lab2.xsa
TRACE::2025-03-24.14:16:04::SCWPlatform::DSA given C:/Users/j54mao/ECE423/ECE-423-Labs/workspace/Assignment2_newest/hw/lab_prefab_wrapper_newest_lab2.xsa
TRACE::2025-03-24.14:16:04::SCWPlatform::DSA absoulate path C:/Users/j54mao/ECE423/ECE-423-Labs/workspace/Assignment2_newest/hw/lab_prefab_wrapper_newest_lab2.xsa
TRACE::2025-03-24.14:16:04::SCWPlatform::DSA directory C:/Users/j54mao/ECE423/ECE-423-Labs/workspace/Assignment2_newest/hw
TRACE::2025-03-24.14:16:04::SCWPlatform:: Platform Path C:/Users/j54mao/ECE423/ECE-423-Labs/workspace/Assignment2_newest/hw/lab_prefab_wrapper_newest_lab2.xsa
TRACE::2025-03-24.14:16:04::SCWPlatform:: Unique name xilinx:pynq-z1::0.0
TRACE::2025-03-24.14:16:04::SCWPlatform::Trying to set the existing hwdb with name lab_prefab_wrapper_0
TRACE::2025-03-24.14:16:04::SCWPlatform::Opened existing hwdb lab_prefab_wrapper_0
TRACE::2025-03-24.14:16:04::SCWPlatform::Found the Hw Db part of the input DSA
TRACE::2025-03-24.14:16:04::SCWMssOS::Checking the sw design at  C:/Users/j54mao/ECE423/ECE-423-Labs/workspace/Assignment2_newest/ps7_cortexa9_0/standalone_domain/bsp/system.mss
TRACE::2025-03-24.14:16:04::SCWMssOS::DEBUG:  swdes dump  C:/Users/j54mao/ECE423/ECE-423-Labs/workspace/Assignment2_debugging/ps7_cortexa9_0/standalone_domain/bsp/system.mss|system_0||
C:/Users/j54mao/ECE423/ECE-423-Labs/workspace/Assignment2_debugging/zynq_fsbl/zynq_fsbl_bsp/system.mss|system||
C:/Users/j54mao/ECE423/ECE-423-Labs/workspace/Assignment2_newest/ps7_cortexa9_0/standalone_domain/bsp/system.mss|system_2||
C:/Users/j54mao/ECE423/ECE-423-Labs/workspace/Assignment2_newest/zynq_fsbl/zynq_fsbl_bsp/system.mss|system_1||

TRACE::2025-03-24.14:16:04::SCWMssOS::Sw design exists and opened at  C:/Users/j54mao/ECE423/ECE-423-Labs/workspace/Assignment2_newest/ps7_cortexa9_0/standalone_domain/bsp/system.mss
TRACE::2025-03-24.14:16:04::SCWPlatform::Trying to open the hw design at C:/Users/j54mao/ECE423/ECE-423-Labs/workspace/Assignment2_newest/hw/lab_prefab_wrapper_newest_lab2.xsa
TRACE::2025-03-24.14:16:04::SCWPlatform::DSA given C:/Users/j54mao/ECE423/ECE-423-Labs/workspace/Assignment2_newest/hw/lab_prefab_wrapper_newest_lab2.xsa
TRACE::2025-03-24.14:16:04::SCWPlatform::DSA absoulate path C:/Users/j54mao/ECE423/ECE-423-Labs/workspace/Assignment2_newest/hw/lab_prefab_wrapper_newest_lab2.xsa
TRACE::2025-03-24.14:16:04::SCWPlatform::DSA directory C:/Users/j54mao/ECE423/ECE-423-Labs/workspace/Assignment2_newest/hw
TRACE::2025-03-24.14:16:04::SCWPlatform:: Platform Path C:/Users/j54mao/ECE423/ECE-423-Labs/workspace/Assignment2_newest/hw/lab_prefab_wrapper_newest_lab2.xsa
TRACE::2025-03-24.14:16:04::SCWPlatform:: Unique name xilinx:pynq-z1::0.0
TRACE::2025-03-24.14:16:04::SCWPlatform::Trying to set the existing hwdb with name lab_prefab_wrapper_0
TRACE::2025-03-24.14:16:04::SCWPlatform::Opened existing hwdb lab_prefab_wrapper_0
TRACE::2025-03-24.14:16:04::SCWPlatform::Found the Hw Db part of the input DSA
TRACE::2025-03-24.14:16:04::SCWMssOS::Checking the sw design at  C:/Users/j54mao/ECE423/ECE-423-Labs/workspace/Assignment2_newest/ps7_cortexa9_0/standalone_domain/bsp/system.mss
TRACE::2025-03-24.14:16:04::SCWMssOS::DEBUG:  swdes dump  C:/Users/j54mao/ECE423/ECE-423-Labs/workspace/Assignment2_debugging/ps7_cortexa9_0/standalone_domain/bsp/system.mss|system_0||
C:/Users/j54mao/ECE423/ECE-423-Labs/workspace/Assignment2_debugging/zynq_fsbl/zynq_fsbl_bsp/system.mss|system||
C:/Users/j54mao/ECE423/ECE-423-Labs/workspace/Assignment2_newest/ps7_cortexa9_0/standalone_domain/bsp/system.mss|system_2||
C:/Users/j54mao/ECE423/ECE-423-Labs/workspace/Assignment2_newest/zynq_fsbl/zynq_fsbl_bsp/system.mss|system_1||

TRACE::2025-03-24.14:16:04::SCWMssOS::Sw design exists and opened at  C:/Users/j54mao/ECE423/ECE-423-Labs/workspace/Assignment2_newest/ps7_cortexa9_0/standalone_domain/bsp/system.mss
TRACE::2025-03-24.14:16:04::SCWPlatform::Trying to open the hw design at C:/Users/j54mao/ECE423/ECE-423-Labs/workspace/Assignment2_newest/hw/lab_prefab_wrapper_newest_lab2.xsa
TRACE::2025-03-24.14:16:04::SCWPlatform::DSA given C:/Users/j54mao/ECE423/ECE-423-Labs/workspace/Assignment2_newest/hw/lab_prefab_wrapper_newest_lab2.xsa
TRACE::2025-03-24.14:16:04::SCWPlatform::DSA absoulate path C:/Users/j54mao/ECE423/ECE-423-Labs/workspace/Assignment2_newest/hw/lab_prefab_wrapper_newest_lab2.xsa
TRACE::2025-03-24.14:16:04::SCWPlatform::DSA directory C:/Users/j54mao/ECE423/ECE-423-Labs/workspace/Assignment2_newest/hw
TRACE::2025-03-24.14:16:04::SCWPlatform:: Platform Path C:/Users/j54mao/ECE423/ECE-423-Labs/workspace/Assignment2_newest/hw/lab_prefab_wrapper_newest_lab2.xsa
TRACE::2025-03-24.14:16:04::SCWPlatform:: Unique name xilinx:pynq-z1::0.0
TRACE::2025-03-24.14:16:04::SCWPlatform::Trying to set the existing hwdb with name lab_prefab_wrapper_0
TRACE::2025-03-24.14:16:04::SCWPlatform::Opened existing hwdb lab_prefab_wrapper_0
TRACE::2025-03-24.14:16:04::SCWPlatform::Found the Hw Db part of the input DSA
TRACE::2025-03-24.14:16:04::SCWMssOS::Checking the sw design at  C:/Users/j54mao/ECE423/ECE-423-Labs/workspace/Assignment2_newest/ps7_cortexa9_0/standalone_domain/bsp/system.mss
TRACE::2025-03-24.14:16:04::SCWMssOS::DEBUG:  swdes dump  C:/Users/j54mao/ECE423/ECE-423-Labs/workspace/Assignment2_debugging/ps7_cortexa9_0/standalone_domain/bsp/system.mss|system_0||
C:/Users/j54mao/ECE423/ECE-423-Labs/workspace/Assignment2_debugging/zynq_fsbl/zynq_fsbl_bsp/system.mss|system||
C:/Users/j54mao/ECE423/ECE-423-Labs/workspace/Assignment2_newest/ps7_cortexa9_0/standalone_domain/bsp/system.mss|system_2||
C:/Users/j54mao/ECE423/ECE-423-Labs/workspace/Assignment2_newest/zynq_fsbl/zynq_fsbl_bsp/system.mss|system_1||

TRACE::2025-03-24.14:16:04::SCWMssOS::Sw design exists and opened at  C:/Users/j54mao/ECE423/ECE-423-Labs/workspace/Assignment2_newest/ps7_cortexa9_0/standalone_domain/bsp/system.mss
TRACE::2025-03-24.14:16:04::SCWPlatform::Trying to open the hw design at C:/Users/j54mao/ECE423/ECE-423-Labs/workspace/Assignment2_newest/hw/lab_prefab_wrapper_newest_lab2.xsa
TRACE::2025-03-24.14:16:04::SCWPlatform::DSA given C:/Users/j54mao/ECE423/ECE-423-Labs/workspace/Assignment2_newest/hw/lab_prefab_wrapper_newest_lab2.xsa
TRACE::2025-03-24.14:16:04::SCWPlatform::DSA absoulate path C:/Users/j54mao/ECE423/ECE-423-Labs/workspace/Assignment2_newest/hw/lab_prefab_wrapper_newest_lab2.xsa
TRACE::2025-03-24.14:16:04::SCWPlatform::DSA directory C:/Users/j54mao/ECE423/ECE-423-Labs/workspace/Assignment2_newest/hw
TRACE::2025-03-24.14:16:04::SCWPlatform:: Platform Path C:/Users/j54mao/ECE423/ECE-423-Labs/workspace/Assignment2_newest/hw/lab_prefab_wrapper_newest_lab2.xsa
TRACE::2025-03-24.14:16:04::SCWPlatform:: Unique name xilinx:pynq-z1::0.0
TRACE::2025-03-24.14:16:04::SCWPlatform::Trying to set the existing hwdb with name lab_prefab_wrapper_0
TRACE::2025-03-24.14:16:04::SCWPlatform::Opened existing hwdb lab_prefab_wrapper_0
TRACE::2025-03-24.14:16:04::SCWPlatform::Found the Hw Db part of the input DSA
TRACE::2025-03-24.14:16:04::SCWMssOS::Checking the sw design at  C:/Users/j54mao/ECE423/ECE-423-Labs/workspace/Assignment2_newest/ps7_cortexa9_0/standalone_domain/bsp/system.mss
TRACE::2025-03-24.14:16:04::SCWMssOS::DEBUG:  swdes dump  C:/Users/j54mao/ECE423/ECE-423-Labs/workspace/Assignment2_debugging/ps7_cortexa9_0/standalone_domain/bsp/system.mss|system_0||
C:/Users/j54mao/ECE423/ECE-423-Labs/workspace/Assignment2_debugging/zynq_fsbl/zynq_fsbl_bsp/system.mss|system||
C:/Users/j54mao/ECE423/ECE-423-Labs/workspace/Assignment2_newest/ps7_cortexa9_0/standalone_domain/bsp/system.mss|system_2||
C:/Users/j54mao/ECE423/ECE-423-Labs/workspace/Assignment2_newest/zynq_fsbl/zynq_fsbl_bsp/system.mss|system_1||

TRACE::2025-03-24.14:16:04::SCWMssOS::Sw design exists and opened at  C:/Users/j54mao/ECE423/ECE-423-Labs/workspace/Assignment2_newest/ps7_cortexa9_0/standalone_domain/bsp/system.mss
TRACE::2025-03-24.14:16:04::SCWMssOS::Saving the mss changes C:/Users/j54mao/ECE423/ECE-423-Labs/workspace/Assignment2_newest/ps7_cortexa9_0/standalone_domain/bsp/system.mss
TRACE::2025-03-24.14:16:04::SCWMssOS::Found a swdesign opened with the mssfile.
TRACE::2025-03-24.14:16:04::SCWMssOS::Completed writemss as part of save.
TRACE::2025-03-24.14:16:04::SCWMssOS::Commit changes completed.
TRACE::2025-03-24.14:16:04::SCWReader::Adding prebuilt librarypaths as   
TRACE::2025-03-24.14:16:04::SCWReader::Adding prebuilt incpaths  as   
TRACE::2025-03-24.14:16:04::SCWPlatform::Trying to open the hw design at C:/Users/j54mao/ECE423/ECE-423-Labs/workspace/Assignment2_newest/hw/lab_prefab_wrapper_newest_lab2.xsa
TRACE::2025-03-24.14:16:04::SCWPlatform::DSA given C:/Users/j54mao/ECE423/ECE-423-Labs/workspace/Assignment2_newest/hw/lab_prefab_wrapper_newest_lab2.xsa
TRACE::2025-03-24.14:16:04::SCWPlatform::DSA absoulate path C:/Users/j54mao/ECE423/ECE-423-Labs/workspace/Assignment2_newest/hw/lab_prefab_wrapper_newest_lab2.xsa
TRACE::2025-03-24.14:16:04::SCWPlatform::DSA directory C:/Users/j54mao/ECE423/ECE-423-Labs/workspace/Assignment2_newest/hw
TRACE::2025-03-24.14:16:04::SCWPlatform:: Platform Path C:/Users/j54mao/ECE423/ECE-423-Labs/workspace/Assignment2_newest/hw/lab_prefab_wrapper_newest_lab2.xsa
TRACE::2025-03-24.14:16:04::SCWPlatform:: Unique name xilinx:pynq-z1::0.0
TRACE::2025-03-24.14:16:04::SCWPlatform::Trying to set the existing hwdb with name lab_prefab_wrapper_0
TRACE::2025-03-24.14:16:04::SCWPlatform::Opened existing hwdb lab_prefab_wrapper_0
TRACE::2025-03-24.14:16:04::SCWPlatform::Found the Hw Db part of the input DSA
TRACE::2025-03-24.14:16:04::SCWMssOS::Checking the sw design at  C:/Users/j54mao/ECE423/ECE-423-Labs/workspace/Assignment2_newest/ps7_cortexa9_0/standalone_domain/bsp/system.mss
TRACE::2025-03-24.14:16:04::SCWMssOS::DEBUG:  swdes dump  C:/Users/j54mao/ECE423/ECE-423-Labs/workspace/Assignment2_debugging/ps7_cortexa9_0/standalone_domain/bsp/system.mss|system_0||
C:/Users/j54mao/ECE423/ECE-423-Labs/workspace/Assignment2_debugging/zynq_fsbl/zynq_fsbl_bsp/system.mss|system||
C:/Users/j54mao/ECE423/ECE-423-Labs/workspace/Assignment2_newest/ps7_cortexa9_0/standalone_domain/bsp/system.mss|system_2||
C:/Users/j54mao/ECE423/ECE-423-Labs/workspace/Assignment2_newest/zynq_fsbl/zynq_fsbl_bsp/system.mss|system_1||

TRACE::2025-03-24.14:16:04::SCWMssOS::Sw design exists and opened at  C:/Users/j54mao/ECE423/ECE-423-Labs/workspace/Assignment2_newest/ps7_cortexa9_0/standalone_domain/bsp/system.mss
TRACE::2025-03-24.14:16:04::SCWReader::No isolation master present  
LOG::2025-03-24.14:16:04::SCWPlatform::Started generating the artifacts platform Assignment2_newest
TRACE::2025-03-24.14:16:04::SCWPlatform::Sanity checking of platform is completed
LOG::2025-03-24.14:16:04::SCWPlatform::Started generating the artifacts for system configuration Assignment2_newest
LOG::2025-03-24.14:16:04::SCWSystem::Checking the domain zynq_fsbl
LOG::2025-03-24.14:16:04::SCWSystem::Doing application build for :  zynq_fsbl
TRACE::2025-03-24.14:16:04::SCWBDomain::Not a forced makefile updation, No changes are present. 
TRACE::2025-03-24.14:16:04::SCWDomain::Building the domain as part of full build :  zynq_fsbl
TRACE::2025-03-24.14:16:04::SCWPlatform::Trying to open the hw design at C:/Users/j54mao/ECE423/ECE-423-Labs/workspace/Assignment2_newest/hw/lab_prefab_wrapper_newest_lab2.xsa
TRACE::2025-03-24.14:16:04::SCWPlatform::DSA given C:/Users/j54mao/ECE423/ECE-423-Labs/workspace/Assignment2_newest/hw/lab_prefab_wrapper_newest_lab2.xsa
TRACE::2025-03-24.14:16:04::SCWPlatform::DSA absoulate path C:/Users/j54mao/ECE423/ECE-423-Labs/workspace/Assignment2_newest/hw/lab_prefab_wrapper_newest_lab2.xsa
TRACE::2025-03-24.14:16:04::SCWPlatform::DSA directory C:/Users/j54mao/ECE423/ECE-423-Labs/workspace/Assignment2_newest/hw
TRACE::2025-03-24.14:16:04::SCWPlatform:: Platform Path C:/Users/j54mao/ECE423/ECE-423-Labs/workspace/Assignment2_newest/hw/lab_prefab_wrapper_newest_lab2.xsa
TRACE::2025-03-24.14:16:04::SCWPlatform:: Unique name xilinx:pynq-z1::0.0
TRACE::2025-03-24.14:16:04::SCWPlatform::Trying to set the existing hwdb with name lab_prefab_wrapper_0
TRACE::2025-03-24.14:16:04::SCWPlatform::Opened existing hwdb lab_prefab_wrapper_0
TRACE::2025-03-24.14:16:04::SCWPlatform::Found the Hw Db part of the input DSA
TRACE::2025-03-24.14:16:04::SCWMssOS::Checking the sw design at  C:/Users/j54mao/ECE423/ECE-423-Labs/workspace/Assignment2_newest/zynq_fsbl/zynq_fsbl_bsp/system.mss
TRACE::2025-03-24.14:16:04::SCWMssOS::DEBUG:  swdes dump  C:/Users/j54mao/ECE423/ECE-423-Labs/workspace/Assignment2_debugging/ps7_cortexa9_0/standalone_domain/bsp/system.mss|system_0||
C:/Users/j54mao/ECE423/ECE-423-Labs/workspace/Assignment2_debugging/zynq_fsbl/zynq_fsbl_bsp/system.mss|system||
C:/Users/j54mao/ECE423/ECE-423-Labs/workspace/Assignment2_newest/ps7_cortexa9_0/standalone_domain/bsp/system.mss|system_2||
C:/Users/j54mao/ECE423/ECE-423-Labs/workspace/Assignment2_newest/zynq_fsbl/zynq_fsbl_bsp/system.mss|system_1||

TRACE::2025-03-24.14:16:04::SCWMssOS::Sw design exists and opened at  C:/Users/j54mao/ECE423/ECE-423-Labs/workspace/Assignment2_newest/zynq_fsbl/zynq_fsbl_bsp/system.mss
TRACE::2025-03-24.14:16:04::SCWBDomain::Completed writing the mss file at C:/Users/j54mao/ECE423/ECE-423-Labs/workspace/Assignment2_newest/zynq_fsbl/zynq_fsbl_bsp
TRACE::2025-03-24.14:16:04::SCWBDomain::bsp generated is upto date with the mss file. Skipping bsp generation.
TRACE::2025-03-24.14:16:04::SCWBDomain::Not a forced makefile updation, No changes are present. 
TRACE::2025-03-24.14:16:04::SCWBDomain::System Command Ran  C:&  cd  C:/Users/j54mao/ECE423/ECE-423-Labs/workspace/Assignment2_newest/zynq_fsbl& make -C  zynq_fsbl_bsp & make 
TRACE::2025-03-24.14:16:04::SCWBDomain::make: Entering directory 'C:/Users/j54mao/ECE423/ECE-423-Labs/workspace/Assignment2_newest/zynq_fsbl/zynq_fsbl_bsp'

TRACE::2025-03-24.14:16:04::SCWBDomain::make --no-print-directory seq_libs

TRACE::2025-03-24.14:16:05::SCWBDomain::"Running Make include in ps7_cortexa9_0/libsrc/axidma_v9_14/src"

TRACE::2025-03-24.14:16:05::SCWBDomain::make -C ps7_cortexa9_0/libsrc/axidma_v9_14/src -s include  "SHELL=CMD" "COMPILER=arm-none-eabi-gcc" "ASSEMBLER=arm-none-eabi-as
TRACE::2025-03-24.14:16:05::SCWBDomain::" "ARCHIVER=arm-none-eabi-ar" "COMPILER_FLAGS=  -O2 -c" "EXTRA_COMPILER_FLAGS=-mcpu=cortex-a9 -mfpu=vfpv3 -mfloat-abi=hard -nos
TRACE::2025-03-24.14:16:05::SCWBDomain::tartfiles -g -Wall -Wextra -fno-tree-loop-distribute-patterns"

TRACE::2025-03-24.14:16:05::SCWBDomain::"Running Make include in ps7_cortexa9_0/libsrc/axivdma_v6_11/src"

TRACE::2025-03-24.14:16:05::SCWBDomain::make -C ps7_cortexa9_0/libsrc/axivdma_v6_11/src -s include  "SHELL=CMD" "COMPILER=arm-none-eabi-gcc" "ASSEMBLER=arm-none-eabi-a
TRACE::2025-03-24.14:16:05::SCWBDomain::s" "ARCHIVER=arm-none-eabi-ar" "COMPILER_FLAGS=  -O2 -c" "EXTRA_COMPILER_FLAGS=-mcpu=cortex-a9 -mfpu=vfpv3 -mfloat-abi=hard -no
TRACE::2025-03-24.14:16:05::SCWBDomain::startfiles -g -Wall -Wextra -fno-tree-loop-distribute-patterns"

TRACE::2025-03-24.14:16:05::SCWBDomain::"Running Make include in ps7_cortexa9_0/libsrc/coresightps_dcc_v1_8/src"

TRACE::2025-03-24.14:16:05::SCWBDomain::make -C ps7_cortexa9_0/libsrc/coresightps_dcc_v1_8/src -s include  "SHELL=CMD" "COMPILER=arm-none-eabi-gcc" "ASSEMBLER=arm-none
TRACE::2025-03-24.14:16:05::SCWBDomain::-eabi-as" "ARCHIVER=arm-none-eabi-ar" "COMPILER_FLAGS=  -O2 -c" "EXTRA_COMPILER_FLAGS=-mcpu=cortex-a9 -mfpu=vfpv3 -mfloat-abi=h
TRACE::2025-03-24.14:16:05::SCWBDomain::ard -nostartfiles -g -Wall -Wextra -fno-tree-loop-distribute-patterns"

TRACE::2025-03-24.14:16:05::SCWBDomain::"Running Make include in ps7_cortexa9_0/libsrc/cpu_cortexa9_v2_11/src"

TRACE::2025-03-24.14:16:05::SCWBDomain::make -C ps7_cortexa9_0/libsrc/cpu_cortexa9_v2_11/src -s include  "SHELL=CMD" "COMPILER=arm-none-eabi-gcc" "ASSEMBLER=arm-none-e
TRACE::2025-03-24.14:16:05::SCWBDomain::abi-as" "ARCHIVER=arm-none-eabi-ar" "COMPILER_FLAGS=  -O2 -c" "EXTRA_COMPILER_FLAGS=-mcpu=cortex-a9 -mfpu=vfpv3 -mfloat-abi=har
TRACE::2025-03-24.14:16:05::SCWBDomain::d -nostartfiles -g -Wall -Wextra -fno-tree-loop-distribute-patterns"

TRACE::2025-03-24.14:16:05::SCWBDomain::"Running Make include in ps7_cortexa9_0/libsrc/ddrps_v1_2/src"

TRACE::2025-03-24.14:16:05::SCWBDomain::make -C ps7_cortexa9_0/libsrc/ddrps_v1_2/src -s include  "SHELL=CMD" "COMPILER=arm-none-eabi-gcc" "ASSEMBLER=arm-none-eabi-as" 
TRACE::2025-03-24.14:16:05::SCWBDomain::"ARCHIVER=arm-none-eabi-ar" "COMPILER_FLAGS=  -O2 -c" "EXTRA_COMPILER_FLAGS=-mcpu=cortex-a9 -mfpu=vfpv3 -mfloat-abi=hard -nosta
TRACE::2025-03-24.14:16:05::SCWBDomain::rtfiles -g -Wall -Wextra -fno-tree-loop-distribute-patterns"

TRACE::2025-03-24.14:16:05::SCWBDomain::"Running Make include in ps7_cortexa9_0/libsrc/devcfg_v3_7/src"

TRACE::2025-03-24.14:16:05::SCWBDomain::make -C ps7_cortexa9_0/libsrc/devcfg_v3_7/src -s include  "SHELL=CMD" "COMPILER=arm-none-eabi-gcc" "ASSEMBLER=arm-none-eabi-as"
TRACE::2025-03-24.14:16:05::SCWBDomain:: "ARCHIVER=arm-none-eabi-ar" "COMPILER_FLAGS=  -O2 -c" "EXTRA_COMPILER_FLAGS=-mcpu=cortex-a9 -mfpu=vfpv3 -mfloat-abi=hard -nost
TRACE::2025-03-24.14:16:05::SCWBDomain::artfiles -g -Wall -Wextra -fno-tree-loop-distribute-patterns"

TRACE::2025-03-24.14:16:05::SCWBDomain::"Running Make include in ps7_cortexa9_0/libsrc/dmaps_v2_8/src"

TRACE::2025-03-24.14:16:05::SCWBDomain::make -C ps7_cortexa9_0/libsrc/dmaps_v2_8/src -s include  "SHELL=CMD" "COMPILER=arm-none-eabi-gcc" "ASSEMBLER=arm-none-eabi-as" 
TRACE::2025-03-24.14:16:05::SCWBDomain::"ARCHIVER=arm-none-eabi-ar" "COMPILER_FLAGS=  -O2 -c" "EXTRA_COMPILER_FLAGS=-mcpu=cortex-a9 -mfpu=vfpv3 -mfloat-abi=hard -nosta
TRACE::2025-03-24.14:16:05::SCWBDomain::rtfiles -g -Wall -Wextra -fno-tree-loop-distribute-patterns"

TRACE::2025-03-24.14:16:05::SCWBDomain::"Running Make include in ps7_cortexa9_0/libsrc/emacps_v3_16/src"

TRACE::2025-03-24.14:16:05::SCWBDomain::make -C ps7_cortexa9_0/libsrc/emacps_v3_16/src -s include  "SHELL=CMD" "COMPILER=arm-none-eabi-gcc" "ASSEMBLER=arm-none-eabi-as
TRACE::2025-03-24.14:16:05::SCWBDomain::" "ARCHIVER=arm-none-eabi-ar" "COMPILER_FLAGS=  -O2 -c" "EXTRA_COMPILER_FLAGS=-mcpu=cortex-a9 -mfpu=vfpv3 -mfloat-abi=hard -nos
TRACE::2025-03-24.14:16:05::SCWBDomain::tartfiles -g -Wall -Wextra -fno-tree-loop-distribute-patterns"

TRACE::2025-03-24.14:16:05::SCWBDomain::"Running Make include in ps7_cortexa9_0/libsrc/gpiops_v3_9/src"

TRACE::2025-03-24.14:16:05::SCWBDomain::make -C ps7_cortexa9_0/libsrc/gpiops_v3_9/src -s include  "SHELL=CMD" "COMPILER=arm-none-eabi-gcc" "ASSEMBLER=arm-none-eabi-as"
TRACE::2025-03-24.14:16:05::SCWBDomain:: "ARCHIVER=arm-none-eabi-ar" "COMPILER_FLAGS=  -O2 -c" "EXTRA_COMPILER_FLAGS=-mcpu=cortex-a9 -mfpu=vfpv3 -mfloat-abi=hard -nost
TRACE::2025-03-24.14:16:05::SCWBDomain::artfiles -g -Wall -Wextra -fno-tree-loop-distribute-patterns"

TRACE::2025-03-24.14:16:05::SCWBDomain::"Running Make include in ps7_cortexa9_0/libsrc/iicps_v3_15/src"

TRACE::2025-03-24.14:16:05::SCWBDomain::make -C ps7_cortexa9_0/libsrc/iicps_v3_15/src -s include  "SHELL=CMD" "COMPILER=arm-none-eabi-gcc" "ASSEMBLER=arm-none-eabi-as"
TRACE::2025-03-24.14:16:05::SCWBDomain:: "ARCHIVER=arm-none-eabi-ar" "COMPILER_FLAGS=  -O2 -c" "EXTRA_COMPILER_FLAGS=-mcpu=cortex-a9 -mfpu=vfpv3 -mfloat-abi=hard -nost
TRACE::2025-03-24.14:16:05::SCWBDomain::artfiles -g -Wall -Wextra -fno-tree-loop-distribute-patterns"

TRACE::2025-03-24.14:16:05::SCWBDomain::"Running Make include in ps7_cortexa9_0/libsrc/qspips_v3_9/src"

TRACE::2025-03-24.14:16:05::SCWBDomain::make -C ps7_cortexa9_0/libsrc/qspips_v3_9/src -s include  "SHELL=CMD" "COMPILER=arm-none-eabi-gcc" "ASSEMBLER=arm-none-eabi-as"
TRACE::2025-03-24.14:16:05::SCWBDomain:: "ARCHIVER=arm-none-eabi-ar" "COMPILER_FLAGS=  -O2 -c" "EXTRA_COMPILER_FLAGS=-mcpu=cortex-a9 -mfpu=vfpv3 -mfloat-abi=hard -nost
TRACE::2025-03-24.14:16:05::SCWBDomain::artfiles -g -Wall -Wextra -fno-tree-loop-distribute-patterns"

TRACE::2025-03-24.14:16:05::SCWBDomain::"Running Make include in ps7_cortexa9_0/libsrc/scugic_v4_7/src"

TRACE::2025-03-24.14:16:05::SCWBDomain::make -C ps7_cortexa9_0/libsrc/scugic_v4_7/src -s include  "SHELL=CMD" "COMPILER=arm-none-eabi-gcc" "ASSEMBLER=arm-none-eabi-as"
TRACE::2025-03-24.14:16:05::SCWBDomain:: "ARCHIVER=arm-none-eabi-ar" "COMPILER_FLAGS=  -O2 -c" "EXTRA_COMPILER_FLAGS=-mcpu=cortex-a9 -mfpu=vfpv3 -mfloat-abi=hard -nost
TRACE::2025-03-24.14:16:05::SCWBDomain::artfiles -g -Wall -Wextra -fno-tree-loop-distribute-patterns"

TRACE::2025-03-24.14:16:05::SCWBDomain::"Running Make include in ps7_cortexa9_0/libsrc/scutimer_v2_4/src"

TRACE::2025-03-24.14:16:05::SCWBDomain::make -C ps7_cortexa9_0/libsrc/scutimer_v2_4/src -s include  "SHELL=CMD" "COMPILER=arm-none-eabi-gcc" "ASSEMBLER=arm-none-eabi-a
TRACE::2025-03-24.14:16:05::SCWBDomain::s" "ARCHIVER=arm-none-eabi-ar" "COMPILER_FLAGS=  -O2 -c" "EXTRA_COMPILER_FLAGS=-mcpu=cortex-a9 -mfpu=vfpv3 -mfloat-abi=hard -no
TRACE::2025-03-24.14:16:05::SCWBDomain::startfiles -g -Wall -Wextra -fno-tree-loop-distribute-patterns"

TRACE::2025-03-24.14:16:06::SCWBDomain::"Running Make include in ps7_cortexa9_0/libsrc/scuwdt_v2_4/src"

TRACE::2025-03-24.14:16:06::SCWBDomain::make -C ps7_cortexa9_0/libsrc/scuwdt_v2_4/src -s include  "SHELL=CMD" "COMPILER=arm-none-eabi-gcc" "ASSEMBLER=arm-none-eabi-as"
TRACE::2025-03-24.14:16:06::SCWBDomain:: "ARCHIVER=arm-none-eabi-ar" "COMPILER_FLAGS=  -O2 -c" "EXTRA_COMPILER_FLAGS=-mcpu=cortex-a9 -mfpu=vfpv3 -mfloat-abi=hard -nost
TRACE::2025-03-24.14:16:06::SCWBDomain::artfiles -g -Wall -Wextra -fno-tree-loop-distribute-patterns"

TRACE::2025-03-24.14:16:06::SCWBDomain::"Running Make include in ps7_cortexa9_0/libsrc/sdps_v3_14/src"

TRACE::2025-03-24.14:16:06::SCWBDomain::make -C ps7_cortexa9_0/libsrc/sdps_v3_14/src -s include  "SHELL=CMD" "COMPILER=arm-none-eabi-gcc" "ASSEMBLER=arm-none-eabi-as" 
TRACE::2025-03-24.14:16:06::SCWBDomain::"ARCHIVER=arm-none-eabi-ar" "COMPILER_FLAGS=  -O2 -c" "EXTRA_COMPILER_FLAGS=-mcpu=cortex-a9 -mfpu=vfpv3 -mfloat-abi=hard -nosta
TRACE::2025-03-24.14:16:06::SCWBDomain::rtfiles -g -Wall -Wextra -fno-tree-loop-distribute-patterns"

TRACE::2025-03-24.14:16:06::SCWBDomain::"Running Make include in ps7_cortexa9_0/libsrc/standalone_v7_7/src"

TRACE::2025-03-24.14:16:06::SCWBDomain::make -C ps7_cortexa9_0/libsrc/standalone_v7_7/src -s include  "SHELL=CMD" "COMPILER=arm-none-eabi-gcc" "ASSEMBLER=arm-none-eabi
TRACE::2025-03-24.14:16:06::SCWBDomain::-as" "ARCHIVER=arm-none-eabi-ar" "COMPILER_FLAGS=  -O2 -c" "EXTRA_COMPILER_FLAGS=-mcpu=cortex-a9 -mfpu=vfpv3 -mfloat-abi=hard -
TRACE::2025-03-24.14:16:06::SCWBDomain::nostartfiles -g -Wall -Wextra -fno-tree-loop-distribute-patterns"

TRACE::2025-03-24.14:16:07::SCWBDomain::"Running Make include in ps7_cortexa9_0/libsrc/uartps_v3_11/src"

TRACE::2025-03-24.14:16:07::SCWBDomain::make -C ps7_cortexa9_0/libsrc/uartps_v3_11/src -s include  "SHELL=CMD" "COMPILER=arm-none-eabi-gcc" "ASSEMBLER=arm-none-eabi-as
TRACE::2025-03-24.14:16:07::SCWBDomain::" "ARCHIVER=arm-none-eabi-ar" "COMPILER_FLAGS=  -O2 -c" "EXTRA_COMPILER_FLAGS=-mcpu=cortex-a9 -mfpu=vfpv3 -mfloat-abi=hard -nos
TRACE::2025-03-24.14:16:07::SCWBDomain::tartfiles -g -Wall -Wextra -fno-tree-loop-distribute-patterns"

TRACE::2025-03-24.14:16:07::SCWBDomain::"Running Make include in ps7_cortexa9_0/libsrc/usbps_v2_7/src"

TRACE::2025-03-24.14:16:07::SCWBDomain::make -C ps7_cortexa9_0/libsrc/usbps_v2_7/src -s include  "SHELL=CMD" "COMPILER=arm-none-eabi-gcc" "ASSEMBLER=arm-none-eabi-as" 
TRACE::2025-03-24.14:16:07::SCWBDomain::"ARCHIVER=arm-none-eabi-ar" "COMPILER_FLAGS=  -O2 -c" "EXTRA_COMPILER_FLAGS=-mcpu=cortex-a9 -mfpu=vfpv3 -mfloat-abi=hard -nosta
TRACE::2025-03-24.14:16:07::SCWBDomain::rtfiles -g -Wall -Wextra -fno-tree-loop-distribute-patterns"

TRACE::2025-03-24.14:16:07::SCWBDomain::"Running Make include in ps7_cortexa9_0/libsrc/xadcps_v2_6/src"

TRACE::2025-03-24.14:16:07::SCWBDomain::make -C ps7_cortexa9_0/libsrc/xadcps_v2_6/src -s include  "SHELL=CMD" "COMPILER=arm-none-eabi-gcc" "ASSEMBLER=arm-none-eabi-as"
TRACE::2025-03-24.14:16:07::SCWBDomain:: "ARCHIVER=arm-none-eabi-ar" "COMPILER_FLAGS=  -O2 -c" "EXTRA_COMPILER_FLAGS=-mcpu=cortex-a9 -mfpu=vfpv3 -mfloat-abi=hard -nost
TRACE::2025-03-24.14:16:07::SCWBDomain::artfiles -g -Wall -Wextra -fno-tree-loop-distribute-patterns"

TRACE::2025-03-24.14:16:08::SCWBDomain::"Running Make include in ps7_cortexa9_0/libsrc/xilffs_v4_7/src"

TRACE::2025-03-24.14:16:08::SCWBDomain::make -C ps7_cortexa9_0/libsrc/xilffs_v4_7/src -s include  "SHELL=CMD" "COMPILER=arm-none-eabi-gcc" "ASSEMBLER=arm-none-eabi-as"
TRACE::2025-03-24.14:16:08::SCWBDomain:: "ARCHIVER=arm-none-eabi-ar" "COMPILER_FLAGS=  -O2 -c" "EXTRA_COMPILER_FLAGS=-mcpu=cortex-a9 -mfpu=vfpv3 -mfloat-abi=hard -nost
TRACE::2025-03-24.14:16:08::SCWBDomain::artfiles -g -Wall -Wextra -fno-tree-loop-distribute-patterns"

TRACE::2025-03-24.14:16:08::SCWBDomain::"Running Make include in ps7_cortexa9_0/libsrc/xilrsa_v1_6/src"

TRACE::2025-03-24.14:16:08::SCWBDomain::make -C ps7_cortexa9_0/libsrc/xilrsa_v1_6/src -s include  "SHELL=CMD" "COMPILER=arm-none-eabi-gcc" "ASSEMBLER=arm-none-eabi-as"
TRACE::2025-03-24.14:16:08::SCWBDomain:: "ARCHIVER=arm-none-eabi-ar" "COMPILER_FLAGS=  -O2 -c" "EXTRA_COMPILER_FLAGS=-mcpu=cortex-a9 -mfpu=vfpv3 -mfloat-abi=hard -nost
TRACE::2025-03-24.14:16:08::SCWBDomain::artfiles -g -Wall -Wextra -fno-tree-loop-distribute-patterns"

TRACE::2025-03-24.14:16:08::SCWBDomain::"Running Make libs in ps7_cortexa9_0/libsrc/xilrsa_v1_6/src"

TRACE::2025-03-24.14:16:08::SCWBDomain::make -C ps7_cortexa9_0/libsrc/xilrsa_v1_6/src -s libs  "SHELL=CMD" "COMPILER=arm-none-eabi-gcc" "ASSEMBLER=arm-none-eabi-as" "A
TRACE::2025-03-24.14:16:08::SCWBDomain::RCHIVER=arm-none-eabi-ar" "COMPILER_FLAGS=  -O2 -c" "EXTRA_COMPILER_FLAGS=-mcpu=cortex-a9 -mfpu=vfpv3 -mfloat-abi=hard -nostart
TRACE::2025-03-24.14:16:08::SCWBDomain::files -g -Wall -Wextra -fno-tree-loop-distribute-patterns"

TRACE::2025-03-24.14:16:08::SCWBDomain::'Finished building libraries sequentially.'

TRACE::2025-03-24.14:16:08::SCWBDomain::make -j 2 --no-print-directory par_libs

TRACE::2025-03-24.14:16:08::SCWBDomain::"Running Make include in ps7_cortexa9_0/libsrc/axidma_v9_14/src"

TRACE::2025-03-24.14:16:08::SCWBDomain::"Running Make include in ps7_cortexa9_0/libsrc/axivdma_v6_11/src"

TRACE::2025-03-24.14:16:08::SCWBDomain::make -C ps7_cortexa9_0/libsrc/axidma_v9_14/src -s include  "SHELL=CMD" "COMPILER=arm-none-eabi-gcc" "ASSEMBLER=arm-none-eabi-as
TRACE::2025-03-24.14:16:08::SCWBDomain::" "ARCHIVER=arm-none-eabi-ar" "COMPILER_FLAGS=  -O2 -c" "EXTRA_COMPILER_FLAGS=-mcpu=cortex-a9 -mfpu=vfpv3 -mfloat-abi=hard -nos
TRACE::2025-03-24.14:16:08::SCWBDomain::tartfiles -g -Wall -Wextra -fno-tree-loop-distribute-patterns"

TRACE::2025-03-24.14:16:08::SCWBDomain::make -C ps7_cortexa9_0/libsrc/axivdma_v6_11/src -s include  "SHELL=CMD" "COMPILER=arm-none-eabi-gcc" "ASSEMBLER=arm-none-eabi-a
TRACE::2025-03-24.14:16:08::SCWBDomain::s" "ARCHIVER=arm-none-eabi-ar" "COMPILER_FLAGS=  -O2 -c" "EXTRA_COMPILER_FLAGS=-mcpu=cortex-a9 -mfpu=vfpv3 -mfloat-abi=hard -no
TRACE::2025-03-24.14:16:08::SCWBDomain::startfiles -g -Wall -Wextra -fno-tree-loop-distribute-patterns"

TRACE::2025-03-24.14:16:08::SCWBDomain::"Running Make include in ps7_cortexa9_0/libsrc/coresightps_dcc_v1_8/src"

TRACE::2025-03-24.14:16:08::SCWBDomain::make -C ps7_cortexa9_0/libsrc/coresightps_dcc_v1_8/src -s include  "SHELL=CMD" "COMPILER=arm-none-eabi-gcc" "ASSEMBLER=arm-none
TRACE::2025-03-24.14:16:08::SCWBDomain::-eabi-as" "ARCHIVER=arm-none-eabi-ar" "COMPILER_FLAGS=  -O2 -c" "EXTRA_COMPILER_FLAGS=-mcpu=cortex-a9 -mfpu=vfpv3 -mfloat-abi=h
TRACE::2025-03-24.14:16:08::SCWBDomain::ard -nostartfiles -g -Wall -Wextra -fno-tree-loop-distribute-patterns"

TRACE::2025-03-24.14:16:08::SCWBDomain::"Running Make include in ps7_cortexa9_0/libsrc/cpu_cortexa9_v2_11/src"

TRACE::2025-03-24.14:16:08::SCWBDomain::make -C ps7_cortexa9_0/libsrc/cpu_cortexa9_v2_11/src -s include  "SHELL=CMD" "COMPILER=arm-none-eabi-gcc" "ASSEMBLER=arm-none-e
TRACE::2025-03-24.14:16:08::SCWBDomain::abi-as" "ARCHIVER=arm-none-eabi-ar" "COMPILER_FLAGS=  -O2 -c" "EXTRA_COMPILER_FLAGS=-mcpu=cortex-a9 -mfpu=vfpv3 -mfloat-abi=har
TRACE::2025-03-24.14:16:08::SCWBDomain::d -nostartfiles -g -Wall -Wextra -fno-tree-loop-distribute-patterns"

TRACE::2025-03-24.14:16:08::SCWBDomain::"Running Make include in ps7_cortexa9_0/libsrc/ddrps_v1_2/src"

TRACE::2025-03-24.14:16:08::SCWBDomain::make -C ps7_cortexa9_0/libsrc/ddrps_v1_2/src -s include  "SHELL=CMD" "COMPILER=arm-none-eabi-gcc" "ASSEMBLER=arm-none-eabi-as" 
TRACE::2025-03-24.14:16:08::SCWBDomain::"ARCHIVER=arm-none-eabi-ar" "COMPILER_FLAGS=  -O2 -c" "EXTRA_COMPILER_FLAGS=-mcpu=cortex-a9 -mfpu=vfpv3 -mfloat-abi=hard -nosta
TRACE::2025-03-24.14:16:08::SCWBDomain::rtfiles -g -Wall -Wextra -fno-tree-loop-distribute-patterns"

TRACE::2025-03-24.14:16:08::SCWBDomain::"Running Make include in ps7_cortexa9_0/libsrc/devcfg_v3_7/src"

TRACE::2025-03-24.14:16:08::SCWBDomain::make -C ps7_cortexa9_0/libsrc/devcfg_v3_7/src -s include  "SHELL=CMD" "COMPILER=arm-none-eabi-gcc" "ASSEMBLER=arm-none-eabi-as"
TRACE::2025-03-24.14:16:08::SCWBDomain:: "ARCHIVER=arm-none-eabi-ar" "COMPILER_FLAGS=  -O2 -c" "EXTRA_COMPILER_FLAGS=-mcpu=cortex-a9 -mfpu=vfpv3 -mfloat-abi=hard -nost
TRACE::2025-03-24.14:16:08::SCWBDomain::artfiles -g -Wall -Wextra -fno-tree-loop-distribute-patterns"

TRACE::2025-03-24.14:16:08::SCWBDomain::"Running Make include in ps7_cortexa9_0/libsrc/dmaps_v2_8/src"

TRACE::2025-03-24.14:16:08::SCWBDomain::"Running Make include in ps7_cortexa9_0/libsrc/emacps_v3_16/src"

TRACE::2025-03-24.14:16:08::SCWBDomain::make -C ps7_cortexa9_0/libsrc/dmaps_v2_8/src -s include  "SHELL=CMD" "COMPILER=arm-none-eabi-gcc" "ASSEMBLER=arm-none-eabi-as" 
TRACE::2025-03-24.14:16:08::SCWBDomain::"ARCHIVER=arm-none-eabi-ar" "COMPILER_FLAGS=  -O2 -c" "EXTRA_COMPILER_FLAGS=-mcpu=cortex-a9 -mfpu=vfpv3 -mfloat-abi=hard -nosta
TRACE::2025-03-24.14:16:08::SCWBDomain::rtfiles -g -Wall -Wextra -fno-tree-loop-distribute-patterns"

TRACE::2025-03-24.14:16:08::SCWBDomain::make -C ps7_cortexa9_0/libsrc/emacps_v3_16/src -s include  "SHELL=CMD" "COMPILER=arm-none-eabi-gcc" "ASSEMBLER=arm-none-eabi-as
TRACE::2025-03-24.14:16:08::SCWBDomain::" "ARCHIVER=arm-none-eabi-ar" "COMPILER_FLAGS=  -O2 -c" "EXTRA_COMPILER_FLAGS=-mcpu=cortex-a9 -mfpu=vfpv3 -mfloat-abi=hard -nos
TRACE::2025-03-24.14:16:08::SCWBDomain::tartfiles -g -Wall -Wextra -fno-tree-loop-distribute-patterns"

TRACE::2025-03-24.14:16:08::SCWBDomain::"Running Make include in ps7_cortexa9_0/libsrc/gpiops_v3_9/src"

TRACE::2025-03-24.14:16:08::SCWBDomain::make -C ps7_cortexa9_0/libsrc/gpiops_v3_9/src -s include  "SHELL=CMD" "COMPILER=arm-none-eabi-gcc" "ASSEMBLER=arm-none-eabi-as"
TRACE::2025-03-24.14:16:08::SCWBDomain:: "ARCHIVER=arm-none-eabi-ar" "COMPILER_FLAGS=  -O2 -c" "EXTRA_COMPILER_FLAGS=-mcpu=cortex-a9 -mfpu=vfpv3 -mfloat-abi=hard -nost
TRACE::2025-03-24.14:16:08::SCWBDomain::artfiles -g -Wall -Wextra -fno-tree-loop-distribute-patterns"

TRACE::2025-03-24.14:16:08::SCWBDomain::"Running Make include in ps7_cortexa9_0/libsrc/iicps_v3_15/src"

TRACE::2025-03-24.14:16:08::SCWBDomain::make -C ps7_cortexa9_0/libsrc/iicps_v3_15/src -s include  "SHELL=CMD" "COMPILER=arm-none-eabi-gcc" "ASSEMBLER=arm-none-eabi-as"
TRACE::2025-03-24.14:16:08::SCWBDomain:: "ARCHIVER=arm-none-eabi-ar" "COMPILER_FLAGS=  -O2 -c" "EXTRA_COMPILER_FLAGS=-mcpu=cortex-a9 -mfpu=vfpv3 -mfloat-abi=hard -nost
TRACE::2025-03-24.14:16:08::SCWBDomain::artfiles -g -Wall -Wextra -fno-tree-loop-distribute-patterns"

TRACE::2025-03-24.14:16:09::SCWBDomain::"Running Make include in ps7_cortexa9_0/libsrc/qspips_v3_9/src"

TRACE::2025-03-24.14:16:09::SCWBDomain::make -C ps7_cortexa9_0/libsrc/qspips_v3_9/src -s include  "SHELL=CMD" "COMPILER=arm-none-eabi-gcc" "ASSEMBLER=arm-none-eabi-as"
TRACE::2025-03-24.14:16:09::SCWBDomain:: "ARCHIVER=arm-none-eabi-ar" "COMPILER_FLAGS=  -O2 -c" "EXTRA_COMPILER_FLAGS=-mcpu=cortex-a9 -mfpu=vfpv3 -mfloat-abi=hard -nost
TRACE::2025-03-24.14:16:09::SCWBDomain::artfiles -g -Wall -Wextra -fno-tree-loop-distribute-patterns"

TRACE::2025-03-24.14:16:09::SCWBDomain::"Running Make include in ps7_cortexa9_0/libsrc/scugic_v4_7/src"

TRACE::2025-03-24.14:16:09::SCWBDomain::make -C ps7_cortexa9_0/libsrc/scugic_v4_7/src -s include  "SHELL=CMD" "COMPILER=arm-none-eabi-gcc" "ASSEMBLER=arm-none-eabi-as"
TRACE::2025-03-24.14:16:09::SCWBDomain:: "ARCHIVER=arm-none-eabi-ar" "COMPILER_FLAGS=  -O2 -c" "EXTRA_COMPILER_FLAGS=-mcpu=cortex-a9 -mfpu=vfpv3 -mfloat-abi=hard -nost
TRACE::2025-03-24.14:16:09::SCWBDomain::artfiles -g -Wall -Wextra -fno-tree-loop-distribute-patterns"

TRACE::2025-03-24.14:16:09::SCWBDomain::"Running Make include in ps7_cortexa9_0/libsrc/scutimer_v2_4/src"

TRACE::2025-03-24.14:16:09::SCWBDomain::make -C ps7_cortexa9_0/libsrc/scutimer_v2_4/src -s include  "SHELL=CMD" "COMPILER=arm-none-eabi-gcc" "ASSEMBLER=arm-none-eabi-a
TRACE::2025-03-24.14:16:09::SCWBDomain::s" "ARCHIVER=arm-none-eabi-ar" "COMPILER_FLAGS=  -O2 -c" "EXTRA_COMPILER_FLAGS=-mcpu=cortex-a9 -mfpu=vfpv3 -mfloat-abi=hard -no
TRACE::2025-03-24.14:16:09::SCWBDomain::startfiles -g -Wall -Wextra -fno-tree-loop-distribute-patterns"

TRACE::2025-03-24.14:16:09::SCWBDomain::"Running Make include in ps7_cortexa9_0/libsrc/scuwdt_v2_4/src"

TRACE::2025-03-24.14:16:09::SCWBDomain::make -C ps7_cortexa9_0/libsrc/scuwdt_v2_4/src -s include  "SHELL=CMD" "COMPILER=arm-none-eabi-gcc" "ASSEMBLER=arm-none-eabi-as"
TRACE::2025-03-24.14:16:09::SCWBDomain:: "ARCHIVER=arm-none-eabi-ar" "COMPILER_FLAGS=  -O2 -c" "EXTRA_COMPILER_FLAGS=-mcpu=cortex-a9 -mfpu=vfpv3 -mfloat-abi=hard -nost
TRACE::2025-03-24.14:16:09::SCWBDomain::artfiles -g -Wall -Wextra -fno-tree-loop-distribute-patterns"

TRACE::2025-03-24.14:16:09::SCWBDomain::"Running Make include in ps7_cortexa9_0/libsrc/sdps_v3_14/src"

TRACE::2025-03-24.14:16:09::SCWBDomain::make -C ps7_cortexa9_0/libsrc/sdps_v3_14/src -s include  "SHELL=CMD" "COMPILER=arm-none-eabi-gcc" "ASSEMBLER=arm-none-eabi-as" 
TRACE::2025-03-24.14:16:09::SCWBDomain::"ARCHIVER=arm-none-eabi-ar" "COMPILER_FLAGS=  -O2 -c" "EXTRA_COMPILER_FLAGS=-mcpu=cortex-a9 -mfpu=vfpv3 -mfloat-abi=hard -nosta
TRACE::2025-03-24.14:16:09::SCWBDomain::rtfiles -g -Wall -Wextra -fno-tree-loop-distribute-patterns"

TRACE::2025-03-24.14:16:09::SCWBDomain::"Running Make include in ps7_cortexa9_0/libsrc/standalone_v7_7/src"

TRACE::2025-03-24.14:16:09::SCWBDomain::make -C ps7_cortexa9_0/libsrc/standalone_v7_7/src -s include  "SHELL=CMD" "COMPILER=arm-none-eabi-gcc" "ASSEMBLER=arm-none-eabi
TRACE::2025-03-24.14:16:09::SCWBDomain::-as" "ARCHIVER=arm-none-eabi-ar" "COMPILER_FLAGS=  -O2 -c" "EXTRA_COMPILER_FLAGS=-mcpu=cortex-a9 -mfpu=vfpv3 -mfloat-abi=hard -
TRACE::2025-03-24.14:16:09::SCWBDomain::nostartfiles -g -Wall -Wextra -fno-tree-loop-distribute-patterns"

TRACE::2025-03-24.14:16:09::SCWBDomain::"Running Make include in ps7_cortexa9_0/libsrc/uartps_v3_11/src"

TRACE::2025-03-24.14:16:09::SCWBDomain::make -C ps7_cortexa9_0/libsrc/uartps_v3_11/src -s include  "SHELL=CMD" "COMPILER=arm-none-eabi-gcc" "ASSEMBLER=arm-none-eabi-as
TRACE::2025-03-24.14:16:09::SCWBDomain::" "ARCHIVER=arm-none-eabi-ar" "COMPILER_FLAGS=  -O2 -c" "EXTRA_COMPILER_FLAGS=-mcpu=cortex-a9 -mfpu=vfpv3 -mfloat-abi=hard -nos
TRACE::2025-03-24.14:16:09::SCWBDomain::tartfiles -g -Wall -Wextra -fno-tree-loop-distribute-patterns"

TRACE::2025-03-24.14:16:09::SCWBDomain::"Running Make include in ps7_cortexa9_0/libsrc/usbps_v2_7/src"

TRACE::2025-03-24.14:16:09::SCWBDomain::make -C ps7_cortexa9_0/libsrc/usbps_v2_7/src -s include  "SHELL=CMD" "COMPILER=arm-none-eabi-gcc" "ASSEMBLER=arm-none-eabi-as" 
TRACE::2025-03-24.14:16:09::SCWBDomain::"ARCHIVER=arm-none-eabi-ar" "COMPILER_FLAGS=  -O2 -c" "EXTRA_COMPILER_FLAGS=-mcpu=cortex-a9 -mfpu=vfpv3 -mfloat-abi=hard -nosta
TRACE::2025-03-24.14:16:09::SCWBDomain::rtfiles -g -Wall -Wextra -fno-tree-loop-distribute-patterns"

TRACE::2025-03-24.14:16:09::SCWBDomain::"Running Make include in ps7_cortexa9_0/libsrc/xadcps_v2_6/src"

TRACE::2025-03-24.14:16:09::SCWBDomain::make -C ps7_cortexa9_0/libsrc/xadcps_v2_6/src -s include  "SHELL=CMD" "COMPILER=arm-none-eabi-gcc" "ASSEMBLER=arm-none-eabi-as"
TRACE::2025-03-24.14:16:09::SCWBDomain:: "ARCHIVER=arm-none-eabi-ar" "COMPILER_FLAGS=  -O2 -c" "EXTRA_COMPILER_FLAGS=-mcpu=cortex-a9 -mfpu=vfpv3 -mfloat-abi=hard -nost
TRACE::2025-03-24.14:16:09::SCWBDomain::artfiles -g -Wall -Wextra -fno-tree-loop-distribute-patterns"

TRACE::2025-03-24.14:16:09::SCWBDomain::"Running Make include in ps7_cortexa9_0/libsrc/xilffs_v4_7/src"

TRACE::2025-03-24.14:16:09::SCWBDomain::make -C ps7_cortexa9_0/libsrc/xilffs_v4_7/src -s include  "SHELL=CMD" "COMPILER=arm-none-eabi-gcc" "ASSEMBLER=arm-none-eabi-as"
TRACE::2025-03-24.14:16:09::SCWBDomain:: "ARCHIVER=arm-none-eabi-ar" "COMPILER_FLAGS=  -O2 -c" "EXTRA_COMPILER_FLAGS=-mcpu=cortex-a9 -mfpu=vfpv3 -mfloat-abi=hard -nost
TRACE::2025-03-24.14:16:09::SCWBDomain::artfiles -g -Wall -Wextra -fno-tree-loop-distribute-patterns"

TRACE::2025-03-24.14:16:09::SCWBDomain::"Running Make include in ps7_cortexa9_0/libsrc/xilrsa_v1_6/src"

TRACE::2025-03-24.14:16:09::SCWBDomain::make -C ps7_cortexa9_0/libsrc/xilrsa_v1_6/src -s include  "SHELL=CMD" "COMPILER=arm-none-eabi-gcc" "ASSEMBLER=arm-none-eabi-as"
TRACE::2025-03-24.14:16:09::SCWBDomain:: "ARCHIVER=arm-none-eabi-ar" "COMPILER_FLAGS=  -O2 -c" "EXTRA_COMPILER_FLAGS=-mcpu=cortex-a9 -mfpu=vfpv3 -mfloat-abi=hard -nost
TRACE::2025-03-24.14:16:09::SCWBDomain::artfiles -g -Wall -Wextra -fno-tree-loop-distribute-patterns"

TRACE::2025-03-24.14:16:09::SCWBDomain::"Running Make libs in ps7_cortexa9_0/libsrc/axidma_v9_14/src"

TRACE::2025-03-24.14:16:09::SCWBDomain::make -C ps7_cortexa9_0/libsrc/axidma_v9_14/src -s libs  "SHELL=CMD" "COMPILER=arm-none-eabi-gcc" "ASSEMBLER=arm-none-eabi-as" "
TRACE::2025-03-24.14:16:09::SCWBDomain::ARCHIVER=arm-none-eabi-ar" "COMPILER_FLAGS=  -O2 -c" "EXTRA_COMPILER_FLAGS=-mcpu=cortex-a9 -mfpu=vfpv3 -mfloat-abi=hard -nostar
TRACE::2025-03-24.14:16:09::SCWBDomain::tfiles -g -Wall -Wextra -fno-tree-loop-distribute-patterns"

TRACE::2025-03-24.14:16:09::SCWBDomain::"Running Make libs in ps7_cortexa9_0/libsrc/axivdma_v6_11/src"

TRACE::2025-03-24.14:16:09::SCWBDomain::make -C ps7_cortexa9_0/libsrc/axivdma_v6_11/src -s libs  "SHELL=CMD" "COMPILER=arm-none-eabi-gcc" "ASSEMBLER=arm-none-eabi-as" 
TRACE::2025-03-24.14:16:09::SCWBDomain::"ARCHIVER=arm-none-eabi-ar" "COMPILER_FLAGS=  -O2 -c" "EXTRA_COMPILER_FLAGS=-mcpu=cortex-a9 -mfpu=vfpv3 -mfloat-abi=hard -nosta
TRACE::2025-03-24.14:16:09::SCWBDomain::rtfiles -g -Wall -Wextra -fno-tree-loop-distribute-patterns"

TRACE::2025-03-24.14:16:11::SCWBDomain::"Running Make libs in ps7_cortexa9_0/libsrc/coresightps_dcc_v1_8/src"

TRACE::2025-03-24.14:16:11::SCWBDomain::make -C ps7_cortexa9_0/libsrc/coresightps_dcc_v1_8/src -s libs  "SHELL=CMD" "COMPILER=arm-none-eabi-gcc" "ASSEMBLER=arm-none-ea
TRACE::2025-03-24.14:16:11::SCWBDomain::bi-as" "ARCHIVER=arm-none-eabi-ar" "COMPILER_FLAGS=  -O2 -c" "EXTRA_COMPILER_FLAGS=-mcpu=cortex-a9 -mfpu=vfpv3 -mfloat-abi=hard
TRACE::2025-03-24.14:16:11::SCWBDomain:: -nostartfiles -g -Wall -Wextra -fno-tree-loop-distribute-patterns"

TRACE::2025-03-24.14:16:11::SCWBDomain::"Running Make libs in ps7_cortexa9_0/libsrc/cpu_cortexa9_v2_11/src"

TRACE::2025-03-24.14:16:11::SCWBDomain::make -C ps7_cortexa9_0/libsrc/cpu_cortexa9_v2_11/src -s libs  "SHELL=CMD" "COMPILER=arm-none-eabi-gcc" "ASSEMBLER=arm-none-eabi
TRACE::2025-03-24.14:16:11::SCWBDomain::-as" "ARCHIVER=arm-none-eabi-ar" "COMPILER_FLAGS=  -O2 -c" "EXTRA_COMPILER_FLAGS=-mcpu=cortex-a9 -mfpu=vfpv3 -mfloat-abi=hard -
TRACE::2025-03-24.14:16:11::SCWBDomain::nostartfiles -g -Wall -Wextra -fno-tree-loop-distribute-patterns"

TRACE::2025-03-24.14:16:11::SCWBDomain::"Running Make libs in ps7_cortexa9_0/libsrc/ddrps_v1_2/src"

TRACE::2025-03-24.14:16:11::SCWBDomain::make -C ps7_cortexa9_0/libsrc/ddrps_v1_2/src -s libs  "SHELL=CMD" "COMPILER=arm-none-eabi-gcc" "ASSEMBLER=arm-none-eabi-as" "AR
TRACE::2025-03-24.14:16:11::SCWBDomain::CHIVER=arm-none-eabi-ar" "COMPILER_FLAGS=  -O2 -c" "EXTRA_COMPILER_FLAGS=-mcpu=cortex-a9 -mfpu=vfpv3 -mfloat-abi=hard -nostartf
TRACE::2025-03-24.14:16:11::SCWBDomain::iles -g -Wall -Wextra -fno-tree-loop-distribute-patterns"

TRACE::2025-03-24.14:16:11::SCWBDomain::"Running Make libs in ps7_cortexa9_0/libsrc/devcfg_v3_7/src"

TRACE::2025-03-24.14:16:11::SCWBDomain::make -C ps7_cortexa9_0/libsrc/devcfg_v3_7/src -s libs  "SHELL=CMD" "COMPILER=arm-none-eabi-gcc" "ASSEMBLER=arm-none-eabi-as" "A
TRACE::2025-03-24.14:16:11::SCWBDomain::RCHIVER=arm-none-eabi-ar" "COMPILER_FLAGS=  -O2 -c" "EXTRA_COMPILER_FLAGS=-mcpu=cortex-a9 -mfpu=vfpv3 -mfloat-abi=hard -nostart
TRACE::2025-03-24.14:16:11::SCWBDomain::files -g -Wall -Wextra -fno-tree-loop-distribute-patterns"

TRACE::2025-03-24.14:16:11::SCWBDomain::"Running Make libs in ps7_cortexa9_0/libsrc/dmaps_v2_8/src"

TRACE::2025-03-24.14:16:11::SCWBDomain::make -C ps7_cortexa9_0/libsrc/dmaps_v2_8/src -s libs  "SHELL=CMD" "COMPILER=arm-none-eabi-gcc" "ASSEMBLER=arm-none-eabi-as" "AR
TRACE::2025-03-24.14:16:11::SCWBDomain::CHIVER=arm-none-eabi-ar" "COMPILER_FLAGS=  -O2 -c" "EXTRA_COMPILER_FLAGS=-mcpu=cortex-a9 -mfpu=vfpv3 -mfloat-abi=hard -nostartf
TRACE::2025-03-24.14:16:11::SCWBDomain::iles -g -Wall -Wextra -fno-tree-loop-distribute-patterns"

TRACE::2025-03-24.14:16:12::SCWBDomain::"Running Make libs in ps7_cortexa9_0/libsrc/emacps_v3_16/src"

TRACE::2025-03-24.14:16:12::SCWBDomain::make -C ps7_cortexa9_0/libsrc/emacps_v3_16/src -s libs  "SHELL=CMD" "COMPILER=arm-none-eabi-gcc" "ASSEMBLER=arm-none-eabi-as" "
TRACE::2025-03-24.14:16:12::SCWBDomain::ARCHIVER=arm-none-eabi-ar" "COMPILER_FLAGS=  -O2 -c" "EXTRA_COMPILER_FLAGS=-mcpu=cortex-a9 -mfpu=vfpv3 -mfloat-abi=hard -nostar
TRACE::2025-03-24.14:16:12::SCWBDomain::tfiles -g -Wall -Wextra -fno-tree-loop-distribute-patterns"

TRACE::2025-03-24.14:16:12::SCWBDomain::"Running Make libs in ps7_cortexa9_0/libsrc/gpiops_v3_9/src"

TRACE::2025-03-24.14:16:12::SCWBDomain::make -C ps7_cortexa9_0/libsrc/gpiops_v3_9/src -s libs  "SHELL=CMD" "COMPILER=arm-none-eabi-gcc" "ASSEMBLER=arm-none-eabi-as" "A
TRACE::2025-03-24.14:16:12::SCWBDomain::RCHIVER=arm-none-eabi-ar" "COMPILER_FLAGS=  -O2 -c" "EXTRA_COMPILER_FLAGS=-mcpu=cortex-a9 -mfpu=vfpv3 -mfloat-abi=hard -nostart
TRACE::2025-03-24.14:16:12::SCWBDomain::files -g -Wall -Wextra -fno-tree-loop-distribute-patterns"

TRACE::2025-03-24.14:16:14::SCWBDomain::"Running Make libs in ps7_cortexa9_0/libsrc/iicps_v3_15/src"

TRACE::2025-03-24.14:16:14::SCWBDomain::make -C ps7_cortexa9_0/libsrc/iicps_v3_15/src -s libs  "SHELL=CMD" "COMPILER=arm-none-eabi-gcc" "ASSEMBLER=arm-none-eabi-as" "A
TRACE::2025-03-24.14:16:14::SCWBDomain::RCHIVER=arm-none-eabi-ar" "COMPILER_FLAGS=  -O2 -c" "EXTRA_COMPILER_FLAGS=-mcpu=cortex-a9 -mfpu=vfpv3 -mfloat-abi=hard -nostart
TRACE::2025-03-24.14:16:14::SCWBDomain::files -g -Wall -Wextra -fno-tree-loop-distribute-patterns"

TRACE::2025-03-24.14:16:14::SCWBDomain::"Running Make libs in ps7_cortexa9_0/libsrc/qspips_v3_9/src"

TRACE::2025-03-24.14:16:14::SCWBDomain::make -C ps7_cortexa9_0/libsrc/qspips_v3_9/src -s libs  "SHELL=CMD" "COMPILER=arm-none-eabi-gcc" "ASSEMBLER=arm-none-eabi-as" "A
TRACE::2025-03-24.14:16:14::SCWBDomain::RCHIVER=arm-none-eabi-ar" "COMPILER_FLAGS=  -O2 -c" "EXTRA_COMPILER_FLAGS=-mcpu=cortex-a9 -mfpu=vfpv3 -mfloat-abi=hard -nostart
TRACE::2025-03-24.14:16:14::SCWBDomain::files -g -Wall -Wextra -fno-tree-loop-distribute-patterns"

TRACE::2025-03-24.14:16:16::SCWBDomain::"Running Make libs in ps7_cortexa9_0/libsrc/scugic_v4_7/src"

TRACE::2025-03-24.14:16:16::SCWBDomain::"Running Make libs in ps7_cortexa9_0/libsrc/scutimer_v2_4/src"

TRACE::2025-03-24.14:16:16::SCWBDomain::make -C ps7_cortexa9_0/libsrc/scugic_v4_7/src -s libs  "SHELL=CMD" "COMPILER=arm-none-eabi-gcc" "ASSEMBLER=arm-none-eabi-as" "A
TRACE::2025-03-24.14:16:16::SCWBDomain::RCHIVER=arm-none-eabi-ar" "COMPILER_FLAGS=  -O2 -c" "EXTRA_COMPILER_FLAGS=-mcpu=cortex-a9 -mfpu=vfpv3 -mfloat-abi=hard -nostart
TRACE::2025-03-24.14:16:16::SCWBDomain::files -g -Wall -Wextra -fno-tree-loop-distribute-patterns"

TRACE::2025-03-24.14:16:16::SCWBDomain::make -C ps7_cortexa9_0/libsrc/scutimer_v2_4/src -s libs  "SHELL=CMD" "COMPILER=arm-none-eabi-gcc" "ASSEMBLER=arm-none-eabi-as" 
TRACE::2025-03-24.14:16:16::SCWBDomain::"ARCHIVER=arm-none-eabi-ar" "COMPILER_FLAGS=  -O2 -c" "EXTRA_COMPILER_FLAGS=-mcpu=cortex-a9 -mfpu=vfpv3 -mfloat-abi=hard -nosta
TRACE::2025-03-24.14:16:16::SCWBDomain::rtfiles -g -Wall -Wextra -fno-tree-loop-distribute-patterns"

TRACE::2025-03-24.14:16:17::SCWBDomain::"Running Make libs in ps7_cortexa9_0/libsrc/scuwdt_v2_4/src"

TRACE::2025-03-24.14:16:17::SCWBDomain::make -C ps7_cortexa9_0/libsrc/scuwdt_v2_4/src -s libs  "SHELL=CMD" "COMPILER=arm-none-eabi-gcc" "ASSEMBLER=arm-none-eabi-as" "A
TRACE::2025-03-24.14:16:17::SCWBDomain::RCHIVER=arm-none-eabi-ar" "COMPILER_FLAGS=  -O2 -c" "EXTRA_COMPILER_FLAGS=-mcpu=cortex-a9 -mfpu=vfpv3 -mfloat-abi=hard -nostart
TRACE::2025-03-24.14:16:17::SCWBDomain::files -g -Wall -Wextra -fno-tree-loop-distribute-patterns"

TRACE::2025-03-24.14:16:17::SCWBDomain::"Running Make libs in ps7_cortexa9_0/libsrc/sdps_v3_14/src"

TRACE::2025-03-24.14:16:17::SCWBDomain::make -C ps7_cortexa9_0/libsrc/sdps_v3_14/src -s libs  "SHELL=CMD" "COMPILER=arm-none-eabi-gcc" "ASSEMBLER=arm-none-eabi-as" "AR
TRACE::2025-03-24.14:16:17::SCWBDomain::CHIVER=arm-none-eabi-ar" "COMPILER_FLAGS=  -O2 -c" "EXTRA_COMPILER_FLAGS=-mcpu=cortex-a9 -mfpu=vfpv3 -mfloat-abi=hard -nostartf
TRACE::2025-03-24.14:16:17::SCWBDomain::iles -g -Wall -Wextra -fno-tree-loop-distribute-patterns"

TRACE::2025-03-24.14:16:18::SCWBDomain::"Running Make libs in ps7_cortexa9_0/libsrc/standalone_v7_7/src"

TRACE::2025-03-24.14:16:18::SCWBDomain::make -C ps7_cortexa9_0/libsrc/standalone_v7_7/src -s libs  "SHELL=CMD" "COMPILER=arm-none-eabi-gcc" "ASSEMBLER=arm-none-eabi-as
TRACE::2025-03-24.14:16:18::SCWBDomain::" "ARCHIVER=arm-none-eabi-ar" "COMPILER_FLAGS=  -O2 -c" "EXTRA_COMPILER_FLAGS=-mcpu=cortex-a9 -mfpu=vfpv3 -mfloat-abi=hard -nos
TRACE::2025-03-24.14:16:18::SCWBDomain::tartfiles -g -Wall -Wextra -fno-tree-loop-distribute-patterns"

TRACE::2025-03-24.14:16:19::SCWBDomain::"Running Make libs in ps7_cortexa9_0/libsrc/uartps_v3_11/src"

TRACE::2025-03-24.14:16:19::SCWBDomain::make -C ps7_cortexa9_0/libsrc/uartps_v3_11/src -s libs  "SHELL=CMD" "COMPILER=arm-none-eabi-gcc" "ASSEMBLER=arm-none-eabi-as" "
TRACE::2025-03-24.14:16:19::SCWBDomain::ARCHIVER=arm-none-eabi-ar" "COMPILER_FLAGS=  -O2 -c" "EXTRA_COMPILER_FLAGS=-mcpu=cortex-a9 -mfpu=vfpv3 -mfloat-abi=hard -nostar
TRACE::2025-03-24.14:16:19::SCWBDomain::tfiles -g -Wall -Wextra -fno-tree-loop-distribute-patterns"

TRACE::2025-03-24.14:16:21::SCWBDomain::"Running Make libs in ps7_cortexa9_0/libsrc/usbps_v2_7/src"

TRACE::2025-03-24.14:16:21::SCWBDomain::make -C ps7_cortexa9_0/libsrc/usbps_v2_7/src -s libs  "SHELL=CMD" "COMPILER=arm-none-eabi-gcc" "ASSEMBLER=arm-none-eabi-as" "AR
TRACE::2025-03-24.14:16:21::SCWBDomain::CHIVER=arm-none-eabi-ar" "COMPILER_FLAGS=  -O2 -c" "EXTRA_COMPILER_FLAGS=-mcpu=cortex-a9 -mfpu=vfpv3 -mfloat-abi=hard -nostartf
TRACE::2025-03-24.14:16:21::SCWBDomain::iles -g -Wall -Wextra -fno-tree-loop-distribute-patterns"

TRACE::2025-03-24.14:16:23::SCWBDomain::"Running Make libs in ps7_cortexa9_0/libsrc/xadcps_v2_6/src"

TRACE::2025-03-24.14:16:23::SCWBDomain::make -C ps7_cortexa9_0/libsrc/xadcps_v2_6/src -s libs  "SHELL=CMD" "COMPILER=arm-none-eabi-gcc" "ASSEMBLER=arm-none-eabi-as" "A
TRACE::2025-03-24.14:16:23::SCWBDomain::RCHIVER=arm-none-eabi-ar" "COMPILER_FLAGS=  -O2 -c" "EXTRA_COMPILER_FLAGS=-mcpu=cortex-a9 -mfpu=vfpv3 -mfloat-abi=hard -nostart
TRACE::2025-03-24.14:16:23::SCWBDomain::files -g -Wall -Wextra -fno-tree-loop-distribute-patterns"

TRACE::2025-03-24.14:16:25::SCWBDomain::"Running Make libs in ps7_cortexa9_0/libsrc/xilffs_v4_7/src"

TRACE::2025-03-24.14:16:25::SCWBDomain::make -C ps7_cortexa9_0/libsrc/xilffs_v4_7/src -s libs  "SHELL=CMD" "COMPILER=arm-none-eabi-gcc" "ASSEMBLER=arm-none-eabi-as" "A
TRACE::2025-03-24.14:16:25::SCWBDomain::RCHIVER=arm-none-eabi-ar" "COMPILER_FLAGS=  -O2 -c" "EXTRA_COMPILER_FLAGS=-mcpu=cortex-a9 -mfpu=vfpv3 -mfloat-abi=hard -nostart
TRACE::2025-03-24.14:16:25::SCWBDomain::files -g -Wall -Wextra -fno-tree-loop-distribute-patterns"

TRACE::2025-03-24.14:16:28::SCWBDomain::'Finished building libraries parallelly.'

TRACE::2025-03-24.14:16:28::SCWBDomain::make --no-print-directory archive

TRACE::2025-03-24.14:16:28::SCWBDomain::arm-none-eabi-ar -r  ps7_cortexa9_0/lib/libxil.a ps7_cortexa9_0/lib/xadcps_selftest.o ps7_cortexa9_0/lib/xplatform_info.o ps7_c
TRACE::2025-03-24.14:16:28::SCWBDomain::ortexa9_0/lib/time.o ps7_cortexa9_0/lib/_exit.o ps7_cortexa9_0/lib/xusbps_sinit.o ps7_cortexa9_0/lib/xdevcfg_hw.o ps7_cortexa9_
TRACE::2025-03-24.14:16:28::SCWBDomain::0/lib/xil_sleeptimer.o ps7_cortexa9_0/lib/xqspips_options.o ps7_cortexa9_0/lib/xdmaps_g.o ps7_cortexa9_0/lib/xscutimer_g.o ps7_
TRACE::2025-03-24.14:16:28::SCWBDomain::cortexa9_0/lib/xsdps_options.o ps7_cortexa9_0/lib/xil_misc_psreset_api.o ps7_cortexa9_0/lib/xdmaps_sinit.o ps7_cortexa9_0/lib/x
TRACE::2025-03-24.14:16:28::SCWBDomain::scutimer_sinit.o ps7_cortexa9_0/lib/xemacps_hw.o ps7_cortexa9_0/lib/inbyte.o ps7_cortexa9_0/lib/xscutimer_selftest.o ps7_cortex
TRACE::2025-03-24.14:16:28::SCWBDomain::a9_0/lib/putnum.o ps7_cortexa9_0/lib/xqspips_hw.o ps7_cortexa9_0/lib/xgpiops_g.o ps7_cortexa9_0/lib/xsdps.o ps7_cortexa9_0/lib/
TRACE::2025-03-24.14:16:28::SCWBDomain::close.o ps7_cortexa9_0/lib/xemacps_g.o ps7_cortexa9_0/lib/xgpiops_sinit.o ps7_cortexa9_0/lib/xgpiops_selftest.o ps7_cortexa9_0/
TRACE::2025-03-24.14:16:28::SCWBDomain::lib/xscuwdt.o ps7_cortexa9_0/lib/xaxivdma_g.o ps7_cortexa9_0/lib/xiicps_intr.o ps7_cortexa9_0/lib/xaxivdma_sinit.o ps7_cortexa9
TRACE::2025-03-24.14:16:28::SCWBDomain::_0/lib/xuartps_sinit.o ps7_cortexa9_0/lib/xaxivdma_selftest.o ps7_cortexa9_0/lib/xiicps_slave.o ps7_cortexa9_0/lib/xil_printf.o
TRACE::2025-03-24.14:16:28::SCWBDomain:: ps7_cortexa9_0/lib/kill.o ps7_cortexa9_0/lib/xadcps.o ps7_cortexa9_0/lib/xiicps_options.o ps7_cortexa9_0/lib/xdmaps.o ps7_cort
TRACE::2025-03-24.14:16:28::SCWBDomain::exa9_0/lib/xuartps_selftest.o ps7_cortexa9_0/lib/xuartps_g.o ps7_cortexa9_0/lib/lseek.o ps7_cortexa9_0/lib/xil_testmem.o ps7_co
TRACE::2025-03-24.14:16:28::SCWBDomain::rtexa9_0/lib/xusbps_hw.o ps7_cortexa9_0/lib/xl2cc_counter.o ps7_cortexa9_0/lib/xiicps_hw.o ps7_cortexa9_0/lib/asm_vectors.o ps7
TRACE::2025-03-24.14:16:28::SCWBDomain::_cortexa9_0/lib/usleep.o ps7_cortexa9_0/lib/abort.o ps7_cortexa9_0/lib/xscugic_intr.o ps7_cortexa9_0/lib/getpid.o ps7_cortexa9_
TRACE::2025-03-24.14:16:28::SCWBDomain::0/lib/xiicps_selftest.o ps7_cortexa9_0/lib/xil_testcache.o ps7_cortexa9_0/lib/xdevcfg_sinit.o ps7_cortexa9_0/lib/xgpiops.o ps7_
TRACE::2025-03-24.14:16:28::SCWBDomain::cortexa9_0/lib/xscutimer.o ps7_cortexa9_0/lib/xil_mem.o ps7_cortexa9_0/lib/xdevcfg_selftest.o ps7_cortexa9_0/lib/xpm_counter.o 
TRACE::2025-03-24.14:16:28::SCWBDomain::ps7_cortexa9_0/lib/xiicps.o ps7_cortexa9_0/lib/_sbrk.o ps7_cortexa9_0/lib/xiicps_master.o ps7_cortexa9_0/lib/xqspips_g.o ps7_co
TRACE::2025-03-24.14:16:28::SCWBDomain::rtexa9_0/lib/xemacps_bdring.o ps7_cortexa9_0/lib/xusbps_endpoint.o ps7_cortexa9_0/lib/xqspips_sinit.o ps7_cortexa9_0/lib/xqspip
TRACE::2025-03-24.14:16:28::SCWBDomain::s_selftest.o ps7_cortexa9_0/lib/xil_exception.o ps7_cortexa9_0/lib/sbrk.o ps7_cortexa9_0/lib/xaxivdma.o ps7_cortexa9_0/lib/xema
TRACE::2025-03-24.14:16:28::SCWBDomain::cps_control.o ps7_cortexa9_0/lib/open.o ps7_cortexa9_0/lib/xil_assert.o ps7_cortexa9_0/lib/xaxivdma_intr.o ps7_cortexa9_0/lib/x
TRACE::2025-03-24.14:16:28::SCWBDomain::usbps_intr.o ps7_cortexa9_0/lib/xsdps_host.o ps7_cortexa9_0/lib/xcoresightpsdcc.o ps7_cortexa9_0/lib/xscugic_hw.o ps7_cortexa9_
TRACE::2025-03-24.14:16:28::SCWBDomain::0/lib/sleep.o ps7_cortexa9_0/lib/xil-crt0.o ps7_cortexa9_0/lib/cpputest_time.o ps7_cortexa9_0/lib/print.o ps7_cortexa9_0/lib/re
TRACE::2025-03-24.14:16:28::SCWBDomain::ad.o ps7_cortexa9_0/lib/xiicps_g.o ps7_cortexa9_0/lib/xdevcfg.o ps7_cortexa9_0/lib/xadcps_intr.o ps7_cortexa9_0/lib/xqspips.o p
TRACE::2025-03-24.14:16:28::SCWBDomain::s7_cortexa9_0/lib/xemacps.o ps7_cortexa9_0/lib/xil_cache.o ps7_cortexa9_0/lib/xil_testio.o ps7_cortexa9_0/lib/_open.o ps7_corte
TRACE::2025-03-24.14:16:28::SCWBDomain::xa9_0/lib/unlink.o ps7_cortexa9_0/lib/xaxidma_g.o ps7_cortexa9_0/lib/xusbps.o ps7_cortexa9_0/lib/xusbps_g.o ps7_cortexa9_0/lib/
TRACE::2025-03-24.14:16:28::SCWBDomain::xdmaps_selftest.o ps7_cortexa9_0/lib/xaxidma_sinit.o ps7_cortexa9_0/lib/xil_spinlock.o ps7_cortexa9_0/lib/translation_table.o p
TRACE::2025-03-24.14:16:28::SCWBDomain::s7_cortexa9_0/lib/xaxidma_selftest.o ps7_cortexa9_0/lib/write.o ps7_cortexa9_0/lib/xil_mmu.o ps7_cortexa9_0/lib/boot.o ps7_cort
TRACE::2025-03-24.14:16:28::SCWBDomain::exa9_0/lib/xaxivdma_channel.o ps7_cortexa9_0/lib/cpu_init.o ps7_cortexa9_0/lib/xaxidma_bd.o ps7_cortexa9_0/lib/xil_sleepcommon.
TRACE::2025-03-24.14:16:28::SCWBDomain::o ps7_cortexa9_0/lib/xgpiops_intr.o ps7_cortexa9_0/lib/xscugic_sinit.o ps7_cortexa9_0/lib/fcntl.o ps7_cortexa9_0/lib/xdevcfg_g.
TRACE::2025-03-24.14:16:28::SCWBDomain::o ps7_cortexa9_0/lib/outbyte.o ps7_cortexa9_0/lib/xinterrupt_wrap.o ps7_cortexa9_0/lib/xuartps_hw.o ps7_cortexa9_0/lib/xtime_l.
TRACE::2025-03-24.14:16:28::SCWBDomain::o ps7_cortexa9_0/lib/xemacps_sinit.o ps7_cortexa9_0/lib/xscugic_selftest.o ps7_cortexa9_0/lib/xil_util.o ps7_cortexa9_0/lib/xua
TRACE::2025-03-24.14:16:28::SCWBDomain::rtps_intr.o ps7_cortexa9_0/lib/xuartps.o ps7_cortexa9_0/lib/xsdps_card.o ps7_cortexa9_0/lib/xdmaps_hw.o ps7_cortexa9_0/lib/xsdp
TRACE::2025-03-24.14:16:28::SCWBDomain::s_sinit.o ps7_cortexa9_0/lib/xscuwdt_sinit.o ps7_cortexa9_0/lib/xgpiops_hw.o ps7_cortexa9_0/lib/xsdps_g.o ps7_cortexa9_0/lib/fs
TRACE::2025-03-24.14:16:28::SCWBDomain::tat.o ps7_cortexa9_0/lib/xaxidma.o ps7_cortexa9_0/lib/errno.o ps7_cortexa9_0/lib/xdevcfg_intr.o ps7_cortexa9_0/lib/xuartps_opti
TRACE::2025-03-24.14:16:28::SCWBDomain::ons.o ps7_cortexa9_0/lib/vectors.o ps7_cortexa9_0/lib/xscuwdt_g.o ps7_cortexa9_0/lib/xil_clocking.o ps7_cortexa9_0/lib/xemacps_
TRACE::2025-03-24.14:16:28::SCWBDomain::intr.o ps7_cortexa9_0/lib/xscuwdt_selftest.o ps7_cortexa9_0/lib/xscugic_g.o ps7_cortexa9_0/lib/isatty.o ps7_cortexa9_0/lib/xscu
TRACE::2025-03-24.14:16:28::SCWBDomain::gic.o ps7_cortexa9_0/lib/xiicps_sinit.o ps7_cortexa9_0/lib/xadcps_g.o ps7_cortexa9_0/lib/xaxidma_bdring.o ps7_cortexa9_0/lib/xa
TRACE::2025-03-24.14:16:28::SCWBDomain::dcps_sinit.o ps7_cortexa9_0/lib/xiicps_xfer.o

TRACE::2025-03-24.14:16:29::SCWBDomain::'Finished building libraries'

TRACE::2025-03-24.14:16:29::SCWBDomain::make: Leaving directory 'C:/Users/j54mao/ECE423/ECE-423-Labs/workspace/Assignment2_newest/zynq_fsbl/zynq_fsbl_bsp'

TRACE::2025-03-24.14:16:29::SCWBDomain::arm-none-eabi-gcc  -O2 -c -MMD -MP       -mcpu=cortex-a9 -mfpu=vfpv3 -mfloat-abi=hard  -c sd.c -o sd.o -Izynq_fsbl_bsp/ps7_cort
TRACE::2025-03-24.14:16:29::SCWBDomain::exa9_0/include -I.

TRACE::2025-03-24.14:16:29::SCWBDomain::arm-none-eabi-gcc  -O2 -c -MMD -MP       -mcpu=cortex-a9 -mfpu=vfpv3 -mfloat-abi=hard  -c nand.c -o nand.o -Izynq_fsbl_bsp/ps7_
TRACE::2025-03-24.14:16:29::SCWBDomain::cortexa9_0/include -I.

TRACE::2025-03-24.14:16:29::SCWBDomain::arm-none-eabi-gcc  -O2 -c -MMD -MP       -mcpu=cortex-a9 -mfpu=vfpv3 -mfloat-abi=hard  -c nor.c -o nor.o -Izynq_fsbl_bsp/ps7_co
TRACE::2025-03-24.14:16:29::SCWBDomain::rtexa9_0/include -I.

TRACE::2025-03-24.14:16:29::SCWBDomain::arm-none-eabi-gcc  -O2 -c -MMD -MP       -mcpu=cortex-a9 -mfpu=vfpv3 -mfloat-abi=hard  -c image_mover.c -o image_mover.o -Izynq
TRACE::2025-03-24.14:16:29::SCWBDomain::_fsbl_bsp/ps7_cortexa9_0/include -I.

TRACE::2025-03-24.14:16:30::SCWBDomain::arm-none-eabi-gcc  -O2 -c -MMD -MP       -mcpu=cortex-a9 -mfpu=vfpv3 -mfloat-abi=hard  -c md5.c -o md5.o -Izynq_fsbl_bsp/ps7_co
TRACE::2025-03-24.14:16:30::SCWBDomain::rtexa9_0/include -I.

TRACE::2025-03-24.14:16:30::SCWBDomain::arm-none-eabi-gcc  -O2 -c -MMD -MP       -mcpu=cortex-a9 -mfpu=vfpv3 -mfloat-abi=hard  -c fsbl_hooks.c -o fsbl_hooks.o -Izynq_f
TRACE::2025-03-24.14:16:30::SCWBDomain::sbl_bsp/ps7_cortexa9_0/include -I.

TRACE::2025-03-24.14:16:30::SCWBDomain::arm-none-eabi-gcc  -O2 -c -MMD -MP       -mcpu=cortex-a9 -mfpu=vfpv3 -mfloat-abi=hard  -c main.c -o main.o -Izynq_fsbl_bsp/ps7_
TRACE::2025-03-24.14:16:30::SCWBDomain::cortexa9_0/include -I.

TRACE::2025-03-24.14:16:30::SCWBDomain::arm-none-eabi-gcc  -O2 -c -MMD -MP       -mcpu=cortex-a9 -mfpu=vfpv3 -mfloat-abi=hard  -c rsa.c -o rsa.o -Izynq_fsbl_bsp/ps7_co
TRACE::2025-03-24.14:16:30::SCWBDomain::rtexa9_0/include -I.

TRACE::2025-03-24.14:16:31::SCWBDomain::arm-none-eabi-gcc  -O2 -c -MMD -MP       -mcpu=cortex-a9 -mfpu=vfpv3 -mfloat-abi=hard  -c qspi.c -o qspi.o -Izynq_fsbl_bsp/ps7_
TRACE::2025-03-24.14:16:31::SCWBDomain::cortexa9_0/include -I.

TRACE::2025-03-24.14:16:31::SCWBDomain::arm-none-eabi-gcc  -O2 -c -MMD -MP       -mcpu=cortex-a9 -mfpu=vfpv3 -mfloat-abi=hard  -c ps7_init.c -o ps7_init.o -Izynq_fsbl_
TRACE::2025-03-24.14:16:31::SCWBDomain::bsp/ps7_cortexa9_0/include -I.

TRACE::2025-03-24.14:16:31::SCWBDomain::arm-none-eabi-gcc  -O2 -c -MMD -MP       -mcpu=cortex-a9 -mfpu=vfpv3 -mfloat-abi=hard  -c pcap.c -o pcap.o -Izynq_fsbl_bsp/ps7_
TRACE::2025-03-24.14:16:31::SCWBDomain::cortexa9_0/include -I.

TRACE::2025-03-24.14:16:31::SCWBDomain::arm-none-eabi-gcc  -O2 -c -MMD -MP       -mcpu=cortex-a9 -mfpu=vfpv3 -mfloat-abi=hard  -c fsbl_handoff.S -o fsbl_handoff.o -Izy
TRACE::2025-03-24.14:16:31::SCWBDomain::nq_fsbl_bsp/ps7_cortexa9_0/include -I.

TRACE::2025-03-24.14:16:31::SCWBDomain::arm-none-eabi-gcc -o fsbl.elf fsbl_handoff.o fsbl_hooks.o image_mover.o main.o md5.o nand.o nor.o pcap.o ps7_init.o qspi.o rsa.
TRACE::2025-03-24.14:16:31::SCWBDomain::o sd.o -MMD -MP       -mcpu=cortex-a9 -mfpu=vfpv3 -mfloat-abi=hard   -mcpu=cortex-a9 -mfpu=vfpv3 -mfloat-abi=hard -Wl,-build-id
TRACE::2025-03-24.14:16:31::SCWBDomain::=none -specs=Xilinx.spec  -lrsa -Wl,--start-group,-lxil,-lgcc,-lc,--end-group -Wl,--start-group,-lxilffs,-lxil,-lgcc,-lc,--end-
TRACE::2025-03-24.14:16:31::SCWBDomain::group -Wl,--start-group,-lrsa,-lxil,-lgcc,-lc,--end-group                                      -Wl,--gc-sections -Lzynq_fsbl_bs
TRACE::2025-03-24.14:16:31::SCWBDomain::p/ps7_cortexa9_0/lib -L./ -Tlscript.ld

LOG::2025-03-24.14:16:32::SCWSystem::Checking the domain standalone_domain
LOG::2025-03-24.14:16:32::SCWSystem::Not a boot domain 
LOG::2025-03-24.14:16:32::SCWSystem::Started Processing the domain standalone_domain
TRACE::2025-03-24.14:16:32::SCWDomain::Generating domain artifcats
TRACE::2025-03-24.14:16:32::SCWMssOS::Generating standalone artifcats
TRACE::2025-03-24.14:16:32::SCWMssOS::Copying the qemu file from  C:/Users/j54mao/ECE423/ECE-423-Labs/workspace/Assignment2_newest/resources/Assignment2_newest/standalone_domain/qemu_args.txt To C:/Users/j54mao/ECE423/ECE-423-Labs/workspace/Assignment2_newest/export/Assignment2_newest/sw/Assignment2_newest/qemu/
TRACE::2025-03-24.14:16:32::SCWMssOS::Copying the qemu file from  C:/Users/j54mao/ECE423/ECE-423-Labs/workspace/Assignment2_newest/resources/Assignment2_newest/standalone_domain/qemu_args.txt To C:/Users/j54mao/ECE423/ECE-423-Labs/workspace/Assignment2_newest/export/Assignment2_newest/sw/Assignment2_newest/standalone_domain/qemu/
TRACE::2025-03-24.14:16:32::SCWMssOS:: Copying the user libraries. 
TRACE::2025-03-24.14:16:32::SCWPlatform::Trying to open the hw design at C:/Users/j54mao/ECE423/ECE-423-Labs/workspace/Assignment2_newest/hw/lab_prefab_wrapper_newest_lab2.xsa
TRACE::2025-03-24.14:16:32::SCWPlatform::DSA given C:/Users/j54mao/ECE423/ECE-423-Labs/workspace/Assignment2_newest/hw/lab_prefab_wrapper_newest_lab2.xsa
TRACE::2025-03-24.14:16:32::SCWPlatform::DSA absoulate path C:/Users/j54mao/ECE423/ECE-423-Labs/workspace/Assignment2_newest/hw/lab_prefab_wrapper_newest_lab2.xsa
TRACE::2025-03-24.14:16:32::SCWPlatform::DSA directory C:/Users/j54mao/ECE423/ECE-423-Labs/workspace/Assignment2_newest/hw
TRACE::2025-03-24.14:16:32::SCWPlatform:: Platform Path C:/Users/j54mao/ECE423/ECE-423-Labs/workspace/Assignment2_newest/hw/lab_prefab_wrapper_newest_lab2.xsa
TRACE::2025-03-24.14:16:32::SCWPlatform:: Unique name xilinx:pynq-z1::0.0
TRACE::2025-03-24.14:16:32::SCWPlatform::Trying to set the existing hwdb with name lab_prefab_wrapper_0
TRACE::2025-03-24.14:16:32::SCWPlatform::Opened existing hwdb lab_prefab_wrapper_0
TRACE::2025-03-24.14:16:32::SCWPlatform::Found the Hw Db part of the input DSA
TRACE::2025-03-24.14:16:32::SCWMssOS::Checking the sw design at  C:/Users/j54mao/ECE423/ECE-423-Labs/workspace/Assignment2_newest/ps7_cortexa9_0/standalone_domain/bsp/system.mss
TRACE::2025-03-24.14:16:32::SCWMssOS::DEBUG:  swdes dump  C:/Users/j54mao/ECE423/ECE-423-Labs/workspace/Assignment2_debugging/ps7_cortexa9_0/standalone_domain/bsp/system.mss|system_0||
C:/Users/j54mao/ECE423/ECE-423-Labs/workspace/Assignment2_debugging/zynq_fsbl/zynq_fsbl_bsp/system.mss|system||
C:/Users/j54mao/ECE423/ECE-423-Labs/workspace/Assignment2_newest/ps7_cortexa9_0/standalone_domain/bsp/system.mss|system_2||
C:/Users/j54mao/ECE423/ECE-423-Labs/workspace/Assignment2_newest/zynq_fsbl/zynq_fsbl_bsp/system.mss|system_1||

TRACE::2025-03-24.14:16:32::SCWMssOS::Sw design exists and opened at  C:/Users/j54mao/ECE423/ECE-423-Labs/workspace/Assignment2_newest/ps7_cortexa9_0/standalone_domain/bsp/system.mss
TRACE::2025-03-24.14:16:32::SCWMssOS::Completed writing the mss file at C:/Users/j54mao/ECE423/ECE-423-Labs/workspace/Assignment2_newest/ps7_cortexa9_0/standalone_domain/bsp
TRACE::2025-03-24.14:16:32::SCWMssOS::Mss edits present, copying mssfile into export location C:/Users/j54mao/ECE423/ECE-423-Labs/workspace/Assignment2_newest/ps7_cortexa9_0/standalone_domain/bsp/system.mss
TRACE::2025-03-24.14:16:32::SCWMssOS::bsp generated is upto date with the mss file. Skipping bsp generation.
TRACE::2025-03-24.14:16:32::SCWMssOS::BSP is already built. skipping the bsp build ... 
TRACE::2025-03-24.14:16:32::SCWDomain::Building the domain as part of full build :  standalone_domain
TRACE::2025-03-24.14:16:32::SCWMssOS::doing bsp build ... 
TRACE::2025-03-24.14:16:32::SCWMssOS::System Command Ran  C: & cd  C:/Users/j54mao/ECE423/ECE-423-Labs/workspace/Assignment2_newest/ps7_cortexa9_0/standalone_domain/bsp & make 
TRACE::2025-03-24.14:16:32::SCWMssOS::make --no-print-directory seq_libs

TRACE::2025-03-24.14:16:32::SCWMssOS::'Finished building libraries sequentially.'

TRACE::2025-03-24.14:16:32::SCWMssOS::make -j 2 --no-print-directory par_libs

TRACE::2025-03-24.14:16:32::SCWMssOS::"Running Make include in ps7_cortexa9_0/libsrc/axidma_v9_14/src"

TRACE::2025-03-24.14:16:32::SCWMssOS::"Running Make include in ps7_cortexa9_0/libsrc/axivdma_v6_11/src"

TRACE::2025-03-24.14:16:32::SCWMssOS::make -C ps7_cortexa9_0/libsrc/axidma_v9_14/src -s include  "SHELL=CMD" "COMPILER=arm-none-eabi-gcc" "ASSEMBLER=arm-none-eabi-as
TRACE::2025-03-24.14:16:32::SCWMssOS::" "ARCHIVER=arm-none-eabi-ar" "COMPILER_FLAGS=  -O2 -c" "EXTRA_COMPILER_FLAGS=-mcpu=cortex-a9 -mfpu=vfpv3 -mfloat-abi=hard -nos
TRACE::2025-03-24.14:16:32::SCWMssOS::tartfiles -g -Wall -Wextra -fno-tree-loop-distribute-patterns"

TRACE::2025-03-24.14:16:32::SCWMssOS::make -C ps7_cortexa9_0/libsrc/axivdma_v6_11/src -s include  "SHELL=CMD" "COMPILER=arm-none-eabi-gcc" "ASSEMBLER=arm-none-eabi-a
TRACE::2025-03-24.14:16:32::SCWMssOS::s" "ARCHIVER=arm-none-eabi-ar" "COMPILER_FLAGS=  -O2 -c" "EXTRA_COMPILER_FLAGS=-mcpu=cortex-a9 -mfpu=vfpv3 -mfloat-abi=hard -no
TRACE::2025-03-24.14:16:32::SCWMssOS::startfiles -g -Wall -Wextra -fno-tree-loop-distribute-patterns"

TRACE::2025-03-24.14:16:32::SCWMssOS::"Running Make include in ps7_cortexa9_0/libsrc/coresightps_dcc_v1_8/src"

TRACE::2025-03-24.14:16:32::SCWMssOS::make -C ps7_cortexa9_0/libsrc/coresightps_dcc_v1_8/src -s include  "SHELL=CMD" "COMPILER=arm-none-eabi-gcc" "ASSEMBLER=arm-none
TRACE::2025-03-24.14:16:32::SCWMssOS::-eabi-as" "ARCHIVER=arm-none-eabi-ar" "COMPILER_FLAGS=  -O2 -c" "EXTRA_COMPILER_FLAGS=-mcpu=cortex-a9 -mfpu=vfpv3 -mfloat-abi=h
TRACE::2025-03-24.14:16:32::SCWMssOS::ard -nostartfiles -g -Wall -Wextra -fno-tree-loop-distribute-patterns"

TRACE::2025-03-24.14:16:32::SCWMssOS::"Running Make include in ps7_cortexa9_0/libsrc/cpu_cortexa9_v2_11/src"

TRACE::2025-03-24.14:16:32::SCWMssOS::make -C ps7_cortexa9_0/libsrc/cpu_cortexa9_v2_11/src -s include  "SHELL=CMD" "COMPILER=arm-none-eabi-gcc" "ASSEMBLER=arm-none-e
TRACE::2025-03-24.14:16:32::SCWMssOS::abi-as" "ARCHIVER=arm-none-eabi-ar" "COMPILER_FLAGS=  -O2 -c" "EXTRA_COMPILER_FLAGS=-mcpu=cortex-a9 -mfpu=vfpv3 -mfloat-abi=har
TRACE::2025-03-24.14:16:32::SCWMssOS::d -nostartfiles -g -Wall -Wextra -fno-tree-loop-distribute-patterns"

TRACE::2025-03-24.14:16:32::SCWMssOS::"Running Make include in ps7_cortexa9_0/libsrc/ddrps_v1_2/src"

TRACE::2025-03-24.14:16:32::SCWMssOS::make -C ps7_cortexa9_0/libsrc/ddrps_v1_2/src -s include  "SHELL=CMD" "COMPILER=arm-none-eabi-gcc" "ASSEMBLER=arm-none-eabi-as" 
TRACE::2025-03-24.14:16:32::SCWMssOS::"ARCHIVER=arm-none-eabi-ar" "COMPILER_FLAGS=  -O2 -c" "EXTRA_COMPILER_FLAGS=-mcpu=cortex-a9 -mfpu=vfpv3 -mfloat-abi=hard -nosta
TRACE::2025-03-24.14:16:32::SCWMssOS::rtfiles -g -Wall -Wextra -fno-tree-loop-distribute-patterns"

TRACE::2025-03-24.14:16:32::SCWMssOS::"Running Make include in ps7_cortexa9_0/libsrc/devcfg_v3_7/src"

TRACE::2025-03-24.14:16:32::SCWMssOS::make -C ps7_cortexa9_0/libsrc/devcfg_v3_7/src -s include  "SHELL=CMD" "COMPILER=arm-none-eabi-gcc" "ASSEMBLER=arm-none-eabi-as"
TRACE::2025-03-24.14:16:32::SCWMssOS:: "ARCHIVER=arm-none-eabi-ar" "COMPILER_FLAGS=  -O2 -c" "EXTRA_COMPILER_FLAGS=-mcpu=cortex-a9 -mfpu=vfpv3 -mfloat-abi=hard -nost
TRACE::2025-03-24.14:16:32::SCWMssOS::artfiles -g -Wall -Wextra -fno-tree-loop-distribute-patterns"

TRACE::2025-03-24.14:16:32::SCWMssOS::"Running Make include in ps7_cortexa9_0/libsrc/dmaps_v2_8/src"

TRACE::2025-03-24.14:16:32::SCWMssOS::make -C ps7_cortexa9_0/libsrc/dmaps_v2_8/src -s include  "SHELL=CMD" "COMPILER=arm-none-eabi-gcc" "ASSEMBLER=arm-none-eabi-as" 
TRACE::2025-03-24.14:16:32::SCWMssOS::"ARCHIVER=arm-none-eabi-ar" "COMPILER_FLAGS=  -O2 -c" "EXTRA_COMPILER_FLAGS=-mcpu=cortex-a9 -mfpu=vfpv3 -mfloat-abi=hard -nosta
TRACE::2025-03-24.14:16:32::SCWMssOS::rtfiles -g -Wall -Wextra -fno-tree-loop-distribute-patterns"

TRACE::2025-03-24.14:16:33::SCWMssOS::"Running Make include in ps7_cortexa9_0/libsrc/emacps_v3_16/src"

TRACE::2025-03-24.14:16:33::SCWMssOS::make -C ps7_cortexa9_0/libsrc/emacps_v3_16/src -s include  "SHELL=CMD" "COMPILER=arm-none-eabi-gcc" "ASSEMBLER=arm-none-eabi-as
TRACE::2025-03-24.14:16:33::SCWMssOS::" "ARCHIVER=arm-none-eabi-ar" "COMPILER_FLAGS=  -O2 -c" "EXTRA_COMPILER_FLAGS=-mcpu=cortex-a9 -mfpu=vfpv3 -mfloat-abi=hard -nos
TRACE::2025-03-24.14:16:33::SCWMssOS::tartfiles -g -Wall -Wextra -fno-tree-loop-distribute-patterns"

TRACE::2025-03-24.14:16:33::SCWMssOS::"Running Make include in ps7_cortexa9_0/libsrc/gpiops_v3_9/src"

TRACE::2025-03-24.14:16:33::SCWMssOS::make -C ps7_cortexa9_0/libsrc/gpiops_v3_9/src -s include  "SHELL=CMD" "COMPILER=arm-none-eabi-gcc" "ASSEMBLER=arm-none-eabi-as"
TRACE::2025-03-24.14:16:33::SCWMssOS:: "ARCHIVER=arm-none-eabi-ar" "COMPILER_FLAGS=  -O2 -c" "EXTRA_COMPILER_FLAGS=-mcpu=cortex-a9 -mfpu=vfpv3 -mfloat-abi=hard -nost
TRACE::2025-03-24.14:16:33::SCWMssOS::artfiles -g -Wall -Wextra -fno-tree-loop-distribute-patterns"

TRACE::2025-03-24.14:16:33::SCWMssOS::"Running Make include in ps7_cortexa9_0/libsrc/iicps_v3_15/src"

TRACE::2025-03-24.14:16:33::SCWMssOS::make -C ps7_cortexa9_0/libsrc/iicps_v3_15/src -s include  "SHELL=CMD" "COMPILER=arm-none-eabi-gcc" "ASSEMBLER=arm-none-eabi-as"
TRACE::2025-03-24.14:16:33::SCWMssOS:: "ARCHIVER=arm-none-eabi-ar" "COMPILER_FLAGS=  -O2 -c" "EXTRA_COMPILER_FLAGS=-mcpu=cortex-a9 -mfpu=vfpv3 -mfloat-abi=hard -nost
TRACE::2025-03-24.14:16:33::SCWMssOS::artfiles -g -Wall -Wextra -fno-tree-loop-distribute-patterns"

TRACE::2025-03-24.14:16:33::SCWMssOS::"Running Make include in ps7_cortexa9_0/libsrc/qspips_v3_9/src"

TRACE::2025-03-24.14:16:33::SCWMssOS::make -C ps7_cortexa9_0/libsrc/qspips_v3_9/src -s include  "SHELL=CMD" "COMPILER=arm-none-eabi-gcc" "ASSEMBLER=arm-none-eabi-as"
TRACE::2025-03-24.14:16:33::SCWMssOS:: "ARCHIVER=arm-none-eabi-ar" "COMPILER_FLAGS=  -O2 -c" "EXTRA_COMPILER_FLAGS=-mcpu=cortex-a9 -mfpu=vfpv3 -mfloat-abi=hard -nost
TRACE::2025-03-24.14:16:33::SCWMssOS::artfiles -g -Wall -Wextra -fno-tree-loop-distribute-patterns"

TRACE::2025-03-24.14:16:33::SCWMssOS::"Running Make include in ps7_cortexa9_0/libsrc/scugic_v4_7/src"

TRACE::2025-03-24.14:16:33::SCWMssOS::make -C ps7_cortexa9_0/libsrc/scugic_v4_7/src -s include  "SHELL=CMD" "COMPILER=arm-none-eabi-gcc" "ASSEMBLER=arm-none-eabi-as"
TRACE::2025-03-24.14:16:33::SCWMssOS:: "ARCHIVER=arm-none-eabi-ar" "COMPILER_FLAGS=  -O2 -c" "EXTRA_COMPILER_FLAGS=-mcpu=cortex-a9 -mfpu=vfpv3 -mfloat-abi=hard -nost
TRACE::2025-03-24.14:16:33::SCWMssOS::artfiles -g -Wall -Wextra -fno-tree-loop-distribute-patterns"

TRACE::2025-03-24.14:16:33::SCWMssOS::"Running Make include in ps7_cortexa9_0/libsrc/scutimer_v2_4/src"

TRACE::2025-03-24.14:16:33::SCWMssOS::make -C ps7_cortexa9_0/libsrc/scutimer_v2_4/src -s include  "SHELL=CMD" "COMPILER=arm-none-eabi-gcc" "ASSEMBLER=arm-none-eabi-a
TRACE::2025-03-24.14:16:33::SCWMssOS::s" "ARCHIVER=arm-none-eabi-ar" "COMPILER_FLAGS=  -O2 -c" "EXTRA_COMPILER_FLAGS=-mcpu=cortex-a9 -mfpu=vfpv3 -mfloat-abi=hard -no
TRACE::2025-03-24.14:16:33::SCWMssOS::startfiles -g -Wall -Wextra -fno-tree-loop-distribute-patterns"

TRACE::2025-03-24.14:16:33::SCWMssOS::"Running Make include in ps7_cortexa9_0/libsrc/scuwdt_v2_4/src"

TRACE::2025-03-24.14:16:33::SCWMssOS::make -C ps7_cortexa9_0/libsrc/scuwdt_v2_4/src -s include  "SHELL=CMD" "COMPILER=arm-none-eabi-gcc" "ASSEMBLER=arm-none-eabi-as"
TRACE::2025-03-24.14:16:33::SCWMssOS:: "ARCHIVER=arm-none-eabi-ar" "COMPILER_FLAGS=  -O2 -c" "EXTRA_COMPILER_FLAGS=-mcpu=cortex-a9 -mfpu=vfpv3 -mfloat-abi=hard -nost
TRACE::2025-03-24.14:16:33::SCWMssOS::artfiles -g -Wall -Wextra -fno-tree-loop-distribute-patterns"

TRACE::2025-03-24.14:16:33::SCWMssOS::"Running Make include in ps7_cortexa9_0/libsrc/sdps_v3_14/src"

TRACE::2025-03-24.14:16:33::SCWMssOS::make -C ps7_cortexa9_0/libsrc/sdps_v3_14/src -s include  "SHELL=CMD" "COMPILER=arm-none-eabi-gcc" "ASSEMBLER=arm-none-eabi-as" 
TRACE::2025-03-24.14:16:33::SCWMssOS::"ARCHIVER=arm-none-eabi-ar" "COMPILER_FLAGS=  -O2 -c" "EXTRA_COMPILER_FLAGS=-mcpu=cortex-a9 -mfpu=vfpv3 -mfloat-abi=hard -nosta
TRACE::2025-03-24.14:16:33::SCWMssOS::rtfiles -g -Wall -Wextra -fno-tree-loop-distribute-patterns"

TRACE::2025-03-24.14:16:34::SCWMssOS::"Running Make include in ps7_cortexa9_0/libsrc/standalone_v7_7/src"

TRACE::2025-03-24.14:16:34::SCWMssOS::make -C ps7_cortexa9_0/libsrc/standalone_v7_7/src -s include  "SHELL=CMD" "COMPILER=arm-none-eabi-gcc" "ASSEMBLER=arm-none-eabi
TRACE::2025-03-24.14:16:34::SCWMssOS::-as" "ARCHIVER=arm-none-eabi-ar" "COMPILER_FLAGS=  -O2 -c" "EXTRA_COMPILER_FLAGS=-mcpu=cortex-a9 -mfpu=vfpv3 -mfloat-abi=hard -
TRACE::2025-03-24.14:16:34::SCWMssOS::nostartfiles -g -Wall -Wextra -fno-tree-loop-distribute-patterns"

TRACE::2025-03-24.14:16:34::SCWMssOS::"Running Make include in ps7_cortexa9_0/libsrc/uartps_v3_11/src"

TRACE::2025-03-24.14:16:34::SCWMssOS::make -C ps7_cortexa9_0/libsrc/uartps_v3_11/src -s include  "SHELL=CMD" "COMPILER=arm-none-eabi-gcc" "ASSEMBLER=arm-none-eabi-as
TRACE::2025-03-24.14:16:34::SCWMssOS::" "ARCHIVER=arm-none-eabi-ar" "COMPILER_FLAGS=  -O2 -c" "EXTRA_COMPILER_FLAGS=-mcpu=cortex-a9 -mfpu=vfpv3 -mfloat-abi=hard -nos
TRACE::2025-03-24.14:16:34::SCWMssOS::tartfiles -g -Wall -Wextra -fno-tree-loop-distribute-patterns"

TRACE::2025-03-24.14:16:34::SCWMssOS::"Running Make include in ps7_cortexa9_0/libsrc/usbps_v2_7/src"

TRACE::2025-03-24.14:16:34::SCWMssOS::make -C ps7_cortexa9_0/libsrc/usbps_v2_7/src -s include  "SHELL=CMD" "COMPILER=arm-none-eabi-gcc" "ASSEMBLER=arm-none-eabi-as" 
TRACE::2025-03-24.14:16:34::SCWMssOS::"ARCHIVER=arm-none-eabi-ar" "COMPILER_FLAGS=  -O2 -c" "EXTRA_COMPILER_FLAGS=-mcpu=cortex-a9 -mfpu=vfpv3 -mfloat-abi=hard -nosta
TRACE::2025-03-24.14:16:34::SCWMssOS::rtfiles -g -Wall -Wextra -fno-tree-loop-distribute-patterns"

TRACE::2025-03-24.14:16:34::SCWMssOS::"Running Make include in ps7_cortexa9_0/libsrc/xadcps_v2_6/src"

TRACE::2025-03-24.14:16:34::SCWMssOS::make -C ps7_cortexa9_0/libsrc/xadcps_v2_6/src -s include  "SHELL=CMD" "COMPILER=arm-none-eabi-gcc" "ASSEMBLER=arm-none-eabi-as"
TRACE::2025-03-24.14:16:34::SCWMssOS:: "ARCHIVER=arm-none-eabi-ar" "COMPILER_FLAGS=  -O2 -c" "EXTRA_COMPILER_FLAGS=-mcpu=cortex-a9 -mfpu=vfpv3 -mfloat-abi=hard -nost
TRACE::2025-03-24.14:16:34::SCWMssOS::artfiles -g -Wall -Wextra -fno-tree-loop-distribute-patterns"

TRACE::2025-03-24.14:16:35::SCWMssOS::"Running Make include in ps7_cortexa9_0/libsrc/xilffs_v4_7/src"

TRACE::2025-03-24.14:16:35::SCWMssOS::make -C ps7_cortexa9_0/libsrc/xilffs_v4_7/src -s include  "SHELL=CMD" "COMPILER=arm-none-eabi-gcc" "ASSEMBLER=arm-none-eabi-as"
TRACE::2025-03-24.14:16:35::SCWMssOS:: "ARCHIVER=arm-none-eabi-ar" "COMPILER_FLAGS=  -O2 -c" "EXTRA_COMPILER_FLAGS=-mcpu=cortex-a9 -mfpu=vfpv3 -mfloat-abi=hard -nost
TRACE::2025-03-24.14:16:35::SCWMssOS::artfiles -g -Wall -Wextra -fno-tree-loop-distribute-patterns"

TRACE::2025-03-24.14:16:36::SCWMssOS::"Running Make libs in ps7_cortexa9_0/libsrc/axidma_v9_14/src"

TRACE::2025-03-24.14:16:36::SCWMssOS::make -C ps7_cortexa9_0/libsrc/axidma_v9_14/src -s libs  "SHELL=CMD" "COMPILER=arm-none-eabi-gcc" "ASSEMBLER=arm-none-eabi-as" "
TRACE::2025-03-24.14:16:36::SCWMssOS::ARCHIVER=arm-none-eabi-ar" "COMPILER_FLAGS=  -O2 -c" "EXTRA_COMPILER_FLAGS=-mcpu=cortex-a9 -mfpu=vfpv3 -mfloat-abi=hard -nostar
TRACE::2025-03-24.14:16:36::SCWMssOS::tfiles -g -Wall -Wextra -fno-tree-loop-distribute-patterns"

TRACE::2025-03-24.14:16:36::SCWMssOS::"Running Make libs in ps7_cortexa9_0/libsrc/axivdma_v6_11/src"

TRACE::2025-03-24.14:16:36::SCWMssOS::make -C ps7_cortexa9_0/libsrc/axivdma_v6_11/src -s libs  "SHELL=CMD" "COMPILER=arm-none-eabi-gcc" "ASSEMBLER=arm-none-eabi-as" 
TRACE::2025-03-24.14:16:36::SCWMssOS::"ARCHIVER=arm-none-eabi-ar" "COMPILER_FLAGS=  -O2 -c" "EXTRA_COMPILER_FLAGS=-mcpu=cortex-a9 -mfpu=vfpv3 -mfloat-abi=hard -nosta
TRACE::2025-03-24.14:16:36::SCWMssOS::rtfiles -g -Wall -Wextra -fno-tree-loop-distribute-patterns"

TRACE::2025-03-24.14:16:37::SCWMssOS::"Running Make libs in ps7_cortexa9_0/libsrc/coresightps_dcc_v1_8/src"

TRACE::2025-03-24.14:16:37::SCWMssOS::make -C ps7_cortexa9_0/libsrc/coresightps_dcc_v1_8/src -s libs  "SHELL=CMD" "COMPILER=arm-none-eabi-gcc" "ASSEMBLER=arm-none-ea
TRACE::2025-03-24.14:16:37::SCWMssOS::bi-as" "ARCHIVER=arm-none-eabi-ar" "COMPILER_FLAGS=  -O2 -c" "EXTRA_COMPILER_FLAGS=-mcpu=cortex-a9 -mfpu=vfpv3 -mfloat-abi=hard
TRACE::2025-03-24.14:16:37::SCWMssOS:: -nostartfiles -g -Wall -Wextra -fno-tree-loop-distribute-patterns"

TRACE::2025-03-24.14:16:38::SCWMssOS::"Running Make libs in ps7_cortexa9_0/libsrc/cpu_cortexa9_v2_11/src"

TRACE::2025-03-24.14:16:38::SCWMssOS::make -C ps7_cortexa9_0/libsrc/cpu_cortexa9_v2_11/src -s libs  "SHELL=CMD" "COMPILER=arm-none-eabi-gcc" "ASSEMBLER=arm-none-eabi
TRACE::2025-03-24.14:16:38::SCWMssOS::-as" "ARCHIVER=arm-none-eabi-ar" "COMPILER_FLAGS=  -O2 -c" "EXTRA_COMPILER_FLAGS=-mcpu=cortex-a9 -mfpu=vfpv3 -mfloat-abi=hard -
TRACE::2025-03-24.14:16:38::SCWMssOS::nostartfiles -g -Wall -Wextra -fno-tree-loop-distribute-patterns"

TRACE::2025-03-24.14:16:38::SCWMssOS::"Running Make libs in ps7_cortexa9_0/libsrc/ddrps_v1_2/src"

TRACE::2025-03-24.14:16:38::SCWMssOS::make -C ps7_cortexa9_0/libsrc/ddrps_v1_2/src -s libs  "SHELL=CMD" "COMPILER=arm-none-eabi-gcc" "ASSEMBLER=arm-none-eabi-as" "AR
TRACE::2025-03-24.14:16:38::SCWMssOS::CHIVER=arm-none-eabi-ar" "COMPILER_FLAGS=  -O2 -c" "EXTRA_COMPILER_FLAGS=-mcpu=cortex-a9 -mfpu=vfpv3 -mfloat-abi=hard -nostartf
TRACE::2025-03-24.14:16:38::SCWMssOS::iles -g -Wall -Wextra -fno-tree-loop-distribute-patterns"

TRACE::2025-03-24.14:16:38::SCWMssOS::"Running Make libs in ps7_cortexa9_0/libsrc/devcfg_v3_7/src"

TRACE::2025-03-24.14:16:38::SCWMssOS::make -C ps7_cortexa9_0/libsrc/devcfg_v3_7/src -s libs  "SHELL=CMD" "COMPILER=arm-none-eabi-gcc" "ASSEMBLER=arm-none-eabi-as" "A
TRACE::2025-03-24.14:16:38::SCWMssOS::RCHIVER=arm-none-eabi-ar" "COMPILER_FLAGS=  -O2 -c" "EXTRA_COMPILER_FLAGS=-mcpu=cortex-a9 -mfpu=vfpv3 -mfloat-abi=hard -nostart
TRACE::2025-03-24.14:16:38::SCWMssOS::files -g -Wall -Wextra -fno-tree-loop-distribute-patterns"

TRACE::2025-03-24.14:16:38::SCWMssOS::"Running Make libs in ps7_cortexa9_0/libsrc/dmaps_v2_8/src"

TRACE::2025-03-24.14:16:38::SCWMssOS::make -C ps7_cortexa9_0/libsrc/dmaps_v2_8/src -s libs  "SHELL=CMD" "COMPILER=arm-none-eabi-gcc" "ASSEMBLER=arm-none-eabi-as" "AR
TRACE::2025-03-24.14:16:38::SCWMssOS::CHIVER=arm-none-eabi-ar" "COMPILER_FLAGS=  -O2 -c" "EXTRA_COMPILER_FLAGS=-mcpu=cortex-a9 -mfpu=vfpv3 -mfloat-abi=hard -nostartf
TRACE::2025-03-24.14:16:38::SCWMssOS::iles -g -Wall -Wextra -fno-tree-loop-distribute-patterns"

TRACE::2025-03-24.14:16:40::SCWMssOS::"Running Make libs in ps7_cortexa9_0/libsrc/emacps_v3_16/src"

TRACE::2025-03-24.14:16:40::SCWMssOS::make -C ps7_cortexa9_0/libsrc/emacps_v3_16/src -s libs  "SHELL=CMD" "COMPILER=arm-none-eabi-gcc" "ASSEMBLER=arm-none-eabi-as" "
TRACE::2025-03-24.14:16:40::SCWMssOS::ARCHIVER=arm-none-eabi-ar" "COMPILER_FLAGS=  -O2 -c" "EXTRA_COMPILER_FLAGS=-mcpu=cortex-a9 -mfpu=vfpv3 -mfloat-abi=hard -nostar
TRACE::2025-03-24.14:16:40::SCWMssOS::tfiles -g -Wall -Wextra -fno-tree-loop-distribute-patterns"

TRACE::2025-03-24.14:16:40::SCWMssOS::"Running Make libs in ps7_cortexa9_0/libsrc/gpiops_v3_9/src"

TRACE::2025-03-24.14:16:40::SCWMssOS::make -C ps7_cortexa9_0/libsrc/gpiops_v3_9/src -s libs  "SHELL=CMD" "COMPILER=arm-none-eabi-gcc" "ASSEMBLER=arm-none-eabi-as" "A
TRACE::2025-03-24.14:16:40::SCWMssOS::RCHIVER=arm-none-eabi-ar" "COMPILER_FLAGS=  -O2 -c" "EXTRA_COMPILER_FLAGS=-mcpu=cortex-a9 -mfpu=vfpv3 -mfloat-abi=hard -nostart
TRACE::2025-03-24.14:16:40::SCWMssOS::files -g -Wall -Wextra -fno-tree-loop-distribute-patterns"

TRACE::2025-03-24.14:16:44::SCWMssOS::"Running Make libs in ps7_cortexa9_0/libsrc/iicps_v3_15/src"

TRACE::2025-03-24.14:16:44::SCWMssOS::make -C ps7_cortexa9_0/libsrc/iicps_v3_15/src -s libs  "SHELL=CMD" "COMPILER=arm-none-eabi-gcc" "ASSEMBLER=arm-none-eabi-as" "A
TRACE::2025-03-24.14:16:44::SCWMssOS::RCHIVER=arm-none-eabi-ar" "COMPILER_FLAGS=  -O2 -c" "EXTRA_COMPILER_FLAGS=-mcpu=cortex-a9 -mfpu=vfpv3 -mfloat-abi=hard -nostart
TRACE::2025-03-24.14:16:44::SCWMssOS::files -g -Wall -Wextra -fno-tree-loop-distribute-patterns"

TRACE::2025-03-24.14:16:45::SCWMssOS::"Running Make libs in ps7_cortexa9_0/libsrc/qspips_v3_9/src"

TRACE::2025-03-24.14:16:45::SCWMssOS::make -C ps7_cortexa9_0/libsrc/qspips_v3_9/src -s libs  "SHELL=CMD" "COMPILER=arm-none-eabi-gcc" "ASSEMBLER=arm-none-eabi-as" "A
TRACE::2025-03-24.14:16:45::SCWMssOS::RCHIVER=arm-none-eabi-ar" "COMPILER_FLAGS=  -O2 -c" "EXTRA_COMPILER_FLAGS=-mcpu=cortex-a9 -mfpu=vfpv3 -mfloat-abi=hard -nostart
TRACE::2025-03-24.14:16:45::SCWMssOS::files -g -Wall -Wextra -fno-tree-loop-distribute-patterns"

TRACE::2025-03-24.14:16:47::SCWMssOS::"Running Make libs in ps7_cortexa9_0/libsrc/scugic_v4_7/src"

TRACE::2025-03-24.14:16:47::SCWMssOS::"Running Make libs in ps7_cortexa9_0/libsrc/scutimer_v2_4/src"

TRACE::2025-03-24.14:16:47::SCWMssOS::make -C ps7_cortexa9_0/libsrc/scugic_v4_7/src -s libs  "SHELL=CMD" "COMPILER=arm-none-eabi-gcc" "ASSEMBLER=arm-none-eabi-as" "A
TRACE::2025-03-24.14:16:47::SCWMssOS::RCHIVER=arm-none-eabi-ar" "COMPILER_FLAGS=  -O2 -c" "EXTRA_COMPILER_FLAGS=-mcpu=cortex-a9 -mfpu=vfpv3 -mfloat-abi=hard -nostart
TRACE::2025-03-24.14:16:47::SCWMssOS::files -g -Wall -Wextra -fno-tree-loop-distribute-patterns"

TRACE::2025-03-24.14:16:47::SCWMssOS::make -C ps7_cortexa9_0/libsrc/scutimer_v2_4/src -s libs  "SHELL=CMD" "COMPILER=arm-none-eabi-gcc" "ASSEMBLER=arm-none-eabi-as" 
TRACE::2025-03-24.14:16:47::SCWMssOS::"ARCHIVER=arm-none-eabi-ar" "COMPILER_FLAGS=  -O2 -c" "EXTRA_COMPILER_FLAGS=-mcpu=cortex-a9 -mfpu=vfpv3 -mfloat-abi=hard -nosta
TRACE::2025-03-24.14:16:47::SCWMssOS::rtfiles -g -Wall -Wextra -fno-tree-loop-distribute-patterns"

TRACE::2025-03-24.14:16:48::SCWMssOS::"Running Make libs in ps7_cortexa9_0/libsrc/scuwdt_v2_4/src"

TRACE::2025-03-24.14:16:48::SCWMssOS::make -C ps7_cortexa9_0/libsrc/scuwdt_v2_4/src -s libs  "SHELL=CMD" "COMPILER=arm-none-eabi-gcc" "ASSEMBLER=arm-none-eabi-as" "A
TRACE::2025-03-24.14:16:48::SCWMssOS::RCHIVER=arm-none-eabi-ar" "COMPILER_FLAGS=  -O2 -c" "EXTRA_COMPILER_FLAGS=-mcpu=cortex-a9 -mfpu=vfpv3 -mfloat-abi=hard -nostart
TRACE::2025-03-24.14:16:48::SCWMssOS::files -g -Wall -Wextra -fno-tree-loop-distribute-patterns"

TRACE::2025-03-24.14:16:48::SCWMssOS::"Running Make libs in ps7_cortexa9_0/libsrc/sdps_v3_14/src"

TRACE::2025-03-24.14:16:48::SCWMssOS::make -C ps7_cortexa9_0/libsrc/sdps_v3_14/src -s libs  "SHELL=CMD" "COMPILER=arm-none-eabi-gcc" "ASSEMBLER=arm-none-eabi-as" "AR
TRACE::2025-03-24.14:16:48::SCWMssOS::CHIVER=arm-none-eabi-ar" "COMPILER_FLAGS=  -O2 -c" "EXTRA_COMPILER_FLAGS=-mcpu=cortex-a9 -mfpu=vfpv3 -mfloat-abi=hard -nostartf
TRACE::2025-03-24.14:16:48::SCWMssOS::iles -g -Wall -Wextra -fno-tree-loop-distribute-patterns"

TRACE::2025-03-24.14:16:49::SCWMssOS::"Running Make libs in ps7_cortexa9_0/libsrc/standalone_v7_7/src"

TRACE::2025-03-24.14:16:49::SCWMssOS::make -C ps7_cortexa9_0/libsrc/standalone_v7_7/src -s libs  "SHELL=CMD" "COMPILER=arm-none-eabi-gcc" "ASSEMBLER=arm-none-eabi-as
TRACE::2025-03-24.14:16:49::SCWMssOS::" "ARCHIVER=arm-none-eabi-ar" "COMPILER_FLAGS=  -O2 -c" "EXTRA_COMPILER_FLAGS=-mcpu=cortex-a9 -mfpu=vfpv3 -mfloat-abi=hard -nos
TRACE::2025-03-24.14:16:49::SCWMssOS::tartfiles -g -Wall -Wextra -fno-tree-loop-distribute-patterns"

TRACE::2025-03-24.14:16:51::SCWMssOS::"Running Make libs in ps7_cortexa9_0/libsrc/uartps_v3_11/src"

TRACE::2025-03-24.14:16:51::SCWMssOS::make -C ps7_cortexa9_0/libsrc/uartps_v3_11/src -s libs  "SHELL=CMD" "COMPILER=arm-none-eabi-gcc" "ASSEMBLER=arm-none-eabi-as" "
TRACE::2025-03-24.14:16:51::SCWMssOS::ARCHIVER=arm-none-eabi-ar" "COMPILER_FLAGS=  -O2 -c" "EXTRA_COMPILER_FLAGS=-mcpu=cortex-a9 -mfpu=vfpv3 -mfloat-abi=hard -nostar
TRACE::2025-03-24.14:16:51::SCWMssOS::tfiles -g -Wall -Wextra -fno-tree-loop-distribute-patterns"

TRACE::2025-03-24.14:16:53::SCWMssOS::"Running Make libs in ps7_cortexa9_0/libsrc/usbps_v2_7/src"

TRACE::2025-03-24.14:16:53::SCWMssOS::make -C ps7_cortexa9_0/libsrc/usbps_v2_7/src -s libs  "SHELL=CMD" "COMPILER=arm-none-eabi-gcc" "ASSEMBLER=arm-none-eabi-as" "AR
TRACE::2025-03-24.14:16:53::SCWMssOS::CHIVER=arm-none-eabi-ar" "COMPILER_FLAGS=  -O2 -c" "EXTRA_COMPILER_FLAGS=-mcpu=cortex-a9 -mfpu=vfpv3 -mfloat-abi=hard -nostartf
TRACE::2025-03-24.14:16:53::SCWMssOS::iles -g -Wall -Wextra -fno-tree-loop-distribute-patterns"

TRACE::2025-03-24.14:16:55::SCWMssOS::"Running Make libs in ps7_cortexa9_0/libsrc/xadcps_v2_6/src"

TRACE::2025-03-24.14:16:55::SCWMssOS::make -C ps7_cortexa9_0/libsrc/xadcps_v2_6/src -s libs  "SHELL=CMD" "COMPILER=arm-none-eabi-gcc" "ASSEMBLER=arm-none-eabi-as" "A
TRACE::2025-03-24.14:16:55::SCWMssOS::RCHIVER=arm-none-eabi-ar" "COMPILER_FLAGS=  -O2 -c" "EXTRA_COMPILER_FLAGS=-mcpu=cortex-a9 -mfpu=vfpv3 -mfloat-abi=hard -nostart
TRACE::2025-03-24.14:16:55::SCWMssOS::files -g -Wall -Wextra -fno-tree-loop-distribute-patterns"

TRACE::2025-03-24.14:16:57::SCWMssOS::"Running Make libs in ps7_cortexa9_0/libsrc/xilffs_v4_7/src"

TRACE::2025-03-24.14:16:57::SCWMssOS::make -C ps7_cortexa9_0/libsrc/xilffs_v4_7/src -s libs  "SHELL=CMD" "COMPILER=arm-none-eabi-gcc" "ASSEMBLER=arm-none-eabi-as" "A
TRACE::2025-03-24.14:16:57::SCWMssOS::RCHIVER=arm-none-eabi-ar" "COMPILER_FLAGS=  -O2 -c" "EXTRA_COMPILER_FLAGS=-mcpu=cortex-a9 -mfpu=vfpv3 -mfloat-abi=hard -nostart
TRACE::2025-03-24.14:16:57::SCWMssOS::files -g -Wall -Wextra -fno-tree-loop-distribute-patterns"

TRACE::2025-03-24.14:17:00::SCWMssOS::'Finished building libraries parallelly.'

TRACE::2025-03-24.14:17:00::SCWMssOS::make --no-print-directory archive

TRACE::2025-03-24.14:17:00::SCWMssOS::arm-none-eabi-ar -r  ps7_cortexa9_0/lib/libxil.a ps7_cortexa9_0/lib/xadcps_selftest.o ps7_cortexa9_0/lib/xplatform_info.o ps7_c
TRACE::2025-03-24.14:17:00::SCWMssOS::ortexa9_0/lib/time.o ps7_cortexa9_0/lib/_exit.o ps7_cortexa9_0/lib/xusbps_sinit.o ps7_cortexa9_0/lib/xdevcfg_hw.o ps7_cortexa9_
TRACE::2025-03-24.14:17:00::SCWMssOS::0/lib/xil_sleeptimer.o ps7_cortexa9_0/lib/xqspips_options.o ps7_cortexa9_0/lib/xdmaps_g.o ps7_cortexa9_0/lib/xscutimer_g.o ps7_
TRACE::2025-03-24.14:17:00::SCWMssOS::cortexa9_0/lib/xsdps_options.o ps7_cortexa9_0/lib/xil_misc_psreset_api.o ps7_cortexa9_0/lib/xdmaps_sinit.o ps7_cortexa9_0/lib/x
TRACE::2025-03-24.14:17:00::SCWMssOS::scutimer_sinit.o ps7_cortexa9_0/lib/xemacps_hw.o ps7_cortexa9_0/lib/inbyte.o ps7_cortexa9_0/lib/xscutimer_selftest.o ps7_cortex
TRACE::2025-03-24.14:17:00::SCWMssOS::a9_0/lib/putnum.o ps7_cortexa9_0/lib/xqspips_hw.o ps7_cortexa9_0/lib/xgpiops_g.o ps7_cortexa9_0/lib/xsdps.o ps7_cortexa9_0/lib/
TRACE::2025-03-24.14:17:00::SCWMssOS::close.o ps7_cortexa9_0/lib/xemacps_g.o ps7_cortexa9_0/lib/xgpiops_sinit.o ps7_cortexa9_0/lib/xgpiops_selftest.o ps7_cortexa9_0/
TRACE::2025-03-24.14:17:00::SCWMssOS::lib/xscuwdt.o ps7_cortexa9_0/lib/xaxivdma_g.o ps7_cortexa9_0/lib/xiicps_intr.o ps7_cortexa9_0/lib/xaxivdma_sinit.o ps7_cortexa9
TRACE::2025-03-24.14:17:00::SCWMssOS::_0/lib/xuartps_sinit.o ps7_cortexa9_0/lib/xaxivdma_selftest.o ps7_cortexa9_0/lib/xiicps_slave.o ps7_cortexa9_0/lib/xil_printf.o
TRACE::2025-03-24.14:17:00::SCWMssOS:: ps7_cortexa9_0/lib/kill.o ps7_cortexa9_0/lib/xadcps.o ps7_cortexa9_0/lib/xiicps_options.o ps7_cortexa9_0/lib/xdmaps.o ps7_cort
TRACE::2025-03-24.14:17:00::SCWMssOS::exa9_0/lib/xuartps_selftest.o ps7_cortexa9_0/lib/xuartps_g.o ps7_cortexa9_0/lib/lseek.o ps7_cortexa9_0/lib/xil_testmem.o ps7_co
TRACE::2025-03-24.14:17:00::SCWMssOS::rtexa9_0/lib/xusbps_hw.o ps7_cortexa9_0/lib/xl2cc_counter.o ps7_cortexa9_0/lib/xiicps_hw.o ps7_cortexa9_0/lib/asm_vectors.o ps7
TRACE::2025-03-24.14:17:00::SCWMssOS::_cortexa9_0/lib/usleep.o ps7_cortexa9_0/lib/abort.o ps7_cortexa9_0/lib/xscugic_intr.o ps7_cortexa9_0/lib/getpid.o ps7_cortexa9_
TRACE::2025-03-24.14:17:00::SCWMssOS::0/lib/xiicps_selftest.o ps7_cortexa9_0/lib/xil_testcache.o ps7_cortexa9_0/lib/xdevcfg_sinit.o ps7_cortexa9_0/lib/xgpiops.o ps7_
TRACE::2025-03-24.14:17:00::SCWMssOS::cortexa9_0/lib/xscutimer.o ps7_cortexa9_0/lib/xil_mem.o ps7_cortexa9_0/lib/xdevcfg_selftest.o ps7_cortexa9_0/lib/xpm_counter.o 
TRACE::2025-03-24.14:17:00::SCWMssOS::ps7_cortexa9_0/lib/xiicps.o ps7_cortexa9_0/lib/_sbrk.o ps7_cortexa9_0/lib/xiicps_master.o ps7_cortexa9_0/lib/xqspips_g.o ps7_co
TRACE::2025-03-24.14:17:00::SCWMssOS::rtexa9_0/lib/xemacps_bdring.o ps7_cortexa9_0/lib/xusbps_endpoint.o ps7_cortexa9_0/lib/xqspips_sinit.o ps7_cortexa9_0/lib/xqspip
TRACE::2025-03-24.14:17:00::SCWMssOS::s_selftest.o ps7_cortexa9_0/lib/xil_exception.o ps7_cortexa9_0/lib/sbrk.o ps7_cortexa9_0/lib/xaxivdma.o ps7_cortexa9_0/lib/xema
TRACE::2025-03-24.14:17:00::SCWMssOS::cps_control.o ps7_cortexa9_0/lib/open.o ps7_cortexa9_0/lib/xil_assert.o ps7_cortexa9_0/lib/xaxivdma_intr.o ps7_cortexa9_0/lib/x
TRACE::2025-03-24.14:17:00::SCWMssOS::usbps_intr.o ps7_cortexa9_0/lib/xsdps_host.o ps7_cortexa9_0/lib/xcoresightpsdcc.o ps7_cortexa9_0/lib/xscugic_hw.o ps7_cortexa9_
TRACE::2025-03-24.14:17:00::SCWMssOS::0/lib/sleep.o ps7_cortexa9_0/lib/xil-crt0.o ps7_cortexa9_0/lib/cpputest_time.o ps7_cortexa9_0/lib/print.o ps7_cortexa9_0/lib/re
TRACE::2025-03-24.14:17:00::SCWMssOS::ad.o ps7_cortexa9_0/lib/xiicps_g.o ps7_cortexa9_0/lib/xdevcfg.o ps7_cortexa9_0/lib/xadcps_intr.o ps7_cortexa9_0/lib/xqspips.o p
TRACE::2025-03-24.14:17:00::SCWMssOS::s7_cortexa9_0/lib/xemacps.o ps7_cortexa9_0/lib/xil_cache.o ps7_cortexa9_0/lib/xil_testio.o ps7_cortexa9_0/lib/_open.o ps7_corte
TRACE::2025-03-24.14:17:00::SCWMssOS::xa9_0/lib/unlink.o ps7_cortexa9_0/lib/xaxidma_g.o ps7_cortexa9_0/lib/xusbps.o ps7_cortexa9_0/lib/xusbps_g.o ps7_cortexa9_0/lib/
TRACE::2025-03-24.14:17:00::SCWMssOS::xdmaps_selftest.o ps7_cortexa9_0/lib/xaxidma_sinit.o ps7_cortexa9_0/lib/xil_spinlock.o ps7_cortexa9_0/lib/translation_table.o p
TRACE::2025-03-24.14:17:00::SCWMssOS::s7_cortexa9_0/lib/xaxidma_selftest.o ps7_cortexa9_0/lib/write.o ps7_cortexa9_0/lib/xil_mmu.o ps7_cortexa9_0/lib/boot.o ps7_cort
TRACE::2025-03-24.14:17:00::SCWMssOS::exa9_0/lib/xaxivdma_channel.o ps7_cortexa9_0/lib/cpu_init.o ps7_cortexa9_0/lib/xaxidma_bd.o ps7_cortexa9_0/lib/xil_sleepcommon.
TRACE::2025-03-24.14:17:00::SCWMssOS::o ps7_cortexa9_0/lib/xgpiops_intr.o ps7_cortexa9_0/lib/xscugic_sinit.o ps7_cortexa9_0/lib/fcntl.o ps7_cortexa9_0/lib/xdevcfg_g.
TRACE::2025-03-24.14:17:00::SCWMssOS::o ps7_cortexa9_0/lib/outbyte.o ps7_cortexa9_0/lib/xinterrupt_wrap.o ps7_cortexa9_0/lib/xuartps_hw.o ps7_cortexa9_0/lib/xtime_l.
TRACE::2025-03-24.14:17:00::SCWMssOS::o ps7_cortexa9_0/lib/xemacps_sinit.o ps7_cortexa9_0/lib/xscugic_selftest.o ps7_cortexa9_0/lib/xil_util.o ps7_cortexa9_0/lib/xua
TRACE::2025-03-24.14:17:00::SCWMssOS::rtps_intr.o ps7_cortexa9_0/lib/xuartps.o ps7_cortexa9_0/lib/xsdps_card.o ps7_cortexa9_0/lib/xdmaps_hw.o ps7_cortexa9_0/lib/xsdp
TRACE::2025-03-24.14:17:00::SCWMssOS::s_sinit.o ps7_cortexa9_0/lib/xscuwdt_sinit.o ps7_cortexa9_0/lib/xgpiops_hw.o ps7_cortexa9_0/lib/xsdps_g.o ps7_cortexa9_0/lib/fs
TRACE::2025-03-24.14:17:00::SCWMssOS::tat.o ps7_cortexa9_0/lib/xaxidma.o ps7_cortexa9_0/lib/errno.o ps7_cortexa9_0/lib/xdevcfg_intr.o ps7_cortexa9_0/lib/xuartps_opti
TRACE::2025-03-24.14:17:00::SCWMssOS::ons.o ps7_cortexa9_0/lib/vectors.o ps7_cortexa9_0/lib/xscuwdt_g.o ps7_cortexa9_0/lib/xil_clocking.o ps7_cortexa9_0/lib/xemacps_
TRACE::2025-03-24.14:17:00::SCWMssOS::intr.o ps7_cortexa9_0/lib/xscuwdt_selftest.o ps7_cortexa9_0/lib/xscugic_g.o ps7_cortexa9_0/lib/isatty.o ps7_cortexa9_0/lib/xscu
TRACE::2025-03-24.14:17:00::SCWMssOS::gic.o ps7_cortexa9_0/lib/xiicps_sinit.o ps7_cortexa9_0/lib/xadcps_g.o ps7_cortexa9_0/lib/xaxidma_bdring.o ps7_cortexa9_0/lib/xa
TRACE::2025-03-24.14:17:00::SCWMssOS::dcps_sinit.o ps7_cortexa9_0/lib/xiicps_xfer.o

TRACE::2025-03-24.14:17:00::SCWMssOS::'Finished building libraries'

TRACE::2025-03-24.14:17:01::SCWMssOS::Copying to export directory.
TRACE::2025-03-24.14:17:02::SCWMssOS:: Checking if to create the Supporting Applications
TRACE::2025-03-24.14:17:02::SCWMssOS:: No Linux domain exists, trying to generate FSBL 
LOG::2025-03-24.14:17:02::SCWSystem::Completed Processing the domain standalone_domain
LOG::2025-03-24.14:17:02::SCWSystem::Completed Processing the sysconfig Assignment2_newest
LOG::2025-03-24.14:17:02::SCWPlatform::Completed generating the artifacts for system configuration Assignment2_newest
TRACE::2025-03-24.14:17:02::SCWPlatform::Started preparing the platform 
TRACE::2025-03-24.14:17:02::SCWSystem::Writing the bif file for system config Assignment2_newest
TRACE::2025-03-24.14:17:02::SCWSystem::dir created 
TRACE::2025-03-24.14:17:02::SCWSystem::Writing the bif 
TRACE::2025-03-24.14:17:02::SCWPlatform::Started writing the spfm file 
TRACE::2025-03-24.14:17:02::SCWPlatform::Started writing the xpfm file 
TRACE::2025-03-24.14:17:02::SCWPlatform::Completed generating the platform
TRACE::2025-03-24.14:17:02::SCWMssOS::Saving the mss changes C:/Users/j54mao/ECE423/ECE-423-Labs/workspace/Assignment2_newest/zynq_fsbl/zynq_fsbl_bsp/system.mss
TRACE::2025-03-24.14:17:02::SCWMssOS::Found a swdesign opened with the mssfile.
TRACE::2025-03-24.14:17:02::SCWMssOS::Completed writemss as part of save.
TRACE::2025-03-24.14:17:02::SCWMssOS::Commit changes completed.
TRACE::2025-03-24.14:17:02::SCWMssOS::Saving the mss changes C:/Users/j54mao/ECE423/ECE-423-Labs/workspace/Assignment2_newest/ps7_cortexa9_0/standalone_domain/bsp/system.mss
TRACE::2025-03-24.14:17:02::SCWMssOS::Found a swdesign opened with the mssfile.
TRACE::2025-03-24.14:17:02::SCWMssOS::Completed writemss as part of save.
TRACE::2025-03-24.14:17:02::SCWMssOS::Commit changes completed.
TRACE::2025-03-24.14:17:02::SCWPlatform::Trying to open the hw design at C:/Users/j54mao/ECE423/ECE-423-Labs/workspace/Assignment2_newest/hw/lab_prefab_wrapper_newest_lab2.xsa
TRACE::2025-03-24.14:17:02::SCWPlatform::DSA given C:/Users/j54mao/ECE423/ECE-423-Labs/workspace/Assignment2_newest/hw/lab_prefab_wrapper_newest_lab2.xsa
TRACE::2025-03-24.14:17:02::SCWPlatform::DSA absoulate path C:/Users/j54mao/ECE423/ECE-423-Labs/workspace/Assignment2_newest/hw/lab_prefab_wrapper_newest_lab2.xsa
TRACE::2025-03-24.14:17:02::SCWPlatform::DSA directory C:/Users/j54mao/ECE423/ECE-423-Labs/workspace/Assignment2_newest/hw
TRACE::2025-03-24.14:17:02::SCWPlatform:: Platform Path C:/Users/j54mao/ECE423/ECE-423-Labs/workspace/Assignment2_newest/hw/lab_prefab_wrapper_newest_lab2.xsa
TRACE::2025-03-24.14:17:02::SCWPlatform:: Unique name xilinx:pynq-z1::0.0
TRACE::2025-03-24.14:17:02::SCWPlatform::Trying to set the existing hwdb with name lab_prefab_wrapper_0
TRACE::2025-03-24.14:17:02::SCWPlatform::Opened existing hwdb lab_prefab_wrapper_0
TRACE::2025-03-24.14:17:02::SCWPlatform::Found the Hw Db part of the input DSA
TRACE::2025-03-24.14:17:02::SCWMssOS::Checking the sw design at  C:/Users/j54mao/ECE423/ECE-423-Labs/workspace/Assignment2_newest/zynq_fsbl/zynq_fsbl_bsp/system.mss
TRACE::2025-03-24.14:17:02::SCWMssOS::DEBUG:  swdes dump  C:/Users/j54mao/ECE423/ECE-423-Labs/workspace/Assignment2_debugging/ps7_cortexa9_0/standalone_domain/bsp/system.mss|system_0||
C:/Users/j54mao/ECE423/ECE-423-Labs/workspace/Assignment2_debugging/zynq_fsbl/zynq_fsbl_bsp/system.mss|system||
C:/Users/j54mao/ECE423/ECE-423-Labs/workspace/Assignment2_newest/ps7_cortexa9_0/standalone_domain/bsp/system.mss|system_2||
C:/Users/j54mao/ECE423/ECE-423-Labs/workspace/Assignment2_newest/zynq_fsbl/zynq_fsbl_bsp/system.mss|system_1||

TRACE::2025-03-24.14:17:02::SCWMssOS::Sw design exists and opened at  C:/Users/j54mao/ECE423/ECE-423-Labs/workspace/Assignment2_newest/zynq_fsbl/zynq_fsbl_bsp/system.mss
TRACE::2025-03-24.14:17:02::SCWPlatform::Trying to open the hw design at C:/Users/j54mao/ECE423/ECE-423-Labs/workspace/Assignment2_newest/hw/lab_prefab_wrapper_newest_lab2.xsa
TRACE::2025-03-24.14:17:02::SCWPlatform::DSA given C:/Users/j54mao/ECE423/ECE-423-Labs/workspace/Assignment2_newest/hw/lab_prefab_wrapper_newest_lab2.xsa
TRACE::2025-03-24.14:17:02::SCWPlatform::DSA absoulate path C:/Users/j54mao/ECE423/ECE-423-Labs/workspace/Assignment2_newest/hw/lab_prefab_wrapper_newest_lab2.xsa
TRACE::2025-03-24.14:17:02::SCWPlatform::DSA directory C:/Users/j54mao/ECE423/ECE-423-Labs/workspace/Assignment2_newest/hw
TRACE::2025-03-24.14:17:02::SCWPlatform:: Platform Path C:/Users/j54mao/ECE423/ECE-423-Labs/workspace/Assignment2_newest/hw/lab_prefab_wrapper_newest_lab2.xsa
TRACE::2025-03-24.14:17:02::SCWPlatform:: Unique name xilinx:pynq-z1::0.0
TRACE::2025-03-24.14:17:02::SCWPlatform::Trying to set the existing hwdb with name lab_prefab_wrapper_0
TRACE::2025-03-24.14:17:02::SCWPlatform::Opened existing hwdb lab_prefab_wrapper_0
TRACE::2025-03-24.14:17:02::SCWPlatform::Found the Hw Db part of the input DSA
TRACE::2025-03-24.14:17:02::SCWMssOS::Checking the sw design at  C:/Users/j54mao/ECE423/ECE-423-Labs/workspace/Assignment2_newest/ps7_cortexa9_0/standalone_domain/bsp/system.mss
TRACE::2025-03-24.14:17:02::SCWMssOS::DEBUG:  swdes dump  C:/Users/j54mao/ECE423/ECE-423-Labs/workspace/Assignment2_debugging/ps7_cortexa9_0/standalone_domain/bsp/system.mss|system_0||
C:/Users/j54mao/ECE423/ECE-423-Labs/workspace/Assignment2_debugging/zynq_fsbl/zynq_fsbl_bsp/system.mss|system||
C:/Users/j54mao/ECE423/ECE-423-Labs/workspace/Assignment2_newest/ps7_cortexa9_0/standalone_domain/bsp/system.mss|system_2||
C:/Users/j54mao/ECE423/ECE-423-Labs/workspace/Assignment2_newest/zynq_fsbl/zynq_fsbl_bsp/system.mss|system_1||

TRACE::2025-03-24.14:17:02::SCWMssOS::Sw design exists and opened at  C:/Users/j54mao/ECE423/ECE-423-Labs/workspace/Assignment2_newest/ps7_cortexa9_0/standalone_domain/bsp/system.mss
TRACE::2025-03-24.14:17:02::SCWWriter::formatted JSON is {
	"platformName":	"Assignment2_newest",
	"sprVersion":	"2.0",
	"mode":	"gui",
	"dsaType":	"Fixed",
	"platformDesc":	"Assignment2_newest",
	"platHandOff":	"C:/Users/j54mao/ECE423/ECE-423-Labs/ece423_prefab/ece423_prefab/lab_prefab/lab_prefab_wrapper_newest_lab2.xsa",
	"platIntHandOff":	"<platformDir>/hw/lab_prefab_wrapper_newest_lab2.xsa",
	"deviceType":	"zynq",
	"platIsPrebuiltAutogen":	"false",
	"platIsNoBootBsp":	"false",
	"hasFsblMakeHasChanges":	"false",
	"hasPmufwMakeHasChanges":	"false",
	"fsblExtraCompilerFlags":	"-MMD -MP       -mcpu=cortex-a9 -mfpu=vfpv3 -mfloat-abi=hard ",
	"platPreBuiltFlag":	false,
	"platformSamplesDir":	"",
	"platActiveSys":	"Assignment2_newest",
	"systems":	[{
			"systemName":	"Assignment2_newest",
			"systemDesc":	"Assignment2_newest",
			"sysIsBootAutoGen":	"true",
			"systemDispName":	"Assignment2_newest",
			"sysActiveDom":	"standalone_domain",
			"sysDefaultDom":	"standalone_domain",
			"domains":	[{
					"domainName":	"zynq_fsbl",
					"domainDispName":	"zynq_fsbl",
					"domainDesc":	"FSBL Application BSP - Auto Generated.",
					"processors":	"ps7_cortexa9_0",
					"os":	"standalone",
					"sdxOs":	"standalone",
					"debugEnable":	"",
					"domRuntimes":	["cpp"],
					"swRepo":	"",
					"mssOsVer":	"7.7",
					"mssFile":	"",
					"md5Digest":	"9e73a1d664e6392758527307bae5c8a3",
					"compatibleApp":	"zynq_fsbl",
					"domType":	"bootDomain",
					"arch":	"32-bit",
					"appSettings":	{
						"appCompilerFlags":	"",
						"appLinkerFlags":	""
					},
					"addedLibs":	["xilffs:4.7", "xilrsa:1.6"],
					"libOptions":	{
						"xilffs":	{
							"enable_multi_partition":	"true",
							"num_logical_vol":	"10",
							"libOptionNames":	["enable_multi_partition", "num_logical_vol"]
						},
						"libsContainingOptions":	["xilffs"]
					},
					"prebuiltLibs":	{
						"prebuiltIncPath":	[],
						"prebuiltLibPath":	[]
					},
					"isolation":	{
					}
				}, {
					"domainName":	"standalone_domain",
					"domainDispName":	"standalone on ps7_cortexa9_0",
					"domainDesc":	"standalone_domain",
					"processors":	"ps7_cortexa9_0",
					"os":	"standalone",
					"sdxOs":	"standalone",
					"qemuArgs":	"<platformDir>/resources/Assignment2_newest/standalone_domain/qemu_args.txt",
					"qemuData":	"<platformDir>/resources/Assignment2_newest/standalone_domain/qemu",
					"debugEnable":	"False",
					"domRuntimes":	["cpp"],
					"swRepo":	"",
					"mssOsVer":	"7.7",
					"mssFile":	"",
					"md5Digest":	"d40aa47b8fe82e3893c3bcfc8271b445",
					"compatibleApp":	"",
					"domType":	"mssDomain",
					"appSettings":	{
						"appCompilerFlags":	"",
						"appLinkerFlags":	""
					},
					"addedLibs":	["xilffs:4.7"],
					"libOptions":	{
						"xilffs":	{
							"enable_multi_partition":	"true",
							"num_logical_vol":	"10",
							"libOptionNames":	["enable_multi_partition", "num_logical_vol"]
						},
						"libsContainingOptions":	["xilffs"]
					},
					"prebuiltLibs":	{
						"prebuiltIncPath":	[],
						"prebuiltLibPath":	[]
					},
					"isolation":	{
					}
				}]
		}]
}
KEYINFO::2025-03-24.14:17:02::SCWPlatform::updated the xpfm file.
TRACE::2025-03-24.14:17:02::SCWPlatform::Trying to open the hw design at C:/Users/j54mao/ECE423/ECE-423-Labs/workspace/Assignment2_newest/hw/lab_prefab_wrapper_newest_lab2.xsa
TRACE::2025-03-24.14:17:02::SCWPlatform::DSA given C:/Users/j54mao/ECE423/ECE-423-Labs/workspace/Assignment2_newest/hw/lab_prefab_wrapper_newest_lab2.xsa
TRACE::2025-03-24.14:17:02::SCWPlatform::DSA absoulate path C:/Users/j54mao/ECE423/ECE-423-Labs/workspace/Assignment2_newest/hw/lab_prefab_wrapper_newest_lab2.xsa
TRACE::2025-03-24.14:17:02::SCWPlatform::DSA directory C:/Users/j54mao/ECE423/ECE-423-Labs/workspace/Assignment2_newest/hw
TRACE::2025-03-24.14:17:02::SCWPlatform:: Platform Path C:/Users/j54mao/ECE423/ECE-423-Labs/workspace/Assignment2_newest/hw/lab_prefab_wrapper_newest_lab2.xsa
TRACE::2025-03-24.14:17:02::SCWPlatform:: Unique name xilinx:pynq-z1::0.0
TRACE::2025-03-24.14:17:02::SCWPlatform::Trying to set the existing hwdb with name lab_prefab_wrapper_0
TRACE::2025-03-24.14:17:02::SCWPlatform::Opened existing hwdb lab_prefab_wrapper_0
TRACE::2025-03-24.14:17:02::SCWPlatform::Found the Hw Db part of the input DSA
TRACE::2025-03-24.14:17:02::SCWMssOS::Checking the sw design at  C:/Users/j54mao/ECE423/ECE-423-Labs/workspace/Assignment2_newest/ps7_cortexa9_0/standalone_domain/bsp/system.mss
TRACE::2025-03-24.14:17:02::SCWMssOS::DEBUG:  swdes dump  C:/Users/j54mao/ECE423/ECE-423-Labs/workspace/Assignment2_debugging/ps7_cortexa9_0/standalone_domain/bsp/system.mss|system_0||
C:/Users/j54mao/ECE423/ECE-423-Labs/workspace/Assignment2_debugging/zynq_fsbl/zynq_fsbl_bsp/system.mss|system||
C:/Users/j54mao/ECE423/ECE-423-Labs/workspace/Assignment2_newest/ps7_cortexa9_0/standalone_domain/bsp/system.mss|system_2||
C:/Users/j54mao/ECE423/ECE-423-Labs/workspace/Assignment2_newest/zynq_fsbl/zynq_fsbl_bsp/system.mss|system_1||

TRACE::2025-03-24.14:17:02::SCWMssOS::Sw design exists and opened at  C:/Users/j54mao/ECE423/ECE-423-Labs/workspace/Assignment2_newest/ps7_cortexa9_0/standalone_domain/bsp/system.mss
TRACE::2025-03-24.14:20:58::SCWBDomain::System Command Ran  C:&  cd  C:/Users/j54mao/ECE423/ECE-423-Labs/workspace/Assignment2_newest/zynq_fsbl & make clean
TRACE::2025-03-24.14:20:58::SCWBDomain::rm -rf  sd.o  nand.o  image_mover.o  md5.o  fsbl_hooks.o  main.o  nor.o  qspi.o  rsa.o  ps7_init.o  pcap.o  fsbl_handoff.o zynq
TRACE::2025-03-24.14:20:58::SCWBDomain::_fsbl_bsp/ps7_cortexa9_0/lib/libxil.a fsbl.elf *.o

TRACE::2025-03-24.14:20:58::SCWBDomain::System Command Ran  C:&  cd  C:/Users/j54mao/ECE423/ECE-423-Labs/workspace/Assignment2_newest/zynq_fsbl/zynq_fsbl_bsp & make clean
TRACE::2025-03-24.14:20:58::SCWBDomain::make -C ps7_cortexa9_0/libsrc/axidma_v9_14/src -s clean 

TRACE::2025-03-24.14:20:59::SCWBDomain::make -C ps7_cortexa9_0/libsrc/axivdma_v6_11/src -s clean 

TRACE::2025-03-24.14:20:59::SCWBDomain::make -C ps7_cortexa9_0/libsrc/coresightps_dcc_v1_8/src -s clean 

TRACE::2025-03-24.14:20:59::SCWBDomain::make -C ps7_cortexa9_0/libsrc/cpu_cortexa9_v2_11/src -s clean 

TRACE::2025-03-24.14:20:59::SCWBDomain::make -C ps7_cortexa9_0/libsrc/ddrps_v1_2/src -s clean 

TRACE::2025-03-24.14:20:59::SCWBDomain::make -C ps7_cortexa9_0/libsrc/devcfg_v3_7/src -s clean 

TRACE::2025-03-24.14:20:59::SCWBDomain::make -C ps7_cortexa9_0/libsrc/dmaps_v2_8/src -s clean 

TRACE::2025-03-24.14:20:59::SCWBDomain::make -C ps7_cortexa9_0/libsrc/emacps_v3_16/src -s clean 

TRACE::2025-03-24.14:21:00::SCWBDomain::make -C ps7_cortexa9_0/libsrc/gpiops_v3_9/src -s clean 

TRACE::2025-03-24.14:21:00::SCWBDomain::make -C ps7_cortexa9_0/libsrc/iicps_v3_15/src -s clean 

TRACE::2025-03-24.14:21:00::SCWBDomain::make -C ps7_cortexa9_0/libsrc/qspips_v3_9/src -s clean 

TRACE::2025-03-24.14:21:00::SCWBDomain::make -C ps7_cortexa9_0/libsrc/scugic_v4_7/src -s clean 

TRACE::2025-03-24.14:21:00::SCWBDomain::make -C ps7_cortexa9_0/libsrc/scutimer_v2_4/src -s clean 

TRACE::2025-03-24.14:21:00::SCWBDomain::make -C ps7_cortexa9_0/libsrc/scuwdt_v2_4/src -s clean 

TRACE::2025-03-24.14:21:01::SCWBDomain::make -C ps7_cortexa9_0/libsrc/sdps_v3_14/src -s clean 

TRACE::2025-03-24.14:21:01::SCWBDomain::make -C ps7_cortexa9_0/libsrc/standalone_v7_7/src -s clean 

TRACE::2025-03-24.14:21:01::SCWBDomain::make -C ps7_cortexa9_0/libsrc/uartps_v3_11/src -s clean 

TRACE::2025-03-24.14:21:01::SCWBDomain::make -C ps7_cortexa9_0/libsrc/usbps_v2_7/src -s clean 

TRACE::2025-03-24.14:21:02::SCWBDomain::make -C ps7_cortexa9_0/libsrc/xadcps_v2_6/src -s clean 

TRACE::2025-03-24.14:21:02::SCWBDomain::make -C ps7_cortexa9_0/libsrc/xilffs_v4_7/src -s clean 

TRACE::2025-03-24.14:21:02::SCWBDomain::make -C ps7_cortexa9_0/libsrc/xilrsa_v1_6/src -s clean 

TRACE::2025-03-24.14:21:02::SCWBDomain::rm -f ps7_cortexa9_0/lib/libxil.a

TRACE::2025-03-24.14:21:02::SCWMssOS::cleaning the bsp 
TRACE::2025-03-24.14:21:02::SCWMssOS::System Command Ran  C: & cd  C:/Users/j54mao/ECE423/ECE-423-Labs/workspace/Assignment2_newest/ps7_cortexa9_0/standalone_domain/bsp & make clean 
TRACE::2025-03-24.14:21:02::SCWMssOS::make -C ps7_cortexa9_0/libsrc/axidma_v9_14/src -s clean 

TRACE::2025-03-24.14:21:02::SCWMssOS::make -C ps7_cortexa9_0/libsrc/axivdma_v6_11/src -s clean 

TRACE::2025-03-24.14:21:02::SCWMssOS::make -C ps7_cortexa9_0/libsrc/coresightps_dcc_v1_8/src -s clean 

TRACE::2025-03-24.14:21:03::SCWMssOS::make -C ps7_cortexa9_0/libsrc/cpu_cortexa9_v2_11/src -s clean 

TRACE::2025-03-24.14:21:03::SCWMssOS::make -C ps7_cortexa9_0/libsrc/ddrps_v1_2/src -s clean 

TRACE::2025-03-24.14:21:03::SCWMssOS::make -C ps7_cortexa9_0/libsrc/devcfg_v3_7/src -s clean 

TRACE::2025-03-24.14:21:03::SCWMssOS::make -C ps7_cortexa9_0/libsrc/dmaps_v2_8/src -s clean 

TRACE::2025-03-24.14:21:03::SCWMssOS::make -C ps7_cortexa9_0/libsrc/emacps_v3_16/src -s clean 

TRACE::2025-03-24.14:21:03::SCWMssOS::make -C ps7_cortexa9_0/libsrc/gpiops_v3_9/src -s clean 

TRACE::2025-03-24.14:21:03::SCWMssOS::make -C ps7_cortexa9_0/libsrc/iicps_v3_15/src -s clean 

TRACE::2025-03-24.14:21:03::SCWMssOS::make -C ps7_cortexa9_0/libsrc/qspips_v3_9/src -s clean 

TRACE::2025-03-24.14:21:04::SCWMssOS::make -C ps7_cortexa9_0/libsrc/scugic_v4_7/src -s clean 

TRACE::2025-03-24.14:21:04::SCWMssOS::make -C ps7_cortexa9_0/libsrc/scutimer_v2_4/src -s clean 

TRACE::2025-03-24.14:21:04::SCWMssOS::make -C ps7_cortexa9_0/libsrc/scuwdt_v2_4/src -s clean 

TRACE::2025-03-24.14:21:04::SCWMssOS::make -C ps7_cortexa9_0/libsrc/sdps_v3_14/src -s clean 

TRACE::2025-03-24.14:21:04::SCWMssOS::make -C ps7_cortexa9_0/libsrc/standalone_v7_7/src -s clean 

TRACE::2025-03-24.14:21:05::SCWMssOS::make -C ps7_cortexa9_0/libsrc/uartps_v3_11/src -s clean 

TRACE::2025-03-24.14:21:05::SCWMssOS::make -C ps7_cortexa9_0/libsrc/usbps_v2_7/src -s clean 

TRACE::2025-03-24.14:21:05::SCWMssOS::make -C ps7_cortexa9_0/libsrc/xadcps_v2_6/src -s clean 

TRACE::2025-03-24.14:21:05::SCWMssOS::make -C ps7_cortexa9_0/libsrc/xilffs_v4_7/src -s clean 

TRACE::2025-03-24.14:21:05::SCWMssOS::rm -f ps7_cortexa9_0/lib/libxil.a

LOG::2025-03-24.14:22:46::SCWPlatform::Started generating the artifacts platform Assignment2_newest
TRACE::2025-03-24.14:22:46::SCWPlatform::Sanity checking of platform is completed
LOG::2025-03-24.14:22:46::SCWPlatform::Started generating the artifacts for system configuration Assignment2_newest
LOG::2025-03-24.14:22:46::SCWSystem::Checking the domain zynq_fsbl
LOG::2025-03-24.14:22:46::SCWSystem::Doing application build for :  zynq_fsbl
TRACE::2025-03-24.14:22:46::SCWBDomain::Not a forced makefile updation, No changes are present. 
TRACE::2025-03-24.14:22:46::SCWDomain::Building the domain as part of full build :  zynq_fsbl
TRACE::2025-03-24.14:22:46::SCWPlatform::Trying to open the hw design at C:/Users/j54mao/ECE423/ECE-423-Labs/workspace/Assignment2_newest/hw/lab_prefab_wrapper_newest_lab2.xsa
TRACE::2025-03-24.14:22:46::SCWPlatform::DSA given C:/Users/j54mao/ECE423/ECE-423-Labs/workspace/Assignment2_newest/hw/lab_prefab_wrapper_newest_lab2.xsa
TRACE::2025-03-24.14:22:46::SCWPlatform::DSA absoulate path C:/Users/j54mao/ECE423/ECE-423-Labs/workspace/Assignment2_newest/hw/lab_prefab_wrapper_newest_lab2.xsa
TRACE::2025-03-24.14:22:46::SCWPlatform::DSA directory C:/Users/j54mao/ECE423/ECE-423-Labs/workspace/Assignment2_newest/hw
TRACE::2025-03-24.14:22:46::SCWPlatform:: Platform Path C:/Users/j54mao/ECE423/ECE-423-Labs/workspace/Assignment2_newest/hw/lab_prefab_wrapper_newest_lab2.xsa
TRACE::2025-03-24.14:22:46::SCWPlatform:: Unique name xilinx:pynq-z1::0.0
TRACE::2025-03-24.14:22:46::SCWPlatform::Trying to set the existing hwdb with name lab_prefab_wrapper_0
TRACE::2025-03-24.14:22:46::SCWPlatform::Opened existing hwdb lab_prefab_wrapper_0
TRACE::2025-03-24.14:22:46::SCWPlatform::Found the Hw Db part of the input DSA
TRACE::2025-03-24.14:22:46::SCWMssOS::Checking the sw design at  C:/Users/j54mao/ECE423/ECE-423-Labs/workspace/Assignment2_newest/zynq_fsbl/zynq_fsbl_bsp/system.mss
TRACE::2025-03-24.14:22:46::SCWMssOS::DEBUG:  swdes dump  C:/Users/j54mao/ECE423/ECE-423-Labs/workspace/Assignment2_debugging/ps7_cortexa9_0/standalone_domain/bsp/system.mss|system_0||
C:/Users/j54mao/ECE423/ECE-423-Labs/workspace/Assignment2_debugging/zynq_fsbl/zynq_fsbl_bsp/system.mss|system||
C:/Users/j54mao/ECE423/ECE-423-Labs/workspace/Assignment2_newest/ps7_cortexa9_0/standalone_domain/bsp/system.mss|system_2||
C:/Users/j54mao/ECE423/ECE-423-Labs/workspace/Assignment2_newest/zynq_fsbl/zynq_fsbl_bsp/system.mss|system_1||
C:/Users/j54mao/ECE423/ECE-423-Labs/workspace/Assignment_2/ps7_cortexa9_0/standalone_domain/bsp/system.mss|system_8||
C:/Users/j54mao/ECE423/ECE-423-Labs/workspace/Assignment_2/zynq_fsbl/zynq_fsbl_bsp/system.mss|system_7||
C:/Users/j54mao/ECE423/ECE-423-Labs/workspace/assignment2_hunter_test/ps7_cortexa9_0/standalone_domain/bsp/system.mss|system_4||
C:/Users/j54mao/ECE423/ECE-423-Labs/workspace/assignment2_hunter_test/zynq_fsbl/zynq_fsbl_bsp/system.mss|system_3||
C:/Users/j54mao/ECE423/ECE-423-Labs/workspace/lab_prefab_wrapper/ps7_cortexa9_0/standalone_ps7_cortexa9_0/bsp/system.mss|system_6||
C:/Users/j54mao/ECE423/ECE-423-Labs/workspace/lab_prefab_wrapper/zynq_fsbl/zynq_fsbl_bsp/system.mss|system_5||

TRACE::2025-03-24.14:22:46::SCWMssOS::Sw design exists and opened at  C:/Users/j54mao/ECE423/ECE-423-Labs/workspace/Assignment2_newest/zynq_fsbl/zynq_fsbl_bsp/system.mss
TRACE::2025-03-24.14:22:46::SCWBDomain::Completed writing the mss file at C:/Users/j54mao/ECE423/ECE-423-Labs/workspace/Assignment2_newest/zynq_fsbl/zynq_fsbl_bsp
TRACE::2025-03-24.14:22:46::SCWBDomain::bsp generated is upto date with the mss file. Skipping bsp generation.
TRACE::2025-03-24.14:22:46::SCWBDomain::Not a forced makefile updation, No changes are present. 
TRACE::2025-03-24.14:22:46::SCWBDomain::System Command Ran  C:&  cd  C:/Users/j54mao/ECE423/ECE-423-Labs/workspace/Assignment2_newest/zynq_fsbl& make -C  zynq_fsbl_bsp & make 
TRACE::2025-03-24.14:22:46::SCWBDomain::make: Entering directory 'C:/Users/j54mao/ECE423/ECE-423-Labs/workspace/Assignment2_newest/zynq_fsbl/zynq_fsbl_bsp'

TRACE::2025-03-24.14:22:46::SCWBDomain::make --no-print-directory seq_libs

TRACE::2025-03-24.14:22:46::SCWBDomain::"Running Make include in ps7_cortexa9_0/libsrc/axidma_v9_14/src"

TRACE::2025-03-24.14:22:46::SCWBDomain::make -C ps7_cortexa9_0/libsrc/axidma_v9_14/src -s include  "SHELL=CMD" "COMPILER=arm-none-eabi-gcc" "ASSEMBLER=arm-none-eabi-as
TRACE::2025-03-24.14:22:46::SCWBDomain::" "ARCHIVER=arm-none-eabi-ar" "COMPILER_FLAGS=  -O2 -c" "EXTRA_COMPILER_FLAGS=-mcpu=cortex-a9 -mfpu=vfpv3 -mfloat-abi=hard -nos
TRACE::2025-03-24.14:22:46::SCWBDomain::tartfiles -g -Wall -Wextra -fno-tree-loop-distribute-patterns"

TRACE::2025-03-24.14:22:46::SCWBDomain::"Running Make include in ps7_cortexa9_0/libsrc/axivdma_v6_11/src"

TRACE::2025-03-24.14:22:46::SCWBDomain::make -C ps7_cortexa9_0/libsrc/axivdma_v6_11/src -s include  "SHELL=CMD" "COMPILER=arm-none-eabi-gcc" "ASSEMBLER=arm-none-eabi-a
TRACE::2025-03-24.14:22:46::SCWBDomain::s" "ARCHIVER=arm-none-eabi-ar" "COMPILER_FLAGS=  -O2 -c" "EXTRA_COMPILER_FLAGS=-mcpu=cortex-a9 -mfpu=vfpv3 -mfloat-abi=hard -no
TRACE::2025-03-24.14:22:46::SCWBDomain::startfiles -g -Wall -Wextra -fno-tree-loop-distribute-patterns"

TRACE::2025-03-24.14:22:46::SCWBDomain::"Running Make include in ps7_cortexa9_0/libsrc/coresightps_dcc_v1_8/src"

TRACE::2025-03-24.14:22:46::SCWBDomain::make -C ps7_cortexa9_0/libsrc/coresightps_dcc_v1_8/src -s include  "SHELL=CMD" "COMPILER=arm-none-eabi-gcc" "ASSEMBLER=arm-none
TRACE::2025-03-24.14:22:46::SCWBDomain::-eabi-as" "ARCHIVER=arm-none-eabi-ar" "COMPILER_FLAGS=  -O2 -c" "EXTRA_COMPILER_FLAGS=-mcpu=cortex-a9 -mfpu=vfpv3 -mfloat-abi=h
TRACE::2025-03-24.14:22:46::SCWBDomain::ard -nostartfiles -g -Wall -Wextra -fno-tree-loop-distribute-patterns"

TRACE::2025-03-24.14:22:46::SCWBDomain::"Running Make include in ps7_cortexa9_0/libsrc/cpu_cortexa9_v2_11/src"

TRACE::2025-03-24.14:22:46::SCWBDomain::make -C ps7_cortexa9_0/libsrc/cpu_cortexa9_v2_11/src -s include  "SHELL=CMD" "COMPILER=arm-none-eabi-gcc" "ASSEMBLER=arm-none-e
TRACE::2025-03-24.14:22:46::SCWBDomain::abi-as" "ARCHIVER=arm-none-eabi-ar" "COMPILER_FLAGS=  -O2 -c" "EXTRA_COMPILER_FLAGS=-mcpu=cortex-a9 -mfpu=vfpv3 -mfloat-abi=har
TRACE::2025-03-24.14:22:46::SCWBDomain::d -nostartfiles -g -Wall -Wextra -fno-tree-loop-distribute-patterns"

TRACE::2025-03-24.14:22:46::SCWBDomain::"Running Make include in ps7_cortexa9_0/libsrc/ddrps_v1_2/src"

TRACE::2025-03-24.14:22:46::SCWBDomain::make -C ps7_cortexa9_0/libsrc/ddrps_v1_2/src -s include  "SHELL=CMD" "COMPILER=arm-none-eabi-gcc" "ASSEMBLER=arm-none-eabi-as" 
TRACE::2025-03-24.14:22:46::SCWBDomain::"ARCHIVER=arm-none-eabi-ar" "COMPILER_FLAGS=  -O2 -c" "EXTRA_COMPILER_FLAGS=-mcpu=cortex-a9 -mfpu=vfpv3 -mfloat-abi=hard -nosta
TRACE::2025-03-24.14:22:46::SCWBDomain::rtfiles -g -Wall -Wextra -fno-tree-loop-distribute-patterns"

TRACE::2025-03-24.14:22:46::SCWBDomain::"Running Make include in ps7_cortexa9_0/libsrc/devcfg_v3_7/src"

TRACE::2025-03-24.14:22:46::SCWBDomain::make -C ps7_cortexa9_0/libsrc/devcfg_v3_7/src -s include  "SHELL=CMD" "COMPILER=arm-none-eabi-gcc" "ASSEMBLER=arm-none-eabi-as"
TRACE::2025-03-24.14:22:46::SCWBDomain:: "ARCHIVER=arm-none-eabi-ar" "COMPILER_FLAGS=  -O2 -c" "EXTRA_COMPILER_FLAGS=-mcpu=cortex-a9 -mfpu=vfpv3 -mfloat-abi=hard -nost
TRACE::2025-03-24.14:22:46::SCWBDomain::artfiles -g -Wall -Wextra -fno-tree-loop-distribute-patterns"

TRACE::2025-03-24.14:22:47::SCWBDomain::"Running Make include in ps7_cortexa9_0/libsrc/dmaps_v2_8/src"

TRACE::2025-03-24.14:22:47::SCWBDomain::make -C ps7_cortexa9_0/libsrc/dmaps_v2_8/src -s include  "SHELL=CMD" "COMPILER=arm-none-eabi-gcc" "ASSEMBLER=arm-none-eabi-as" 
TRACE::2025-03-24.14:22:47::SCWBDomain::"ARCHIVER=arm-none-eabi-ar" "COMPILER_FLAGS=  -O2 -c" "EXTRA_COMPILER_FLAGS=-mcpu=cortex-a9 -mfpu=vfpv3 -mfloat-abi=hard -nosta
TRACE::2025-03-24.14:22:47::SCWBDomain::rtfiles -g -Wall -Wextra -fno-tree-loop-distribute-patterns"

TRACE::2025-03-24.14:22:47::SCWBDomain::"Running Make include in ps7_cortexa9_0/libsrc/emacps_v3_16/src"

TRACE::2025-03-24.14:22:47::SCWBDomain::make -C ps7_cortexa9_0/libsrc/emacps_v3_16/src -s include  "SHELL=CMD" "COMPILER=arm-none-eabi-gcc" "ASSEMBLER=arm-none-eabi-as
TRACE::2025-03-24.14:22:47::SCWBDomain::" "ARCHIVER=arm-none-eabi-ar" "COMPILER_FLAGS=  -O2 -c" "EXTRA_COMPILER_FLAGS=-mcpu=cortex-a9 -mfpu=vfpv3 -mfloat-abi=hard -nos
TRACE::2025-03-24.14:22:47::SCWBDomain::tartfiles -g -Wall -Wextra -fno-tree-loop-distribute-patterns"

TRACE::2025-03-24.14:22:47::SCWBDomain::"Running Make include in ps7_cortexa9_0/libsrc/gpiops_v3_9/src"

TRACE::2025-03-24.14:22:47::SCWBDomain::make -C ps7_cortexa9_0/libsrc/gpiops_v3_9/src -s include  "SHELL=CMD" "COMPILER=arm-none-eabi-gcc" "ASSEMBLER=arm-none-eabi-as"
TRACE::2025-03-24.14:22:47::SCWBDomain:: "ARCHIVER=arm-none-eabi-ar" "COMPILER_FLAGS=  -O2 -c" "EXTRA_COMPILER_FLAGS=-mcpu=cortex-a9 -mfpu=vfpv3 -mfloat-abi=hard -nost
TRACE::2025-03-24.14:22:47::SCWBDomain::artfiles -g -Wall -Wextra -fno-tree-loop-distribute-patterns"

TRACE::2025-03-24.14:22:47::SCWBDomain::"Running Make include in ps7_cortexa9_0/libsrc/iicps_v3_15/src"

TRACE::2025-03-24.14:22:47::SCWBDomain::make -C ps7_cortexa9_0/libsrc/iicps_v3_15/src -s include  "SHELL=CMD" "COMPILER=arm-none-eabi-gcc" "ASSEMBLER=arm-none-eabi-as"
TRACE::2025-03-24.14:22:47::SCWBDomain:: "ARCHIVER=arm-none-eabi-ar" "COMPILER_FLAGS=  -O2 -c" "EXTRA_COMPILER_FLAGS=-mcpu=cortex-a9 -mfpu=vfpv3 -mfloat-abi=hard -nost
TRACE::2025-03-24.14:22:47::SCWBDomain::artfiles -g -Wall -Wextra -fno-tree-loop-distribute-patterns"

TRACE::2025-03-24.14:22:47::SCWBDomain::"Running Make include in ps7_cortexa9_0/libsrc/qspips_v3_9/src"

TRACE::2025-03-24.14:22:47::SCWBDomain::make -C ps7_cortexa9_0/libsrc/qspips_v3_9/src -s include  "SHELL=CMD" "COMPILER=arm-none-eabi-gcc" "ASSEMBLER=arm-none-eabi-as"
TRACE::2025-03-24.14:22:47::SCWBDomain:: "ARCHIVER=arm-none-eabi-ar" "COMPILER_FLAGS=  -O2 -c" "EXTRA_COMPILER_FLAGS=-mcpu=cortex-a9 -mfpu=vfpv3 -mfloat-abi=hard -nost
TRACE::2025-03-24.14:22:47::SCWBDomain::artfiles -g -Wall -Wextra -fno-tree-loop-distribute-patterns"

TRACE::2025-03-24.14:22:47::SCWBDomain::"Running Make include in ps7_cortexa9_0/libsrc/scugic_v4_7/src"

TRACE::2025-03-24.14:22:47::SCWBDomain::make -C ps7_cortexa9_0/libsrc/scugic_v4_7/src -s include  "SHELL=CMD" "COMPILER=arm-none-eabi-gcc" "ASSEMBLER=arm-none-eabi-as"
TRACE::2025-03-24.14:22:47::SCWBDomain:: "ARCHIVER=arm-none-eabi-ar" "COMPILER_FLAGS=  -O2 -c" "EXTRA_COMPILER_FLAGS=-mcpu=cortex-a9 -mfpu=vfpv3 -mfloat-abi=hard -nost
TRACE::2025-03-24.14:22:47::SCWBDomain::artfiles -g -Wall -Wextra -fno-tree-loop-distribute-patterns"

TRACE::2025-03-24.14:22:47::SCWBDomain::"Running Make include in ps7_cortexa9_0/libsrc/scutimer_v2_4/src"

TRACE::2025-03-24.14:22:47::SCWBDomain::make -C ps7_cortexa9_0/libsrc/scutimer_v2_4/src -s include  "SHELL=CMD" "COMPILER=arm-none-eabi-gcc" "ASSEMBLER=arm-none-eabi-a
TRACE::2025-03-24.14:22:47::SCWBDomain::s" "ARCHIVER=arm-none-eabi-ar" "COMPILER_FLAGS=  -O2 -c" "EXTRA_COMPILER_FLAGS=-mcpu=cortex-a9 -mfpu=vfpv3 -mfloat-abi=hard -no
TRACE::2025-03-24.14:22:47::SCWBDomain::startfiles -g -Wall -Wextra -fno-tree-loop-distribute-patterns"

TRACE::2025-03-24.14:22:48::SCWBDomain::"Running Make include in ps7_cortexa9_0/libsrc/scuwdt_v2_4/src"

TRACE::2025-03-24.14:22:48::SCWBDomain::make -C ps7_cortexa9_0/libsrc/scuwdt_v2_4/src -s include  "SHELL=CMD" "COMPILER=arm-none-eabi-gcc" "ASSEMBLER=arm-none-eabi-as"
TRACE::2025-03-24.14:22:48::SCWBDomain:: "ARCHIVER=arm-none-eabi-ar" "COMPILER_FLAGS=  -O2 -c" "EXTRA_COMPILER_FLAGS=-mcpu=cortex-a9 -mfpu=vfpv3 -mfloat-abi=hard -nost
TRACE::2025-03-24.14:22:48::SCWBDomain::artfiles -g -Wall -Wextra -fno-tree-loop-distribute-patterns"

TRACE::2025-03-24.14:22:48::SCWBDomain::"Running Make include in ps7_cortexa9_0/libsrc/sdps_v3_14/src"

TRACE::2025-03-24.14:22:48::SCWBDomain::make -C ps7_cortexa9_0/libsrc/sdps_v3_14/src -s include  "SHELL=CMD" "COMPILER=arm-none-eabi-gcc" "ASSEMBLER=arm-none-eabi-as" 
TRACE::2025-03-24.14:22:48::SCWBDomain::"ARCHIVER=arm-none-eabi-ar" "COMPILER_FLAGS=  -O2 -c" "EXTRA_COMPILER_FLAGS=-mcpu=cortex-a9 -mfpu=vfpv3 -mfloat-abi=hard -nosta
TRACE::2025-03-24.14:22:48::SCWBDomain::rtfiles -g -Wall -Wextra -fno-tree-loop-distribute-patterns"

TRACE::2025-03-24.14:22:48::SCWBDomain::"Running Make include in ps7_cortexa9_0/libsrc/standalone_v7_7/src"

TRACE::2025-03-24.14:22:48::SCWBDomain::make -C ps7_cortexa9_0/libsrc/standalone_v7_7/src -s include  "SHELL=CMD" "COMPILER=arm-none-eabi-gcc" "ASSEMBLER=arm-none-eabi
TRACE::2025-03-24.14:22:48::SCWBDomain::-as" "ARCHIVER=arm-none-eabi-ar" "COMPILER_FLAGS=  -O2 -c" "EXTRA_COMPILER_FLAGS=-mcpu=cortex-a9 -mfpu=vfpv3 -mfloat-abi=hard -
TRACE::2025-03-24.14:22:48::SCWBDomain::nostartfiles -g -Wall -Wextra -fno-tree-loop-distribute-patterns"

TRACE::2025-03-24.14:22:48::SCWBDomain::"Running Make include in ps7_cortexa9_0/libsrc/uartps_v3_11/src"

TRACE::2025-03-24.14:22:48::SCWBDomain::make -C ps7_cortexa9_0/libsrc/uartps_v3_11/src -s include  "SHELL=CMD" "COMPILER=arm-none-eabi-gcc" "ASSEMBLER=arm-none-eabi-as
TRACE::2025-03-24.14:22:48::SCWBDomain::" "ARCHIVER=arm-none-eabi-ar" "COMPILER_FLAGS=  -O2 -c" "EXTRA_COMPILER_FLAGS=-mcpu=cortex-a9 -mfpu=vfpv3 -mfloat-abi=hard -nos
TRACE::2025-03-24.14:22:48::SCWBDomain::tartfiles -g -Wall -Wextra -fno-tree-loop-distribute-patterns"

TRACE::2025-03-24.14:22:48::SCWBDomain::"Running Make include in ps7_cortexa9_0/libsrc/usbps_v2_7/src"

TRACE::2025-03-24.14:22:48::SCWBDomain::make -C ps7_cortexa9_0/libsrc/usbps_v2_7/src -s include  "SHELL=CMD" "COMPILER=arm-none-eabi-gcc" "ASSEMBLER=arm-none-eabi-as" 
TRACE::2025-03-24.14:22:48::SCWBDomain::"ARCHIVER=arm-none-eabi-ar" "COMPILER_FLAGS=  -O2 -c" "EXTRA_COMPILER_FLAGS=-mcpu=cortex-a9 -mfpu=vfpv3 -mfloat-abi=hard -nosta
TRACE::2025-03-24.14:22:48::SCWBDomain::rtfiles -g -Wall -Wextra -fno-tree-loop-distribute-patterns"

TRACE::2025-03-24.14:22:48::SCWBDomain::"Running Make include in ps7_cortexa9_0/libsrc/xadcps_v2_6/src"

TRACE::2025-03-24.14:22:48::SCWBDomain::make -C ps7_cortexa9_0/libsrc/xadcps_v2_6/src -s include  "SHELL=CMD" "COMPILER=arm-none-eabi-gcc" "ASSEMBLER=arm-none-eabi-as"
TRACE::2025-03-24.14:22:48::SCWBDomain:: "ARCHIVER=arm-none-eabi-ar" "COMPILER_FLAGS=  -O2 -c" "EXTRA_COMPILER_FLAGS=-mcpu=cortex-a9 -mfpu=vfpv3 -mfloat-abi=hard -nost
TRACE::2025-03-24.14:22:48::SCWBDomain::artfiles -g -Wall -Wextra -fno-tree-loop-distribute-patterns"

TRACE::2025-03-24.14:22:48::SCWBDomain::"Running Make include in ps7_cortexa9_0/libsrc/xilffs_v4_7/src"

TRACE::2025-03-24.14:22:48::SCWBDomain::make -C ps7_cortexa9_0/libsrc/xilffs_v4_7/src -s include  "SHELL=CMD" "COMPILER=arm-none-eabi-gcc" "ASSEMBLER=arm-none-eabi-as"
TRACE::2025-03-24.14:22:48::SCWBDomain:: "ARCHIVER=arm-none-eabi-ar" "COMPILER_FLAGS=  -O2 -c" "EXTRA_COMPILER_FLAGS=-mcpu=cortex-a9 -mfpu=vfpv3 -mfloat-abi=hard -nost
TRACE::2025-03-24.14:22:48::SCWBDomain::artfiles -g -Wall -Wextra -fno-tree-loop-distribute-patterns"

TRACE::2025-03-24.14:22:49::SCWBDomain::"Running Make include in ps7_cortexa9_0/libsrc/xilrsa_v1_6/src"

TRACE::2025-03-24.14:22:49::SCWBDomain::make -C ps7_cortexa9_0/libsrc/xilrsa_v1_6/src -s include  "SHELL=CMD" "COMPILER=arm-none-eabi-gcc" "ASSEMBLER=arm-none-eabi-as"
TRACE::2025-03-24.14:22:49::SCWBDomain:: "ARCHIVER=arm-none-eabi-ar" "COMPILER_FLAGS=  -O2 -c" "EXTRA_COMPILER_FLAGS=-mcpu=cortex-a9 -mfpu=vfpv3 -mfloat-abi=hard -nost
TRACE::2025-03-24.14:22:49::SCWBDomain::artfiles -g -Wall -Wextra -fno-tree-loop-distribute-patterns"

TRACE::2025-03-24.14:22:49::SCWBDomain::"Running Make libs in ps7_cortexa9_0/libsrc/xilrsa_v1_6/src"

TRACE::2025-03-24.14:22:49::SCWBDomain::make -C ps7_cortexa9_0/libsrc/xilrsa_v1_6/src -s libs  "SHELL=CMD" "COMPILER=arm-none-eabi-gcc" "ASSEMBLER=arm-none-eabi-as" "A
TRACE::2025-03-24.14:22:49::SCWBDomain::RCHIVER=arm-none-eabi-ar" "COMPILER_FLAGS=  -O2 -c" "EXTRA_COMPILER_FLAGS=-mcpu=cortex-a9 -mfpu=vfpv3 -mfloat-abi=hard -nostart
TRACE::2025-03-24.14:22:49::SCWBDomain::files -g -Wall -Wextra -fno-tree-loop-distribute-patterns"

TRACE::2025-03-24.14:22:49::SCWBDomain::'Finished building libraries sequentially.'

TRACE::2025-03-24.14:22:49::SCWBDomain::make -j 2 --no-print-directory par_libs

TRACE::2025-03-24.14:22:49::SCWBDomain::"Running Make include in ps7_cortexa9_0/libsrc/axidma_v9_14/src"

TRACE::2025-03-24.14:22:49::SCWBDomain::"Running Make include in ps7_cortexa9_0/libsrc/axivdma_v6_11/src"

TRACE::2025-03-24.14:22:49::SCWBDomain::make -C ps7_cortexa9_0/libsrc/axidma_v9_14/src -s include  "SHELL=CMD" "COMPILER=arm-none-eabi-gcc" "ASSEMBLER=arm-none-eabi-as
TRACE::2025-03-24.14:22:49::SCWBDomain::" "ARCHIVER=arm-none-eabi-ar" "COMPILER_FLAGS=  -O2 -c" "EXTRA_COMPILER_FLAGS=-mcpu=cortex-a9 -mfpu=vfpv3 -mfloat-abi=hard -nos
TRACE::2025-03-24.14:22:49::SCWBDomain::tartfiles -g -Wall -Wextra -fno-tree-loop-distribute-patterns"

TRACE::2025-03-24.14:22:49::SCWBDomain::make -C ps7_cortexa9_0/libsrc/axivdma_v6_11/src -s include  "SHELL=CMD" "COMPILER=arm-none-eabi-gcc" "ASSEMBLER=arm-none-eabi-a
TRACE::2025-03-24.14:22:49::SCWBDomain::s" "ARCHIVER=arm-none-eabi-ar" "COMPILER_FLAGS=  -O2 -c" "EXTRA_COMPILER_FLAGS=-mcpu=cortex-a9 -mfpu=vfpv3 -mfloat-abi=hard -no
TRACE::2025-03-24.14:22:49::SCWBDomain::startfiles -g -Wall -Wextra -fno-tree-loop-distribute-patterns"

TRACE::2025-03-24.14:22:49::SCWBDomain::"Running Make include in ps7_cortexa9_0/libsrc/coresightps_dcc_v1_8/src"

TRACE::2025-03-24.14:22:49::SCWBDomain::make -C ps7_cortexa9_0/libsrc/coresightps_dcc_v1_8/src -s include  "SHELL=CMD" "COMPILER=arm-none-eabi-gcc" "ASSEMBLER=arm-none
TRACE::2025-03-24.14:22:49::SCWBDomain::-eabi-as" "ARCHIVER=arm-none-eabi-ar" "COMPILER_FLAGS=  -O2 -c" "EXTRA_COMPILER_FLAGS=-mcpu=cortex-a9 -mfpu=vfpv3 -mfloat-abi=h
TRACE::2025-03-24.14:22:49::SCWBDomain::ard -nostartfiles -g -Wall -Wextra -fno-tree-loop-distribute-patterns"

TRACE::2025-03-24.14:22:49::SCWBDomain::"Running Make include in ps7_cortexa9_0/libsrc/cpu_cortexa9_v2_11/src"

TRACE::2025-03-24.14:22:49::SCWBDomain::make -C ps7_cortexa9_0/libsrc/cpu_cortexa9_v2_11/src -s include  "SHELL=CMD" "COMPILER=arm-none-eabi-gcc" "ASSEMBLER=arm-none-e
TRACE::2025-03-24.14:22:49::SCWBDomain::abi-as" "ARCHIVER=arm-none-eabi-ar" "COMPILER_FLAGS=  -O2 -c" "EXTRA_COMPILER_FLAGS=-mcpu=cortex-a9 -mfpu=vfpv3 -mfloat-abi=har
TRACE::2025-03-24.14:22:49::SCWBDomain::d -nostartfiles -g -Wall -Wextra -fno-tree-loop-distribute-patterns"

TRACE::2025-03-24.14:22:49::SCWBDomain::"Running Make include in ps7_cortexa9_0/libsrc/ddrps_v1_2/src"

TRACE::2025-03-24.14:22:49::SCWBDomain::make -C ps7_cortexa9_0/libsrc/ddrps_v1_2/src -s include  "SHELL=CMD" "COMPILER=arm-none-eabi-gcc" "ASSEMBLER=arm-none-eabi-as" 
TRACE::2025-03-24.14:22:49::SCWBDomain::"ARCHIVER=arm-none-eabi-ar" "COMPILER_FLAGS=  -O2 -c" "EXTRA_COMPILER_FLAGS=-mcpu=cortex-a9 -mfpu=vfpv3 -mfloat-abi=hard -nosta
TRACE::2025-03-24.14:22:49::SCWBDomain::rtfiles -g -Wall -Wextra -fno-tree-loop-distribute-patterns"

TRACE::2025-03-24.14:22:49::SCWBDomain::"Running Make include in ps7_cortexa9_0/libsrc/devcfg_v3_7/src"

TRACE::2025-03-24.14:22:49::SCWBDomain::make -C ps7_cortexa9_0/libsrc/devcfg_v3_7/src -s include  "SHELL=CMD" "COMPILER=arm-none-eabi-gcc" "ASSEMBLER=arm-none-eabi-as"
TRACE::2025-03-24.14:22:49::SCWBDomain:: "ARCHIVER=arm-none-eabi-ar" "COMPILER_FLAGS=  -O2 -c" "EXTRA_COMPILER_FLAGS=-mcpu=cortex-a9 -mfpu=vfpv3 -mfloat-abi=hard -nost
TRACE::2025-03-24.14:22:49::SCWBDomain::artfiles -g -Wall -Wextra -fno-tree-loop-distribute-patterns"

TRACE::2025-03-24.14:22:49::SCWBDomain::"Running Make include in ps7_cortexa9_0/libsrc/dmaps_v2_8/src"

TRACE::2025-03-24.14:22:49::SCWBDomain::make -C ps7_cortexa9_0/libsrc/dmaps_v2_8/src -s include  "SHELL=CMD" "COMPILER=arm-none-eabi-gcc" "ASSEMBLER=arm-none-eabi-as" 
TRACE::2025-03-24.14:22:49::SCWBDomain::"ARCHIVER=arm-none-eabi-ar" "COMPILER_FLAGS=  -O2 -c" "EXTRA_COMPILER_FLAGS=-mcpu=cortex-a9 -mfpu=vfpv3 -mfloat-abi=hard -nosta
TRACE::2025-03-24.14:22:49::SCWBDomain::rtfiles -g -Wall -Wextra -fno-tree-loop-distribute-patterns"

TRACE::2025-03-24.14:22:49::SCWBDomain::"Running Make include in ps7_cortexa9_0/libsrc/emacps_v3_16/src"

TRACE::2025-03-24.14:22:49::SCWBDomain::make -C ps7_cortexa9_0/libsrc/emacps_v3_16/src -s include  "SHELL=CMD" "COMPILER=arm-none-eabi-gcc" "ASSEMBLER=arm-none-eabi-as
TRACE::2025-03-24.14:22:49::SCWBDomain::" "ARCHIVER=arm-none-eabi-ar" "COMPILER_FLAGS=  -O2 -c" "EXTRA_COMPILER_FLAGS=-mcpu=cortex-a9 -mfpu=vfpv3 -mfloat-abi=hard -nos
TRACE::2025-03-24.14:22:49::SCWBDomain::tartfiles -g -Wall -Wextra -fno-tree-loop-distribute-patterns"

TRACE::2025-03-24.14:22:50::SCWBDomain::"Running Make include in ps7_cortexa9_0/libsrc/gpiops_v3_9/src"

TRACE::2025-03-24.14:22:50::SCWBDomain::make -C ps7_cortexa9_0/libsrc/gpiops_v3_9/src -s include  "SHELL=CMD" "COMPILER=arm-none-eabi-gcc" "ASSEMBLER=arm-none-eabi-as"
TRACE::2025-03-24.14:22:50::SCWBDomain:: "ARCHIVER=arm-none-eabi-ar" "COMPILER_FLAGS=  -O2 -c" "EXTRA_COMPILER_FLAGS=-mcpu=cortex-a9 -mfpu=vfpv3 -mfloat-abi=hard -nost
TRACE::2025-03-24.14:22:50::SCWBDomain::artfiles -g -Wall -Wextra -fno-tree-loop-distribute-patterns"

TRACE::2025-03-24.14:22:50::SCWBDomain::"Running Make include in ps7_cortexa9_0/libsrc/iicps_v3_15/src"

TRACE::2025-03-24.14:22:50::SCWBDomain::make -C ps7_cortexa9_0/libsrc/iicps_v3_15/src -s include  "SHELL=CMD" "COMPILER=arm-none-eabi-gcc" "ASSEMBLER=arm-none-eabi-as"
TRACE::2025-03-24.14:22:50::SCWBDomain:: "ARCHIVER=arm-none-eabi-ar" "COMPILER_FLAGS=  -O2 -c" "EXTRA_COMPILER_FLAGS=-mcpu=cortex-a9 -mfpu=vfpv3 -mfloat-abi=hard -nost
TRACE::2025-03-24.14:22:50::SCWBDomain::artfiles -g -Wall -Wextra -fno-tree-loop-distribute-patterns"

TRACE::2025-03-24.14:22:50::SCWBDomain::"Running Make include in ps7_cortexa9_0/libsrc/qspips_v3_9/src"

TRACE::2025-03-24.14:22:50::SCWBDomain::make -C ps7_cortexa9_0/libsrc/qspips_v3_9/src -s include  "SHELL=CMD" "COMPILER=arm-none-eabi-gcc" "ASSEMBLER=arm-none-eabi-as"
TRACE::2025-03-24.14:22:50::SCWBDomain:: "ARCHIVER=arm-none-eabi-ar" "COMPILER_FLAGS=  -O2 -c" "EXTRA_COMPILER_FLAGS=-mcpu=cortex-a9 -mfpu=vfpv3 -mfloat-abi=hard -nost
TRACE::2025-03-24.14:22:50::SCWBDomain::artfiles -g -Wall -Wextra -fno-tree-loop-distribute-patterns"

TRACE::2025-03-24.14:22:50::SCWBDomain::"Running Make include in ps7_cortexa9_0/libsrc/scugic_v4_7/src"

TRACE::2025-03-24.14:22:50::SCWBDomain::make -C ps7_cortexa9_0/libsrc/scugic_v4_7/src -s include  "SHELL=CMD" "COMPILER=arm-none-eabi-gcc" "ASSEMBLER=arm-none-eabi-as"
TRACE::2025-03-24.14:22:50::SCWBDomain:: "ARCHIVER=arm-none-eabi-ar" "COMPILER_FLAGS=  -O2 -c" "EXTRA_COMPILER_FLAGS=-mcpu=cortex-a9 -mfpu=vfpv3 -mfloat-abi=hard -nost
TRACE::2025-03-24.14:22:50::SCWBDomain::artfiles -g -Wall -Wextra -fno-tree-loop-distribute-patterns"

TRACE::2025-03-24.14:22:50::SCWBDomain::"Running Make include in ps7_cortexa9_0/libsrc/scutimer_v2_4/src"

TRACE::2025-03-24.14:22:50::SCWBDomain::make -C ps7_cortexa9_0/libsrc/scutimer_v2_4/src -s include  "SHELL=CMD" "COMPILER=arm-none-eabi-gcc" "ASSEMBLER=arm-none-eabi-a
TRACE::2025-03-24.14:22:50::SCWBDomain::s" "ARCHIVER=arm-none-eabi-ar" "COMPILER_FLAGS=  -O2 -c" "EXTRA_COMPILER_FLAGS=-mcpu=cortex-a9 -mfpu=vfpv3 -mfloat-abi=hard -no
TRACE::2025-03-24.14:22:50::SCWBDomain::startfiles -g -Wall -Wextra -fno-tree-loop-distribute-patterns"

TRACE::2025-03-24.14:22:50::SCWBDomain::"Running Make include in ps7_cortexa9_0/libsrc/scuwdt_v2_4/src"

TRACE::2025-03-24.14:22:50::SCWBDomain::make -C ps7_cortexa9_0/libsrc/scuwdt_v2_4/src -s include  "SHELL=CMD" "COMPILER=arm-none-eabi-gcc" "ASSEMBLER=arm-none-eabi-as"
TRACE::2025-03-24.14:22:50::SCWBDomain:: "ARCHIVER=arm-none-eabi-ar" "COMPILER_FLAGS=  -O2 -c" "EXTRA_COMPILER_FLAGS=-mcpu=cortex-a9 -mfpu=vfpv3 -mfloat-abi=hard -nost
TRACE::2025-03-24.14:22:50::SCWBDomain::artfiles -g -Wall -Wextra -fno-tree-loop-distribute-patterns"

TRACE::2025-03-24.14:22:50::SCWBDomain::"Running Make include in ps7_cortexa9_0/libsrc/sdps_v3_14/src"

TRACE::2025-03-24.14:22:50::SCWBDomain::"Running Make include in ps7_cortexa9_0/libsrc/standalone_v7_7/src"

TRACE::2025-03-24.14:22:50::SCWBDomain::make -C ps7_cortexa9_0/libsrc/sdps_v3_14/src -s include  "SHELL=CMD" "COMPILER=arm-none-eabi-gcc" "ASSEMBLER=arm-none-eabi-as" 
TRACE::2025-03-24.14:22:50::SCWBDomain::"ARCHIVER=arm-none-eabi-ar" "COMPILER_FLAGS=  -O2 -c" "EXTRA_COMPILER_FLAGS=-mcpu=cortex-a9 -mfpu=vfpv3 -mfloat-abi=hard -nosta
TRACE::2025-03-24.14:22:50::SCWBDomain::rtfiles -g -Wall -Wextra -fno-tree-loop-distribute-patterns"

TRACE::2025-03-24.14:22:50::SCWBDomain::make -C ps7_cortexa9_0/libsrc/standalone_v7_7/src -s include  "SHELL=CMD" "COMPILER=arm-none-eabi-gcc" "ASSEMBLER=arm-none-eabi
TRACE::2025-03-24.14:22:50::SCWBDomain::-as" "ARCHIVER=arm-none-eabi-ar" "COMPILER_FLAGS=  -O2 -c" "EXTRA_COMPILER_FLAGS=-mcpu=cortex-a9 -mfpu=vfpv3 -mfloat-abi=hard -
TRACE::2025-03-24.14:22:50::SCWBDomain::nostartfiles -g -Wall -Wextra -fno-tree-loop-distribute-patterns"

TRACE::2025-03-24.14:22:50::SCWBDomain::"Running Make include in ps7_cortexa9_0/libsrc/uartps_v3_11/src"

TRACE::2025-03-24.14:22:50::SCWBDomain::make -C ps7_cortexa9_0/libsrc/uartps_v3_11/src -s include  "SHELL=CMD" "COMPILER=arm-none-eabi-gcc" "ASSEMBLER=arm-none-eabi-as
TRACE::2025-03-24.14:22:50::SCWBDomain::" "ARCHIVER=arm-none-eabi-ar" "COMPILER_FLAGS=  -O2 -c" "EXTRA_COMPILER_FLAGS=-mcpu=cortex-a9 -mfpu=vfpv3 -mfloat-abi=hard -nos
TRACE::2025-03-24.14:22:50::SCWBDomain::tartfiles -g -Wall -Wextra -fno-tree-loop-distribute-patterns"

TRACE::2025-03-24.14:22:51::SCWBDomain::"Running Make include in ps7_cortexa9_0/libsrc/usbps_v2_7/src"

TRACE::2025-03-24.14:22:51::SCWBDomain::make -C ps7_cortexa9_0/libsrc/usbps_v2_7/src -s include  "SHELL=CMD" "COMPILER=arm-none-eabi-gcc" "ASSEMBLER=arm-none-eabi-as" 
TRACE::2025-03-24.14:22:51::SCWBDomain::"ARCHIVER=arm-none-eabi-ar" "COMPILER_FLAGS=  -O2 -c" "EXTRA_COMPILER_FLAGS=-mcpu=cortex-a9 -mfpu=vfpv3 -mfloat-abi=hard -nosta
TRACE::2025-03-24.14:22:51::SCWBDomain::rtfiles -g -Wall -Wextra -fno-tree-loop-distribute-patterns"

TRACE::2025-03-24.14:22:51::SCWBDomain::"Running Make include in ps7_cortexa9_0/libsrc/xadcps_v2_6/src"

TRACE::2025-03-24.14:22:51::SCWBDomain::make -C ps7_cortexa9_0/libsrc/xadcps_v2_6/src -s include  "SHELL=CMD" "COMPILER=arm-none-eabi-gcc" "ASSEMBLER=arm-none-eabi-as"
TRACE::2025-03-24.14:22:51::SCWBDomain:: "ARCHIVER=arm-none-eabi-ar" "COMPILER_FLAGS=  -O2 -c" "EXTRA_COMPILER_FLAGS=-mcpu=cortex-a9 -mfpu=vfpv3 -mfloat-abi=hard -nost
TRACE::2025-03-24.14:22:51::SCWBDomain::artfiles -g -Wall -Wextra -fno-tree-loop-distribute-patterns"

TRACE::2025-03-24.14:22:51::SCWBDomain::"Running Make include in ps7_cortexa9_0/libsrc/xilffs_v4_7/src"

TRACE::2025-03-24.14:22:51::SCWBDomain::make -C ps7_cortexa9_0/libsrc/xilffs_v4_7/src -s include  "SHELL=CMD" "COMPILER=arm-none-eabi-gcc" "ASSEMBLER=arm-none-eabi-as"
TRACE::2025-03-24.14:22:51::SCWBDomain:: "ARCHIVER=arm-none-eabi-ar" "COMPILER_FLAGS=  -O2 -c" "EXTRA_COMPILER_FLAGS=-mcpu=cortex-a9 -mfpu=vfpv3 -mfloat-abi=hard -nost
TRACE::2025-03-24.14:22:51::SCWBDomain::artfiles -g -Wall -Wextra -fno-tree-loop-distribute-patterns"

TRACE::2025-03-24.14:22:51::SCWBDomain::"Running Make include in ps7_cortexa9_0/libsrc/xilrsa_v1_6/src"

TRACE::2025-03-24.14:22:51::SCWBDomain::make -C ps7_cortexa9_0/libsrc/xilrsa_v1_6/src -s include  "SHELL=CMD" "COMPILER=arm-none-eabi-gcc" "ASSEMBLER=arm-none-eabi-as"
TRACE::2025-03-24.14:22:51::SCWBDomain:: "ARCHIVER=arm-none-eabi-ar" "COMPILER_FLAGS=  -O2 -c" "EXTRA_COMPILER_FLAGS=-mcpu=cortex-a9 -mfpu=vfpv3 -mfloat-abi=hard -nost
TRACE::2025-03-24.14:22:51::SCWBDomain::artfiles -g -Wall -Wextra -fno-tree-loop-distribute-patterns"

TRACE::2025-03-24.14:22:51::SCWBDomain::"Running Make libs in ps7_cortexa9_0/libsrc/axidma_v9_14/src"

TRACE::2025-03-24.14:22:51::SCWBDomain::make -C ps7_cortexa9_0/libsrc/axidma_v9_14/src -s libs  "SHELL=CMD" "COMPILER=arm-none-eabi-gcc" "ASSEMBLER=arm-none-eabi-as" "
TRACE::2025-03-24.14:22:51::SCWBDomain::ARCHIVER=arm-none-eabi-ar" "COMPILER_FLAGS=  -O2 -c" "EXTRA_COMPILER_FLAGS=-mcpu=cortex-a9 -mfpu=vfpv3 -mfloat-abi=hard -nostar
TRACE::2025-03-24.14:22:51::SCWBDomain::tfiles -g -Wall -Wextra -fno-tree-loop-distribute-patterns"

TRACE::2025-03-24.14:22:51::SCWBDomain::"Running Make libs in ps7_cortexa9_0/libsrc/axivdma_v6_11/src"

TRACE::2025-03-24.14:22:51::SCWBDomain::make -C ps7_cortexa9_0/libsrc/axivdma_v6_11/src -s libs  "SHELL=CMD" "COMPILER=arm-none-eabi-gcc" "ASSEMBLER=arm-none-eabi-as" 
TRACE::2025-03-24.14:22:51::SCWBDomain::"ARCHIVER=arm-none-eabi-ar" "COMPILER_FLAGS=  -O2 -c" "EXTRA_COMPILER_FLAGS=-mcpu=cortex-a9 -mfpu=vfpv3 -mfloat-abi=hard -nosta
TRACE::2025-03-24.14:22:51::SCWBDomain::rtfiles -g -Wall -Wextra -fno-tree-loop-distribute-patterns"

TRACE::2025-03-24.14:22:53::SCWBDomain::"Running Make libs in ps7_cortexa9_0/libsrc/coresightps_dcc_v1_8/src"

TRACE::2025-03-24.14:22:53::SCWBDomain::make -C ps7_cortexa9_0/libsrc/coresightps_dcc_v1_8/src -s libs  "SHELL=CMD" "COMPILER=arm-none-eabi-gcc" "ASSEMBLER=arm-none-ea
TRACE::2025-03-24.14:22:53::SCWBDomain::bi-as" "ARCHIVER=arm-none-eabi-ar" "COMPILER_FLAGS=  -O2 -c" "EXTRA_COMPILER_FLAGS=-mcpu=cortex-a9 -mfpu=vfpv3 -mfloat-abi=hard
TRACE::2025-03-24.14:22:53::SCWBDomain:: -nostartfiles -g -Wall -Wextra -fno-tree-loop-distribute-patterns"

TRACE::2025-03-24.14:22:53::SCWBDomain::"Running Make libs in ps7_cortexa9_0/libsrc/cpu_cortexa9_v2_11/src"

TRACE::2025-03-24.14:22:53::SCWBDomain::make -C ps7_cortexa9_0/libsrc/cpu_cortexa9_v2_11/src -s libs  "SHELL=CMD" "COMPILER=arm-none-eabi-gcc" "ASSEMBLER=arm-none-eabi
TRACE::2025-03-24.14:22:53::SCWBDomain::-as" "ARCHIVER=arm-none-eabi-ar" "COMPILER_FLAGS=  -O2 -c" "EXTRA_COMPILER_FLAGS=-mcpu=cortex-a9 -mfpu=vfpv3 -mfloat-abi=hard -
TRACE::2025-03-24.14:22:53::SCWBDomain::nostartfiles -g -Wall -Wextra -fno-tree-loop-distribute-patterns"

TRACE::2025-03-24.14:22:53::SCWBDomain::"Running Make libs in ps7_cortexa9_0/libsrc/ddrps_v1_2/src"

TRACE::2025-03-24.14:22:53::SCWBDomain::make -C ps7_cortexa9_0/libsrc/ddrps_v1_2/src -s libs  "SHELL=CMD" "COMPILER=arm-none-eabi-gcc" "ASSEMBLER=arm-none-eabi-as" "AR
TRACE::2025-03-24.14:22:53::SCWBDomain::CHIVER=arm-none-eabi-ar" "COMPILER_FLAGS=  -O2 -c" "EXTRA_COMPILER_FLAGS=-mcpu=cortex-a9 -mfpu=vfpv3 -mfloat-abi=hard -nostartf
TRACE::2025-03-24.14:22:53::SCWBDomain::iles -g -Wall -Wextra -fno-tree-loop-distribute-patterns"

TRACE::2025-03-24.14:22:53::SCWBDomain::"Running Make libs in ps7_cortexa9_0/libsrc/devcfg_v3_7/src"

TRACE::2025-03-24.14:22:53::SCWBDomain::make -C ps7_cortexa9_0/libsrc/devcfg_v3_7/src -s libs  "SHELL=CMD" "COMPILER=arm-none-eabi-gcc" "ASSEMBLER=arm-none-eabi-as" "A
TRACE::2025-03-24.14:22:53::SCWBDomain::RCHIVER=arm-none-eabi-ar" "COMPILER_FLAGS=  -O2 -c" "EXTRA_COMPILER_FLAGS=-mcpu=cortex-a9 -mfpu=vfpv3 -mfloat-abi=hard -nostart
TRACE::2025-03-24.14:22:53::SCWBDomain::files -g -Wall -Wextra -fno-tree-loop-distribute-patterns"

TRACE::2025-03-24.14:22:53::SCWBDomain::"Running Make libs in ps7_cortexa9_0/libsrc/dmaps_v2_8/src"

TRACE::2025-03-24.14:22:53::SCWBDomain::make -C ps7_cortexa9_0/libsrc/dmaps_v2_8/src -s libs  "SHELL=CMD" "COMPILER=arm-none-eabi-gcc" "ASSEMBLER=arm-none-eabi-as" "AR
TRACE::2025-03-24.14:22:53::SCWBDomain::CHIVER=arm-none-eabi-ar" "COMPILER_FLAGS=  -O2 -c" "EXTRA_COMPILER_FLAGS=-mcpu=cortex-a9 -mfpu=vfpv3 -mfloat-abi=hard -nostartf
TRACE::2025-03-24.14:22:53::SCWBDomain::iles -g -Wall -Wextra -fno-tree-loop-distribute-patterns"

TRACE::2025-03-24.14:22:55::SCWBDomain::"Running Make libs in ps7_cortexa9_0/libsrc/emacps_v3_16/src"

TRACE::2025-03-24.14:22:55::SCWBDomain::make -C ps7_cortexa9_0/libsrc/emacps_v3_16/src -s libs  "SHELL=CMD" "COMPILER=arm-none-eabi-gcc" "ASSEMBLER=arm-none-eabi-as" "
TRACE::2025-03-24.14:22:55::SCWBDomain::ARCHIVER=arm-none-eabi-ar" "COMPILER_FLAGS=  -O2 -c" "EXTRA_COMPILER_FLAGS=-mcpu=cortex-a9 -mfpu=vfpv3 -mfloat-abi=hard -nostar
TRACE::2025-03-24.14:22:55::SCWBDomain::tfiles -g -Wall -Wextra -fno-tree-loop-distribute-patterns"

TRACE::2025-03-24.14:22:55::SCWBDomain::"Running Make libs in ps7_cortexa9_0/libsrc/gpiops_v3_9/src"

TRACE::2025-03-24.14:22:55::SCWBDomain::make -C ps7_cortexa9_0/libsrc/gpiops_v3_9/src -s libs  "SHELL=CMD" "COMPILER=arm-none-eabi-gcc" "ASSEMBLER=arm-none-eabi-as" "A
TRACE::2025-03-24.14:22:55::SCWBDomain::RCHIVER=arm-none-eabi-ar" "COMPILER_FLAGS=  -O2 -c" "EXTRA_COMPILER_FLAGS=-mcpu=cortex-a9 -mfpu=vfpv3 -mfloat-abi=hard -nostart
TRACE::2025-03-24.14:22:55::SCWBDomain::files -g -Wall -Wextra -fno-tree-loop-distribute-patterns"

TRACE::2025-03-24.14:22:57::SCWBDomain::"Running Make libs in ps7_cortexa9_0/libsrc/iicps_v3_15/src"

TRACE::2025-03-24.14:22:57::SCWBDomain::make -C ps7_cortexa9_0/libsrc/iicps_v3_15/src -s libs  "SHELL=CMD" "COMPILER=arm-none-eabi-gcc" "ASSEMBLER=arm-none-eabi-as" "A
TRACE::2025-03-24.14:22:57::SCWBDomain::RCHIVER=arm-none-eabi-ar" "COMPILER_FLAGS=  -O2 -c" "EXTRA_COMPILER_FLAGS=-mcpu=cortex-a9 -mfpu=vfpv3 -mfloat-abi=hard -nostart
TRACE::2025-03-24.14:22:57::SCWBDomain::files -g -Wall -Wextra -fno-tree-loop-distribute-patterns"

TRACE::2025-03-24.14:22:57::SCWBDomain::"Running Make libs in ps7_cortexa9_0/libsrc/qspips_v3_9/src"

TRACE::2025-03-24.14:22:57::SCWBDomain::make -C ps7_cortexa9_0/libsrc/qspips_v3_9/src -s libs  "SHELL=CMD" "COMPILER=arm-none-eabi-gcc" "ASSEMBLER=arm-none-eabi-as" "A
TRACE::2025-03-24.14:22:57::SCWBDomain::RCHIVER=arm-none-eabi-ar" "COMPILER_FLAGS=  -O2 -c" "EXTRA_COMPILER_FLAGS=-mcpu=cortex-a9 -mfpu=vfpv3 -mfloat-abi=hard -nostart
TRACE::2025-03-24.14:22:57::SCWBDomain::files -g -Wall -Wextra -fno-tree-loop-distribute-patterns"

TRACE::2025-03-24.14:22:59::SCWBDomain::"Running Make libs in ps7_cortexa9_0/libsrc/scugic_v4_7/src"

TRACE::2025-03-24.14:22:59::SCWBDomain::make -C ps7_cortexa9_0/libsrc/scugic_v4_7/src -s libs  "SHELL=CMD" "COMPILER=arm-none-eabi-gcc" "ASSEMBLER=arm-none-eabi-as" "A
TRACE::2025-03-24.14:22:59::SCWBDomain::RCHIVER=arm-none-eabi-ar" "COMPILER_FLAGS=  -O2 -c" "EXTRA_COMPILER_FLAGS=-mcpu=cortex-a9 -mfpu=vfpv3 -mfloat-abi=hard -nostart
TRACE::2025-03-24.14:22:59::SCWBDomain::files -g -Wall -Wextra -fno-tree-loop-distribute-patterns"

TRACE::2025-03-24.14:22:59::SCWBDomain::"Running Make libs in ps7_cortexa9_0/libsrc/scutimer_v2_4/src"

TRACE::2025-03-24.14:22:59::SCWBDomain::make -C ps7_cortexa9_0/libsrc/scutimer_v2_4/src -s libs  "SHELL=CMD" "COMPILER=arm-none-eabi-gcc" "ASSEMBLER=arm-none-eabi-as" 
TRACE::2025-03-24.14:22:59::SCWBDomain::"ARCHIVER=arm-none-eabi-ar" "COMPILER_FLAGS=  -O2 -c" "EXTRA_COMPILER_FLAGS=-mcpu=cortex-a9 -mfpu=vfpv3 -mfloat-abi=hard -nosta
TRACE::2025-03-24.14:22:59::SCWBDomain::rtfiles -g -Wall -Wextra -fno-tree-loop-distribute-patterns"

TRACE::2025-03-24.14:23:00::SCWBDomain::"Running Make libs in ps7_cortexa9_0/libsrc/scuwdt_v2_4/src"

TRACE::2025-03-24.14:23:00::SCWBDomain::make -C ps7_cortexa9_0/libsrc/scuwdt_v2_4/src -s libs  "SHELL=CMD" "COMPILER=arm-none-eabi-gcc" "ASSEMBLER=arm-none-eabi-as" "A
TRACE::2025-03-24.14:23:00::SCWBDomain::RCHIVER=arm-none-eabi-ar" "COMPILER_FLAGS=  -O2 -c" "EXTRA_COMPILER_FLAGS=-mcpu=cortex-a9 -mfpu=vfpv3 -mfloat-abi=hard -nostart
TRACE::2025-03-24.14:23:00::SCWBDomain::files -g -Wall -Wextra -fno-tree-loop-distribute-patterns"

TRACE::2025-03-24.14:23:00::SCWBDomain::"Running Make libs in ps7_cortexa9_0/libsrc/sdps_v3_14/src"

TRACE::2025-03-24.14:23:00::SCWBDomain::make -C ps7_cortexa9_0/libsrc/sdps_v3_14/src -s libs  "SHELL=CMD" "COMPILER=arm-none-eabi-gcc" "ASSEMBLER=arm-none-eabi-as" "AR
TRACE::2025-03-24.14:23:00::SCWBDomain::CHIVER=arm-none-eabi-ar" "COMPILER_FLAGS=  -O2 -c" "EXTRA_COMPILER_FLAGS=-mcpu=cortex-a9 -mfpu=vfpv3 -mfloat-abi=hard -nostartf
TRACE::2025-03-24.14:23:00::SCWBDomain::iles -g -Wall -Wextra -fno-tree-loop-distribute-patterns"

TRACE::2025-03-24.14:23:01::SCWBDomain::"Running Make libs in ps7_cortexa9_0/libsrc/standalone_v7_7/src"

TRACE::2025-03-24.14:23:01::SCWBDomain::make -C ps7_cortexa9_0/libsrc/standalone_v7_7/src -s libs  "SHELL=CMD" "COMPILER=arm-none-eabi-gcc" "ASSEMBLER=arm-none-eabi-as
TRACE::2025-03-24.14:23:01::SCWBDomain::" "ARCHIVER=arm-none-eabi-ar" "COMPILER_FLAGS=  -O2 -c" "EXTRA_COMPILER_FLAGS=-mcpu=cortex-a9 -mfpu=vfpv3 -mfloat-abi=hard -nos
TRACE::2025-03-24.14:23:01::SCWBDomain::tartfiles -g -Wall -Wextra -fno-tree-loop-distribute-patterns"

TRACE::2025-03-24.14:23:03::SCWBDomain::"Running Make libs in ps7_cortexa9_0/libsrc/uartps_v3_11/src"

TRACE::2025-03-24.14:23:03::SCWBDomain::make -C ps7_cortexa9_0/libsrc/uartps_v3_11/src -s libs  "SHELL=CMD" "COMPILER=arm-none-eabi-gcc" "ASSEMBLER=arm-none-eabi-as" "
TRACE::2025-03-24.14:23:03::SCWBDomain::ARCHIVER=arm-none-eabi-ar" "COMPILER_FLAGS=  -O2 -c" "EXTRA_COMPILER_FLAGS=-mcpu=cortex-a9 -mfpu=vfpv3 -mfloat-abi=hard -nostar
TRACE::2025-03-24.14:23:03::SCWBDomain::tfiles -g -Wall -Wextra -fno-tree-loop-distribute-patterns"

TRACE::2025-03-24.14:23:05::SCWBDomain::"Running Make libs in ps7_cortexa9_0/libsrc/usbps_v2_7/src"

TRACE::2025-03-24.14:23:05::SCWBDomain::make -C ps7_cortexa9_0/libsrc/usbps_v2_7/src -s libs  "SHELL=CMD" "COMPILER=arm-none-eabi-gcc" "ASSEMBLER=arm-none-eabi-as" "AR
TRACE::2025-03-24.14:23:05::SCWBDomain::CHIVER=arm-none-eabi-ar" "COMPILER_FLAGS=  -O2 -c" "EXTRA_COMPILER_FLAGS=-mcpu=cortex-a9 -mfpu=vfpv3 -mfloat-abi=hard -nostartf
TRACE::2025-03-24.14:23:05::SCWBDomain::iles -g -Wall -Wextra -fno-tree-loop-distribute-patterns"

TRACE::2025-03-24.14:23:06::SCWBDomain::"Running Make libs in ps7_cortexa9_0/libsrc/xadcps_v2_6/src"

TRACE::2025-03-24.14:23:06::SCWBDomain::make -C ps7_cortexa9_0/libsrc/xadcps_v2_6/src -s libs  "SHELL=CMD" "COMPILER=arm-none-eabi-gcc" "ASSEMBLER=arm-none-eabi-as" "A
TRACE::2025-03-24.14:23:06::SCWBDomain::RCHIVER=arm-none-eabi-ar" "COMPILER_FLAGS=  -O2 -c" "EXTRA_COMPILER_FLAGS=-mcpu=cortex-a9 -mfpu=vfpv3 -mfloat-abi=hard -nostart
TRACE::2025-03-24.14:23:06::SCWBDomain::files -g -Wall -Wextra -fno-tree-loop-distribute-patterns"

TRACE::2025-03-24.14:23:08::SCWBDomain::"Running Make libs in ps7_cortexa9_0/libsrc/xilffs_v4_7/src"

TRACE::2025-03-24.14:23:08::SCWBDomain::make -C ps7_cortexa9_0/libsrc/xilffs_v4_7/src -s libs  "SHELL=CMD" "COMPILER=arm-none-eabi-gcc" "ASSEMBLER=arm-none-eabi-as" "A
TRACE::2025-03-24.14:23:08::SCWBDomain::RCHIVER=arm-none-eabi-ar" "COMPILER_FLAGS=  -O2 -c" "EXTRA_COMPILER_FLAGS=-mcpu=cortex-a9 -mfpu=vfpv3 -mfloat-abi=hard -nostart
TRACE::2025-03-24.14:23:08::SCWBDomain::files -g -Wall -Wextra -fno-tree-loop-distribute-patterns"

TRACE::2025-03-24.14:23:10::SCWBDomain::'Finished building libraries parallelly.'

TRACE::2025-03-24.14:23:10::SCWBDomain::make --no-print-directory archive

TRACE::2025-03-24.14:23:10::SCWBDomain::arm-none-eabi-ar -r  ps7_cortexa9_0/lib/libxil.a ps7_cortexa9_0/lib/xadcps_selftest.o ps7_cortexa9_0/lib/xplatform_info.o ps7_c
TRACE::2025-03-24.14:23:10::SCWBDomain::ortexa9_0/lib/xil_mem.o ps7_cortexa9_0/lib/_exit.o ps7_cortexa9_0/lib/xusbps_sinit.o ps7_cortexa9_0/lib/xdevcfg_hw.o ps7_cortex
TRACE::2025-03-24.14:23:10::SCWBDomain::a9_0/lib/xil_sleeptimer.o ps7_cortexa9_0/lib/xqspips_options.o ps7_cortexa9_0/lib/xdmaps_g.o ps7_cortexa9_0/lib/xscutimer_g.o p
TRACE::2025-03-24.14:23:10::SCWBDomain::s7_cortexa9_0/lib/xsdps_options.o ps7_cortexa9_0/lib/xil_misc_psreset_api.o ps7_cortexa9_0/lib/xdmaps_sinit.o ps7_cortexa9_0/li
TRACE::2025-03-24.14:23:10::SCWBDomain::b/xscutimer_sinit.o ps7_cortexa9_0/lib/xemacps_hw.o ps7_cortexa9_0/lib/inbyte.o ps7_cortexa9_0/lib/xscutimer_selftest.o ps7_cor
TRACE::2025-03-24.14:23:10::SCWBDomain::texa9_0/lib/putnum.o ps7_cortexa9_0/lib/xqspips_hw.o ps7_cortexa9_0/lib/xgpiops_g.o ps7_cortexa9_0/lib/xsdps.o ps7_cortexa9_0/l
TRACE::2025-03-24.14:23:10::SCWBDomain::ib/close.o ps7_cortexa9_0/lib/xemacps_g.o ps7_cortexa9_0/lib/xgpiops_sinit.o ps7_cortexa9_0/lib/xgpiops_selftest.o ps7_cortexa9
TRACE::2025-03-24.14:23:10::SCWBDomain::_0/lib/xscuwdt.o ps7_cortexa9_0/lib/xaxivdma_g.o ps7_cortexa9_0/lib/xiicps_intr.o ps7_cortexa9_0/lib/xaxivdma_sinit.o ps7_corte
TRACE::2025-03-24.14:23:10::SCWBDomain::xa9_0/lib/xuartps_sinit.o ps7_cortexa9_0/lib/time.o ps7_cortexa9_0/lib/xaxivdma_selftest.o ps7_cortexa9_0/lib/xiicps_slave.o ps
TRACE::2025-03-24.14:23:10::SCWBDomain::7_cortexa9_0/lib/xil_printf.o ps7_cortexa9_0/lib/kill.o ps7_cortexa9_0/lib/xadcps.o ps7_cortexa9_0/lib/xiicps_options.o ps7_cor
TRACE::2025-03-24.14:23:10::SCWBDomain::texa9_0/lib/xdmaps.o ps7_cortexa9_0/lib/xuartps_selftest.o ps7_cortexa9_0/lib/xuartps_g.o ps7_cortexa9_0/lib/lseek.o ps7_cortex
TRACE::2025-03-24.14:23:10::SCWBDomain::a9_0/lib/xil_testmem.o ps7_cortexa9_0/lib/xusbps_hw.o ps7_cortexa9_0/lib/xl2cc_counter.o ps7_cortexa9_0/lib/xiicps_hw.o ps7_cor
TRACE::2025-03-24.14:23:10::SCWBDomain::texa9_0/lib/asm_vectors.o ps7_cortexa9_0/lib/usleep.o ps7_cortexa9_0/lib/abort.o ps7_cortexa9_0/lib/xscugic_intr.o ps7_cortexa9
TRACE::2025-03-24.14:23:10::SCWBDomain::_0/lib/getpid.o ps7_cortexa9_0/lib/xiicps_selftest.o ps7_cortexa9_0/lib/xil_testcache.o ps7_cortexa9_0/lib/xdevcfg_sinit.o ps7_
TRACE::2025-03-24.14:23:10::SCWBDomain::cortexa9_0/lib/xgpiops.o ps7_cortexa9_0/lib/xscutimer.o ps7_cortexa9_0/lib/xdevcfg_selftest.o ps7_cortexa9_0/lib/xpm_counter.o 
TRACE::2025-03-24.14:23:10::SCWBDomain::ps7_cortexa9_0/lib/xiicps.o ps7_cortexa9_0/lib/_sbrk.o ps7_cortexa9_0/lib/xiicps_master.o ps7_cortexa9_0/lib/xqspips_g.o ps7_co
TRACE::2025-03-24.14:23:10::SCWBDomain::rtexa9_0/lib/xemacps_bdring.o ps7_cortexa9_0/lib/xusbps_endpoint.o ps7_cortexa9_0/lib/xqspips_sinit.o ps7_cortexa9_0/lib/xqspip
TRACE::2025-03-24.14:23:10::SCWBDomain::s_selftest.o ps7_cortexa9_0/lib/xil_exception.o ps7_cortexa9_0/lib/sbrk.o ps7_cortexa9_0/lib/xaxivdma.o ps7_cortexa9_0/lib/xema
TRACE::2025-03-24.14:23:10::SCWBDomain::cps_control.o ps7_cortexa9_0/lib/open.o ps7_cortexa9_0/lib/xil_assert.o ps7_cortexa9_0/lib/xaxivdma_intr.o ps7_cortexa9_0/lib/x
TRACE::2025-03-24.14:23:10::SCWBDomain::usbps_intr.o ps7_cortexa9_0/lib/xsdps_host.o ps7_cortexa9_0/lib/xcoresightpsdcc.o ps7_cortexa9_0/lib/xscugic_hw.o ps7_cortexa9_
TRACE::2025-03-24.14:23:10::SCWBDomain::0/lib/sleep.o ps7_cortexa9_0/lib/xil-crt0.o ps7_cortexa9_0/lib/cpputest_time.o ps7_cortexa9_0/lib/print.o ps7_cortexa9_0/lib/re
TRACE::2025-03-24.14:23:10::SCWBDomain::ad.o ps7_cortexa9_0/lib/xiicps_g.o ps7_cortexa9_0/lib/xdevcfg.o ps7_cortexa9_0/lib/xadcps_intr.o ps7_cortexa9_0/lib/xqspips.o p
TRACE::2025-03-24.14:23:10::SCWBDomain::s7_cortexa9_0/lib/xemacps.o ps7_cortexa9_0/lib/xil_cache.o ps7_cortexa9_0/lib/xil_testio.o ps7_cortexa9_0/lib/_open.o ps7_corte
TRACE::2025-03-24.14:23:10::SCWBDomain::xa9_0/lib/unlink.o ps7_cortexa9_0/lib/xaxidma_g.o ps7_cortexa9_0/lib/xusbps.o ps7_cortexa9_0/lib/xusbps_g.o ps7_cortexa9_0/lib/
TRACE::2025-03-24.14:23:10::SCWBDomain::xdmaps_selftest.o ps7_cortexa9_0/lib/xaxidma_sinit.o ps7_cortexa9_0/lib/xil_spinlock.o ps7_cortexa9_0/lib/translation_table.o p
TRACE::2025-03-24.14:23:10::SCWBDomain::s7_cortexa9_0/lib/xaxidma_selftest.o ps7_cortexa9_0/lib/write.o ps7_cortexa9_0/lib/xil_mmu.o ps7_cortexa9_0/lib/boot.o ps7_cort
TRACE::2025-03-24.14:23:10::SCWBDomain::exa9_0/lib/xaxivdma_channel.o ps7_cortexa9_0/lib/cpu_init.o ps7_cortexa9_0/lib/xaxidma_bd.o ps7_cortexa9_0/lib/xil_sleepcommon.
TRACE::2025-03-24.14:23:10::SCWBDomain::o ps7_cortexa9_0/lib/xgpiops_intr.o ps7_cortexa9_0/lib/xscugic_sinit.o ps7_cortexa9_0/lib/fcntl.o ps7_cortexa9_0/lib/xdevcfg_g.
TRACE::2025-03-24.14:23:10::SCWBDomain::o ps7_cortexa9_0/lib/outbyte.o ps7_cortexa9_0/lib/xinterrupt_wrap.o ps7_cortexa9_0/lib/xuartps_hw.o ps7_cortexa9_0/lib/xtime_l.
TRACE::2025-03-24.14:23:10::SCWBDomain::o ps7_cortexa9_0/lib/xemacps_sinit.o ps7_cortexa9_0/lib/xscugic_selftest.o ps7_cortexa9_0/lib/xil_util.o ps7_cortexa9_0/lib/xua
TRACE::2025-03-24.14:23:10::SCWBDomain::rtps_intr.o ps7_cortexa9_0/lib/xuartps.o ps7_cortexa9_0/lib/xsdps_card.o ps7_cortexa9_0/lib/xdmaps_hw.o ps7_cortexa9_0/lib/xsdp
TRACE::2025-03-24.14:23:10::SCWBDomain::s_sinit.o ps7_cortexa9_0/lib/xscuwdt_sinit.o ps7_cortexa9_0/lib/xgpiops_hw.o ps7_cortexa9_0/lib/xsdps_g.o ps7_cortexa9_0/lib/fs
TRACE::2025-03-24.14:23:10::SCWBDomain::tat.o ps7_cortexa9_0/lib/xaxidma.o ps7_cortexa9_0/lib/errno.o ps7_cortexa9_0/lib/xdevcfg_intr.o ps7_cortexa9_0/lib/xuartps_opti
TRACE::2025-03-24.14:23:10::SCWBDomain::ons.o ps7_cortexa9_0/lib/vectors.o ps7_cortexa9_0/lib/xscuwdt_g.o ps7_cortexa9_0/lib/xil_clocking.o ps7_cortexa9_0/lib/xemacps_
TRACE::2025-03-24.14:23:10::SCWBDomain::intr.o ps7_cortexa9_0/lib/xscuwdt_selftest.o ps7_cortexa9_0/lib/xscugic_g.o ps7_cortexa9_0/lib/isatty.o ps7_cortexa9_0/lib/xscu
TRACE::2025-03-24.14:23:10::SCWBDomain::gic.o ps7_cortexa9_0/lib/xiicps_sinit.o ps7_cortexa9_0/lib/xadcps_g.o ps7_cortexa9_0/lib/xaxidma_bdring.o ps7_cortexa9_0/lib/xa
TRACE::2025-03-24.14:23:10::SCWBDomain::dcps_sinit.o ps7_cortexa9_0/lib/xiicps_xfer.o

TRACE::2025-03-24.14:23:11::SCWBDomain::'Finished building libraries'

TRACE::2025-03-24.14:23:11::SCWBDomain::make: Leaving directory 'C:/Users/j54mao/ECE423/ECE-423-Labs/workspace/Assignment2_newest/zynq_fsbl/zynq_fsbl_bsp'

TRACE::2025-03-24.14:23:11::SCWBDomain::arm-none-eabi-gcc  -O2 -c -MMD -MP       -mcpu=cortex-a9 -mfpu=vfpv3 -mfloat-abi=hard  -c sd.c -o sd.o -Izynq_fsbl_bsp/ps7_cort
TRACE::2025-03-24.14:23:11::SCWBDomain::exa9_0/include -I.

TRACE::2025-03-24.14:23:11::SCWBDomain::arm-none-eabi-gcc  -O2 -c -MMD -MP       -mcpu=cortex-a9 -mfpu=vfpv3 -mfloat-abi=hard  -c nand.c -o nand.o -Izynq_fsbl_bsp/ps7_
TRACE::2025-03-24.14:23:11::SCWBDomain::cortexa9_0/include -I.

TRACE::2025-03-24.14:23:11::SCWBDomain::arm-none-eabi-gcc  -O2 -c -MMD -MP       -mcpu=cortex-a9 -mfpu=vfpv3 -mfloat-abi=hard  -c image_mover.c -o image_mover.o -Izynq
TRACE::2025-03-24.14:23:11::SCWBDomain::_fsbl_bsp/ps7_cortexa9_0/include -I.

TRACE::2025-03-24.14:23:11::SCWBDomain::arm-none-eabi-gcc  -O2 -c -MMD -MP       -mcpu=cortex-a9 -mfpu=vfpv3 -mfloat-abi=hard  -c md5.c -o md5.o -Izynq_fsbl_bsp/ps7_co
TRACE::2025-03-24.14:23:11::SCWBDomain::rtexa9_0/include -I.

TRACE::2025-03-24.14:23:12::SCWBDomain::arm-none-eabi-gcc  -O2 -c -MMD -MP       -mcpu=cortex-a9 -mfpu=vfpv3 -mfloat-abi=hard  -c fsbl_hooks.c -o fsbl_hooks.o -Izynq_f
TRACE::2025-03-24.14:23:12::SCWBDomain::sbl_bsp/ps7_cortexa9_0/include -I.

TRACE::2025-03-24.14:23:12::SCWBDomain::arm-none-eabi-gcc  -O2 -c -MMD -MP       -mcpu=cortex-a9 -mfpu=vfpv3 -mfloat-abi=hard  -c main.c -o main.o -Izynq_fsbl_bsp/ps7_
TRACE::2025-03-24.14:23:12::SCWBDomain::cortexa9_0/include -I.

TRACE::2025-03-24.14:23:12::SCWBDomain::arm-none-eabi-gcc  -O2 -c -MMD -MP       -mcpu=cortex-a9 -mfpu=vfpv3 -mfloat-abi=hard  -c rsa.c -o rsa.o -Izynq_fsbl_bsp/ps7_co
TRACE::2025-03-24.14:23:12::SCWBDomain::rtexa9_0/include -I.

TRACE::2025-03-24.14:23:12::SCWBDomain::arm-none-eabi-gcc  -O2 -c -MMD -MP       -mcpu=cortex-a9 -mfpu=vfpv3 -mfloat-abi=hard  -c nor.c -o nor.o -Izynq_fsbl_bsp/ps7_co
TRACE::2025-03-24.14:23:12::SCWBDomain::rtexa9_0/include -I.

TRACE::2025-03-24.14:23:12::SCWBDomain::arm-none-eabi-gcc  -O2 -c -MMD -MP       -mcpu=cortex-a9 -mfpu=vfpv3 -mfloat-abi=hard  -c qspi.c -o qspi.o -Izynq_fsbl_bsp/ps7_
TRACE::2025-03-24.14:23:12::SCWBDomain::cortexa9_0/include -I.

TRACE::2025-03-24.14:23:12::SCWBDomain::arm-none-eabi-gcc  -O2 -c -MMD -MP       -mcpu=cortex-a9 -mfpu=vfpv3 -mfloat-abi=hard  -c ps7_init.c -o ps7_init.o -Izynq_fsbl_
TRACE::2025-03-24.14:23:12::SCWBDomain::bsp/ps7_cortexa9_0/include -I.

TRACE::2025-03-24.14:23:13::SCWBDomain::arm-none-eabi-gcc  -O2 -c -MMD -MP       -mcpu=cortex-a9 -mfpu=vfpv3 -mfloat-abi=hard  -c pcap.c -o pcap.o -Izynq_fsbl_bsp/ps7_
TRACE::2025-03-24.14:23:13::SCWBDomain::cortexa9_0/include -I.

TRACE::2025-03-24.14:23:13::SCWBDomain::arm-none-eabi-gcc  -O2 -c -MMD -MP       -mcpu=cortex-a9 -mfpu=vfpv3 -mfloat-abi=hard  -c fsbl_handoff.S -o fsbl_handoff.o -Izy
TRACE::2025-03-24.14:23:13::SCWBDomain::nq_fsbl_bsp/ps7_cortexa9_0/include -I.

TRACE::2025-03-24.14:23:13::SCWBDomain::arm-none-eabi-gcc -o fsbl.elf fsbl_handoff.o fsbl_hooks.o image_mover.o main.o md5.o nand.o nor.o pcap.o ps7_init.o qspi.o rsa.
TRACE::2025-03-24.14:23:13::SCWBDomain::o sd.o -MMD -MP       -mcpu=cortex-a9 -mfpu=vfpv3 -mfloat-abi=hard   -mcpu=cortex-a9 -mfpu=vfpv3 -mfloat-abi=hard -Wl,-build-id
TRACE::2025-03-24.14:23:13::SCWBDomain::=none -specs=Xilinx.spec  -lrsa -Wl,--start-group,-lxil,-lgcc,-lc,--end-group -Wl,--start-group,-lxilffs,-lxil,-lgcc,-lc,--end-
TRACE::2025-03-24.14:23:13::SCWBDomain::group -Wl,--start-group,-lrsa,-lxil,-lgcc,-lc,--end-group                                      -Wl,--gc-sections -Lzynq_fsbl_bs
TRACE::2025-03-24.14:23:13::SCWBDomain::p/ps7_cortexa9_0/lib -L./ -Tlscript.ld

LOG::2025-03-24.14:23:13::SCWSystem::Checking the domain standalone_domain
LOG::2025-03-24.14:23:13::SCWSystem::Not a boot domain 
LOG::2025-03-24.14:23:13::SCWSystem::Started Processing the domain standalone_domain
TRACE::2025-03-24.14:23:13::SCWDomain::Generating domain artifcats
TRACE::2025-03-24.14:23:13::SCWMssOS::Generating standalone artifcats
TRACE::2025-03-24.14:23:13::SCWMssOS::Copying the qemu file from  C:/Users/j54mao/ECE423/ECE-423-Labs/workspace/Assignment2_newest/resources/Assignment2_newest/standalone_domain/qemu_args.txt To C:/Users/j54mao/ECE423/ECE-423-Labs/workspace/Assignment2_newest/export/Assignment2_newest/sw/Assignment2_newest/qemu/
TRACE::2025-03-24.14:23:13::SCWMssOS::Copying the qemu file from  C:/Users/j54mao/ECE423/ECE-423-Labs/workspace/Assignment2_newest/resources/Assignment2_newest/standalone_domain/qemu_args.txt To C:/Users/j54mao/ECE423/ECE-423-Labs/workspace/Assignment2_newest/export/Assignment2_newest/sw/Assignment2_newest/standalone_domain/qemu/
TRACE::2025-03-24.14:23:13::SCWMssOS:: Copying the user libraries. 
TRACE::2025-03-24.14:23:13::SCWPlatform::Trying to open the hw design at C:/Users/j54mao/ECE423/ECE-423-Labs/workspace/Assignment2_newest/hw/lab_prefab_wrapper_newest_lab2.xsa
TRACE::2025-03-24.14:23:13::SCWPlatform::DSA given C:/Users/j54mao/ECE423/ECE-423-Labs/workspace/Assignment2_newest/hw/lab_prefab_wrapper_newest_lab2.xsa
TRACE::2025-03-24.14:23:13::SCWPlatform::DSA absoulate path C:/Users/j54mao/ECE423/ECE-423-Labs/workspace/Assignment2_newest/hw/lab_prefab_wrapper_newest_lab2.xsa
TRACE::2025-03-24.14:23:13::SCWPlatform::DSA directory C:/Users/j54mao/ECE423/ECE-423-Labs/workspace/Assignment2_newest/hw
TRACE::2025-03-24.14:23:13::SCWPlatform:: Platform Path C:/Users/j54mao/ECE423/ECE-423-Labs/workspace/Assignment2_newest/hw/lab_prefab_wrapper_newest_lab2.xsa
TRACE::2025-03-24.14:23:13::SCWPlatform:: Unique name xilinx:pynq-z1::0.0
TRACE::2025-03-24.14:23:13::SCWPlatform::Trying to set the existing hwdb with name lab_prefab_wrapper_0
TRACE::2025-03-24.14:23:13::SCWPlatform::Opened existing hwdb lab_prefab_wrapper_0
TRACE::2025-03-24.14:23:13::SCWPlatform::Found the Hw Db part of the input DSA
TRACE::2025-03-24.14:23:13::SCWMssOS::Checking the sw design at  C:/Users/j54mao/ECE423/ECE-423-Labs/workspace/Assignment2_newest/ps7_cortexa9_0/standalone_domain/bsp/system.mss
TRACE::2025-03-24.14:23:13::SCWMssOS::DEBUG:  swdes dump  C:/Users/j54mao/ECE423/ECE-423-Labs/workspace/Assignment2_debugging/ps7_cortexa9_0/standalone_domain/bsp/system.mss|system_0||
C:/Users/j54mao/ECE423/ECE-423-Labs/workspace/Assignment2_debugging/zynq_fsbl/zynq_fsbl_bsp/system.mss|system||
C:/Users/j54mao/ECE423/ECE-423-Labs/workspace/Assignment2_newest/ps7_cortexa9_0/standalone_domain/bsp/system.mss|system_2||
C:/Users/j54mao/ECE423/ECE-423-Labs/workspace/Assignment2_newest/zynq_fsbl/zynq_fsbl_bsp/system.mss|system_1||
C:/Users/j54mao/ECE423/ECE-423-Labs/workspace/Assignment_2/ps7_cortexa9_0/standalone_domain/bsp/system.mss|system_8||
C:/Users/j54mao/ECE423/ECE-423-Labs/workspace/Assignment_2/zynq_fsbl/zynq_fsbl_bsp/system.mss|system_7||
C:/Users/j54mao/ECE423/ECE-423-Labs/workspace/assignment2_hunter_test/ps7_cortexa9_0/standalone_domain/bsp/system.mss|system_4||
C:/Users/j54mao/ECE423/ECE-423-Labs/workspace/assignment2_hunter_test/zynq_fsbl/zynq_fsbl_bsp/system.mss|system_3||
C:/Users/j54mao/ECE423/ECE-423-Labs/workspace/lab_prefab_wrapper/ps7_cortexa9_0/standalone_ps7_cortexa9_0/bsp/system.mss|system_6||
C:/Users/j54mao/ECE423/ECE-423-Labs/workspace/lab_prefab_wrapper/zynq_fsbl/zynq_fsbl_bsp/system.mss|system_5||

TRACE::2025-03-24.14:23:13::SCWMssOS::Sw design exists and opened at  C:/Users/j54mao/ECE423/ECE-423-Labs/workspace/Assignment2_newest/ps7_cortexa9_0/standalone_domain/bsp/system.mss
TRACE::2025-03-24.14:23:13::SCWMssOS::Completed writing the mss file at C:/Users/j54mao/ECE423/ECE-423-Labs/workspace/Assignment2_newest/ps7_cortexa9_0/standalone_domain/bsp
TRACE::2025-03-24.14:23:13::SCWMssOS::Mss edits present, copying mssfile into export location C:/Users/j54mao/ECE423/ECE-423-Labs/workspace/Assignment2_newest/ps7_cortexa9_0/standalone_domain/bsp/system.mss
TRACE::2025-03-24.14:23:13::SCWMssOS::bsp generated is upto date with the mss file. Skipping bsp generation.
TRACE::2025-03-24.14:23:13::SCWMssOS::BSP is already built. skipping the bsp build ... 
TRACE::2025-03-24.14:23:13::SCWDomain::Building the domain as part of full build :  standalone_domain
TRACE::2025-03-24.14:23:13::SCWMssOS::doing bsp build ... 
TRACE::2025-03-24.14:23:13::SCWMssOS::System Command Ran  C: & cd  C:/Users/j54mao/ECE423/ECE-423-Labs/workspace/Assignment2_newest/ps7_cortexa9_0/standalone_domain/bsp & make 
TRACE::2025-03-24.14:23:13::SCWMssOS::make --no-print-directory seq_libs

TRACE::2025-03-24.14:23:13::SCWMssOS::'Finished building libraries sequentially.'

TRACE::2025-03-24.14:23:13::SCWMssOS::make -j 2 --no-print-directory par_libs

TRACE::2025-03-24.14:23:13::SCWMssOS::"Running Make include in ps7_cortexa9_0/libsrc/axidma_v9_14/src"

TRACE::2025-03-24.14:23:13::SCWMssOS::"Running Make include in ps7_cortexa9_0/libsrc/axivdma_v6_11/src"

TRACE::2025-03-24.14:23:13::SCWMssOS::make -C ps7_cortexa9_0/libsrc/axidma_v9_14/src -s include  "SHELL=CMD" "COMPILER=arm-none-eabi-gcc" "ASSEMBLER=arm-none-eabi-as
TRACE::2025-03-24.14:23:13::SCWMssOS::" "ARCHIVER=arm-none-eabi-ar" "COMPILER_FLAGS=  -O2 -c" "EXTRA_COMPILER_FLAGS=-mcpu=cortex-a9 -mfpu=vfpv3 -mfloat-abi=hard -nos
TRACE::2025-03-24.14:23:13::SCWMssOS::tartfiles -g -Wall -Wextra -fno-tree-loop-distribute-patterns"

TRACE::2025-03-24.14:23:13::SCWMssOS::make -C ps7_cortexa9_0/libsrc/axivdma_v6_11/src -s include  "SHELL=CMD" "COMPILER=arm-none-eabi-gcc" "ASSEMBLER=arm-none-eabi-a
TRACE::2025-03-24.14:23:13::SCWMssOS::s" "ARCHIVER=arm-none-eabi-ar" "COMPILER_FLAGS=  -O2 -c" "EXTRA_COMPILER_FLAGS=-mcpu=cortex-a9 -mfpu=vfpv3 -mfloat-abi=hard -no
TRACE::2025-03-24.14:23:13::SCWMssOS::startfiles -g -Wall -Wextra -fno-tree-loop-distribute-patterns"

TRACE::2025-03-24.14:23:13::SCWMssOS::"Running Make include in ps7_cortexa9_0/libsrc/coresightps_dcc_v1_8/src"

TRACE::2025-03-24.14:23:13::SCWMssOS::make -C ps7_cortexa9_0/libsrc/coresightps_dcc_v1_8/src -s include  "SHELL=CMD" "COMPILER=arm-none-eabi-gcc" "ASSEMBLER=arm-none
TRACE::2025-03-24.14:23:13::SCWMssOS::-eabi-as" "ARCHIVER=arm-none-eabi-ar" "COMPILER_FLAGS=  -O2 -c" "EXTRA_COMPILER_FLAGS=-mcpu=cortex-a9 -mfpu=vfpv3 -mfloat-abi=h
TRACE::2025-03-24.14:23:13::SCWMssOS::ard -nostartfiles -g -Wall -Wextra -fno-tree-loop-distribute-patterns"

TRACE::2025-03-24.14:23:13::SCWMssOS::"Running Make include in ps7_cortexa9_0/libsrc/cpu_cortexa9_v2_11/src"

TRACE::2025-03-24.14:23:14::SCWMssOS::make -C ps7_cortexa9_0/libsrc/cpu_cortexa9_v2_11/src -s include  "SHELL=CMD" "COMPILER=arm-none-eabi-gcc" "ASSEMBLER=arm-none-e
TRACE::2025-03-24.14:23:14::SCWMssOS::abi-as" "ARCHIVER=arm-none-eabi-ar" "COMPILER_FLAGS=  -O2 -c" "EXTRA_COMPILER_FLAGS=-mcpu=cortex-a9 -mfpu=vfpv3 -mfloat-abi=har
TRACE::2025-03-24.14:23:14::SCWMssOS::d -nostartfiles -g -Wall -Wextra -fno-tree-loop-distribute-patterns"

TRACE::2025-03-24.14:23:14::SCWMssOS::"Running Make include in ps7_cortexa9_0/libsrc/ddrps_v1_2/src"

TRACE::2025-03-24.14:23:14::SCWMssOS::make -C ps7_cortexa9_0/libsrc/ddrps_v1_2/src -s include  "SHELL=CMD" "COMPILER=arm-none-eabi-gcc" "ASSEMBLER=arm-none-eabi-as" 
TRACE::2025-03-24.14:23:14::SCWMssOS::"ARCHIVER=arm-none-eabi-ar" "COMPILER_FLAGS=  -O2 -c" "EXTRA_COMPILER_FLAGS=-mcpu=cortex-a9 -mfpu=vfpv3 -mfloat-abi=hard -nosta
TRACE::2025-03-24.14:23:14::SCWMssOS::rtfiles -g -Wall -Wextra -fno-tree-loop-distribute-patterns"

TRACE::2025-03-24.14:23:14::SCWMssOS::"Running Make include in ps7_cortexa9_0/libsrc/devcfg_v3_7/src"

TRACE::2025-03-24.14:23:14::SCWMssOS::make -C ps7_cortexa9_0/libsrc/devcfg_v3_7/src -s include  "SHELL=CMD" "COMPILER=arm-none-eabi-gcc" "ASSEMBLER=arm-none-eabi-as"
TRACE::2025-03-24.14:23:14::SCWMssOS:: "ARCHIVER=arm-none-eabi-ar" "COMPILER_FLAGS=  -O2 -c" "EXTRA_COMPILER_FLAGS=-mcpu=cortex-a9 -mfpu=vfpv3 -mfloat-abi=hard -nost
TRACE::2025-03-24.14:23:14::SCWMssOS::artfiles -g -Wall -Wextra -fno-tree-loop-distribute-patterns"

TRACE::2025-03-24.14:23:14::SCWMssOS::"Running Make include in ps7_cortexa9_0/libsrc/dmaps_v2_8/src"

TRACE::2025-03-24.14:23:14::SCWMssOS::make -C ps7_cortexa9_0/libsrc/dmaps_v2_8/src -s include  "SHELL=CMD" "COMPILER=arm-none-eabi-gcc" "ASSEMBLER=arm-none-eabi-as" 
TRACE::2025-03-24.14:23:14::SCWMssOS::"ARCHIVER=arm-none-eabi-ar" "COMPILER_FLAGS=  -O2 -c" "EXTRA_COMPILER_FLAGS=-mcpu=cortex-a9 -mfpu=vfpv3 -mfloat-abi=hard -nosta
TRACE::2025-03-24.14:23:14::SCWMssOS::rtfiles -g -Wall -Wextra -fno-tree-loop-distribute-patterns"

TRACE::2025-03-24.14:23:14::SCWMssOS::"Running Make include in ps7_cortexa9_0/libsrc/emacps_v3_16/src"

TRACE::2025-03-24.14:23:14::SCWMssOS::make -C ps7_cortexa9_0/libsrc/emacps_v3_16/src -s include  "SHELL=CMD" "COMPILER=arm-none-eabi-gcc" "ASSEMBLER=arm-none-eabi-as
TRACE::2025-03-24.14:23:14::SCWMssOS::" "ARCHIVER=arm-none-eabi-ar" "COMPILER_FLAGS=  -O2 -c" "EXTRA_COMPILER_FLAGS=-mcpu=cortex-a9 -mfpu=vfpv3 -mfloat-abi=hard -nos
TRACE::2025-03-24.14:23:14::SCWMssOS::tartfiles -g -Wall -Wextra -fno-tree-loop-distribute-patterns"

TRACE::2025-03-24.14:23:14::SCWMssOS::"Running Make include in ps7_cortexa9_0/libsrc/gpiops_v3_9/src"

TRACE::2025-03-24.14:23:14::SCWMssOS::make -C ps7_cortexa9_0/libsrc/gpiops_v3_9/src -s include  "SHELL=CMD" "COMPILER=arm-none-eabi-gcc" "ASSEMBLER=arm-none-eabi-as"
TRACE::2025-03-24.14:23:14::SCWMssOS:: "ARCHIVER=arm-none-eabi-ar" "COMPILER_FLAGS=  -O2 -c" "EXTRA_COMPILER_FLAGS=-mcpu=cortex-a9 -mfpu=vfpv3 -mfloat-abi=hard -nost
TRACE::2025-03-24.14:23:14::SCWMssOS::artfiles -g -Wall -Wextra -fno-tree-loop-distribute-patterns"

TRACE::2025-03-24.14:23:14::SCWMssOS::"Running Make include in ps7_cortexa9_0/libsrc/iicps_v3_15/src"

TRACE::2025-03-24.14:23:14::SCWMssOS::make -C ps7_cortexa9_0/libsrc/iicps_v3_15/src -s include  "SHELL=CMD" "COMPILER=arm-none-eabi-gcc" "ASSEMBLER=arm-none-eabi-as"
TRACE::2025-03-24.14:23:14::SCWMssOS:: "ARCHIVER=arm-none-eabi-ar" "COMPILER_FLAGS=  -O2 -c" "EXTRA_COMPILER_FLAGS=-mcpu=cortex-a9 -mfpu=vfpv3 -mfloat-abi=hard -nost
TRACE::2025-03-24.14:23:14::SCWMssOS::artfiles -g -Wall -Wextra -fno-tree-loop-distribute-patterns"

TRACE::2025-03-24.14:23:14::SCWMssOS::"Running Make include in ps7_cortexa9_0/libsrc/qspips_v3_9/src"

TRACE::2025-03-24.14:23:14::SCWMssOS::make -C ps7_cortexa9_0/libsrc/qspips_v3_9/src -s include  "SHELL=CMD" "COMPILER=arm-none-eabi-gcc" "ASSEMBLER=arm-none-eabi-as"
TRACE::2025-03-24.14:23:14::SCWMssOS:: "ARCHIVER=arm-none-eabi-ar" "COMPILER_FLAGS=  -O2 -c" "EXTRA_COMPILER_FLAGS=-mcpu=cortex-a9 -mfpu=vfpv3 -mfloat-abi=hard -nost
TRACE::2025-03-24.14:23:14::SCWMssOS::artfiles -g -Wall -Wextra -fno-tree-loop-distribute-patterns"

TRACE::2025-03-24.14:23:14::SCWMssOS::"Running Make include in ps7_cortexa9_0/libsrc/scugic_v4_7/src"

TRACE::2025-03-24.14:23:14::SCWMssOS::make -C ps7_cortexa9_0/libsrc/scugic_v4_7/src -s include  "SHELL=CMD" "COMPILER=arm-none-eabi-gcc" "ASSEMBLER=arm-none-eabi-as"
TRACE::2025-03-24.14:23:14::SCWMssOS:: "ARCHIVER=arm-none-eabi-ar" "COMPILER_FLAGS=  -O2 -c" "EXTRA_COMPILER_FLAGS=-mcpu=cortex-a9 -mfpu=vfpv3 -mfloat-abi=hard -nost
TRACE::2025-03-24.14:23:14::SCWMssOS::artfiles -g -Wall -Wextra -fno-tree-loop-distribute-patterns"

TRACE::2025-03-24.14:23:14::SCWMssOS::"Running Make include in ps7_cortexa9_0/libsrc/scutimer_v2_4/src"

TRACE::2025-03-24.14:23:14::SCWMssOS::make -C ps7_cortexa9_0/libsrc/scutimer_v2_4/src -s include  "SHELL=CMD" "COMPILER=arm-none-eabi-gcc" "ASSEMBLER=arm-none-eabi-a
TRACE::2025-03-24.14:23:14::SCWMssOS::s" "ARCHIVER=arm-none-eabi-ar" "COMPILER_FLAGS=  -O2 -c" "EXTRA_COMPILER_FLAGS=-mcpu=cortex-a9 -mfpu=vfpv3 -mfloat-abi=hard -no
TRACE::2025-03-24.14:23:14::SCWMssOS::startfiles -g -Wall -Wextra -fno-tree-loop-distribute-patterns"

TRACE::2025-03-24.14:23:14::SCWMssOS::"Running Make include in ps7_cortexa9_0/libsrc/scuwdt_v2_4/src"

TRACE::2025-03-24.14:23:14::SCWMssOS::make -C ps7_cortexa9_0/libsrc/scuwdt_v2_4/src -s include  "SHELL=CMD" "COMPILER=arm-none-eabi-gcc" "ASSEMBLER=arm-none-eabi-as"
TRACE::2025-03-24.14:23:14::SCWMssOS:: "ARCHIVER=arm-none-eabi-ar" "COMPILER_FLAGS=  -O2 -c" "EXTRA_COMPILER_FLAGS=-mcpu=cortex-a9 -mfpu=vfpv3 -mfloat-abi=hard -nost
TRACE::2025-03-24.14:23:14::SCWMssOS::artfiles -g -Wall -Wextra -fno-tree-loop-distribute-patterns"

TRACE::2025-03-24.14:23:14::SCWMssOS::"Running Make include in ps7_cortexa9_0/libsrc/sdps_v3_14/src"

TRACE::2025-03-24.14:23:14::SCWMssOS::"Running Make include in ps7_cortexa9_0/libsrc/standalone_v7_7/src"

TRACE::2025-03-24.14:23:14::SCWMssOS::make -C ps7_cortexa9_0/libsrc/sdps_v3_14/src -s include  "SHELL=CMD" "COMPILER=arm-none-eabi-gcc" "ASSEMBLER=arm-none-eabi-as" 
TRACE::2025-03-24.14:23:14::SCWMssOS::"ARCHIVER=arm-none-eabi-ar" "COMPILER_FLAGS=  -O2 -c" "EXTRA_COMPILER_FLAGS=-mcpu=cortex-a9 -mfpu=vfpv3 -mfloat-abi=hard -nosta
TRACE::2025-03-24.14:23:14::SCWMssOS::rtfiles -g -Wall -Wextra -fno-tree-loop-distribute-patterns"

TRACE::2025-03-24.14:23:14::SCWMssOS::make -C ps7_cortexa9_0/libsrc/standalone_v7_7/src -s include  "SHELL=CMD" "COMPILER=arm-none-eabi-gcc" "ASSEMBLER=arm-none-eabi
TRACE::2025-03-24.14:23:14::SCWMssOS::-as" "ARCHIVER=arm-none-eabi-ar" "COMPILER_FLAGS=  -O2 -c" "EXTRA_COMPILER_FLAGS=-mcpu=cortex-a9 -mfpu=vfpv3 -mfloat-abi=hard -
TRACE::2025-03-24.14:23:14::SCWMssOS::nostartfiles -g -Wall -Wextra -fno-tree-loop-distribute-patterns"

TRACE::2025-03-24.14:23:14::SCWMssOS::"Running Make include in ps7_cortexa9_0/libsrc/uartps_v3_11/src"

TRACE::2025-03-24.14:23:14::SCWMssOS::make -C ps7_cortexa9_0/libsrc/uartps_v3_11/src -s include  "SHELL=CMD" "COMPILER=arm-none-eabi-gcc" "ASSEMBLER=arm-none-eabi-as
TRACE::2025-03-24.14:23:14::SCWMssOS::" "ARCHIVER=arm-none-eabi-ar" "COMPILER_FLAGS=  -O2 -c" "EXTRA_COMPILER_FLAGS=-mcpu=cortex-a9 -mfpu=vfpv3 -mfloat-abi=hard -nos
TRACE::2025-03-24.14:23:14::SCWMssOS::tartfiles -g -Wall -Wextra -fno-tree-loop-distribute-patterns"

TRACE::2025-03-24.14:23:14::SCWMssOS::"Running Make include in ps7_cortexa9_0/libsrc/usbps_v2_7/src"

TRACE::2025-03-24.14:23:14::SCWMssOS::make -C ps7_cortexa9_0/libsrc/usbps_v2_7/src -s include  "SHELL=CMD" "COMPILER=arm-none-eabi-gcc" "ASSEMBLER=arm-none-eabi-as" 
TRACE::2025-03-24.14:23:14::SCWMssOS::"ARCHIVER=arm-none-eabi-ar" "COMPILER_FLAGS=  -O2 -c" "EXTRA_COMPILER_FLAGS=-mcpu=cortex-a9 -mfpu=vfpv3 -mfloat-abi=hard -nosta
TRACE::2025-03-24.14:23:14::SCWMssOS::rtfiles -g -Wall -Wextra -fno-tree-loop-distribute-patterns"

TRACE::2025-03-24.14:23:14::SCWMssOS::"Running Make include in ps7_cortexa9_0/libsrc/xadcps_v2_6/src"

TRACE::2025-03-24.14:23:14::SCWMssOS::make -C ps7_cortexa9_0/libsrc/xadcps_v2_6/src -s include  "SHELL=CMD" "COMPILER=arm-none-eabi-gcc" "ASSEMBLER=arm-none-eabi-as"
TRACE::2025-03-24.14:23:14::SCWMssOS:: "ARCHIVER=arm-none-eabi-ar" "COMPILER_FLAGS=  -O2 -c" "EXTRA_COMPILER_FLAGS=-mcpu=cortex-a9 -mfpu=vfpv3 -mfloat-abi=hard -nost
TRACE::2025-03-24.14:23:14::SCWMssOS::artfiles -g -Wall -Wextra -fno-tree-loop-distribute-patterns"

TRACE::2025-03-24.14:23:14::SCWMssOS::"Running Make include in ps7_cortexa9_0/libsrc/xilffs_v4_7/src"

TRACE::2025-03-24.14:23:14::SCWMssOS::make -C ps7_cortexa9_0/libsrc/xilffs_v4_7/src -s include  "SHELL=CMD" "COMPILER=arm-none-eabi-gcc" "ASSEMBLER=arm-none-eabi-as"
TRACE::2025-03-24.14:23:14::SCWMssOS:: "ARCHIVER=arm-none-eabi-ar" "COMPILER_FLAGS=  -O2 -c" "EXTRA_COMPILER_FLAGS=-mcpu=cortex-a9 -mfpu=vfpv3 -mfloat-abi=hard -nost
TRACE::2025-03-24.14:23:14::SCWMssOS::artfiles -g -Wall -Wextra -fno-tree-loop-distribute-patterns"

TRACE::2025-03-24.14:23:14::SCWMssOS::"Running Make libs in ps7_cortexa9_0/libsrc/axidma_v9_14/src"

TRACE::2025-03-24.14:23:15::SCWMssOS::make -C ps7_cortexa9_0/libsrc/axidma_v9_14/src -s libs  "SHELL=CMD" "COMPILER=arm-none-eabi-gcc" "ASSEMBLER=arm-none-eabi-as" "
TRACE::2025-03-24.14:23:15::SCWMssOS::ARCHIVER=arm-none-eabi-ar" "COMPILER_FLAGS=  -O2 -c" "EXTRA_COMPILER_FLAGS=-mcpu=cortex-a9 -mfpu=vfpv3 -mfloat-abi=hard -nostar
TRACE::2025-03-24.14:23:15::SCWMssOS::tfiles -g -Wall -Wextra -fno-tree-loop-distribute-patterns"

TRACE::2025-03-24.14:23:15::SCWMssOS::"Running Make libs in ps7_cortexa9_0/libsrc/axivdma_v6_11/src"

TRACE::2025-03-24.14:23:15::SCWMssOS::make -C ps7_cortexa9_0/libsrc/axivdma_v6_11/src -s libs  "SHELL=CMD" "COMPILER=arm-none-eabi-gcc" "ASSEMBLER=arm-none-eabi-as" 
TRACE::2025-03-24.14:23:15::SCWMssOS::"ARCHIVER=arm-none-eabi-ar" "COMPILER_FLAGS=  -O2 -c" "EXTRA_COMPILER_FLAGS=-mcpu=cortex-a9 -mfpu=vfpv3 -mfloat-abi=hard -nosta
TRACE::2025-03-24.14:23:15::SCWMssOS::rtfiles -g -Wall -Wextra -fno-tree-loop-distribute-patterns"

TRACE::2025-03-24.14:23:16::SCWMssOS::"Running Make libs in ps7_cortexa9_0/libsrc/coresightps_dcc_v1_8/src"

TRACE::2025-03-24.14:23:16::SCWMssOS::make -C ps7_cortexa9_0/libsrc/coresightps_dcc_v1_8/src -s libs  "SHELL=CMD" "COMPILER=arm-none-eabi-gcc" "ASSEMBLER=arm-none-ea
TRACE::2025-03-24.14:23:16::SCWMssOS::bi-as" "ARCHIVER=arm-none-eabi-ar" "COMPILER_FLAGS=  -O2 -c" "EXTRA_COMPILER_FLAGS=-mcpu=cortex-a9 -mfpu=vfpv3 -mfloat-abi=hard
TRACE::2025-03-24.14:23:16::SCWMssOS:: -nostartfiles -g -Wall -Wextra -fno-tree-loop-distribute-patterns"

TRACE::2025-03-24.14:23:16::SCWMssOS::"Running Make libs in ps7_cortexa9_0/libsrc/cpu_cortexa9_v2_11/src"

TRACE::2025-03-24.14:23:16::SCWMssOS::make -C ps7_cortexa9_0/libsrc/cpu_cortexa9_v2_11/src -s libs  "SHELL=CMD" "COMPILER=arm-none-eabi-gcc" "ASSEMBLER=arm-none-eabi
TRACE::2025-03-24.14:23:16::SCWMssOS::-as" "ARCHIVER=arm-none-eabi-ar" "COMPILER_FLAGS=  -O2 -c" "EXTRA_COMPILER_FLAGS=-mcpu=cortex-a9 -mfpu=vfpv3 -mfloat-abi=hard -
TRACE::2025-03-24.14:23:16::SCWMssOS::nostartfiles -g -Wall -Wextra -fno-tree-loop-distribute-patterns"

TRACE::2025-03-24.14:23:16::SCWMssOS::"Running Make libs in ps7_cortexa9_0/libsrc/ddrps_v1_2/src"

TRACE::2025-03-24.14:23:16::SCWMssOS::make -C ps7_cortexa9_0/libsrc/ddrps_v1_2/src -s libs  "SHELL=CMD" "COMPILER=arm-none-eabi-gcc" "ASSEMBLER=arm-none-eabi-as" "AR
TRACE::2025-03-24.14:23:16::SCWMssOS::CHIVER=arm-none-eabi-ar" "COMPILER_FLAGS=  -O2 -c" "EXTRA_COMPILER_FLAGS=-mcpu=cortex-a9 -mfpu=vfpv3 -mfloat-abi=hard -nostartf
TRACE::2025-03-24.14:23:16::SCWMssOS::iles -g -Wall -Wextra -fno-tree-loop-distribute-patterns"

TRACE::2025-03-24.14:23:16::SCWMssOS::"Running Make libs in ps7_cortexa9_0/libsrc/devcfg_v3_7/src"

TRACE::2025-03-24.14:23:16::SCWMssOS::make -C ps7_cortexa9_0/libsrc/devcfg_v3_7/src -s libs  "SHELL=CMD" "COMPILER=arm-none-eabi-gcc" "ASSEMBLER=arm-none-eabi-as" "A
TRACE::2025-03-24.14:23:16::SCWMssOS::RCHIVER=arm-none-eabi-ar" "COMPILER_FLAGS=  -O2 -c" "EXTRA_COMPILER_FLAGS=-mcpu=cortex-a9 -mfpu=vfpv3 -mfloat-abi=hard -nostart
TRACE::2025-03-24.14:23:16::SCWMssOS::files -g -Wall -Wextra -fno-tree-loop-distribute-patterns"

TRACE::2025-03-24.14:23:16::SCWMssOS::"Running Make libs in ps7_cortexa9_0/libsrc/dmaps_v2_8/src"

TRACE::2025-03-24.14:23:16::SCWMssOS::make -C ps7_cortexa9_0/libsrc/dmaps_v2_8/src -s libs  "SHELL=CMD" "COMPILER=arm-none-eabi-gcc" "ASSEMBLER=arm-none-eabi-as" "AR
TRACE::2025-03-24.14:23:16::SCWMssOS::CHIVER=arm-none-eabi-ar" "COMPILER_FLAGS=  -O2 -c" "EXTRA_COMPILER_FLAGS=-mcpu=cortex-a9 -mfpu=vfpv3 -mfloat-abi=hard -nostartf
TRACE::2025-03-24.14:23:16::SCWMssOS::iles -g -Wall -Wextra -fno-tree-loop-distribute-patterns"

TRACE::2025-03-24.14:23:18::SCWMssOS::"Running Make libs in ps7_cortexa9_0/libsrc/emacps_v3_16/src"

TRACE::2025-03-24.14:23:18::SCWMssOS::make -C ps7_cortexa9_0/libsrc/emacps_v3_16/src -s libs  "SHELL=CMD" "COMPILER=arm-none-eabi-gcc" "ASSEMBLER=arm-none-eabi-as" "
TRACE::2025-03-24.14:23:18::SCWMssOS::ARCHIVER=arm-none-eabi-ar" "COMPILER_FLAGS=  -O2 -c" "EXTRA_COMPILER_FLAGS=-mcpu=cortex-a9 -mfpu=vfpv3 -mfloat-abi=hard -nostar
TRACE::2025-03-24.14:23:18::SCWMssOS::tfiles -g -Wall -Wextra -fno-tree-loop-distribute-patterns"

TRACE::2025-03-24.14:23:18::SCWMssOS::"Running Make libs in ps7_cortexa9_0/libsrc/gpiops_v3_9/src"

TRACE::2025-03-24.14:23:18::SCWMssOS::make -C ps7_cortexa9_0/libsrc/gpiops_v3_9/src -s libs  "SHELL=CMD" "COMPILER=arm-none-eabi-gcc" "ASSEMBLER=arm-none-eabi-as" "A
TRACE::2025-03-24.14:23:18::SCWMssOS::RCHIVER=arm-none-eabi-ar" "COMPILER_FLAGS=  -O2 -c" "EXTRA_COMPILER_FLAGS=-mcpu=cortex-a9 -mfpu=vfpv3 -mfloat-abi=hard -nostart
TRACE::2025-03-24.14:23:18::SCWMssOS::files -g -Wall -Wextra -fno-tree-loop-distribute-patterns"

TRACE::2025-03-24.14:23:19::SCWMssOS::"Running Make libs in ps7_cortexa9_0/libsrc/iicps_v3_15/src"

TRACE::2025-03-24.14:23:19::SCWMssOS::make -C ps7_cortexa9_0/libsrc/iicps_v3_15/src -s libs  "SHELL=CMD" "COMPILER=arm-none-eabi-gcc" "ASSEMBLER=arm-none-eabi-as" "A
TRACE::2025-03-24.14:23:19::SCWMssOS::RCHIVER=arm-none-eabi-ar" "COMPILER_FLAGS=  -O2 -c" "EXTRA_COMPILER_FLAGS=-mcpu=cortex-a9 -mfpu=vfpv3 -mfloat-abi=hard -nostart
TRACE::2025-03-24.14:23:19::SCWMssOS::files -g -Wall -Wextra -fno-tree-loop-distribute-patterns"

TRACE::2025-03-24.14:23:20::SCWMssOS::"Running Make libs in ps7_cortexa9_0/libsrc/qspips_v3_9/src"

TRACE::2025-03-24.14:23:20::SCWMssOS::make -C ps7_cortexa9_0/libsrc/qspips_v3_9/src -s libs  "SHELL=CMD" "COMPILER=arm-none-eabi-gcc" "ASSEMBLER=arm-none-eabi-as" "A
TRACE::2025-03-24.14:23:20::SCWMssOS::RCHIVER=arm-none-eabi-ar" "COMPILER_FLAGS=  -O2 -c" "EXTRA_COMPILER_FLAGS=-mcpu=cortex-a9 -mfpu=vfpv3 -mfloat-abi=hard -nostart
TRACE::2025-03-24.14:23:20::SCWMssOS::files -g -Wall -Wextra -fno-tree-loop-distribute-patterns"

TRACE::2025-03-24.14:23:21::SCWMssOS::"Running Make libs in ps7_cortexa9_0/libsrc/scugic_v4_7/src"

TRACE::2025-03-24.14:23:21::SCWMssOS::make -C ps7_cortexa9_0/libsrc/scugic_v4_7/src -s libs  "SHELL=CMD" "COMPILER=arm-none-eabi-gcc" "ASSEMBLER=arm-none-eabi-as" "A
TRACE::2025-03-24.14:23:21::SCWMssOS::RCHIVER=arm-none-eabi-ar" "COMPILER_FLAGS=  -O2 -c" "EXTRA_COMPILER_FLAGS=-mcpu=cortex-a9 -mfpu=vfpv3 -mfloat-abi=hard -nostart
TRACE::2025-03-24.14:23:21::SCWMssOS::files -g -Wall -Wextra -fno-tree-loop-distribute-patterns"

TRACE::2025-03-24.14:23:22::SCWMssOS::"Running Make libs in ps7_cortexa9_0/libsrc/scutimer_v2_4/src"

TRACE::2025-03-24.14:23:22::SCWMssOS::make -C ps7_cortexa9_0/libsrc/scutimer_v2_4/src -s libs  "SHELL=CMD" "COMPILER=arm-none-eabi-gcc" "ASSEMBLER=arm-none-eabi-as" 
TRACE::2025-03-24.14:23:22::SCWMssOS::"ARCHIVER=arm-none-eabi-ar" "COMPILER_FLAGS=  -O2 -c" "EXTRA_COMPILER_FLAGS=-mcpu=cortex-a9 -mfpu=vfpv3 -mfloat-abi=hard -nosta
TRACE::2025-03-24.14:23:22::SCWMssOS::rtfiles -g -Wall -Wextra -fno-tree-loop-distribute-patterns"

TRACE::2025-03-24.14:23:23::SCWMssOS::"Running Make libs in ps7_cortexa9_0/libsrc/scuwdt_v2_4/src"

TRACE::2025-03-24.14:23:23::SCWMssOS::make -C ps7_cortexa9_0/libsrc/scuwdt_v2_4/src -s libs  "SHELL=CMD" "COMPILER=arm-none-eabi-gcc" "ASSEMBLER=arm-none-eabi-as" "A
TRACE::2025-03-24.14:23:23::SCWMssOS::RCHIVER=arm-none-eabi-ar" "COMPILER_FLAGS=  -O2 -c" "EXTRA_COMPILER_FLAGS=-mcpu=cortex-a9 -mfpu=vfpv3 -mfloat-abi=hard -nostart
TRACE::2025-03-24.14:23:23::SCWMssOS::files -g -Wall -Wextra -fno-tree-loop-distribute-patterns"

TRACE::2025-03-24.14:23:23::SCWMssOS::"Running Make libs in ps7_cortexa9_0/libsrc/sdps_v3_14/src"

TRACE::2025-03-24.14:23:23::SCWMssOS::make -C ps7_cortexa9_0/libsrc/sdps_v3_14/src -s libs  "SHELL=CMD" "COMPILER=arm-none-eabi-gcc" "ASSEMBLER=arm-none-eabi-as" "AR
TRACE::2025-03-24.14:23:23::SCWMssOS::CHIVER=arm-none-eabi-ar" "COMPILER_FLAGS=  -O2 -c" "EXTRA_COMPILER_FLAGS=-mcpu=cortex-a9 -mfpu=vfpv3 -mfloat-abi=hard -nostartf
TRACE::2025-03-24.14:23:23::SCWMssOS::iles -g -Wall -Wextra -fno-tree-loop-distribute-patterns"

TRACE::2025-03-24.14:23:23::SCWMssOS::"Running Make libs in ps7_cortexa9_0/libsrc/standalone_v7_7/src"

TRACE::2025-03-24.14:23:23::SCWMssOS::make -C ps7_cortexa9_0/libsrc/standalone_v7_7/src -s libs  "SHELL=CMD" "COMPILER=arm-none-eabi-gcc" "ASSEMBLER=arm-none-eabi-as
TRACE::2025-03-24.14:23:23::SCWMssOS::" "ARCHIVER=arm-none-eabi-ar" "COMPILER_FLAGS=  -O2 -c" "EXTRA_COMPILER_FLAGS=-mcpu=cortex-a9 -mfpu=vfpv3 -mfloat-abi=hard -nos
TRACE::2025-03-24.14:23:23::SCWMssOS::tartfiles -g -Wall -Wextra -fno-tree-loop-distribute-patterns"

TRACE::2025-03-24.14:23:25::SCWMssOS::"Running Make libs in ps7_cortexa9_0/libsrc/uartps_v3_11/src"

TRACE::2025-03-24.14:23:25::SCWMssOS::make -C ps7_cortexa9_0/libsrc/uartps_v3_11/src -s libs  "SHELL=CMD" "COMPILER=arm-none-eabi-gcc" "ASSEMBLER=arm-none-eabi-as" "
TRACE::2025-03-24.14:23:25::SCWMssOS::ARCHIVER=arm-none-eabi-ar" "COMPILER_FLAGS=  -O2 -c" "EXTRA_COMPILER_FLAGS=-mcpu=cortex-a9 -mfpu=vfpv3 -mfloat-abi=hard -nostar
TRACE::2025-03-24.14:23:25::SCWMssOS::tfiles -g -Wall -Wextra -fno-tree-loop-distribute-patterns"

TRACE::2025-03-24.14:23:26::SCWMssOS::"Running Make libs in ps7_cortexa9_0/libsrc/usbps_v2_7/src"

TRACE::2025-03-24.14:23:26::SCWMssOS::make -C ps7_cortexa9_0/libsrc/usbps_v2_7/src -s libs  "SHELL=CMD" "COMPILER=arm-none-eabi-gcc" "ASSEMBLER=arm-none-eabi-as" "AR
TRACE::2025-03-24.14:23:26::SCWMssOS::CHIVER=arm-none-eabi-ar" "COMPILER_FLAGS=  -O2 -c" "EXTRA_COMPILER_FLAGS=-mcpu=cortex-a9 -mfpu=vfpv3 -mfloat-abi=hard -nostartf
TRACE::2025-03-24.14:23:26::SCWMssOS::iles -g -Wall -Wextra -fno-tree-loop-distribute-patterns"

TRACE::2025-03-24.14:23:28::SCWMssOS::"Running Make libs in ps7_cortexa9_0/libsrc/xadcps_v2_6/src"

TRACE::2025-03-24.14:23:28::SCWMssOS::make -C ps7_cortexa9_0/libsrc/xadcps_v2_6/src -s libs  "SHELL=CMD" "COMPILER=arm-none-eabi-gcc" "ASSEMBLER=arm-none-eabi-as" "A
TRACE::2025-03-24.14:23:28::SCWMssOS::RCHIVER=arm-none-eabi-ar" "COMPILER_FLAGS=  -O2 -c" "EXTRA_COMPILER_FLAGS=-mcpu=cortex-a9 -mfpu=vfpv3 -mfloat-abi=hard -nostart
TRACE::2025-03-24.14:23:28::SCWMssOS::files -g -Wall -Wextra -fno-tree-loop-distribute-patterns"

TRACE::2025-03-24.14:23:30::SCWMssOS::"Running Make libs in ps7_cortexa9_0/libsrc/xilffs_v4_7/src"

TRACE::2025-03-24.14:23:30::SCWMssOS::make -C ps7_cortexa9_0/libsrc/xilffs_v4_7/src -s libs  "SHELL=CMD" "COMPILER=arm-none-eabi-gcc" "ASSEMBLER=arm-none-eabi-as" "A
TRACE::2025-03-24.14:23:30::SCWMssOS::RCHIVER=arm-none-eabi-ar" "COMPILER_FLAGS=  -O2 -c" "EXTRA_COMPILER_FLAGS=-mcpu=cortex-a9 -mfpu=vfpv3 -mfloat-abi=hard -nostart
TRACE::2025-03-24.14:23:30::SCWMssOS::files -g -Wall -Wextra -fno-tree-loop-distribute-patterns"

TRACE::2025-03-24.14:23:32::SCWMssOS::'Finished building libraries parallelly.'

TRACE::2025-03-24.14:23:32::SCWMssOS::make --no-print-directory archive

TRACE::2025-03-24.14:23:32::SCWMssOS::arm-none-eabi-ar -r  ps7_cortexa9_0/lib/libxil.a ps7_cortexa9_0/lib/xadcps_selftest.o ps7_cortexa9_0/lib/xplatform_info.o ps7_c
TRACE::2025-03-24.14:23:32::SCWMssOS::ortexa9_0/lib/xil_mem.o ps7_cortexa9_0/lib/_exit.o ps7_cortexa9_0/lib/xusbps_sinit.o ps7_cortexa9_0/lib/xdevcfg_hw.o ps7_cortex
TRACE::2025-03-24.14:23:32::SCWMssOS::a9_0/lib/xil_sleeptimer.o ps7_cortexa9_0/lib/xqspips_options.o ps7_cortexa9_0/lib/xdmaps_g.o ps7_cortexa9_0/lib/xscutimer_g.o p
TRACE::2025-03-24.14:23:32::SCWMssOS::s7_cortexa9_0/lib/xsdps_options.o ps7_cortexa9_0/lib/xil_misc_psreset_api.o ps7_cortexa9_0/lib/xdmaps_sinit.o ps7_cortexa9_0/li
TRACE::2025-03-24.14:23:32::SCWMssOS::b/xscutimer_sinit.o ps7_cortexa9_0/lib/xemacps_hw.o ps7_cortexa9_0/lib/inbyte.o ps7_cortexa9_0/lib/xscutimer_selftest.o ps7_cor
TRACE::2025-03-24.14:23:32::SCWMssOS::texa9_0/lib/putnum.o ps7_cortexa9_0/lib/xqspips_hw.o ps7_cortexa9_0/lib/xgpiops_g.o ps7_cortexa9_0/lib/xsdps.o ps7_cortexa9_0/l
TRACE::2025-03-24.14:23:32::SCWMssOS::ib/close.o ps7_cortexa9_0/lib/xemacps_g.o ps7_cortexa9_0/lib/xgpiops_sinit.o ps7_cortexa9_0/lib/xgpiops_selftest.o ps7_cortexa9
TRACE::2025-03-24.14:23:32::SCWMssOS::_0/lib/xscuwdt.o ps7_cortexa9_0/lib/xaxivdma_g.o ps7_cortexa9_0/lib/xil_clocking.o ps7_cortexa9_0/lib/xiicps_intr.o ps7_cortexa
TRACE::2025-03-24.14:23:32::SCWMssOS::9_0/lib/xaxivdma_sinit.o ps7_cortexa9_0/lib/xuartps_sinit.o ps7_cortexa9_0/lib/time.o ps7_cortexa9_0/lib/xaxivdma_selftest.o ps
TRACE::2025-03-24.14:23:32::SCWMssOS::7_cortexa9_0/lib/xiicps_slave.o ps7_cortexa9_0/lib/xil_printf.o ps7_cortexa9_0/lib/kill.o ps7_cortexa9_0/lib/xadcps.o ps7_corte
TRACE::2025-03-24.14:23:32::SCWMssOS::xa9_0/lib/xiicps_options.o ps7_cortexa9_0/lib/xdmaps.o ps7_cortexa9_0/lib/xuartps_selftest.o ps7_cortexa9_0/lib/xuartps_g.o ps7
TRACE::2025-03-24.14:23:32::SCWMssOS::_cortexa9_0/lib/lseek.o ps7_cortexa9_0/lib/xil_testmem.o ps7_cortexa9_0/lib/xusbps_hw.o ps7_cortexa9_0/lib/xl2cc_counter.o ps7_
TRACE::2025-03-24.14:23:32::SCWMssOS::cortexa9_0/lib/xiicps_hw.o ps7_cortexa9_0/lib/asm_vectors.o ps7_cortexa9_0/lib/usleep.o ps7_cortexa9_0/lib/abort.o ps7_cortexa9
TRACE::2025-03-24.14:23:32::SCWMssOS::_0/lib/xscugic_intr.o ps7_cortexa9_0/lib/getpid.o ps7_cortexa9_0/lib/xiicps_selftest.o ps7_cortexa9_0/lib/xil_testcache.o ps7_c
TRACE::2025-03-24.14:23:32::SCWMssOS::ortexa9_0/lib/xdevcfg_sinit.o ps7_cortexa9_0/lib/xgpiops.o ps7_cortexa9_0/lib/xscutimer.o ps7_cortexa9_0/lib/xdevcfg_selftest.o
TRACE::2025-03-24.14:23:32::SCWMssOS:: ps7_cortexa9_0/lib/xpm_counter.o ps7_cortexa9_0/lib/xiicps.o ps7_cortexa9_0/lib/_sbrk.o ps7_cortexa9_0/lib/xiicps_master.o ps7
TRACE::2025-03-24.14:23:32::SCWMssOS::_cortexa9_0/lib/xqspips_g.o ps7_cortexa9_0/lib/xemacps_bdring.o ps7_cortexa9_0/lib/xusbps_endpoint.o ps7_cortexa9_0/lib/xqspips
TRACE::2025-03-24.14:23:32::SCWMssOS::_sinit.o ps7_cortexa9_0/lib/xqspips_selftest.o ps7_cortexa9_0/lib/xil_exception.o ps7_cortexa9_0/lib/sbrk.o ps7_cortexa9_0/lib/
TRACE::2025-03-24.14:23:32::SCWMssOS::xaxivdma.o ps7_cortexa9_0/lib/xemacps_control.o ps7_cortexa9_0/lib/open.o ps7_cortexa9_0/lib/xil_assert.o ps7_cortexa9_0/lib/xa
TRACE::2025-03-24.14:23:32::SCWMssOS::xivdma_intr.o ps7_cortexa9_0/lib/xusbps_intr.o ps7_cortexa9_0/lib/xsdps_host.o ps7_cortexa9_0/lib/xcoresightpsdcc.o ps7_cortexa
TRACE::2025-03-24.14:23:32::SCWMssOS::9_0/lib/xscugic_hw.o ps7_cortexa9_0/lib/sleep.o ps7_cortexa9_0/lib/xil-crt0.o ps7_cortexa9_0/lib/cpputest_time.o ps7_cortexa9_0
TRACE::2025-03-24.14:23:32::SCWMssOS::/lib/print.o ps7_cortexa9_0/lib/read.o ps7_cortexa9_0/lib/xiicps_g.o ps7_cortexa9_0/lib/xdevcfg.o ps7_cortexa9_0/lib/xadcps_int
TRACE::2025-03-24.14:23:32::SCWMssOS::r.o ps7_cortexa9_0/lib/xqspips.o ps7_cortexa9_0/lib/xemacps.o ps7_cortexa9_0/lib/xil_cache.o ps7_cortexa9_0/lib/xil_testio.o ps
TRACE::2025-03-24.14:23:32::SCWMssOS::7_cortexa9_0/lib/_open.o ps7_cortexa9_0/lib/unlink.o ps7_cortexa9_0/lib/xaxidma_g.o ps7_cortexa9_0/lib/xusbps.o ps7_cortexa9_0/
TRACE::2025-03-24.14:23:32::SCWMssOS::lib/xusbps_g.o ps7_cortexa9_0/lib/xdmaps_selftest.o ps7_cortexa9_0/lib/xaxidma_sinit.o ps7_cortexa9_0/lib/xil_spinlock.o ps7_co
TRACE::2025-03-24.14:23:32::SCWMssOS::rtexa9_0/lib/translation_table.o ps7_cortexa9_0/lib/xaxidma_selftest.o ps7_cortexa9_0/lib/write.o ps7_cortexa9_0/lib/xil_mmu.o 
TRACE::2025-03-24.14:23:32::SCWMssOS::ps7_cortexa9_0/lib/boot.o ps7_cortexa9_0/lib/xaxivdma_channel.o ps7_cortexa9_0/lib/cpu_init.o ps7_cortexa9_0/lib/xaxidma_bd.o p
TRACE::2025-03-24.14:23:32::SCWMssOS::s7_cortexa9_0/lib/xil_sleepcommon.o ps7_cortexa9_0/lib/xgpiops_intr.o ps7_cortexa9_0/lib/xscugic_sinit.o ps7_cortexa9_0/lib/fcn
TRACE::2025-03-24.14:23:32::SCWMssOS::tl.o ps7_cortexa9_0/lib/xdevcfg_g.o ps7_cortexa9_0/lib/outbyte.o ps7_cortexa9_0/lib/xinterrupt_wrap.o ps7_cortexa9_0/lib/xuartp
TRACE::2025-03-24.14:23:32::SCWMssOS::s_hw.o ps7_cortexa9_0/lib/xtime_l.o ps7_cortexa9_0/lib/xemacps_sinit.o ps7_cortexa9_0/lib/xscugic_selftest.o ps7_cortexa9_0/lib
TRACE::2025-03-24.14:23:32::SCWMssOS::/xil_util.o ps7_cortexa9_0/lib/xuartps_intr.o ps7_cortexa9_0/lib/xuartps.o ps7_cortexa9_0/lib/xsdps_card.o ps7_cortexa9_0/lib/x
TRACE::2025-03-24.14:23:32::SCWMssOS::dmaps_hw.o ps7_cortexa9_0/lib/xsdps_sinit.o ps7_cortexa9_0/lib/xgpiops_hw.o ps7_cortexa9_0/lib/xsdps_g.o ps7_cortexa9_0/lib/fst
TRACE::2025-03-24.14:23:32::SCWMssOS::at.o ps7_cortexa9_0/lib/xaxidma.o ps7_cortexa9_0/lib/errno.o ps7_cortexa9_0/lib/xdevcfg_intr.o ps7_cortexa9_0/lib/xuartps_optio
TRACE::2025-03-24.14:23:32::SCWMssOS::ns.o ps7_cortexa9_0/lib/vectors.o ps7_cortexa9_0/lib/xscuwdt_g.o ps7_cortexa9_0/lib/xscuwdt_sinit.o ps7_cortexa9_0/lib/xemacps_
TRACE::2025-03-24.14:23:32::SCWMssOS::intr.o ps7_cortexa9_0/lib/xscuwdt_selftest.o ps7_cortexa9_0/lib/xscugic_g.o ps7_cortexa9_0/lib/isatty.o ps7_cortexa9_0/lib/xscu
TRACE::2025-03-24.14:23:32::SCWMssOS::gic.o ps7_cortexa9_0/lib/xiicps_sinit.o ps7_cortexa9_0/lib/xadcps_g.o ps7_cortexa9_0/lib/xaxidma_bdring.o ps7_cortexa9_0/lib/xa
TRACE::2025-03-24.14:23:32::SCWMssOS::dcps_sinit.o ps7_cortexa9_0/lib/xiicps_xfer.o

TRACE::2025-03-24.14:23:33::SCWMssOS::'Finished building libraries'

TRACE::2025-03-24.14:23:34::SCWMssOS::Copying to export directory.
TRACE::2025-03-24.14:23:35::SCWMssOS:: Checking if to create the Supporting Applications
TRACE::2025-03-24.14:23:35::SCWMssOS:: No Linux domain exists, trying to generate FSBL 
LOG::2025-03-24.14:23:35::SCWSystem::Completed Processing the domain standalone_domain
LOG::2025-03-24.14:23:35::SCWSystem::Completed Processing the sysconfig Assignment2_newest
LOG::2025-03-24.14:23:35::SCWPlatform::Completed generating the artifacts for system configuration Assignment2_newest
TRACE::2025-03-24.14:23:35::SCWPlatform::Started preparing the platform 
TRACE::2025-03-24.14:23:35::SCWSystem::Writing the bif file for system config Assignment2_newest
TRACE::2025-03-24.14:23:35::SCWSystem::dir created 
TRACE::2025-03-24.14:23:35::SCWSystem::Writing the bif 
TRACE::2025-03-24.14:23:35::SCWPlatform::Started writing the spfm file 
TRACE::2025-03-24.14:23:35::SCWPlatform::Started writing the xpfm file 
TRACE::2025-03-24.14:23:35::SCWPlatform::Completed generating the platform
TRACE::2025-03-24.14:23:35::SCWMssOS::Saving the mss changes C:/Users/j54mao/ECE423/ECE-423-Labs/workspace/Assignment2_newest/zynq_fsbl/zynq_fsbl_bsp/system.mss
TRACE::2025-03-24.14:23:35::SCWMssOS::Found a swdesign opened with the mssfile.
TRACE::2025-03-24.14:23:35::SCWMssOS::Completed writemss as part of save.
TRACE::2025-03-24.14:23:35::SCWMssOS::Commit changes completed.
TRACE::2025-03-24.14:23:35::SCWMssOS::Saving the mss changes C:/Users/j54mao/ECE423/ECE-423-Labs/workspace/Assignment2_newest/ps7_cortexa9_0/standalone_domain/bsp/system.mss
TRACE::2025-03-24.14:23:35::SCWMssOS::Found a swdesign opened with the mssfile.
TRACE::2025-03-24.14:23:35::SCWMssOS::Completed writemss as part of save.
TRACE::2025-03-24.14:23:35::SCWMssOS::Commit changes completed.
TRACE::2025-03-24.14:23:35::SCWPlatform::Trying to open the hw design at C:/Users/j54mao/ECE423/ECE-423-Labs/workspace/Assignment2_newest/hw/lab_prefab_wrapper_newest_lab2.xsa
TRACE::2025-03-24.14:23:35::SCWPlatform::DSA given C:/Users/j54mao/ECE423/ECE-423-Labs/workspace/Assignment2_newest/hw/lab_prefab_wrapper_newest_lab2.xsa
TRACE::2025-03-24.14:23:35::SCWPlatform::DSA absoulate path C:/Users/j54mao/ECE423/ECE-423-Labs/workspace/Assignment2_newest/hw/lab_prefab_wrapper_newest_lab2.xsa
TRACE::2025-03-24.14:23:35::SCWPlatform::DSA directory C:/Users/j54mao/ECE423/ECE-423-Labs/workspace/Assignment2_newest/hw
TRACE::2025-03-24.14:23:35::SCWPlatform:: Platform Path C:/Users/j54mao/ECE423/ECE-423-Labs/workspace/Assignment2_newest/hw/lab_prefab_wrapper_newest_lab2.xsa
TRACE::2025-03-24.14:23:35::SCWPlatform:: Unique name xilinx:pynq-z1::0.0
TRACE::2025-03-24.14:23:35::SCWPlatform::Trying to set the existing hwdb with name lab_prefab_wrapper_0
TRACE::2025-03-24.14:23:35::SCWPlatform::Opened existing hwdb lab_prefab_wrapper_0
TRACE::2025-03-24.14:23:35::SCWPlatform::Found the Hw Db part of the input DSA
TRACE::2025-03-24.14:23:35::SCWMssOS::Checking the sw design at  C:/Users/j54mao/ECE423/ECE-423-Labs/workspace/Assignment2_newest/zynq_fsbl/zynq_fsbl_bsp/system.mss
TRACE::2025-03-24.14:23:35::SCWMssOS::DEBUG:  swdes dump  C:/Users/j54mao/ECE423/ECE-423-Labs/workspace/Assignment2_debugging/ps7_cortexa9_0/standalone_domain/bsp/system.mss|system_0||
C:/Users/j54mao/ECE423/ECE-423-Labs/workspace/Assignment2_debugging/zynq_fsbl/zynq_fsbl_bsp/system.mss|system||
C:/Users/j54mao/ECE423/ECE-423-Labs/workspace/Assignment2_newest/ps7_cortexa9_0/standalone_domain/bsp/system.mss|system_2||
C:/Users/j54mao/ECE423/ECE-423-Labs/workspace/Assignment2_newest/zynq_fsbl/zynq_fsbl_bsp/system.mss|system_1||
C:/Users/j54mao/ECE423/ECE-423-Labs/workspace/Assignment_2/ps7_cortexa9_0/standalone_domain/bsp/system.mss|system_8||
C:/Users/j54mao/ECE423/ECE-423-Labs/workspace/Assignment_2/zynq_fsbl/zynq_fsbl_bsp/system.mss|system_7||
C:/Users/j54mao/ECE423/ECE-423-Labs/workspace/assignment2_hunter_test/ps7_cortexa9_0/standalone_domain/bsp/system.mss|system_4||
C:/Users/j54mao/ECE423/ECE-423-Labs/workspace/assignment2_hunter_test/zynq_fsbl/zynq_fsbl_bsp/system.mss|system_3||
C:/Users/j54mao/ECE423/ECE-423-Labs/workspace/lab_prefab_wrapper/ps7_cortexa9_0/standalone_ps7_cortexa9_0/bsp/system.mss|system_6||
C:/Users/j54mao/ECE423/ECE-423-Labs/workspace/lab_prefab_wrapper/zynq_fsbl/zynq_fsbl_bsp/system.mss|system_5||

TRACE::2025-03-24.14:23:35::SCWMssOS::Sw design exists and opened at  C:/Users/j54mao/ECE423/ECE-423-Labs/workspace/Assignment2_newest/zynq_fsbl/zynq_fsbl_bsp/system.mss
TRACE::2025-03-24.14:23:35::SCWPlatform::Trying to open the hw design at C:/Users/j54mao/ECE423/ECE-423-Labs/workspace/Assignment2_newest/hw/lab_prefab_wrapper_newest_lab2.xsa
TRACE::2025-03-24.14:23:35::SCWPlatform::DSA given C:/Users/j54mao/ECE423/ECE-423-Labs/workspace/Assignment2_newest/hw/lab_prefab_wrapper_newest_lab2.xsa
TRACE::2025-03-24.14:23:35::SCWPlatform::DSA absoulate path C:/Users/j54mao/ECE423/ECE-423-Labs/workspace/Assignment2_newest/hw/lab_prefab_wrapper_newest_lab2.xsa
TRACE::2025-03-24.14:23:35::SCWPlatform::DSA directory C:/Users/j54mao/ECE423/ECE-423-Labs/workspace/Assignment2_newest/hw
TRACE::2025-03-24.14:23:35::SCWPlatform:: Platform Path C:/Users/j54mao/ECE423/ECE-423-Labs/workspace/Assignment2_newest/hw/lab_prefab_wrapper_newest_lab2.xsa
TRACE::2025-03-24.14:23:35::SCWPlatform:: Unique name xilinx:pynq-z1::0.0
TRACE::2025-03-24.14:23:35::SCWPlatform::Trying to set the existing hwdb with name lab_prefab_wrapper_0
TRACE::2025-03-24.14:23:35::SCWPlatform::Opened existing hwdb lab_prefab_wrapper_0
TRACE::2025-03-24.14:23:35::SCWPlatform::Found the Hw Db part of the input DSA
TRACE::2025-03-24.14:23:35::SCWMssOS::Checking the sw design at  C:/Users/j54mao/ECE423/ECE-423-Labs/workspace/Assignment2_newest/ps7_cortexa9_0/standalone_domain/bsp/system.mss
TRACE::2025-03-24.14:23:35::SCWMssOS::DEBUG:  swdes dump  C:/Users/j54mao/ECE423/ECE-423-Labs/workspace/Assignment2_debugging/ps7_cortexa9_0/standalone_domain/bsp/system.mss|system_0||
C:/Users/j54mao/ECE423/ECE-423-Labs/workspace/Assignment2_debugging/zynq_fsbl/zynq_fsbl_bsp/system.mss|system||
C:/Users/j54mao/ECE423/ECE-423-Labs/workspace/Assignment2_newest/ps7_cortexa9_0/standalone_domain/bsp/system.mss|system_2||
C:/Users/j54mao/ECE423/ECE-423-Labs/workspace/Assignment2_newest/zynq_fsbl/zynq_fsbl_bsp/system.mss|system_1||
C:/Users/j54mao/ECE423/ECE-423-Labs/workspace/Assignment_2/ps7_cortexa9_0/standalone_domain/bsp/system.mss|system_8||
C:/Users/j54mao/ECE423/ECE-423-Labs/workspace/Assignment_2/zynq_fsbl/zynq_fsbl_bsp/system.mss|system_7||
C:/Users/j54mao/ECE423/ECE-423-Labs/workspace/assignment2_hunter_test/ps7_cortexa9_0/standalone_domain/bsp/system.mss|system_4||
C:/Users/j54mao/ECE423/ECE-423-Labs/workspace/assignment2_hunter_test/zynq_fsbl/zynq_fsbl_bsp/system.mss|system_3||
C:/Users/j54mao/ECE423/ECE-423-Labs/workspace/lab_prefab_wrapper/ps7_cortexa9_0/standalone_ps7_cortexa9_0/bsp/system.mss|system_6||
C:/Users/j54mao/ECE423/ECE-423-Labs/workspace/lab_prefab_wrapper/zynq_fsbl/zynq_fsbl_bsp/system.mss|system_5||

TRACE::2025-03-24.14:23:35::SCWMssOS::Sw design exists and opened at  C:/Users/j54mao/ECE423/ECE-423-Labs/workspace/Assignment2_newest/ps7_cortexa9_0/standalone_domain/bsp/system.mss
TRACE::2025-03-24.14:23:35::SCWWriter::formatted JSON is {
	"platformName":	"Assignment2_newest",
	"sprVersion":	"2.0",
	"mode":	"gui",
	"dsaType":	"Fixed",
	"platformDesc":	"Assignment2_newest",
	"platHandOff":	"C:/Users/j54mao/ECE423/ECE-423-Labs/ece423_prefab/ece423_prefab/lab_prefab/lab_prefab_wrapper_newest_lab2.xsa",
	"platIntHandOff":	"<platformDir>/hw/lab_prefab_wrapper_newest_lab2.xsa",
	"deviceType":	"zynq",
	"platIsPrebuiltAutogen":	"false",
	"platIsNoBootBsp":	"false",
	"hasFsblMakeHasChanges":	"false",
	"hasPmufwMakeHasChanges":	"false",
	"fsblExtraCompilerFlags":	"-MMD -MP       -mcpu=cortex-a9 -mfpu=vfpv3 -mfloat-abi=hard ",
	"platPreBuiltFlag":	false,
	"platformSamplesDir":	"",
	"platActiveSys":	"Assignment2_newest",
	"systems":	[{
			"systemName":	"Assignment2_newest",
			"systemDesc":	"Assignment2_newest",
			"sysIsBootAutoGen":	"true",
			"systemDispName":	"Assignment2_newest",
			"sysActiveDom":	"standalone_domain",
			"sysDefaultDom":	"standalone_domain",
			"domains":	[{
					"domainName":	"zynq_fsbl",
					"domainDispName":	"zynq_fsbl",
					"domainDesc":	"FSBL Application BSP - Auto Generated.",
					"processors":	"ps7_cortexa9_0",
					"os":	"standalone",
					"sdxOs":	"standalone",
					"debugEnable":	"",
					"domRuntimes":	["cpp"],
					"swRepo":	"",
					"mssOsVer":	"7.7",
					"mssFile":	"",
					"md5Digest":	"9e73a1d664e6392758527307bae5c8a3",
					"compatibleApp":	"zynq_fsbl",
					"domType":	"bootDomain",
					"arch":	"32-bit",
					"appSettings":	{
						"appCompilerFlags":	"",
						"appLinkerFlags":	""
					},
					"addedLibs":	["xilffs:4.7", "xilrsa:1.6"],
					"libOptions":	{
						"xilffs":	{
							"enable_multi_partition":	"true",
							"num_logical_vol":	"10",
							"libOptionNames":	["enable_multi_partition", "num_logical_vol"]
						},
						"libsContainingOptions":	["xilffs"]
					},
					"prebuiltLibs":	{
						"prebuiltIncPath":	[],
						"prebuiltLibPath":	[]
					},
					"isolation":	{
					}
				}, {
					"domainName":	"standalone_domain",
					"domainDispName":	"standalone on ps7_cortexa9_0",
					"domainDesc":	"standalone_domain",
					"processors":	"ps7_cortexa9_0",
					"os":	"standalone",
					"sdxOs":	"standalone",
					"qemuArgs":	"<platformDir>/resources/Assignment2_newest/standalone_domain/qemu_args.txt",
					"qemuData":	"<platformDir>/resources/Assignment2_newest/standalone_domain/qemu",
					"debugEnable":	"False",
					"domRuntimes":	["cpp"],
					"swRepo":	"",
					"mssOsVer":	"7.7",
					"mssFile":	"",
					"md5Digest":	"d40aa47b8fe82e3893c3bcfc8271b445",
					"compatibleApp":	"",
					"domType":	"mssDomain",
					"appSettings":	{
						"appCompilerFlags":	"",
						"appLinkerFlags":	""
					},
					"addedLibs":	["xilffs:4.7"],
					"libOptions":	{
						"xilffs":	{
							"enable_multi_partition":	"true",
							"num_logical_vol":	"10",
							"libOptionNames":	["enable_multi_partition", "num_logical_vol"]
						},
						"libsContainingOptions":	["xilffs"]
					},
					"prebuiltLibs":	{
						"prebuiltIncPath":	[],
						"prebuiltLibPath":	[]
					},
					"isolation":	{
					}
				}]
		}]
}
KEYINFO::2025-03-24.14:23:35::SCWPlatform::updated the xpfm file.
TRACE::2025-03-24.14:23:35::SCWPlatform::Trying to open the hw design at C:/Users/j54mao/ECE423/ECE-423-Labs/workspace/Assignment2_newest/hw/lab_prefab_wrapper_newest_lab2.xsa
TRACE::2025-03-24.14:23:35::SCWPlatform::DSA given C:/Users/j54mao/ECE423/ECE-423-Labs/workspace/Assignment2_newest/hw/lab_prefab_wrapper_newest_lab2.xsa
TRACE::2025-03-24.14:23:35::SCWPlatform::DSA absoulate path C:/Users/j54mao/ECE423/ECE-423-Labs/workspace/Assignment2_newest/hw/lab_prefab_wrapper_newest_lab2.xsa
TRACE::2025-03-24.14:23:35::SCWPlatform::DSA directory C:/Users/j54mao/ECE423/ECE-423-Labs/workspace/Assignment2_newest/hw
TRACE::2025-03-24.14:23:35::SCWPlatform:: Platform Path C:/Users/j54mao/ECE423/ECE-423-Labs/workspace/Assignment2_newest/hw/lab_prefab_wrapper_newest_lab2.xsa
TRACE::2025-03-24.14:23:35::SCWPlatform:: Unique name xilinx:pynq-z1::0.0
TRACE::2025-03-24.14:23:35::SCWPlatform::Trying to set the existing hwdb with name lab_prefab_wrapper_0
TRACE::2025-03-24.14:23:35::SCWPlatform::Opened existing hwdb lab_prefab_wrapper_0
TRACE::2025-03-24.14:23:35::SCWPlatform::Found the Hw Db part of the input DSA
TRACE::2025-03-24.14:23:35::SCWMssOS::Checking the sw design at  C:/Users/j54mao/ECE423/ECE-423-Labs/workspace/Assignment2_newest/ps7_cortexa9_0/standalone_domain/bsp/system.mss
TRACE::2025-03-24.14:23:35::SCWMssOS::DEBUG:  swdes dump  C:/Users/j54mao/ECE423/ECE-423-Labs/workspace/Assignment2_debugging/ps7_cortexa9_0/standalone_domain/bsp/system.mss|system_0||
C:/Users/j54mao/ECE423/ECE-423-Labs/workspace/Assignment2_debugging/zynq_fsbl/zynq_fsbl_bsp/system.mss|system||
C:/Users/j54mao/ECE423/ECE-423-Labs/workspace/Assignment2_newest/ps7_cortexa9_0/standalone_domain/bsp/system.mss|system_2||
C:/Users/j54mao/ECE423/ECE-423-Labs/workspace/Assignment2_newest/zynq_fsbl/zynq_fsbl_bsp/system.mss|system_1||
C:/Users/j54mao/ECE423/ECE-423-Labs/workspace/Assignment_2/ps7_cortexa9_0/standalone_domain/bsp/system.mss|system_8||
C:/Users/j54mao/ECE423/ECE-423-Labs/workspace/Assignment_2/zynq_fsbl/zynq_fsbl_bsp/system.mss|system_7||
C:/Users/j54mao/ECE423/ECE-423-Labs/workspace/assignment2_hunter_test/ps7_cortexa9_0/standalone_domain/bsp/system.mss|system_4||
C:/Users/j54mao/ECE423/ECE-423-Labs/workspace/assignment2_hunter_test/zynq_fsbl/zynq_fsbl_bsp/system.mss|system_3||
C:/Users/j54mao/ECE423/ECE-423-Labs/workspace/lab_prefab_wrapper/ps7_cortexa9_0/standalone_ps7_cortexa9_0/bsp/system.mss|system_6||
C:/Users/j54mao/ECE423/ECE-423-Labs/workspace/lab_prefab_wrapper/zynq_fsbl/zynq_fsbl_bsp/system.mss|system_5||

TRACE::2025-03-24.14:23:35::SCWMssOS::Sw design exists and opened at  C:/Users/j54mao/ECE423/ECE-423-Labs/workspace/Assignment2_newest/ps7_cortexa9_0/standalone_domain/bsp/system.mss
TRACE::2025-03-24.14:41:17::SCWPlatform::Clearing the existing platform
TRACE::2025-03-24.14:41:17::SCWSystem::Clearing the existing sysconfig
TRACE::2025-03-24.14:41:17::SCWBDomain::clearing the fsbl build
TRACE::2025-03-24.14:41:17::SCWMssOS::Removing the swdes entry for  C:/Users/j54mao/ECE423/ECE-423-Labs/workspace/Assignment2_newest/zynq_fsbl/zynq_fsbl_bsp/system.mss
TRACE::2025-03-24.14:41:17::SCWMssOS::Removing the swdes entry for  C:/Users/j54mao/ECE423/ECE-423-Labs/workspace/Assignment2_newest/ps7_cortexa9_0/standalone_domain/bsp/system.mss
TRACE::2025-03-24.14:41:17::SCWSystem::Clearing the domains completed.
TRACE::2025-03-24.14:41:17::SCWPlatform::Clearing the opened hw db.
TRACE::2025-03-24.14:41:17::SCWPlatform::DSA given C:/Users/j54mao/ECE423/ECE-423-Labs/workspace/Assignment2_newest/hw/lab_prefab_wrapper_newest_lab2.xsa
TRACE::2025-03-24.14:41:17::SCWPlatform::DSA absoulate path C:/Users/j54mao/ECE423/ECE-423-Labs/workspace/Assignment2_newest/hw/lab_prefab_wrapper_newest_lab2.xsa
TRACE::2025-03-24.14:41:17::SCWPlatform:: Platform location is C:/Users/j54mao/ECE423/ECE-423-Labs/workspace/Assignment2_newest/hw
TRACE::2025-03-24.14:41:17::SCWPlatform:: Platform Path C:/Users/j54mao/ECE423/ECE-423-Labs/workspace/Assignment2_newest/hw/lab_prefab_wrapper_newest_lab2.xsa
TRACE::2025-03-24.14:41:17::SCWPlatform:: Unique name xilinx:pynq-z1::0.0
TRACE::2025-03-24.14:41:17::SCWPlatform::Removing the HwDB with name C:/Users/j54mao/ECE423/ECE-423-Labs/workspace/Assignment2_newest/hw/lab_prefab_wrapper_newest_lab2.xsa
