TRACE::2025-03-26.16:06:06::SCWPlatform::Trying to open the hw design at C:/Users/j54mao/ECE423/ECE-423-Labs/workspace/Assignment3_platform/hw/lab_prefab_wrapper.xsa
TRACE::2025-03-26.16:06:06::SCWPlatform::DSA given C:/Users/j54mao/ECE423/ECE-423-Labs/workspace/Assignment3_platform/hw/lab_prefab_wrapper.xsa
TRACE::2025-03-26.16:06:06::SCWPlatform::DSA absoulate path C:/Users/j54mao/ECE423/ECE-423-Labs/workspace/Assignment3_platform/hw/lab_prefab_wrapper.xsa
TRACE::2025-03-26.16:06:06::SCWPlatform::DSA directory C:/Users/j54mao/ECE423/ECE-423-Labs/workspace/Assignment3_platform/hw
TRACE::2025-03-26.16:06:06::SCWPlatform:: Platform Path C:/Users/j54mao/ECE423/ECE-423-Labs/workspace/Assignment3_platform/hw/lab_prefab_wrapper.xsa
TRACE::2025-03-26.16:06:06::SCWPlatform:: Unique name xilinx:pynq-z1::0.0
TRACE::2025-03-26.16:06:06::SCWPlatform::Do not have an existing db opened. 
TRACE::2025-03-26.16:06:11::SCWPlatform::Opened new HwDB with name lab_prefab_wrapper_0
TRACE::2025-03-26.16:06:11::SCWWriter::formatted JSON is {
	"platformName":	"Assignment3_platform",
	"sprVersion":	"2.0",
	"mode":	"gui",
	"dsaType":	"Fixed",
	"platformDesc":	"Assignment3_platform",
	"platHandOff":	"C:/Users/j54mao/ECE423/ECE-423-Labs/workspace/assignment2_hunter_test/hw/lab_prefab_wrapper.xsa",
	"platIntHandOff":	"<platformDir>/hw/lab_prefab_wrapper.xsa",
	"deviceType":	"zynq",
	"platIsPrebuiltAutogen":	"false",
	"platIsNoBootBsp":	"false",
	"hasFsblMakeHasChanges":	"false",
	"hasPmufwMakeHasChanges":	"false",
	"platPreBuiltFlag":	false,
	"platformSamplesDir":	""
}
TRACE::2025-03-26.16:06:11::SCWWriter::formatted JSON is {
	"platformName":	"Assignment3_platform",
	"sprVersion":	"2.0",
	"mode":	"gui",
	"dsaType":	"Fixed",
	"platformDesc":	"Assignment3_platform",
	"platHandOff":	"C:/Users/j54mao/ECE423/ECE-423-Labs/workspace/assignment2_hunter_test/hw/lab_prefab_wrapper.xsa",
	"platIntHandOff":	"<platformDir>/hw/lab_prefab_wrapper.xsa",
	"deviceType":	"zynq",
	"platIsPrebuiltAutogen":	"false",
	"platIsNoBootBsp":	"false",
	"hasFsblMakeHasChanges":	"false",
	"hasPmufwMakeHasChanges":	"false",
	"platPreBuiltFlag":	false,
	"platformSamplesDir":	"",
	"platActiveSys":	"Assignment3_platform",
	"systems":	[{
			"systemName":	"Assignment3_platform",
			"systemDesc":	"Assignment3_platform",
			"sysIsBootAutoGen":	"true",
			"systemDispName":	"Assignment3_platform"
		}]
}
TRACE::2025-03-26.16:06:11::SCWPlatform::Boot application domains not present, creating them
TRACE::2025-03-26.16:06:11::SCWDomain::checking for install qemu data   : 
TRACE::2025-03-26.16:06:11::SCWDomain:: Using the QEMU Data from install at  : C:/Software/Xilinx/Vitis/2022.1/data/emulation/platforms/zynq/sw/a9_standalone/qemu/
TRACE::2025-03-26.16:06:11::SCWDomain:: Using the QEMU args  from install at  : C:/Software/Xilinx/Vitis/2022.1/data/emulation/platforms/zynq/sw/a9_standalone/qemu/qemu_args.txt
TRACE::2025-03-26.16:06:11::SCWPlatform::Trying to open the hw design at C:/Users/j54mao/ECE423/ECE-423-Labs/workspace/Assignment3_platform/hw/lab_prefab_wrapper.xsa
TRACE::2025-03-26.16:06:11::SCWPlatform::DSA given C:/Users/j54mao/ECE423/ECE-423-Labs/workspace/Assignment3_platform/hw/lab_prefab_wrapper.xsa
TRACE::2025-03-26.16:06:11::SCWPlatform::DSA absoulate path C:/Users/j54mao/ECE423/ECE-423-Labs/workspace/Assignment3_platform/hw/lab_prefab_wrapper.xsa
TRACE::2025-03-26.16:06:11::SCWPlatform::DSA directory C:/Users/j54mao/ECE423/ECE-423-Labs/workspace/Assignment3_platform/hw
TRACE::2025-03-26.16:06:11::SCWPlatform:: Platform Path C:/Users/j54mao/ECE423/ECE-423-Labs/workspace/Assignment3_platform/hw/lab_prefab_wrapper.xsa
TRACE::2025-03-26.16:06:11::SCWPlatform:: Unique name xilinx:pynq-z1::0.0
TRACE::2025-03-26.16:06:11::SCWPlatform::Trying to set the existing hwdb with name lab_prefab_wrapper_0
TRACE::2025-03-26.16:06:11::SCWPlatform::Opened existing hwdb lab_prefab_wrapper_0
TRACE::2025-03-26.16:06:11::SCWPlatform::Found the Hw Db part of the input DSA
TRACE::2025-03-26.16:06:11::SCWPlatform::Trying to open the hw design at C:/Users/j54mao/ECE423/ECE-423-Labs/workspace/Assignment3_platform/hw/lab_prefab_wrapper.xsa
TRACE::2025-03-26.16:06:11::SCWPlatform::DSA given C:/Users/j54mao/ECE423/ECE-423-Labs/workspace/Assignment3_platform/hw/lab_prefab_wrapper.xsa
TRACE::2025-03-26.16:06:11::SCWPlatform::DSA absoulate path C:/Users/j54mao/ECE423/ECE-423-Labs/workspace/Assignment3_platform/hw/lab_prefab_wrapper.xsa
TRACE::2025-03-26.16:06:11::SCWPlatform::DSA directory C:/Users/j54mao/ECE423/ECE-423-Labs/workspace/Assignment3_platform/hw
TRACE::2025-03-26.16:06:11::SCWPlatform:: Platform Path C:/Users/j54mao/ECE423/ECE-423-Labs/workspace/Assignment3_platform/hw/lab_prefab_wrapper.xsa
TRACE::2025-03-26.16:06:11::SCWPlatform:: Unique name xilinx:pynq-z1::0.0
TRACE::2025-03-26.16:06:11::SCWPlatform::Trying to set the existing hwdb with name lab_prefab_wrapper_0
TRACE::2025-03-26.16:06:11::SCWPlatform::Opened existing hwdb lab_prefab_wrapper_0
TRACE::2025-03-26.16:06:11::SCWPlatform::Found the Hw Db part of the input DSA
TRACE::2025-03-26.16:06:11::SCWPlatform::Trying to open the hw design at C:/Users/j54mao/ECE423/ECE-423-Labs/workspace/Assignment3_platform/hw/lab_prefab_wrapper.xsa
TRACE::2025-03-26.16:06:11::SCWPlatform::DSA given C:/Users/j54mao/ECE423/ECE-423-Labs/workspace/Assignment3_platform/hw/lab_prefab_wrapper.xsa
TRACE::2025-03-26.16:06:11::SCWPlatform::DSA absoulate path C:/Users/j54mao/ECE423/ECE-423-Labs/workspace/Assignment3_platform/hw/lab_prefab_wrapper.xsa
TRACE::2025-03-26.16:06:11::SCWPlatform::DSA directory C:/Users/j54mao/ECE423/ECE-423-Labs/workspace/Assignment3_platform/hw
TRACE::2025-03-26.16:06:11::SCWPlatform:: Platform Path C:/Users/j54mao/ECE423/ECE-423-Labs/workspace/Assignment3_platform/hw/lab_prefab_wrapper.xsa
TRACE::2025-03-26.16:06:11::SCWPlatform:: Unique name xilinx:pynq-z1::0.0
TRACE::2025-03-26.16:06:11::SCWPlatform::Trying to set the existing hwdb with name lab_prefab_wrapper_0
TRACE::2025-03-26.16:06:11::SCWPlatform::Opened existing hwdb lab_prefab_wrapper_0
TRACE::2025-03-26.16:06:11::SCWPlatform::Found the Hw Db part of the input DSA
TRACE::2025-03-26.16:06:11::SCWPlatform::Boot application domain added for zynq_fsbl
TRACE::2025-03-26.16:06:11::SCWPlatform::Generating the sources  .
TRACE::2025-03-26.16:06:11::SCWBDomain::Generating boot domain sources.
TRACE::2025-03-26.16:06:11::SCWBDomain:: Generating the zynq_fsbl Application.
TRACE::2025-03-26.16:06:11::SCWPlatform::Trying to open the hw design at C:/Users/j54mao/ECE423/ECE-423-Labs/workspace/Assignment3_platform/hw/lab_prefab_wrapper.xsa
TRACE::2025-03-26.16:06:11::SCWPlatform::DSA given C:/Users/j54mao/ECE423/ECE-423-Labs/workspace/Assignment3_platform/hw/lab_prefab_wrapper.xsa
TRACE::2025-03-26.16:06:11::SCWPlatform::DSA absoulate path C:/Users/j54mao/ECE423/ECE-423-Labs/workspace/Assignment3_platform/hw/lab_prefab_wrapper.xsa
TRACE::2025-03-26.16:06:11::SCWPlatform::DSA directory C:/Users/j54mao/ECE423/ECE-423-Labs/workspace/Assignment3_platform/hw
TRACE::2025-03-26.16:06:11::SCWPlatform:: Platform Path C:/Users/j54mao/ECE423/ECE-423-Labs/workspace/Assignment3_platform/hw/lab_prefab_wrapper.xsa
TRACE::2025-03-26.16:06:11::SCWPlatform:: Unique name xilinx:pynq-z1::0.0
TRACE::2025-03-26.16:06:11::SCWPlatform::Trying to set the existing hwdb with name lab_prefab_wrapper_0
TRACE::2025-03-26.16:06:11::SCWPlatform::Opened existing hwdb lab_prefab_wrapper_0
TRACE::2025-03-26.16:06:11::SCWPlatform::Found the Hw Db part of the input DSA
TRACE::2025-03-26.16:06:11::SCWMssOS::Checking the sw design at  C:/Users/j54mao/ECE423/ECE-423-Labs/workspace/Assignment3_platform/zynq_fsbl/zynq_fsbl_bsp/system.mss
TRACE::2025-03-26.16:06:11::SCWMssOS::DEBUG:  swdes dump  
TRACE::2025-03-26.16:06:11::SCWMssOS::No sw design opened at  C:/Users/j54mao/ECE423/ECE-423-Labs/workspace/Assignment3_platform/zynq_fsbl/zynq_fsbl_bsp/system.mss
TRACE::2025-03-26.16:06:11::SCWMssOS::mss does not exists at C:/Users/j54mao/ECE423/ECE-423-Labs/workspace/Assignment3_platform/zynq_fsbl/zynq_fsbl_bsp/system.mss
TRACE::2025-03-26.16:06:11::SCWMssOS::Creating sw design at  C:/Users/j54mao/ECE423/ECE-423-Labs/workspace/Assignment3_platform/zynq_fsbl/zynq_fsbl_bsp/system.mss
TRACE::2025-03-26.16:06:11::SCWMssOS::Adding the swdes entry, created swdb C:/Users/j54mao/ECE423/ECE-423-Labs/workspace/Assignment3_platform/zynq_fsbl/zynq_fsbl_bsp/system.mss with des name C:/Users/j54mao/ECE423/ECE-423-Labs/workspace/Assignment3_platform/zynq_fsbl/zynq_fsbl_bsp/system.mss
TRACE::2025-03-26.16:06:11::SCWMssOS::updating the scw layer changes to swdes at   C:/Users/j54mao/ECE423/ECE-423-Labs/workspace/Assignment3_platform/zynq_fsbl/zynq_fsbl_bsp/system.mss
TRACE::2025-03-26.16:06:11::SCWMssOS::Writing mss at C:/Users/j54mao/ECE423/ECE-423-Labs/workspace/Assignment3_platform/zynq_fsbl/zynq_fsbl_bsp/system.mss
TRACE::2025-03-26.16:06:11::SCWMssOS::Completed writing the mss file at C:/Users/j54mao/ECE423/ECE-423-Labs/workspace/Assignment3_platform/zynq_fsbl/zynq_fsbl_bsp
TRACE::2025-03-26.16:06:11::SCWMssOS::Picking up changes from newly written mss file into SCW Layer. 
TRACE::2025-03-26.16:06:11::SCWMssOS::Updated the changes from newly written mss file into SCW Layer. 
TRACE::2025-03-26.16:06:11::SCWBDomain::Completed writing the mss file at C:/Users/j54mao/ECE423/ECE-423-Labs/workspace/Assignment3_platform/zynq_fsbl/zynq_fsbl_bsp
TRACE::2025-03-26.16:06:24::SCWPlatform::Generating sources Done.
TRACE::2025-03-26.16:06:24::SCWPlatform::Trying to open the hw design at C:/Users/j54mao/ECE423/ECE-423-Labs/workspace/Assignment3_platform/hw/lab_prefab_wrapper.xsa
TRACE::2025-03-26.16:06:24::SCWPlatform::DSA given C:/Users/j54mao/ECE423/ECE-423-Labs/workspace/Assignment3_platform/hw/lab_prefab_wrapper.xsa
TRACE::2025-03-26.16:06:24::SCWPlatform::DSA absoulate path C:/Users/j54mao/ECE423/ECE-423-Labs/workspace/Assignment3_platform/hw/lab_prefab_wrapper.xsa
TRACE::2025-03-26.16:06:24::SCWPlatform::DSA directory C:/Users/j54mao/ECE423/ECE-423-Labs/workspace/Assignment3_platform/hw
TRACE::2025-03-26.16:06:24::SCWPlatform:: Platform Path C:/Users/j54mao/ECE423/ECE-423-Labs/workspace/Assignment3_platform/hw/lab_prefab_wrapper.xsa
TRACE::2025-03-26.16:06:24::SCWPlatform:: Unique name xilinx:pynq-z1::0.0
TRACE::2025-03-26.16:06:24::SCWPlatform::Trying to set the existing hwdb with name lab_prefab_wrapper_0
TRACE::2025-03-26.16:06:24::SCWPlatform::Opened existing hwdb lab_prefab_wrapper_0
TRACE::2025-03-26.16:06:24::SCWPlatform::Found the Hw Db part of the input DSA
TRACE::2025-03-26.16:06:24::SCWMssOS::Checking the sw design at  C:/Users/j54mao/ECE423/ECE-423-Labs/workspace/Assignment3_platform/zynq_fsbl/zynq_fsbl_bsp/system.mss
TRACE::2025-03-26.16:06:24::SCWMssOS::DEBUG:  swdes dump  
TRACE::2025-03-26.16:06:24::SCWMssOS::No sw design opened at  C:/Users/j54mao/ECE423/ECE-423-Labs/workspace/Assignment3_platform/zynq_fsbl/zynq_fsbl_bsp/system.mss
TRACE::2025-03-26.16:06:24::SCWMssOS::mss exists loading the mss file  C:/Users/j54mao/ECE423/ECE-423-Labs/workspace/Assignment3_platform/zynq_fsbl/zynq_fsbl_bsp/system.mss
TRACE::2025-03-26.16:06:24::SCWMssOS::Opened the sw design from mss  C:/Users/j54mao/ECE423/ECE-423-Labs/workspace/Assignment3_platform/zynq_fsbl/zynq_fsbl_bsp/system.mss
TRACE::2025-03-26.16:06:24::SCWMssOS::Adding the swdes entry C:/Users/j54mao/ECE423/ECE-423-Labs/workspace/Assignment3_platform/zynq_fsbl/zynq_fsbl_bsp/system.mss with des name system
TRACE::2025-03-26.16:06:24::SCWMssOS::updating the scw layer about changes
TRACE::2025-03-26.16:06:24::SCWMssOS::Opened the sw design.  C:/Users/j54mao/ECE423/ECE-423-Labs/workspace/Assignment3_platform/zynq_fsbl/zynq_fsbl_bsp/system.mss
TRACE::2025-03-26.16:06:24::SCWMssOS::Saving the mss changes C:/Users/j54mao/ECE423/ECE-423-Labs/workspace/Assignment3_platform/zynq_fsbl/zynq_fsbl_bsp/system.mss
TRACE::2025-03-26.16:06:24::SCWMssOS::Found a swdesign opened with the mssfile.
TRACE::2025-03-26.16:06:24::SCWMssOS::Completed writemss as part of save.
TRACE::2025-03-26.16:06:24::SCWMssOS::Commit changes completed.
TRACE::2025-03-26.16:06:24::SCWPlatform::Trying to open the hw design at C:/Users/j54mao/ECE423/ECE-423-Labs/workspace/Assignment3_platform/hw/lab_prefab_wrapper.xsa
TRACE::2025-03-26.16:06:24::SCWPlatform::DSA given C:/Users/j54mao/ECE423/ECE-423-Labs/workspace/Assignment3_platform/hw/lab_prefab_wrapper.xsa
TRACE::2025-03-26.16:06:24::SCWPlatform::DSA absoulate path C:/Users/j54mao/ECE423/ECE-423-Labs/workspace/Assignment3_platform/hw/lab_prefab_wrapper.xsa
TRACE::2025-03-26.16:06:24::SCWPlatform::DSA directory C:/Users/j54mao/ECE423/ECE-423-Labs/workspace/Assignment3_platform/hw
TRACE::2025-03-26.16:06:24::SCWPlatform:: Platform Path C:/Users/j54mao/ECE423/ECE-423-Labs/workspace/Assignment3_platform/hw/lab_prefab_wrapper.xsa
TRACE::2025-03-26.16:06:24::SCWPlatform:: Unique name xilinx:pynq-z1::0.0
TRACE::2025-03-26.16:06:24::SCWPlatform::Trying to set the existing hwdb with name lab_prefab_wrapper_0
TRACE::2025-03-26.16:06:24::SCWPlatform::Opened existing hwdb lab_prefab_wrapper_0
TRACE::2025-03-26.16:06:24::SCWPlatform::Found the Hw Db part of the input DSA
TRACE::2025-03-26.16:06:24::SCWMssOS::Checking the sw design at  C:/Users/j54mao/ECE423/ECE-423-Labs/workspace/Assignment3_platform/zynq_fsbl/zynq_fsbl_bsp/system.mss
TRACE::2025-03-26.16:06:24::SCWMssOS::DEBUG:  swdes dump  C:/Users/j54mao/ECE423/ECE-423-Labs/workspace/Assignment3_platform/zynq_fsbl/zynq_fsbl_bsp/system.mss|system||

TRACE::2025-03-26.16:06:24::SCWMssOS::Sw design exists and opened at  C:/Users/j54mao/ECE423/ECE-423-Labs/workspace/Assignment3_platform/zynq_fsbl/zynq_fsbl_bsp/system.mss
TRACE::2025-03-26.16:06:24::SCWPlatform::Trying to open the hw design at C:/Users/j54mao/ECE423/ECE-423-Labs/workspace/Assignment3_platform/hw/lab_prefab_wrapper.xsa
TRACE::2025-03-26.16:06:24::SCWPlatform::DSA given C:/Users/j54mao/ECE423/ECE-423-Labs/workspace/Assignment3_platform/hw/lab_prefab_wrapper.xsa
TRACE::2025-03-26.16:06:24::SCWPlatform::DSA absoulate path C:/Users/j54mao/ECE423/ECE-423-Labs/workspace/Assignment3_platform/hw/lab_prefab_wrapper.xsa
TRACE::2025-03-26.16:06:24::SCWPlatform::DSA directory C:/Users/j54mao/ECE423/ECE-423-Labs/workspace/Assignment3_platform/hw
TRACE::2025-03-26.16:06:24::SCWPlatform:: Platform Path C:/Users/j54mao/ECE423/ECE-423-Labs/workspace/Assignment3_platform/hw/lab_prefab_wrapper.xsa
TRACE::2025-03-26.16:06:24::SCWPlatform:: Unique name xilinx:pynq-z1::0.0
TRACE::2025-03-26.16:06:24::SCWPlatform::Trying to set the existing hwdb with name lab_prefab_wrapper_0
TRACE::2025-03-26.16:06:24::SCWPlatform::Opened existing hwdb lab_prefab_wrapper_0
TRACE::2025-03-26.16:06:24::SCWPlatform::Found the Hw Db part of the input DSA
TRACE::2025-03-26.16:06:24::SCWMssOS::Checking the sw design at  C:/Users/j54mao/ECE423/ECE-423-Labs/workspace/Assignment3_platform/zynq_fsbl/zynq_fsbl_bsp/system.mss
TRACE::2025-03-26.16:06:24::SCWMssOS::DEBUG:  swdes dump  C:/Users/j54mao/ECE423/ECE-423-Labs/workspace/Assignment3_platform/zynq_fsbl/zynq_fsbl_bsp/system.mss|system||

TRACE::2025-03-26.16:06:24::SCWMssOS::Sw design exists and opened at  C:/Users/j54mao/ECE423/ECE-423-Labs/workspace/Assignment3_platform/zynq_fsbl/zynq_fsbl_bsp/system.mss
TRACE::2025-03-26.16:06:24::SCWPlatform::Trying to open the hw design at C:/Users/j54mao/ECE423/ECE-423-Labs/workspace/Assignment3_platform/hw/lab_prefab_wrapper.xsa
TRACE::2025-03-26.16:06:24::SCWPlatform::DSA given C:/Users/j54mao/ECE423/ECE-423-Labs/workspace/Assignment3_platform/hw/lab_prefab_wrapper.xsa
TRACE::2025-03-26.16:06:24::SCWPlatform::DSA absoulate path C:/Users/j54mao/ECE423/ECE-423-Labs/workspace/Assignment3_platform/hw/lab_prefab_wrapper.xsa
TRACE::2025-03-26.16:06:24::SCWPlatform::DSA directory C:/Users/j54mao/ECE423/ECE-423-Labs/workspace/Assignment3_platform/hw
TRACE::2025-03-26.16:06:24::SCWPlatform:: Platform Path C:/Users/j54mao/ECE423/ECE-423-Labs/workspace/Assignment3_platform/hw/lab_prefab_wrapper.xsa
TRACE::2025-03-26.16:06:24::SCWPlatform:: Unique name xilinx:pynq-z1::0.0
TRACE::2025-03-26.16:06:24::SCWPlatform::Trying to set the existing hwdb with name lab_prefab_wrapper_0
TRACE::2025-03-26.16:06:24::SCWPlatform::Opened existing hwdb lab_prefab_wrapper_0
TRACE::2025-03-26.16:06:24::SCWPlatform::Found the Hw Db part of the input DSA
TRACE::2025-03-26.16:06:24::SCWMssOS::Checking the sw design at  C:/Users/j54mao/ECE423/ECE-423-Labs/workspace/Assignment3_platform/zynq_fsbl/zynq_fsbl_bsp/system.mss
TRACE::2025-03-26.16:06:24::SCWMssOS::DEBUG:  swdes dump  C:/Users/j54mao/ECE423/ECE-423-Labs/workspace/Assignment3_platform/zynq_fsbl/zynq_fsbl_bsp/system.mss|system||

TRACE::2025-03-26.16:06:24::SCWMssOS::Sw design exists and opened at  C:/Users/j54mao/ECE423/ECE-423-Labs/workspace/Assignment3_platform/zynq_fsbl/zynq_fsbl_bsp/system.mss
TRACE::2025-03-26.16:06:24::SCWWriter::formatted JSON is {
	"platformName":	"Assignment3_platform",
	"sprVersion":	"2.0",
	"mode":	"gui",
	"dsaType":	"Fixed",
	"platformDesc":	"Assignment3_platform",
	"platHandOff":	"C:/Users/j54mao/ECE423/ECE-423-Labs/workspace/assignment2_hunter_test/hw/lab_prefab_wrapper.xsa",
	"platIntHandOff":	"<platformDir>/hw/lab_prefab_wrapper.xsa",
	"deviceType":	"zynq",
	"platIsPrebuiltAutogen":	"false",
	"platIsNoBootBsp":	"false",
	"platFsblTarget":	"ps7_cortexa9_0",
	"hasFsblMakeHasChanges":	"false",
	"hasPmufwMakeHasChanges":	"false",
	"fsblExtraCompilerFlags":	"-MMD -MP       -mcpu=cortex-a9 -mfpu=vfpv3 -mfloat-abi=hard ",
	"platPreBuiltFlag":	false,
	"platformSamplesDir":	"",
	"platActiveSys":	"Assignment3_platform",
	"systems":	[{
			"systemName":	"Assignment3_platform",
			"systemDesc":	"Assignment3_platform",
			"sysIsBootAutoGen":	"true",
			"systemDispName":	"Assignment3_platform",
			"sysActiveDom":	"zynq_fsbl",
			"sysDefaultDom":	"",
			"domains":	[{
					"domainName":	"zynq_fsbl",
					"domainDispName":	"zynq_fsbl",
					"domainDesc":	"FSBL Application BSP - Auto Generated.",
					"processors":	"ps7_cortexa9_0",
					"os":	"standalone",
					"sdxOs":	"standalone",
					"debugEnable":	"",
					"domRuntimes":	["cpp"],
					"swRepo":	"",
					"mssOsVer":	"7.7",
					"mssFile":	"",
					"md5Digest":	"4bdfa872853735a660eaeae9ac55f0bb",
					"compatibleApp":	"zynq_fsbl",
					"domType":	"bootDomain",
					"arch":	"32-bit",
					"appSettings":	{
						"appCompilerFlags":	"",
						"appLinkerFlags":	""
					},
					"addedLibs":	["xilffs:4.7", "xilrsa:1.6"],
					"libOptions":	{
						"libsContainingOptions":	[]
					},
					"prebuiltLibs":	{
						"prebuiltIncPath":	[],
						"prebuiltLibPath":	[]
					},
					"isolation":	{
					}
				}]
		}]
}
TRACE::2025-03-26.16:06:24::SCWPlatform::Trying to open the hw design at C:/Users/j54mao/ECE423/ECE-423-Labs/workspace/Assignment3_platform/hw/lab_prefab_wrapper.xsa
TRACE::2025-03-26.16:06:24::SCWPlatform::DSA given C:/Users/j54mao/ECE423/ECE-423-Labs/workspace/Assignment3_platform/hw/lab_prefab_wrapper.xsa
TRACE::2025-03-26.16:06:24::SCWPlatform::DSA absoulate path C:/Users/j54mao/ECE423/ECE-423-Labs/workspace/Assignment3_platform/hw/lab_prefab_wrapper.xsa
TRACE::2025-03-26.16:06:24::SCWPlatform::DSA directory C:/Users/j54mao/ECE423/ECE-423-Labs/workspace/Assignment3_platform/hw
TRACE::2025-03-26.16:06:24::SCWPlatform:: Platform Path C:/Users/j54mao/ECE423/ECE-423-Labs/workspace/Assignment3_platform/hw/lab_prefab_wrapper.xsa
TRACE::2025-03-26.16:06:24::SCWPlatform:: Unique name xilinx:pynq-z1::0.0
TRACE::2025-03-26.16:06:24::SCWPlatform::Trying to set the existing hwdb with name lab_prefab_wrapper_0
TRACE::2025-03-26.16:06:24::SCWPlatform::Opened existing hwdb lab_prefab_wrapper_0
TRACE::2025-03-26.16:06:24::SCWPlatform::Found the Hw Db part of the input DSA
TRACE::2025-03-26.16:06:24::SCWPlatform::Trying to open the hw design at C:/Users/j54mao/ECE423/ECE-423-Labs/workspace/Assignment3_platform/hw/lab_prefab_wrapper.xsa
TRACE::2025-03-26.16:06:24::SCWPlatform::DSA given C:/Users/j54mao/ECE423/ECE-423-Labs/workspace/Assignment3_platform/hw/lab_prefab_wrapper.xsa
TRACE::2025-03-26.16:06:24::SCWPlatform::DSA absoulate path C:/Users/j54mao/ECE423/ECE-423-Labs/workspace/Assignment3_platform/hw/lab_prefab_wrapper.xsa
TRACE::2025-03-26.16:06:24::SCWPlatform::DSA directory C:/Users/j54mao/ECE423/ECE-423-Labs/workspace/Assignment3_platform/hw
TRACE::2025-03-26.16:06:24::SCWPlatform:: Platform Path C:/Users/j54mao/ECE423/ECE-423-Labs/workspace/Assignment3_platform/hw/lab_prefab_wrapper.xsa
TRACE::2025-03-26.16:06:24::SCWPlatform:: Unique name xilinx:pynq-z1::0.0
TRACE::2025-03-26.16:06:24::SCWPlatform::Trying to set the existing hwdb with name lab_prefab_wrapper_0
TRACE::2025-03-26.16:06:24::SCWPlatform::Opened existing hwdb lab_prefab_wrapper_0
TRACE::2025-03-26.16:06:24::SCWPlatform::Found the Hw Db part of the input DSA
TRACE::2025-03-26.16:06:24::SCWDomain::checking for install qemu data   : 
TRACE::2025-03-26.16:06:24::SCWDomain:: Using the QEMU Data from install at  : C:/Software/Xilinx/Vitis/2022.1/data/emulation/platforms/zynq/sw/a9_standalone/qemu/
TRACE::2025-03-26.16:06:24::SCWDomain:: Using the QEMU args  from install at  : C:/Software/Xilinx/Vitis/2022.1/data/emulation/platforms/zynq/sw/a9_standalone/qemu/qemu_args.txt
TRACE::2025-03-26.16:06:24::SCWPlatform::Trying to open the hw design at C:/Users/j54mao/ECE423/ECE-423-Labs/workspace/Assignment3_platform/hw/lab_prefab_wrapper.xsa
TRACE::2025-03-26.16:06:24::SCWPlatform::DSA given C:/Users/j54mao/ECE423/ECE-423-Labs/workspace/Assignment3_platform/hw/lab_prefab_wrapper.xsa
TRACE::2025-03-26.16:06:24::SCWPlatform::DSA absoulate path C:/Users/j54mao/ECE423/ECE-423-Labs/workspace/Assignment3_platform/hw/lab_prefab_wrapper.xsa
TRACE::2025-03-26.16:06:24::SCWPlatform::DSA directory C:/Users/j54mao/ECE423/ECE-423-Labs/workspace/Assignment3_platform/hw
TRACE::2025-03-26.16:06:24::SCWPlatform:: Platform Path C:/Users/j54mao/ECE423/ECE-423-Labs/workspace/Assignment3_platform/hw/lab_prefab_wrapper.xsa
TRACE::2025-03-26.16:06:24::SCWPlatform:: Unique name xilinx:pynq-z1::0.0
TRACE::2025-03-26.16:06:24::SCWPlatform::Trying to set the existing hwdb with name lab_prefab_wrapper_0
TRACE::2025-03-26.16:06:24::SCWPlatform::Opened existing hwdb lab_prefab_wrapper_0
TRACE::2025-03-26.16:06:24::SCWPlatform::Found the Hw Db part of the input DSA
TRACE::2025-03-26.16:06:24::SCWPlatform::Trying to open the hw design at C:/Users/j54mao/ECE423/ECE-423-Labs/workspace/Assignment3_platform/hw/lab_prefab_wrapper.xsa
TRACE::2025-03-26.16:06:24::SCWPlatform::DSA given C:/Users/j54mao/ECE423/ECE-423-Labs/workspace/Assignment3_platform/hw/lab_prefab_wrapper.xsa
TRACE::2025-03-26.16:06:24::SCWPlatform::DSA absoulate path C:/Users/j54mao/ECE423/ECE-423-Labs/workspace/Assignment3_platform/hw/lab_prefab_wrapper.xsa
TRACE::2025-03-26.16:06:24::SCWPlatform::DSA directory C:/Users/j54mao/ECE423/ECE-423-Labs/workspace/Assignment3_platform/hw
TRACE::2025-03-26.16:06:24::SCWPlatform:: Platform Path C:/Users/j54mao/ECE423/ECE-423-Labs/workspace/Assignment3_platform/hw/lab_prefab_wrapper.xsa
TRACE::2025-03-26.16:06:24::SCWPlatform:: Unique name xilinx:pynq-z1::0.0
TRACE::2025-03-26.16:06:24::SCWPlatform::Trying to set the existing hwdb with name lab_prefab_wrapper_0
TRACE::2025-03-26.16:06:24::SCWPlatform::Opened existing hwdb lab_prefab_wrapper_0
TRACE::2025-03-26.16:06:24::SCWPlatform::Found the Hw Db part of the input DSA
TRACE::2025-03-26.16:06:24::SCWDomain::Qemu Directory name is changed from "" to "qemu"
TRACE::2025-03-26.16:06:24::SCWPlatform::Trying to open the hw design at C:/Users/j54mao/ECE423/ECE-423-Labs/workspace/Assignment3_platform/hw/lab_prefab_wrapper.xsa
TRACE::2025-03-26.16:06:24::SCWPlatform::DSA given C:/Users/j54mao/ECE423/ECE-423-Labs/workspace/Assignment3_platform/hw/lab_prefab_wrapper.xsa
TRACE::2025-03-26.16:06:24::SCWPlatform::DSA absoulate path C:/Users/j54mao/ECE423/ECE-423-Labs/workspace/Assignment3_platform/hw/lab_prefab_wrapper.xsa
TRACE::2025-03-26.16:06:24::SCWPlatform::DSA directory C:/Users/j54mao/ECE423/ECE-423-Labs/workspace/Assignment3_platform/hw
TRACE::2025-03-26.16:06:24::SCWPlatform:: Platform Path C:/Users/j54mao/ECE423/ECE-423-Labs/workspace/Assignment3_platform/hw/lab_prefab_wrapper.xsa
TRACE::2025-03-26.16:06:24::SCWPlatform:: Unique name xilinx:pynq-z1::0.0
TRACE::2025-03-26.16:06:24::SCWPlatform::Trying to set the existing hwdb with name lab_prefab_wrapper_0
TRACE::2025-03-26.16:06:24::SCWPlatform::Opened existing hwdb lab_prefab_wrapper_0
TRACE::2025-03-26.16:06:24::SCWPlatform::Found the Hw Db part of the input DSA
TRACE::2025-03-26.16:06:24::SCWMssOS::Checking the sw design at  C:/Users/j54mao/ECE423/ECE-423-Labs/workspace/Assignment3_platform/ps7_cortexa9_0/standalone_domain/bsp/system.mss
TRACE::2025-03-26.16:06:24::SCWMssOS::DEBUG:  swdes dump  C:/Users/j54mao/ECE423/ECE-423-Labs/workspace/Assignment3_platform/zynq_fsbl/zynq_fsbl_bsp/system.mss|system||

TRACE::2025-03-26.16:06:24::SCWMssOS::No sw design opened at  C:/Users/j54mao/ECE423/ECE-423-Labs/workspace/Assignment3_platform/ps7_cortexa9_0/standalone_domain/bsp/system.mss
TRACE::2025-03-26.16:06:24::SCWMssOS::mss does not exists at C:/Users/j54mao/ECE423/ECE-423-Labs/workspace/Assignment3_platform/ps7_cortexa9_0/standalone_domain/bsp/system.mss
TRACE::2025-03-26.16:06:24::SCWMssOS::Creating sw design at  C:/Users/j54mao/ECE423/ECE-423-Labs/workspace/Assignment3_platform/ps7_cortexa9_0/standalone_domain/bsp/system.mss
TRACE::2025-03-26.16:06:24::SCWMssOS::Adding the swdes entry, created swdb C:/Users/j54mao/ECE423/ECE-423-Labs/workspace/Assignment3_platform/ps7_cortexa9_0/standalone_domain/bsp/system.mss with des name C:/Users/j54mao/ECE423/ECE-423-Labs/workspace/Assignment3_platform/ps7_cortexa9_0/standalone_domain/bsp/system.mss
TRACE::2025-03-26.16:06:24::SCWMssOS::updating the scw layer changes to swdes at   C:/Users/j54mao/ECE423/ECE-423-Labs/workspace/Assignment3_platform/ps7_cortexa9_0/standalone_domain/bsp/system.mss
TRACE::2025-03-26.16:06:24::SCWMssOS::Writing mss at C:/Users/j54mao/ECE423/ECE-423-Labs/workspace/Assignment3_platform/ps7_cortexa9_0/standalone_domain/bsp/system.mss
TRACE::2025-03-26.16:06:24::SCWMssOS::Completed writing the mss file at C:/Users/j54mao/ECE423/ECE-423-Labs/workspace/Assignment3_platform/ps7_cortexa9_0/standalone_domain/bsp
TRACE::2025-03-26.16:06:24::SCWMssOS::Picking up changes from newly written mss file into SCW Layer. 
TRACE::2025-03-26.16:06:24::SCWMssOS::Updated the changes from newly written mss file into SCW Layer. 
TRACE::2025-03-26.16:06:24::SCWMssOS::Completed writing the mss file at C:/Users/j54mao/ECE423/ECE-423-Labs/workspace/Assignment3_platform/ps7_cortexa9_0/standalone_domain/bsp
TRACE::2025-03-26.16:06:24::SCWMssOS::Forcing BSP Sources regeneration.
TRACE::2025-03-26.16:06:26::SCWMssOS::Saving the mss changes C:/Users/j54mao/ECE423/ECE-423-Labs/workspace/Assignment3_platform/zynq_fsbl/zynq_fsbl_bsp/system.mss
TRACE::2025-03-26.16:06:26::SCWMssOS::Found a swdesign opened with the mssfile.
TRACE::2025-03-26.16:06:26::SCWMssOS::Completed writemss as part of save.
TRACE::2025-03-26.16:06:26::SCWMssOS::Commit changes completed.
TRACE::2025-03-26.16:06:26::SCWMssOS::Saving the mss changes C:/Users/j54mao/ECE423/ECE-423-Labs/workspace/Assignment3_platform/ps7_cortexa9_0/standalone_domain/bsp/system.mss
TRACE::2025-03-26.16:06:26::SCWMssOS::Adding the swdes entry, mss present, able to open swdb C:/Users/j54mao/ECE423/ECE-423-Labs/workspace/Assignment3_platform/ps7_cortexa9_0/standalone_domain/bsp/system.mss with des name system_0
TRACE::2025-03-26.16:06:26::SCWMssOS::Writing the mss file completed C:/Users/j54mao/ECE423/ECE-423-Labs/workspace/Assignment3_platform/ps7_cortexa9_0/standalone_domain/bsp/system.mss
TRACE::2025-03-26.16:06:26::SCWMssOS::Commit changes completed.
TRACE::2025-03-26.16:06:26::SCWPlatform::Trying to open the hw design at C:/Users/j54mao/ECE423/ECE-423-Labs/workspace/Assignment3_platform/hw/lab_prefab_wrapper.xsa
TRACE::2025-03-26.16:06:26::SCWPlatform::DSA given C:/Users/j54mao/ECE423/ECE-423-Labs/workspace/Assignment3_platform/hw/lab_prefab_wrapper.xsa
TRACE::2025-03-26.16:06:26::SCWPlatform::DSA absoulate path C:/Users/j54mao/ECE423/ECE-423-Labs/workspace/Assignment3_platform/hw/lab_prefab_wrapper.xsa
TRACE::2025-03-26.16:06:26::SCWPlatform::DSA directory C:/Users/j54mao/ECE423/ECE-423-Labs/workspace/Assignment3_platform/hw
TRACE::2025-03-26.16:06:26::SCWPlatform:: Platform Path C:/Users/j54mao/ECE423/ECE-423-Labs/workspace/Assignment3_platform/hw/lab_prefab_wrapper.xsa
TRACE::2025-03-26.16:06:26::SCWPlatform:: Unique name xilinx:pynq-z1::0.0
TRACE::2025-03-26.16:06:26::SCWPlatform::Trying to set the existing hwdb with name lab_prefab_wrapper_0
TRACE::2025-03-26.16:06:26::SCWPlatform::Opened existing hwdb lab_prefab_wrapper_0
TRACE::2025-03-26.16:06:26::SCWPlatform::Found the Hw Db part of the input DSA
TRACE::2025-03-26.16:06:26::SCWMssOS::Checking the sw design at  C:/Users/j54mao/ECE423/ECE-423-Labs/workspace/Assignment3_platform/zynq_fsbl/zynq_fsbl_bsp/system.mss
TRACE::2025-03-26.16:06:26::SCWMssOS::DEBUG:  swdes dump  C:/Users/j54mao/ECE423/ECE-423-Labs/workspace/Assignment3_platform/ps7_cortexa9_0/standalone_domain/bsp/system.mss|system_0||
C:/Users/j54mao/ECE423/ECE-423-Labs/workspace/Assignment3_platform/zynq_fsbl/zynq_fsbl_bsp/system.mss|system||

TRACE::2025-03-26.16:06:26::SCWMssOS::Sw design exists and opened at  C:/Users/j54mao/ECE423/ECE-423-Labs/workspace/Assignment3_platform/zynq_fsbl/zynq_fsbl_bsp/system.mss
TRACE::2025-03-26.16:06:26::SCWPlatform::Trying to open the hw design at C:/Users/j54mao/ECE423/ECE-423-Labs/workspace/Assignment3_platform/hw/lab_prefab_wrapper.xsa
TRACE::2025-03-26.16:06:26::SCWPlatform::DSA given C:/Users/j54mao/ECE423/ECE-423-Labs/workspace/Assignment3_platform/hw/lab_prefab_wrapper.xsa
TRACE::2025-03-26.16:06:26::SCWPlatform::DSA absoulate path C:/Users/j54mao/ECE423/ECE-423-Labs/workspace/Assignment3_platform/hw/lab_prefab_wrapper.xsa
TRACE::2025-03-26.16:06:26::SCWPlatform::DSA directory C:/Users/j54mao/ECE423/ECE-423-Labs/workspace/Assignment3_platform/hw
TRACE::2025-03-26.16:06:26::SCWPlatform:: Platform Path C:/Users/j54mao/ECE423/ECE-423-Labs/workspace/Assignment3_platform/hw/lab_prefab_wrapper.xsa
TRACE::2025-03-26.16:06:26::SCWPlatform:: Unique name xilinx:pynq-z1::0.0
TRACE::2025-03-26.16:06:26::SCWPlatform::Trying to set the existing hwdb with name lab_prefab_wrapper_0
TRACE::2025-03-26.16:06:26::SCWPlatform::Opened existing hwdb lab_prefab_wrapper_0
TRACE::2025-03-26.16:06:26::SCWPlatform::Found the Hw Db part of the input DSA
TRACE::2025-03-26.16:06:26::SCWMssOS::Checking the sw design at  C:/Users/j54mao/ECE423/ECE-423-Labs/workspace/Assignment3_platform/zynq_fsbl/zynq_fsbl_bsp/system.mss
TRACE::2025-03-26.16:06:26::SCWMssOS::DEBUG:  swdes dump  C:/Users/j54mao/ECE423/ECE-423-Labs/workspace/Assignment3_platform/ps7_cortexa9_0/standalone_domain/bsp/system.mss|system_0||
C:/Users/j54mao/ECE423/ECE-423-Labs/workspace/Assignment3_platform/zynq_fsbl/zynq_fsbl_bsp/system.mss|system||

TRACE::2025-03-26.16:06:26::SCWMssOS::Sw design exists and opened at  C:/Users/j54mao/ECE423/ECE-423-Labs/workspace/Assignment3_platform/zynq_fsbl/zynq_fsbl_bsp/system.mss
TRACE::2025-03-26.16:06:26::SCWPlatform::Trying to open the hw design at C:/Users/j54mao/ECE423/ECE-423-Labs/workspace/Assignment3_platform/hw/lab_prefab_wrapper.xsa
TRACE::2025-03-26.16:06:26::SCWPlatform::DSA given C:/Users/j54mao/ECE423/ECE-423-Labs/workspace/Assignment3_platform/hw/lab_prefab_wrapper.xsa
TRACE::2025-03-26.16:06:26::SCWPlatform::DSA absoulate path C:/Users/j54mao/ECE423/ECE-423-Labs/workspace/Assignment3_platform/hw/lab_prefab_wrapper.xsa
TRACE::2025-03-26.16:06:26::SCWPlatform::DSA directory C:/Users/j54mao/ECE423/ECE-423-Labs/workspace/Assignment3_platform/hw
TRACE::2025-03-26.16:06:26::SCWPlatform:: Platform Path C:/Users/j54mao/ECE423/ECE-423-Labs/workspace/Assignment3_platform/hw/lab_prefab_wrapper.xsa
TRACE::2025-03-26.16:06:26::SCWPlatform:: Unique name xilinx:pynq-z1::0.0
TRACE::2025-03-26.16:06:26::SCWPlatform::Trying to set the existing hwdb with name lab_prefab_wrapper_0
TRACE::2025-03-26.16:06:26::SCWPlatform::Opened existing hwdb lab_prefab_wrapper_0
TRACE::2025-03-26.16:06:26::SCWPlatform::Found the Hw Db part of the input DSA
TRACE::2025-03-26.16:06:26::SCWMssOS::Checking the sw design at  C:/Users/j54mao/ECE423/ECE-423-Labs/workspace/Assignment3_platform/zynq_fsbl/zynq_fsbl_bsp/system.mss
TRACE::2025-03-26.16:06:26::SCWMssOS::DEBUG:  swdes dump  C:/Users/j54mao/ECE423/ECE-423-Labs/workspace/Assignment3_platform/ps7_cortexa9_0/standalone_domain/bsp/system.mss|system_0||
C:/Users/j54mao/ECE423/ECE-423-Labs/workspace/Assignment3_platform/zynq_fsbl/zynq_fsbl_bsp/system.mss|system||

TRACE::2025-03-26.16:06:26::SCWMssOS::Sw design exists and opened at  C:/Users/j54mao/ECE423/ECE-423-Labs/workspace/Assignment3_platform/zynq_fsbl/zynq_fsbl_bsp/system.mss
TRACE::2025-03-26.16:06:26::SCWPlatform::Trying to open the hw design at C:/Users/j54mao/ECE423/ECE-423-Labs/workspace/Assignment3_platform/hw/lab_prefab_wrapper.xsa
TRACE::2025-03-26.16:06:26::SCWPlatform::DSA given C:/Users/j54mao/ECE423/ECE-423-Labs/workspace/Assignment3_platform/hw/lab_prefab_wrapper.xsa
TRACE::2025-03-26.16:06:26::SCWPlatform::DSA absoulate path C:/Users/j54mao/ECE423/ECE-423-Labs/workspace/Assignment3_platform/hw/lab_prefab_wrapper.xsa
TRACE::2025-03-26.16:06:26::SCWPlatform::DSA directory C:/Users/j54mao/ECE423/ECE-423-Labs/workspace/Assignment3_platform/hw
TRACE::2025-03-26.16:06:26::SCWPlatform:: Platform Path C:/Users/j54mao/ECE423/ECE-423-Labs/workspace/Assignment3_platform/hw/lab_prefab_wrapper.xsa
TRACE::2025-03-26.16:06:26::SCWPlatform:: Unique name xilinx:pynq-z1::0.0
TRACE::2025-03-26.16:06:26::SCWPlatform::Trying to set the existing hwdb with name lab_prefab_wrapper_0
TRACE::2025-03-26.16:06:26::SCWPlatform::Opened existing hwdb lab_prefab_wrapper_0
TRACE::2025-03-26.16:06:26::SCWPlatform::Found the Hw Db part of the input DSA
TRACE::2025-03-26.16:06:26::SCWMssOS::Checking the sw design at  C:/Users/j54mao/ECE423/ECE-423-Labs/workspace/Assignment3_platform/ps7_cortexa9_0/standalone_domain/bsp/system.mss
TRACE::2025-03-26.16:06:26::SCWMssOS::DEBUG:  swdes dump  C:/Users/j54mao/ECE423/ECE-423-Labs/workspace/Assignment3_platform/ps7_cortexa9_0/standalone_domain/bsp/system.mss|system_0||
C:/Users/j54mao/ECE423/ECE-423-Labs/workspace/Assignment3_platform/zynq_fsbl/zynq_fsbl_bsp/system.mss|system||

TRACE::2025-03-26.16:06:26::SCWMssOS::Sw design exists and opened at  C:/Users/j54mao/ECE423/ECE-423-Labs/workspace/Assignment3_platform/ps7_cortexa9_0/standalone_domain/bsp/system.mss
TRACE::2025-03-26.16:06:26::SCWPlatform::Trying to open the hw design at C:/Users/j54mao/ECE423/ECE-423-Labs/workspace/Assignment3_platform/hw/lab_prefab_wrapper.xsa
TRACE::2025-03-26.16:06:26::SCWPlatform::DSA given C:/Users/j54mao/ECE423/ECE-423-Labs/workspace/Assignment3_platform/hw/lab_prefab_wrapper.xsa
TRACE::2025-03-26.16:06:26::SCWPlatform::DSA absoulate path C:/Users/j54mao/ECE423/ECE-423-Labs/workspace/Assignment3_platform/hw/lab_prefab_wrapper.xsa
TRACE::2025-03-26.16:06:26::SCWPlatform::DSA directory C:/Users/j54mao/ECE423/ECE-423-Labs/workspace/Assignment3_platform/hw
TRACE::2025-03-26.16:06:26::SCWPlatform:: Platform Path C:/Users/j54mao/ECE423/ECE-423-Labs/workspace/Assignment3_platform/hw/lab_prefab_wrapper.xsa
TRACE::2025-03-26.16:06:26::SCWPlatform:: Unique name xilinx:pynq-z1::0.0
TRACE::2025-03-26.16:06:26::SCWPlatform::Trying to set the existing hwdb with name lab_prefab_wrapper_0
TRACE::2025-03-26.16:06:26::SCWPlatform::Opened existing hwdb lab_prefab_wrapper_0
TRACE::2025-03-26.16:06:26::SCWPlatform::Found the Hw Db part of the input DSA
TRACE::2025-03-26.16:06:26::SCWMssOS::Checking the sw design at  C:/Users/j54mao/ECE423/ECE-423-Labs/workspace/Assignment3_platform/ps7_cortexa9_0/standalone_domain/bsp/system.mss
TRACE::2025-03-26.16:06:26::SCWMssOS::DEBUG:  swdes dump  C:/Users/j54mao/ECE423/ECE-423-Labs/workspace/Assignment3_platform/ps7_cortexa9_0/standalone_domain/bsp/system.mss|system_0||
C:/Users/j54mao/ECE423/ECE-423-Labs/workspace/Assignment3_platform/zynq_fsbl/zynq_fsbl_bsp/system.mss|system||

TRACE::2025-03-26.16:06:26::SCWMssOS::Sw design exists and opened at  C:/Users/j54mao/ECE423/ECE-423-Labs/workspace/Assignment3_platform/ps7_cortexa9_0/standalone_domain/bsp/system.mss
TRACE::2025-03-26.16:06:26::SCWPlatform::Trying to open the hw design at C:/Users/j54mao/ECE423/ECE-423-Labs/workspace/Assignment3_platform/hw/lab_prefab_wrapper.xsa
TRACE::2025-03-26.16:06:26::SCWPlatform::DSA given C:/Users/j54mao/ECE423/ECE-423-Labs/workspace/Assignment3_platform/hw/lab_prefab_wrapper.xsa
TRACE::2025-03-26.16:06:26::SCWPlatform::DSA absoulate path C:/Users/j54mao/ECE423/ECE-423-Labs/workspace/Assignment3_platform/hw/lab_prefab_wrapper.xsa
TRACE::2025-03-26.16:06:26::SCWPlatform::DSA directory C:/Users/j54mao/ECE423/ECE-423-Labs/workspace/Assignment3_platform/hw
TRACE::2025-03-26.16:06:26::SCWPlatform:: Platform Path C:/Users/j54mao/ECE423/ECE-423-Labs/workspace/Assignment3_platform/hw/lab_prefab_wrapper.xsa
TRACE::2025-03-26.16:06:26::SCWPlatform:: Unique name xilinx:pynq-z1::0.0
TRACE::2025-03-26.16:06:26::SCWPlatform::Trying to set the existing hwdb with name lab_prefab_wrapper_0
TRACE::2025-03-26.16:06:26::SCWPlatform::Opened existing hwdb lab_prefab_wrapper_0
TRACE::2025-03-26.16:06:26::SCWPlatform::Found the Hw Db part of the input DSA
TRACE::2025-03-26.16:06:26::SCWMssOS::Checking the sw design at  C:/Users/j54mao/ECE423/ECE-423-Labs/workspace/Assignment3_platform/ps7_cortexa9_0/standalone_domain/bsp/system.mss
TRACE::2025-03-26.16:06:26::SCWMssOS::DEBUG:  swdes dump  C:/Users/j54mao/ECE423/ECE-423-Labs/workspace/Assignment3_platform/ps7_cortexa9_0/standalone_domain/bsp/system.mss|system_0||
C:/Users/j54mao/ECE423/ECE-423-Labs/workspace/Assignment3_platform/zynq_fsbl/zynq_fsbl_bsp/system.mss|system||

TRACE::2025-03-26.16:06:26::SCWMssOS::Sw design exists and opened at  C:/Users/j54mao/ECE423/ECE-423-Labs/workspace/Assignment3_platform/ps7_cortexa9_0/standalone_domain/bsp/system.mss
TRACE::2025-03-26.16:06:26::SCWWriter::formatted JSON is {
	"platformName":	"Assignment3_platform",
	"sprVersion":	"2.0",
	"mode":	"gui",
	"dsaType":	"Fixed",
	"platformDesc":	"Assignment3_platform",
	"platHandOff":	"C:/Users/j54mao/ECE423/ECE-423-Labs/workspace/assignment2_hunter_test/hw/lab_prefab_wrapper.xsa",
	"platIntHandOff":	"<platformDir>/hw/lab_prefab_wrapper.xsa",
	"deviceType":	"zynq",
	"platIsPrebuiltAutogen":	"false",
	"platIsNoBootBsp":	"false",
	"platFsblTarget":	"ps7_cortexa9_0",
	"hasFsblMakeHasChanges":	"false",
	"hasPmufwMakeHasChanges":	"false",
	"fsblExtraCompilerFlags":	"-MMD -MP       -mcpu=cortex-a9 -mfpu=vfpv3 -mfloat-abi=hard ",
	"platPreBuiltFlag":	false,
	"platformSamplesDir":	"",
	"platActiveSys":	"Assignment3_platform",
	"systems":	[{
			"systemName":	"Assignment3_platform",
			"systemDesc":	"Assignment3_platform",
			"sysIsBootAutoGen":	"true",
			"systemDispName":	"Assignment3_platform",
			"sysActiveDom":	"standalone_domain",
			"sysDefaultDom":	"standalone_domain",
			"domains":	[{
					"domainName":	"zynq_fsbl",
					"domainDispName":	"zynq_fsbl",
					"domainDesc":	"FSBL Application BSP - Auto Generated.",
					"processors":	"ps7_cortexa9_0",
					"os":	"standalone",
					"sdxOs":	"standalone",
					"debugEnable":	"",
					"domRuntimes":	["cpp"],
					"swRepo":	"",
					"mssOsVer":	"7.7",
					"mssFile":	"",
					"md5Digest":	"4bdfa872853735a660eaeae9ac55f0bb",
					"compatibleApp":	"zynq_fsbl",
					"domType":	"bootDomain",
					"arch":	"32-bit",
					"appSettings":	{
						"appCompilerFlags":	"",
						"appLinkerFlags":	""
					},
					"addedLibs":	["xilffs:4.7", "xilrsa:1.6"],
					"libOptions":	{
						"libsContainingOptions":	[]
					},
					"prebuiltLibs":	{
						"prebuiltIncPath":	[],
						"prebuiltLibPath":	[]
					},
					"isolation":	{
					}
				}, {
					"domainName":	"standalone_domain",
					"domainDispName":	"standalone_domain",
					"domainDesc":	"standalone_domain",
					"processors":	"ps7_cortexa9_0",
					"os":	"standalone",
					"sdxOs":	"standalone",
					"qemuArgs":	"<platformDir>/resources/Assignment3_platform/standalone_domain/qemu_args.txt",
					"qemuData":	"<platformDir>/resources/Assignment3_platform/standalone_domain/qemu",
					"debugEnable":	"False",
					"domRuntimes":	["cpp"],
					"swRepo":	"",
					"mssOsVer":	"7.7",
					"mssFile":	"",
					"md5Digest":	"90759cd7d17204249617ea3f07fde571",
					"compatibleApp":	"",
					"domType":	"mssDomain",
					"appSettings":	{
						"appCompilerFlags":	"",
						"appLinkerFlags":	""
					},
					"addedLibs":	[],
					"libOptions":	{
						"libsContainingOptions":	[]
					},
					"prebuiltLibs":	{
						"prebuiltIncPath":	[],
						"prebuiltLibPath":	[]
					},
					"isolation":	{
					}
				}]
		}]
}
LOG::2025-03-26.16:06:26::SCWPlatform::Started generating the artifacts platform Assignment3_platform
TRACE::2025-03-26.16:06:26::SCWPlatform::Sanity checking of platform is completed
LOG::2025-03-26.16:06:26::SCWPlatform::Started generating the artifacts for system configuration Assignment3_platform
LOG::2025-03-26.16:06:26::SCWSystem::Checking the domain zynq_fsbl
LOG::2025-03-26.16:06:26::SCWSystem::Doing application build for :  zynq_fsbl
TRACE::2025-03-26.16:06:26::SCWBDomain::Not a forced makefile updation, No changes are present. 
TRACE::2025-03-26.16:06:26::SCWDomain::Skipping the build for domain :  zynq_fsbl
LOG::2025-03-26.16:06:26::SCWSystem::Checking the domain standalone_domain
LOG::2025-03-26.16:06:26::SCWSystem::Not a boot domain 
LOG::2025-03-26.16:06:26::SCWSystem::Started Processing the domain standalone_domain
TRACE::2025-03-26.16:06:26::SCWDomain::Generating domain artifcats
TRACE::2025-03-26.16:06:26::SCWMssOS::Generating standalone artifcats
TRACE::2025-03-26.16:06:26::SCWMssOS::Copying the qemu file from  C:/Users/j54mao/ECE423/ECE-423-Labs/workspace/Assignment3_platform/resources/Assignment3_platform/standalone_domain/qemu_args.txt To C:/Users/j54mao/ECE423/ECE-423-Labs/workspace/Assignment3_platform/export/Assignment3_platform/sw/Assignment3_platform/qemu/
TRACE::2025-03-26.16:06:26::SCWMssOS::Copying the qemu file from  C:/Users/j54mao/ECE423/ECE-423-Labs/workspace/Assignment3_platform/resources/Assignment3_platform/standalone_domain/qemu_args.txt To C:/Users/j54mao/ECE423/ECE-423-Labs/workspace/Assignment3_platform/export/Assignment3_platform/sw/Assignment3_platform/standalone_domain/qemu/
TRACE::2025-03-26.16:06:26::SCWMssOS:: Copying the user libraries. 
TRACE::2025-03-26.16:06:26::SCWPlatform::Trying to open the hw design at C:/Users/j54mao/ECE423/ECE-423-Labs/workspace/Assignment3_platform/hw/lab_prefab_wrapper.xsa
TRACE::2025-03-26.16:06:26::SCWPlatform::DSA given C:/Users/j54mao/ECE423/ECE-423-Labs/workspace/Assignment3_platform/hw/lab_prefab_wrapper.xsa
TRACE::2025-03-26.16:06:26::SCWPlatform::DSA absoulate path C:/Users/j54mao/ECE423/ECE-423-Labs/workspace/Assignment3_platform/hw/lab_prefab_wrapper.xsa
TRACE::2025-03-26.16:06:26::SCWPlatform::DSA directory C:/Users/j54mao/ECE423/ECE-423-Labs/workspace/Assignment3_platform/hw
TRACE::2025-03-26.16:06:26::SCWPlatform:: Platform Path C:/Users/j54mao/ECE423/ECE-423-Labs/workspace/Assignment3_platform/hw/lab_prefab_wrapper.xsa
TRACE::2025-03-26.16:06:26::SCWPlatform:: Unique name xilinx:pynq-z1::0.0
TRACE::2025-03-26.16:06:26::SCWPlatform::Trying to set the existing hwdb with name lab_prefab_wrapper_0
TRACE::2025-03-26.16:06:26::SCWPlatform::Opened existing hwdb lab_prefab_wrapper_0
TRACE::2025-03-26.16:06:26::SCWPlatform::Found the Hw Db part of the input DSA
TRACE::2025-03-26.16:06:26::SCWMssOS::Checking the sw design at  C:/Users/j54mao/ECE423/ECE-423-Labs/workspace/Assignment3_platform/ps7_cortexa9_0/standalone_domain/bsp/system.mss
TRACE::2025-03-26.16:06:26::SCWMssOS::DEBUG:  swdes dump  C:/Users/j54mao/ECE423/ECE-423-Labs/workspace/Assignment3_platform/ps7_cortexa9_0/standalone_domain/bsp/system.mss|system_0||
C:/Users/j54mao/ECE423/ECE-423-Labs/workspace/Assignment3_platform/zynq_fsbl/zynq_fsbl_bsp/system.mss|system||

TRACE::2025-03-26.16:06:26::SCWMssOS::Sw design exists and opened at  C:/Users/j54mao/ECE423/ECE-423-Labs/workspace/Assignment3_platform/ps7_cortexa9_0/standalone_domain/bsp/system.mss
TRACE::2025-03-26.16:06:26::SCWMssOS::Completed writing the mss file at C:/Users/j54mao/ECE423/ECE-423-Labs/workspace/Assignment3_platform/ps7_cortexa9_0/standalone_domain/bsp
TRACE::2025-03-26.16:06:26::SCWMssOS::Mss edits present, copying mssfile into export location C:/Users/j54mao/ECE423/ECE-423-Labs/workspace/Assignment3_platform/ps7_cortexa9_0/standalone_domain/bsp/system.mss
TRACE::2025-03-26.16:06:26::SCWMssOS::bsp generated is upto date with the mss file. Skipping bsp generation.
TRACE::2025-03-26.16:06:26::SCWMssOS::BSP is already built. skipping the bsp build ... 
TRACE::2025-03-26.16:06:26::SCWDomain::Skipping the build for domain :  standalone_domain
TRACE::2025-03-26.16:06:26::SCWMssOS::skipping the bsp build ... 
TRACE::2025-03-26.16:06:26::SCWMssOS::Copying to export directory.
TRACE::2025-03-26.16:06:26::SCWMssOS:: Checking if to create the Supporting Applications
TRACE::2025-03-26.16:06:26::SCWMssOS:: No Linux domain exists, trying to generate FSBL 
TRACE::2025-03-26.16:06:26::SCWMssOS:: Completed Standalone Artifacts creation 
LOG::2025-03-26.16:06:26::SCWSystem::Completed Processing the domain standalone_domain
LOG::2025-03-26.16:06:26::SCWSystem::Completed Processing the sysconfig Assignment3_platform
LOG::2025-03-26.16:06:26::SCWPlatform::Completed generating the artifacts for system configuration Assignment3_platform
TRACE::2025-03-26.16:06:26::SCWPlatform::Started preparing the platform 
TRACE::2025-03-26.16:06:26::SCWSystem::Writing the bif file for system config Assignment3_platform
TRACE::2025-03-26.16:06:26::SCWSystem::dir created 
TRACE::2025-03-26.16:06:26::SCWSystem::Writing the bif 
TRACE::2025-03-26.16:06:26::SCWPlatform::Started writing the spfm file 
TRACE::2025-03-26.16:06:26::SCWPlatform::Started writing the xpfm file 
TRACE::2025-03-26.16:06:26::SCWPlatform::Completed generating the platform
TRACE::2025-03-26.16:06:26::SCWMssOS::Saving the mss changes C:/Users/j54mao/ECE423/ECE-423-Labs/workspace/Assignment3_platform/zynq_fsbl/zynq_fsbl_bsp/system.mss
TRACE::2025-03-26.16:06:26::SCWMssOS::Found a swdesign opened with the mssfile.
TRACE::2025-03-26.16:06:26::SCWMssOS::Completed writemss as part of save.
TRACE::2025-03-26.16:06:26::SCWMssOS::Commit changes completed.
TRACE::2025-03-26.16:06:26::SCWMssOS::Saving the mss changes C:/Users/j54mao/ECE423/ECE-423-Labs/workspace/Assignment3_platform/ps7_cortexa9_0/standalone_domain/bsp/system.mss
TRACE::2025-03-26.16:06:26::SCWMssOS::Found a swdesign opened with the mssfile.
TRACE::2025-03-26.16:06:26::SCWMssOS::Completed writemss as part of save.
TRACE::2025-03-26.16:06:26::SCWMssOS::Commit changes completed.
TRACE::2025-03-26.16:06:26::SCWPlatform::Trying to open the hw design at C:/Users/j54mao/ECE423/ECE-423-Labs/workspace/Assignment3_platform/hw/lab_prefab_wrapper.xsa
TRACE::2025-03-26.16:06:26::SCWPlatform::DSA given C:/Users/j54mao/ECE423/ECE-423-Labs/workspace/Assignment3_platform/hw/lab_prefab_wrapper.xsa
TRACE::2025-03-26.16:06:26::SCWPlatform::DSA absoulate path C:/Users/j54mao/ECE423/ECE-423-Labs/workspace/Assignment3_platform/hw/lab_prefab_wrapper.xsa
TRACE::2025-03-26.16:06:26::SCWPlatform::DSA directory C:/Users/j54mao/ECE423/ECE-423-Labs/workspace/Assignment3_platform/hw
TRACE::2025-03-26.16:06:26::SCWPlatform:: Platform Path C:/Users/j54mao/ECE423/ECE-423-Labs/workspace/Assignment3_platform/hw/lab_prefab_wrapper.xsa
TRACE::2025-03-26.16:06:26::SCWPlatform:: Unique name xilinx:pynq-z1::0.0
TRACE::2025-03-26.16:06:26::SCWPlatform::Trying to set the existing hwdb with name lab_prefab_wrapper_0
TRACE::2025-03-26.16:06:26::SCWPlatform::Opened existing hwdb lab_prefab_wrapper_0
TRACE::2025-03-26.16:06:26::SCWPlatform::Found the Hw Db part of the input DSA
TRACE::2025-03-26.16:06:26::SCWMssOS::Checking the sw design at  C:/Users/j54mao/ECE423/ECE-423-Labs/workspace/Assignment3_platform/zynq_fsbl/zynq_fsbl_bsp/system.mss
TRACE::2025-03-26.16:06:26::SCWMssOS::DEBUG:  swdes dump  C:/Users/j54mao/ECE423/ECE-423-Labs/workspace/Assignment3_platform/ps7_cortexa9_0/standalone_domain/bsp/system.mss|system_0||
C:/Users/j54mao/ECE423/ECE-423-Labs/workspace/Assignment3_platform/zynq_fsbl/zynq_fsbl_bsp/system.mss|system||

TRACE::2025-03-26.16:06:26::SCWMssOS::Sw design exists and opened at  C:/Users/j54mao/ECE423/ECE-423-Labs/workspace/Assignment3_platform/zynq_fsbl/zynq_fsbl_bsp/system.mss
TRACE::2025-03-26.16:06:26::SCWPlatform::Trying to open the hw design at C:/Users/j54mao/ECE423/ECE-423-Labs/workspace/Assignment3_platform/hw/lab_prefab_wrapper.xsa
TRACE::2025-03-26.16:06:26::SCWPlatform::DSA given C:/Users/j54mao/ECE423/ECE-423-Labs/workspace/Assignment3_platform/hw/lab_prefab_wrapper.xsa
TRACE::2025-03-26.16:06:26::SCWPlatform::DSA absoulate path C:/Users/j54mao/ECE423/ECE-423-Labs/workspace/Assignment3_platform/hw/lab_prefab_wrapper.xsa
TRACE::2025-03-26.16:06:26::SCWPlatform::DSA directory C:/Users/j54mao/ECE423/ECE-423-Labs/workspace/Assignment3_platform/hw
TRACE::2025-03-26.16:06:26::SCWPlatform:: Platform Path C:/Users/j54mao/ECE423/ECE-423-Labs/workspace/Assignment3_platform/hw/lab_prefab_wrapper.xsa
TRACE::2025-03-26.16:06:26::SCWPlatform:: Unique name xilinx:pynq-z1::0.0
TRACE::2025-03-26.16:06:26::SCWPlatform::Trying to set the existing hwdb with name lab_prefab_wrapper_0
TRACE::2025-03-26.16:06:26::SCWPlatform::Opened existing hwdb lab_prefab_wrapper_0
TRACE::2025-03-26.16:06:26::SCWPlatform::Found the Hw Db part of the input DSA
TRACE::2025-03-26.16:06:26::SCWMssOS::Checking the sw design at  C:/Users/j54mao/ECE423/ECE-423-Labs/workspace/Assignment3_platform/zynq_fsbl/zynq_fsbl_bsp/system.mss
TRACE::2025-03-26.16:06:26::SCWMssOS::DEBUG:  swdes dump  C:/Users/j54mao/ECE423/ECE-423-Labs/workspace/Assignment3_platform/ps7_cortexa9_0/standalone_domain/bsp/system.mss|system_0||
C:/Users/j54mao/ECE423/ECE-423-Labs/workspace/Assignment3_platform/zynq_fsbl/zynq_fsbl_bsp/system.mss|system||

TRACE::2025-03-26.16:06:26::SCWMssOS::Sw design exists and opened at  C:/Users/j54mao/ECE423/ECE-423-Labs/workspace/Assignment3_platform/zynq_fsbl/zynq_fsbl_bsp/system.mss
TRACE::2025-03-26.16:06:26::SCWPlatform::Trying to open the hw design at C:/Users/j54mao/ECE423/ECE-423-Labs/workspace/Assignment3_platform/hw/lab_prefab_wrapper.xsa
TRACE::2025-03-26.16:06:26::SCWPlatform::DSA given C:/Users/j54mao/ECE423/ECE-423-Labs/workspace/Assignment3_platform/hw/lab_prefab_wrapper.xsa
TRACE::2025-03-26.16:06:26::SCWPlatform::DSA absoulate path C:/Users/j54mao/ECE423/ECE-423-Labs/workspace/Assignment3_platform/hw/lab_prefab_wrapper.xsa
TRACE::2025-03-26.16:06:26::SCWPlatform::DSA directory C:/Users/j54mao/ECE423/ECE-423-Labs/workspace/Assignment3_platform/hw
TRACE::2025-03-26.16:06:26::SCWPlatform:: Platform Path C:/Users/j54mao/ECE423/ECE-423-Labs/workspace/Assignment3_platform/hw/lab_prefab_wrapper.xsa
TRACE::2025-03-26.16:06:26::SCWPlatform:: Unique name xilinx:pynq-z1::0.0
TRACE::2025-03-26.16:06:26::SCWPlatform::Trying to set the existing hwdb with name lab_prefab_wrapper_0
TRACE::2025-03-26.16:06:26::SCWPlatform::Opened existing hwdb lab_prefab_wrapper_0
TRACE::2025-03-26.16:06:26::SCWPlatform::Found the Hw Db part of the input DSA
TRACE::2025-03-26.16:06:26::SCWMssOS::Checking the sw design at  C:/Users/j54mao/ECE423/ECE-423-Labs/workspace/Assignment3_platform/zynq_fsbl/zynq_fsbl_bsp/system.mss
TRACE::2025-03-26.16:06:26::SCWMssOS::DEBUG:  swdes dump  C:/Users/j54mao/ECE423/ECE-423-Labs/workspace/Assignment3_platform/ps7_cortexa9_0/standalone_domain/bsp/system.mss|system_0||
C:/Users/j54mao/ECE423/ECE-423-Labs/workspace/Assignment3_platform/zynq_fsbl/zynq_fsbl_bsp/system.mss|system||

TRACE::2025-03-26.16:06:26::SCWMssOS::Sw design exists and opened at  C:/Users/j54mao/ECE423/ECE-423-Labs/workspace/Assignment3_platform/zynq_fsbl/zynq_fsbl_bsp/system.mss
TRACE::2025-03-26.16:06:26::SCWPlatform::Trying to open the hw design at C:/Users/j54mao/ECE423/ECE-423-Labs/workspace/Assignment3_platform/hw/lab_prefab_wrapper.xsa
TRACE::2025-03-26.16:06:26::SCWPlatform::DSA given C:/Users/j54mao/ECE423/ECE-423-Labs/workspace/Assignment3_platform/hw/lab_prefab_wrapper.xsa
TRACE::2025-03-26.16:06:26::SCWPlatform::DSA absoulate path C:/Users/j54mao/ECE423/ECE-423-Labs/workspace/Assignment3_platform/hw/lab_prefab_wrapper.xsa
TRACE::2025-03-26.16:06:26::SCWPlatform::DSA directory C:/Users/j54mao/ECE423/ECE-423-Labs/workspace/Assignment3_platform/hw
TRACE::2025-03-26.16:06:26::SCWPlatform:: Platform Path C:/Users/j54mao/ECE423/ECE-423-Labs/workspace/Assignment3_platform/hw/lab_prefab_wrapper.xsa
TRACE::2025-03-26.16:06:26::SCWPlatform:: Unique name xilinx:pynq-z1::0.0
TRACE::2025-03-26.16:06:26::SCWPlatform::Trying to set the existing hwdb with name lab_prefab_wrapper_0
TRACE::2025-03-26.16:06:26::SCWPlatform::Opened existing hwdb lab_prefab_wrapper_0
TRACE::2025-03-26.16:06:26::SCWPlatform::Found the Hw Db part of the input DSA
TRACE::2025-03-26.16:06:26::SCWMssOS::Checking the sw design at  C:/Users/j54mao/ECE423/ECE-423-Labs/workspace/Assignment3_platform/ps7_cortexa9_0/standalone_domain/bsp/system.mss
TRACE::2025-03-26.16:06:26::SCWMssOS::DEBUG:  swdes dump  C:/Users/j54mao/ECE423/ECE-423-Labs/workspace/Assignment3_platform/ps7_cortexa9_0/standalone_domain/bsp/system.mss|system_0||
C:/Users/j54mao/ECE423/ECE-423-Labs/workspace/Assignment3_platform/zynq_fsbl/zynq_fsbl_bsp/system.mss|system||

TRACE::2025-03-26.16:06:26::SCWMssOS::Sw design exists and opened at  C:/Users/j54mao/ECE423/ECE-423-Labs/workspace/Assignment3_platform/ps7_cortexa9_0/standalone_domain/bsp/system.mss
TRACE::2025-03-26.16:06:26::SCWPlatform::Trying to open the hw design at C:/Users/j54mao/ECE423/ECE-423-Labs/workspace/Assignment3_platform/hw/lab_prefab_wrapper.xsa
TRACE::2025-03-26.16:06:26::SCWPlatform::DSA given C:/Users/j54mao/ECE423/ECE-423-Labs/workspace/Assignment3_platform/hw/lab_prefab_wrapper.xsa
TRACE::2025-03-26.16:06:26::SCWPlatform::DSA absoulate path C:/Users/j54mao/ECE423/ECE-423-Labs/workspace/Assignment3_platform/hw/lab_prefab_wrapper.xsa
TRACE::2025-03-26.16:06:26::SCWPlatform::DSA directory C:/Users/j54mao/ECE423/ECE-423-Labs/workspace/Assignment3_platform/hw
TRACE::2025-03-26.16:06:26::SCWPlatform:: Platform Path C:/Users/j54mao/ECE423/ECE-423-Labs/workspace/Assignment3_platform/hw/lab_prefab_wrapper.xsa
TRACE::2025-03-26.16:06:26::SCWPlatform:: Unique name xilinx:pynq-z1::0.0
TRACE::2025-03-26.16:06:26::SCWPlatform::Trying to set the existing hwdb with name lab_prefab_wrapper_0
TRACE::2025-03-26.16:06:26::SCWPlatform::Opened existing hwdb lab_prefab_wrapper_0
TRACE::2025-03-26.16:06:26::SCWPlatform::Found the Hw Db part of the input DSA
TRACE::2025-03-26.16:06:26::SCWMssOS::Checking the sw design at  C:/Users/j54mao/ECE423/ECE-423-Labs/workspace/Assignment3_platform/ps7_cortexa9_0/standalone_domain/bsp/system.mss
TRACE::2025-03-26.16:06:26::SCWMssOS::DEBUG:  swdes dump  C:/Users/j54mao/ECE423/ECE-423-Labs/workspace/Assignment3_platform/ps7_cortexa9_0/standalone_domain/bsp/system.mss|system_0||
C:/Users/j54mao/ECE423/ECE-423-Labs/workspace/Assignment3_platform/zynq_fsbl/zynq_fsbl_bsp/system.mss|system||

TRACE::2025-03-26.16:06:26::SCWMssOS::Sw design exists and opened at  C:/Users/j54mao/ECE423/ECE-423-Labs/workspace/Assignment3_platform/ps7_cortexa9_0/standalone_domain/bsp/system.mss
TRACE::2025-03-26.16:06:26::SCWPlatform::Trying to open the hw design at C:/Users/j54mao/ECE423/ECE-423-Labs/workspace/Assignment3_platform/hw/lab_prefab_wrapper.xsa
TRACE::2025-03-26.16:06:26::SCWPlatform::DSA given C:/Users/j54mao/ECE423/ECE-423-Labs/workspace/Assignment3_platform/hw/lab_prefab_wrapper.xsa
TRACE::2025-03-26.16:06:26::SCWPlatform::DSA absoulate path C:/Users/j54mao/ECE423/ECE-423-Labs/workspace/Assignment3_platform/hw/lab_prefab_wrapper.xsa
TRACE::2025-03-26.16:06:26::SCWPlatform::DSA directory C:/Users/j54mao/ECE423/ECE-423-Labs/workspace/Assignment3_platform/hw
TRACE::2025-03-26.16:06:26::SCWPlatform:: Platform Path C:/Users/j54mao/ECE423/ECE-423-Labs/workspace/Assignment3_platform/hw/lab_prefab_wrapper.xsa
TRACE::2025-03-26.16:06:26::SCWPlatform:: Unique name xilinx:pynq-z1::0.0
TRACE::2025-03-26.16:06:26::SCWPlatform::Trying to set the existing hwdb with name lab_prefab_wrapper_0
TRACE::2025-03-26.16:06:26::SCWPlatform::Opened existing hwdb lab_prefab_wrapper_0
TRACE::2025-03-26.16:06:26::SCWPlatform::Found the Hw Db part of the input DSA
TRACE::2025-03-26.16:06:26::SCWMssOS::Checking the sw design at  C:/Users/j54mao/ECE423/ECE-423-Labs/workspace/Assignment3_platform/ps7_cortexa9_0/standalone_domain/bsp/system.mss
TRACE::2025-03-26.16:06:26::SCWMssOS::DEBUG:  swdes dump  C:/Users/j54mao/ECE423/ECE-423-Labs/workspace/Assignment3_platform/ps7_cortexa9_0/standalone_domain/bsp/system.mss|system_0||
C:/Users/j54mao/ECE423/ECE-423-Labs/workspace/Assignment3_platform/zynq_fsbl/zynq_fsbl_bsp/system.mss|system||

TRACE::2025-03-26.16:06:26::SCWMssOS::Sw design exists and opened at  C:/Users/j54mao/ECE423/ECE-423-Labs/workspace/Assignment3_platform/ps7_cortexa9_0/standalone_domain/bsp/system.mss
TRACE::2025-03-26.16:06:26::SCWWriter::formatted JSON is {
	"platformName":	"Assignment3_platform",
	"sprVersion":	"2.0",
	"mode":	"gui",
	"dsaType":	"Fixed",
	"platformDesc":	"Assignment3_platform",
	"platHandOff":	"C:/Users/j54mao/ECE423/ECE-423-Labs/workspace/assignment2_hunter_test/hw/lab_prefab_wrapper.xsa",
	"platIntHandOff":	"<platformDir>/hw/lab_prefab_wrapper.xsa",
	"deviceType":	"zynq",
	"platIsPrebuiltAutogen":	"false",
	"platIsNoBootBsp":	"false",
	"platFsblTarget":	"ps7_cortexa9_0",
	"hasFsblMakeHasChanges":	"false",
	"hasPmufwMakeHasChanges":	"false",
	"fsblExtraCompilerFlags":	"-MMD -MP       -mcpu=cortex-a9 -mfpu=vfpv3 -mfloat-abi=hard ",
	"platPreBuiltFlag":	false,
	"platformSamplesDir":	"",
	"platActiveSys":	"Assignment3_platform",
	"systems":	[{
			"systemName":	"Assignment3_platform",
			"systemDesc":	"Assignment3_platform",
			"sysIsBootAutoGen":	"true",
			"systemDispName":	"Assignment3_platform",
			"sysActiveDom":	"standalone_domain",
			"sysDefaultDom":	"standalone_domain",
			"domains":	[{
					"domainName":	"zynq_fsbl",
					"domainDispName":	"zynq_fsbl",
					"domainDesc":	"FSBL Application BSP - Auto Generated.",
					"processors":	"ps7_cortexa9_0",
					"os":	"standalone",
					"sdxOs":	"standalone",
					"debugEnable":	"",
					"domRuntimes":	["cpp"],
					"swRepo":	"",
					"mssOsVer":	"7.7",
					"mssFile":	"",
					"md5Digest":	"4bdfa872853735a660eaeae9ac55f0bb",
					"compatibleApp":	"zynq_fsbl",
					"domType":	"bootDomain",
					"arch":	"32-bit",
					"appSettings":	{
						"appCompilerFlags":	"",
						"appLinkerFlags":	""
					},
					"addedLibs":	["xilffs:4.7", "xilrsa:1.6"],
					"libOptions":	{
						"libsContainingOptions":	[]
					},
					"prebuiltLibs":	{
						"prebuiltIncPath":	[],
						"prebuiltLibPath":	[]
					},
					"isolation":	{
					}
				}, {
					"domainName":	"standalone_domain",
					"domainDispName":	"standalone_domain",
					"domainDesc":	"standalone_domain",
					"processors":	"ps7_cortexa9_0",
					"os":	"standalone",
					"sdxOs":	"standalone",
					"qemuArgs":	"<platformDir>/resources/Assignment3_platform/standalone_domain/qemu_args.txt",
					"qemuData":	"<platformDir>/resources/Assignment3_platform/standalone_domain/qemu",
					"debugEnable":	"False",
					"domRuntimes":	["cpp"],
					"swRepo":	"",
					"mssOsVer":	"7.7",
					"mssFile":	"",
					"md5Digest":	"90759cd7d17204249617ea3f07fde571",
					"compatibleApp":	"",
					"domType":	"mssDomain",
					"appSettings":	{
						"appCompilerFlags":	"",
						"appLinkerFlags":	""
					},
					"addedLibs":	[],
					"libOptions":	{
						"libsContainingOptions":	[]
					},
					"prebuiltLibs":	{
						"prebuiltIncPath":	[],
						"prebuiltLibPath":	[]
					},
					"isolation":	{
					}
				}]
		}]
}
KEYINFO::2025-03-26.16:06:26::SCWPlatform::updated the xpfm file.
TRACE::2025-03-26.16:06:26::SCWPlatform::Trying to open the hw design at C:/Users/j54mao/ECE423/ECE-423-Labs/workspace/Assignment3_platform/hw/lab_prefab_wrapper.xsa
TRACE::2025-03-26.16:06:26::SCWPlatform::DSA given C:/Users/j54mao/ECE423/ECE-423-Labs/workspace/Assignment3_platform/hw/lab_prefab_wrapper.xsa
TRACE::2025-03-26.16:06:26::SCWPlatform::DSA absoulate path C:/Users/j54mao/ECE423/ECE-423-Labs/workspace/Assignment3_platform/hw/lab_prefab_wrapper.xsa
TRACE::2025-03-26.16:06:26::SCWPlatform::DSA directory C:/Users/j54mao/ECE423/ECE-423-Labs/workspace/Assignment3_platform/hw
TRACE::2025-03-26.16:06:26::SCWPlatform:: Platform Path C:/Users/j54mao/ECE423/ECE-423-Labs/workspace/Assignment3_platform/hw/lab_prefab_wrapper.xsa
TRACE::2025-03-26.16:06:26::SCWPlatform:: Unique name xilinx:pynq-z1::0.0
TRACE::2025-03-26.16:06:26::SCWPlatform::Trying to set the existing hwdb with name lab_prefab_wrapper_0
TRACE::2025-03-26.16:06:26::SCWPlatform::Opened existing hwdb lab_prefab_wrapper_0
TRACE::2025-03-26.16:06:26::SCWPlatform::Found the Hw Db part of the input DSA
TRACE::2025-03-26.16:06:26::SCWMssOS::Checking the sw design at  C:/Users/j54mao/ECE423/ECE-423-Labs/workspace/Assignment3_platform/ps7_cortexa9_0/standalone_domain/bsp/system.mss
TRACE::2025-03-26.16:06:26::SCWMssOS::DEBUG:  swdes dump  C:/Users/j54mao/ECE423/ECE-423-Labs/workspace/Assignment3_platform/ps7_cortexa9_0/standalone_domain/bsp/system.mss|system_0||
C:/Users/j54mao/ECE423/ECE-423-Labs/workspace/Assignment3_platform/zynq_fsbl/zynq_fsbl_bsp/system.mss|system||

TRACE::2025-03-26.16:06:26::SCWMssOS::Sw design exists and opened at  C:/Users/j54mao/ECE423/ECE-423-Labs/workspace/Assignment3_platform/ps7_cortexa9_0/standalone_domain/bsp/system.mss
TRACE::2025-03-26.16:06:26::SCWMssOS::Saving the mss changes C:/Users/j54mao/ECE423/ECE-423-Labs/workspace/Assignment3_platform/zynq_fsbl/zynq_fsbl_bsp/system.mss
TRACE::2025-03-26.16:06:26::SCWMssOS::Found a swdesign opened with the mssfile.
TRACE::2025-03-26.16:06:26::SCWMssOS::Completed writemss as part of save.
TRACE::2025-03-26.16:06:26::SCWMssOS::Commit changes completed.
TRACE::2025-03-26.16:06:26::SCWMssOS::Saving the mss changes C:/Users/j54mao/ECE423/ECE-423-Labs/workspace/Assignment3_platform/ps7_cortexa9_0/standalone_domain/bsp/system.mss
TRACE::2025-03-26.16:06:26::SCWMssOS::Found a swdesign opened with the mssfile.
TRACE::2025-03-26.16:06:26::SCWMssOS::Completed writemss as part of save.
TRACE::2025-03-26.16:06:26::SCWMssOS::Commit changes completed.
TRACE::2025-03-26.16:06:26::SCWPlatform::Trying to open the hw design at C:/Users/j54mao/ECE423/ECE-423-Labs/workspace/Assignment3_platform/hw/lab_prefab_wrapper.xsa
TRACE::2025-03-26.16:06:26::SCWPlatform::DSA given C:/Users/j54mao/ECE423/ECE-423-Labs/workspace/Assignment3_platform/hw/lab_prefab_wrapper.xsa
TRACE::2025-03-26.16:06:26::SCWPlatform::DSA absoulate path C:/Users/j54mao/ECE423/ECE-423-Labs/workspace/Assignment3_platform/hw/lab_prefab_wrapper.xsa
TRACE::2025-03-26.16:06:26::SCWPlatform::DSA directory C:/Users/j54mao/ECE423/ECE-423-Labs/workspace/Assignment3_platform/hw
TRACE::2025-03-26.16:06:26::SCWPlatform:: Platform Path C:/Users/j54mao/ECE423/ECE-423-Labs/workspace/Assignment3_platform/hw/lab_prefab_wrapper.xsa
TRACE::2025-03-26.16:06:26::SCWPlatform:: Unique name xilinx:pynq-z1::0.0
TRACE::2025-03-26.16:06:26::SCWPlatform::Trying to set the existing hwdb with name lab_prefab_wrapper_0
TRACE::2025-03-26.16:06:26::SCWPlatform::Opened existing hwdb lab_prefab_wrapper_0
TRACE::2025-03-26.16:06:26::SCWPlatform::Found the Hw Db part of the input DSA
TRACE::2025-03-26.16:06:26::SCWMssOS::Checking the sw design at  C:/Users/j54mao/ECE423/ECE-423-Labs/workspace/Assignment3_platform/zynq_fsbl/zynq_fsbl_bsp/system.mss
TRACE::2025-03-26.16:06:26::SCWMssOS::DEBUG:  swdes dump  C:/Users/j54mao/ECE423/ECE-423-Labs/workspace/Assignment3_platform/ps7_cortexa9_0/standalone_domain/bsp/system.mss|system_0||
C:/Users/j54mao/ECE423/ECE-423-Labs/workspace/Assignment3_platform/zynq_fsbl/zynq_fsbl_bsp/system.mss|system||

TRACE::2025-03-26.16:06:26::SCWMssOS::Sw design exists and opened at  C:/Users/j54mao/ECE423/ECE-423-Labs/workspace/Assignment3_platform/zynq_fsbl/zynq_fsbl_bsp/system.mss
TRACE::2025-03-26.16:06:26::SCWPlatform::Trying to open the hw design at C:/Users/j54mao/ECE423/ECE-423-Labs/workspace/Assignment3_platform/hw/lab_prefab_wrapper.xsa
TRACE::2025-03-26.16:06:26::SCWPlatform::DSA given C:/Users/j54mao/ECE423/ECE-423-Labs/workspace/Assignment3_platform/hw/lab_prefab_wrapper.xsa
TRACE::2025-03-26.16:06:26::SCWPlatform::DSA absoulate path C:/Users/j54mao/ECE423/ECE-423-Labs/workspace/Assignment3_platform/hw/lab_prefab_wrapper.xsa
TRACE::2025-03-26.16:06:26::SCWPlatform::DSA directory C:/Users/j54mao/ECE423/ECE-423-Labs/workspace/Assignment3_platform/hw
TRACE::2025-03-26.16:06:26::SCWPlatform:: Platform Path C:/Users/j54mao/ECE423/ECE-423-Labs/workspace/Assignment3_platform/hw/lab_prefab_wrapper.xsa
TRACE::2025-03-26.16:06:26::SCWPlatform:: Unique name xilinx:pynq-z1::0.0
TRACE::2025-03-26.16:06:26::SCWPlatform::Trying to set the existing hwdb with name lab_prefab_wrapper_0
TRACE::2025-03-26.16:06:26::SCWPlatform::Opened existing hwdb lab_prefab_wrapper_0
TRACE::2025-03-26.16:06:26::SCWPlatform::Found the Hw Db part of the input DSA
TRACE::2025-03-26.16:06:26::SCWMssOS::Checking the sw design at  C:/Users/j54mao/ECE423/ECE-423-Labs/workspace/Assignment3_platform/zynq_fsbl/zynq_fsbl_bsp/system.mss
TRACE::2025-03-26.16:06:26::SCWMssOS::DEBUG:  swdes dump  C:/Users/j54mao/ECE423/ECE-423-Labs/workspace/Assignment3_platform/ps7_cortexa9_0/standalone_domain/bsp/system.mss|system_0||
C:/Users/j54mao/ECE423/ECE-423-Labs/workspace/Assignment3_platform/zynq_fsbl/zynq_fsbl_bsp/system.mss|system||

TRACE::2025-03-26.16:06:26::SCWMssOS::Sw design exists and opened at  C:/Users/j54mao/ECE423/ECE-423-Labs/workspace/Assignment3_platform/zynq_fsbl/zynq_fsbl_bsp/system.mss
TRACE::2025-03-26.16:06:26::SCWPlatform::Trying to open the hw design at C:/Users/j54mao/ECE423/ECE-423-Labs/workspace/Assignment3_platform/hw/lab_prefab_wrapper.xsa
TRACE::2025-03-26.16:06:26::SCWPlatform::DSA given C:/Users/j54mao/ECE423/ECE-423-Labs/workspace/Assignment3_platform/hw/lab_prefab_wrapper.xsa
TRACE::2025-03-26.16:06:26::SCWPlatform::DSA absoulate path C:/Users/j54mao/ECE423/ECE-423-Labs/workspace/Assignment3_platform/hw/lab_prefab_wrapper.xsa
TRACE::2025-03-26.16:06:26::SCWPlatform::DSA directory C:/Users/j54mao/ECE423/ECE-423-Labs/workspace/Assignment3_platform/hw
TRACE::2025-03-26.16:06:26::SCWPlatform:: Platform Path C:/Users/j54mao/ECE423/ECE-423-Labs/workspace/Assignment3_platform/hw/lab_prefab_wrapper.xsa
TRACE::2025-03-26.16:06:26::SCWPlatform:: Unique name xilinx:pynq-z1::0.0
TRACE::2025-03-26.16:06:26::SCWPlatform::Trying to set the existing hwdb with name lab_prefab_wrapper_0
TRACE::2025-03-26.16:06:26::SCWPlatform::Opened existing hwdb lab_prefab_wrapper_0
TRACE::2025-03-26.16:06:26::SCWPlatform::Found the Hw Db part of the input DSA
TRACE::2025-03-26.16:06:26::SCWMssOS::Checking the sw design at  C:/Users/j54mao/ECE423/ECE-423-Labs/workspace/Assignment3_platform/zynq_fsbl/zynq_fsbl_bsp/system.mss
TRACE::2025-03-26.16:06:26::SCWMssOS::DEBUG:  swdes dump  C:/Users/j54mao/ECE423/ECE-423-Labs/workspace/Assignment3_platform/ps7_cortexa9_0/standalone_domain/bsp/system.mss|system_0||
C:/Users/j54mao/ECE423/ECE-423-Labs/workspace/Assignment3_platform/zynq_fsbl/zynq_fsbl_bsp/system.mss|system||

TRACE::2025-03-26.16:06:26::SCWMssOS::Sw design exists and opened at  C:/Users/j54mao/ECE423/ECE-423-Labs/workspace/Assignment3_platform/zynq_fsbl/zynq_fsbl_bsp/system.mss
TRACE::2025-03-26.16:06:26::SCWPlatform::Trying to open the hw design at C:/Users/j54mao/ECE423/ECE-423-Labs/workspace/Assignment3_platform/hw/lab_prefab_wrapper.xsa
TRACE::2025-03-26.16:06:26::SCWPlatform::DSA given C:/Users/j54mao/ECE423/ECE-423-Labs/workspace/Assignment3_platform/hw/lab_prefab_wrapper.xsa
TRACE::2025-03-26.16:06:26::SCWPlatform::DSA absoulate path C:/Users/j54mao/ECE423/ECE-423-Labs/workspace/Assignment3_platform/hw/lab_prefab_wrapper.xsa
TRACE::2025-03-26.16:06:26::SCWPlatform::DSA directory C:/Users/j54mao/ECE423/ECE-423-Labs/workspace/Assignment3_platform/hw
TRACE::2025-03-26.16:06:26::SCWPlatform:: Platform Path C:/Users/j54mao/ECE423/ECE-423-Labs/workspace/Assignment3_platform/hw/lab_prefab_wrapper.xsa
TRACE::2025-03-26.16:06:26::SCWPlatform:: Unique name xilinx:pynq-z1::0.0
TRACE::2025-03-26.16:06:26::SCWPlatform::Trying to set the existing hwdb with name lab_prefab_wrapper_0
TRACE::2025-03-26.16:06:26::SCWPlatform::Opened existing hwdb lab_prefab_wrapper_0
TRACE::2025-03-26.16:06:26::SCWPlatform::Found the Hw Db part of the input DSA
TRACE::2025-03-26.16:06:26::SCWMssOS::Checking the sw design at  C:/Users/j54mao/ECE423/ECE-423-Labs/workspace/Assignment3_platform/ps7_cortexa9_0/standalone_domain/bsp/system.mss
TRACE::2025-03-26.16:06:26::SCWMssOS::DEBUG:  swdes dump  C:/Users/j54mao/ECE423/ECE-423-Labs/workspace/Assignment3_platform/ps7_cortexa9_0/standalone_domain/bsp/system.mss|system_0||
C:/Users/j54mao/ECE423/ECE-423-Labs/workspace/Assignment3_platform/zynq_fsbl/zynq_fsbl_bsp/system.mss|system||

TRACE::2025-03-26.16:06:26::SCWMssOS::Sw design exists and opened at  C:/Users/j54mao/ECE423/ECE-423-Labs/workspace/Assignment3_platform/ps7_cortexa9_0/standalone_domain/bsp/system.mss
TRACE::2025-03-26.16:06:26::SCWPlatform::Trying to open the hw design at C:/Users/j54mao/ECE423/ECE-423-Labs/workspace/Assignment3_platform/hw/lab_prefab_wrapper.xsa
TRACE::2025-03-26.16:06:26::SCWPlatform::DSA given C:/Users/j54mao/ECE423/ECE-423-Labs/workspace/Assignment3_platform/hw/lab_prefab_wrapper.xsa
TRACE::2025-03-26.16:06:26::SCWPlatform::DSA absoulate path C:/Users/j54mao/ECE423/ECE-423-Labs/workspace/Assignment3_platform/hw/lab_prefab_wrapper.xsa
TRACE::2025-03-26.16:06:26::SCWPlatform::DSA directory C:/Users/j54mao/ECE423/ECE-423-Labs/workspace/Assignment3_platform/hw
TRACE::2025-03-26.16:06:26::SCWPlatform:: Platform Path C:/Users/j54mao/ECE423/ECE-423-Labs/workspace/Assignment3_platform/hw/lab_prefab_wrapper.xsa
TRACE::2025-03-26.16:06:26::SCWPlatform:: Unique name xilinx:pynq-z1::0.0
TRACE::2025-03-26.16:06:26::SCWPlatform::Trying to set the existing hwdb with name lab_prefab_wrapper_0
TRACE::2025-03-26.16:06:26::SCWPlatform::Opened existing hwdb lab_prefab_wrapper_0
TRACE::2025-03-26.16:06:26::SCWPlatform::Found the Hw Db part of the input DSA
TRACE::2025-03-26.16:06:26::SCWMssOS::Checking the sw design at  C:/Users/j54mao/ECE423/ECE-423-Labs/workspace/Assignment3_platform/ps7_cortexa9_0/standalone_domain/bsp/system.mss
TRACE::2025-03-26.16:06:26::SCWMssOS::DEBUG:  swdes dump  C:/Users/j54mao/ECE423/ECE-423-Labs/workspace/Assignment3_platform/ps7_cortexa9_0/standalone_domain/bsp/system.mss|system_0||
C:/Users/j54mao/ECE423/ECE-423-Labs/workspace/Assignment3_platform/zynq_fsbl/zynq_fsbl_bsp/system.mss|system||

TRACE::2025-03-26.16:06:26::SCWMssOS::Sw design exists and opened at  C:/Users/j54mao/ECE423/ECE-423-Labs/workspace/Assignment3_platform/ps7_cortexa9_0/standalone_domain/bsp/system.mss
TRACE::2025-03-26.16:06:26::SCWPlatform::Trying to open the hw design at C:/Users/j54mao/ECE423/ECE-423-Labs/workspace/Assignment3_platform/hw/lab_prefab_wrapper.xsa
TRACE::2025-03-26.16:06:26::SCWPlatform::DSA given C:/Users/j54mao/ECE423/ECE-423-Labs/workspace/Assignment3_platform/hw/lab_prefab_wrapper.xsa
TRACE::2025-03-26.16:06:26::SCWPlatform::DSA absoulate path C:/Users/j54mao/ECE423/ECE-423-Labs/workspace/Assignment3_platform/hw/lab_prefab_wrapper.xsa
TRACE::2025-03-26.16:06:26::SCWPlatform::DSA directory C:/Users/j54mao/ECE423/ECE-423-Labs/workspace/Assignment3_platform/hw
TRACE::2025-03-26.16:06:26::SCWPlatform:: Platform Path C:/Users/j54mao/ECE423/ECE-423-Labs/workspace/Assignment3_platform/hw/lab_prefab_wrapper.xsa
TRACE::2025-03-26.16:06:26::SCWPlatform:: Unique name xilinx:pynq-z1::0.0
TRACE::2025-03-26.16:06:26::SCWPlatform::Trying to set the existing hwdb with name lab_prefab_wrapper_0
TRACE::2025-03-26.16:06:26::SCWPlatform::Opened existing hwdb lab_prefab_wrapper_0
TRACE::2025-03-26.16:06:26::SCWPlatform::Found the Hw Db part of the input DSA
TRACE::2025-03-26.16:06:26::SCWMssOS::Checking the sw design at  C:/Users/j54mao/ECE423/ECE-423-Labs/workspace/Assignment3_platform/ps7_cortexa9_0/standalone_domain/bsp/system.mss
TRACE::2025-03-26.16:06:26::SCWMssOS::DEBUG:  swdes dump  C:/Users/j54mao/ECE423/ECE-423-Labs/workspace/Assignment3_platform/ps7_cortexa9_0/standalone_domain/bsp/system.mss|system_0||
C:/Users/j54mao/ECE423/ECE-423-Labs/workspace/Assignment3_platform/zynq_fsbl/zynq_fsbl_bsp/system.mss|system||

TRACE::2025-03-26.16:06:26::SCWMssOS::Sw design exists and opened at  C:/Users/j54mao/ECE423/ECE-423-Labs/workspace/Assignment3_platform/ps7_cortexa9_0/standalone_domain/bsp/system.mss
TRACE::2025-03-26.16:06:26::SCWWriter::formatted JSON is {
	"platformName":	"Assignment3_platform",
	"sprVersion":	"2.0",
	"mode":	"gui",
	"dsaType":	"Fixed",
	"platformDesc":	"Assignment3_platform",
	"platHandOff":	"C:/Users/j54mao/ECE423/ECE-423-Labs/workspace/assignment2_hunter_test/hw/lab_prefab_wrapper.xsa",
	"platIntHandOff":	"<platformDir>/hw/lab_prefab_wrapper.xsa",
	"deviceType":	"zynq",
	"platIsPrebuiltAutogen":	"false",
	"platIsNoBootBsp":	"false",
	"platFsblTarget":	"ps7_cortexa9_0",
	"hasFsblMakeHasChanges":	"false",
	"hasPmufwMakeHasChanges":	"false",
	"fsblExtraCompilerFlags":	"-MMD -MP       -mcpu=cortex-a9 -mfpu=vfpv3 -mfloat-abi=hard ",
	"platPreBuiltFlag":	false,
	"platformSamplesDir":	"",
	"platActiveSys":	"Assignment3_platform",
	"systems":	[{
			"systemName":	"Assignment3_platform",
			"systemDesc":	"Assignment3_platform",
			"sysIsBootAutoGen":	"true",
			"systemDispName":	"Assignment3_platform",
			"sysActiveDom":	"standalone_domain",
			"sysDefaultDom":	"standalone_domain",
			"domains":	[{
					"domainName":	"zynq_fsbl",
					"domainDispName":	"zynq_fsbl",
					"domainDesc":	"FSBL Application BSP - Auto Generated.",
					"processors":	"ps7_cortexa9_0",
					"os":	"standalone",
					"sdxOs":	"standalone",
					"debugEnable":	"",
					"domRuntimes":	["cpp"],
					"swRepo":	"",
					"mssOsVer":	"7.7",
					"mssFile":	"",
					"md5Digest":	"4bdfa872853735a660eaeae9ac55f0bb",
					"compatibleApp":	"zynq_fsbl",
					"domType":	"bootDomain",
					"arch":	"32-bit",
					"appSettings":	{
						"appCompilerFlags":	"",
						"appLinkerFlags":	""
					},
					"addedLibs":	["xilffs:4.7", "xilrsa:1.6"],
					"libOptions":	{
						"libsContainingOptions":	[]
					},
					"prebuiltLibs":	{
						"prebuiltIncPath":	[],
						"prebuiltLibPath":	[]
					},
					"isolation":	{
					}
				}, {
					"domainName":	"standalone_domain",
					"domainDispName":	"standalone_domain",
					"domainDesc":	"standalone_domain",
					"processors":	"ps7_cortexa9_0",
					"os":	"standalone",
					"sdxOs":	"standalone",
					"qemuArgs":	"<platformDir>/resources/Assignment3_platform/standalone_domain/qemu_args.txt",
					"qemuData":	"<platformDir>/resources/Assignment3_platform/standalone_domain/qemu",
					"debugEnable":	"False",
					"domRuntimes":	["cpp"],
					"swRepo":	"",
					"mssOsVer":	"7.7",
					"mssFile":	"",
					"md5Digest":	"90759cd7d17204249617ea3f07fde571",
					"compatibleApp":	"",
					"domType":	"mssDomain",
					"appSettings":	{
						"appCompilerFlags":	"",
						"appLinkerFlags":	""
					},
					"addedLibs":	[],
					"libOptions":	{
						"libsContainingOptions":	[]
					},
					"prebuiltLibs":	{
						"prebuiltIncPath":	[],
						"prebuiltLibPath":	[]
					},
					"isolation":	{
					}
				}]
		}]
}
TRACE::2025-03-26.16:06:26::SCWPlatform::Trying to open the hw design at C:/Users/j54mao/ECE423/ECE-423-Labs/workspace/Assignment3_platform/hw/lab_prefab_wrapper.xsa
TRACE::2025-03-26.16:06:26::SCWPlatform::DSA given C:/Users/j54mao/ECE423/ECE-423-Labs/workspace/Assignment3_platform/hw/lab_prefab_wrapper.xsa
TRACE::2025-03-26.16:06:26::SCWPlatform::DSA absoulate path C:/Users/j54mao/ECE423/ECE-423-Labs/workspace/Assignment3_platform/hw/lab_prefab_wrapper.xsa
TRACE::2025-03-26.16:06:26::SCWPlatform::DSA directory C:/Users/j54mao/ECE423/ECE-423-Labs/workspace/Assignment3_platform/hw
TRACE::2025-03-26.16:06:26::SCWPlatform:: Platform Path C:/Users/j54mao/ECE423/ECE-423-Labs/workspace/Assignment3_platform/hw/lab_prefab_wrapper.xsa
TRACE::2025-03-26.16:06:26::SCWPlatform:: Unique name xilinx:pynq-z1::0.0
TRACE::2025-03-26.16:06:26::SCWPlatform::Trying to set the existing hwdb with name lab_prefab_wrapper_0
TRACE::2025-03-26.16:06:26::SCWPlatform::Opened existing hwdb lab_prefab_wrapper_0
TRACE::2025-03-26.16:06:26::SCWPlatform::Found the Hw Db part of the input DSA
TRACE::2025-03-26.16:06:26::SCWMssOS::Checking the sw design at  C:/Users/j54mao/ECE423/ECE-423-Labs/workspace/Assignment3_platform/ps7_cortexa9_0/standalone_domain/bsp/system.mss
TRACE::2025-03-26.16:06:26::SCWMssOS::DEBUG:  swdes dump  C:/Users/j54mao/ECE423/ECE-423-Labs/workspace/Assignment3_platform/ps7_cortexa9_0/standalone_domain/bsp/system.mss|system_0||
C:/Users/j54mao/ECE423/ECE-423-Labs/workspace/Assignment3_platform/zynq_fsbl/zynq_fsbl_bsp/system.mss|system||

TRACE::2025-03-26.16:06:26::SCWMssOS::Sw design exists and opened at  C:/Users/j54mao/ECE423/ECE-423-Labs/workspace/Assignment3_platform/ps7_cortexa9_0/standalone_domain/bsp/system.mss
TRACE::2025-03-26.16:06:26::SCWPlatform::Trying to open the hw design at C:/Users/j54mao/ECE423/ECE-423-Labs/workspace/Assignment3_platform/hw/lab_prefab_wrapper.xsa
TRACE::2025-03-26.16:06:26::SCWPlatform::DSA given C:/Users/j54mao/ECE423/ECE-423-Labs/workspace/Assignment3_platform/hw/lab_prefab_wrapper.xsa
TRACE::2025-03-26.16:06:26::SCWPlatform::DSA absoulate path C:/Users/j54mao/ECE423/ECE-423-Labs/workspace/Assignment3_platform/hw/lab_prefab_wrapper.xsa
TRACE::2025-03-26.16:06:26::SCWPlatform::DSA directory C:/Users/j54mao/ECE423/ECE-423-Labs/workspace/Assignment3_platform/hw
TRACE::2025-03-26.16:06:26::SCWPlatform:: Platform Path C:/Users/j54mao/ECE423/ECE-423-Labs/workspace/Assignment3_platform/hw/lab_prefab_wrapper.xsa
TRACE::2025-03-26.16:06:26::SCWPlatform:: Unique name xilinx:pynq-z1::0.0
TRACE::2025-03-26.16:06:26::SCWPlatform::Trying to set the existing hwdb with name lab_prefab_wrapper_0
TRACE::2025-03-26.16:06:26::SCWPlatform::Opened existing hwdb lab_prefab_wrapper_0
TRACE::2025-03-26.16:06:26::SCWPlatform::Found the Hw Db part of the input DSA
TRACE::2025-03-26.16:06:26::SCWMssOS::Checking the sw design at  C:/Users/j54mao/ECE423/ECE-423-Labs/workspace/Assignment3_platform/ps7_cortexa9_0/standalone_domain/bsp/system.mss
TRACE::2025-03-26.16:06:26::SCWMssOS::DEBUG:  swdes dump  C:/Users/j54mao/ECE423/ECE-423-Labs/workspace/Assignment3_platform/ps7_cortexa9_0/standalone_domain/bsp/system.mss|system_0||
C:/Users/j54mao/ECE423/ECE-423-Labs/workspace/Assignment3_platform/zynq_fsbl/zynq_fsbl_bsp/system.mss|system||

TRACE::2025-03-26.16:06:26::SCWMssOS::Sw design exists and opened at  C:/Users/j54mao/ECE423/ECE-423-Labs/workspace/Assignment3_platform/ps7_cortexa9_0/standalone_domain/bsp/system.mss
TRACE::2025-03-26.16:06:26::SCWPlatform::Trying to open the hw design at C:/Users/j54mao/ECE423/ECE-423-Labs/workspace/Assignment3_platform/hw/lab_prefab_wrapper.xsa
TRACE::2025-03-26.16:06:26::SCWPlatform::DSA given C:/Users/j54mao/ECE423/ECE-423-Labs/workspace/Assignment3_platform/hw/lab_prefab_wrapper.xsa
TRACE::2025-03-26.16:06:26::SCWPlatform::DSA absoulate path C:/Users/j54mao/ECE423/ECE-423-Labs/workspace/Assignment3_platform/hw/lab_prefab_wrapper.xsa
TRACE::2025-03-26.16:06:26::SCWPlatform::DSA directory C:/Users/j54mao/ECE423/ECE-423-Labs/workspace/Assignment3_platform/hw
TRACE::2025-03-26.16:06:26::SCWPlatform:: Platform Path C:/Users/j54mao/ECE423/ECE-423-Labs/workspace/Assignment3_platform/hw/lab_prefab_wrapper.xsa
TRACE::2025-03-26.16:06:26::SCWPlatform:: Unique name xilinx:pynq-z1::0.0
TRACE::2025-03-26.16:06:26::SCWPlatform::Trying to set the existing hwdb with name lab_prefab_wrapper_0
TRACE::2025-03-26.16:06:26::SCWPlatform::Opened existing hwdb lab_prefab_wrapper_0
TRACE::2025-03-26.16:06:26::SCWPlatform::Found the Hw Db part of the input DSA
TRACE::2025-03-26.16:06:26::SCWMssOS::Checking the sw design at  C:/Users/j54mao/ECE423/ECE-423-Labs/workspace/Assignment3_platform/ps7_cortexa9_0/standalone_domain/bsp/system.mss
TRACE::2025-03-26.16:06:26::SCWMssOS::DEBUG:  swdes dump  C:/Users/j54mao/ECE423/ECE-423-Labs/workspace/Assignment3_platform/ps7_cortexa9_0/standalone_domain/bsp/system.mss|system_0||
C:/Users/j54mao/ECE423/ECE-423-Labs/workspace/Assignment3_platform/zynq_fsbl/zynq_fsbl_bsp/system.mss|system||

TRACE::2025-03-26.16:06:26::SCWMssOS::Sw design exists and opened at  C:/Users/j54mao/ECE423/ECE-423-Labs/workspace/Assignment3_platform/ps7_cortexa9_0/standalone_domain/bsp/system.mss
TRACE::2025-03-26.16:06:26::SCWMssOS::Saving the mss changes C:/Users/j54mao/ECE423/ECE-423-Labs/workspace/Assignment3_platform/zynq_fsbl/zynq_fsbl_bsp/system.mss
TRACE::2025-03-26.16:06:26::SCWMssOS::Found a swdesign opened with the mssfile.
TRACE::2025-03-26.16:06:26::SCWMssOS::Completed writemss as part of save.
TRACE::2025-03-26.16:06:26::SCWMssOS::Commit changes completed.
TRACE::2025-03-26.16:06:26::SCWMssOS::Saving the mss changes C:/Users/j54mao/ECE423/ECE-423-Labs/workspace/Assignment3_platform/ps7_cortexa9_0/standalone_domain/bsp/system.mss
TRACE::2025-03-26.16:06:26::SCWMssOS::Found a swdesign opened with the mssfile.
TRACE::2025-03-26.16:06:26::SCWMssOS::Completed writemss as part of save.
TRACE::2025-03-26.16:06:26::SCWMssOS::Commit changes completed.
TRACE::2025-03-26.16:06:26::SCWPlatform::Trying to open the hw design at C:/Users/j54mao/ECE423/ECE-423-Labs/workspace/Assignment3_platform/hw/lab_prefab_wrapper.xsa
TRACE::2025-03-26.16:06:26::SCWPlatform::DSA given C:/Users/j54mao/ECE423/ECE-423-Labs/workspace/Assignment3_platform/hw/lab_prefab_wrapper.xsa
TRACE::2025-03-26.16:06:26::SCWPlatform::DSA absoulate path C:/Users/j54mao/ECE423/ECE-423-Labs/workspace/Assignment3_platform/hw/lab_prefab_wrapper.xsa
TRACE::2025-03-26.16:06:26::SCWPlatform::DSA directory C:/Users/j54mao/ECE423/ECE-423-Labs/workspace/Assignment3_platform/hw
TRACE::2025-03-26.16:06:26::SCWPlatform:: Platform Path C:/Users/j54mao/ECE423/ECE-423-Labs/workspace/Assignment3_platform/hw/lab_prefab_wrapper.xsa
TRACE::2025-03-26.16:06:26::SCWPlatform:: Unique name xilinx:pynq-z1::0.0
TRACE::2025-03-26.16:06:26::SCWPlatform::Trying to set the existing hwdb with name lab_prefab_wrapper_0
TRACE::2025-03-26.16:06:26::SCWPlatform::Opened existing hwdb lab_prefab_wrapper_0
TRACE::2025-03-26.16:06:26::SCWPlatform::Found the Hw Db part of the input DSA
TRACE::2025-03-26.16:06:26::SCWMssOS::Checking the sw design at  C:/Users/j54mao/ECE423/ECE-423-Labs/workspace/Assignment3_platform/zynq_fsbl/zynq_fsbl_bsp/system.mss
TRACE::2025-03-26.16:06:26::SCWMssOS::DEBUG:  swdes dump  C:/Users/j54mao/ECE423/ECE-423-Labs/workspace/Assignment3_platform/ps7_cortexa9_0/standalone_domain/bsp/system.mss|system_0||
C:/Users/j54mao/ECE423/ECE-423-Labs/workspace/Assignment3_platform/zynq_fsbl/zynq_fsbl_bsp/system.mss|system||

TRACE::2025-03-26.16:06:26::SCWMssOS::Sw design exists and opened at  C:/Users/j54mao/ECE423/ECE-423-Labs/workspace/Assignment3_platform/zynq_fsbl/zynq_fsbl_bsp/system.mss
TRACE::2025-03-26.16:06:26::SCWPlatform::Trying to open the hw design at C:/Users/j54mao/ECE423/ECE-423-Labs/workspace/Assignment3_platform/hw/lab_prefab_wrapper.xsa
TRACE::2025-03-26.16:06:26::SCWPlatform::DSA given C:/Users/j54mao/ECE423/ECE-423-Labs/workspace/Assignment3_platform/hw/lab_prefab_wrapper.xsa
TRACE::2025-03-26.16:06:26::SCWPlatform::DSA absoulate path C:/Users/j54mao/ECE423/ECE-423-Labs/workspace/Assignment3_platform/hw/lab_prefab_wrapper.xsa
TRACE::2025-03-26.16:06:26::SCWPlatform::DSA directory C:/Users/j54mao/ECE423/ECE-423-Labs/workspace/Assignment3_platform/hw
TRACE::2025-03-26.16:06:26::SCWPlatform:: Platform Path C:/Users/j54mao/ECE423/ECE-423-Labs/workspace/Assignment3_platform/hw/lab_prefab_wrapper.xsa
TRACE::2025-03-26.16:06:26::SCWPlatform:: Unique name xilinx:pynq-z1::0.0
TRACE::2025-03-26.16:06:26::SCWPlatform::Trying to set the existing hwdb with name lab_prefab_wrapper_0
TRACE::2025-03-26.16:06:26::SCWPlatform::Opened existing hwdb lab_prefab_wrapper_0
TRACE::2025-03-26.16:06:26::SCWPlatform::Found the Hw Db part of the input DSA
TRACE::2025-03-26.16:06:26::SCWMssOS::Checking the sw design at  C:/Users/j54mao/ECE423/ECE-423-Labs/workspace/Assignment3_platform/zynq_fsbl/zynq_fsbl_bsp/system.mss
TRACE::2025-03-26.16:06:26::SCWMssOS::DEBUG:  swdes dump  C:/Users/j54mao/ECE423/ECE-423-Labs/workspace/Assignment3_platform/ps7_cortexa9_0/standalone_domain/bsp/system.mss|system_0||
C:/Users/j54mao/ECE423/ECE-423-Labs/workspace/Assignment3_platform/zynq_fsbl/zynq_fsbl_bsp/system.mss|system||

TRACE::2025-03-26.16:06:26::SCWMssOS::Sw design exists and opened at  C:/Users/j54mao/ECE423/ECE-423-Labs/workspace/Assignment3_platform/zynq_fsbl/zynq_fsbl_bsp/system.mss
TRACE::2025-03-26.16:06:26::SCWPlatform::Trying to open the hw design at C:/Users/j54mao/ECE423/ECE-423-Labs/workspace/Assignment3_platform/hw/lab_prefab_wrapper.xsa
TRACE::2025-03-26.16:06:26::SCWPlatform::DSA given C:/Users/j54mao/ECE423/ECE-423-Labs/workspace/Assignment3_platform/hw/lab_prefab_wrapper.xsa
TRACE::2025-03-26.16:06:26::SCWPlatform::DSA absoulate path C:/Users/j54mao/ECE423/ECE-423-Labs/workspace/Assignment3_platform/hw/lab_prefab_wrapper.xsa
TRACE::2025-03-26.16:06:26::SCWPlatform::DSA directory C:/Users/j54mao/ECE423/ECE-423-Labs/workspace/Assignment3_platform/hw
TRACE::2025-03-26.16:06:26::SCWPlatform:: Platform Path C:/Users/j54mao/ECE423/ECE-423-Labs/workspace/Assignment3_platform/hw/lab_prefab_wrapper.xsa
TRACE::2025-03-26.16:06:26::SCWPlatform:: Unique name xilinx:pynq-z1::0.0
TRACE::2025-03-26.16:06:26::SCWPlatform::Trying to set the existing hwdb with name lab_prefab_wrapper_0
TRACE::2025-03-26.16:06:26::SCWPlatform::Opened existing hwdb lab_prefab_wrapper_0
TRACE::2025-03-26.16:06:26::SCWPlatform::Found the Hw Db part of the input DSA
TRACE::2025-03-26.16:06:26::SCWMssOS::Checking the sw design at  C:/Users/j54mao/ECE423/ECE-423-Labs/workspace/Assignment3_platform/zynq_fsbl/zynq_fsbl_bsp/system.mss
TRACE::2025-03-26.16:06:26::SCWMssOS::DEBUG:  swdes dump  C:/Users/j54mao/ECE423/ECE-423-Labs/workspace/Assignment3_platform/ps7_cortexa9_0/standalone_domain/bsp/system.mss|system_0||
C:/Users/j54mao/ECE423/ECE-423-Labs/workspace/Assignment3_platform/zynq_fsbl/zynq_fsbl_bsp/system.mss|system||

TRACE::2025-03-26.16:06:26::SCWMssOS::Sw design exists and opened at  C:/Users/j54mao/ECE423/ECE-423-Labs/workspace/Assignment3_platform/zynq_fsbl/zynq_fsbl_bsp/system.mss
TRACE::2025-03-26.16:06:26::SCWPlatform::Trying to open the hw design at C:/Users/j54mao/ECE423/ECE-423-Labs/workspace/Assignment3_platform/hw/lab_prefab_wrapper.xsa
TRACE::2025-03-26.16:06:26::SCWPlatform::DSA given C:/Users/j54mao/ECE423/ECE-423-Labs/workspace/Assignment3_platform/hw/lab_prefab_wrapper.xsa
TRACE::2025-03-26.16:06:26::SCWPlatform::DSA absoulate path C:/Users/j54mao/ECE423/ECE-423-Labs/workspace/Assignment3_platform/hw/lab_prefab_wrapper.xsa
TRACE::2025-03-26.16:06:26::SCWPlatform::DSA directory C:/Users/j54mao/ECE423/ECE-423-Labs/workspace/Assignment3_platform/hw
TRACE::2025-03-26.16:06:26::SCWPlatform:: Platform Path C:/Users/j54mao/ECE423/ECE-423-Labs/workspace/Assignment3_platform/hw/lab_prefab_wrapper.xsa
TRACE::2025-03-26.16:06:26::SCWPlatform:: Unique name xilinx:pynq-z1::0.0
TRACE::2025-03-26.16:06:26::SCWPlatform::Trying to set the existing hwdb with name lab_prefab_wrapper_0
TRACE::2025-03-26.16:06:26::SCWPlatform::Opened existing hwdb lab_prefab_wrapper_0
TRACE::2025-03-26.16:06:26::SCWPlatform::Found the Hw Db part of the input DSA
TRACE::2025-03-26.16:06:26::SCWMssOS::Checking the sw design at  C:/Users/j54mao/ECE423/ECE-423-Labs/workspace/Assignment3_platform/ps7_cortexa9_0/standalone_domain/bsp/system.mss
TRACE::2025-03-26.16:06:26::SCWMssOS::DEBUG:  swdes dump  C:/Users/j54mao/ECE423/ECE-423-Labs/workspace/Assignment3_platform/ps7_cortexa9_0/standalone_domain/bsp/system.mss|system_0||
C:/Users/j54mao/ECE423/ECE-423-Labs/workspace/Assignment3_platform/zynq_fsbl/zynq_fsbl_bsp/system.mss|system||

TRACE::2025-03-26.16:06:26::SCWMssOS::Sw design exists and opened at  C:/Users/j54mao/ECE423/ECE-423-Labs/workspace/Assignment3_platform/ps7_cortexa9_0/standalone_domain/bsp/system.mss
TRACE::2025-03-26.16:06:26::SCWPlatform::Trying to open the hw design at C:/Users/j54mao/ECE423/ECE-423-Labs/workspace/Assignment3_platform/hw/lab_prefab_wrapper.xsa
TRACE::2025-03-26.16:06:26::SCWPlatform::DSA given C:/Users/j54mao/ECE423/ECE-423-Labs/workspace/Assignment3_platform/hw/lab_prefab_wrapper.xsa
TRACE::2025-03-26.16:06:26::SCWPlatform::DSA absoulate path C:/Users/j54mao/ECE423/ECE-423-Labs/workspace/Assignment3_platform/hw/lab_prefab_wrapper.xsa
TRACE::2025-03-26.16:06:26::SCWPlatform::DSA directory C:/Users/j54mao/ECE423/ECE-423-Labs/workspace/Assignment3_platform/hw
TRACE::2025-03-26.16:06:26::SCWPlatform:: Platform Path C:/Users/j54mao/ECE423/ECE-423-Labs/workspace/Assignment3_platform/hw/lab_prefab_wrapper.xsa
TRACE::2025-03-26.16:06:26::SCWPlatform:: Unique name xilinx:pynq-z1::0.0
TRACE::2025-03-26.16:06:26::SCWPlatform::Trying to set the existing hwdb with name lab_prefab_wrapper_0
TRACE::2025-03-26.16:06:26::SCWPlatform::Opened existing hwdb lab_prefab_wrapper_0
TRACE::2025-03-26.16:06:26::SCWPlatform::Found the Hw Db part of the input DSA
TRACE::2025-03-26.16:06:26::SCWMssOS::Checking the sw design at  C:/Users/j54mao/ECE423/ECE-423-Labs/workspace/Assignment3_platform/ps7_cortexa9_0/standalone_domain/bsp/system.mss
TRACE::2025-03-26.16:06:26::SCWMssOS::DEBUG:  swdes dump  C:/Users/j54mao/ECE423/ECE-423-Labs/workspace/Assignment3_platform/ps7_cortexa9_0/standalone_domain/bsp/system.mss|system_0||
C:/Users/j54mao/ECE423/ECE-423-Labs/workspace/Assignment3_platform/zynq_fsbl/zynq_fsbl_bsp/system.mss|system||

TRACE::2025-03-26.16:06:26::SCWMssOS::Sw design exists and opened at  C:/Users/j54mao/ECE423/ECE-423-Labs/workspace/Assignment3_platform/ps7_cortexa9_0/standalone_domain/bsp/system.mss
TRACE::2025-03-26.16:06:26::SCWPlatform::Trying to open the hw design at C:/Users/j54mao/ECE423/ECE-423-Labs/workspace/Assignment3_platform/hw/lab_prefab_wrapper.xsa
TRACE::2025-03-26.16:06:26::SCWPlatform::DSA given C:/Users/j54mao/ECE423/ECE-423-Labs/workspace/Assignment3_platform/hw/lab_prefab_wrapper.xsa
TRACE::2025-03-26.16:06:26::SCWPlatform::DSA absoulate path C:/Users/j54mao/ECE423/ECE-423-Labs/workspace/Assignment3_platform/hw/lab_prefab_wrapper.xsa
TRACE::2025-03-26.16:06:26::SCWPlatform::DSA directory C:/Users/j54mao/ECE423/ECE-423-Labs/workspace/Assignment3_platform/hw
TRACE::2025-03-26.16:06:26::SCWPlatform:: Platform Path C:/Users/j54mao/ECE423/ECE-423-Labs/workspace/Assignment3_platform/hw/lab_prefab_wrapper.xsa
TRACE::2025-03-26.16:06:26::SCWPlatform:: Unique name xilinx:pynq-z1::0.0
TRACE::2025-03-26.16:06:26::SCWPlatform::Trying to set the existing hwdb with name lab_prefab_wrapper_0
TRACE::2025-03-26.16:06:26::SCWPlatform::Opened existing hwdb lab_prefab_wrapper_0
TRACE::2025-03-26.16:06:26::SCWPlatform::Found the Hw Db part of the input DSA
TRACE::2025-03-26.16:06:26::SCWMssOS::Checking the sw design at  C:/Users/j54mao/ECE423/ECE-423-Labs/workspace/Assignment3_platform/ps7_cortexa9_0/standalone_domain/bsp/system.mss
TRACE::2025-03-26.16:06:26::SCWMssOS::DEBUG:  swdes dump  C:/Users/j54mao/ECE423/ECE-423-Labs/workspace/Assignment3_platform/ps7_cortexa9_0/standalone_domain/bsp/system.mss|system_0||
C:/Users/j54mao/ECE423/ECE-423-Labs/workspace/Assignment3_platform/zynq_fsbl/zynq_fsbl_bsp/system.mss|system||

TRACE::2025-03-26.16:06:26::SCWMssOS::Sw design exists and opened at  C:/Users/j54mao/ECE423/ECE-423-Labs/workspace/Assignment3_platform/ps7_cortexa9_0/standalone_domain/bsp/system.mss
TRACE::2025-03-26.16:06:26::SCWWriter::formatted JSON is {
	"platformName":	"Assignment3_platform",
	"sprVersion":	"2.0",
	"mode":	"gui",
	"dsaType":	"Fixed",
	"platformDesc":	"Assignment3_platform",
	"platHandOff":	"C:/Users/j54mao/ECE423/ECE-423-Labs/workspace/assignment2_hunter_test/hw/lab_prefab_wrapper.xsa",
	"platIntHandOff":	"<platformDir>/hw/lab_prefab_wrapper.xsa",
	"deviceType":	"zynq",
	"platIsPrebuiltAutogen":	"false",
	"platIsNoBootBsp":	"false",
	"platFsblTarget":	"ps7_cortexa9_0",
	"hasFsblMakeHasChanges":	"false",
	"hasPmufwMakeHasChanges":	"false",
	"fsblExtraCompilerFlags":	"-MMD -MP       -mcpu=cortex-a9 -mfpu=vfpv3 -mfloat-abi=hard ",
	"platPreBuiltFlag":	false,
	"platformSamplesDir":	"",
	"platActiveSys":	"Assignment3_platform",
	"systems":	[{
			"systemName":	"Assignment3_platform",
			"systemDesc":	"Assignment3_platform",
			"sysIsBootAutoGen":	"true",
			"systemDispName":	"Assignment3_platform",
			"sysActiveDom":	"standalone_domain",
			"sysDefaultDom":	"standalone_domain",
			"domains":	[{
					"domainName":	"zynq_fsbl",
					"domainDispName":	"zynq_fsbl",
					"domainDesc":	"FSBL Application BSP - Auto Generated.",
					"processors":	"ps7_cortexa9_0",
					"os":	"standalone",
					"sdxOs":	"standalone",
					"debugEnable":	"",
					"domRuntimes":	["cpp"],
					"swRepo":	"",
					"mssOsVer":	"7.7",
					"mssFile":	"",
					"md5Digest":	"4bdfa872853735a660eaeae9ac55f0bb",
					"compatibleApp":	"zynq_fsbl",
					"domType":	"bootDomain",
					"arch":	"32-bit",
					"appSettings":	{
						"appCompilerFlags":	"",
						"appLinkerFlags":	""
					},
					"addedLibs":	["xilffs:4.7", "xilrsa:1.6"],
					"libOptions":	{
						"libsContainingOptions":	[]
					},
					"prebuiltLibs":	{
						"prebuiltIncPath":	[],
						"prebuiltLibPath":	[]
					},
					"isolation":	{
					}
				}, {
					"domainName":	"standalone_domain",
					"domainDispName":	"standalone on ps7_cortexa9_0",
					"domainDesc":	"standalone_domain",
					"processors":	"ps7_cortexa9_0",
					"os":	"standalone",
					"sdxOs":	"standalone",
					"qemuArgs":	"<platformDir>/resources/Assignment3_platform/standalone_domain/qemu_args.txt",
					"qemuData":	"<platformDir>/resources/Assignment3_platform/standalone_domain/qemu",
					"debugEnable":	"False",
					"domRuntimes":	["cpp"],
					"swRepo":	"",
					"mssOsVer":	"7.7",
					"mssFile":	"",
					"md5Digest":	"90759cd7d17204249617ea3f07fde571",
					"compatibleApp":	"",
					"domType":	"mssDomain",
					"appSettings":	{
						"appCompilerFlags":	"",
						"appLinkerFlags":	""
					},
					"addedLibs":	[],
					"libOptions":	{
						"libsContainingOptions":	[]
					},
					"prebuiltLibs":	{
						"prebuiltIncPath":	[],
						"prebuiltLibPath":	[]
					},
					"isolation":	{
					}
				}]
		}]
}
TRACE::2025-03-26.16:06:26::SCWMssOS::Saving the mss changes C:/Users/j54mao/ECE423/ECE-423-Labs/workspace/Assignment3_platform/zynq_fsbl/zynq_fsbl_bsp/system.mss
TRACE::2025-03-26.16:06:26::SCWMssOS::Found a swdesign opened with the mssfile.
TRACE::2025-03-26.16:06:26::SCWMssOS::Completed writemss as part of save.
TRACE::2025-03-26.16:06:26::SCWMssOS::Commit changes completed.
TRACE::2025-03-26.16:06:26::SCWMssOS::Saving the mss changes C:/Users/j54mao/ECE423/ECE-423-Labs/workspace/Assignment3_platform/ps7_cortexa9_0/standalone_domain/bsp/system.mss
TRACE::2025-03-26.16:06:26::SCWMssOS::Found a swdesign opened with the mssfile.
TRACE::2025-03-26.16:06:26::SCWMssOS::Completed writemss as part of save.
TRACE::2025-03-26.16:06:26::SCWMssOS::Commit changes completed.
TRACE::2025-03-26.16:06:26::SCWPlatform::Trying to open the hw design at C:/Users/j54mao/ECE423/ECE-423-Labs/workspace/Assignment3_platform/hw/lab_prefab_wrapper.xsa
TRACE::2025-03-26.16:06:26::SCWPlatform::DSA given C:/Users/j54mao/ECE423/ECE-423-Labs/workspace/Assignment3_platform/hw/lab_prefab_wrapper.xsa
TRACE::2025-03-26.16:06:26::SCWPlatform::DSA absoulate path C:/Users/j54mao/ECE423/ECE-423-Labs/workspace/Assignment3_platform/hw/lab_prefab_wrapper.xsa
TRACE::2025-03-26.16:06:26::SCWPlatform::DSA directory C:/Users/j54mao/ECE423/ECE-423-Labs/workspace/Assignment3_platform/hw
TRACE::2025-03-26.16:06:26::SCWPlatform:: Platform Path C:/Users/j54mao/ECE423/ECE-423-Labs/workspace/Assignment3_platform/hw/lab_prefab_wrapper.xsa
TRACE::2025-03-26.16:06:26::SCWPlatform:: Unique name xilinx:pynq-z1::0.0
TRACE::2025-03-26.16:06:26::SCWPlatform::Trying to set the existing hwdb with name lab_prefab_wrapper_0
TRACE::2025-03-26.16:06:26::SCWPlatform::Opened existing hwdb lab_prefab_wrapper_0
TRACE::2025-03-26.16:06:26::SCWPlatform::Found the Hw Db part of the input DSA
TRACE::2025-03-26.16:06:26::SCWMssOS::Checking the sw design at  C:/Users/j54mao/ECE423/ECE-423-Labs/workspace/Assignment3_platform/zynq_fsbl/zynq_fsbl_bsp/system.mss
TRACE::2025-03-26.16:06:26::SCWMssOS::DEBUG:  swdes dump  C:/Users/j54mao/ECE423/ECE-423-Labs/workspace/Assignment3_platform/ps7_cortexa9_0/standalone_domain/bsp/system.mss|system_0||
C:/Users/j54mao/ECE423/ECE-423-Labs/workspace/Assignment3_platform/zynq_fsbl/zynq_fsbl_bsp/system.mss|system||

TRACE::2025-03-26.16:06:26::SCWMssOS::Sw design exists and opened at  C:/Users/j54mao/ECE423/ECE-423-Labs/workspace/Assignment3_platform/zynq_fsbl/zynq_fsbl_bsp/system.mss
TRACE::2025-03-26.16:06:26::SCWPlatform::Trying to open the hw design at C:/Users/j54mao/ECE423/ECE-423-Labs/workspace/Assignment3_platform/hw/lab_prefab_wrapper.xsa
TRACE::2025-03-26.16:06:26::SCWPlatform::DSA given C:/Users/j54mao/ECE423/ECE-423-Labs/workspace/Assignment3_platform/hw/lab_prefab_wrapper.xsa
TRACE::2025-03-26.16:06:26::SCWPlatform::DSA absoulate path C:/Users/j54mao/ECE423/ECE-423-Labs/workspace/Assignment3_platform/hw/lab_prefab_wrapper.xsa
TRACE::2025-03-26.16:06:26::SCWPlatform::DSA directory C:/Users/j54mao/ECE423/ECE-423-Labs/workspace/Assignment3_platform/hw
TRACE::2025-03-26.16:06:26::SCWPlatform:: Platform Path C:/Users/j54mao/ECE423/ECE-423-Labs/workspace/Assignment3_platform/hw/lab_prefab_wrapper.xsa
TRACE::2025-03-26.16:06:26::SCWPlatform:: Unique name xilinx:pynq-z1::0.0
TRACE::2025-03-26.16:06:26::SCWPlatform::Trying to set the existing hwdb with name lab_prefab_wrapper_0
TRACE::2025-03-26.16:06:26::SCWPlatform::Opened existing hwdb lab_prefab_wrapper_0
TRACE::2025-03-26.16:06:26::SCWPlatform::Found the Hw Db part of the input DSA
TRACE::2025-03-26.16:06:26::SCWMssOS::Checking the sw design at  C:/Users/j54mao/ECE423/ECE-423-Labs/workspace/Assignment3_platform/zynq_fsbl/zynq_fsbl_bsp/system.mss
TRACE::2025-03-26.16:06:26::SCWMssOS::DEBUG:  swdes dump  C:/Users/j54mao/ECE423/ECE-423-Labs/workspace/Assignment3_platform/ps7_cortexa9_0/standalone_domain/bsp/system.mss|system_0||
C:/Users/j54mao/ECE423/ECE-423-Labs/workspace/Assignment3_platform/zynq_fsbl/zynq_fsbl_bsp/system.mss|system||

TRACE::2025-03-26.16:06:26::SCWMssOS::Sw design exists and opened at  C:/Users/j54mao/ECE423/ECE-423-Labs/workspace/Assignment3_platform/zynq_fsbl/zynq_fsbl_bsp/system.mss
TRACE::2025-03-26.16:06:26::SCWPlatform::Trying to open the hw design at C:/Users/j54mao/ECE423/ECE-423-Labs/workspace/Assignment3_platform/hw/lab_prefab_wrapper.xsa
TRACE::2025-03-26.16:06:26::SCWPlatform::DSA given C:/Users/j54mao/ECE423/ECE-423-Labs/workspace/Assignment3_platform/hw/lab_prefab_wrapper.xsa
TRACE::2025-03-26.16:06:26::SCWPlatform::DSA absoulate path C:/Users/j54mao/ECE423/ECE-423-Labs/workspace/Assignment3_platform/hw/lab_prefab_wrapper.xsa
TRACE::2025-03-26.16:06:26::SCWPlatform::DSA directory C:/Users/j54mao/ECE423/ECE-423-Labs/workspace/Assignment3_platform/hw
TRACE::2025-03-26.16:06:26::SCWPlatform:: Platform Path C:/Users/j54mao/ECE423/ECE-423-Labs/workspace/Assignment3_platform/hw/lab_prefab_wrapper.xsa
TRACE::2025-03-26.16:06:26::SCWPlatform:: Unique name xilinx:pynq-z1::0.0
TRACE::2025-03-26.16:06:26::SCWPlatform::Trying to set the existing hwdb with name lab_prefab_wrapper_0
TRACE::2025-03-26.16:06:26::SCWPlatform::Opened existing hwdb lab_prefab_wrapper_0
TRACE::2025-03-26.16:06:26::SCWPlatform::Found the Hw Db part of the input DSA
TRACE::2025-03-26.16:06:26::SCWMssOS::Checking the sw design at  C:/Users/j54mao/ECE423/ECE-423-Labs/workspace/Assignment3_platform/zynq_fsbl/zynq_fsbl_bsp/system.mss
TRACE::2025-03-26.16:06:26::SCWMssOS::DEBUG:  swdes dump  C:/Users/j54mao/ECE423/ECE-423-Labs/workspace/Assignment3_platform/ps7_cortexa9_0/standalone_domain/bsp/system.mss|system_0||
C:/Users/j54mao/ECE423/ECE-423-Labs/workspace/Assignment3_platform/zynq_fsbl/zynq_fsbl_bsp/system.mss|system||

TRACE::2025-03-26.16:06:26::SCWMssOS::Sw design exists and opened at  C:/Users/j54mao/ECE423/ECE-423-Labs/workspace/Assignment3_platform/zynq_fsbl/zynq_fsbl_bsp/system.mss
TRACE::2025-03-26.16:06:26::SCWPlatform::Trying to open the hw design at C:/Users/j54mao/ECE423/ECE-423-Labs/workspace/Assignment3_platform/hw/lab_prefab_wrapper.xsa
TRACE::2025-03-26.16:06:26::SCWPlatform::DSA given C:/Users/j54mao/ECE423/ECE-423-Labs/workspace/Assignment3_platform/hw/lab_prefab_wrapper.xsa
TRACE::2025-03-26.16:06:26::SCWPlatform::DSA absoulate path C:/Users/j54mao/ECE423/ECE-423-Labs/workspace/Assignment3_platform/hw/lab_prefab_wrapper.xsa
TRACE::2025-03-26.16:06:26::SCWPlatform::DSA directory C:/Users/j54mao/ECE423/ECE-423-Labs/workspace/Assignment3_platform/hw
TRACE::2025-03-26.16:06:26::SCWPlatform:: Platform Path C:/Users/j54mao/ECE423/ECE-423-Labs/workspace/Assignment3_platform/hw/lab_prefab_wrapper.xsa
TRACE::2025-03-26.16:06:26::SCWPlatform:: Unique name xilinx:pynq-z1::0.0
TRACE::2025-03-26.16:06:26::SCWPlatform::Trying to set the existing hwdb with name lab_prefab_wrapper_0
TRACE::2025-03-26.16:06:26::SCWPlatform::Opened existing hwdb lab_prefab_wrapper_0
TRACE::2025-03-26.16:06:26::SCWPlatform::Found the Hw Db part of the input DSA
TRACE::2025-03-26.16:06:26::SCWMssOS::Checking the sw design at  C:/Users/j54mao/ECE423/ECE-423-Labs/workspace/Assignment3_platform/ps7_cortexa9_0/standalone_domain/bsp/system.mss
TRACE::2025-03-26.16:06:26::SCWMssOS::DEBUG:  swdes dump  C:/Users/j54mao/ECE423/ECE-423-Labs/workspace/Assignment3_platform/ps7_cortexa9_0/standalone_domain/bsp/system.mss|system_0||
C:/Users/j54mao/ECE423/ECE-423-Labs/workspace/Assignment3_platform/zynq_fsbl/zynq_fsbl_bsp/system.mss|system||

TRACE::2025-03-26.16:06:26::SCWMssOS::Sw design exists and opened at  C:/Users/j54mao/ECE423/ECE-423-Labs/workspace/Assignment3_platform/ps7_cortexa9_0/standalone_domain/bsp/system.mss
TRACE::2025-03-26.16:06:26::SCWPlatform::Trying to open the hw design at C:/Users/j54mao/ECE423/ECE-423-Labs/workspace/Assignment3_platform/hw/lab_prefab_wrapper.xsa
TRACE::2025-03-26.16:06:26::SCWPlatform::DSA given C:/Users/j54mao/ECE423/ECE-423-Labs/workspace/Assignment3_platform/hw/lab_prefab_wrapper.xsa
TRACE::2025-03-26.16:06:26::SCWPlatform::DSA absoulate path C:/Users/j54mao/ECE423/ECE-423-Labs/workspace/Assignment3_platform/hw/lab_prefab_wrapper.xsa
TRACE::2025-03-26.16:06:26::SCWPlatform::DSA directory C:/Users/j54mao/ECE423/ECE-423-Labs/workspace/Assignment3_platform/hw
TRACE::2025-03-26.16:06:26::SCWPlatform:: Platform Path C:/Users/j54mao/ECE423/ECE-423-Labs/workspace/Assignment3_platform/hw/lab_prefab_wrapper.xsa
TRACE::2025-03-26.16:06:26::SCWPlatform:: Unique name xilinx:pynq-z1::0.0
TRACE::2025-03-26.16:06:26::SCWPlatform::Trying to set the existing hwdb with name lab_prefab_wrapper_0
TRACE::2025-03-26.16:06:26::SCWPlatform::Opened existing hwdb lab_prefab_wrapper_0
TRACE::2025-03-26.16:06:26::SCWPlatform::Found the Hw Db part of the input DSA
TRACE::2025-03-26.16:06:26::SCWMssOS::Checking the sw design at  C:/Users/j54mao/ECE423/ECE-423-Labs/workspace/Assignment3_platform/ps7_cortexa9_0/standalone_domain/bsp/system.mss
TRACE::2025-03-26.16:06:26::SCWMssOS::DEBUG:  swdes dump  C:/Users/j54mao/ECE423/ECE-423-Labs/workspace/Assignment3_platform/ps7_cortexa9_0/standalone_domain/bsp/system.mss|system_0||
C:/Users/j54mao/ECE423/ECE-423-Labs/workspace/Assignment3_platform/zynq_fsbl/zynq_fsbl_bsp/system.mss|system||

TRACE::2025-03-26.16:06:26::SCWMssOS::Sw design exists and opened at  C:/Users/j54mao/ECE423/ECE-423-Labs/workspace/Assignment3_platform/ps7_cortexa9_0/standalone_domain/bsp/system.mss
TRACE::2025-03-26.16:06:26::SCWPlatform::Trying to open the hw design at C:/Users/j54mao/ECE423/ECE-423-Labs/workspace/Assignment3_platform/hw/lab_prefab_wrapper.xsa
TRACE::2025-03-26.16:06:26::SCWPlatform::DSA given C:/Users/j54mao/ECE423/ECE-423-Labs/workspace/Assignment3_platform/hw/lab_prefab_wrapper.xsa
TRACE::2025-03-26.16:06:26::SCWPlatform::DSA absoulate path C:/Users/j54mao/ECE423/ECE-423-Labs/workspace/Assignment3_platform/hw/lab_prefab_wrapper.xsa
TRACE::2025-03-26.16:06:26::SCWPlatform::DSA directory C:/Users/j54mao/ECE423/ECE-423-Labs/workspace/Assignment3_platform/hw
TRACE::2025-03-26.16:06:26::SCWPlatform:: Platform Path C:/Users/j54mao/ECE423/ECE-423-Labs/workspace/Assignment3_platform/hw/lab_prefab_wrapper.xsa
TRACE::2025-03-26.16:06:26::SCWPlatform:: Unique name xilinx:pynq-z1::0.0
TRACE::2025-03-26.16:06:26::SCWPlatform::Trying to set the existing hwdb with name lab_prefab_wrapper_0
TRACE::2025-03-26.16:06:26::SCWPlatform::Opened existing hwdb lab_prefab_wrapper_0
TRACE::2025-03-26.16:06:26::SCWPlatform::Found the Hw Db part of the input DSA
TRACE::2025-03-26.16:06:26::SCWMssOS::Checking the sw design at  C:/Users/j54mao/ECE423/ECE-423-Labs/workspace/Assignment3_platform/ps7_cortexa9_0/standalone_domain/bsp/system.mss
TRACE::2025-03-26.16:06:26::SCWMssOS::DEBUG:  swdes dump  C:/Users/j54mao/ECE423/ECE-423-Labs/workspace/Assignment3_platform/ps7_cortexa9_0/standalone_domain/bsp/system.mss|system_0||
C:/Users/j54mao/ECE423/ECE-423-Labs/workspace/Assignment3_platform/zynq_fsbl/zynq_fsbl_bsp/system.mss|system||

TRACE::2025-03-26.16:06:26::SCWMssOS::Sw design exists and opened at  C:/Users/j54mao/ECE423/ECE-423-Labs/workspace/Assignment3_platform/ps7_cortexa9_0/standalone_domain/bsp/system.mss
TRACE::2025-03-26.16:06:26::SCWWriter::formatted JSON is {
	"platformName":	"Assignment3_platform",
	"sprVersion":	"2.0",
	"mode":	"gui",
	"dsaType":	"Fixed",
	"platformDesc":	"Assignment3_platform",
	"platHandOff":	"C:/Users/j54mao/ECE423/ECE-423-Labs/workspace/assignment2_hunter_test/hw/lab_prefab_wrapper.xsa",
	"platIntHandOff":	"<platformDir>/hw/lab_prefab_wrapper.xsa",
	"deviceType":	"zynq",
	"platIsPrebuiltAutogen":	"false",
	"platIsNoBootBsp":	"false",
	"platFsblTarget":	"ps7_cortexa9_0",
	"hasFsblMakeHasChanges":	"false",
	"hasPmufwMakeHasChanges":	"false",
	"fsblExtraCompilerFlags":	"-MMD -MP       -mcpu=cortex-a9 -mfpu=vfpv3 -mfloat-abi=hard ",
	"platPreBuiltFlag":	false,
	"platformSamplesDir":	"",
	"platActiveSys":	"Assignment3_platform",
	"systems":	[{
			"systemName":	"Assignment3_platform",
			"systemDesc":	"Assignment3_platform",
			"sysIsBootAutoGen":	"true",
			"systemDispName":	"Assignment3_platform",
			"sysActiveDom":	"standalone_domain",
			"sysDefaultDom":	"standalone_domain",
			"domains":	[{
					"domainName":	"zynq_fsbl",
					"domainDispName":	"zynq_fsbl",
					"domainDesc":	"FSBL Application BSP - Auto Generated.",
					"processors":	"ps7_cortexa9_0",
					"os":	"standalone",
					"sdxOs":	"standalone",
					"debugEnable":	"",
					"domRuntimes":	["cpp"],
					"swRepo":	"",
					"mssOsVer":	"7.7",
					"mssFile":	"",
					"md5Digest":	"4bdfa872853735a660eaeae9ac55f0bb",
					"compatibleApp":	"zynq_fsbl",
					"domType":	"bootDomain",
					"arch":	"32-bit",
					"appSettings":	{
						"appCompilerFlags":	"",
						"appLinkerFlags":	""
					},
					"addedLibs":	["xilffs:4.7", "xilrsa:1.6"],
					"libOptions":	{
						"libsContainingOptions":	[]
					},
					"prebuiltLibs":	{
						"prebuiltIncPath":	[],
						"prebuiltLibPath":	[]
					},
					"isolation":	{
					}
				}, {
					"domainName":	"standalone_domain",
					"domainDispName":	"standalone on ps7_cortexa9_0",
					"domainDesc":	"standalone_domain",
					"processors":	"ps7_cortexa9_0",
					"os":	"standalone",
					"sdxOs":	"standalone",
					"qemuArgs":	"<platformDir>/resources/Assignment3_platform/standalone_domain/qemu_args.txt",
					"qemuData":	"<platformDir>/resources/Assignment3_platform/standalone_domain/qemu",
					"debugEnable":	"False",
					"domRuntimes":	["cpp"],
					"swRepo":	"",
					"mssOsVer":	"7.7",
					"mssFile":	"",
					"md5Digest":	"90759cd7d17204249617ea3f07fde571",
					"compatibleApp":	"",
					"domType":	"mssDomain",
					"appSettings":	{
						"appCompilerFlags":	"",
						"appLinkerFlags":	""
					},
					"addedLibs":	[],
					"libOptions":	{
						"libsContainingOptions":	[]
					},
					"prebuiltLibs":	{
						"prebuiltIncPath":	[],
						"prebuiltLibPath":	[]
					},
					"isolation":	{
					}
				}]
		}]
}
TRACE::2025-03-26.16:06:27::SCWPlatform::Clearing the existing platform
TRACE::2025-03-26.16:06:27::SCWSystem::Clearing the existing sysconfig
TRACE::2025-03-26.16:06:27::SCWBDomain::clearing the fsbl build
TRACE::2025-03-26.16:06:27::SCWMssOS::Removing the swdes entry for  C:/Users/j54mao/ECE423/ECE-423-Labs/workspace/Assignment3_platform/zynq_fsbl/zynq_fsbl_bsp/system.mss
TRACE::2025-03-26.16:06:27::SCWMssOS::Removing the swdes entry for  C:/Users/j54mao/ECE423/ECE-423-Labs/workspace/Assignment3_platform/ps7_cortexa9_0/standalone_domain/bsp/system.mss
TRACE::2025-03-26.16:06:27::SCWSystem::Clearing the domains completed.
TRACE::2025-03-26.16:06:27::SCWPlatform::Clearing the opened hw db.
TRACE::2025-03-26.16:06:27::SCWPlatform::DSA given C:/Users/j54mao/ECE423/ECE-423-Labs/workspace/Assignment3_platform/hw/lab_prefab_wrapper.xsa
TRACE::2025-03-26.16:06:27::SCWPlatform::DSA absoulate path C:/Users/j54mao/ECE423/ECE-423-Labs/workspace/Assignment3_platform/hw/lab_prefab_wrapper.xsa
TRACE::2025-03-26.16:06:27::SCWPlatform:: Platform location is C:/Users/j54mao/ECE423/ECE-423-Labs/workspace/Assignment3_platform/hw
TRACE::2025-03-26.16:06:27::SCWPlatform:: Platform Path C:/Users/j54mao/ECE423/ECE-423-Labs/workspace/Assignment3_platform/hw/lab_prefab_wrapper.xsa
TRACE::2025-03-26.16:06:27::SCWPlatform:: Unique name xilinx:pynq-z1::0.0
TRACE::2025-03-26.16:06:27::SCWPlatform::Removing the HwDB with name C:/Users/j54mao/ECE423/ECE-423-Labs/workspace/Assignment3_platform/hw/lab_prefab_wrapper.xsa
TRACE::2025-03-26.16:06:27::SCWPlatform::Trying to open the hw design at C:/Users/j54mao/ECE423/ECE-423-Labs/workspace/Assignment3_platform/hw/lab_prefab_wrapper.xsa
TRACE::2025-03-26.16:06:27::SCWPlatform::DSA given C:/Users/j54mao/ECE423/ECE-423-Labs/workspace/Assignment3_platform/hw/lab_prefab_wrapper.xsa
TRACE::2025-03-26.16:06:27::SCWPlatform::DSA absoulate path C:/Users/j54mao/ECE423/ECE-423-Labs/workspace/Assignment3_platform/hw/lab_prefab_wrapper.xsa
TRACE::2025-03-26.16:06:27::SCWPlatform::DSA directory C:/Users/j54mao/ECE423/ECE-423-Labs/workspace/Assignment3_platform/hw
TRACE::2025-03-26.16:06:27::SCWPlatform:: Platform Path C:/Users/j54mao/ECE423/ECE-423-Labs/workspace/Assignment3_platform/hw/lab_prefab_wrapper.xsa
TRACE::2025-03-26.16:06:27::SCWPlatform:: Unique name xilinx:pynq-z1::0.0
TRACE::2025-03-26.16:06:27::SCWPlatform::Do not have an existing db opened. 
TRACE::2025-03-26.16:06:32::SCWPlatform::Opened new HwDB with name lab_prefab_wrapper_1
TRACE::2025-03-26.16:06:32::SCWReader::Active system found as  Assignment3_platform
TRACE::2025-03-26.16:06:32::SCWReader::Handling sysconfig Assignment3_platform
TRACE::2025-03-26.16:06:32::SCWDomain::checking for install qemu data   : 
TRACE::2025-03-26.16:06:32::SCWDomain:: Using the QEMU Data from install at  : C:/Software/Xilinx/Vitis/2022.1/data/emulation/platforms/zynq/sw/a9_standalone/qemu/
TRACE::2025-03-26.16:06:32::SCWDomain:: Using the QEMU args  from install at  : C:/Software/Xilinx/Vitis/2022.1/data/emulation/platforms/zynq/sw/a9_standalone/qemu/qemu_args.txt
TRACE::2025-03-26.16:06:32::SCWPlatform::Trying to open the hw design at C:/Users/j54mao/ECE423/ECE-423-Labs/workspace/Assignment3_platform/hw/lab_prefab_wrapper.xsa
TRACE::2025-03-26.16:06:32::SCWPlatform::DSA given C:/Users/j54mao/ECE423/ECE-423-Labs/workspace/Assignment3_platform/hw/lab_prefab_wrapper.xsa
TRACE::2025-03-26.16:06:32::SCWPlatform::DSA absoulate path C:/Users/j54mao/ECE423/ECE-423-Labs/workspace/Assignment3_platform/hw/lab_prefab_wrapper.xsa
TRACE::2025-03-26.16:06:32::SCWPlatform::DSA directory C:/Users/j54mao/ECE423/ECE-423-Labs/workspace/Assignment3_platform/hw
TRACE::2025-03-26.16:06:32::SCWPlatform:: Platform Path C:/Users/j54mao/ECE423/ECE-423-Labs/workspace/Assignment3_platform/hw/lab_prefab_wrapper.xsa
TRACE::2025-03-26.16:06:32::SCWPlatform:: Unique name xilinx:pynq-z1::0.0
TRACE::2025-03-26.16:06:32::SCWPlatform::Trying to set the existing hwdb with name lab_prefab_wrapper_1
TRACE::2025-03-26.16:06:32::SCWPlatform::Opened existing hwdb lab_prefab_wrapper_1
TRACE::2025-03-26.16:06:32::SCWPlatform::Found the Hw Db part of the input DSA
TRACE::2025-03-26.16:06:32::SCWPlatform::Trying to open the hw design at C:/Users/j54mao/ECE423/ECE-423-Labs/workspace/Assignment3_platform/hw/lab_prefab_wrapper.xsa
TRACE::2025-03-26.16:06:32::SCWPlatform::DSA given C:/Users/j54mao/ECE423/ECE-423-Labs/workspace/Assignment3_platform/hw/lab_prefab_wrapper.xsa
TRACE::2025-03-26.16:06:32::SCWPlatform::DSA absoulate path C:/Users/j54mao/ECE423/ECE-423-Labs/workspace/Assignment3_platform/hw/lab_prefab_wrapper.xsa
TRACE::2025-03-26.16:06:32::SCWPlatform::DSA directory C:/Users/j54mao/ECE423/ECE-423-Labs/workspace/Assignment3_platform/hw
TRACE::2025-03-26.16:06:32::SCWPlatform:: Platform Path C:/Users/j54mao/ECE423/ECE-423-Labs/workspace/Assignment3_platform/hw/lab_prefab_wrapper.xsa
TRACE::2025-03-26.16:06:32::SCWPlatform:: Unique name xilinx:pynq-z1::0.0
TRACE::2025-03-26.16:06:32::SCWPlatform::Trying to set the existing hwdb with name lab_prefab_wrapper_1
TRACE::2025-03-26.16:06:32::SCWPlatform::Opened existing hwdb lab_prefab_wrapper_1
TRACE::2025-03-26.16:06:32::SCWPlatform::Found the Hw Db part of the input DSA
TRACE::2025-03-26.16:06:32::SCWPlatform::Trying to open the hw design at C:/Users/j54mao/ECE423/ECE-423-Labs/workspace/Assignment3_platform/hw/lab_prefab_wrapper.xsa
TRACE::2025-03-26.16:06:32::SCWPlatform::DSA given C:/Users/j54mao/ECE423/ECE-423-Labs/workspace/Assignment3_platform/hw/lab_prefab_wrapper.xsa
TRACE::2025-03-26.16:06:32::SCWPlatform::DSA absoulate path C:/Users/j54mao/ECE423/ECE-423-Labs/workspace/Assignment3_platform/hw/lab_prefab_wrapper.xsa
TRACE::2025-03-26.16:06:32::SCWPlatform::DSA directory C:/Users/j54mao/ECE423/ECE-423-Labs/workspace/Assignment3_platform/hw
TRACE::2025-03-26.16:06:32::SCWPlatform:: Platform Path C:/Users/j54mao/ECE423/ECE-423-Labs/workspace/Assignment3_platform/hw/lab_prefab_wrapper.xsa
TRACE::2025-03-26.16:06:32::SCWPlatform:: Unique name xilinx:pynq-z1::0.0
TRACE::2025-03-26.16:06:32::SCWPlatform::Trying to set the existing hwdb with name lab_prefab_wrapper_1
TRACE::2025-03-26.16:06:32::SCWPlatform::Opened existing hwdb lab_prefab_wrapper_1
TRACE::2025-03-26.16:06:32::SCWPlatform::Found the Hw Db part of the input DSA
TRACE::2025-03-26.16:06:32::SCWReader::Boot application domain added for zynq_fsbl
TRACE::2025-03-26.16:06:32::SCWPlatform::Trying to open the hw design at C:/Users/j54mao/ECE423/ECE-423-Labs/workspace/Assignment3_platform/hw/lab_prefab_wrapper.xsa
TRACE::2025-03-26.16:06:32::SCWPlatform::DSA given C:/Users/j54mao/ECE423/ECE-423-Labs/workspace/Assignment3_platform/hw/lab_prefab_wrapper.xsa
TRACE::2025-03-26.16:06:32::SCWPlatform::DSA absoulate path C:/Users/j54mao/ECE423/ECE-423-Labs/workspace/Assignment3_platform/hw/lab_prefab_wrapper.xsa
TRACE::2025-03-26.16:06:32::SCWPlatform::DSA directory C:/Users/j54mao/ECE423/ECE-423-Labs/workspace/Assignment3_platform/hw
TRACE::2025-03-26.16:06:32::SCWPlatform:: Platform Path C:/Users/j54mao/ECE423/ECE-423-Labs/workspace/Assignment3_platform/hw/lab_prefab_wrapper.xsa
TRACE::2025-03-26.16:06:32::SCWPlatform:: Unique name xilinx:pynq-z1::0.0
TRACE::2025-03-26.16:06:32::SCWPlatform::Trying to set the existing hwdb with name lab_prefab_wrapper_1
TRACE::2025-03-26.16:06:32::SCWPlatform::Opened existing hwdb lab_prefab_wrapper_1
TRACE::2025-03-26.16:06:32::SCWPlatform::Found the Hw Db part of the input DSA
TRACE::2025-03-26.16:06:32::SCWMssOS::Checking the sw design at  C:/Users/j54mao/ECE423/ECE-423-Labs/workspace/Assignment3_platform/zynq_fsbl/zynq_fsbl_bsp/system.mss
TRACE::2025-03-26.16:06:32::SCWMssOS::DEBUG:  swdes dump  
TRACE::2025-03-26.16:06:32::SCWMssOS::No sw design opened at  C:/Users/j54mao/ECE423/ECE-423-Labs/workspace/Assignment3_platform/zynq_fsbl/zynq_fsbl_bsp/system.mss
TRACE::2025-03-26.16:06:32::SCWMssOS::mss exists loading the mss file  C:/Users/j54mao/ECE423/ECE-423-Labs/workspace/Assignment3_platform/zynq_fsbl/zynq_fsbl_bsp/system.mss
TRACE::2025-03-26.16:06:32::SCWMssOS::Opened the sw design from mss  C:/Users/j54mao/ECE423/ECE-423-Labs/workspace/Assignment3_platform/zynq_fsbl/zynq_fsbl_bsp/system.mss
TRACE::2025-03-26.16:06:32::SCWMssOS::Adding the swdes entry C:/Users/j54mao/ECE423/ECE-423-Labs/workspace/Assignment3_platform/zynq_fsbl/zynq_fsbl_bsp/system.mss with des name system
TRACE::2025-03-26.16:06:32::SCWMssOS::updating the scw layer about changes
TRACE::2025-03-26.16:06:32::SCWMssOS::Opened the sw design.  C:/Users/j54mao/ECE423/ECE-423-Labs/workspace/Assignment3_platform/zynq_fsbl/zynq_fsbl_bsp/system.mss
TRACE::2025-03-26.16:06:32::SCWPlatform::Trying to open the hw design at C:/Users/j54mao/ECE423/ECE-423-Labs/workspace/Assignment3_platform/hw/lab_prefab_wrapper.xsa
TRACE::2025-03-26.16:06:32::SCWPlatform::DSA given C:/Users/j54mao/ECE423/ECE-423-Labs/workspace/Assignment3_platform/hw/lab_prefab_wrapper.xsa
TRACE::2025-03-26.16:06:32::SCWPlatform::DSA absoulate path C:/Users/j54mao/ECE423/ECE-423-Labs/workspace/Assignment3_platform/hw/lab_prefab_wrapper.xsa
TRACE::2025-03-26.16:06:32::SCWPlatform::DSA directory C:/Users/j54mao/ECE423/ECE-423-Labs/workspace/Assignment3_platform/hw
TRACE::2025-03-26.16:06:32::SCWPlatform:: Platform Path C:/Users/j54mao/ECE423/ECE-423-Labs/workspace/Assignment3_platform/hw/lab_prefab_wrapper.xsa
TRACE::2025-03-26.16:06:32::SCWPlatform:: Unique name xilinx:pynq-z1::0.0
TRACE::2025-03-26.16:06:32::SCWPlatform::Trying to set the existing hwdb with name lab_prefab_wrapper_1
TRACE::2025-03-26.16:06:32::SCWPlatform::Opened existing hwdb lab_prefab_wrapper_1
TRACE::2025-03-26.16:06:32::SCWPlatform::Found the Hw Db part of the input DSA
TRACE::2025-03-26.16:06:32::SCWMssOS::Checking the sw design at  C:/Users/j54mao/ECE423/ECE-423-Labs/workspace/Assignment3_platform/zynq_fsbl/zynq_fsbl_bsp/system.mss
TRACE::2025-03-26.16:06:32::SCWMssOS::DEBUG:  swdes dump  C:/Users/j54mao/ECE423/ECE-423-Labs/workspace/Assignment3_platform/zynq_fsbl/zynq_fsbl_bsp/system.mss|system||

TRACE::2025-03-26.16:06:32::SCWMssOS::Sw design exists and opened at  C:/Users/j54mao/ECE423/ECE-423-Labs/workspace/Assignment3_platform/zynq_fsbl/zynq_fsbl_bsp/system.mss
TRACE::2025-03-26.16:06:32::SCWMssOS:: library already available in sw design:  xilffs:4.7
TRACE::2025-03-26.16:06:32::SCWPlatform::Trying to open the hw design at C:/Users/j54mao/ECE423/ECE-423-Labs/workspace/Assignment3_platform/hw/lab_prefab_wrapper.xsa
TRACE::2025-03-26.16:06:32::SCWPlatform::DSA given C:/Users/j54mao/ECE423/ECE-423-Labs/workspace/Assignment3_platform/hw/lab_prefab_wrapper.xsa
TRACE::2025-03-26.16:06:32::SCWPlatform::DSA absoulate path C:/Users/j54mao/ECE423/ECE-423-Labs/workspace/Assignment3_platform/hw/lab_prefab_wrapper.xsa
TRACE::2025-03-26.16:06:32::SCWPlatform::DSA directory C:/Users/j54mao/ECE423/ECE-423-Labs/workspace/Assignment3_platform/hw
TRACE::2025-03-26.16:06:32::SCWPlatform:: Platform Path C:/Users/j54mao/ECE423/ECE-423-Labs/workspace/Assignment3_platform/hw/lab_prefab_wrapper.xsa
TRACE::2025-03-26.16:06:32::SCWPlatform:: Unique name xilinx:pynq-z1::0.0
TRACE::2025-03-26.16:06:32::SCWPlatform::Trying to set the existing hwdb with name lab_prefab_wrapper_1
TRACE::2025-03-26.16:06:32::SCWPlatform::Opened existing hwdb lab_prefab_wrapper_1
TRACE::2025-03-26.16:06:32::SCWPlatform::Found the Hw Db part of the input DSA
TRACE::2025-03-26.16:06:32::SCWMssOS::Checking the sw design at  C:/Users/j54mao/ECE423/ECE-423-Labs/workspace/Assignment3_platform/zynq_fsbl/zynq_fsbl_bsp/system.mss
TRACE::2025-03-26.16:06:32::SCWMssOS::DEBUG:  swdes dump  C:/Users/j54mao/ECE423/ECE-423-Labs/workspace/Assignment3_platform/zynq_fsbl/zynq_fsbl_bsp/system.mss|system||

TRACE::2025-03-26.16:06:32::SCWMssOS::Sw design exists and opened at  C:/Users/j54mao/ECE423/ECE-423-Labs/workspace/Assignment3_platform/zynq_fsbl/zynq_fsbl_bsp/system.mss
TRACE::2025-03-26.16:06:32::SCWMssOS:: library already available in sw design:  xilrsa:1.6
TRACE::2025-03-26.16:06:32::SCWMssOS::Saving the mss changes C:/Users/j54mao/ECE423/ECE-423-Labs/workspace/Assignment3_platform/zynq_fsbl/zynq_fsbl_bsp/system.mss
TRACE::2025-03-26.16:06:32::SCWMssOS::Found a swdesign opened with the mssfile.
TRACE::2025-03-26.16:06:32::SCWMssOS::Completed writemss as part of save.
TRACE::2025-03-26.16:06:32::SCWMssOS::Commit changes completed.
TRACE::2025-03-26.16:06:32::SCWReader::Adding prebuilt librarypaths as   
TRACE::2025-03-26.16:06:32::SCWReader::Adding prebuilt incpaths  as   
TRACE::2025-03-26.16:06:32::SCWPlatform::Trying to open the hw design at C:/Users/j54mao/ECE423/ECE-423-Labs/workspace/Assignment3_platform/hw/lab_prefab_wrapper.xsa
TRACE::2025-03-26.16:06:32::SCWPlatform::DSA given C:/Users/j54mao/ECE423/ECE-423-Labs/workspace/Assignment3_platform/hw/lab_prefab_wrapper.xsa
TRACE::2025-03-26.16:06:32::SCWPlatform::DSA absoulate path C:/Users/j54mao/ECE423/ECE-423-Labs/workspace/Assignment3_platform/hw/lab_prefab_wrapper.xsa
TRACE::2025-03-26.16:06:32::SCWPlatform::DSA directory C:/Users/j54mao/ECE423/ECE-423-Labs/workspace/Assignment3_platform/hw
TRACE::2025-03-26.16:06:32::SCWPlatform:: Platform Path C:/Users/j54mao/ECE423/ECE-423-Labs/workspace/Assignment3_platform/hw/lab_prefab_wrapper.xsa
TRACE::2025-03-26.16:06:32::SCWPlatform:: Unique name xilinx:pynq-z1::0.0
TRACE::2025-03-26.16:06:32::SCWPlatform::Trying to set the existing hwdb with name lab_prefab_wrapper_1
TRACE::2025-03-26.16:06:32::SCWPlatform::Opened existing hwdb lab_prefab_wrapper_1
TRACE::2025-03-26.16:06:32::SCWPlatform::Found the Hw Db part of the input DSA
TRACE::2025-03-26.16:06:32::SCWMssOS::Checking the sw design at  C:/Users/j54mao/ECE423/ECE-423-Labs/workspace/Assignment3_platform/zynq_fsbl/zynq_fsbl_bsp/system.mss
TRACE::2025-03-26.16:06:32::SCWMssOS::DEBUG:  swdes dump  C:/Users/j54mao/ECE423/ECE-423-Labs/workspace/Assignment3_platform/zynq_fsbl/zynq_fsbl_bsp/system.mss|system||

TRACE::2025-03-26.16:06:32::SCWMssOS::Sw design exists and opened at  C:/Users/j54mao/ECE423/ECE-423-Labs/workspace/Assignment3_platform/zynq_fsbl/zynq_fsbl_bsp/system.mss
TRACE::2025-03-26.16:06:32::SCWReader::No isolation master present  
TRACE::2025-03-26.16:06:32::SCWDomain::checking for install qemu data   : 
TRACE::2025-03-26.16:06:32::SCWDomain:: Using the QEMU Data from install at  : C:/Software/Xilinx/Vitis/2022.1/data/emulation/platforms/zynq/sw/a9_standalone/qemu/
TRACE::2025-03-26.16:06:32::SCWDomain:: Using the QEMU args  from install at  : C:/Software/Xilinx/Vitis/2022.1/data/emulation/platforms/zynq/sw/a9_standalone/qemu/qemu_args.txt
TRACE::2025-03-26.16:06:32::SCWPlatform::Trying to open the hw design at C:/Users/j54mao/ECE423/ECE-423-Labs/workspace/Assignment3_platform/hw/lab_prefab_wrapper.xsa
TRACE::2025-03-26.16:06:32::SCWPlatform::DSA given C:/Users/j54mao/ECE423/ECE-423-Labs/workspace/Assignment3_platform/hw/lab_prefab_wrapper.xsa
TRACE::2025-03-26.16:06:32::SCWPlatform::DSA absoulate path C:/Users/j54mao/ECE423/ECE-423-Labs/workspace/Assignment3_platform/hw/lab_prefab_wrapper.xsa
TRACE::2025-03-26.16:06:32::SCWPlatform::DSA directory C:/Users/j54mao/ECE423/ECE-423-Labs/workspace/Assignment3_platform/hw
TRACE::2025-03-26.16:06:32::SCWPlatform:: Platform Path C:/Users/j54mao/ECE423/ECE-423-Labs/workspace/Assignment3_platform/hw/lab_prefab_wrapper.xsa
TRACE::2025-03-26.16:06:32::SCWPlatform:: Unique name xilinx:pynq-z1::0.0
TRACE::2025-03-26.16:06:32::SCWPlatform::Trying to set the existing hwdb with name lab_prefab_wrapper_1
TRACE::2025-03-26.16:06:32::SCWPlatform::Opened existing hwdb lab_prefab_wrapper_1
TRACE::2025-03-26.16:06:32::SCWPlatform::Found the Hw Db part of the input DSA
TRACE::2025-03-26.16:06:32::SCWPlatform::Trying to open the hw design at C:/Users/j54mao/ECE423/ECE-423-Labs/workspace/Assignment3_platform/hw/lab_prefab_wrapper.xsa
TRACE::2025-03-26.16:06:32::SCWPlatform::DSA given C:/Users/j54mao/ECE423/ECE-423-Labs/workspace/Assignment3_platform/hw/lab_prefab_wrapper.xsa
TRACE::2025-03-26.16:06:32::SCWPlatform::DSA absoulate path C:/Users/j54mao/ECE423/ECE-423-Labs/workspace/Assignment3_platform/hw/lab_prefab_wrapper.xsa
TRACE::2025-03-26.16:06:32::SCWPlatform::DSA directory C:/Users/j54mao/ECE423/ECE-423-Labs/workspace/Assignment3_platform/hw
TRACE::2025-03-26.16:06:32::SCWPlatform:: Platform Path C:/Users/j54mao/ECE423/ECE-423-Labs/workspace/Assignment3_platform/hw/lab_prefab_wrapper.xsa
TRACE::2025-03-26.16:06:32::SCWPlatform:: Unique name xilinx:pynq-z1::0.0
TRACE::2025-03-26.16:06:32::SCWPlatform::Trying to set the existing hwdb with name lab_prefab_wrapper_1
TRACE::2025-03-26.16:06:32::SCWPlatform::Opened existing hwdb lab_prefab_wrapper_1
TRACE::2025-03-26.16:06:32::SCWPlatform::Found the Hw Db part of the input DSA
TRACE::2025-03-26.16:06:32::SCWPlatform::Trying to open the hw design at C:/Users/j54mao/ECE423/ECE-423-Labs/workspace/Assignment3_platform/hw/lab_prefab_wrapper.xsa
TRACE::2025-03-26.16:06:32::SCWPlatform::DSA given C:/Users/j54mao/ECE423/ECE-423-Labs/workspace/Assignment3_platform/hw/lab_prefab_wrapper.xsa
TRACE::2025-03-26.16:06:32::SCWPlatform::DSA absoulate path C:/Users/j54mao/ECE423/ECE-423-Labs/workspace/Assignment3_platform/hw/lab_prefab_wrapper.xsa
TRACE::2025-03-26.16:06:32::SCWPlatform::DSA directory C:/Users/j54mao/ECE423/ECE-423-Labs/workspace/Assignment3_platform/hw
TRACE::2025-03-26.16:06:32::SCWPlatform:: Platform Path C:/Users/j54mao/ECE423/ECE-423-Labs/workspace/Assignment3_platform/hw/lab_prefab_wrapper.xsa
TRACE::2025-03-26.16:06:32::SCWPlatform:: Unique name xilinx:pynq-z1::0.0
TRACE::2025-03-26.16:06:32::SCWPlatform::Trying to set the existing hwdb with name lab_prefab_wrapper_1
TRACE::2025-03-26.16:06:32::SCWPlatform::Opened existing hwdb lab_prefab_wrapper_1
TRACE::2025-03-26.16:06:32::SCWPlatform::Found the Hw Db part of the input DSA
TRACE::2025-03-26.16:06:32::SCWMssOS::Checking the sw design at  C:/Users/j54mao/ECE423/ECE-423-Labs/workspace/Assignment3_platform/ps7_cortexa9_0/standalone_domain/bsp/system.mss
TRACE::2025-03-26.16:06:32::SCWMssOS::DEBUG:  swdes dump  C:/Users/j54mao/ECE423/ECE-423-Labs/workspace/Assignment3_platform/zynq_fsbl/zynq_fsbl_bsp/system.mss|system||

TRACE::2025-03-26.16:06:32::SCWMssOS::No sw design opened at  C:/Users/j54mao/ECE423/ECE-423-Labs/workspace/Assignment3_platform/ps7_cortexa9_0/standalone_domain/bsp/system.mss
TRACE::2025-03-26.16:06:32::SCWMssOS::mss exists loading the mss file  C:/Users/j54mao/ECE423/ECE-423-Labs/workspace/Assignment3_platform/ps7_cortexa9_0/standalone_domain/bsp/system.mss
TRACE::2025-03-26.16:06:32::SCWMssOS::Opened the sw design from mss  C:/Users/j54mao/ECE423/ECE-423-Labs/workspace/Assignment3_platform/ps7_cortexa9_0/standalone_domain/bsp/system.mss
TRACE::2025-03-26.16:06:32::SCWMssOS::Adding the swdes entry C:/Users/j54mao/ECE423/ECE-423-Labs/workspace/Assignment3_platform/ps7_cortexa9_0/standalone_domain/bsp/system.mss with des name system_0
TRACE::2025-03-26.16:06:32::SCWMssOS::updating the scw layer about changes
TRACE::2025-03-26.16:06:32::SCWMssOS::Opened the sw design.  C:/Users/j54mao/ECE423/ECE-423-Labs/workspace/Assignment3_platform/ps7_cortexa9_0/standalone_domain/bsp/system.mss
TRACE::2025-03-26.16:06:32::SCWMssOS::Saving the mss changes C:/Users/j54mao/ECE423/ECE-423-Labs/workspace/Assignment3_platform/ps7_cortexa9_0/standalone_domain/bsp/system.mss
TRACE::2025-03-26.16:06:32::SCWMssOS::Found a swdesign opened with the mssfile.
TRACE::2025-03-26.16:06:32::SCWMssOS::Completed writemss as part of save.
TRACE::2025-03-26.16:06:32::SCWMssOS::Commit changes completed.
TRACE::2025-03-26.16:06:32::SCWReader::Adding prebuilt librarypaths as   
TRACE::2025-03-26.16:06:32::SCWReader::Adding prebuilt incpaths  as   
TRACE::2025-03-26.16:06:32::SCWPlatform::Trying to open the hw design at C:/Users/j54mao/ECE423/ECE-423-Labs/workspace/Assignment3_platform/hw/lab_prefab_wrapper.xsa
TRACE::2025-03-26.16:06:32::SCWPlatform::DSA given C:/Users/j54mao/ECE423/ECE-423-Labs/workspace/Assignment3_platform/hw/lab_prefab_wrapper.xsa
TRACE::2025-03-26.16:06:32::SCWPlatform::DSA absoulate path C:/Users/j54mao/ECE423/ECE-423-Labs/workspace/Assignment3_platform/hw/lab_prefab_wrapper.xsa
TRACE::2025-03-26.16:06:32::SCWPlatform::DSA directory C:/Users/j54mao/ECE423/ECE-423-Labs/workspace/Assignment3_platform/hw
TRACE::2025-03-26.16:06:32::SCWPlatform:: Platform Path C:/Users/j54mao/ECE423/ECE-423-Labs/workspace/Assignment3_platform/hw/lab_prefab_wrapper.xsa
TRACE::2025-03-26.16:06:32::SCWPlatform:: Unique name xilinx:pynq-z1::0.0
TRACE::2025-03-26.16:06:32::SCWPlatform::Trying to set the existing hwdb with name lab_prefab_wrapper_1
TRACE::2025-03-26.16:06:32::SCWPlatform::Opened existing hwdb lab_prefab_wrapper_1
TRACE::2025-03-26.16:06:32::SCWPlatform::Found the Hw Db part of the input DSA
TRACE::2025-03-26.16:06:32::SCWMssOS::Checking the sw design at  C:/Users/j54mao/ECE423/ECE-423-Labs/workspace/Assignment3_platform/ps7_cortexa9_0/standalone_domain/bsp/system.mss
TRACE::2025-03-26.16:06:32::SCWMssOS::DEBUG:  swdes dump  C:/Users/j54mao/ECE423/ECE-423-Labs/workspace/Assignment3_platform/ps7_cortexa9_0/standalone_domain/bsp/system.mss|system_0||
C:/Users/j54mao/ECE423/ECE-423-Labs/workspace/Assignment3_platform/zynq_fsbl/zynq_fsbl_bsp/system.mss|system||

TRACE::2025-03-26.16:06:32::SCWMssOS::Sw design exists and opened at  C:/Users/j54mao/ECE423/ECE-423-Labs/workspace/Assignment3_platform/ps7_cortexa9_0/standalone_domain/bsp/system.mss
TRACE::2025-03-26.16:06:32::SCWReader::No isolation master present  
TRACE::2025-03-26.16:13:57::SCWPlatform::Trying to open the hw design at C:/Users/j54mao/ECE423/ECE-423-Labs/workspace/Assignment3_platform/hw/lab_prefab_wrapper.xsa
TRACE::2025-03-26.16:13:57::SCWPlatform::DSA given C:/Users/j54mao/ECE423/ECE-423-Labs/workspace/Assignment3_platform/hw/lab_prefab_wrapper.xsa
TRACE::2025-03-26.16:13:57::SCWPlatform::DSA absoulate path C:/Users/j54mao/ECE423/ECE-423-Labs/workspace/Assignment3_platform/hw/lab_prefab_wrapper.xsa
TRACE::2025-03-26.16:13:57::SCWPlatform::DSA directory C:/Users/j54mao/ECE423/ECE-423-Labs/workspace/Assignment3_platform/hw
TRACE::2025-03-26.16:13:57::SCWPlatform:: Platform Path C:/Users/j54mao/ECE423/ECE-423-Labs/workspace/Assignment3_platform/hw/lab_prefab_wrapper.xsa
TRACE::2025-03-26.16:13:57::SCWPlatform:: Unique name xilinx:pynq-z1::0.0
TRACE::2025-03-26.16:13:57::SCWPlatform::Do not have an existing db opened. 
TRACE::2025-03-26.16:14:00::SCWPlatform::Opened new HwDB with name lab_prefab_wrapper_1
TRACE::2025-03-26.16:14:00::SCWReader::Active system found as  Assignment3_platform
TRACE::2025-03-26.16:14:00::SCWReader::Handling sysconfig Assignment3_platform
TRACE::2025-03-26.16:14:00::SCWDomain::checking for install qemu data   : 
TRACE::2025-03-26.16:14:00::SCWDomain:: Using the QEMU Data from install at  : C:/Software/Xilinx/Vitis/2022.1/data/emulation/platforms/zynq/sw/a9_standalone/qemu/
TRACE::2025-03-26.16:14:00::SCWDomain:: Using the QEMU args  from install at  : C:/Software/Xilinx/Vitis/2022.1/data/emulation/platforms/zynq/sw/a9_standalone/qemu/qemu_args.txt
TRACE::2025-03-26.16:14:00::SCWPlatform::Trying to open the hw design at C:/Users/j54mao/ECE423/ECE-423-Labs/workspace/Assignment3_platform/hw/lab_prefab_wrapper.xsa
TRACE::2025-03-26.16:14:00::SCWPlatform::DSA given C:/Users/j54mao/ECE423/ECE-423-Labs/workspace/Assignment3_platform/hw/lab_prefab_wrapper.xsa
TRACE::2025-03-26.16:14:00::SCWPlatform::DSA absoulate path C:/Users/j54mao/ECE423/ECE-423-Labs/workspace/Assignment3_platform/hw/lab_prefab_wrapper.xsa
TRACE::2025-03-26.16:14:00::SCWPlatform::DSA directory C:/Users/j54mao/ECE423/ECE-423-Labs/workspace/Assignment3_platform/hw
TRACE::2025-03-26.16:14:00::SCWPlatform:: Platform Path C:/Users/j54mao/ECE423/ECE-423-Labs/workspace/Assignment3_platform/hw/lab_prefab_wrapper.xsa
TRACE::2025-03-26.16:14:00::SCWPlatform:: Unique name xilinx:pynq-z1::0.0
TRACE::2025-03-26.16:14:00::SCWPlatform::Trying to set the existing hwdb with name lab_prefab_wrapper_1
TRACE::2025-03-26.16:14:00::SCWPlatform::Opened existing hwdb lab_prefab_wrapper_1
TRACE::2025-03-26.16:14:00::SCWPlatform::Found the Hw Db part of the input DSA
TRACE::2025-03-26.16:14:00::SCWPlatform::Trying to open the hw design at C:/Users/j54mao/ECE423/ECE-423-Labs/workspace/Assignment3_platform/hw/lab_prefab_wrapper.xsa
TRACE::2025-03-26.16:14:00::SCWPlatform::DSA given C:/Users/j54mao/ECE423/ECE-423-Labs/workspace/Assignment3_platform/hw/lab_prefab_wrapper.xsa
TRACE::2025-03-26.16:14:00::SCWPlatform::DSA absoulate path C:/Users/j54mao/ECE423/ECE-423-Labs/workspace/Assignment3_platform/hw/lab_prefab_wrapper.xsa
TRACE::2025-03-26.16:14:00::SCWPlatform::DSA directory C:/Users/j54mao/ECE423/ECE-423-Labs/workspace/Assignment3_platform/hw
TRACE::2025-03-26.16:14:00::SCWPlatform:: Platform Path C:/Users/j54mao/ECE423/ECE-423-Labs/workspace/Assignment3_platform/hw/lab_prefab_wrapper.xsa
TRACE::2025-03-26.16:14:00::SCWPlatform:: Unique name xilinx:pynq-z1::0.0
TRACE::2025-03-26.16:14:00::SCWPlatform::Trying to set the existing hwdb with name lab_prefab_wrapper_1
TRACE::2025-03-26.16:14:00::SCWPlatform::Opened existing hwdb lab_prefab_wrapper_1
TRACE::2025-03-26.16:14:00::SCWPlatform::Found the Hw Db part of the input DSA
TRACE::2025-03-26.16:14:00::SCWPlatform::Trying to open the hw design at C:/Users/j54mao/ECE423/ECE-423-Labs/workspace/Assignment3_platform/hw/lab_prefab_wrapper.xsa
TRACE::2025-03-26.16:14:00::SCWPlatform::DSA given C:/Users/j54mao/ECE423/ECE-423-Labs/workspace/Assignment3_platform/hw/lab_prefab_wrapper.xsa
TRACE::2025-03-26.16:14:00::SCWPlatform::DSA absoulate path C:/Users/j54mao/ECE423/ECE-423-Labs/workspace/Assignment3_platform/hw/lab_prefab_wrapper.xsa
TRACE::2025-03-26.16:14:00::SCWPlatform::DSA directory C:/Users/j54mao/ECE423/ECE-423-Labs/workspace/Assignment3_platform/hw
TRACE::2025-03-26.16:14:00::SCWPlatform:: Platform Path C:/Users/j54mao/ECE423/ECE-423-Labs/workspace/Assignment3_platform/hw/lab_prefab_wrapper.xsa
TRACE::2025-03-26.16:14:00::SCWPlatform:: Unique name xilinx:pynq-z1::0.0
TRACE::2025-03-26.16:14:00::SCWPlatform::Trying to set the existing hwdb with name lab_prefab_wrapper_1
TRACE::2025-03-26.16:14:00::SCWPlatform::Opened existing hwdb lab_prefab_wrapper_1
TRACE::2025-03-26.16:14:00::SCWPlatform::Found the Hw Db part of the input DSA
TRACE::2025-03-26.16:14:00::SCWReader::Boot application domain added for zynq_fsbl
TRACE::2025-03-26.16:14:00::SCWPlatform::Trying to open the hw design at C:/Users/j54mao/ECE423/ECE-423-Labs/workspace/Assignment3_platform/hw/lab_prefab_wrapper.xsa
TRACE::2025-03-26.16:14:00::SCWPlatform::DSA given C:/Users/j54mao/ECE423/ECE-423-Labs/workspace/Assignment3_platform/hw/lab_prefab_wrapper.xsa
TRACE::2025-03-26.16:14:00::SCWPlatform::DSA absoulate path C:/Users/j54mao/ECE423/ECE-423-Labs/workspace/Assignment3_platform/hw/lab_prefab_wrapper.xsa
TRACE::2025-03-26.16:14:00::SCWPlatform::DSA directory C:/Users/j54mao/ECE423/ECE-423-Labs/workspace/Assignment3_platform/hw
TRACE::2025-03-26.16:14:00::SCWPlatform:: Platform Path C:/Users/j54mao/ECE423/ECE-423-Labs/workspace/Assignment3_platform/hw/lab_prefab_wrapper.xsa
TRACE::2025-03-26.16:14:00::SCWPlatform:: Unique name xilinx:pynq-z1::0.0
TRACE::2025-03-26.16:14:00::SCWPlatform::Trying to set the existing hwdb with name lab_prefab_wrapper_1
TRACE::2025-03-26.16:14:00::SCWPlatform::Opened existing hwdb lab_prefab_wrapper_1
TRACE::2025-03-26.16:14:00::SCWPlatform::Found the Hw Db part of the input DSA
TRACE::2025-03-26.16:14:00::SCWMssOS::Checking the sw design at  C:/Users/j54mao/ECE423/ECE-423-Labs/workspace/Assignment3_platform/zynq_fsbl/zynq_fsbl_bsp/system.mss
TRACE::2025-03-26.16:14:00::SCWMssOS::DEBUG:  swdes dump  
TRACE::2025-03-26.16:14:00::SCWMssOS::No sw design opened at  C:/Users/j54mao/ECE423/ECE-423-Labs/workspace/Assignment3_platform/zynq_fsbl/zynq_fsbl_bsp/system.mss
TRACE::2025-03-26.16:14:00::SCWMssOS::mss exists loading the mss file  C:/Users/j54mao/ECE423/ECE-423-Labs/workspace/Assignment3_platform/zynq_fsbl/zynq_fsbl_bsp/system.mss
TRACE::2025-03-26.16:14:00::SCWMssOS::Opened the sw design from mss  C:/Users/j54mao/ECE423/ECE-423-Labs/workspace/Assignment3_platform/zynq_fsbl/zynq_fsbl_bsp/system.mss
TRACE::2025-03-26.16:14:00::SCWMssOS::Adding the swdes entry C:/Users/j54mao/ECE423/ECE-423-Labs/workspace/Assignment3_platform/zynq_fsbl/zynq_fsbl_bsp/system.mss with des name system
TRACE::2025-03-26.16:14:00::SCWMssOS::updating the scw layer about changes
TRACE::2025-03-26.16:14:00::SCWMssOS::Opened the sw design.  C:/Users/j54mao/ECE423/ECE-423-Labs/workspace/Assignment3_platform/zynq_fsbl/zynq_fsbl_bsp/system.mss
TRACE::2025-03-26.16:14:00::SCWPlatform::Trying to open the hw design at C:/Users/j54mao/ECE423/ECE-423-Labs/workspace/Assignment3_platform/hw/lab_prefab_wrapper.xsa
TRACE::2025-03-26.16:14:00::SCWPlatform::DSA given C:/Users/j54mao/ECE423/ECE-423-Labs/workspace/Assignment3_platform/hw/lab_prefab_wrapper.xsa
TRACE::2025-03-26.16:14:00::SCWPlatform::DSA absoulate path C:/Users/j54mao/ECE423/ECE-423-Labs/workspace/Assignment3_platform/hw/lab_prefab_wrapper.xsa
TRACE::2025-03-26.16:14:00::SCWPlatform::DSA directory C:/Users/j54mao/ECE423/ECE-423-Labs/workspace/Assignment3_platform/hw
TRACE::2025-03-26.16:14:00::SCWPlatform:: Platform Path C:/Users/j54mao/ECE423/ECE-423-Labs/workspace/Assignment3_platform/hw/lab_prefab_wrapper.xsa
TRACE::2025-03-26.16:14:00::SCWPlatform:: Unique name xilinx:pynq-z1::0.0
TRACE::2025-03-26.16:14:00::SCWPlatform::Trying to set the existing hwdb with name lab_prefab_wrapper_1
TRACE::2025-03-26.16:14:00::SCWPlatform::Opened existing hwdb lab_prefab_wrapper_1
TRACE::2025-03-26.16:14:00::SCWPlatform::Found the Hw Db part of the input DSA
TRACE::2025-03-26.16:14:00::SCWMssOS::Checking the sw design at  C:/Users/j54mao/ECE423/ECE-423-Labs/workspace/Assignment3_platform/zynq_fsbl/zynq_fsbl_bsp/system.mss
TRACE::2025-03-26.16:14:00::SCWMssOS::DEBUG:  swdes dump  C:/Users/j54mao/ECE423/ECE-423-Labs/workspace/Assignment3_platform/zynq_fsbl/zynq_fsbl_bsp/system.mss|system||

TRACE::2025-03-26.16:14:00::SCWMssOS::Sw design exists and opened at  C:/Users/j54mao/ECE423/ECE-423-Labs/workspace/Assignment3_platform/zynq_fsbl/zynq_fsbl_bsp/system.mss
TRACE::2025-03-26.16:14:00::SCWMssOS:: library already available in sw design:  xilffs:4.7
TRACE::2025-03-26.16:14:00::SCWPlatform::Trying to open the hw design at C:/Users/j54mao/ECE423/ECE-423-Labs/workspace/Assignment3_platform/hw/lab_prefab_wrapper.xsa
TRACE::2025-03-26.16:14:00::SCWPlatform::DSA given C:/Users/j54mao/ECE423/ECE-423-Labs/workspace/Assignment3_platform/hw/lab_prefab_wrapper.xsa
TRACE::2025-03-26.16:14:00::SCWPlatform::DSA absoulate path C:/Users/j54mao/ECE423/ECE-423-Labs/workspace/Assignment3_platform/hw/lab_prefab_wrapper.xsa
TRACE::2025-03-26.16:14:00::SCWPlatform::DSA directory C:/Users/j54mao/ECE423/ECE-423-Labs/workspace/Assignment3_platform/hw
TRACE::2025-03-26.16:14:00::SCWPlatform:: Platform Path C:/Users/j54mao/ECE423/ECE-423-Labs/workspace/Assignment3_platform/hw/lab_prefab_wrapper.xsa
TRACE::2025-03-26.16:14:00::SCWPlatform:: Unique name xilinx:pynq-z1::0.0
TRACE::2025-03-26.16:14:00::SCWPlatform::Trying to set the existing hwdb with name lab_prefab_wrapper_1
TRACE::2025-03-26.16:14:00::SCWPlatform::Opened existing hwdb lab_prefab_wrapper_1
TRACE::2025-03-26.16:14:00::SCWPlatform::Found the Hw Db part of the input DSA
TRACE::2025-03-26.16:14:00::SCWMssOS::Checking the sw design at  C:/Users/j54mao/ECE423/ECE-423-Labs/workspace/Assignment3_platform/zynq_fsbl/zynq_fsbl_bsp/system.mss
TRACE::2025-03-26.16:14:00::SCWMssOS::DEBUG:  swdes dump  C:/Users/j54mao/ECE423/ECE-423-Labs/workspace/Assignment3_platform/zynq_fsbl/zynq_fsbl_bsp/system.mss|system||

TRACE::2025-03-26.16:14:00::SCWMssOS::Sw design exists and opened at  C:/Users/j54mao/ECE423/ECE-423-Labs/workspace/Assignment3_platform/zynq_fsbl/zynq_fsbl_bsp/system.mss
TRACE::2025-03-26.16:14:00::SCWMssOS:: library already available in sw design:  xilrsa:1.6
TRACE::2025-03-26.16:14:00::SCWMssOS::Saving the mss changes C:/Users/j54mao/ECE423/ECE-423-Labs/workspace/Assignment3_platform/zynq_fsbl/zynq_fsbl_bsp/system.mss
TRACE::2025-03-26.16:14:00::SCWMssOS::Found a swdesign opened with the mssfile.
TRACE::2025-03-26.16:14:00::SCWMssOS::Completed writemss as part of save.
TRACE::2025-03-26.16:14:00::SCWMssOS::Commit changes completed.
TRACE::2025-03-26.16:14:00::SCWReader::Adding prebuilt librarypaths as   
TRACE::2025-03-26.16:14:00::SCWReader::Adding prebuilt incpaths  as   
TRACE::2025-03-26.16:14:00::SCWPlatform::Trying to open the hw design at C:/Users/j54mao/ECE423/ECE-423-Labs/workspace/Assignment3_platform/hw/lab_prefab_wrapper.xsa
TRACE::2025-03-26.16:14:00::SCWPlatform::DSA given C:/Users/j54mao/ECE423/ECE-423-Labs/workspace/Assignment3_platform/hw/lab_prefab_wrapper.xsa
TRACE::2025-03-26.16:14:00::SCWPlatform::DSA absoulate path C:/Users/j54mao/ECE423/ECE-423-Labs/workspace/Assignment3_platform/hw/lab_prefab_wrapper.xsa
TRACE::2025-03-26.16:14:00::SCWPlatform::DSA directory C:/Users/j54mao/ECE423/ECE-423-Labs/workspace/Assignment3_platform/hw
TRACE::2025-03-26.16:14:00::SCWPlatform:: Platform Path C:/Users/j54mao/ECE423/ECE-423-Labs/workspace/Assignment3_platform/hw/lab_prefab_wrapper.xsa
TRACE::2025-03-26.16:14:00::SCWPlatform:: Unique name xilinx:pynq-z1::0.0
TRACE::2025-03-26.16:14:00::SCWPlatform::Trying to set the existing hwdb with name lab_prefab_wrapper_1
TRACE::2025-03-26.16:14:00::SCWPlatform::Opened existing hwdb lab_prefab_wrapper_1
TRACE::2025-03-26.16:14:00::SCWPlatform::Found the Hw Db part of the input DSA
TRACE::2025-03-26.16:14:00::SCWMssOS::Checking the sw design at  C:/Users/j54mao/ECE423/ECE-423-Labs/workspace/Assignment3_platform/zynq_fsbl/zynq_fsbl_bsp/system.mss
TRACE::2025-03-26.16:14:00::SCWMssOS::DEBUG:  swdes dump  C:/Users/j54mao/ECE423/ECE-423-Labs/workspace/Assignment3_platform/zynq_fsbl/zynq_fsbl_bsp/system.mss|system||

TRACE::2025-03-26.16:14:00::SCWMssOS::Sw design exists and opened at  C:/Users/j54mao/ECE423/ECE-423-Labs/workspace/Assignment3_platform/zynq_fsbl/zynq_fsbl_bsp/system.mss
TRACE::2025-03-26.16:14:00::SCWReader::No isolation master present  
TRACE::2025-03-26.16:14:00::SCWDomain::checking for install qemu data   : 
TRACE::2025-03-26.16:14:00::SCWDomain:: Using the QEMU Data from install at  : C:/Software/Xilinx/Vitis/2022.1/data/emulation/platforms/zynq/sw/a9_standalone/qemu/
TRACE::2025-03-26.16:14:00::SCWDomain:: Using the QEMU args  from install at  : C:/Software/Xilinx/Vitis/2022.1/data/emulation/platforms/zynq/sw/a9_standalone/qemu/qemu_args.txt
TRACE::2025-03-26.16:14:00::SCWPlatform::Trying to open the hw design at C:/Users/j54mao/ECE423/ECE-423-Labs/workspace/Assignment3_platform/hw/lab_prefab_wrapper.xsa
TRACE::2025-03-26.16:14:00::SCWPlatform::DSA given C:/Users/j54mao/ECE423/ECE-423-Labs/workspace/Assignment3_platform/hw/lab_prefab_wrapper.xsa
TRACE::2025-03-26.16:14:00::SCWPlatform::DSA absoulate path C:/Users/j54mao/ECE423/ECE-423-Labs/workspace/Assignment3_platform/hw/lab_prefab_wrapper.xsa
TRACE::2025-03-26.16:14:00::SCWPlatform::DSA directory C:/Users/j54mao/ECE423/ECE-423-Labs/workspace/Assignment3_platform/hw
TRACE::2025-03-26.16:14:00::SCWPlatform:: Platform Path C:/Users/j54mao/ECE423/ECE-423-Labs/workspace/Assignment3_platform/hw/lab_prefab_wrapper.xsa
TRACE::2025-03-26.16:14:00::SCWPlatform:: Unique name xilinx:pynq-z1::0.0
TRACE::2025-03-26.16:14:00::SCWPlatform::Trying to set the existing hwdb with name lab_prefab_wrapper_1
TRACE::2025-03-26.16:14:00::SCWPlatform::Opened existing hwdb lab_prefab_wrapper_1
TRACE::2025-03-26.16:14:00::SCWPlatform::Found the Hw Db part of the input DSA
TRACE::2025-03-26.16:14:00::SCWPlatform::Trying to open the hw design at C:/Users/j54mao/ECE423/ECE-423-Labs/workspace/Assignment3_platform/hw/lab_prefab_wrapper.xsa
TRACE::2025-03-26.16:14:00::SCWPlatform::DSA given C:/Users/j54mao/ECE423/ECE-423-Labs/workspace/Assignment3_platform/hw/lab_prefab_wrapper.xsa
TRACE::2025-03-26.16:14:00::SCWPlatform::DSA absoulate path C:/Users/j54mao/ECE423/ECE-423-Labs/workspace/Assignment3_platform/hw/lab_prefab_wrapper.xsa
TRACE::2025-03-26.16:14:00::SCWPlatform::DSA directory C:/Users/j54mao/ECE423/ECE-423-Labs/workspace/Assignment3_platform/hw
TRACE::2025-03-26.16:14:00::SCWPlatform:: Platform Path C:/Users/j54mao/ECE423/ECE-423-Labs/workspace/Assignment3_platform/hw/lab_prefab_wrapper.xsa
TRACE::2025-03-26.16:14:00::SCWPlatform:: Unique name xilinx:pynq-z1::0.0
TRACE::2025-03-26.16:14:00::SCWPlatform::Trying to set the existing hwdb with name lab_prefab_wrapper_1
TRACE::2025-03-26.16:14:00::SCWPlatform::Opened existing hwdb lab_prefab_wrapper_1
TRACE::2025-03-26.16:14:00::SCWPlatform::Found the Hw Db part of the input DSA
TRACE::2025-03-26.16:14:00::SCWPlatform::Trying to open the hw design at C:/Users/j54mao/ECE423/ECE-423-Labs/workspace/Assignment3_platform/hw/lab_prefab_wrapper.xsa
TRACE::2025-03-26.16:14:00::SCWPlatform::DSA given C:/Users/j54mao/ECE423/ECE-423-Labs/workspace/Assignment3_platform/hw/lab_prefab_wrapper.xsa
TRACE::2025-03-26.16:14:00::SCWPlatform::DSA absoulate path C:/Users/j54mao/ECE423/ECE-423-Labs/workspace/Assignment3_platform/hw/lab_prefab_wrapper.xsa
TRACE::2025-03-26.16:14:00::SCWPlatform::DSA directory C:/Users/j54mao/ECE423/ECE-423-Labs/workspace/Assignment3_platform/hw
TRACE::2025-03-26.16:14:00::SCWPlatform:: Platform Path C:/Users/j54mao/ECE423/ECE-423-Labs/workspace/Assignment3_platform/hw/lab_prefab_wrapper.xsa
TRACE::2025-03-26.16:14:00::SCWPlatform:: Unique name xilinx:pynq-z1::0.0
TRACE::2025-03-26.16:14:00::SCWPlatform::Trying to set the existing hwdb with name lab_prefab_wrapper_1
TRACE::2025-03-26.16:14:00::SCWPlatform::Opened existing hwdb lab_prefab_wrapper_1
TRACE::2025-03-26.16:14:00::SCWPlatform::Found the Hw Db part of the input DSA
TRACE::2025-03-26.16:14:00::SCWMssOS::Checking the sw design at  C:/Users/j54mao/ECE423/ECE-423-Labs/workspace/Assignment3_platform/ps7_cortexa9_0/standalone_domain/bsp/system.mss
TRACE::2025-03-26.16:14:00::SCWMssOS::DEBUG:  swdes dump  C:/Users/j54mao/ECE423/ECE-423-Labs/workspace/Assignment3_platform/zynq_fsbl/zynq_fsbl_bsp/system.mss|system||

TRACE::2025-03-26.16:14:00::SCWMssOS::No sw design opened at  C:/Users/j54mao/ECE423/ECE-423-Labs/workspace/Assignment3_platform/ps7_cortexa9_0/standalone_domain/bsp/system.mss
TRACE::2025-03-26.16:14:00::SCWMssOS::mss exists loading the mss file  C:/Users/j54mao/ECE423/ECE-423-Labs/workspace/Assignment3_platform/ps7_cortexa9_0/standalone_domain/bsp/system.mss
TRACE::2025-03-26.16:14:00::SCWMssOS::Opened the sw design from mss  C:/Users/j54mao/ECE423/ECE-423-Labs/workspace/Assignment3_platform/ps7_cortexa9_0/standalone_domain/bsp/system.mss
TRACE::2025-03-26.16:14:00::SCWMssOS::Adding the swdes entry C:/Users/j54mao/ECE423/ECE-423-Labs/workspace/Assignment3_platform/ps7_cortexa9_0/standalone_domain/bsp/system.mss with des name system_0
TRACE::2025-03-26.16:14:00::SCWMssOS::updating the scw layer about changes
TRACE::2025-03-26.16:14:00::SCWMssOS::Opened the sw design.  C:/Users/j54mao/ECE423/ECE-423-Labs/workspace/Assignment3_platform/ps7_cortexa9_0/standalone_domain/bsp/system.mss
TRACE::2025-03-26.16:14:00::SCWMssOS::Saving the mss changes C:/Users/j54mao/ECE423/ECE-423-Labs/workspace/Assignment3_platform/ps7_cortexa9_0/standalone_domain/bsp/system.mss
TRACE::2025-03-26.16:14:00::SCWMssOS::Found a swdesign opened with the mssfile.
TRACE::2025-03-26.16:14:00::SCWMssOS::Completed writemss as part of save.
TRACE::2025-03-26.16:14:00::SCWMssOS::Commit changes completed.
TRACE::2025-03-26.16:14:00::SCWReader::Adding prebuilt librarypaths as   
TRACE::2025-03-26.16:14:00::SCWReader::Adding prebuilt incpaths  as   
TRACE::2025-03-26.16:14:00::SCWPlatform::Trying to open the hw design at C:/Users/j54mao/ECE423/ECE-423-Labs/workspace/Assignment3_platform/hw/lab_prefab_wrapper.xsa
TRACE::2025-03-26.16:14:00::SCWPlatform::DSA given C:/Users/j54mao/ECE423/ECE-423-Labs/workspace/Assignment3_platform/hw/lab_prefab_wrapper.xsa
TRACE::2025-03-26.16:14:00::SCWPlatform::DSA absoulate path C:/Users/j54mao/ECE423/ECE-423-Labs/workspace/Assignment3_platform/hw/lab_prefab_wrapper.xsa
TRACE::2025-03-26.16:14:00::SCWPlatform::DSA directory C:/Users/j54mao/ECE423/ECE-423-Labs/workspace/Assignment3_platform/hw
TRACE::2025-03-26.16:14:00::SCWPlatform:: Platform Path C:/Users/j54mao/ECE423/ECE-423-Labs/workspace/Assignment3_platform/hw/lab_prefab_wrapper.xsa
TRACE::2025-03-26.16:14:00::SCWPlatform:: Unique name xilinx:pynq-z1::0.0
TRACE::2025-03-26.16:14:00::SCWPlatform::Trying to set the existing hwdb with name lab_prefab_wrapper_1
TRACE::2025-03-26.16:14:00::SCWPlatform::Opened existing hwdb lab_prefab_wrapper_1
TRACE::2025-03-26.16:14:00::SCWPlatform::Found the Hw Db part of the input DSA
TRACE::2025-03-26.16:14:00::SCWMssOS::Checking the sw design at  C:/Users/j54mao/ECE423/ECE-423-Labs/workspace/Assignment3_platform/ps7_cortexa9_0/standalone_domain/bsp/system.mss
TRACE::2025-03-26.16:14:00::SCWMssOS::DEBUG:  swdes dump  C:/Users/j54mao/ECE423/ECE-423-Labs/workspace/Assignment3_platform/ps7_cortexa9_0/standalone_domain/bsp/system.mss|system_0||
C:/Users/j54mao/ECE423/ECE-423-Labs/workspace/Assignment3_platform/zynq_fsbl/zynq_fsbl_bsp/system.mss|system||

TRACE::2025-03-26.16:14:00::SCWMssOS::Sw design exists and opened at  C:/Users/j54mao/ECE423/ECE-423-Labs/workspace/Assignment3_platform/ps7_cortexa9_0/standalone_domain/bsp/system.mss
TRACE::2025-03-26.16:14:00::SCWReader::No isolation master present  
TRACE::2025-03-26.16:14:00::SCWPlatform::Trying to open the hw design at C:/Users/j54mao/ECE423/ECE-423-Labs/workspace/Assignment3_platform/hw/lab_prefab_wrapper.xsa
TRACE::2025-03-26.16:14:00::SCWPlatform::DSA given C:/Users/j54mao/ECE423/ECE-423-Labs/workspace/Assignment3_platform/hw/lab_prefab_wrapper.xsa
TRACE::2025-03-26.16:14:00::SCWPlatform::DSA absoulate path C:/Users/j54mao/ECE423/ECE-423-Labs/workspace/Assignment3_platform/hw/lab_prefab_wrapper.xsa
TRACE::2025-03-26.16:14:00::SCWPlatform::DSA directory C:/Users/j54mao/ECE423/ECE-423-Labs/workspace/Assignment3_platform/hw
TRACE::2025-03-26.16:14:00::SCWPlatform:: Platform Path C:/Users/j54mao/ECE423/ECE-423-Labs/workspace/Assignment3_platform/hw/lab_prefab_wrapper.xsa
TRACE::2025-03-26.16:14:00::SCWPlatform:: Unique name xilinx:pynq-z1::0.0
TRACE::2025-03-26.16:14:00::SCWPlatform::Trying to set the existing hwdb with name lab_prefab_wrapper_1
TRACE::2025-03-26.16:14:00::SCWPlatform::Opened existing hwdb lab_prefab_wrapper_1
TRACE::2025-03-26.16:14:00::SCWPlatform::Found the Hw Db part of the input DSA
TRACE::2025-03-26.16:14:00::SCWDomain::checking for install qemu data   : 
TRACE::2025-03-26.16:14:00::SCWDomain:: Using the QEMU Data from install at  : C:/Software/Xilinx/Vitis/2022.1/data/emulation/platforms/zynq/sw/a9_standalone/qemu/
TRACE::2025-03-26.16:14:00::SCWDomain:: Using the QEMU args  from install at  : C:/Software/Xilinx/Vitis/2022.1/data/emulation/platforms/zynq/sw/a9_standalone/qemu/qemu_args.txt
TRACE::2025-03-26.16:14:00::SCWPlatform::Trying to open the hw design at C:/Users/j54mao/ECE423/ECE-423-Labs/workspace/Assignment3_platform/hw/lab_prefab_wrapper.xsa
TRACE::2025-03-26.16:14:00::SCWPlatform::DSA given C:/Users/j54mao/ECE423/ECE-423-Labs/workspace/Assignment3_platform/hw/lab_prefab_wrapper.xsa
TRACE::2025-03-26.16:14:00::SCWPlatform::DSA absoulate path C:/Users/j54mao/ECE423/ECE-423-Labs/workspace/Assignment3_platform/hw/lab_prefab_wrapper.xsa
TRACE::2025-03-26.16:14:00::SCWPlatform::DSA directory C:/Users/j54mao/ECE423/ECE-423-Labs/workspace/Assignment3_platform/hw
TRACE::2025-03-26.16:14:00::SCWPlatform:: Platform Path C:/Users/j54mao/ECE423/ECE-423-Labs/workspace/Assignment3_platform/hw/lab_prefab_wrapper.xsa
TRACE::2025-03-26.16:14:00::SCWPlatform:: Unique name xilinx:pynq-z1::0.0
TRACE::2025-03-26.16:14:00::SCWPlatform::Trying to set the existing hwdb with name lab_prefab_wrapper_1
TRACE::2025-03-26.16:14:00::SCWPlatform::Opened existing hwdb lab_prefab_wrapper_1
TRACE::2025-03-26.16:14:00::SCWPlatform::Found the Hw Db part of the input DSA
TRACE::2025-03-26.16:14:00::SCWPlatform::Trying to open the hw design at C:/Users/j54mao/ECE423/ECE-423-Labs/workspace/Assignment3_platform/hw/lab_prefab_wrapper.xsa
TRACE::2025-03-26.16:14:00::SCWPlatform::DSA given C:/Users/j54mao/ECE423/ECE-423-Labs/workspace/Assignment3_platform/hw/lab_prefab_wrapper.xsa
TRACE::2025-03-26.16:14:00::SCWPlatform::DSA absoulate path C:/Users/j54mao/ECE423/ECE-423-Labs/workspace/Assignment3_platform/hw/lab_prefab_wrapper.xsa
TRACE::2025-03-26.16:14:00::SCWPlatform::DSA directory C:/Users/j54mao/ECE423/ECE-423-Labs/workspace/Assignment3_platform/hw
TRACE::2025-03-26.16:14:00::SCWPlatform:: Platform Path C:/Users/j54mao/ECE423/ECE-423-Labs/workspace/Assignment3_platform/hw/lab_prefab_wrapper.xsa
TRACE::2025-03-26.16:14:00::SCWPlatform:: Unique name xilinx:pynq-z1::0.0
TRACE::2025-03-26.16:14:00::SCWPlatform::Trying to set the existing hwdb with name lab_prefab_wrapper_1
TRACE::2025-03-26.16:14:00::SCWPlatform::Opened existing hwdb lab_prefab_wrapper_1
TRACE::2025-03-26.16:14:00::SCWPlatform::Found the Hw Db part of the input DSA
TRACE::2025-03-26.16:14:00::SCWDomain::Qemu Directory name is changed from "" to "qemu"
TRACE::2025-03-26.16:14:00::SCWPlatform::Trying to open the hw design at C:/Users/j54mao/ECE423/ECE-423-Labs/workspace/Assignment3_platform/hw/lab_prefab_wrapper.xsa
TRACE::2025-03-26.16:14:00::SCWPlatform::DSA given C:/Users/j54mao/ECE423/ECE-423-Labs/workspace/Assignment3_platform/hw/lab_prefab_wrapper.xsa
TRACE::2025-03-26.16:14:00::SCWPlatform::DSA absoulate path C:/Users/j54mao/ECE423/ECE-423-Labs/workspace/Assignment3_platform/hw/lab_prefab_wrapper.xsa
TRACE::2025-03-26.16:14:00::SCWPlatform::DSA directory C:/Users/j54mao/ECE423/ECE-423-Labs/workspace/Assignment3_platform/hw
TRACE::2025-03-26.16:14:00::SCWPlatform:: Platform Path C:/Users/j54mao/ECE423/ECE-423-Labs/workspace/Assignment3_platform/hw/lab_prefab_wrapper.xsa
TRACE::2025-03-26.16:14:00::SCWPlatform:: Unique name xilinx:pynq-z1::0.0
TRACE::2025-03-26.16:14:00::SCWPlatform::Trying to set the existing hwdb with name lab_prefab_wrapper_1
TRACE::2025-03-26.16:14:00::SCWPlatform::Opened existing hwdb lab_prefab_wrapper_1
TRACE::2025-03-26.16:14:00::SCWPlatform::Found the Hw Db part of the input DSA
TRACE::2025-03-26.16:14:00::SCWMssOS::Checking the sw design at  C:/Users/j54mao/ECE423/ECE-423-Labs/workspace/Assignment3_platform/ps7_cortexa9_1/standalone_ps7_cortexa9_1/bsp/system.mss
TRACE::2025-03-26.16:14:00::SCWMssOS::DEBUG:  swdes dump  C:/Users/j54mao/ECE423/ECE-423-Labs/workspace/Assignment3_platform/ps7_cortexa9_0/standalone_domain/bsp/system.mss|system_0||
C:/Users/j54mao/ECE423/ECE-423-Labs/workspace/Assignment3_platform/zynq_fsbl/zynq_fsbl_bsp/system.mss|system||

TRACE::2025-03-26.16:14:00::SCWMssOS::No sw design opened at  C:/Users/j54mao/ECE423/ECE-423-Labs/workspace/Assignment3_platform/ps7_cortexa9_1/standalone_ps7_cortexa9_1/bsp/system.mss
TRACE::2025-03-26.16:14:00::SCWMssOS::mss does not exists at C:/Users/j54mao/ECE423/ECE-423-Labs/workspace/Assignment3_platform/ps7_cortexa9_1/standalone_ps7_cortexa9_1/bsp/system.mss
TRACE::2025-03-26.16:14:00::SCWMssOS::Creating sw design at  C:/Users/j54mao/ECE423/ECE-423-Labs/workspace/Assignment3_platform/ps7_cortexa9_1/standalone_ps7_cortexa9_1/bsp/system.mss
TRACE::2025-03-26.16:14:00::SCWMssOS::Adding the swdes entry, created swdb C:/Users/j54mao/ECE423/ECE-423-Labs/workspace/Assignment3_platform/ps7_cortexa9_1/standalone_ps7_cortexa9_1/bsp/system.mss with des name C:/Users/j54mao/ECE423/ECE-423-Labs/workspace/Assignment3_platform/ps7_cortexa9_1/standalone_ps7_cortexa9_1/bsp/system.mss
TRACE::2025-03-26.16:14:00::SCWMssOS::updating the scw layer changes to swdes at   C:/Users/j54mao/ECE423/ECE-423-Labs/workspace/Assignment3_platform/ps7_cortexa9_1/standalone_ps7_cortexa9_1/bsp/system.mss
TRACE::2025-03-26.16:14:00::SCWMssOS::Writing mss at C:/Users/j54mao/ECE423/ECE-423-Labs/workspace/Assignment3_platform/ps7_cortexa9_1/standalone_ps7_cortexa9_1/bsp/system.mss
TRACE::2025-03-26.16:14:00::SCWMssOS::Completed writing the mss file at C:/Users/j54mao/ECE423/ECE-423-Labs/workspace/Assignment3_platform/ps7_cortexa9_1/standalone_ps7_cortexa9_1/bsp
TRACE::2025-03-26.16:14:00::SCWMssOS::Picking up changes from newly written mss file into SCW Layer. 
TRACE::2025-03-26.16:14:00::SCWMssOS::Updated the changes from newly written mss file into SCW Layer. 
TRACE::2025-03-26.16:14:00::SCWMssOS::Completed writing the mss file at C:/Users/j54mao/ECE423/ECE-423-Labs/workspace/Assignment3_platform/ps7_cortexa9_1/standalone_ps7_cortexa9_1/bsp
TRACE::2025-03-26.16:14:00::SCWMssOS::Forcing BSP Sources regeneration.
TRACE::2025-03-26.16:14:03::SCWMssOS::Saving the mss changes C:/Users/j54mao/ECE423/ECE-423-Labs/workspace/Assignment3_platform/zynq_fsbl/zynq_fsbl_bsp/system.mss
TRACE::2025-03-26.16:14:03::SCWMssOS::Found a swdesign opened with the mssfile.
TRACE::2025-03-26.16:14:03::SCWMssOS::Completed writemss as part of save.
TRACE::2025-03-26.16:14:03::SCWMssOS::Commit changes completed.
TRACE::2025-03-26.16:14:03::SCWMssOS::Saving the mss changes C:/Users/j54mao/ECE423/ECE-423-Labs/workspace/Assignment3_platform/ps7_cortexa9_0/standalone_domain/bsp/system.mss
TRACE::2025-03-26.16:14:03::SCWMssOS::Found a swdesign opened with the mssfile.
TRACE::2025-03-26.16:14:03::SCWMssOS::Completed writemss as part of save.
TRACE::2025-03-26.16:14:03::SCWMssOS::Commit changes completed.
TRACE::2025-03-26.16:14:03::SCWMssOS::Saving the mss changes C:/Users/j54mao/ECE423/ECE-423-Labs/workspace/Assignment3_platform/ps7_cortexa9_1/standalone_ps7_cortexa9_1/bsp/system.mss
TRACE::2025-03-26.16:14:03::SCWMssOS::Adding the swdes entry, mss present, able to open swdb C:/Users/j54mao/ECE423/ECE-423-Labs/workspace/Assignment3_platform/ps7_cortexa9_1/standalone_ps7_cortexa9_1/bsp/system.mss with des name system_1
TRACE::2025-03-26.16:14:03::SCWMssOS::Writing the mss file completed C:/Users/j54mao/ECE423/ECE-423-Labs/workspace/Assignment3_platform/ps7_cortexa9_1/standalone_ps7_cortexa9_1/bsp/system.mss
TRACE::2025-03-26.16:14:03::SCWMssOS::Commit changes completed.
TRACE::2025-03-26.16:14:03::SCWPlatform::Trying to open the hw design at C:/Users/j54mao/ECE423/ECE-423-Labs/workspace/Assignment3_platform/hw/lab_prefab_wrapper.xsa
TRACE::2025-03-26.16:14:03::SCWPlatform::DSA given C:/Users/j54mao/ECE423/ECE-423-Labs/workspace/Assignment3_platform/hw/lab_prefab_wrapper.xsa
TRACE::2025-03-26.16:14:03::SCWPlatform::DSA absoulate path C:/Users/j54mao/ECE423/ECE-423-Labs/workspace/Assignment3_platform/hw/lab_prefab_wrapper.xsa
TRACE::2025-03-26.16:14:03::SCWPlatform::DSA directory C:/Users/j54mao/ECE423/ECE-423-Labs/workspace/Assignment3_platform/hw
TRACE::2025-03-26.16:14:03::SCWPlatform:: Platform Path C:/Users/j54mao/ECE423/ECE-423-Labs/workspace/Assignment3_platform/hw/lab_prefab_wrapper.xsa
TRACE::2025-03-26.16:14:03::SCWPlatform:: Unique name xilinx:pynq-z1::0.0
TRACE::2025-03-26.16:14:03::SCWPlatform::Trying to set the existing hwdb with name lab_prefab_wrapper_1
TRACE::2025-03-26.16:14:03::SCWPlatform::Opened existing hwdb lab_prefab_wrapper_1
TRACE::2025-03-26.16:14:03::SCWPlatform::Found the Hw Db part of the input DSA
TRACE::2025-03-26.16:14:03::SCWMssOS::Checking the sw design at  C:/Users/j54mao/ECE423/ECE-423-Labs/workspace/Assignment3_platform/zynq_fsbl/zynq_fsbl_bsp/system.mss
TRACE::2025-03-26.16:14:03::SCWMssOS::DEBUG:  swdes dump  C:/Users/j54mao/ECE423/ECE-423-Labs/workspace/Assignment3_platform/ps7_cortexa9_0/standalone_domain/bsp/system.mss|system_0||
C:/Users/j54mao/ECE423/ECE-423-Labs/workspace/Assignment3_platform/ps7_cortexa9_1/standalone_ps7_cortexa9_1/bsp/system.mss|system_1||
C:/Users/j54mao/ECE423/ECE-423-Labs/workspace/Assignment3_platform/zynq_fsbl/zynq_fsbl_bsp/system.mss|system||

TRACE::2025-03-26.16:14:03::SCWMssOS::Sw design exists and opened at  C:/Users/j54mao/ECE423/ECE-423-Labs/workspace/Assignment3_platform/zynq_fsbl/zynq_fsbl_bsp/system.mss
TRACE::2025-03-26.16:14:03::SCWPlatform::Trying to open the hw design at C:/Users/j54mao/ECE423/ECE-423-Labs/workspace/Assignment3_platform/hw/lab_prefab_wrapper.xsa
TRACE::2025-03-26.16:14:03::SCWPlatform::DSA given C:/Users/j54mao/ECE423/ECE-423-Labs/workspace/Assignment3_platform/hw/lab_prefab_wrapper.xsa
TRACE::2025-03-26.16:14:03::SCWPlatform::DSA absoulate path C:/Users/j54mao/ECE423/ECE-423-Labs/workspace/Assignment3_platform/hw/lab_prefab_wrapper.xsa
TRACE::2025-03-26.16:14:03::SCWPlatform::DSA directory C:/Users/j54mao/ECE423/ECE-423-Labs/workspace/Assignment3_platform/hw
TRACE::2025-03-26.16:14:03::SCWPlatform:: Platform Path C:/Users/j54mao/ECE423/ECE-423-Labs/workspace/Assignment3_platform/hw/lab_prefab_wrapper.xsa
TRACE::2025-03-26.16:14:03::SCWPlatform:: Unique name xilinx:pynq-z1::0.0
TRACE::2025-03-26.16:14:03::SCWPlatform::Trying to set the existing hwdb with name lab_prefab_wrapper_1
TRACE::2025-03-26.16:14:03::SCWPlatform::Opened existing hwdb lab_prefab_wrapper_1
TRACE::2025-03-26.16:14:03::SCWPlatform::Found the Hw Db part of the input DSA
TRACE::2025-03-26.16:14:03::SCWMssOS::Checking the sw design at  C:/Users/j54mao/ECE423/ECE-423-Labs/workspace/Assignment3_platform/ps7_cortexa9_0/standalone_domain/bsp/system.mss
TRACE::2025-03-26.16:14:03::SCWMssOS::DEBUG:  swdes dump  C:/Users/j54mao/ECE423/ECE-423-Labs/workspace/Assignment3_platform/ps7_cortexa9_0/standalone_domain/bsp/system.mss|system_0||
C:/Users/j54mao/ECE423/ECE-423-Labs/workspace/Assignment3_platform/ps7_cortexa9_1/standalone_ps7_cortexa9_1/bsp/system.mss|system_1||
C:/Users/j54mao/ECE423/ECE-423-Labs/workspace/Assignment3_platform/zynq_fsbl/zynq_fsbl_bsp/system.mss|system||

TRACE::2025-03-26.16:14:03::SCWMssOS::Sw design exists and opened at  C:/Users/j54mao/ECE423/ECE-423-Labs/workspace/Assignment3_platform/ps7_cortexa9_0/standalone_domain/bsp/system.mss
TRACE::2025-03-26.16:14:03::SCWPlatform::Trying to open the hw design at C:/Users/j54mao/ECE423/ECE-423-Labs/workspace/Assignment3_platform/hw/lab_prefab_wrapper.xsa
TRACE::2025-03-26.16:14:03::SCWPlatform::DSA given C:/Users/j54mao/ECE423/ECE-423-Labs/workspace/Assignment3_platform/hw/lab_prefab_wrapper.xsa
TRACE::2025-03-26.16:14:03::SCWPlatform::DSA absoulate path C:/Users/j54mao/ECE423/ECE-423-Labs/workspace/Assignment3_platform/hw/lab_prefab_wrapper.xsa
TRACE::2025-03-26.16:14:03::SCWPlatform::DSA directory C:/Users/j54mao/ECE423/ECE-423-Labs/workspace/Assignment3_platform/hw
TRACE::2025-03-26.16:14:03::SCWPlatform:: Platform Path C:/Users/j54mao/ECE423/ECE-423-Labs/workspace/Assignment3_platform/hw/lab_prefab_wrapper.xsa
TRACE::2025-03-26.16:14:03::SCWPlatform:: Unique name xilinx:pynq-z1::0.0
TRACE::2025-03-26.16:14:03::SCWPlatform::Trying to set the existing hwdb with name lab_prefab_wrapper_1
TRACE::2025-03-26.16:14:03::SCWPlatform::Opened existing hwdb lab_prefab_wrapper_1
TRACE::2025-03-26.16:14:03::SCWPlatform::Found the Hw Db part of the input DSA
TRACE::2025-03-26.16:14:03::SCWMssOS::Checking the sw design at  C:/Users/j54mao/ECE423/ECE-423-Labs/workspace/Assignment3_platform/ps7_cortexa9_1/standalone_ps7_cortexa9_1/bsp/system.mss
TRACE::2025-03-26.16:14:03::SCWMssOS::DEBUG:  swdes dump  C:/Users/j54mao/ECE423/ECE-423-Labs/workspace/Assignment3_platform/ps7_cortexa9_0/standalone_domain/bsp/system.mss|system_0||
C:/Users/j54mao/ECE423/ECE-423-Labs/workspace/Assignment3_platform/ps7_cortexa9_1/standalone_ps7_cortexa9_1/bsp/system.mss|system_1||
C:/Users/j54mao/ECE423/ECE-423-Labs/workspace/Assignment3_platform/zynq_fsbl/zynq_fsbl_bsp/system.mss|system||

TRACE::2025-03-26.16:14:03::SCWMssOS::Sw design exists and opened at  C:/Users/j54mao/ECE423/ECE-423-Labs/workspace/Assignment3_platform/ps7_cortexa9_1/standalone_ps7_cortexa9_1/bsp/system.mss
TRACE::2025-03-26.16:14:03::SCWPlatform::Trying to open the hw design at C:/Users/j54mao/ECE423/ECE-423-Labs/workspace/Assignment3_platform/hw/lab_prefab_wrapper.xsa
TRACE::2025-03-26.16:14:03::SCWPlatform::DSA given C:/Users/j54mao/ECE423/ECE-423-Labs/workspace/Assignment3_platform/hw/lab_prefab_wrapper.xsa
TRACE::2025-03-26.16:14:03::SCWPlatform::DSA absoulate path C:/Users/j54mao/ECE423/ECE-423-Labs/workspace/Assignment3_platform/hw/lab_prefab_wrapper.xsa
TRACE::2025-03-26.16:14:03::SCWPlatform::DSA directory C:/Users/j54mao/ECE423/ECE-423-Labs/workspace/Assignment3_platform/hw
TRACE::2025-03-26.16:14:03::SCWPlatform:: Platform Path C:/Users/j54mao/ECE423/ECE-423-Labs/workspace/Assignment3_platform/hw/lab_prefab_wrapper.xsa
TRACE::2025-03-26.16:14:03::SCWPlatform:: Unique name xilinx:pynq-z1::0.0
TRACE::2025-03-26.16:14:03::SCWPlatform::Trying to set the existing hwdb with name lab_prefab_wrapper_1
TRACE::2025-03-26.16:14:03::SCWPlatform::Opened existing hwdb lab_prefab_wrapper_1
TRACE::2025-03-26.16:14:03::SCWPlatform::Found the Hw Db part of the input DSA
TRACE::2025-03-26.16:14:03::SCWMssOS::Checking the sw design at  C:/Users/j54mao/ECE423/ECE-423-Labs/workspace/Assignment3_platform/ps7_cortexa9_1/standalone_ps7_cortexa9_1/bsp/system.mss
TRACE::2025-03-26.16:14:03::SCWMssOS::DEBUG:  swdes dump  C:/Users/j54mao/ECE423/ECE-423-Labs/workspace/Assignment3_platform/ps7_cortexa9_0/standalone_domain/bsp/system.mss|system_0||
C:/Users/j54mao/ECE423/ECE-423-Labs/workspace/Assignment3_platform/ps7_cortexa9_1/standalone_ps7_cortexa9_1/bsp/system.mss|system_1||
C:/Users/j54mao/ECE423/ECE-423-Labs/workspace/Assignment3_platform/zynq_fsbl/zynq_fsbl_bsp/system.mss|system||

TRACE::2025-03-26.16:14:03::SCWMssOS::Sw design exists and opened at  C:/Users/j54mao/ECE423/ECE-423-Labs/workspace/Assignment3_platform/ps7_cortexa9_1/standalone_ps7_cortexa9_1/bsp/system.mss
TRACE::2025-03-26.16:14:03::SCWPlatform::Trying to open the hw design at C:/Users/j54mao/ECE423/ECE-423-Labs/workspace/Assignment3_platform/hw/lab_prefab_wrapper.xsa
TRACE::2025-03-26.16:14:03::SCWPlatform::DSA given C:/Users/j54mao/ECE423/ECE-423-Labs/workspace/Assignment3_platform/hw/lab_prefab_wrapper.xsa
TRACE::2025-03-26.16:14:03::SCWPlatform::DSA absoulate path C:/Users/j54mao/ECE423/ECE-423-Labs/workspace/Assignment3_platform/hw/lab_prefab_wrapper.xsa
TRACE::2025-03-26.16:14:03::SCWPlatform::DSA directory C:/Users/j54mao/ECE423/ECE-423-Labs/workspace/Assignment3_platform/hw
TRACE::2025-03-26.16:14:03::SCWPlatform:: Platform Path C:/Users/j54mao/ECE423/ECE-423-Labs/workspace/Assignment3_platform/hw/lab_prefab_wrapper.xsa
TRACE::2025-03-26.16:14:03::SCWPlatform:: Unique name xilinx:pynq-z1::0.0
TRACE::2025-03-26.16:14:03::SCWPlatform::Trying to set the existing hwdb with name lab_prefab_wrapper_1
TRACE::2025-03-26.16:14:03::SCWPlatform::Opened existing hwdb lab_prefab_wrapper_1
TRACE::2025-03-26.16:14:03::SCWPlatform::Found the Hw Db part of the input DSA
TRACE::2025-03-26.16:14:03::SCWMssOS::Checking the sw design at  C:/Users/j54mao/ECE423/ECE-423-Labs/workspace/Assignment3_platform/ps7_cortexa9_1/standalone_ps7_cortexa9_1/bsp/system.mss
TRACE::2025-03-26.16:14:03::SCWMssOS::DEBUG:  swdes dump  C:/Users/j54mao/ECE423/ECE-423-Labs/workspace/Assignment3_platform/ps7_cortexa9_0/standalone_domain/bsp/system.mss|system_0||
C:/Users/j54mao/ECE423/ECE-423-Labs/workspace/Assignment3_platform/ps7_cortexa9_1/standalone_ps7_cortexa9_1/bsp/system.mss|system_1||
C:/Users/j54mao/ECE423/ECE-423-Labs/workspace/Assignment3_platform/zynq_fsbl/zynq_fsbl_bsp/system.mss|system||

TRACE::2025-03-26.16:14:03::SCWMssOS::Sw design exists and opened at  C:/Users/j54mao/ECE423/ECE-423-Labs/workspace/Assignment3_platform/ps7_cortexa9_1/standalone_ps7_cortexa9_1/bsp/system.mss
TRACE::2025-03-26.16:14:03::SCWWriter::formatted JSON is {
	"platformName":	"Assignment3_platform",
	"sprVersion":	"2.0",
	"mode":	"gui",
	"dsaType":	"Fixed",
	"platformDesc":	"Assignment3_platform",
	"platHandOff":	"C:/Users/j54mao/ECE423/ECE-423-Labs/workspace/assignment2_hunter_test/hw/lab_prefab_wrapper.xsa",
	"platIntHandOff":	"<platformDir>/hw/lab_prefab_wrapper.xsa",
	"deviceType":	"zynq",
	"platIsPrebuiltAutogen":	"false",
	"platIsNoBootBsp":	"false",
	"hasFsblMakeHasChanges":	"false",
	"hasPmufwMakeHasChanges":	"false",
	"fsblExtraCompilerFlags":	"-MMD -MP       -mcpu=cortex-a9 -mfpu=vfpv3 -mfloat-abi=hard ",
	"platPreBuiltFlag":	false,
	"platformSamplesDir":	"",
	"platActiveSys":	"Assignment3_platform",
	"systems":	[{
			"systemName":	"Assignment3_platform",
			"systemDesc":	"Assignment3_platform",
			"sysIsBootAutoGen":	"true",
			"systemDispName":	"Assignment3_platform",
			"sysActiveDom":	"standalone_ps7_cortexa9_1",
			"sysDefaultDom":	"standalone_ps7_cortexa9_1",
			"domains":	[{
					"domainName":	"zynq_fsbl",
					"domainDispName":	"zynq_fsbl",
					"domainDesc":	"FSBL Application BSP - Auto Generated.",
					"processors":	"ps7_cortexa9_0",
					"os":	"standalone",
					"sdxOs":	"standalone",
					"debugEnable":	"",
					"domRuntimes":	["cpp"],
					"swRepo":	"",
					"mssOsVer":	"7.7",
					"mssFile":	"",
					"md5Digest":	"4bdfa872853735a660eaeae9ac55f0bb",
					"compatibleApp":	"zynq_fsbl",
					"domType":	"bootDomain",
					"arch":	"32-bit",
					"appSettings":	{
						"appCompilerFlags":	"",
						"appLinkerFlags":	""
					},
					"addedLibs":	["xilffs:4.7", "xilrsa:1.6"],
					"libOptions":	{
						"libsContainingOptions":	[]
					},
					"prebuiltLibs":	{
						"prebuiltIncPath":	[],
						"prebuiltLibPath":	[]
					},
					"isolation":	{
					}
				}, {
					"domainName":	"standalone_domain",
					"domainDispName":	"standalone on ps7_cortexa9_0",
					"domainDesc":	"standalone_domain",
					"processors":	"ps7_cortexa9_0",
					"os":	"standalone",
					"sdxOs":	"standalone",
					"qemuArgs":	"<platformDir>/resources/Assignment3_platform/standalone_domain/qemu_args.txt",
					"qemuData":	"<platformDir>/resources/Assignment3_platform/standalone_domain/qemu",
					"debugEnable":	"False",
					"domRuntimes":	["cpp"],
					"swRepo":	"",
					"mssOsVer":	"7.7",
					"mssFile":	"",
					"md5Digest":	"90759cd7d17204249617ea3f07fde571",
					"compatibleApp":	"",
					"domType":	"mssDomain",
					"appSettings":	{
						"appCompilerFlags":	"",
						"appLinkerFlags":	""
					},
					"addedLibs":	[],
					"libOptions":	{
						"libsContainingOptions":	[]
					},
					"prebuiltLibs":	{
						"prebuiltIncPath":	[],
						"prebuiltLibPath":	[]
					},
					"isolation":	{
					}
				}, {
					"domainName":	"standalone_ps7_cortexa9_1",
					"domainDispName":	"standalone_ps7_cortexa9_1",
					"domainDesc":	"standalone_ps7_cortexa9_1",
					"processors":	"ps7_cortexa9_1",
					"os":	"standalone",
					"sdxOs":	"standalone",
					"qemuArgs":	"<platformDir>/resources/Assignment3_platform/standalone_ps7_cortexa9_1/qemu_args.txt",
					"qemuData":	"<platformDir>/resources/Assignment3_platform/standalone_ps7_cortexa9_1/qemu",
					"debugEnable":	"False",
					"domRuntimes":	["cpp"],
					"swRepo":	"",
					"mssOsVer":	"7.7",
					"mssFile":	"",
					"md5Digest":	"3b009e6b4e734e9acb6aec67de6c4906",
					"compatibleApp":	"hello_world",
					"domType":	"mssDomain",
					"arch":	"32-bit",
					"appSettings":	{
						"appCompilerFlags":	"",
						"appLinkerFlags":	""
					},
					"addedLibs":	[],
					"libOptions":	{
						"libsContainingOptions":	[]
					},
					"prebuiltLibs":	{
						"prebuiltIncPath":	[],
						"prebuiltLibPath":	[]
					},
					"isolation":	{
					}
				}]
		}]
}
LOG::2025-03-26.16:14:03::SCWPlatform::Started generating the artifacts platform Assignment3_platform
TRACE::2025-03-26.16:14:03::SCWPlatform::Sanity checking of platform is completed
LOG::2025-03-26.16:14:03::SCWPlatform::Started generating the artifacts for system configuration Assignment3_platform
LOG::2025-03-26.16:14:03::SCWSystem::Checking the domain zynq_fsbl
LOG::2025-03-26.16:14:03::SCWSystem::Doing application build for :  zynq_fsbl
TRACE::2025-03-26.16:14:03::SCWBDomain::Not a forced makefile updation, No changes are present. 
TRACE::2025-03-26.16:14:03::SCWDomain::Skipping the build for domain :  zynq_fsbl
LOG::2025-03-26.16:14:03::SCWSystem::Checking the domain standalone_domain
LOG::2025-03-26.16:14:03::SCWSystem::Not a boot domain 
LOG::2025-03-26.16:14:03::SCWSystem::Checking the domain standalone_ps7_cortexa9_1
LOG::2025-03-26.16:14:03::SCWSystem::Not a boot domain 
LOG::2025-03-26.16:14:03::SCWSystem::Started Processing the domain standalone_domain
TRACE::2025-03-26.16:14:03::SCWDomain::Generating domain artifcats
TRACE::2025-03-26.16:14:03::SCWMssOS::Generating standalone artifcats
TRACE::2025-03-26.16:14:03::SCWMssOS::Copying the qemu file from  C:/Users/j54mao/ECE423/ECE-423-Labs/workspace/Assignment3_platform/resources/Assignment3_platform/standalone_domain/qemu_args.txt To C:/Users/j54mao/ECE423/ECE-423-Labs/workspace/Assignment3_platform/export/Assignment3_platform/sw/Assignment3_platform/qemu/
TRACE::2025-03-26.16:14:03::SCWMssOS::Copying the qemu file from  C:/Users/j54mao/ECE423/ECE-423-Labs/workspace/Assignment3_platform/resources/Assignment3_platform/standalone_domain/qemu_args.txt To C:/Users/j54mao/ECE423/ECE-423-Labs/workspace/Assignment3_platform/export/Assignment3_platform/sw/Assignment3_platform/standalone_domain/qemu/
TRACE::2025-03-26.16:14:03::SCWMssOS:: Copying the user libraries. 
TRACE::2025-03-26.16:14:03::SCWPlatform::Trying to open the hw design at C:/Users/j54mao/ECE423/ECE-423-Labs/workspace/Assignment3_platform/hw/lab_prefab_wrapper.xsa
TRACE::2025-03-26.16:14:03::SCWPlatform::DSA given C:/Users/j54mao/ECE423/ECE-423-Labs/workspace/Assignment3_platform/hw/lab_prefab_wrapper.xsa
TRACE::2025-03-26.16:14:03::SCWPlatform::DSA absoulate path C:/Users/j54mao/ECE423/ECE-423-Labs/workspace/Assignment3_platform/hw/lab_prefab_wrapper.xsa
TRACE::2025-03-26.16:14:03::SCWPlatform::DSA directory C:/Users/j54mao/ECE423/ECE-423-Labs/workspace/Assignment3_platform/hw
TRACE::2025-03-26.16:14:03::SCWPlatform:: Platform Path C:/Users/j54mao/ECE423/ECE-423-Labs/workspace/Assignment3_platform/hw/lab_prefab_wrapper.xsa
TRACE::2025-03-26.16:14:03::SCWPlatform:: Unique name xilinx:pynq-z1::0.0
TRACE::2025-03-26.16:14:03::SCWPlatform::Trying to set the existing hwdb with name lab_prefab_wrapper_1
TRACE::2025-03-26.16:14:03::SCWPlatform::Opened existing hwdb lab_prefab_wrapper_1
TRACE::2025-03-26.16:14:03::SCWPlatform::Found the Hw Db part of the input DSA
TRACE::2025-03-26.16:14:03::SCWMssOS::Checking the sw design at  C:/Users/j54mao/ECE423/ECE-423-Labs/workspace/Assignment3_platform/ps7_cortexa9_0/standalone_domain/bsp/system.mss
TRACE::2025-03-26.16:14:03::SCWMssOS::DEBUG:  swdes dump  C:/Users/j54mao/ECE423/ECE-423-Labs/workspace/Assignment3_platform/ps7_cortexa9_0/standalone_domain/bsp/system.mss|system_0||
C:/Users/j54mao/ECE423/ECE-423-Labs/workspace/Assignment3_platform/ps7_cortexa9_1/standalone_ps7_cortexa9_1/bsp/system.mss|system_1||
C:/Users/j54mao/ECE423/ECE-423-Labs/workspace/Assignment3_platform/zynq_fsbl/zynq_fsbl_bsp/system.mss|system||

TRACE::2025-03-26.16:14:03::SCWMssOS::Sw design exists and opened at  C:/Users/j54mao/ECE423/ECE-423-Labs/workspace/Assignment3_platform/ps7_cortexa9_0/standalone_domain/bsp/system.mss
TRACE::2025-03-26.16:14:03::SCWMssOS::Completed writing the mss file at C:/Users/j54mao/ECE423/ECE-423-Labs/workspace/Assignment3_platform/ps7_cortexa9_0/standalone_domain/bsp
TRACE::2025-03-26.16:14:03::SCWMssOS::Mss edits present, copying mssfile into export location C:/Users/j54mao/ECE423/ECE-423-Labs/workspace/Assignment3_platform/ps7_cortexa9_0/standalone_domain/bsp/system.mss
TRACE::2025-03-26.16:14:03::SCWMssOS::bsp generated is upto date with the mss file. Skipping bsp generation.
TRACE::2025-03-26.16:14:03::SCWMssOS::BSP is already built. skipping the bsp build ... 
TRACE::2025-03-26.16:14:03::SCWDomain::Skipping the build for domain :  standalone_domain
TRACE::2025-03-26.16:14:03::SCWMssOS::skipping the bsp build ... 
TRACE::2025-03-26.16:14:03::SCWMssOS::Copying to export directory.
TRACE::2025-03-26.16:14:03::SCWMssOS:: Checking if to create the Supporting Applications
TRACE::2025-03-26.16:14:03::SCWMssOS:: No Linux domain exists, trying to generate FSBL 
TRACE::2025-03-26.16:14:03::SCWMssOS:: Completed Standalone Artifacts creation 
LOG::2025-03-26.16:14:03::SCWSystem::Completed Processing the domain standalone_domain
LOG::2025-03-26.16:14:03::SCWSystem::Started Processing the domain standalone_ps7_cortexa9_1
TRACE::2025-03-26.16:14:03::SCWDomain::Generating domain artifcats
TRACE::2025-03-26.16:14:03::SCWMssOS::Generating standalone artifcats
TRACE::2025-03-26.16:14:03::SCWMssOS::Copying the qemu file from  C:/Users/j54mao/ECE423/ECE-423-Labs/workspace/Assignment3_platform/resources/Assignment3_platform/standalone_ps7_cortexa9_1/qemu_args.txt To C:/Users/j54mao/ECE423/ECE-423-Labs/workspace/Assignment3_platform/export/Assignment3_platform/sw/Assignment3_platform/standalone_ps7_cortexa9_1/qemu/
TRACE::2025-03-26.16:14:03::SCWMssOS:: Copying the user libraries. 
TRACE::2025-03-26.16:14:03::SCWPlatform::Trying to open the hw design at C:/Users/j54mao/ECE423/ECE-423-Labs/workspace/Assignment3_platform/hw/lab_prefab_wrapper.xsa
TRACE::2025-03-26.16:14:03::SCWPlatform::DSA given C:/Users/j54mao/ECE423/ECE-423-Labs/workspace/Assignment3_platform/hw/lab_prefab_wrapper.xsa
TRACE::2025-03-26.16:14:03::SCWPlatform::DSA absoulate path C:/Users/j54mao/ECE423/ECE-423-Labs/workspace/Assignment3_platform/hw/lab_prefab_wrapper.xsa
TRACE::2025-03-26.16:14:03::SCWPlatform::DSA directory C:/Users/j54mao/ECE423/ECE-423-Labs/workspace/Assignment3_platform/hw
TRACE::2025-03-26.16:14:03::SCWPlatform:: Platform Path C:/Users/j54mao/ECE423/ECE-423-Labs/workspace/Assignment3_platform/hw/lab_prefab_wrapper.xsa
TRACE::2025-03-26.16:14:03::SCWPlatform:: Unique name xilinx:pynq-z1::0.0
TRACE::2025-03-26.16:14:03::SCWPlatform::Trying to set the existing hwdb with name lab_prefab_wrapper_1
TRACE::2025-03-26.16:14:03::SCWPlatform::Opened existing hwdb lab_prefab_wrapper_1
TRACE::2025-03-26.16:14:03::SCWPlatform::Found the Hw Db part of the input DSA
TRACE::2025-03-26.16:14:03::SCWMssOS::Checking the sw design at  C:/Users/j54mao/ECE423/ECE-423-Labs/workspace/Assignment3_platform/ps7_cortexa9_1/standalone_ps7_cortexa9_1/bsp/system.mss
TRACE::2025-03-26.16:14:03::SCWMssOS::DEBUG:  swdes dump  C:/Users/j54mao/ECE423/ECE-423-Labs/workspace/Assignment3_platform/ps7_cortexa9_0/standalone_domain/bsp/system.mss|system_0||
C:/Users/j54mao/ECE423/ECE-423-Labs/workspace/Assignment3_platform/ps7_cortexa9_1/standalone_ps7_cortexa9_1/bsp/system.mss|system_1||
C:/Users/j54mao/ECE423/ECE-423-Labs/workspace/Assignment3_platform/zynq_fsbl/zynq_fsbl_bsp/system.mss|system||

TRACE::2025-03-26.16:14:03::SCWMssOS::Sw design exists and opened at  C:/Users/j54mao/ECE423/ECE-423-Labs/workspace/Assignment3_platform/ps7_cortexa9_1/standalone_ps7_cortexa9_1/bsp/system.mss
TRACE::2025-03-26.16:14:03::SCWMssOS::Completed writing the mss file at C:/Users/j54mao/ECE423/ECE-423-Labs/workspace/Assignment3_platform/ps7_cortexa9_1/standalone_ps7_cortexa9_1/bsp
TRACE::2025-03-26.16:14:03::SCWMssOS::Mss edits present, copying mssfile into export location C:/Users/j54mao/ECE423/ECE-423-Labs/workspace/Assignment3_platform/ps7_cortexa9_1/standalone_ps7_cortexa9_1/bsp/system.mss
TRACE::2025-03-26.16:14:03::SCWMssOS::bsp generated is upto date with the mss file. Skipping bsp generation.
TRACE::2025-03-26.16:14:03::SCWMssOS::BSP is already built. skipping the bsp build ... 
TRACE::2025-03-26.16:14:03::SCWDomain::Skipping the build for domain :  standalone_ps7_cortexa9_1
TRACE::2025-03-26.16:14:03::SCWMssOS::skipping the bsp build ... 
TRACE::2025-03-26.16:14:03::SCWMssOS::Copying to export directory.
TRACE::2025-03-26.16:14:03::SCWMssOS:: Checking if to create the Supporting Applications
TRACE::2025-03-26.16:14:03::SCWMssOS:: No Linux domain exists, trying to generate FSBL 
TRACE::2025-03-26.16:14:03::SCWMssOS:: Completed Standalone Artifacts creation 
LOG::2025-03-26.16:14:03::SCWSystem::Completed Processing the domain standalone_ps7_cortexa9_1
LOG::2025-03-26.16:14:03::SCWSystem::Completed Processing the sysconfig Assignment3_platform
LOG::2025-03-26.16:14:03::SCWPlatform::Completed generating the artifacts for system configuration Assignment3_platform
TRACE::2025-03-26.16:14:03::SCWPlatform::Started preparing the platform 
TRACE::2025-03-26.16:14:03::SCWSystem::Writing the bif file for system config Assignment3_platform
TRACE::2025-03-26.16:14:03::SCWSystem::dir created 
TRACE::2025-03-26.16:14:03::SCWSystem::Writing the bif 
TRACE::2025-03-26.16:14:03::SCWPlatform::Started writing the spfm file 
TRACE::2025-03-26.16:14:03::SCWPlatform::Started writing the xpfm file 
TRACE::2025-03-26.16:14:03::SCWPlatform::Completed generating the platform
TRACE::2025-03-26.16:14:03::SCWMssOS::Saving the mss changes C:/Users/j54mao/ECE423/ECE-423-Labs/workspace/Assignment3_platform/zynq_fsbl/zynq_fsbl_bsp/system.mss
TRACE::2025-03-26.16:14:03::SCWMssOS::Found a swdesign opened with the mssfile.
TRACE::2025-03-26.16:14:03::SCWMssOS::Completed writemss as part of save.
TRACE::2025-03-26.16:14:03::SCWMssOS::Commit changes completed.
TRACE::2025-03-26.16:14:03::SCWMssOS::Saving the mss changes C:/Users/j54mao/ECE423/ECE-423-Labs/workspace/Assignment3_platform/ps7_cortexa9_0/standalone_domain/bsp/system.mss
TRACE::2025-03-26.16:14:03::SCWMssOS::Found a swdesign opened with the mssfile.
TRACE::2025-03-26.16:14:03::SCWMssOS::Completed writemss as part of save.
TRACE::2025-03-26.16:14:03::SCWMssOS::Commit changes completed.
TRACE::2025-03-26.16:14:03::SCWMssOS::Saving the mss changes C:/Users/j54mao/ECE423/ECE-423-Labs/workspace/Assignment3_platform/ps7_cortexa9_1/standalone_ps7_cortexa9_1/bsp/system.mss
TRACE::2025-03-26.16:14:03::SCWMssOS::Found a swdesign opened with the mssfile.
TRACE::2025-03-26.16:14:03::SCWMssOS::Completed writemss as part of save.
TRACE::2025-03-26.16:14:03::SCWMssOS::Commit changes completed.
TRACE::2025-03-26.16:14:03::SCWPlatform::Trying to open the hw design at C:/Users/j54mao/ECE423/ECE-423-Labs/workspace/Assignment3_platform/hw/lab_prefab_wrapper.xsa
TRACE::2025-03-26.16:14:03::SCWPlatform::DSA given C:/Users/j54mao/ECE423/ECE-423-Labs/workspace/Assignment3_platform/hw/lab_prefab_wrapper.xsa
TRACE::2025-03-26.16:14:03::SCWPlatform::DSA absoulate path C:/Users/j54mao/ECE423/ECE-423-Labs/workspace/Assignment3_platform/hw/lab_prefab_wrapper.xsa
TRACE::2025-03-26.16:14:03::SCWPlatform::DSA directory C:/Users/j54mao/ECE423/ECE-423-Labs/workspace/Assignment3_platform/hw
TRACE::2025-03-26.16:14:03::SCWPlatform:: Platform Path C:/Users/j54mao/ECE423/ECE-423-Labs/workspace/Assignment3_platform/hw/lab_prefab_wrapper.xsa
TRACE::2025-03-26.16:14:03::SCWPlatform:: Unique name xilinx:pynq-z1::0.0
TRACE::2025-03-26.16:14:03::SCWPlatform::Trying to set the existing hwdb with name lab_prefab_wrapper_1
TRACE::2025-03-26.16:14:03::SCWPlatform::Opened existing hwdb lab_prefab_wrapper_1
TRACE::2025-03-26.16:14:03::SCWPlatform::Found the Hw Db part of the input DSA
TRACE::2025-03-26.16:14:03::SCWMssOS::Checking the sw design at  C:/Users/j54mao/ECE423/ECE-423-Labs/workspace/Assignment3_platform/zynq_fsbl/zynq_fsbl_bsp/system.mss
TRACE::2025-03-26.16:14:03::SCWMssOS::DEBUG:  swdes dump  C:/Users/j54mao/ECE423/ECE-423-Labs/workspace/Assignment3_platform/ps7_cortexa9_0/standalone_domain/bsp/system.mss|system_0||
C:/Users/j54mao/ECE423/ECE-423-Labs/workspace/Assignment3_platform/ps7_cortexa9_1/standalone_ps7_cortexa9_1/bsp/system.mss|system_1||
C:/Users/j54mao/ECE423/ECE-423-Labs/workspace/Assignment3_platform/zynq_fsbl/zynq_fsbl_bsp/system.mss|system||

TRACE::2025-03-26.16:14:03::SCWMssOS::Sw design exists and opened at  C:/Users/j54mao/ECE423/ECE-423-Labs/workspace/Assignment3_platform/zynq_fsbl/zynq_fsbl_bsp/system.mss
TRACE::2025-03-26.16:14:03::SCWPlatform::Trying to open the hw design at C:/Users/j54mao/ECE423/ECE-423-Labs/workspace/Assignment3_platform/hw/lab_prefab_wrapper.xsa
TRACE::2025-03-26.16:14:03::SCWPlatform::DSA given C:/Users/j54mao/ECE423/ECE-423-Labs/workspace/Assignment3_platform/hw/lab_prefab_wrapper.xsa
TRACE::2025-03-26.16:14:03::SCWPlatform::DSA absoulate path C:/Users/j54mao/ECE423/ECE-423-Labs/workspace/Assignment3_platform/hw/lab_prefab_wrapper.xsa
TRACE::2025-03-26.16:14:03::SCWPlatform::DSA directory C:/Users/j54mao/ECE423/ECE-423-Labs/workspace/Assignment3_platform/hw
TRACE::2025-03-26.16:14:03::SCWPlatform:: Platform Path C:/Users/j54mao/ECE423/ECE-423-Labs/workspace/Assignment3_platform/hw/lab_prefab_wrapper.xsa
TRACE::2025-03-26.16:14:03::SCWPlatform:: Unique name xilinx:pynq-z1::0.0
TRACE::2025-03-26.16:14:03::SCWPlatform::Trying to set the existing hwdb with name lab_prefab_wrapper_1
TRACE::2025-03-26.16:14:03::SCWPlatform::Opened existing hwdb lab_prefab_wrapper_1
TRACE::2025-03-26.16:14:03::SCWPlatform::Found the Hw Db part of the input DSA
TRACE::2025-03-26.16:14:03::SCWMssOS::Checking the sw design at  C:/Users/j54mao/ECE423/ECE-423-Labs/workspace/Assignment3_platform/ps7_cortexa9_0/standalone_domain/bsp/system.mss
TRACE::2025-03-26.16:14:03::SCWMssOS::DEBUG:  swdes dump  C:/Users/j54mao/ECE423/ECE-423-Labs/workspace/Assignment3_platform/ps7_cortexa9_0/standalone_domain/bsp/system.mss|system_0||
C:/Users/j54mao/ECE423/ECE-423-Labs/workspace/Assignment3_platform/ps7_cortexa9_1/standalone_ps7_cortexa9_1/bsp/system.mss|system_1||
C:/Users/j54mao/ECE423/ECE-423-Labs/workspace/Assignment3_platform/zynq_fsbl/zynq_fsbl_bsp/system.mss|system||

TRACE::2025-03-26.16:14:03::SCWMssOS::Sw design exists and opened at  C:/Users/j54mao/ECE423/ECE-423-Labs/workspace/Assignment3_platform/ps7_cortexa9_0/standalone_domain/bsp/system.mss
TRACE::2025-03-26.16:14:03::SCWPlatform::Trying to open the hw design at C:/Users/j54mao/ECE423/ECE-423-Labs/workspace/Assignment3_platform/hw/lab_prefab_wrapper.xsa
TRACE::2025-03-26.16:14:03::SCWPlatform::DSA given C:/Users/j54mao/ECE423/ECE-423-Labs/workspace/Assignment3_platform/hw/lab_prefab_wrapper.xsa
TRACE::2025-03-26.16:14:03::SCWPlatform::DSA absoulate path C:/Users/j54mao/ECE423/ECE-423-Labs/workspace/Assignment3_platform/hw/lab_prefab_wrapper.xsa
TRACE::2025-03-26.16:14:03::SCWPlatform::DSA directory C:/Users/j54mao/ECE423/ECE-423-Labs/workspace/Assignment3_platform/hw
TRACE::2025-03-26.16:14:03::SCWPlatform:: Platform Path C:/Users/j54mao/ECE423/ECE-423-Labs/workspace/Assignment3_platform/hw/lab_prefab_wrapper.xsa
TRACE::2025-03-26.16:14:03::SCWPlatform:: Unique name xilinx:pynq-z1::0.0
TRACE::2025-03-26.16:14:03::SCWPlatform::Trying to set the existing hwdb with name lab_prefab_wrapper_1
TRACE::2025-03-26.16:14:03::SCWPlatform::Opened existing hwdb lab_prefab_wrapper_1
TRACE::2025-03-26.16:14:03::SCWPlatform::Found the Hw Db part of the input DSA
TRACE::2025-03-26.16:14:03::SCWMssOS::Checking the sw design at  C:/Users/j54mao/ECE423/ECE-423-Labs/workspace/Assignment3_platform/ps7_cortexa9_1/standalone_ps7_cortexa9_1/bsp/system.mss
TRACE::2025-03-26.16:14:03::SCWMssOS::DEBUG:  swdes dump  C:/Users/j54mao/ECE423/ECE-423-Labs/workspace/Assignment3_platform/ps7_cortexa9_0/standalone_domain/bsp/system.mss|system_0||
C:/Users/j54mao/ECE423/ECE-423-Labs/workspace/Assignment3_platform/ps7_cortexa9_1/standalone_ps7_cortexa9_1/bsp/system.mss|system_1||
C:/Users/j54mao/ECE423/ECE-423-Labs/workspace/Assignment3_platform/zynq_fsbl/zynq_fsbl_bsp/system.mss|system||

TRACE::2025-03-26.16:14:03::SCWMssOS::Sw design exists and opened at  C:/Users/j54mao/ECE423/ECE-423-Labs/workspace/Assignment3_platform/ps7_cortexa9_1/standalone_ps7_cortexa9_1/bsp/system.mss
TRACE::2025-03-26.16:14:03::SCWPlatform::Trying to open the hw design at C:/Users/j54mao/ECE423/ECE-423-Labs/workspace/Assignment3_platform/hw/lab_prefab_wrapper.xsa
TRACE::2025-03-26.16:14:03::SCWPlatform::DSA given C:/Users/j54mao/ECE423/ECE-423-Labs/workspace/Assignment3_platform/hw/lab_prefab_wrapper.xsa
TRACE::2025-03-26.16:14:03::SCWPlatform::DSA absoulate path C:/Users/j54mao/ECE423/ECE-423-Labs/workspace/Assignment3_platform/hw/lab_prefab_wrapper.xsa
TRACE::2025-03-26.16:14:03::SCWPlatform::DSA directory C:/Users/j54mao/ECE423/ECE-423-Labs/workspace/Assignment3_platform/hw
TRACE::2025-03-26.16:14:03::SCWPlatform:: Platform Path C:/Users/j54mao/ECE423/ECE-423-Labs/workspace/Assignment3_platform/hw/lab_prefab_wrapper.xsa
TRACE::2025-03-26.16:14:03::SCWPlatform:: Unique name xilinx:pynq-z1::0.0
TRACE::2025-03-26.16:14:03::SCWPlatform::Trying to set the existing hwdb with name lab_prefab_wrapper_1
TRACE::2025-03-26.16:14:03::SCWPlatform::Opened existing hwdb lab_prefab_wrapper_1
TRACE::2025-03-26.16:14:03::SCWPlatform::Found the Hw Db part of the input DSA
TRACE::2025-03-26.16:14:03::SCWMssOS::Checking the sw design at  C:/Users/j54mao/ECE423/ECE-423-Labs/workspace/Assignment3_platform/ps7_cortexa9_1/standalone_ps7_cortexa9_1/bsp/system.mss
TRACE::2025-03-26.16:14:03::SCWMssOS::DEBUG:  swdes dump  C:/Users/j54mao/ECE423/ECE-423-Labs/workspace/Assignment3_platform/ps7_cortexa9_0/standalone_domain/bsp/system.mss|system_0||
C:/Users/j54mao/ECE423/ECE-423-Labs/workspace/Assignment3_platform/ps7_cortexa9_1/standalone_ps7_cortexa9_1/bsp/system.mss|system_1||
C:/Users/j54mao/ECE423/ECE-423-Labs/workspace/Assignment3_platform/zynq_fsbl/zynq_fsbl_bsp/system.mss|system||

TRACE::2025-03-26.16:14:03::SCWMssOS::Sw design exists and opened at  C:/Users/j54mao/ECE423/ECE-423-Labs/workspace/Assignment3_platform/ps7_cortexa9_1/standalone_ps7_cortexa9_1/bsp/system.mss
TRACE::2025-03-26.16:14:03::SCWPlatform::Trying to open the hw design at C:/Users/j54mao/ECE423/ECE-423-Labs/workspace/Assignment3_platform/hw/lab_prefab_wrapper.xsa
TRACE::2025-03-26.16:14:03::SCWPlatform::DSA given C:/Users/j54mao/ECE423/ECE-423-Labs/workspace/Assignment3_platform/hw/lab_prefab_wrapper.xsa
TRACE::2025-03-26.16:14:03::SCWPlatform::DSA absoulate path C:/Users/j54mao/ECE423/ECE-423-Labs/workspace/Assignment3_platform/hw/lab_prefab_wrapper.xsa
TRACE::2025-03-26.16:14:03::SCWPlatform::DSA directory C:/Users/j54mao/ECE423/ECE-423-Labs/workspace/Assignment3_platform/hw
TRACE::2025-03-26.16:14:03::SCWPlatform:: Platform Path C:/Users/j54mao/ECE423/ECE-423-Labs/workspace/Assignment3_platform/hw/lab_prefab_wrapper.xsa
TRACE::2025-03-26.16:14:03::SCWPlatform:: Unique name xilinx:pynq-z1::0.0
TRACE::2025-03-26.16:14:03::SCWPlatform::Trying to set the existing hwdb with name lab_prefab_wrapper_1
TRACE::2025-03-26.16:14:03::SCWPlatform::Opened existing hwdb lab_prefab_wrapper_1
TRACE::2025-03-26.16:14:03::SCWPlatform::Found the Hw Db part of the input DSA
TRACE::2025-03-26.16:14:03::SCWMssOS::Checking the sw design at  C:/Users/j54mao/ECE423/ECE-423-Labs/workspace/Assignment3_platform/ps7_cortexa9_1/standalone_ps7_cortexa9_1/bsp/system.mss
TRACE::2025-03-26.16:14:03::SCWMssOS::DEBUG:  swdes dump  C:/Users/j54mao/ECE423/ECE-423-Labs/workspace/Assignment3_platform/ps7_cortexa9_0/standalone_domain/bsp/system.mss|system_0||
C:/Users/j54mao/ECE423/ECE-423-Labs/workspace/Assignment3_platform/ps7_cortexa9_1/standalone_ps7_cortexa9_1/bsp/system.mss|system_1||
C:/Users/j54mao/ECE423/ECE-423-Labs/workspace/Assignment3_platform/zynq_fsbl/zynq_fsbl_bsp/system.mss|system||

TRACE::2025-03-26.16:14:03::SCWMssOS::Sw design exists and opened at  C:/Users/j54mao/ECE423/ECE-423-Labs/workspace/Assignment3_platform/ps7_cortexa9_1/standalone_ps7_cortexa9_1/bsp/system.mss
TRACE::2025-03-26.16:14:03::SCWWriter::formatted JSON is {
	"platformName":	"Assignment3_platform",
	"sprVersion":	"2.0",
	"mode":	"gui",
	"dsaType":	"Fixed",
	"platformDesc":	"Assignment3_platform",
	"platHandOff":	"C:/Users/j54mao/ECE423/ECE-423-Labs/workspace/assignment2_hunter_test/hw/lab_prefab_wrapper.xsa",
	"platIntHandOff":	"<platformDir>/hw/lab_prefab_wrapper.xsa",
	"deviceType":	"zynq",
	"platIsPrebuiltAutogen":	"false",
	"platIsNoBootBsp":	"false",
	"hasFsblMakeHasChanges":	"false",
	"hasPmufwMakeHasChanges":	"false",
	"fsblExtraCompilerFlags":	"-MMD -MP       -mcpu=cortex-a9 -mfpu=vfpv3 -mfloat-abi=hard ",
	"platPreBuiltFlag":	false,
	"platformSamplesDir":	"",
	"platActiveSys":	"Assignment3_platform",
	"systems":	[{
			"systemName":	"Assignment3_platform",
			"systemDesc":	"Assignment3_platform",
			"sysIsBootAutoGen":	"true",
			"systemDispName":	"Assignment3_platform",
			"sysActiveDom":	"standalone_ps7_cortexa9_1",
			"sysDefaultDom":	"standalone_ps7_cortexa9_1",
			"domains":	[{
					"domainName":	"zynq_fsbl",
					"domainDispName":	"zynq_fsbl",
					"domainDesc":	"FSBL Application BSP - Auto Generated.",
					"processors":	"ps7_cortexa9_0",
					"os":	"standalone",
					"sdxOs":	"standalone",
					"debugEnable":	"",
					"domRuntimes":	["cpp"],
					"swRepo":	"",
					"mssOsVer":	"7.7",
					"mssFile":	"",
					"md5Digest":	"4bdfa872853735a660eaeae9ac55f0bb",
					"compatibleApp":	"zynq_fsbl",
					"domType":	"bootDomain",
					"arch":	"32-bit",
					"appSettings":	{
						"appCompilerFlags":	"",
						"appLinkerFlags":	""
					},
					"addedLibs":	["xilffs:4.7", "xilrsa:1.6"],
					"libOptions":	{
						"libsContainingOptions":	[]
					},
					"prebuiltLibs":	{
						"prebuiltIncPath":	[],
						"prebuiltLibPath":	[]
					},
					"isolation":	{
					}
				}, {
					"domainName":	"standalone_domain",
					"domainDispName":	"standalone on ps7_cortexa9_0",
					"domainDesc":	"standalone_domain",
					"processors":	"ps7_cortexa9_0",
					"os":	"standalone",
					"sdxOs":	"standalone",
					"qemuArgs":	"<platformDir>/resources/Assignment3_platform/standalone_domain/qemu_args.txt",
					"qemuData":	"<platformDir>/resources/Assignment3_platform/standalone_domain/qemu",
					"debugEnable":	"False",
					"domRuntimes":	["cpp"],
					"swRepo":	"",
					"mssOsVer":	"7.7",
					"mssFile":	"",
					"md5Digest":	"90759cd7d17204249617ea3f07fde571",
					"compatibleApp":	"",
					"domType":	"mssDomain",
					"appSettings":	{
						"appCompilerFlags":	"",
						"appLinkerFlags":	""
					},
					"addedLibs":	[],
					"libOptions":	{
						"libsContainingOptions":	[]
					},
					"prebuiltLibs":	{
						"prebuiltIncPath":	[],
						"prebuiltLibPath":	[]
					},
					"isolation":	{
					}
				}, {
					"domainName":	"standalone_ps7_cortexa9_1",
					"domainDispName":	"standalone_ps7_cortexa9_1",
					"domainDesc":	"standalone_ps7_cortexa9_1",
					"processors":	"ps7_cortexa9_1",
					"os":	"standalone",
					"sdxOs":	"standalone",
					"qemuArgs":	"<platformDir>/resources/Assignment3_platform/standalone_ps7_cortexa9_1/qemu_args.txt",
					"qemuData":	"<platformDir>/resources/Assignment3_platform/standalone_ps7_cortexa9_1/qemu",
					"debugEnable":	"False",
					"domRuntimes":	["cpp"],
					"swRepo":	"",
					"mssOsVer":	"7.7",
					"mssFile":	"",
					"md5Digest":	"3b009e6b4e734e9acb6aec67de6c4906",
					"compatibleApp":	"hello_world",
					"domType":	"mssDomain",
					"arch":	"32-bit",
					"appSettings":	{
						"appCompilerFlags":	"",
						"appLinkerFlags":	""
					},
					"addedLibs":	[],
					"libOptions":	{
						"libsContainingOptions":	[]
					},
					"prebuiltLibs":	{
						"prebuiltIncPath":	[],
						"prebuiltLibPath":	[]
					},
					"isolation":	{
					}
				}]
		}]
}
KEYINFO::2025-03-26.16:14:03::SCWPlatform::updated the xpfm file.
TRACE::2025-03-26.16:14:03::SCWPlatform::Trying to open the hw design at C:/Users/j54mao/ECE423/ECE-423-Labs/workspace/Assignment3_platform/hw/lab_prefab_wrapper.xsa
TRACE::2025-03-26.16:14:03::SCWPlatform::DSA given C:/Users/j54mao/ECE423/ECE-423-Labs/workspace/Assignment3_platform/hw/lab_prefab_wrapper.xsa
TRACE::2025-03-26.16:14:03::SCWPlatform::DSA absoulate path C:/Users/j54mao/ECE423/ECE-423-Labs/workspace/Assignment3_platform/hw/lab_prefab_wrapper.xsa
TRACE::2025-03-26.16:14:03::SCWPlatform::DSA directory C:/Users/j54mao/ECE423/ECE-423-Labs/workspace/Assignment3_platform/hw
TRACE::2025-03-26.16:14:03::SCWPlatform:: Platform Path C:/Users/j54mao/ECE423/ECE-423-Labs/workspace/Assignment3_platform/hw/lab_prefab_wrapper.xsa
TRACE::2025-03-26.16:14:03::SCWPlatform:: Unique name xilinx:pynq-z1::0.0
TRACE::2025-03-26.16:14:03::SCWPlatform::Trying to set the existing hwdb with name lab_prefab_wrapper_1
TRACE::2025-03-26.16:14:03::SCWPlatform::Opened existing hwdb lab_prefab_wrapper_1
TRACE::2025-03-26.16:14:03::SCWPlatform::Found the Hw Db part of the input DSA
TRACE::2025-03-26.16:14:03::SCWMssOS::Checking the sw design at  C:/Users/j54mao/ECE423/ECE-423-Labs/workspace/Assignment3_platform/ps7_cortexa9_0/standalone_domain/bsp/system.mss
TRACE::2025-03-26.16:14:03::SCWMssOS::DEBUG:  swdes dump  C:/Users/j54mao/ECE423/ECE-423-Labs/workspace/Assignment3_platform/ps7_cortexa9_0/standalone_domain/bsp/system.mss|system_0||
C:/Users/j54mao/ECE423/ECE-423-Labs/workspace/Assignment3_platform/ps7_cortexa9_1/standalone_ps7_cortexa9_1/bsp/system.mss|system_1||
C:/Users/j54mao/ECE423/ECE-423-Labs/workspace/Assignment3_platform/zynq_fsbl/zynq_fsbl_bsp/system.mss|system||

TRACE::2025-03-26.16:14:03::SCWMssOS::Sw design exists and opened at  C:/Users/j54mao/ECE423/ECE-423-Labs/workspace/Assignment3_platform/ps7_cortexa9_0/standalone_domain/bsp/system.mss
TRACE::2025-03-26.16:14:03::SCWPlatform::Trying to open the hw design at C:/Users/j54mao/ECE423/ECE-423-Labs/workspace/Assignment3_platform/hw/lab_prefab_wrapper.xsa
TRACE::2025-03-26.16:14:03::SCWPlatform::DSA given C:/Users/j54mao/ECE423/ECE-423-Labs/workspace/Assignment3_platform/hw/lab_prefab_wrapper.xsa
TRACE::2025-03-26.16:14:03::SCWPlatform::DSA absoulate path C:/Users/j54mao/ECE423/ECE-423-Labs/workspace/Assignment3_platform/hw/lab_prefab_wrapper.xsa
TRACE::2025-03-26.16:14:03::SCWPlatform::DSA directory C:/Users/j54mao/ECE423/ECE-423-Labs/workspace/Assignment3_platform/hw
TRACE::2025-03-26.16:14:03::SCWPlatform:: Platform Path C:/Users/j54mao/ECE423/ECE-423-Labs/workspace/Assignment3_platform/hw/lab_prefab_wrapper.xsa
TRACE::2025-03-26.16:14:03::SCWPlatform:: Unique name xilinx:pynq-z1::0.0
TRACE::2025-03-26.16:14:03::SCWPlatform::Trying to set the existing hwdb with name lab_prefab_wrapper_1
TRACE::2025-03-26.16:14:03::SCWPlatform::Opened existing hwdb lab_prefab_wrapper_1
TRACE::2025-03-26.16:14:03::SCWPlatform::Found the Hw Db part of the input DSA
TRACE::2025-03-26.16:14:03::SCWMssOS::Checking the sw design at  C:/Users/j54mao/ECE423/ECE-423-Labs/workspace/Assignment3_platform/ps7_cortexa9_1/standalone_ps7_cortexa9_1/bsp/system.mss
TRACE::2025-03-26.16:14:03::SCWMssOS::DEBUG:  swdes dump  C:/Users/j54mao/ECE423/ECE-423-Labs/workspace/Assignment3_platform/ps7_cortexa9_0/standalone_domain/bsp/system.mss|system_0||
C:/Users/j54mao/ECE423/ECE-423-Labs/workspace/Assignment3_platform/ps7_cortexa9_1/standalone_ps7_cortexa9_1/bsp/system.mss|system_1||
C:/Users/j54mao/ECE423/ECE-423-Labs/workspace/Assignment3_platform/zynq_fsbl/zynq_fsbl_bsp/system.mss|system||

TRACE::2025-03-26.16:14:03::SCWMssOS::Sw design exists and opened at  C:/Users/j54mao/ECE423/ECE-423-Labs/workspace/Assignment3_platform/ps7_cortexa9_1/standalone_ps7_cortexa9_1/bsp/system.mss
TRACE::2025-03-26.16:14:03::SCWMssOS::Saving the mss changes C:/Users/j54mao/ECE423/ECE-423-Labs/workspace/Assignment3_platform/zynq_fsbl/zynq_fsbl_bsp/system.mss
TRACE::2025-03-26.16:14:03::SCWMssOS::Found a swdesign opened with the mssfile.
TRACE::2025-03-26.16:14:03::SCWMssOS::Completed writemss as part of save.
TRACE::2025-03-26.16:14:03::SCWMssOS::Commit changes completed.
TRACE::2025-03-26.16:14:03::SCWMssOS::Saving the mss changes C:/Users/j54mao/ECE423/ECE-423-Labs/workspace/Assignment3_platform/ps7_cortexa9_0/standalone_domain/bsp/system.mss
TRACE::2025-03-26.16:14:03::SCWMssOS::Found a swdesign opened with the mssfile.
TRACE::2025-03-26.16:14:03::SCWMssOS::Completed writemss as part of save.
TRACE::2025-03-26.16:14:03::SCWMssOS::Commit changes completed.
TRACE::2025-03-26.16:14:03::SCWMssOS::Saving the mss changes C:/Users/j54mao/ECE423/ECE-423-Labs/workspace/Assignment3_platform/ps7_cortexa9_1/standalone_ps7_cortexa9_1/bsp/system.mss
TRACE::2025-03-26.16:14:03::SCWMssOS::Found a swdesign opened with the mssfile.
TRACE::2025-03-26.16:14:03::SCWMssOS::Completed writemss as part of save.
TRACE::2025-03-26.16:14:03::SCWMssOS::Commit changes completed.
TRACE::2025-03-26.16:14:03::SCWPlatform::Trying to open the hw design at C:/Users/j54mao/ECE423/ECE-423-Labs/workspace/Assignment3_platform/hw/lab_prefab_wrapper.xsa
TRACE::2025-03-26.16:14:03::SCWPlatform::DSA given C:/Users/j54mao/ECE423/ECE-423-Labs/workspace/Assignment3_platform/hw/lab_prefab_wrapper.xsa
TRACE::2025-03-26.16:14:03::SCWPlatform::DSA absoulate path C:/Users/j54mao/ECE423/ECE-423-Labs/workspace/Assignment3_platform/hw/lab_prefab_wrapper.xsa
TRACE::2025-03-26.16:14:03::SCWPlatform::DSA directory C:/Users/j54mao/ECE423/ECE-423-Labs/workspace/Assignment3_platform/hw
TRACE::2025-03-26.16:14:03::SCWPlatform:: Platform Path C:/Users/j54mao/ECE423/ECE-423-Labs/workspace/Assignment3_platform/hw/lab_prefab_wrapper.xsa
TRACE::2025-03-26.16:14:03::SCWPlatform:: Unique name xilinx:pynq-z1::0.0
TRACE::2025-03-26.16:14:03::SCWPlatform::Trying to set the existing hwdb with name lab_prefab_wrapper_1
TRACE::2025-03-26.16:14:03::SCWPlatform::Opened existing hwdb lab_prefab_wrapper_1
TRACE::2025-03-26.16:14:03::SCWPlatform::Found the Hw Db part of the input DSA
TRACE::2025-03-26.16:14:03::SCWMssOS::Checking the sw design at  C:/Users/j54mao/ECE423/ECE-423-Labs/workspace/Assignment3_platform/zynq_fsbl/zynq_fsbl_bsp/system.mss
TRACE::2025-03-26.16:14:03::SCWMssOS::DEBUG:  swdes dump  C:/Users/j54mao/ECE423/ECE-423-Labs/workspace/Assignment3_platform/ps7_cortexa9_0/standalone_domain/bsp/system.mss|system_0||
C:/Users/j54mao/ECE423/ECE-423-Labs/workspace/Assignment3_platform/ps7_cortexa9_1/standalone_ps7_cortexa9_1/bsp/system.mss|system_1||
C:/Users/j54mao/ECE423/ECE-423-Labs/workspace/Assignment3_platform/zynq_fsbl/zynq_fsbl_bsp/system.mss|system||

TRACE::2025-03-26.16:14:03::SCWMssOS::Sw design exists and opened at  C:/Users/j54mao/ECE423/ECE-423-Labs/workspace/Assignment3_platform/zynq_fsbl/zynq_fsbl_bsp/system.mss
TRACE::2025-03-26.16:14:03::SCWPlatform::Trying to open the hw design at C:/Users/j54mao/ECE423/ECE-423-Labs/workspace/Assignment3_platform/hw/lab_prefab_wrapper.xsa
TRACE::2025-03-26.16:14:03::SCWPlatform::DSA given C:/Users/j54mao/ECE423/ECE-423-Labs/workspace/Assignment3_platform/hw/lab_prefab_wrapper.xsa
TRACE::2025-03-26.16:14:03::SCWPlatform::DSA absoulate path C:/Users/j54mao/ECE423/ECE-423-Labs/workspace/Assignment3_platform/hw/lab_prefab_wrapper.xsa
TRACE::2025-03-26.16:14:03::SCWPlatform::DSA directory C:/Users/j54mao/ECE423/ECE-423-Labs/workspace/Assignment3_platform/hw
TRACE::2025-03-26.16:14:03::SCWPlatform:: Platform Path C:/Users/j54mao/ECE423/ECE-423-Labs/workspace/Assignment3_platform/hw/lab_prefab_wrapper.xsa
TRACE::2025-03-26.16:14:03::SCWPlatform:: Unique name xilinx:pynq-z1::0.0
TRACE::2025-03-26.16:14:03::SCWPlatform::Trying to set the existing hwdb with name lab_prefab_wrapper_1
TRACE::2025-03-26.16:14:03::SCWPlatform::Opened existing hwdb lab_prefab_wrapper_1
TRACE::2025-03-26.16:14:03::SCWPlatform::Found the Hw Db part of the input DSA
TRACE::2025-03-26.16:14:03::SCWMssOS::Checking the sw design at  C:/Users/j54mao/ECE423/ECE-423-Labs/workspace/Assignment3_platform/ps7_cortexa9_0/standalone_domain/bsp/system.mss
TRACE::2025-03-26.16:14:03::SCWMssOS::DEBUG:  swdes dump  C:/Users/j54mao/ECE423/ECE-423-Labs/workspace/Assignment3_platform/ps7_cortexa9_0/standalone_domain/bsp/system.mss|system_0||
C:/Users/j54mao/ECE423/ECE-423-Labs/workspace/Assignment3_platform/ps7_cortexa9_1/standalone_ps7_cortexa9_1/bsp/system.mss|system_1||
C:/Users/j54mao/ECE423/ECE-423-Labs/workspace/Assignment3_platform/zynq_fsbl/zynq_fsbl_bsp/system.mss|system||

TRACE::2025-03-26.16:14:03::SCWMssOS::Sw design exists and opened at  C:/Users/j54mao/ECE423/ECE-423-Labs/workspace/Assignment3_platform/ps7_cortexa9_0/standalone_domain/bsp/system.mss
TRACE::2025-03-26.16:14:03::SCWPlatform::Trying to open the hw design at C:/Users/j54mao/ECE423/ECE-423-Labs/workspace/Assignment3_platform/hw/lab_prefab_wrapper.xsa
TRACE::2025-03-26.16:14:03::SCWPlatform::DSA given C:/Users/j54mao/ECE423/ECE-423-Labs/workspace/Assignment3_platform/hw/lab_prefab_wrapper.xsa
TRACE::2025-03-26.16:14:03::SCWPlatform::DSA absoulate path C:/Users/j54mao/ECE423/ECE-423-Labs/workspace/Assignment3_platform/hw/lab_prefab_wrapper.xsa
TRACE::2025-03-26.16:14:03::SCWPlatform::DSA directory C:/Users/j54mao/ECE423/ECE-423-Labs/workspace/Assignment3_platform/hw
TRACE::2025-03-26.16:14:03::SCWPlatform:: Platform Path C:/Users/j54mao/ECE423/ECE-423-Labs/workspace/Assignment3_platform/hw/lab_prefab_wrapper.xsa
TRACE::2025-03-26.16:14:03::SCWPlatform:: Unique name xilinx:pynq-z1::0.0
TRACE::2025-03-26.16:14:03::SCWPlatform::Trying to set the existing hwdb with name lab_prefab_wrapper_1
TRACE::2025-03-26.16:14:03::SCWPlatform::Opened existing hwdb lab_prefab_wrapper_1
TRACE::2025-03-26.16:14:03::SCWPlatform::Found the Hw Db part of the input DSA
TRACE::2025-03-26.16:14:03::SCWMssOS::Checking the sw design at  C:/Users/j54mao/ECE423/ECE-423-Labs/workspace/Assignment3_platform/ps7_cortexa9_1/standalone_ps7_cortexa9_1/bsp/system.mss
TRACE::2025-03-26.16:14:03::SCWMssOS::DEBUG:  swdes dump  C:/Users/j54mao/ECE423/ECE-423-Labs/workspace/Assignment3_platform/ps7_cortexa9_0/standalone_domain/bsp/system.mss|system_0||
C:/Users/j54mao/ECE423/ECE-423-Labs/workspace/Assignment3_platform/ps7_cortexa9_1/standalone_ps7_cortexa9_1/bsp/system.mss|system_1||
C:/Users/j54mao/ECE423/ECE-423-Labs/workspace/Assignment3_platform/zynq_fsbl/zynq_fsbl_bsp/system.mss|system||

TRACE::2025-03-26.16:14:03::SCWMssOS::Sw design exists and opened at  C:/Users/j54mao/ECE423/ECE-423-Labs/workspace/Assignment3_platform/ps7_cortexa9_1/standalone_ps7_cortexa9_1/bsp/system.mss
TRACE::2025-03-26.16:14:03::SCWPlatform::Trying to open the hw design at C:/Users/j54mao/ECE423/ECE-423-Labs/workspace/Assignment3_platform/hw/lab_prefab_wrapper.xsa
TRACE::2025-03-26.16:14:03::SCWPlatform::DSA given C:/Users/j54mao/ECE423/ECE-423-Labs/workspace/Assignment3_platform/hw/lab_prefab_wrapper.xsa
TRACE::2025-03-26.16:14:03::SCWPlatform::DSA absoulate path C:/Users/j54mao/ECE423/ECE-423-Labs/workspace/Assignment3_platform/hw/lab_prefab_wrapper.xsa
TRACE::2025-03-26.16:14:03::SCWPlatform::DSA directory C:/Users/j54mao/ECE423/ECE-423-Labs/workspace/Assignment3_platform/hw
TRACE::2025-03-26.16:14:03::SCWPlatform:: Platform Path C:/Users/j54mao/ECE423/ECE-423-Labs/workspace/Assignment3_platform/hw/lab_prefab_wrapper.xsa
TRACE::2025-03-26.16:14:03::SCWPlatform:: Unique name xilinx:pynq-z1::0.0
TRACE::2025-03-26.16:14:03::SCWPlatform::Trying to set the existing hwdb with name lab_prefab_wrapper_1
TRACE::2025-03-26.16:14:03::SCWPlatform::Opened existing hwdb lab_prefab_wrapper_1
TRACE::2025-03-26.16:14:03::SCWPlatform::Found the Hw Db part of the input DSA
TRACE::2025-03-26.16:14:03::SCWMssOS::Checking the sw design at  C:/Users/j54mao/ECE423/ECE-423-Labs/workspace/Assignment3_platform/ps7_cortexa9_1/standalone_ps7_cortexa9_1/bsp/system.mss
TRACE::2025-03-26.16:14:03::SCWMssOS::DEBUG:  swdes dump  C:/Users/j54mao/ECE423/ECE-423-Labs/workspace/Assignment3_platform/ps7_cortexa9_0/standalone_domain/bsp/system.mss|system_0||
C:/Users/j54mao/ECE423/ECE-423-Labs/workspace/Assignment3_platform/ps7_cortexa9_1/standalone_ps7_cortexa9_1/bsp/system.mss|system_1||
C:/Users/j54mao/ECE423/ECE-423-Labs/workspace/Assignment3_platform/zynq_fsbl/zynq_fsbl_bsp/system.mss|system||

TRACE::2025-03-26.16:14:03::SCWMssOS::Sw design exists and opened at  C:/Users/j54mao/ECE423/ECE-423-Labs/workspace/Assignment3_platform/ps7_cortexa9_1/standalone_ps7_cortexa9_1/bsp/system.mss
TRACE::2025-03-26.16:14:03::SCWPlatform::Trying to open the hw design at C:/Users/j54mao/ECE423/ECE-423-Labs/workspace/Assignment3_platform/hw/lab_prefab_wrapper.xsa
TRACE::2025-03-26.16:14:03::SCWPlatform::DSA given C:/Users/j54mao/ECE423/ECE-423-Labs/workspace/Assignment3_platform/hw/lab_prefab_wrapper.xsa
TRACE::2025-03-26.16:14:03::SCWPlatform::DSA absoulate path C:/Users/j54mao/ECE423/ECE-423-Labs/workspace/Assignment3_platform/hw/lab_prefab_wrapper.xsa
TRACE::2025-03-26.16:14:03::SCWPlatform::DSA directory C:/Users/j54mao/ECE423/ECE-423-Labs/workspace/Assignment3_platform/hw
TRACE::2025-03-26.16:14:03::SCWPlatform:: Platform Path C:/Users/j54mao/ECE423/ECE-423-Labs/workspace/Assignment3_platform/hw/lab_prefab_wrapper.xsa
TRACE::2025-03-26.16:14:03::SCWPlatform:: Unique name xilinx:pynq-z1::0.0
TRACE::2025-03-26.16:14:03::SCWPlatform::Trying to set the existing hwdb with name lab_prefab_wrapper_1
TRACE::2025-03-26.16:14:03::SCWPlatform::Opened existing hwdb lab_prefab_wrapper_1
TRACE::2025-03-26.16:14:03::SCWPlatform::Found the Hw Db part of the input DSA
TRACE::2025-03-26.16:14:03::SCWMssOS::Checking the sw design at  C:/Users/j54mao/ECE423/ECE-423-Labs/workspace/Assignment3_platform/ps7_cortexa9_1/standalone_ps7_cortexa9_1/bsp/system.mss
TRACE::2025-03-26.16:14:03::SCWMssOS::DEBUG:  swdes dump  C:/Users/j54mao/ECE423/ECE-423-Labs/workspace/Assignment3_platform/ps7_cortexa9_0/standalone_domain/bsp/system.mss|system_0||
C:/Users/j54mao/ECE423/ECE-423-Labs/workspace/Assignment3_platform/ps7_cortexa9_1/standalone_ps7_cortexa9_1/bsp/system.mss|system_1||
C:/Users/j54mao/ECE423/ECE-423-Labs/workspace/Assignment3_platform/zynq_fsbl/zynq_fsbl_bsp/system.mss|system||

TRACE::2025-03-26.16:14:03::SCWMssOS::Sw design exists and opened at  C:/Users/j54mao/ECE423/ECE-423-Labs/workspace/Assignment3_platform/ps7_cortexa9_1/standalone_ps7_cortexa9_1/bsp/system.mss
TRACE::2025-03-26.16:14:03::SCWWriter::formatted JSON is {
	"platformName":	"Assignment3_platform",
	"sprVersion":	"2.0",
	"mode":	"gui",
	"dsaType":	"Fixed",
	"platformDesc":	"Assignment3_platform",
	"platHandOff":	"C:/Users/j54mao/ECE423/ECE-423-Labs/workspace/assignment2_hunter_test/hw/lab_prefab_wrapper.xsa",
	"platIntHandOff":	"<platformDir>/hw/lab_prefab_wrapper.xsa",
	"deviceType":	"zynq",
	"platIsPrebuiltAutogen":	"false",
	"platIsNoBootBsp":	"false",
	"hasFsblMakeHasChanges":	"false",
	"hasPmufwMakeHasChanges":	"false",
	"fsblExtraCompilerFlags":	"-MMD -MP       -mcpu=cortex-a9 -mfpu=vfpv3 -mfloat-abi=hard ",
	"platPreBuiltFlag":	false,
	"platformSamplesDir":	"",
	"platActiveSys":	"Assignment3_platform",
	"systems":	[{
			"systemName":	"Assignment3_platform",
			"systemDesc":	"Assignment3_platform",
			"sysIsBootAutoGen":	"true",
			"systemDispName":	"Assignment3_platform",
			"sysActiveDom":	"standalone_ps7_cortexa9_1",
			"sysDefaultDom":	"standalone_ps7_cortexa9_1",
			"domains":	[{
					"domainName":	"zynq_fsbl",
					"domainDispName":	"zynq_fsbl",
					"domainDesc":	"FSBL Application BSP - Auto Generated.",
					"processors":	"ps7_cortexa9_0",
					"os":	"standalone",
					"sdxOs":	"standalone",
					"debugEnable":	"",
					"domRuntimes":	["cpp"],
					"swRepo":	"",
					"mssOsVer":	"7.7",
					"mssFile":	"",
					"md5Digest":	"4bdfa872853735a660eaeae9ac55f0bb",
					"compatibleApp":	"zynq_fsbl",
					"domType":	"bootDomain",
					"arch":	"32-bit",
					"appSettings":	{
						"appCompilerFlags":	"",
						"appLinkerFlags":	""
					},
					"addedLibs":	["xilffs:4.7", "xilrsa:1.6"],
					"libOptions":	{
						"libsContainingOptions":	[]
					},
					"prebuiltLibs":	{
						"prebuiltIncPath":	[],
						"prebuiltLibPath":	[]
					},
					"isolation":	{
					}
				}, {
					"domainName":	"standalone_domain",
					"domainDispName":	"standalone on ps7_cortexa9_0",
					"domainDesc":	"standalone_domain",
					"processors":	"ps7_cortexa9_0",
					"os":	"standalone",
					"sdxOs":	"standalone",
					"qemuArgs":	"<platformDir>/resources/Assignment3_platform/standalone_domain/qemu_args.txt",
					"qemuData":	"<platformDir>/resources/Assignment3_platform/standalone_domain/qemu",
					"debugEnable":	"False",
					"domRuntimes":	["cpp"],
					"swRepo":	"",
					"mssOsVer":	"7.7",
					"mssFile":	"",
					"md5Digest":	"90759cd7d17204249617ea3f07fde571",
					"compatibleApp":	"",
					"domType":	"mssDomain",
					"appSettings":	{
						"appCompilerFlags":	"",
						"appLinkerFlags":	""
					},
					"addedLibs":	[],
					"libOptions":	{
						"libsContainingOptions":	[]
					},
					"prebuiltLibs":	{
						"prebuiltIncPath":	[],
						"prebuiltLibPath":	[]
					},
					"isolation":	{
					}
				}, {
					"domainName":	"standalone_ps7_cortexa9_1",
					"domainDispName":	"standalone_ps7_cortexa9_1",
					"domainDesc":	"standalone_ps7_cortexa9_1",
					"processors":	"ps7_cortexa9_1",
					"os":	"standalone",
					"sdxOs":	"standalone",
					"qemuArgs":	"<platformDir>/resources/Assignment3_platform/standalone_ps7_cortexa9_1/qemu_args.txt",
					"qemuData":	"<platformDir>/resources/Assignment3_platform/standalone_ps7_cortexa9_1/qemu",
					"debugEnable":	"False",
					"domRuntimes":	["cpp"],
					"swRepo":	"",
					"mssOsVer":	"7.7",
					"mssFile":	"",
					"md5Digest":	"3b009e6b4e734e9acb6aec67de6c4906",
					"compatibleApp":	"hello_world",
					"domType":	"mssDomain",
					"arch":	"32-bit",
					"appSettings":	{
						"appCompilerFlags":	"",
						"appLinkerFlags":	""
					},
					"addedLibs":	[],
					"libOptions":	{
						"libsContainingOptions":	[]
					},
					"prebuiltLibs":	{
						"prebuiltIncPath":	[],
						"prebuiltLibPath":	[]
					},
					"isolation":	{
					}
				}]
		}]
}
TRACE::2025-03-26.16:14:03::SCWPlatform::Trying to open the hw design at C:/Users/j54mao/ECE423/ECE-423-Labs/workspace/Assignment3_platform/hw/lab_prefab_wrapper.xsa
TRACE::2025-03-26.16:14:03::SCWPlatform::DSA given C:/Users/j54mao/ECE423/ECE-423-Labs/workspace/Assignment3_platform/hw/lab_prefab_wrapper.xsa
TRACE::2025-03-26.16:14:03::SCWPlatform::DSA absoulate path C:/Users/j54mao/ECE423/ECE-423-Labs/workspace/Assignment3_platform/hw/lab_prefab_wrapper.xsa
TRACE::2025-03-26.16:14:03::SCWPlatform::DSA directory C:/Users/j54mao/ECE423/ECE-423-Labs/workspace/Assignment3_platform/hw
TRACE::2025-03-26.16:14:03::SCWPlatform:: Platform Path C:/Users/j54mao/ECE423/ECE-423-Labs/workspace/Assignment3_platform/hw/lab_prefab_wrapper.xsa
TRACE::2025-03-26.16:14:03::SCWPlatform:: Unique name xilinx:pynq-z1::0.0
TRACE::2025-03-26.16:14:03::SCWPlatform::Trying to set the existing hwdb with name lab_prefab_wrapper_1
TRACE::2025-03-26.16:14:03::SCWPlatform::Opened existing hwdb lab_prefab_wrapper_1
TRACE::2025-03-26.16:14:03::SCWPlatform::Found the Hw Db part of the input DSA
TRACE::2025-03-26.16:14:03::SCWMssOS::Checking the sw design at  C:/Users/j54mao/ECE423/ECE-423-Labs/workspace/Assignment3_platform/ps7_cortexa9_0/standalone_domain/bsp/system.mss
TRACE::2025-03-26.16:14:03::SCWMssOS::DEBUG:  swdes dump  C:/Users/j54mao/ECE423/ECE-423-Labs/workspace/Assignment3_platform/ps7_cortexa9_0/standalone_domain/bsp/system.mss|system_0||
C:/Users/j54mao/ECE423/ECE-423-Labs/workspace/Assignment3_platform/ps7_cortexa9_1/standalone_ps7_cortexa9_1/bsp/system.mss|system_1||
C:/Users/j54mao/ECE423/ECE-423-Labs/workspace/Assignment3_platform/zynq_fsbl/zynq_fsbl_bsp/system.mss|system||

TRACE::2025-03-26.16:14:03::SCWMssOS::Sw design exists and opened at  C:/Users/j54mao/ECE423/ECE-423-Labs/workspace/Assignment3_platform/ps7_cortexa9_0/standalone_domain/bsp/system.mss
TRACE::2025-03-26.16:14:03::SCWPlatform::Trying to open the hw design at C:/Users/j54mao/ECE423/ECE-423-Labs/workspace/Assignment3_platform/hw/lab_prefab_wrapper.xsa
TRACE::2025-03-26.16:14:03::SCWPlatform::DSA given C:/Users/j54mao/ECE423/ECE-423-Labs/workspace/Assignment3_platform/hw/lab_prefab_wrapper.xsa
TRACE::2025-03-26.16:14:03::SCWPlatform::DSA absoulate path C:/Users/j54mao/ECE423/ECE-423-Labs/workspace/Assignment3_platform/hw/lab_prefab_wrapper.xsa
TRACE::2025-03-26.16:14:03::SCWPlatform::DSA directory C:/Users/j54mao/ECE423/ECE-423-Labs/workspace/Assignment3_platform/hw
TRACE::2025-03-26.16:14:03::SCWPlatform:: Platform Path C:/Users/j54mao/ECE423/ECE-423-Labs/workspace/Assignment3_platform/hw/lab_prefab_wrapper.xsa
TRACE::2025-03-26.16:14:03::SCWPlatform:: Unique name xilinx:pynq-z1::0.0
TRACE::2025-03-26.16:14:03::SCWPlatform::Trying to set the existing hwdb with name lab_prefab_wrapper_1
TRACE::2025-03-26.16:14:03::SCWPlatform::Opened existing hwdb lab_prefab_wrapper_1
TRACE::2025-03-26.16:14:03::SCWPlatform::Found the Hw Db part of the input DSA
TRACE::2025-03-26.16:14:03::SCWMssOS::Checking the sw design at  C:/Users/j54mao/ECE423/ECE-423-Labs/workspace/Assignment3_platform/ps7_cortexa9_1/standalone_ps7_cortexa9_1/bsp/system.mss
TRACE::2025-03-26.16:14:03::SCWMssOS::DEBUG:  swdes dump  C:/Users/j54mao/ECE423/ECE-423-Labs/workspace/Assignment3_platform/ps7_cortexa9_0/standalone_domain/bsp/system.mss|system_0||
C:/Users/j54mao/ECE423/ECE-423-Labs/workspace/Assignment3_platform/ps7_cortexa9_1/standalone_ps7_cortexa9_1/bsp/system.mss|system_1||
C:/Users/j54mao/ECE423/ECE-423-Labs/workspace/Assignment3_platform/zynq_fsbl/zynq_fsbl_bsp/system.mss|system||

TRACE::2025-03-26.16:14:03::SCWMssOS::Sw design exists and opened at  C:/Users/j54mao/ECE423/ECE-423-Labs/workspace/Assignment3_platform/ps7_cortexa9_1/standalone_ps7_cortexa9_1/bsp/system.mss
TRACE::2025-03-26.16:14:03::SCWPlatform::Trying to open the hw design at C:/Users/j54mao/ECE423/ECE-423-Labs/workspace/Assignment3_platform/hw/lab_prefab_wrapper.xsa
TRACE::2025-03-26.16:14:03::SCWPlatform::DSA given C:/Users/j54mao/ECE423/ECE-423-Labs/workspace/Assignment3_platform/hw/lab_prefab_wrapper.xsa
TRACE::2025-03-26.16:14:03::SCWPlatform::DSA absoulate path C:/Users/j54mao/ECE423/ECE-423-Labs/workspace/Assignment3_platform/hw/lab_prefab_wrapper.xsa
TRACE::2025-03-26.16:14:03::SCWPlatform::DSA directory C:/Users/j54mao/ECE423/ECE-423-Labs/workspace/Assignment3_platform/hw
TRACE::2025-03-26.16:14:03::SCWPlatform:: Platform Path C:/Users/j54mao/ECE423/ECE-423-Labs/workspace/Assignment3_platform/hw/lab_prefab_wrapper.xsa
TRACE::2025-03-26.16:14:03::SCWPlatform:: Unique name xilinx:pynq-z1::0.0
TRACE::2025-03-26.16:14:03::SCWPlatform::Trying to set the existing hwdb with name lab_prefab_wrapper_1
TRACE::2025-03-26.16:14:03::SCWPlatform::Opened existing hwdb lab_prefab_wrapper_1
TRACE::2025-03-26.16:14:03::SCWPlatform::Found the Hw Db part of the input DSA
TRACE::2025-03-26.16:14:03::SCWMssOS::Checking the sw design at  C:/Users/j54mao/ECE423/ECE-423-Labs/workspace/Assignment3_platform/ps7_cortexa9_1/standalone_ps7_cortexa9_1/bsp/system.mss
TRACE::2025-03-26.16:14:03::SCWMssOS::DEBUG:  swdes dump  C:/Users/j54mao/ECE423/ECE-423-Labs/workspace/Assignment3_platform/ps7_cortexa9_0/standalone_domain/bsp/system.mss|system_0||
C:/Users/j54mao/ECE423/ECE-423-Labs/workspace/Assignment3_platform/ps7_cortexa9_1/standalone_ps7_cortexa9_1/bsp/system.mss|system_1||
C:/Users/j54mao/ECE423/ECE-423-Labs/workspace/Assignment3_platform/zynq_fsbl/zynq_fsbl_bsp/system.mss|system||

TRACE::2025-03-26.16:14:03::SCWMssOS::Sw design exists and opened at  C:/Users/j54mao/ECE423/ECE-423-Labs/workspace/Assignment3_platform/ps7_cortexa9_1/standalone_ps7_cortexa9_1/bsp/system.mss
TRACE::2025-03-26.16:14:03::SCWMssOS::Saving the mss changes C:/Users/j54mao/ECE423/ECE-423-Labs/workspace/Assignment3_platform/zynq_fsbl/zynq_fsbl_bsp/system.mss
TRACE::2025-03-26.16:14:03::SCWMssOS::Found a swdesign opened with the mssfile.
TRACE::2025-03-26.16:14:03::SCWMssOS::Completed writemss as part of save.
TRACE::2025-03-26.16:14:03::SCWMssOS::Commit changes completed.
TRACE::2025-03-26.16:14:03::SCWMssOS::Saving the mss changes C:/Users/j54mao/ECE423/ECE-423-Labs/workspace/Assignment3_platform/ps7_cortexa9_0/standalone_domain/bsp/system.mss
TRACE::2025-03-26.16:14:03::SCWMssOS::Found a swdesign opened with the mssfile.
TRACE::2025-03-26.16:14:03::SCWMssOS::Completed writemss as part of save.
TRACE::2025-03-26.16:14:03::SCWMssOS::Commit changes completed.
TRACE::2025-03-26.16:14:03::SCWMssOS::Saving the mss changes C:/Users/j54mao/ECE423/ECE-423-Labs/workspace/Assignment3_platform/ps7_cortexa9_1/standalone_ps7_cortexa9_1/bsp/system.mss
TRACE::2025-03-26.16:14:03::SCWMssOS::Found a swdesign opened with the mssfile.
TRACE::2025-03-26.16:14:03::SCWMssOS::Completed writemss as part of save.
TRACE::2025-03-26.16:14:03::SCWMssOS::Commit changes completed.
TRACE::2025-03-26.16:14:03::SCWPlatform::Trying to open the hw design at C:/Users/j54mao/ECE423/ECE-423-Labs/workspace/Assignment3_platform/hw/lab_prefab_wrapper.xsa
TRACE::2025-03-26.16:14:03::SCWPlatform::DSA given C:/Users/j54mao/ECE423/ECE-423-Labs/workspace/Assignment3_platform/hw/lab_prefab_wrapper.xsa
TRACE::2025-03-26.16:14:03::SCWPlatform::DSA absoulate path C:/Users/j54mao/ECE423/ECE-423-Labs/workspace/Assignment3_platform/hw/lab_prefab_wrapper.xsa
TRACE::2025-03-26.16:14:03::SCWPlatform::DSA directory C:/Users/j54mao/ECE423/ECE-423-Labs/workspace/Assignment3_platform/hw
TRACE::2025-03-26.16:14:03::SCWPlatform:: Platform Path C:/Users/j54mao/ECE423/ECE-423-Labs/workspace/Assignment3_platform/hw/lab_prefab_wrapper.xsa
TRACE::2025-03-26.16:14:03::SCWPlatform:: Unique name xilinx:pynq-z1::0.0
TRACE::2025-03-26.16:14:03::SCWPlatform::Trying to set the existing hwdb with name lab_prefab_wrapper_1
TRACE::2025-03-26.16:14:03::SCWPlatform::Opened existing hwdb lab_prefab_wrapper_1
TRACE::2025-03-26.16:14:03::SCWPlatform::Found the Hw Db part of the input DSA
TRACE::2025-03-26.16:14:03::SCWMssOS::Checking the sw design at  C:/Users/j54mao/ECE423/ECE-423-Labs/workspace/Assignment3_platform/zynq_fsbl/zynq_fsbl_bsp/system.mss
TRACE::2025-03-26.16:14:03::SCWMssOS::DEBUG:  swdes dump  C:/Users/j54mao/ECE423/ECE-423-Labs/workspace/Assignment3_platform/ps7_cortexa9_0/standalone_domain/bsp/system.mss|system_0||
C:/Users/j54mao/ECE423/ECE-423-Labs/workspace/Assignment3_platform/ps7_cortexa9_1/standalone_ps7_cortexa9_1/bsp/system.mss|system_1||
C:/Users/j54mao/ECE423/ECE-423-Labs/workspace/Assignment3_platform/zynq_fsbl/zynq_fsbl_bsp/system.mss|system||

TRACE::2025-03-26.16:14:03::SCWMssOS::Sw design exists and opened at  C:/Users/j54mao/ECE423/ECE-423-Labs/workspace/Assignment3_platform/zynq_fsbl/zynq_fsbl_bsp/system.mss
TRACE::2025-03-26.16:14:03::SCWPlatform::Trying to open the hw design at C:/Users/j54mao/ECE423/ECE-423-Labs/workspace/Assignment3_platform/hw/lab_prefab_wrapper.xsa
TRACE::2025-03-26.16:14:03::SCWPlatform::DSA given C:/Users/j54mao/ECE423/ECE-423-Labs/workspace/Assignment3_platform/hw/lab_prefab_wrapper.xsa
TRACE::2025-03-26.16:14:03::SCWPlatform::DSA absoulate path C:/Users/j54mao/ECE423/ECE-423-Labs/workspace/Assignment3_platform/hw/lab_prefab_wrapper.xsa
TRACE::2025-03-26.16:14:03::SCWPlatform::DSA directory C:/Users/j54mao/ECE423/ECE-423-Labs/workspace/Assignment3_platform/hw
TRACE::2025-03-26.16:14:03::SCWPlatform:: Platform Path C:/Users/j54mao/ECE423/ECE-423-Labs/workspace/Assignment3_platform/hw/lab_prefab_wrapper.xsa
TRACE::2025-03-26.16:14:03::SCWPlatform:: Unique name xilinx:pynq-z1::0.0
TRACE::2025-03-26.16:14:03::SCWPlatform::Trying to set the existing hwdb with name lab_prefab_wrapper_1
TRACE::2025-03-26.16:14:03::SCWPlatform::Opened existing hwdb lab_prefab_wrapper_1
TRACE::2025-03-26.16:14:03::SCWPlatform::Found the Hw Db part of the input DSA
TRACE::2025-03-26.16:14:03::SCWMssOS::Checking the sw design at  C:/Users/j54mao/ECE423/ECE-423-Labs/workspace/Assignment3_platform/ps7_cortexa9_0/standalone_domain/bsp/system.mss
TRACE::2025-03-26.16:14:03::SCWMssOS::DEBUG:  swdes dump  C:/Users/j54mao/ECE423/ECE-423-Labs/workspace/Assignment3_platform/ps7_cortexa9_0/standalone_domain/bsp/system.mss|system_0||
C:/Users/j54mao/ECE423/ECE-423-Labs/workspace/Assignment3_platform/ps7_cortexa9_1/standalone_ps7_cortexa9_1/bsp/system.mss|system_1||
C:/Users/j54mao/ECE423/ECE-423-Labs/workspace/Assignment3_platform/zynq_fsbl/zynq_fsbl_bsp/system.mss|system||

TRACE::2025-03-26.16:14:03::SCWMssOS::Sw design exists and opened at  C:/Users/j54mao/ECE423/ECE-423-Labs/workspace/Assignment3_platform/ps7_cortexa9_0/standalone_domain/bsp/system.mss
TRACE::2025-03-26.16:14:03::SCWPlatform::Trying to open the hw design at C:/Users/j54mao/ECE423/ECE-423-Labs/workspace/Assignment3_platform/hw/lab_prefab_wrapper.xsa
TRACE::2025-03-26.16:14:03::SCWPlatform::DSA given C:/Users/j54mao/ECE423/ECE-423-Labs/workspace/Assignment3_platform/hw/lab_prefab_wrapper.xsa
TRACE::2025-03-26.16:14:03::SCWPlatform::DSA absoulate path C:/Users/j54mao/ECE423/ECE-423-Labs/workspace/Assignment3_platform/hw/lab_prefab_wrapper.xsa
TRACE::2025-03-26.16:14:03::SCWPlatform::DSA directory C:/Users/j54mao/ECE423/ECE-423-Labs/workspace/Assignment3_platform/hw
TRACE::2025-03-26.16:14:03::SCWPlatform:: Platform Path C:/Users/j54mao/ECE423/ECE-423-Labs/workspace/Assignment3_platform/hw/lab_prefab_wrapper.xsa
TRACE::2025-03-26.16:14:03::SCWPlatform:: Unique name xilinx:pynq-z1::0.0
TRACE::2025-03-26.16:14:03::SCWPlatform::Trying to set the existing hwdb with name lab_prefab_wrapper_1
TRACE::2025-03-26.16:14:03::SCWPlatform::Opened existing hwdb lab_prefab_wrapper_1
TRACE::2025-03-26.16:14:03::SCWPlatform::Found the Hw Db part of the input DSA
TRACE::2025-03-26.16:14:03::SCWMssOS::Checking the sw design at  C:/Users/j54mao/ECE423/ECE-423-Labs/workspace/Assignment3_platform/ps7_cortexa9_1/standalone_ps7_cortexa9_1/bsp/system.mss
TRACE::2025-03-26.16:14:03::SCWMssOS::DEBUG:  swdes dump  C:/Users/j54mao/ECE423/ECE-423-Labs/workspace/Assignment3_platform/ps7_cortexa9_0/standalone_domain/bsp/system.mss|system_0||
C:/Users/j54mao/ECE423/ECE-423-Labs/workspace/Assignment3_platform/ps7_cortexa9_1/standalone_ps7_cortexa9_1/bsp/system.mss|system_1||
C:/Users/j54mao/ECE423/ECE-423-Labs/workspace/Assignment3_platform/zynq_fsbl/zynq_fsbl_bsp/system.mss|system||

TRACE::2025-03-26.16:14:03::SCWMssOS::Sw design exists and opened at  C:/Users/j54mao/ECE423/ECE-423-Labs/workspace/Assignment3_platform/ps7_cortexa9_1/standalone_ps7_cortexa9_1/bsp/system.mss
TRACE::2025-03-26.16:14:03::SCWPlatform::Trying to open the hw design at C:/Users/j54mao/ECE423/ECE-423-Labs/workspace/Assignment3_platform/hw/lab_prefab_wrapper.xsa
TRACE::2025-03-26.16:14:03::SCWPlatform::DSA given C:/Users/j54mao/ECE423/ECE-423-Labs/workspace/Assignment3_platform/hw/lab_prefab_wrapper.xsa
TRACE::2025-03-26.16:14:03::SCWPlatform::DSA absoulate path C:/Users/j54mao/ECE423/ECE-423-Labs/workspace/Assignment3_platform/hw/lab_prefab_wrapper.xsa
TRACE::2025-03-26.16:14:03::SCWPlatform::DSA directory C:/Users/j54mao/ECE423/ECE-423-Labs/workspace/Assignment3_platform/hw
TRACE::2025-03-26.16:14:03::SCWPlatform:: Platform Path C:/Users/j54mao/ECE423/ECE-423-Labs/workspace/Assignment3_platform/hw/lab_prefab_wrapper.xsa
TRACE::2025-03-26.16:14:03::SCWPlatform:: Unique name xilinx:pynq-z1::0.0
TRACE::2025-03-26.16:14:03::SCWPlatform::Trying to set the existing hwdb with name lab_prefab_wrapper_1
TRACE::2025-03-26.16:14:03::SCWPlatform::Opened existing hwdb lab_prefab_wrapper_1
TRACE::2025-03-26.16:14:03::SCWPlatform::Found the Hw Db part of the input DSA
TRACE::2025-03-26.16:14:03::SCWMssOS::Checking the sw design at  C:/Users/j54mao/ECE423/ECE-423-Labs/workspace/Assignment3_platform/ps7_cortexa9_1/standalone_ps7_cortexa9_1/bsp/system.mss
TRACE::2025-03-26.16:14:03::SCWMssOS::DEBUG:  swdes dump  C:/Users/j54mao/ECE423/ECE-423-Labs/workspace/Assignment3_platform/ps7_cortexa9_0/standalone_domain/bsp/system.mss|system_0||
C:/Users/j54mao/ECE423/ECE-423-Labs/workspace/Assignment3_platform/ps7_cortexa9_1/standalone_ps7_cortexa9_1/bsp/system.mss|system_1||
C:/Users/j54mao/ECE423/ECE-423-Labs/workspace/Assignment3_platform/zynq_fsbl/zynq_fsbl_bsp/system.mss|system||

TRACE::2025-03-26.16:14:03::SCWMssOS::Sw design exists and opened at  C:/Users/j54mao/ECE423/ECE-423-Labs/workspace/Assignment3_platform/ps7_cortexa9_1/standalone_ps7_cortexa9_1/bsp/system.mss
TRACE::2025-03-26.16:14:03::SCWPlatform::Trying to open the hw design at C:/Users/j54mao/ECE423/ECE-423-Labs/workspace/Assignment3_platform/hw/lab_prefab_wrapper.xsa
TRACE::2025-03-26.16:14:03::SCWPlatform::DSA given C:/Users/j54mao/ECE423/ECE-423-Labs/workspace/Assignment3_platform/hw/lab_prefab_wrapper.xsa
TRACE::2025-03-26.16:14:03::SCWPlatform::DSA absoulate path C:/Users/j54mao/ECE423/ECE-423-Labs/workspace/Assignment3_platform/hw/lab_prefab_wrapper.xsa
TRACE::2025-03-26.16:14:03::SCWPlatform::DSA directory C:/Users/j54mao/ECE423/ECE-423-Labs/workspace/Assignment3_platform/hw
TRACE::2025-03-26.16:14:03::SCWPlatform:: Platform Path C:/Users/j54mao/ECE423/ECE-423-Labs/workspace/Assignment3_platform/hw/lab_prefab_wrapper.xsa
TRACE::2025-03-26.16:14:03::SCWPlatform:: Unique name xilinx:pynq-z1::0.0
TRACE::2025-03-26.16:14:03::SCWPlatform::Trying to set the existing hwdb with name lab_prefab_wrapper_1
TRACE::2025-03-26.16:14:03::SCWPlatform::Opened existing hwdb lab_prefab_wrapper_1
TRACE::2025-03-26.16:14:03::SCWPlatform::Found the Hw Db part of the input DSA
TRACE::2025-03-26.16:14:03::SCWMssOS::Checking the sw design at  C:/Users/j54mao/ECE423/ECE-423-Labs/workspace/Assignment3_platform/ps7_cortexa9_1/standalone_ps7_cortexa9_1/bsp/system.mss
TRACE::2025-03-26.16:14:03::SCWMssOS::DEBUG:  swdes dump  C:/Users/j54mao/ECE423/ECE-423-Labs/workspace/Assignment3_platform/ps7_cortexa9_0/standalone_domain/bsp/system.mss|system_0||
C:/Users/j54mao/ECE423/ECE-423-Labs/workspace/Assignment3_platform/ps7_cortexa9_1/standalone_ps7_cortexa9_1/bsp/system.mss|system_1||
C:/Users/j54mao/ECE423/ECE-423-Labs/workspace/Assignment3_platform/zynq_fsbl/zynq_fsbl_bsp/system.mss|system||

TRACE::2025-03-26.16:14:03::SCWMssOS::Sw design exists and opened at  C:/Users/j54mao/ECE423/ECE-423-Labs/workspace/Assignment3_platform/ps7_cortexa9_1/standalone_ps7_cortexa9_1/bsp/system.mss
TRACE::2025-03-26.16:14:03::SCWWriter::formatted JSON is {
	"platformName":	"Assignment3_platform",
	"sprVersion":	"2.0",
	"mode":	"gui",
	"dsaType":	"Fixed",
	"platformDesc":	"Assignment3_platform",
	"platHandOff":	"C:/Users/j54mao/ECE423/ECE-423-Labs/workspace/assignment2_hunter_test/hw/lab_prefab_wrapper.xsa",
	"platIntHandOff":	"<platformDir>/hw/lab_prefab_wrapper.xsa",
	"deviceType":	"zynq",
	"platIsPrebuiltAutogen":	"false",
	"platIsNoBootBsp":	"false",
	"hasFsblMakeHasChanges":	"false",
	"hasPmufwMakeHasChanges":	"false",
	"fsblExtraCompilerFlags":	"-MMD -MP       -mcpu=cortex-a9 -mfpu=vfpv3 -mfloat-abi=hard ",
	"platPreBuiltFlag":	false,
	"platformSamplesDir":	"",
	"platActiveSys":	"Assignment3_platform",
	"systems":	[{
			"systemName":	"Assignment3_platform",
			"systemDesc":	"Assignment3_platform",
			"sysIsBootAutoGen":	"true",
			"systemDispName":	"Assignment3_platform",
			"sysActiveDom":	"standalone_ps7_cortexa9_1",
			"sysDefaultDom":	"standalone_ps7_cortexa9_1",
			"domains":	[{
					"domainName":	"zynq_fsbl",
					"domainDispName":	"zynq_fsbl",
					"domainDesc":	"FSBL Application BSP - Auto Generated.",
					"processors":	"ps7_cortexa9_0",
					"os":	"standalone",
					"sdxOs":	"standalone",
					"debugEnable":	"",
					"domRuntimes":	["cpp"],
					"swRepo":	"",
					"mssOsVer":	"7.7",
					"mssFile":	"",
					"md5Digest":	"4bdfa872853735a660eaeae9ac55f0bb",
					"compatibleApp":	"zynq_fsbl",
					"domType":	"bootDomain",
					"arch":	"32-bit",
					"appSettings":	{
						"appCompilerFlags":	"",
						"appLinkerFlags":	""
					},
					"addedLibs":	["xilffs:4.7", "xilrsa:1.6"],
					"libOptions":	{
						"libsContainingOptions":	[]
					},
					"prebuiltLibs":	{
						"prebuiltIncPath":	[],
						"prebuiltLibPath":	[]
					},
					"isolation":	{
					}
				}, {
					"domainName":	"standalone_domain",
					"domainDispName":	"standalone on ps7_cortexa9_0",
					"domainDesc":	"standalone_domain",
					"processors":	"ps7_cortexa9_0",
					"os":	"standalone",
					"sdxOs":	"standalone",
					"qemuArgs":	"<platformDir>/resources/Assignment3_platform/standalone_domain/qemu_args.txt",
					"qemuData":	"<platformDir>/resources/Assignment3_platform/standalone_domain/qemu",
					"debugEnable":	"False",
					"domRuntimes":	["cpp"],
					"swRepo":	"",
					"mssOsVer":	"7.7",
					"mssFile":	"",
					"md5Digest":	"90759cd7d17204249617ea3f07fde571",
					"compatibleApp":	"",
					"domType":	"mssDomain",
					"appSettings":	{
						"appCompilerFlags":	"",
						"appLinkerFlags":	""
					},
					"addedLibs":	[],
					"libOptions":	{
						"libsContainingOptions":	[]
					},
					"prebuiltLibs":	{
						"prebuiltIncPath":	[],
						"prebuiltLibPath":	[]
					},
					"isolation":	{
					}
				}, {
					"domainName":	"standalone_ps7_cortexa9_1",
					"domainDispName":	"standalone_ps7_cortexa9_1",
					"domainDesc":	"standalone_ps7_cortexa9_1",
					"processors":	"ps7_cortexa9_1",
					"os":	"standalone",
					"sdxOs":	"standalone",
					"qemuArgs":	"<platformDir>/resources/Assignment3_platform/standalone_ps7_cortexa9_1/qemu_args.txt",
					"qemuData":	"<platformDir>/resources/Assignment3_platform/standalone_ps7_cortexa9_1/qemu",
					"debugEnable":	"False",
					"domRuntimes":	["cpp"],
					"swRepo":	"",
					"mssOsVer":	"7.7",
					"mssFile":	"",
					"md5Digest":	"3b009e6b4e734e9acb6aec67de6c4906",
					"compatibleApp":	"hello_world",
					"domType":	"mssDomain",
					"arch":	"32-bit",
					"appSettings":	{
						"appCompilerFlags":	"",
						"appLinkerFlags":	""
					},
					"addedLibs":	[],
					"libOptions":	{
						"libsContainingOptions":	[]
					},
					"prebuiltLibs":	{
						"prebuiltIncPath":	[],
						"prebuiltLibPath":	[]
					},
					"isolation":	{
					}
				}]
		}]
}
LOG::2025-03-26.16:14:03::SCWPlatform::Started generating the artifacts platform Assignment3_platform
TRACE::2025-03-26.16:14:03::SCWPlatform::Sanity checking of platform is completed
LOG::2025-03-26.16:14:03::SCWPlatform::Started generating the artifacts for system configuration Assignment3_platform
LOG::2025-03-26.16:14:03::SCWSystem::Started Processing the domain standalone_domain
TRACE::2025-03-26.16:14:03::SCWDomain::Generating domain artifcats
TRACE::2025-03-26.16:14:03::SCWMssOS::Generating standalone artifcats
TRACE::2025-03-26.16:14:03::SCWMssOS::Copying the qemu file from  C:/Users/j54mao/ECE423/ECE-423-Labs/workspace/Assignment3_platform/resources/Assignment3_platform/standalone_domain/qemu_args.txt To C:/Users/j54mao/ECE423/ECE-423-Labs/workspace/Assignment3_platform/export/Assignment3_platform/sw/Assignment3_platform/qemu/
TRACE::2025-03-26.16:14:03::SCWMssOS::Copying the qemu file from  C:/Users/j54mao/ECE423/ECE-423-Labs/workspace/Assignment3_platform/resources/Assignment3_platform/standalone_domain/qemu_args.txt To C:/Users/j54mao/ECE423/ECE-423-Labs/workspace/Assignment3_platform/export/Assignment3_platform/sw/Assignment3_platform/standalone_domain/qemu/
TRACE::2025-03-26.16:14:03::SCWMssOS:: Copying the user libraries. 
TRACE::2025-03-26.16:14:03::SCWPlatform::Trying to open the hw design at C:/Users/j54mao/ECE423/ECE-423-Labs/workspace/Assignment3_platform/hw/lab_prefab_wrapper.xsa
TRACE::2025-03-26.16:14:03::SCWPlatform::DSA given C:/Users/j54mao/ECE423/ECE-423-Labs/workspace/Assignment3_platform/hw/lab_prefab_wrapper.xsa
TRACE::2025-03-26.16:14:03::SCWPlatform::DSA absoulate path C:/Users/j54mao/ECE423/ECE-423-Labs/workspace/Assignment3_platform/hw/lab_prefab_wrapper.xsa
TRACE::2025-03-26.16:14:03::SCWPlatform::DSA directory C:/Users/j54mao/ECE423/ECE-423-Labs/workspace/Assignment3_platform/hw
TRACE::2025-03-26.16:14:03::SCWPlatform:: Platform Path C:/Users/j54mao/ECE423/ECE-423-Labs/workspace/Assignment3_platform/hw/lab_prefab_wrapper.xsa
TRACE::2025-03-26.16:14:03::SCWPlatform:: Unique name xilinx:pynq-z1::0.0
TRACE::2025-03-26.16:14:03::SCWPlatform::Trying to set the existing hwdb with name lab_prefab_wrapper_1
TRACE::2025-03-26.16:14:03::SCWPlatform::Opened existing hwdb lab_prefab_wrapper_1
TRACE::2025-03-26.16:14:03::SCWPlatform::Found the Hw Db part of the input DSA
TRACE::2025-03-26.16:14:03::SCWMssOS::Checking the sw design at  C:/Users/j54mao/ECE423/ECE-423-Labs/workspace/Assignment3_platform/ps7_cortexa9_0/standalone_domain/bsp/system.mss
TRACE::2025-03-26.16:14:03::SCWMssOS::DEBUG:  swdes dump  C:/Users/j54mao/ECE423/ECE-423-Labs/workspace/Assignment3_platform/ps7_cortexa9_0/standalone_domain/bsp/system.mss|system_0||
C:/Users/j54mao/ECE423/ECE-423-Labs/workspace/Assignment3_platform/ps7_cortexa9_1/standalone_ps7_cortexa9_1/bsp/system.mss|system_1||
C:/Users/j54mao/ECE423/ECE-423-Labs/workspace/Assignment3_platform/zynq_fsbl/zynq_fsbl_bsp/system.mss|system||

TRACE::2025-03-26.16:14:03::SCWMssOS::Sw design exists and opened at  C:/Users/j54mao/ECE423/ECE-423-Labs/workspace/Assignment3_platform/ps7_cortexa9_0/standalone_domain/bsp/system.mss
TRACE::2025-03-26.16:14:03::SCWMssOS::Completed writing the mss file at C:/Users/j54mao/ECE423/ECE-423-Labs/workspace/Assignment3_platform/ps7_cortexa9_0/standalone_domain/bsp
TRACE::2025-03-26.16:14:03::SCWMssOS::Mss edits present, copying mssfile into export location C:/Users/j54mao/ECE423/ECE-423-Labs/workspace/Assignment3_platform/ps7_cortexa9_0/standalone_domain/bsp/system.mss
TRACE::2025-03-26.16:14:03::SCWMssOS::bsp generated is upto date with the mss file. Skipping bsp generation.
TRACE::2025-03-26.16:14:03::SCWMssOS::BSP is already built. skipping the bsp build ... 
TRACE::2025-03-26.16:14:03::SCWDomain::Building the domain as part of full build :  standalone_domain
TRACE::2025-03-26.16:14:03::SCWMssOS::skipping the bsp build ... 
TRACE::2025-03-26.16:14:03::SCWMssOS::Copying to export directory.
TRACE::2025-03-26.16:14:03::SCWMssOS:: Checking if to create the Supporting Applications
TRACE::2025-03-26.16:14:03::SCWMssOS:: No Linux domain exists, trying to generate FSBL 
TRACE::2025-03-26.16:14:03::SCWMssOS:: Completed Standalone Artifacts creation 
LOG::2025-03-26.16:14:03::SCWSystem::Completed Processing the domain standalone_domain
LOG::2025-03-26.16:14:03::SCWSystem::Started Processing the domain standalone_ps7_cortexa9_1
TRACE::2025-03-26.16:14:03::SCWDomain::Generating domain artifcats
TRACE::2025-03-26.16:14:03::SCWMssOS::Generating standalone artifcats
TRACE::2025-03-26.16:14:03::SCWMssOS::Copying the qemu file from  C:/Users/j54mao/ECE423/ECE-423-Labs/workspace/Assignment3_platform/resources/Assignment3_platform/standalone_ps7_cortexa9_1/qemu_args.txt To C:/Users/j54mao/ECE423/ECE-423-Labs/workspace/Assignment3_platform/export/Assignment3_platform/sw/Assignment3_platform/standalone_ps7_cortexa9_1/qemu/
TRACE::2025-03-26.16:14:03::SCWMssOS:: Copying the user libraries. 
TRACE::2025-03-26.16:14:03::SCWPlatform::Trying to open the hw design at C:/Users/j54mao/ECE423/ECE-423-Labs/workspace/Assignment3_platform/hw/lab_prefab_wrapper.xsa
TRACE::2025-03-26.16:14:03::SCWPlatform::DSA given C:/Users/j54mao/ECE423/ECE-423-Labs/workspace/Assignment3_platform/hw/lab_prefab_wrapper.xsa
TRACE::2025-03-26.16:14:03::SCWPlatform::DSA absoulate path C:/Users/j54mao/ECE423/ECE-423-Labs/workspace/Assignment3_platform/hw/lab_prefab_wrapper.xsa
TRACE::2025-03-26.16:14:03::SCWPlatform::DSA directory C:/Users/j54mao/ECE423/ECE-423-Labs/workspace/Assignment3_platform/hw
TRACE::2025-03-26.16:14:03::SCWPlatform:: Platform Path C:/Users/j54mao/ECE423/ECE-423-Labs/workspace/Assignment3_platform/hw/lab_prefab_wrapper.xsa
TRACE::2025-03-26.16:14:03::SCWPlatform:: Unique name xilinx:pynq-z1::0.0
TRACE::2025-03-26.16:14:03::SCWPlatform::Trying to set the existing hwdb with name lab_prefab_wrapper_1
TRACE::2025-03-26.16:14:03::SCWPlatform::Opened existing hwdb lab_prefab_wrapper_1
TRACE::2025-03-26.16:14:03::SCWPlatform::Found the Hw Db part of the input DSA
TRACE::2025-03-26.16:14:03::SCWMssOS::Checking the sw design at  C:/Users/j54mao/ECE423/ECE-423-Labs/workspace/Assignment3_platform/ps7_cortexa9_1/standalone_ps7_cortexa9_1/bsp/system.mss
TRACE::2025-03-26.16:14:03::SCWMssOS::DEBUG:  swdes dump  C:/Users/j54mao/ECE423/ECE-423-Labs/workspace/Assignment3_platform/ps7_cortexa9_0/standalone_domain/bsp/system.mss|system_0||
C:/Users/j54mao/ECE423/ECE-423-Labs/workspace/Assignment3_platform/ps7_cortexa9_1/standalone_ps7_cortexa9_1/bsp/system.mss|system_1||
C:/Users/j54mao/ECE423/ECE-423-Labs/workspace/Assignment3_platform/zynq_fsbl/zynq_fsbl_bsp/system.mss|system||

TRACE::2025-03-26.16:14:03::SCWMssOS::Sw design exists and opened at  C:/Users/j54mao/ECE423/ECE-423-Labs/workspace/Assignment3_platform/ps7_cortexa9_1/standalone_ps7_cortexa9_1/bsp/system.mss
TRACE::2025-03-26.16:14:03::SCWMssOS::Completed writing the mss file at C:/Users/j54mao/ECE423/ECE-423-Labs/workspace/Assignment3_platform/ps7_cortexa9_1/standalone_ps7_cortexa9_1/bsp
TRACE::2025-03-26.16:14:03::SCWMssOS::Mss edits present, copying mssfile into export location C:/Users/j54mao/ECE423/ECE-423-Labs/workspace/Assignment3_platform/ps7_cortexa9_1/standalone_ps7_cortexa9_1/bsp/system.mss
TRACE::2025-03-26.16:14:03::SCWMssOS::bsp generated is upto date with the mss file. Skipping bsp generation.
TRACE::2025-03-26.16:14:03::SCWMssOS::BSP is already built. skipping the bsp build ... 
TRACE::2025-03-26.16:14:03::SCWDomain::Building the domain as part of full build :  standalone_ps7_cortexa9_1
TRACE::2025-03-26.16:14:03::SCWMssOS::skipping the bsp build ... 
TRACE::2025-03-26.16:14:03::SCWMssOS::Copying to export directory.
TRACE::2025-03-26.16:14:03::SCWMssOS:: Checking if to create the Supporting Applications
TRACE::2025-03-26.16:14:03::SCWMssOS:: No Linux domain exists, trying to generate FSBL 
TRACE::2025-03-26.16:14:03::SCWMssOS:: Completed Standalone Artifacts creation 
LOG::2025-03-26.16:14:03::SCWSystem::Completed Processing the domain standalone_ps7_cortexa9_1
LOG::2025-03-26.16:14:03::SCWSystem::Completed Processing the sysconfig Assignment3_platform
LOG::2025-03-26.16:14:03::SCWPlatform::Completed generating the artifacts for system configuration Assignment3_platform
TRACE::2025-03-26.16:14:03::SCWPlatform::Started preparing the platform 
TRACE::2025-03-26.16:14:03::SCWSystem::Writing the bif file for system config Assignment3_platform
TRACE::2025-03-26.16:14:03::SCWSystem::dir created 
TRACE::2025-03-26.16:14:03::SCWSystem::Writing the bif 
TRACE::2025-03-26.16:14:03::SCWPlatform::Started writing the spfm file 
TRACE::2025-03-26.16:14:03::SCWPlatform::Started writing the xpfm file 
TRACE::2025-03-26.16:14:03::SCWPlatform::Completed generating the platform
TRACE::2025-03-26.16:14:03::SCWMssOS::Saving the mss changes C:/Users/j54mao/ECE423/ECE-423-Labs/workspace/Assignment3_platform/zynq_fsbl/zynq_fsbl_bsp/system.mss
TRACE::2025-03-26.16:14:03::SCWMssOS::Found a swdesign opened with the mssfile.
TRACE::2025-03-26.16:14:03::SCWMssOS::Completed writemss as part of save.
TRACE::2025-03-26.16:14:03::SCWMssOS::Commit changes completed.
TRACE::2025-03-26.16:14:03::SCWMssOS::Saving the mss changes C:/Users/j54mao/ECE423/ECE-423-Labs/workspace/Assignment3_platform/ps7_cortexa9_0/standalone_domain/bsp/system.mss
TRACE::2025-03-26.16:14:03::SCWMssOS::Found a swdesign opened with the mssfile.
TRACE::2025-03-26.16:14:03::SCWMssOS::Completed writemss as part of save.
TRACE::2025-03-26.16:14:03::SCWMssOS::Commit changes completed.
TRACE::2025-03-26.16:14:03::SCWMssOS::Saving the mss changes C:/Users/j54mao/ECE423/ECE-423-Labs/workspace/Assignment3_platform/ps7_cortexa9_1/standalone_ps7_cortexa9_1/bsp/system.mss
TRACE::2025-03-26.16:14:03::SCWMssOS::Found a swdesign opened with the mssfile.
TRACE::2025-03-26.16:14:03::SCWMssOS::Completed writemss as part of save.
TRACE::2025-03-26.16:14:03::SCWMssOS::Commit changes completed.
TRACE::2025-03-26.16:14:03::SCWPlatform::Trying to open the hw design at C:/Users/j54mao/ECE423/ECE-423-Labs/workspace/Assignment3_platform/hw/lab_prefab_wrapper.xsa
TRACE::2025-03-26.16:14:03::SCWPlatform::DSA given C:/Users/j54mao/ECE423/ECE-423-Labs/workspace/Assignment3_platform/hw/lab_prefab_wrapper.xsa
TRACE::2025-03-26.16:14:03::SCWPlatform::DSA absoulate path C:/Users/j54mao/ECE423/ECE-423-Labs/workspace/Assignment3_platform/hw/lab_prefab_wrapper.xsa
TRACE::2025-03-26.16:14:03::SCWPlatform::DSA directory C:/Users/j54mao/ECE423/ECE-423-Labs/workspace/Assignment3_platform/hw
TRACE::2025-03-26.16:14:03::SCWPlatform:: Platform Path C:/Users/j54mao/ECE423/ECE-423-Labs/workspace/Assignment3_platform/hw/lab_prefab_wrapper.xsa
TRACE::2025-03-26.16:14:03::SCWPlatform:: Unique name xilinx:pynq-z1::0.0
TRACE::2025-03-26.16:14:03::SCWPlatform::Trying to set the existing hwdb with name lab_prefab_wrapper_1
TRACE::2025-03-26.16:14:03::SCWPlatform::Opened existing hwdb lab_prefab_wrapper_1
TRACE::2025-03-26.16:14:03::SCWPlatform::Found the Hw Db part of the input DSA
TRACE::2025-03-26.16:14:03::SCWMssOS::Checking the sw design at  C:/Users/j54mao/ECE423/ECE-423-Labs/workspace/Assignment3_platform/zynq_fsbl/zynq_fsbl_bsp/system.mss
TRACE::2025-03-26.16:14:03::SCWMssOS::DEBUG:  swdes dump  C:/Users/j54mao/ECE423/ECE-423-Labs/workspace/Assignment3_platform/ps7_cortexa9_0/standalone_domain/bsp/system.mss|system_0||
C:/Users/j54mao/ECE423/ECE-423-Labs/workspace/Assignment3_platform/ps7_cortexa9_1/standalone_ps7_cortexa9_1/bsp/system.mss|system_1||
C:/Users/j54mao/ECE423/ECE-423-Labs/workspace/Assignment3_platform/zynq_fsbl/zynq_fsbl_bsp/system.mss|system||

TRACE::2025-03-26.16:14:03::SCWMssOS::Sw design exists and opened at  C:/Users/j54mao/ECE423/ECE-423-Labs/workspace/Assignment3_platform/zynq_fsbl/zynq_fsbl_bsp/system.mss
TRACE::2025-03-26.16:14:03::SCWPlatform::Trying to open the hw design at C:/Users/j54mao/ECE423/ECE-423-Labs/workspace/Assignment3_platform/hw/lab_prefab_wrapper.xsa
TRACE::2025-03-26.16:14:03::SCWPlatform::DSA given C:/Users/j54mao/ECE423/ECE-423-Labs/workspace/Assignment3_platform/hw/lab_prefab_wrapper.xsa
TRACE::2025-03-26.16:14:03::SCWPlatform::DSA absoulate path C:/Users/j54mao/ECE423/ECE-423-Labs/workspace/Assignment3_platform/hw/lab_prefab_wrapper.xsa
TRACE::2025-03-26.16:14:03::SCWPlatform::DSA directory C:/Users/j54mao/ECE423/ECE-423-Labs/workspace/Assignment3_platform/hw
TRACE::2025-03-26.16:14:03::SCWPlatform:: Platform Path C:/Users/j54mao/ECE423/ECE-423-Labs/workspace/Assignment3_platform/hw/lab_prefab_wrapper.xsa
TRACE::2025-03-26.16:14:03::SCWPlatform:: Unique name xilinx:pynq-z1::0.0
TRACE::2025-03-26.16:14:03::SCWPlatform::Trying to set the existing hwdb with name lab_prefab_wrapper_1
TRACE::2025-03-26.16:14:03::SCWPlatform::Opened existing hwdb lab_prefab_wrapper_1
TRACE::2025-03-26.16:14:03::SCWPlatform::Found the Hw Db part of the input DSA
TRACE::2025-03-26.16:14:03::SCWMssOS::Checking the sw design at  C:/Users/j54mao/ECE423/ECE-423-Labs/workspace/Assignment3_platform/ps7_cortexa9_0/standalone_domain/bsp/system.mss
TRACE::2025-03-26.16:14:03::SCWMssOS::DEBUG:  swdes dump  C:/Users/j54mao/ECE423/ECE-423-Labs/workspace/Assignment3_platform/ps7_cortexa9_0/standalone_domain/bsp/system.mss|system_0||
C:/Users/j54mao/ECE423/ECE-423-Labs/workspace/Assignment3_platform/ps7_cortexa9_1/standalone_ps7_cortexa9_1/bsp/system.mss|system_1||
C:/Users/j54mao/ECE423/ECE-423-Labs/workspace/Assignment3_platform/zynq_fsbl/zynq_fsbl_bsp/system.mss|system||

TRACE::2025-03-26.16:14:03::SCWMssOS::Sw design exists and opened at  C:/Users/j54mao/ECE423/ECE-423-Labs/workspace/Assignment3_platform/ps7_cortexa9_0/standalone_domain/bsp/system.mss
TRACE::2025-03-26.16:14:03::SCWPlatform::Trying to open the hw design at C:/Users/j54mao/ECE423/ECE-423-Labs/workspace/Assignment3_platform/hw/lab_prefab_wrapper.xsa
TRACE::2025-03-26.16:14:03::SCWPlatform::DSA given C:/Users/j54mao/ECE423/ECE-423-Labs/workspace/Assignment3_platform/hw/lab_prefab_wrapper.xsa
TRACE::2025-03-26.16:14:03::SCWPlatform::DSA absoulate path C:/Users/j54mao/ECE423/ECE-423-Labs/workspace/Assignment3_platform/hw/lab_prefab_wrapper.xsa
TRACE::2025-03-26.16:14:03::SCWPlatform::DSA directory C:/Users/j54mao/ECE423/ECE-423-Labs/workspace/Assignment3_platform/hw
TRACE::2025-03-26.16:14:03::SCWPlatform:: Platform Path C:/Users/j54mao/ECE423/ECE-423-Labs/workspace/Assignment3_platform/hw/lab_prefab_wrapper.xsa
TRACE::2025-03-26.16:14:03::SCWPlatform:: Unique name xilinx:pynq-z1::0.0
TRACE::2025-03-26.16:14:03::SCWPlatform::Trying to set the existing hwdb with name lab_prefab_wrapper_1
TRACE::2025-03-26.16:14:03::SCWPlatform::Opened existing hwdb lab_prefab_wrapper_1
TRACE::2025-03-26.16:14:03::SCWPlatform::Found the Hw Db part of the input DSA
TRACE::2025-03-26.16:14:03::SCWMssOS::Checking the sw design at  C:/Users/j54mao/ECE423/ECE-423-Labs/workspace/Assignment3_platform/ps7_cortexa9_1/standalone_ps7_cortexa9_1/bsp/system.mss
TRACE::2025-03-26.16:14:03::SCWMssOS::DEBUG:  swdes dump  C:/Users/j54mao/ECE423/ECE-423-Labs/workspace/Assignment3_platform/ps7_cortexa9_0/standalone_domain/bsp/system.mss|system_0||
C:/Users/j54mao/ECE423/ECE-423-Labs/workspace/Assignment3_platform/ps7_cortexa9_1/standalone_ps7_cortexa9_1/bsp/system.mss|system_1||
C:/Users/j54mao/ECE423/ECE-423-Labs/workspace/Assignment3_platform/zynq_fsbl/zynq_fsbl_bsp/system.mss|system||

TRACE::2025-03-26.16:14:03::SCWMssOS::Sw design exists and opened at  C:/Users/j54mao/ECE423/ECE-423-Labs/workspace/Assignment3_platform/ps7_cortexa9_1/standalone_ps7_cortexa9_1/bsp/system.mss
TRACE::2025-03-26.16:14:03::SCWPlatform::Trying to open the hw design at C:/Users/j54mao/ECE423/ECE-423-Labs/workspace/Assignment3_platform/hw/lab_prefab_wrapper.xsa
TRACE::2025-03-26.16:14:03::SCWPlatform::DSA given C:/Users/j54mao/ECE423/ECE-423-Labs/workspace/Assignment3_platform/hw/lab_prefab_wrapper.xsa
TRACE::2025-03-26.16:14:03::SCWPlatform::DSA absoulate path C:/Users/j54mao/ECE423/ECE-423-Labs/workspace/Assignment3_platform/hw/lab_prefab_wrapper.xsa
TRACE::2025-03-26.16:14:03::SCWPlatform::DSA directory C:/Users/j54mao/ECE423/ECE-423-Labs/workspace/Assignment3_platform/hw
TRACE::2025-03-26.16:14:03::SCWPlatform:: Platform Path C:/Users/j54mao/ECE423/ECE-423-Labs/workspace/Assignment3_platform/hw/lab_prefab_wrapper.xsa
TRACE::2025-03-26.16:14:03::SCWPlatform:: Unique name xilinx:pynq-z1::0.0
TRACE::2025-03-26.16:14:03::SCWPlatform::Trying to set the existing hwdb with name lab_prefab_wrapper_1
TRACE::2025-03-26.16:14:03::SCWPlatform::Opened existing hwdb lab_prefab_wrapper_1
TRACE::2025-03-26.16:14:03::SCWPlatform::Found the Hw Db part of the input DSA
TRACE::2025-03-26.16:14:03::SCWMssOS::Checking the sw design at  C:/Users/j54mao/ECE423/ECE-423-Labs/workspace/Assignment3_platform/ps7_cortexa9_1/standalone_ps7_cortexa9_1/bsp/system.mss
TRACE::2025-03-26.16:14:03::SCWMssOS::DEBUG:  swdes dump  C:/Users/j54mao/ECE423/ECE-423-Labs/workspace/Assignment3_platform/ps7_cortexa9_0/standalone_domain/bsp/system.mss|system_0||
C:/Users/j54mao/ECE423/ECE-423-Labs/workspace/Assignment3_platform/ps7_cortexa9_1/standalone_ps7_cortexa9_1/bsp/system.mss|system_1||
C:/Users/j54mao/ECE423/ECE-423-Labs/workspace/Assignment3_platform/zynq_fsbl/zynq_fsbl_bsp/system.mss|system||

TRACE::2025-03-26.16:14:03::SCWMssOS::Sw design exists and opened at  C:/Users/j54mao/ECE423/ECE-423-Labs/workspace/Assignment3_platform/ps7_cortexa9_1/standalone_ps7_cortexa9_1/bsp/system.mss
TRACE::2025-03-26.16:14:03::SCWPlatform::Trying to open the hw design at C:/Users/j54mao/ECE423/ECE-423-Labs/workspace/Assignment3_platform/hw/lab_prefab_wrapper.xsa
TRACE::2025-03-26.16:14:03::SCWPlatform::DSA given C:/Users/j54mao/ECE423/ECE-423-Labs/workspace/Assignment3_platform/hw/lab_prefab_wrapper.xsa
TRACE::2025-03-26.16:14:03::SCWPlatform::DSA absoulate path C:/Users/j54mao/ECE423/ECE-423-Labs/workspace/Assignment3_platform/hw/lab_prefab_wrapper.xsa
TRACE::2025-03-26.16:14:03::SCWPlatform::DSA directory C:/Users/j54mao/ECE423/ECE-423-Labs/workspace/Assignment3_platform/hw
TRACE::2025-03-26.16:14:03::SCWPlatform:: Platform Path C:/Users/j54mao/ECE423/ECE-423-Labs/workspace/Assignment3_platform/hw/lab_prefab_wrapper.xsa
TRACE::2025-03-26.16:14:03::SCWPlatform:: Unique name xilinx:pynq-z1::0.0
TRACE::2025-03-26.16:14:03::SCWPlatform::Trying to set the existing hwdb with name lab_prefab_wrapper_1
TRACE::2025-03-26.16:14:03::SCWPlatform::Opened existing hwdb lab_prefab_wrapper_1
TRACE::2025-03-26.16:14:03::SCWPlatform::Found the Hw Db part of the input DSA
TRACE::2025-03-26.16:14:03::SCWMssOS::Checking the sw design at  C:/Users/j54mao/ECE423/ECE-423-Labs/workspace/Assignment3_platform/ps7_cortexa9_1/standalone_ps7_cortexa9_1/bsp/system.mss
TRACE::2025-03-26.16:14:03::SCWMssOS::DEBUG:  swdes dump  C:/Users/j54mao/ECE423/ECE-423-Labs/workspace/Assignment3_platform/ps7_cortexa9_0/standalone_domain/bsp/system.mss|system_0||
C:/Users/j54mao/ECE423/ECE-423-Labs/workspace/Assignment3_platform/ps7_cortexa9_1/standalone_ps7_cortexa9_1/bsp/system.mss|system_1||
C:/Users/j54mao/ECE423/ECE-423-Labs/workspace/Assignment3_platform/zynq_fsbl/zynq_fsbl_bsp/system.mss|system||

TRACE::2025-03-26.16:14:03::SCWMssOS::Sw design exists and opened at  C:/Users/j54mao/ECE423/ECE-423-Labs/workspace/Assignment3_platform/ps7_cortexa9_1/standalone_ps7_cortexa9_1/bsp/system.mss
TRACE::2025-03-26.16:14:03::SCWWriter::formatted JSON is {
	"platformName":	"Assignment3_platform",
	"sprVersion":	"2.0",
	"mode":	"gui",
	"dsaType":	"Fixed",
	"platformDesc":	"Assignment3_platform",
	"platHandOff":	"C:/Users/j54mao/ECE423/ECE-423-Labs/workspace/assignment2_hunter_test/hw/lab_prefab_wrapper.xsa",
	"platIntHandOff":	"<platformDir>/hw/lab_prefab_wrapper.xsa",
	"deviceType":	"zynq",
	"platIsPrebuiltAutogen":	"false",
	"platIsNoBootBsp":	"false",
	"hasFsblMakeHasChanges":	"false",
	"hasPmufwMakeHasChanges":	"false",
	"fsblExtraCompilerFlags":	"-MMD -MP       -mcpu=cortex-a9 -mfpu=vfpv3 -mfloat-abi=hard ",
	"platPreBuiltFlag":	false,
	"platformSamplesDir":	"",
	"platActiveSys":	"Assignment3_platform",
	"systems":	[{
			"systemName":	"Assignment3_platform",
			"systemDesc":	"Assignment3_platform",
			"sysIsBootAutoGen":	"true",
			"systemDispName":	"Assignment3_platform",
			"sysActiveDom":	"standalone_ps7_cortexa9_1",
			"sysDefaultDom":	"standalone_ps7_cortexa9_1",
			"domains":	[{
					"domainName":	"zynq_fsbl",
					"domainDispName":	"zynq_fsbl",
					"domainDesc":	"FSBL Application BSP - Auto Generated.",
					"processors":	"ps7_cortexa9_0",
					"os":	"standalone",
					"sdxOs":	"standalone",
					"debugEnable":	"",
					"domRuntimes":	["cpp"],
					"swRepo":	"",
					"mssOsVer":	"7.7",
					"mssFile":	"",
					"md5Digest":	"4bdfa872853735a660eaeae9ac55f0bb",
					"compatibleApp":	"zynq_fsbl",
					"domType":	"bootDomain",
					"arch":	"32-bit",
					"appSettings":	{
						"appCompilerFlags":	"",
						"appLinkerFlags":	""
					},
					"addedLibs":	["xilffs:4.7", "xilrsa:1.6"],
					"libOptions":	{
						"libsContainingOptions":	[]
					},
					"prebuiltLibs":	{
						"prebuiltIncPath":	[],
						"prebuiltLibPath":	[]
					},
					"isolation":	{
					}
				}, {
					"domainName":	"standalone_domain",
					"domainDispName":	"standalone on ps7_cortexa9_0",
					"domainDesc":	"standalone_domain",
					"processors":	"ps7_cortexa9_0",
					"os":	"standalone",
					"sdxOs":	"standalone",
					"qemuArgs":	"<platformDir>/resources/Assignment3_platform/standalone_domain/qemu_args.txt",
					"qemuData":	"<platformDir>/resources/Assignment3_platform/standalone_domain/qemu",
					"debugEnable":	"False",
					"domRuntimes":	["cpp"],
					"swRepo":	"",
					"mssOsVer":	"7.7",
					"mssFile":	"",
					"md5Digest":	"90759cd7d17204249617ea3f07fde571",
					"compatibleApp":	"",
					"domType":	"mssDomain",
					"appSettings":	{
						"appCompilerFlags":	"",
						"appLinkerFlags":	""
					},
					"addedLibs":	[],
					"libOptions":	{
						"libsContainingOptions":	[]
					},
					"prebuiltLibs":	{
						"prebuiltIncPath":	[],
						"prebuiltLibPath":	[]
					},
					"isolation":	{
					}
				}, {
					"domainName":	"standalone_ps7_cortexa9_1",
					"domainDispName":	"standalone_ps7_cortexa9_1",
					"domainDesc":	"standalone_ps7_cortexa9_1",
					"processors":	"ps7_cortexa9_1",
					"os":	"standalone",
					"sdxOs":	"standalone",
					"qemuArgs":	"<platformDir>/resources/Assignment3_platform/standalone_ps7_cortexa9_1/qemu_args.txt",
					"qemuData":	"<platformDir>/resources/Assignment3_platform/standalone_ps7_cortexa9_1/qemu",
					"debugEnable":	"False",
					"domRuntimes":	["cpp"],
					"swRepo":	"",
					"mssOsVer":	"7.7",
					"mssFile":	"",
					"md5Digest":	"3b009e6b4e734e9acb6aec67de6c4906",
					"compatibleApp":	"hello_world",
					"domType":	"mssDomain",
					"arch":	"32-bit",
					"appSettings":	{
						"appCompilerFlags":	"",
						"appLinkerFlags":	""
					},
					"addedLibs":	[],
					"libOptions":	{
						"libsContainingOptions":	[]
					},
					"prebuiltLibs":	{
						"prebuiltIncPath":	[],
						"prebuiltLibPath":	[]
					},
					"isolation":	{
					}
				}]
		}]
}
KEYINFO::2025-03-26.16:14:03::SCWPlatform::updated the xpfm file.
TRACE::2025-03-26.16:14:20::SCWPlatform::Clearing the existing platform
TRACE::2025-03-26.16:14:20::SCWSystem::Clearing the existing sysconfig
TRACE::2025-03-26.16:14:20::SCWBDomain::clearing the fsbl build
TRACE::2025-03-26.16:14:20::SCWMssOS::Removing the swdes entry for  C:/Users/j54mao/ECE423/ECE-423-Labs/workspace/Assignment3_platform/zynq_fsbl/zynq_fsbl_bsp/system.mss
TRACE::2025-03-26.16:14:20::SCWMssOS::Removing the swdes entry for  C:/Users/j54mao/ECE423/ECE-423-Labs/workspace/Assignment3_platform/ps7_cortexa9_0/standalone_domain/bsp/system.mss
TRACE::2025-03-26.16:14:20::SCWMssOS::Removing the swdes entry for  C:/Users/j54mao/ECE423/ECE-423-Labs/workspace/Assignment3_platform/ps7_cortexa9_1/standalone_ps7_cortexa9_1/bsp/system.mss
TRACE::2025-03-26.16:14:20::SCWSystem::Clearing the domains completed.
TRACE::2025-03-26.16:14:20::SCWPlatform::Clearing the opened hw db.
TRACE::2025-03-26.16:14:20::SCWPlatform::DSA given C:/Users/j54mao/ECE423/ECE-423-Labs/workspace/Assignment3_platform/hw/lab_prefab_wrapper.xsa
TRACE::2025-03-26.16:14:20::SCWPlatform::DSA absoulate path C:/Users/j54mao/ECE423/ECE-423-Labs/workspace/Assignment3_platform/hw/lab_prefab_wrapper.xsa
TRACE::2025-03-26.16:14:20::SCWPlatform:: Platform location is C:/Users/j54mao/ECE423/ECE-423-Labs/workspace/Assignment3_platform/hw
TRACE::2025-03-26.16:14:20::SCWPlatform:: Platform Path C:/Users/j54mao/ECE423/ECE-423-Labs/workspace/Assignment3_platform/hw/lab_prefab_wrapper.xsa
TRACE::2025-03-26.16:14:20::SCWPlatform:: Unique name xilinx:pynq-z1::0.0
TRACE::2025-03-26.16:14:20::SCWPlatform::Removing the HwDB with name C:/Users/j54mao/ECE423/ECE-423-Labs/workspace/Assignment3_platform/hw/lab_prefab_wrapper.xsa
TRACE::2025-03-26.16:14:20::SCWPlatform::Trying to open the hw design at C:/Users/j54mao/ECE423/ECE-423-Labs/workspace/Assignment3_platform/hw/lab_prefab_wrapper.xsa
TRACE::2025-03-26.16:14:20::SCWPlatform::DSA given C:/Users/j54mao/ECE423/ECE-423-Labs/workspace/Assignment3_platform/hw/lab_prefab_wrapper.xsa
TRACE::2025-03-26.16:14:20::SCWPlatform::DSA absoulate path C:/Users/j54mao/ECE423/ECE-423-Labs/workspace/Assignment3_platform/hw/lab_prefab_wrapper.xsa
TRACE::2025-03-26.16:14:20::SCWPlatform::DSA directory C:/Users/j54mao/ECE423/ECE-423-Labs/workspace/Assignment3_platform/hw
TRACE::2025-03-26.16:14:20::SCWPlatform:: Platform Path C:/Users/j54mao/ECE423/ECE-423-Labs/workspace/Assignment3_platform/hw/lab_prefab_wrapper.xsa
TRACE::2025-03-26.16:14:20::SCWPlatform:: Unique name xilinx:pynq-z1::0.0
TRACE::2025-03-26.16:14:20::SCWPlatform::Do not have an existing db opened. 
TRACE::2025-03-26.16:14:24::SCWPlatform::Opened new HwDB with name lab_prefab_wrapper_2
TRACE::2025-03-26.16:14:24::SCWReader::Active system found as  Assignment3_platform
TRACE::2025-03-26.16:14:24::SCWReader::Handling sysconfig Assignment3_platform
TRACE::2025-03-26.16:14:24::SCWDomain::checking for install qemu data   : 
TRACE::2025-03-26.16:14:24::SCWDomain:: Using the QEMU Data from install at  : C:/Software/Xilinx/Vitis/2022.1/data/emulation/platforms/zynq/sw/a9_standalone/qemu/
TRACE::2025-03-26.16:14:24::SCWDomain:: Using the QEMU args  from install at  : C:/Software/Xilinx/Vitis/2022.1/data/emulation/platforms/zynq/sw/a9_standalone/qemu/qemu_args.txt
TRACE::2025-03-26.16:14:24::SCWPlatform::Trying to open the hw design at C:/Users/j54mao/ECE423/ECE-423-Labs/workspace/Assignment3_platform/hw/lab_prefab_wrapper.xsa
TRACE::2025-03-26.16:14:24::SCWPlatform::DSA given C:/Users/j54mao/ECE423/ECE-423-Labs/workspace/Assignment3_platform/hw/lab_prefab_wrapper.xsa
TRACE::2025-03-26.16:14:24::SCWPlatform::DSA absoulate path C:/Users/j54mao/ECE423/ECE-423-Labs/workspace/Assignment3_platform/hw/lab_prefab_wrapper.xsa
TRACE::2025-03-26.16:14:24::SCWPlatform::DSA directory C:/Users/j54mao/ECE423/ECE-423-Labs/workspace/Assignment3_platform/hw
TRACE::2025-03-26.16:14:24::SCWPlatform:: Platform Path C:/Users/j54mao/ECE423/ECE-423-Labs/workspace/Assignment3_platform/hw/lab_prefab_wrapper.xsa
TRACE::2025-03-26.16:14:24::SCWPlatform:: Unique name xilinx:pynq-z1::0.0
TRACE::2025-03-26.16:14:24::SCWPlatform::Trying to set the existing hwdb with name lab_prefab_wrapper_2
TRACE::2025-03-26.16:14:24::SCWPlatform::Opened existing hwdb lab_prefab_wrapper_2
TRACE::2025-03-26.16:14:24::SCWPlatform::Found the Hw Db part of the input DSA
TRACE::2025-03-26.16:14:24::SCWPlatform::Trying to open the hw design at C:/Users/j54mao/ECE423/ECE-423-Labs/workspace/Assignment3_platform/hw/lab_prefab_wrapper.xsa
TRACE::2025-03-26.16:14:24::SCWPlatform::DSA given C:/Users/j54mao/ECE423/ECE-423-Labs/workspace/Assignment3_platform/hw/lab_prefab_wrapper.xsa
TRACE::2025-03-26.16:14:24::SCWPlatform::DSA absoulate path C:/Users/j54mao/ECE423/ECE-423-Labs/workspace/Assignment3_platform/hw/lab_prefab_wrapper.xsa
TRACE::2025-03-26.16:14:24::SCWPlatform::DSA directory C:/Users/j54mao/ECE423/ECE-423-Labs/workspace/Assignment3_platform/hw
TRACE::2025-03-26.16:14:24::SCWPlatform:: Platform Path C:/Users/j54mao/ECE423/ECE-423-Labs/workspace/Assignment3_platform/hw/lab_prefab_wrapper.xsa
TRACE::2025-03-26.16:14:24::SCWPlatform:: Unique name xilinx:pynq-z1::0.0
TRACE::2025-03-26.16:14:24::SCWPlatform::Trying to set the existing hwdb with name lab_prefab_wrapper_2
TRACE::2025-03-26.16:14:24::SCWPlatform::Opened existing hwdb lab_prefab_wrapper_2
TRACE::2025-03-26.16:14:24::SCWPlatform::Found the Hw Db part of the input DSA
TRACE::2025-03-26.16:14:24::SCWPlatform::Trying to open the hw design at C:/Users/j54mao/ECE423/ECE-423-Labs/workspace/Assignment3_platform/hw/lab_prefab_wrapper.xsa
TRACE::2025-03-26.16:14:24::SCWPlatform::DSA given C:/Users/j54mao/ECE423/ECE-423-Labs/workspace/Assignment3_platform/hw/lab_prefab_wrapper.xsa
TRACE::2025-03-26.16:14:24::SCWPlatform::DSA absoulate path C:/Users/j54mao/ECE423/ECE-423-Labs/workspace/Assignment3_platform/hw/lab_prefab_wrapper.xsa
TRACE::2025-03-26.16:14:24::SCWPlatform::DSA directory C:/Users/j54mao/ECE423/ECE-423-Labs/workspace/Assignment3_platform/hw
TRACE::2025-03-26.16:14:24::SCWPlatform:: Platform Path C:/Users/j54mao/ECE423/ECE-423-Labs/workspace/Assignment3_platform/hw/lab_prefab_wrapper.xsa
TRACE::2025-03-26.16:14:24::SCWPlatform:: Unique name xilinx:pynq-z1::0.0
TRACE::2025-03-26.16:14:24::SCWPlatform::Trying to set the existing hwdb with name lab_prefab_wrapper_2
TRACE::2025-03-26.16:14:24::SCWPlatform::Opened existing hwdb lab_prefab_wrapper_2
TRACE::2025-03-26.16:14:24::SCWPlatform::Found the Hw Db part of the input DSA
TRACE::2025-03-26.16:14:24::SCWReader::Boot application domain added for zynq_fsbl
TRACE::2025-03-26.16:14:24::SCWPlatform::Trying to open the hw design at C:/Users/j54mao/ECE423/ECE-423-Labs/workspace/Assignment3_platform/hw/lab_prefab_wrapper.xsa
TRACE::2025-03-26.16:14:24::SCWPlatform::DSA given C:/Users/j54mao/ECE423/ECE-423-Labs/workspace/Assignment3_platform/hw/lab_prefab_wrapper.xsa
TRACE::2025-03-26.16:14:24::SCWPlatform::DSA absoulate path C:/Users/j54mao/ECE423/ECE-423-Labs/workspace/Assignment3_platform/hw/lab_prefab_wrapper.xsa
TRACE::2025-03-26.16:14:24::SCWPlatform::DSA directory C:/Users/j54mao/ECE423/ECE-423-Labs/workspace/Assignment3_platform/hw
TRACE::2025-03-26.16:14:24::SCWPlatform:: Platform Path C:/Users/j54mao/ECE423/ECE-423-Labs/workspace/Assignment3_platform/hw/lab_prefab_wrapper.xsa
TRACE::2025-03-26.16:14:24::SCWPlatform:: Unique name xilinx:pynq-z1::0.0
TRACE::2025-03-26.16:14:24::SCWPlatform::Trying to set the existing hwdb with name lab_prefab_wrapper_2
TRACE::2025-03-26.16:14:24::SCWPlatform::Opened existing hwdb lab_prefab_wrapper_2
TRACE::2025-03-26.16:14:24::SCWPlatform::Found the Hw Db part of the input DSA
TRACE::2025-03-26.16:14:24::SCWMssOS::Checking the sw design at  C:/Users/j54mao/ECE423/ECE-423-Labs/workspace/Assignment3_platform/zynq_fsbl/zynq_fsbl_bsp/system.mss
TRACE::2025-03-26.16:14:24::SCWMssOS::DEBUG:  swdes dump  
TRACE::2025-03-26.16:14:24::SCWMssOS::No sw design opened at  C:/Users/j54mao/ECE423/ECE-423-Labs/workspace/Assignment3_platform/zynq_fsbl/zynq_fsbl_bsp/system.mss
TRACE::2025-03-26.16:14:24::SCWMssOS::mss exists loading the mss file  C:/Users/j54mao/ECE423/ECE-423-Labs/workspace/Assignment3_platform/zynq_fsbl/zynq_fsbl_bsp/system.mss
TRACE::2025-03-26.16:14:24::SCWMssOS::Opened the sw design from mss  C:/Users/j54mao/ECE423/ECE-423-Labs/workspace/Assignment3_platform/zynq_fsbl/zynq_fsbl_bsp/system.mss
TRACE::2025-03-26.16:14:24::SCWMssOS::Adding the swdes entry C:/Users/j54mao/ECE423/ECE-423-Labs/workspace/Assignment3_platform/zynq_fsbl/zynq_fsbl_bsp/system.mss with des name system
TRACE::2025-03-26.16:14:24::SCWMssOS::updating the scw layer about changes
TRACE::2025-03-26.16:14:24::SCWMssOS::Opened the sw design.  C:/Users/j54mao/ECE423/ECE-423-Labs/workspace/Assignment3_platform/zynq_fsbl/zynq_fsbl_bsp/system.mss
TRACE::2025-03-26.16:14:24::SCWPlatform::Trying to open the hw design at C:/Users/j54mao/ECE423/ECE-423-Labs/workspace/Assignment3_platform/hw/lab_prefab_wrapper.xsa
TRACE::2025-03-26.16:14:24::SCWPlatform::DSA given C:/Users/j54mao/ECE423/ECE-423-Labs/workspace/Assignment3_platform/hw/lab_prefab_wrapper.xsa
TRACE::2025-03-26.16:14:24::SCWPlatform::DSA absoulate path C:/Users/j54mao/ECE423/ECE-423-Labs/workspace/Assignment3_platform/hw/lab_prefab_wrapper.xsa
TRACE::2025-03-26.16:14:24::SCWPlatform::DSA directory C:/Users/j54mao/ECE423/ECE-423-Labs/workspace/Assignment3_platform/hw
TRACE::2025-03-26.16:14:24::SCWPlatform:: Platform Path C:/Users/j54mao/ECE423/ECE-423-Labs/workspace/Assignment3_platform/hw/lab_prefab_wrapper.xsa
TRACE::2025-03-26.16:14:24::SCWPlatform:: Unique name xilinx:pynq-z1::0.0
TRACE::2025-03-26.16:14:24::SCWPlatform::Trying to set the existing hwdb with name lab_prefab_wrapper_2
TRACE::2025-03-26.16:14:24::SCWPlatform::Opened existing hwdb lab_prefab_wrapper_2
TRACE::2025-03-26.16:14:24::SCWPlatform::Found the Hw Db part of the input DSA
TRACE::2025-03-26.16:14:24::SCWMssOS::Checking the sw design at  C:/Users/j54mao/ECE423/ECE-423-Labs/workspace/Assignment3_platform/zynq_fsbl/zynq_fsbl_bsp/system.mss
TRACE::2025-03-26.16:14:24::SCWMssOS::DEBUG:  swdes dump  C:/Users/j54mao/ECE423/ECE-423-Labs/workspace/Assignment3_platform/zynq_fsbl/zynq_fsbl_bsp/system.mss|system||

TRACE::2025-03-26.16:14:24::SCWMssOS::Sw design exists and opened at  C:/Users/j54mao/ECE423/ECE-423-Labs/workspace/Assignment3_platform/zynq_fsbl/zynq_fsbl_bsp/system.mss
TRACE::2025-03-26.16:14:24::SCWMssOS:: library already available in sw design:  xilffs:4.7
TRACE::2025-03-26.16:14:24::SCWPlatform::Trying to open the hw design at C:/Users/j54mao/ECE423/ECE-423-Labs/workspace/Assignment3_platform/hw/lab_prefab_wrapper.xsa
TRACE::2025-03-26.16:14:24::SCWPlatform::DSA given C:/Users/j54mao/ECE423/ECE-423-Labs/workspace/Assignment3_platform/hw/lab_prefab_wrapper.xsa
TRACE::2025-03-26.16:14:24::SCWPlatform::DSA absoulate path C:/Users/j54mao/ECE423/ECE-423-Labs/workspace/Assignment3_platform/hw/lab_prefab_wrapper.xsa
TRACE::2025-03-26.16:14:24::SCWPlatform::DSA directory C:/Users/j54mao/ECE423/ECE-423-Labs/workspace/Assignment3_platform/hw
TRACE::2025-03-26.16:14:24::SCWPlatform:: Platform Path C:/Users/j54mao/ECE423/ECE-423-Labs/workspace/Assignment3_platform/hw/lab_prefab_wrapper.xsa
TRACE::2025-03-26.16:14:24::SCWPlatform:: Unique name xilinx:pynq-z1::0.0
TRACE::2025-03-26.16:14:24::SCWPlatform::Trying to set the existing hwdb with name lab_prefab_wrapper_2
TRACE::2025-03-26.16:14:24::SCWPlatform::Opened existing hwdb lab_prefab_wrapper_2
TRACE::2025-03-26.16:14:24::SCWPlatform::Found the Hw Db part of the input DSA
TRACE::2025-03-26.16:14:24::SCWMssOS::Checking the sw design at  C:/Users/j54mao/ECE423/ECE-423-Labs/workspace/Assignment3_platform/zynq_fsbl/zynq_fsbl_bsp/system.mss
TRACE::2025-03-26.16:14:24::SCWMssOS::DEBUG:  swdes dump  C:/Users/j54mao/ECE423/ECE-423-Labs/workspace/Assignment3_platform/zynq_fsbl/zynq_fsbl_bsp/system.mss|system||

TRACE::2025-03-26.16:14:24::SCWMssOS::Sw design exists and opened at  C:/Users/j54mao/ECE423/ECE-423-Labs/workspace/Assignment3_platform/zynq_fsbl/zynq_fsbl_bsp/system.mss
TRACE::2025-03-26.16:14:24::SCWMssOS:: library already available in sw design:  xilrsa:1.6
TRACE::2025-03-26.16:14:24::SCWMssOS::Saving the mss changes C:/Users/j54mao/ECE423/ECE-423-Labs/workspace/Assignment3_platform/zynq_fsbl/zynq_fsbl_bsp/system.mss
TRACE::2025-03-26.16:14:24::SCWMssOS::Found a swdesign opened with the mssfile.
TRACE::2025-03-26.16:14:24::SCWMssOS::Completed writemss as part of save.
TRACE::2025-03-26.16:14:24::SCWMssOS::Commit changes completed.
TRACE::2025-03-26.16:14:24::SCWReader::Adding prebuilt librarypaths as   
TRACE::2025-03-26.16:14:24::SCWReader::Adding prebuilt incpaths  as   
TRACE::2025-03-26.16:14:24::SCWPlatform::Trying to open the hw design at C:/Users/j54mao/ECE423/ECE-423-Labs/workspace/Assignment3_platform/hw/lab_prefab_wrapper.xsa
TRACE::2025-03-26.16:14:24::SCWPlatform::DSA given C:/Users/j54mao/ECE423/ECE-423-Labs/workspace/Assignment3_platform/hw/lab_prefab_wrapper.xsa
TRACE::2025-03-26.16:14:24::SCWPlatform::DSA absoulate path C:/Users/j54mao/ECE423/ECE-423-Labs/workspace/Assignment3_platform/hw/lab_prefab_wrapper.xsa
TRACE::2025-03-26.16:14:24::SCWPlatform::DSA directory C:/Users/j54mao/ECE423/ECE-423-Labs/workspace/Assignment3_platform/hw
TRACE::2025-03-26.16:14:24::SCWPlatform:: Platform Path C:/Users/j54mao/ECE423/ECE-423-Labs/workspace/Assignment3_platform/hw/lab_prefab_wrapper.xsa
TRACE::2025-03-26.16:14:24::SCWPlatform:: Unique name xilinx:pynq-z1::0.0
TRACE::2025-03-26.16:14:24::SCWPlatform::Trying to set the existing hwdb with name lab_prefab_wrapper_2
TRACE::2025-03-26.16:14:24::SCWPlatform::Opened existing hwdb lab_prefab_wrapper_2
TRACE::2025-03-26.16:14:24::SCWPlatform::Found the Hw Db part of the input DSA
TRACE::2025-03-26.16:14:24::SCWMssOS::Checking the sw design at  C:/Users/j54mao/ECE423/ECE-423-Labs/workspace/Assignment3_platform/zynq_fsbl/zynq_fsbl_bsp/system.mss
TRACE::2025-03-26.16:14:24::SCWMssOS::DEBUG:  swdes dump  C:/Users/j54mao/ECE423/ECE-423-Labs/workspace/Assignment3_platform/zynq_fsbl/zynq_fsbl_bsp/system.mss|system||

TRACE::2025-03-26.16:14:24::SCWMssOS::Sw design exists and opened at  C:/Users/j54mao/ECE423/ECE-423-Labs/workspace/Assignment3_platform/zynq_fsbl/zynq_fsbl_bsp/system.mss
TRACE::2025-03-26.16:14:24::SCWReader::No isolation master present  
TRACE::2025-03-26.16:14:24::SCWDomain::checking for install qemu data   : 
TRACE::2025-03-26.16:14:24::SCWDomain:: Using the QEMU Data from install at  : C:/Software/Xilinx/Vitis/2022.1/data/emulation/platforms/zynq/sw/a9_standalone/qemu/
TRACE::2025-03-26.16:14:24::SCWDomain:: Using the QEMU args  from install at  : C:/Software/Xilinx/Vitis/2022.1/data/emulation/platforms/zynq/sw/a9_standalone/qemu/qemu_args.txt
TRACE::2025-03-26.16:14:24::SCWPlatform::Trying to open the hw design at C:/Users/j54mao/ECE423/ECE-423-Labs/workspace/Assignment3_platform/hw/lab_prefab_wrapper.xsa
TRACE::2025-03-26.16:14:24::SCWPlatform::DSA given C:/Users/j54mao/ECE423/ECE-423-Labs/workspace/Assignment3_platform/hw/lab_prefab_wrapper.xsa
TRACE::2025-03-26.16:14:24::SCWPlatform::DSA absoulate path C:/Users/j54mao/ECE423/ECE-423-Labs/workspace/Assignment3_platform/hw/lab_prefab_wrapper.xsa
TRACE::2025-03-26.16:14:24::SCWPlatform::DSA directory C:/Users/j54mao/ECE423/ECE-423-Labs/workspace/Assignment3_platform/hw
TRACE::2025-03-26.16:14:24::SCWPlatform:: Platform Path C:/Users/j54mao/ECE423/ECE-423-Labs/workspace/Assignment3_platform/hw/lab_prefab_wrapper.xsa
TRACE::2025-03-26.16:14:24::SCWPlatform:: Unique name xilinx:pynq-z1::0.0
TRACE::2025-03-26.16:14:24::SCWPlatform::Trying to set the existing hwdb with name lab_prefab_wrapper_2
TRACE::2025-03-26.16:14:24::SCWPlatform::Opened existing hwdb lab_prefab_wrapper_2
TRACE::2025-03-26.16:14:24::SCWPlatform::Found the Hw Db part of the input DSA
TRACE::2025-03-26.16:14:24::SCWPlatform::Trying to open the hw design at C:/Users/j54mao/ECE423/ECE-423-Labs/workspace/Assignment3_platform/hw/lab_prefab_wrapper.xsa
TRACE::2025-03-26.16:14:24::SCWPlatform::DSA given C:/Users/j54mao/ECE423/ECE-423-Labs/workspace/Assignment3_platform/hw/lab_prefab_wrapper.xsa
TRACE::2025-03-26.16:14:24::SCWPlatform::DSA absoulate path C:/Users/j54mao/ECE423/ECE-423-Labs/workspace/Assignment3_platform/hw/lab_prefab_wrapper.xsa
TRACE::2025-03-26.16:14:24::SCWPlatform::DSA directory C:/Users/j54mao/ECE423/ECE-423-Labs/workspace/Assignment3_platform/hw
TRACE::2025-03-26.16:14:24::SCWPlatform:: Platform Path C:/Users/j54mao/ECE423/ECE-423-Labs/workspace/Assignment3_platform/hw/lab_prefab_wrapper.xsa
TRACE::2025-03-26.16:14:24::SCWPlatform:: Unique name xilinx:pynq-z1::0.0
TRACE::2025-03-26.16:14:24::SCWPlatform::Trying to set the existing hwdb with name lab_prefab_wrapper_2
TRACE::2025-03-26.16:14:24::SCWPlatform::Opened existing hwdb lab_prefab_wrapper_2
TRACE::2025-03-26.16:14:24::SCWPlatform::Found the Hw Db part of the input DSA
TRACE::2025-03-26.16:14:24::SCWPlatform::Trying to open the hw design at C:/Users/j54mao/ECE423/ECE-423-Labs/workspace/Assignment3_platform/hw/lab_prefab_wrapper.xsa
TRACE::2025-03-26.16:14:24::SCWPlatform::DSA given C:/Users/j54mao/ECE423/ECE-423-Labs/workspace/Assignment3_platform/hw/lab_prefab_wrapper.xsa
TRACE::2025-03-26.16:14:24::SCWPlatform::DSA absoulate path C:/Users/j54mao/ECE423/ECE-423-Labs/workspace/Assignment3_platform/hw/lab_prefab_wrapper.xsa
TRACE::2025-03-26.16:14:24::SCWPlatform::DSA directory C:/Users/j54mao/ECE423/ECE-423-Labs/workspace/Assignment3_platform/hw
TRACE::2025-03-26.16:14:24::SCWPlatform:: Platform Path C:/Users/j54mao/ECE423/ECE-423-Labs/workspace/Assignment3_platform/hw/lab_prefab_wrapper.xsa
TRACE::2025-03-26.16:14:24::SCWPlatform:: Unique name xilinx:pynq-z1::0.0
TRACE::2025-03-26.16:14:24::SCWPlatform::Trying to set the existing hwdb with name lab_prefab_wrapper_2
TRACE::2025-03-26.16:14:24::SCWPlatform::Opened existing hwdb lab_prefab_wrapper_2
TRACE::2025-03-26.16:14:24::SCWPlatform::Found the Hw Db part of the input DSA
TRACE::2025-03-26.16:14:24::SCWMssOS::Checking the sw design at  C:/Users/j54mao/ECE423/ECE-423-Labs/workspace/Assignment3_platform/ps7_cortexa9_0/standalone_domain/bsp/system.mss
TRACE::2025-03-26.16:14:24::SCWMssOS::DEBUG:  swdes dump  C:/Users/j54mao/ECE423/ECE-423-Labs/workspace/Assignment3_platform/zynq_fsbl/zynq_fsbl_bsp/system.mss|system||

TRACE::2025-03-26.16:14:24::SCWMssOS::No sw design opened at  C:/Users/j54mao/ECE423/ECE-423-Labs/workspace/Assignment3_platform/ps7_cortexa9_0/standalone_domain/bsp/system.mss
TRACE::2025-03-26.16:14:24::SCWMssOS::mss exists loading the mss file  C:/Users/j54mao/ECE423/ECE-423-Labs/workspace/Assignment3_platform/ps7_cortexa9_0/standalone_domain/bsp/system.mss
TRACE::2025-03-26.16:14:24::SCWMssOS::Opened the sw design from mss  C:/Users/j54mao/ECE423/ECE-423-Labs/workspace/Assignment3_platform/ps7_cortexa9_0/standalone_domain/bsp/system.mss
TRACE::2025-03-26.16:14:24::SCWMssOS::Adding the swdes entry C:/Users/j54mao/ECE423/ECE-423-Labs/workspace/Assignment3_platform/ps7_cortexa9_0/standalone_domain/bsp/system.mss with des name system_0
TRACE::2025-03-26.16:14:24::SCWMssOS::updating the scw layer about changes
TRACE::2025-03-26.16:14:24::SCWMssOS::Opened the sw design.  C:/Users/j54mao/ECE423/ECE-423-Labs/workspace/Assignment3_platform/ps7_cortexa9_0/standalone_domain/bsp/system.mss
TRACE::2025-03-26.16:14:24::SCWMssOS::Saving the mss changes C:/Users/j54mao/ECE423/ECE-423-Labs/workspace/Assignment3_platform/ps7_cortexa9_0/standalone_domain/bsp/system.mss
TRACE::2025-03-26.16:14:24::SCWMssOS::Found a swdesign opened with the mssfile.
TRACE::2025-03-26.16:14:24::SCWMssOS::Completed writemss as part of save.
TRACE::2025-03-26.16:14:24::SCWMssOS::Commit changes completed.
TRACE::2025-03-26.16:14:24::SCWReader::Adding prebuilt librarypaths as   
TRACE::2025-03-26.16:14:24::SCWReader::Adding prebuilt incpaths  as   
TRACE::2025-03-26.16:14:24::SCWPlatform::Trying to open the hw design at C:/Users/j54mao/ECE423/ECE-423-Labs/workspace/Assignment3_platform/hw/lab_prefab_wrapper.xsa
TRACE::2025-03-26.16:14:24::SCWPlatform::DSA given C:/Users/j54mao/ECE423/ECE-423-Labs/workspace/Assignment3_platform/hw/lab_prefab_wrapper.xsa
TRACE::2025-03-26.16:14:24::SCWPlatform::DSA absoulate path C:/Users/j54mao/ECE423/ECE-423-Labs/workspace/Assignment3_platform/hw/lab_prefab_wrapper.xsa
TRACE::2025-03-26.16:14:24::SCWPlatform::DSA directory C:/Users/j54mao/ECE423/ECE-423-Labs/workspace/Assignment3_platform/hw
TRACE::2025-03-26.16:14:24::SCWPlatform:: Platform Path C:/Users/j54mao/ECE423/ECE-423-Labs/workspace/Assignment3_platform/hw/lab_prefab_wrapper.xsa
TRACE::2025-03-26.16:14:24::SCWPlatform:: Unique name xilinx:pynq-z1::0.0
TRACE::2025-03-26.16:14:24::SCWPlatform::Trying to set the existing hwdb with name lab_prefab_wrapper_2
TRACE::2025-03-26.16:14:24::SCWPlatform::Opened existing hwdb lab_prefab_wrapper_2
TRACE::2025-03-26.16:14:24::SCWPlatform::Found the Hw Db part of the input DSA
TRACE::2025-03-26.16:14:24::SCWMssOS::Checking the sw design at  C:/Users/j54mao/ECE423/ECE-423-Labs/workspace/Assignment3_platform/ps7_cortexa9_0/standalone_domain/bsp/system.mss
TRACE::2025-03-26.16:14:24::SCWMssOS::DEBUG:  swdes dump  C:/Users/j54mao/ECE423/ECE-423-Labs/workspace/Assignment3_platform/ps7_cortexa9_0/standalone_domain/bsp/system.mss|system_0||
C:/Users/j54mao/ECE423/ECE-423-Labs/workspace/Assignment3_platform/zynq_fsbl/zynq_fsbl_bsp/system.mss|system||

TRACE::2025-03-26.16:14:24::SCWMssOS::Sw design exists and opened at  C:/Users/j54mao/ECE423/ECE-423-Labs/workspace/Assignment3_platform/ps7_cortexa9_0/standalone_domain/bsp/system.mss
TRACE::2025-03-26.16:14:24::SCWReader::No isolation master present  
TRACE::2025-03-26.16:14:24::SCWDomain::checking for install qemu data   : 
TRACE::2025-03-26.16:14:24::SCWDomain:: Using the QEMU Data from install at  : C:/Software/Xilinx/Vitis/2022.1/data/emulation/platforms/zynq/sw/a9_standalone/qemu/
TRACE::2025-03-26.16:14:24::SCWDomain:: Using the QEMU args  from install at  : C:/Software/Xilinx/Vitis/2022.1/data/emulation/platforms/zynq/sw/a9_standalone/qemu/qemu_args.txt
TRACE::2025-03-26.16:14:24::SCWPlatform::Trying to open the hw design at C:/Users/j54mao/ECE423/ECE-423-Labs/workspace/Assignment3_platform/hw/lab_prefab_wrapper.xsa
TRACE::2025-03-26.16:14:24::SCWPlatform::DSA given C:/Users/j54mao/ECE423/ECE-423-Labs/workspace/Assignment3_platform/hw/lab_prefab_wrapper.xsa
TRACE::2025-03-26.16:14:24::SCWPlatform::DSA absoulate path C:/Users/j54mao/ECE423/ECE-423-Labs/workspace/Assignment3_platform/hw/lab_prefab_wrapper.xsa
TRACE::2025-03-26.16:14:24::SCWPlatform::DSA directory C:/Users/j54mao/ECE423/ECE-423-Labs/workspace/Assignment3_platform/hw
TRACE::2025-03-26.16:14:24::SCWPlatform:: Platform Path C:/Users/j54mao/ECE423/ECE-423-Labs/workspace/Assignment3_platform/hw/lab_prefab_wrapper.xsa
TRACE::2025-03-26.16:14:24::SCWPlatform:: Unique name xilinx:pynq-z1::0.0
TRACE::2025-03-26.16:14:24::SCWPlatform::Trying to set the existing hwdb with name lab_prefab_wrapper_2
TRACE::2025-03-26.16:14:24::SCWPlatform::Opened existing hwdb lab_prefab_wrapper_2
TRACE::2025-03-26.16:14:24::SCWPlatform::Found the Hw Db part of the input DSA
TRACE::2025-03-26.16:14:24::SCWPlatform::Trying to open the hw design at C:/Users/j54mao/ECE423/ECE-423-Labs/workspace/Assignment3_platform/hw/lab_prefab_wrapper.xsa
TRACE::2025-03-26.16:14:24::SCWPlatform::DSA given C:/Users/j54mao/ECE423/ECE-423-Labs/workspace/Assignment3_platform/hw/lab_prefab_wrapper.xsa
TRACE::2025-03-26.16:14:24::SCWPlatform::DSA absoulate path C:/Users/j54mao/ECE423/ECE-423-Labs/workspace/Assignment3_platform/hw/lab_prefab_wrapper.xsa
TRACE::2025-03-26.16:14:24::SCWPlatform::DSA directory C:/Users/j54mao/ECE423/ECE-423-Labs/workspace/Assignment3_platform/hw
TRACE::2025-03-26.16:14:24::SCWPlatform:: Platform Path C:/Users/j54mao/ECE423/ECE-423-Labs/workspace/Assignment3_platform/hw/lab_prefab_wrapper.xsa
TRACE::2025-03-26.16:14:24::SCWPlatform:: Unique name xilinx:pynq-z1::0.0
TRACE::2025-03-26.16:14:24::SCWPlatform::Trying to set the existing hwdb with name lab_prefab_wrapper_2
TRACE::2025-03-26.16:14:24::SCWPlatform::Opened existing hwdb lab_prefab_wrapper_2
TRACE::2025-03-26.16:14:24::SCWPlatform::Found the Hw Db part of the input DSA
TRACE::2025-03-26.16:14:24::SCWPlatform::Trying to open the hw design at C:/Users/j54mao/ECE423/ECE-423-Labs/workspace/Assignment3_platform/hw/lab_prefab_wrapper.xsa
TRACE::2025-03-26.16:14:24::SCWPlatform::DSA given C:/Users/j54mao/ECE423/ECE-423-Labs/workspace/Assignment3_platform/hw/lab_prefab_wrapper.xsa
TRACE::2025-03-26.16:14:24::SCWPlatform::DSA absoulate path C:/Users/j54mao/ECE423/ECE-423-Labs/workspace/Assignment3_platform/hw/lab_prefab_wrapper.xsa
TRACE::2025-03-26.16:14:24::SCWPlatform::DSA directory C:/Users/j54mao/ECE423/ECE-423-Labs/workspace/Assignment3_platform/hw
TRACE::2025-03-26.16:14:24::SCWPlatform:: Platform Path C:/Users/j54mao/ECE423/ECE-423-Labs/workspace/Assignment3_platform/hw/lab_prefab_wrapper.xsa
TRACE::2025-03-26.16:14:24::SCWPlatform:: Unique name xilinx:pynq-z1::0.0
TRACE::2025-03-26.16:14:24::SCWPlatform::Trying to set the existing hwdb with name lab_prefab_wrapper_2
TRACE::2025-03-26.16:14:24::SCWPlatform::Opened existing hwdb lab_prefab_wrapper_2
TRACE::2025-03-26.16:14:24::SCWPlatform::Found the Hw Db part of the input DSA
TRACE::2025-03-26.16:14:24::SCWMssOS::Checking the sw design at  C:/Users/j54mao/ECE423/ECE-423-Labs/workspace/Assignment3_platform/ps7_cortexa9_1/standalone_ps7_cortexa9_1/bsp/system.mss
TRACE::2025-03-26.16:14:24::SCWMssOS::DEBUG:  swdes dump  C:/Users/j54mao/ECE423/ECE-423-Labs/workspace/Assignment3_platform/ps7_cortexa9_0/standalone_domain/bsp/system.mss|system_0||
C:/Users/j54mao/ECE423/ECE-423-Labs/workspace/Assignment3_platform/zynq_fsbl/zynq_fsbl_bsp/system.mss|system||

TRACE::2025-03-26.16:14:24::SCWMssOS::No sw design opened at  C:/Users/j54mao/ECE423/ECE-423-Labs/workspace/Assignment3_platform/ps7_cortexa9_1/standalone_ps7_cortexa9_1/bsp/system.mss
TRACE::2025-03-26.16:14:24::SCWMssOS::mss exists loading the mss file  C:/Users/j54mao/ECE423/ECE-423-Labs/workspace/Assignment3_platform/ps7_cortexa9_1/standalone_ps7_cortexa9_1/bsp/system.mss
TRACE::2025-03-26.16:14:24::SCWMssOS::Opened the sw design from mss  C:/Users/j54mao/ECE423/ECE-423-Labs/workspace/Assignment3_platform/ps7_cortexa9_1/standalone_ps7_cortexa9_1/bsp/system.mss
TRACE::2025-03-26.16:14:24::SCWMssOS::Adding the swdes entry C:/Users/j54mao/ECE423/ECE-423-Labs/workspace/Assignment3_platform/ps7_cortexa9_1/standalone_ps7_cortexa9_1/bsp/system.mss with des name system_1
TRACE::2025-03-26.16:14:24::SCWMssOS::updating the scw layer about changes
TRACE::2025-03-26.16:14:24::SCWMssOS::Opened the sw design.  C:/Users/j54mao/ECE423/ECE-423-Labs/workspace/Assignment3_platform/ps7_cortexa9_1/standalone_ps7_cortexa9_1/bsp/system.mss
TRACE::2025-03-26.16:14:24::SCWMssOS::Saving the mss changes C:/Users/j54mao/ECE423/ECE-423-Labs/workspace/Assignment3_platform/ps7_cortexa9_1/standalone_ps7_cortexa9_1/bsp/system.mss
TRACE::2025-03-26.16:14:24::SCWMssOS::Found a swdesign opened with the mssfile.
TRACE::2025-03-26.16:14:24::SCWMssOS::Completed writemss as part of save.
TRACE::2025-03-26.16:14:24::SCWMssOS::Commit changes completed.
TRACE::2025-03-26.16:14:24::SCWReader::Adding prebuilt librarypaths as   
TRACE::2025-03-26.16:14:24::SCWReader::Adding prebuilt incpaths  as   
TRACE::2025-03-26.16:14:24::SCWPlatform::Trying to open the hw design at C:/Users/j54mao/ECE423/ECE-423-Labs/workspace/Assignment3_platform/hw/lab_prefab_wrapper.xsa
TRACE::2025-03-26.16:14:24::SCWPlatform::DSA given C:/Users/j54mao/ECE423/ECE-423-Labs/workspace/Assignment3_platform/hw/lab_prefab_wrapper.xsa
TRACE::2025-03-26.16:14:24::SCWPlatform::DSA absoulate path C:/Users/j54mao/ECE423/ECE-423-Labs/workspace/Assignment3_platform/hw/lab_prefab_wrapper.xsa
TRACE::2025-03-26.16:14:24::SCWPlatform::DSA directory C:/Users/j54mao/ECE423/ECE-423-Labs/workspace/Assignment3_platform/hw
TRACE::2025-03-26.16:14:24::SCWPlatform:: Platform Path C:/Users/j54mao/ECE423/ECE-423-Labs/workspace/Assignment3_platform/hw/lab_prefab_wrapper.xsa
TRACE::2025-03-26.16:14:24::SCWPlatform:: Unique name xilinx:pynq-z1::0.0
TRACE::2025-03-26.16:14:24::SCWPlatform::Trying to set the existing hwdb with name lab_prefab_wrapper_2
TRACE::2025-03-26.16:14:24::SCWPlatform::Opened existing hwdb lab_prefab_wrapper_2
TRACE::2025-03-26.16:14:24::SCWPlatform::Found the Hw Db part of the input DSA
TRACE::2025-03-26.16:14:24::SCWMssOS::Checking the sw design at  C:/Users/j54mao/ECE423/ECE-423-Labs/workspace/Assignment3_platform/ps7_cortexa9_1/standalone_ps7_cortexa9_1/bsp/system.mss
TRACE::2025-03-26.16:14:24::SCWMssOS::DEBUG:  swdes dump  C:/Users/j54mao/ECE423/ECE-423-Labs/workspace/Assignment3_platform/ps7_cortexa9_0/standalone_domain/bsp/system.mss|system_0||
C:/Users/j54mao/ECE423/ECE-423-Labs/workspace/Assignment3_platform/ps7_cortexa9_1/standalone_ps7_cortexa9_1/bsp/system.mss|system_1||
C:/Users/j54mao/ECE423/ECE-423-Labs/workspace/Assignment3_platform/zynq_fsbl/zynq_fsbl_bsp/system.mss|system||

TRACE::2025-03-26.16:14:24::SCWMssOS::Sw design exists and opened at  C:/Users/j54mao/ECE423/ECE-423-Labs/workspace/Assignment3_platform/ps7_cortexa9_1/standalone_ps7_cortexa9_1/bsp/system.mss
TRACE::2025-03-26.16:14:24::SCWReader::No isolation master present  
TRACE::2025-03-26.16:14:24::SCWPlatform::Trying to open the hw design at C:/Users/j54mao/ECE423/ECE-423-Labs/workspace/Assignment3_platform/hw/lab_prefab_wrapper.xsa
TRACE::2025-03-26.16:14:24::SCWPlatform::DSA given C:/Users/j54mao/ECE423/ECE-423-Labs/workspace/Assignment3_platform/hw/lab_prefab_wrapper.xsa
TRACE::2025-03-26.16:14:24::SCWPlatform::DSA absoulate path C:/Users/j54mao/ECE423/ECE-423-Labs/workspace/Assignment3_platform/hw/lab_prefab_wrapper.xsa
TRACE::2025-03-26.16:14:24::SCWPlatform::DSA directory C:/Users/j54mao/ECE423/ECE-423-Labs/workspace/Assignment3_platform/hw
TRACE::2025-03-26.16:14:24::SCWPlatform:: Platform Path C:/Users/j54mao/ECE423/ECE-423-Labs/workspace/Assignment3_platform/hw/lab_prefab_wrapper.xsa
TRACE::2025-03-26.16:14:24::SCWPlatform:: Unique name xilinx:pynq-z1::0.0
TRACE::2025-03-26.16:14:24::SCWPlatform::Trying to set the existing hwdb with name lab_prefab_wrapper_2
TRACE::2025-03-26.16:14:24::SCWPlatform::Opened existing hwdb lab_prefab_wrapper_2
TRACE::2025-03-26.16:14:24::SCWPlatform::Found the Hw Db part of the input DSA
TRACE::2025-03-26.16:14:24::SCWMssOS::Checking the sw design at  C:/Users/j54mao/ECE423/ECE-423-Labs/workspace/Assignment3_platform/zynq_fsbl/zynq_fsbl_bsp/system.mss
TRACE::2025-03-26.16:14:24::SCWMssOS::DEBUG:  swdes dump  C:/Users/j54mao/ECE423/ECE-423-Labs/workspace/Assignment3_platform/ps7_cortexa9_0/standalone_domain/bsp/system.mss|system_0||
C:/Users/j54mao/ECE423/ECE-423-Labs/workspace/Assignment3_platform/ps7_cortexa9_1/standalone_ps7_cortexa9_1/bsp/system.mss|system_1||
C:/Users/j54mao/ECE423/ECE-423-Labs/workspace/Assignment3_platform/zynq_fsbl/zynq_fsbl_bsp/system.mss|system||

TRACE::2025-03-26.16:14:24::SCWMssOS::Sw design exists and opened at  C:/Users/j54mao/ECE423/ECE-423-Labs/workspace/Assignment3_platform/zynq_fsbl/zynq_fsbl_bsp/system.mss
TRACE::2025-03-26.16:14:25::SCWMssOS::In reload Mss file.
TRACE::2025-03-26.16:14:25::SCWPlatform::Trying to open the hw design at C:/Users/j54mao/ECE423/ECE-423-Labs/workspace/Assignment3_platform/hw/lab_prefab_wrapper.xsa
TRACE::2025-03-26.16:14:25::SCWPlatform::DSA given C:/Users/j54mao/ECE423/ECE-423-Labs/workspace/Assignment3_platform/hw/lab_prefab_wrapper.xsa
TRACE::2025-03-26.16:14:25::SCWPlatform::DSA absoulate path C:/Users/j54mao/ECE423/ECE-423-Labs/workspace/Assignment3_platform/hw/lab_prefab_wrapper.xsa
TRACE::2025-03-26.16:14:25::SCWPlatform::DSA directory C:/Users/j54mao/ECE423/ECE-423-Labs/workspace/Assignment3_platform/hw
TRACE::2025-03-26.16:14:25::SCWPlatform:: Platform Path C:/Users/j54mao/ECE423/ECE-423-Labs/workspace/Assignment3_platform/hw/lab_prefab_wrapper.xsa
TRACE::2025-03-26.16:14:25::SCWPlatform:: Unique name xilinx:pynq-z1::0.0
TRACE::2025-03-26.16:14:25::SCWPlatform::Trying to set the existing hwdb with name lab_prefab_wrapper_2
TRACE::2025-03-26.16:14:25::SCWPlatform::Opened existing hwdb lab_prefab_wrapper_2
TRACE::2025-03-26.16:14:25::SCWPlatform::Found the Hw Db part of the input DSA
TRACE::2025-03-26.16:14:25::SCWMssOS::Checking the sw design at  C:/Users/j54mao/ECE423/ECE-423-Labs/workspace/Assignment3_platform/zynq_fsbl/zynq_fsbl_bsp/system.mss
TRACE::2025-03-26.16:14:25::SCWMssOS::DEBUG:  swdes dump  C:/Users/j54mao/ECE423/ECE-423-Labs/workspace/Assignment3_platform/ps7_cortexa9_0/standalone_domain/bsp/system.mss|system_0||
C:/Users/j54mao/ECE423/ECE-423-Labs/workspace/Assignment3_platform/ps7_cortexa9_1/standalone_ps7_cortexa9_1/bsp/system.mss|system_1||

TRACE::2025-03-26.16:14:25::SCWMssOS::No sw design opened at  C:/Users/j54mao/ECE423/ECE-423-Labs/workspace/Assignment3_platform/zynq_fsbl/zynq_fsbl_bsp/system.mss
TRACE::2025-03-26.16:14:25::SCWMssOS::mss exists loading the mss file  C:/Users/j54mao/ECE423/ECE-423-Labs/workspace/Assignment3_platform/zynq_fsbl/zynq_fsbl_bsp/system.mss
TRACE::2025-03-26.16:14:25::SCWMssOS::Opened the sw design from mss  C:/Users/j54mao/ECE423/ECE-423-Labs/workspace/Assignment3_platform/zynq_fsbl/zynq_fsbl_bsp/system.mss
TRACE::2025-03-26.16:14:25::SCWMssOS::Adding the swdes entry C:/Users/j54mao/ECE423/ECE-423-Labs/workspace/Assignment3_platform/zynq_fsbl/zynq_fsbl_bsp/system.mss with des name system
TRACE::2025-03-26.16:14:25::SCWMssOS::updating the scw layer about changes
TRACE::2025-03-26.16:14:25::SCWMssOS::Opened the sw design.  C:/Users/j54mao/ECE423/ECE-423-Labs/workspace/Assignment3_platform/zynq_fsbl/zynq_fsbl_bsp/system.mss
TRACE::2025-03-26.16:14:25::SCWPlatform::Trying to open the hw design at C:/Users/j54mao/ECE423/ECE-423-Labs/workspace/Assignment3_platform/hw/lab_prefab_wrapper.xsa
TRACE::2025-03-26.16:14:25::SCWPlatform::DSA given C:/Users/j54mao/ECE423/ECE-423-Labs/workspace/Assignment3_platform/hw/lab_prefab_wrapper.xsa
TRACE::2025-03-26.16:14:25::SCWPlatform::DSA absoulate path C:/Users/j54mao/ECE423/ECE-423-Labs/workspace/Assignment3_platform/hw/lab_prefab_wrapper.xsa
TRACE::2025-03-26.16:14:25::SCWPlatform::DSA directory C:/Users/j54mao/ECE423/ECE-423-Labs/workspace/Assignment3_platform/hw
TRACE::2025-03-26.16:14:25::SCWPlatform:: Platform Path C:/Users/j54mao/ECE423/ECE-423-Labs/workspace/Assignment3_platform/hw/lab_prefab_wrapper.xsa
TRACE::2025-03-26.16:14:25::SCWPlatform:: Unique name xilinx:pynq-z1::0.0
TRACE::2025-03-26.16:14:25::SCWPlatform::Trying to set the existing hwdb with name lab_prefab_wrapper_2
TRACE::2025-03-26.16:14:25::SCWPlatform::Opened existing hwdb lab_prefab_wrapper_2
TRACE::2025-03-26.16:14:25::SCWPlatform::Found the Hw Db part of the input DSA
TRACE::2025-03-26.16:14:25::SCWMssOS::Checking the sw design at  C:/Users/j54mao/ECE423/ECE-423-Labs/workspace/Assignment3_platform/zynq_fsbl/zynq_fsbl_bsp/system.mss
TRACE::2025-03-26.16:14:25::SCWMssOS::DEBUG:  swdes dump  C:/Users/j54mao/ECE423/ECE-423-Labs/workspace/Assignment3_platform/ps7_cortexa9_0/standalone_domain/bsp/system.mss|system_0||
C:/Users/j54mao/ECE423/ECE-423-Labs/workspace/Assignment3_platform/ps7_cortexa9_1/standalone_ps7_cortexa9_1/bsp/system.mss|system_1||
C:/Users/j54mao/ECE423/ECE-423-Labs/workspace/Assignment3_platform/zynq_fsbl/zynq_fsbl_bsp/system.mss|system||

TRACE::2025-03-26.16:14:25::SCWMssOS::Sw design exists and opened at  C:/Users/j54mao/ECE423/ECE-423-Labs/workspace/Assignment3_platform/zynq_fsbl/zynq_fsbl_bsp/system.mss
TRACE::2025-03-26.16:14:25::SCWMssOS:: library already available in sw design:  xilffs:4.7
TRACE::2025-03-26.16:14:25::SCWPlatform::Trying to open the hw design at C:/Users/j54mao/ECE423/ECE-423-Labs/workspace/Assignment3_platform/hw/lab_prefab_wrapper.xsa
TRACE::2025-03-26.16:14:25::SCWPlatform::DSA given C:/Users/j54mao/ECE423/ECE-423-Labs/workspace/Assignment3_platform/hw/lab_prefab_wrapper.xsa
TRACE::2025-03-26.16:14:25::SCWPlatform::DSA absoulate path C:/Users/j54mao/ECE423/ECE-423-Labs/workspace/Assignment3_platform/hw/lab_prefab_wrapper.xsa
TRACE::2025-03-26.16:14:25::SCWPlatform::DSA directory C:/Users/j54mao/ECE423/ECE-423-Labs/workspace/Assignment3_platform/hw
TRACE::2025-03-26.16:14:25::SCWPlatform:: Platform Path C:/Users/j54mao/ECE423/ECE-423-Labs/workspace/Assignment3_platform/hw/lab_prefab_wrapper.xsa
TRACE::2025-03-26.16:14:25::SCWPlatform:: Unique name xilinx:pynq-z1::0.0
TRACE::2025-03-26.16:14:25::SCWPlatform::Trying to set the existing hwdb with name lab_prefab_wrapper_2
TRACE::2025-03-26.16:14:25::SCWPlatform::Opened existing hwdb lab_prefab_wrapper_2
TRACE::2025-03-26.16:14:25::SCWPlatform::Found the Hw Db part of the input DSA
TRACE::2025-03-26.16:14:25::SCWMssOS::Checking the sw design at  C:/Users/j54mao/ECE423/ECE-423-Labs/workspace/Assignment3_platform/zynq_fsbl/zynq_fsbl_bsp/system.mss
TRACE::2025-03-26.16:14:25::SCWMssOS::DEBUG:  swdes dump  C:/Users/j54mao/ECE423/ECE-423-Labs/workspace/Assignment3_platform/ps7_cortexa9_0/standalone_domain/bsp/system.mss|system_0||
C:/Users/j54mao/ECE423/ECE-423-Labs/workspace/Assignment3_platform/ps7_cortexa9_1/standalone_ps7_cortexa9_1/bsp/system.mss|system_1||
C:/Users/j54mao/ECE423/ECE-423-Labs/workspace/Assignment3_platform/zynq_fsbl/zynq_fsbl_bsp/system.mss|system||

TRACE::2025-03-26.16:14:25::SCWMssOS::Sw design exists and opened at  C:/Users/j54mao/ECE423/ECE-423-Labs/workspace/Assignment3_platform/zynq_fsbl/zynq_fsbl_bsp/system.mss
TRACE::2025-03-26.16:14:25::SCWMssOS:: library already available in sw design:  xilrsa:1.6
TRACE::2025-03-26.16:14:25::SCWMssOS::Saving the mss changes C:/Users/j54mao/ECE423/ECE-423-Labs/workspace/Assignment3_platform/zynq_fsbl/zynq_fsbl_bsp/system.mss
TRACE::2025-03-26.16:14:25::SCWMssOS::Found a swdesign opened with the mssfile.
TRACE::2025-03-26.16:14:25::SCWMssOS::Completed writemss as part of save.
TRACE::2025-03-26.16:14:25::SCWMssOS::Commit changes completed.
TRACE::2025-03-26.16:14:25::SCWPlatform::Trying to open the hw design at C:/Users/j54mao/ECE423/ECE-423-Labs/workspace/Assignment3_platform/hw/lab_prefab_wrapper.xsa
TRACE::2025-03-26.16:14:25::SCWPlatform::DSA given C:/Users/j54mao/ECE423/ECE-423-Labs/workspace/Assignment3_platform/hw/lab_prefab_wrapper.xsa
TRACE::2025-03-26.16:14:25::SCWPlatform::DSA absoulate path C:/Users/j54mao/ECE423/ECE-423-Labs/workspace/Assignment3_platform/hw/lab_prefab_wrapper.xsa
TRACE::2025-03-26.16:14:25::SCWPlatform::DSA directory C:/Users/j54mao/ECE423/ECE-423-Labs/workspace/Assignment3_platform/hw
TRACE::2025-03-26.16:14:25::SCWPlatform:: Platform Path C:/Users/j54mao/ECE423/ECE-423-Labs/workspace/Assignment3_platform/hw/lab_prefab_wrapper.xsa
TRACE::2025-03-26.16:14:25::SCWPlatform:: Unique name xilinx:pynq-z1::0.0
TRACE::2025-03-26.16:14:25::SCWPlatform::Trying to set the existing hwdb with name lab_prefab_wrapper_2
TRACE::2025-03-26.16:14:25::SCWPlatform::Opened existing hwdb lab_prefab_wrapper_2
TRACE::2025-03-26.16:14:25::SCWPlatform::Found the Hw Db part of the input DSA
TRACE::2025-03-26.16:14:25::SCWMssOS::Checking the sw design at  C:/Users/j54mao/ECE423/ECE-423-Labs/workspace/Assignment3_platform/zynq_fsbl/zynq_fsbl_bsp/system.mss
TRACE::2025-03-26.16:14:25::SCWMssOS::DEBUG:  swdes dump  C:/Users/j54mao/ECE423/ECE-423-Labs/workspace/Assignment3_platform/ps7_cortexa9_0/standalone_domain/bsp/system.mss|system_0||
C:/Users/j54mao/ECE423/ECE-423-Labs/workspace/Assignment3_platform/ps7_cortexa9_1/standalone_ps7_cortexa9_1/bsp/system.mss|system_1||
C:/Users/j54mao/ECE423/ECE-423-Labs/workspace/Assignment3_platform/zynq_fsbl/zynq_fsbl_bsp/system.mss|system||

TRACE::2025-03-26.16:14:25::SCWMssOS::Sw design exists and opened at  C:/Users/j54mao/ECE423/ECE-423-Labs/workspace/Assignment3_platform/zynq_fsbl/zynq_fsbl_bsp/system.mss
TRACE::2025-03-26.16:14:25::SCWMssOS::Removing the swdes entry for  C:/Users/j54mao/ECE423/ECE-423-Labs/workspace/Assignment3_platform/zynq_fsbl/zynq_fsbl_bsp/system.mss
TRACE::2025-03-26.16:14:25::SCWPlatform::Trying to open the hw design at C:/Users/j54mao/ECE423/ECE-423-Labs/workspace/Assignment3_platform/hw/lab_prefab_wrapper.xsa
TRACE::2025-03-26.16:14:25::SCWPlatform::DSA given C:/Users/j54mao/ECE423/ECE-423-Labs/workspace/Assignment3_platform/hw/lab_prefab_wrapper.xsa
TRACE::2025-03-26.16:14:25::SCWPlatform::DSA absoulate path C:/Users/j54mao/ECE423/ECE-423-Labs/workspace/Assignment3_platform/hw/lab_prefab_wrapper.xsa
TRACE::2025-03-26.16:14:25::SCWPlatform::DSA directory C:/Users/j54mao/ECE423/ECE-423-Labs/workspace/Assignment3_platform/hw
TRACE::2025-03-26.16:14:25::SCWPlatform:: Platform Path C:/Users/j54mao/ECE423/ECE-423-Labs/workspace/Assignment3_platform/hw/lab_prefab_wrapper.xsa
TRACE::2025-03-26.16:14:25::SCWPlatform:: Unique name xilinx:pynq-z1::0.0
TRACE::2025-03-26.16:14:25::SCWPlatform::Trying to set the existing hwdb with name lab_prefab_wrapper_2
TRACE::2025-03-26.16:14:25::SCWPlatform::Opened existing hwdb lab_prefab_wrapper_2
TRACE::2025-03-26.16:14:25::SCWPlatform::Found the Hw Db part of the input DSA
TRACE::2025-03-26.16:14:25::SCWMssOS::Checking the sw design at  C:/Users/j54mao/ECE423/ECE-423-Labs/workspace/Assignment3_platform/zynq_fsbl/zynq_fsbl_bsp/system.mss
TRACE::2025-03-26.16:14:25::SCWMssOS::DEBUG:  swdes dump  C:/Users/j54mao/ECE423/ECE-423-Labs/workspace/Assignment3_platform/ps7_cortexa9_0/standalone_domain/bsp/system.mss|system_0||
C:/Users/j54mao/ECE423/ECE-423-Labs/workspace/Assignment3_platform/ps7_cortexa9_1/standalone_ps7_cortexa9_1/bsp/system.mss|system_1||

TRACE::2025-03-26.16:14:25::SCWMssOS::No sw design opened at  C:/Users/j54mao/ECE423/ECE-423-Labs/workspace/Assignment3_platform/zynq_fsbl/zynq_fsbl_bsp/system.mss
TRACE::2025-03-26.16:14:25::SCWMssOS::mss exists loading the mss file  C:/Users/j54mao/ECE423/ECE-423-Labs/workspace/Assignment3_platform/zynq_fsbl/zynq_fsbl_bsp/system.mss
TRACE::2025-03-26.16:14:25::SCWMssOS::Opened the sw design from mss  C:/Users/j54mao/ECE423/ECE-423-Labs/workspace/Assignment3_platform/zynq_fsbl/zynq_fsbl_bsp/system.mss
TRACE::2025-03-26.16:14:25::SCWMssOS::Adding the swdes entry C:/Users/j54mao/ECE423/ECE-423-Labs/workspace/Assignment3_platform/zynq_fsbl/zynq_fsbl_bsp/system.mss with des name system
TRACE::2025-03-26.16:14:25::SCWMssOS::updating the scw layer about changes
TRACE::2025-03-26.16:14:26::SCWMssOS::Opened the sw design.  C:/Users/j54mao/ECE423/ECE-423-Labs/workspace/Assignment3_platform/zynq_fsbl/zynq_fsbl_bsp/system.mss
TRACE::2025-03-26.16:15:01::SCWPlatform::Trying to open the hw design at C:/Users/j54mao/ECE423/ECE-423-Labs/workspace/Assignment3_platform/hw/lab_prefab_wrapper.xsa
TRACE::2025-03-26.16:15:01::SCWPlatform::DSA given C:/Users/j54mao/ECE423/ECE-423-Labs/workspace/Assignment3_platform/hw/lab_prefab_wrapper.xsa
TRACE::2025-03-26.16:15:01::SCWPlatform::DSA absoulate path C:/Users/j54mao/ECE423/ECE-423-Labs/workspace/Assignment3_platform/hw/lab_prefab_wrapper.xsa
TRACE::2025-03-26.16:15:01::SCWPlatform::DSA directory C:/Users/j54mao/ECE423/ECE-423-Labs/workspace/Assignment3_platform/hw
TRACE::2025-03-26.16:15:01::SCWPlatform:: Platform Path C:/Users/j54mao/ECE423/ECE-423-Labs/workspace/Assignment3_platform/hw/lab_prefab_wrapper.xsa
TRACE::2025-03-26.16:15:01::SCWPlatform:: Unique name xilinx:pynq-z1::0.0
TRACE::2025-03-26.16:15:01::SCWPlatform::Trying to set the existing hwdb with name lab_prefab_wrapper_2
TRACE::2025-03-26.16:15:01::SCWPlatform::Opened existing hwdb lab_prefab_wrapper_2
TRACE::2025-03-26.16:15:01::SCWPlatform::Found the Hw Db part of the input DSA
TRACE::2025-03-26.16:15:01::SCWMssOS::Checking the sw design at  C:/Users/j54mao/ECE423/ECE-423-Labs/workspace/Assignment3_platform/zynq_fsbl/zynq_fsbl_bsp/system.mss
TRACE::2025-03-26.16:15:01::SCWMssOS::DEBUG:  swdes dump  C:/Users/j54mao/ECE423/ECE-423-Labs/workspace/Assignment3_platform/ps7_cortexa9_0/standalone_domain/bsp/system.mss|system_0||
C:/Users/j54mao/ECE423/ECE-423-Labs/workspace/Assignment3_platform/ps7_cortexa9_1/standalone_ps7_cortexa9_1/bsp/system.mss|system_1||
C:/Users/j54mao/ECE423/ECE-423-Labs/workspace/Assignment3_platform/zynq_fsbl/zynq_fsbl_bsp/system.mss|system||

TRACE::2025-03-26.16:15:01::SCWMssOS::Sw design exists and opened at  C:/Users/j54mao/ECE423/ECE-423-Labs/workspace/Assignment3_platform/zynq_fsbl/zynq_fsbl_bsp/system.mss
TRACE::2025-03-26.16:15:01::SCWPlatform::Trying to open the hw design at C:/Users/j54mao/ECE423/ECE-423-Labs/workspace/Assignment3_platform/hw/lab_prefab_wrapper.xsa
TRACE::2025-03-26.16:15:01::SCWPlatform::DSA given C:/Users/j54mao/ECE423/ECE-423-Labs/workspace/Assignment3_platform/hw/lab_prefab_wrapper.xsa
TRACE::2025-03-26.16:15:01::SCWPlatform::DSA absoulate path C:/Users/j54mao/ECE423/ECE-423-Labs/workspace/Assignment3_platform/hw/lab_prefab_wrapper.xsa
TRACE::2025-03-26.16:15:01::SCWPlatform::DSA directory C:/Users/j54mao/ECE423/ECE-423-Labs/workspace/Assignment3_platform/hw
TRACE::2025-03-26.16:15:01::SCWPlatform:: Platform Path C:/Users/j54mao/ECE423/ECE-423-Labs/workspace/Assignment3_platform/hw/lab_prefab_wrapper.xsa
TRACE::2025-03-26.16:15:01::SCWPlatform:: Unique name xilinx:pynq-z1::0.0
TRACE::2025-03-26.16:15:01::SCWPlatform::Trying to set the existing hwdb with name lab_prefab_wrapper_2
TRACE::2025-03-26.16:15:01::SCWPlatform::Opened existing hwdb lab_prefab_wrapper_2
TRACE::2025-03-26.16:15:01::SCWPlatform::Found the Hw Db part of the input DSA
TRACE::2025-03-26.16:15:01::SCWMssOS::Checking the sw design at  C:/Users/j54mao/ECE423/ECE-423-Labs/workspace/Assignment3_platform/zynq_fsbl/zynq_fsbl_bsp/system.mss
TRACE::2025-03-26.16:15:01::SCWMssOS::DEBUG:  swdes dump  C:/Users/j54mao/ECE423/ECE-423-Labs/workspace/Assignment3_platform/ps7_cortexa9_0/standalone_domain/bsp/system.mss|system_0||
C:/Users/j54mao/ECE423/ECE-423-Labs/workspace/Assignment3_platform/ps7_cortexa9_1/standalone_ps7_cortexa9_1/bsp/system.mss|system_1||
C:/Users/j54mao/ECE423/ECE-423-Labs/workspace/Assignment3_platform/zynq_fsbl/zynq_fsbl_bsp/system.mss|system||

TRACE::2025-03-26.16:15:01::SCWMssOS::Sw design exists and opened at  C:/Users/j54mao/ECE423/ECE-423-Labs/workspace/Assignment3_platform/zynq_fsbl/zynq_fsbl_bsp/system.mss
TRACE::2025-03-26.16:15:01::SCWPlatform::Trying to open the hw design at C:/Users/j54mao/ECE423/ECE-423-Labs/workspace/Assignment3_platform/hw/lab_prefab_wrapper.xsa
TRACE::2025-03-26.16:15:01::SCWPlatform::DSA given C:/Users/j54mao/ECE423/ECE-423-Labs/workspace/Assignment3_platform/hw/lab_prefab_wrapper.xsa
TRACE::2025-03-26.16:15:01::SCWPlatform::DSA absoulate path C:/Users/j54mao/ECE423/ECE-423-Labs/workspace/Assignment3_platform/hw/lab_prefab_wrapper.xsa
TRACE::2025-03-26.16:15:01::SCWPlatform::DSA directory C:/Users/j54mao/ECE423/ECE-423-Labs/workspace/Assignment3_platform/hw
TRACE::2025-03-26.16:15:01::SCWPlatform:: Platform Path C:/Users/j54mao/ECE423/ECE-423-Labs/workspace/Assignment3_platform/hw/lab_prefab_wrapper.xsa
TRACE::2025-03-26.16:15:01::SCWPlatform:: Unique name xilinx:pynq-z1::0.0
TRACE::2025-03-26.16:15:01::SCWPlatform::Trying to set the existing hwdb with name lab_prefab_wrapper_2
TRACE::2025-03-26.16:15:01::SCWPlatform::Opened existing hwdb lab_prefab_wrapper_2
TRACE::2025-03-26.16:15:01::SCWPlatform::Found the Hw Db part of the input DSA
TRACE::2025-03-26.16:15:01::SCWMssOS::Checking the sw design at  C:/Users/j54mao/ECE423/ECE-423-Labs/workspace/Assignment3_platform/zynq_fsbl/zynq_fsbl_bsp/system.mss
TRACE::2025-03-26.16:15:01::SCWMssOS::DEBUG:  swdes dump  C:/Users/j54mao/ECE423/ECE-423-Labs/workspace/Assignment3_platform/ps7_cortexa9_0/standalone_domain/bsp/system.mss|system_0||
C:/Users/j54mao/ECE423/ECE-423-Labs/workspace/Assignment3_platform/ps7_cortexa9_1/standalone_ps7_cortexa9_1/bsp/system.mss|system_1||
C:/Users/j54mao/ECE423/ECE-423-Labs/workspace/Assignment3_platform/zynq_fsbl/zynq_fsbl_bsp/system.mss|system||

TRACE::2025-03-26.16:15:01::SCWMssOS::Sw design exists and opened at  C:/Users/j54mao/ECE423/ECE-423-Labs/workspace/Assignment3_platform/zynq_fsbl/zynq_fsbl_bsp/system.mss
TRACE::2025-03-26.16:15:01::SCWPlatform::Trying to open the hw design at C:/Users/j54mao/ECE423/ECE-423-Labs/workspace/Assignment3_platform/hw/lab_prefab_wrapper.xsa
TRACE::2025-03-26.16:15:01::SCWPlatform::DSA given C:/Users/j54mao/ECE423/ECE-423-Labs/workspace/Assignment3_platform/hw/lab_prefab_wrapper.xsa
TRACE::2025-03-26.16:15:01::SCWPlatform::DSA absoulate path C:/Users/j54mao/ECE423/ECE-423-Labs/workspace/Assignment3_platform/hw/lab_prefab_wrapper.xsa
TRACE::2025-03-26.16:15:01::SCWPlatform::DSA directory C:/Users/j54mao/ECE423/ECE-423-Labs/workspace/Assignment3_platform/hw
TRACE::2025-03-26.16:15:01::SCWPlatform:: Platform Path C:/Users/j54mao/ECE423/ECE-423-Labs/workspace/Assignment3_platform/hw/lab_prefab_wrapper.xsa
TRACE::2025-03-26.16:15:01::SCWPlatform:: Unique name xilinx:pynq-z1::0.0
TRACE::2025-03-26.16:15:01::SCWPlatform::Trying to set the existing hwdb with name lab_prefab_wrapper_2
TRACE::2025-03-26.16:15:01::SCWPlatform::Opened existing hwdb lab_prefab_wrapper_2
TRACE::2025-03-26.16:15:01::SCWPlatform::Found the Hw Db part of the input DSA
TRACE::2025-03-26.16:15:01::SCWMssOS::Checking the sw design at  C:/Users/j54mao/ECE423/ECE-423-Labs/workspace/Assignment3_platform/zynq_fsbl/zynq_fsbl_bsp/system.mss
TRACE::2025-03-26.16:15:01::SCWMssOS::DEBUG:  swdes dump  C:/Users/j54mao/ECE423/ECE-423-Labs/workspace/Assignment3_platform/ps7_cortexa9_0/standalone_domain/bsp/system.mss|system_0||
C:/Users/j54mao/ECE423/ECE-423-Labs/workspace/Assignment3_platform/ps7_cortexa9_1/standalone_ps7_cortexa9_1/bsp/system.mss|system_1||
C:/Users/j54mao/ECE423/ECE-423-Labs/workspace/Assignment3_platform/zynq_fsbl/zynq_fsbl_bsp/system.mss|system||

TRACE::2025-03-26.16:15:01::SCWMssOS::Sw design exists and opened at  C:/Users/j54mao/ECE423/ECE-423-Labs/workspace/Assignment3_platform/zynq_fsbl/zynq_fsbl_bsp/system.mss
TRACE::2025-03-26.16:15:02::SCWMssOS::Saving the mss changes C:/Users/j54mao/ECE423/ECE-423-Labs/workspace/Assignment3_platform/zynq_fsbl/zynq_fsbl_bsp/system.mss
TRACE::2025-03-26.16:15:02::SCWMssOS::Found a swdesign opened with the mssfile.
TRACE::2025-03-26.16:15:02::SCWMssOS::Completed writemss as part of save.
TRACE::2025-03-26.16:15:02::SCWMssOS::Commit changes completed.
TRACE::2025-03-26.16:15:02::SCWMssOS::Saving the mss changes C:/Users/j54mao/ECE423/ECE-423-Labs/workspace/Assignment3_platform/ps7_cortexa9_0/standalone_domain/bsp/system.mss
TRACE::2025-03-26.16:15:02::SCWMssOS::Found a swdesign opened with the mssfile.
TRACE::2025-03-26.16:15:02::SCWMssOS::Completed writemss as part of save.
TRACE::2025-03-26.16:15:02::SCWMssOS::Commit changes completed.
TRACE::2025-03-26.16:15:02::SCWMssOS::Saving the mss changes C:/Users/j54mao/ECE423/ECE-423-Labs/workspace/Assignment3_platform/ps7_cortexa9_1/standalone_ps7_cortexa9_1/bsp/system.mss
TRACE::2025-03-26.16:15:02::SCWMssOS::Found a swdesign opened with the mssfile.
TRACE::2025-03-26.16:15:02::SCWMssOS::Completed writemss as part of save.
TRACE::2025-03-26.16:15:02::SCWMssOS::Commit changes completed.
TRACE::2025-03-26.16:15:02::SCWPlatform::Trying to open the hw design at C:/Users/j54mao/ECE423/ECE-423-Labs/workspace/Assignment3_platform/hw/lab_prefab_wrapper.xsa
TRACE::2025-03-26.16:15:02::SCWPlatform::DSA given C:/Users/j54mao/ECE423/ECE-423-Labs/workspace/Assignment3_platform/hw/lab_prefab_wrapper.xsa
TRACE::2025-03-26.16:15:02::SCWPlatform::DSA absoulate path C:/Users/j54mao/ECE423/ECE-423-Labs/workspace/Assignment3_platform/hw/lab_prefab_wrapper.xsa
TRACE::2025-03-26.16:15:02::SCWPlatform::DSA directory C:/Users/j54mao/ECE423/ECE-423-Labs/workspace/Assignment3_platform/hw
TRACE::2025-03-26.16:15:02::SCWPlatform:: Platform Path C:/Users/j54mao/ECE423/ECE-423-Labs/workspace/Assignment3_platform/hw/lab_prefab_wrapper.xsa
TRACE::2025-03-26.16:15:02::SCWPlatform:: Unique name xilinx:pynq-z1::0.0
TRACE::2025-03-26.16:15:02::SCWPlatform::Trying to set the existing hwdb with name lab_prefab_wrapper_2
TRACE::2025-03-26.16:15:02::SCWPlatform::Opened existing hwdb lab_prefab_wrapper_2
TRACE::2025-03-26.16:15:02::SCWPlatform::Found the Hw Db part of the input DSA
TRACE::2025-03-26.16:15:02::SCWMssOS::Checking the sw design at  C:/Users/j54mao/ECE423/ECE-423-Labs/workspace/Assignment3_platform/zynq_fsbl/zynq_fsbl_bsp/system.mss
TRACE::2025-03-26.16:15:02::SCWMssOS::DEBUG:  swdes dump  C:/Users/j54mao/ECE423/ECE-423-Labs/workspace/Assignment3_platform/ps7_cortexa9_0/standalone_domain/bsp/system.mss|system_0||
C:/Users/j54mao/ECE423/ECE-423-Labs/workspace/Assignment3_platform/ps7_cortexa9_1/standalone_ps7_cortexa9_1/bsp/system.mss|system_1||
C:/Users/j54mao/ECE423/ECE-423-Labs/workspace/Assignment3_platform/zynq_fsbl/zynq_fsbl_bsp/system.mss|system||

TRACE::2025-03-26.16:15:02::SCWMssOS::Sw design exists and opened at  C:/Users/j54mao/ECE423/ECE-423-Labs/workspace/Assignment3_platform/zynq_fsbl/zynq_fsbl_bsp/system.mss
TRACE::2025-03-26.16:15:02::SCWPlatform::Trying to open the hw design at C:/Users/j54mao/ECE423/ECE-423-Labs/workspace/Assignment3_platform/hw/lab_prefab_wrapper.xsa
TRACE::2025-03-26.16:15:02::SCWPlatform::DSA given C:/Users/j54mao/ECE423/ECE-423-Labs/workspace/Assignment3_platform/hw/lab_prefab_wrapper.xsa
TRACE::2025-03-26.16:15:02::SCWPlatform::DSA absoulate path C:/Users/j54mao/ECE423/ECE-423-Labs/workspace/Assignment3_platform/hw/lab_prefab_wrapper.xsa
TRACE::2025-03-26.16:15:02::SCWPlatform::DSA directory C:/Users/j54mao/ECE423/ECE-423-Labs/workspace/Assignment3_platform/hw
TRACE::2025-03-26.16:15:02::SCWPlatform:: Platform Path C:/Users/j54mao/ECE423/ECE-423-Labs/workspace/Assignment3_platform/hw/lab_prefab_wrapper.xsa
TRACE::2025-03-26.16:15:02::SCWPlatform:: Unique name xilinx:pynq-z1::0.0
TRACE::2025-03-26.16:15:02::SCWPlatform::Trying to set the existing hwdb with name lab_prefab_wrapper_2
TRACE::2025-03-26.16:15:02::SCWPlatform::Opened existing hwdb lab_prefab_wrapper_2
TRACE::2025-03-26.16:15:02::SCWPlatform::Found the Hw Db part of the input DSA
TRACE::2025-03-26.16:15:02::SCWMssOS::Checking the sw design at  C:/Users/j54mao/ECE423/ECE-423-Labs/workspace/Assignment3_platform/ps7_cortexa9_0/standalone_domain/bsp/system.mss
TRACE::2025-03-26.16:15:02::SCWMssOS::DEBUG:  swdes dump  C:/Users/j54mao/ECE423/ECE-423-Labs/workspace/Assignment3_platform/ps7_cortexa9_0/standalone_domain/bsp/system.mss|system_0||
C:/Users/j54mao/ECE423/ECE-423-Labs/workspace/Assignment3_platform/ps7_cortexa9_1/standalone_ps7_cortexa9_1/bsp/system.mss|system_1||
C:/Users/j54mao/ECE423/ECE-423-Labs/workspace/Assignment3_platform/zynq_fsbl/zynq_fsbl_bsp/system.mss|system||

TRACE::2025-03-26.16:15:02::SCWMssOS::Sw design exists and opened at  C:/Users/j54mao/ECE423/ECE-423-Labs/workspace/Assignment3_platform/ps7_cortexa9_0/standalone_domain/bsp/system.mss
TRACE::2025-03-26.16:15:02::SCWPlatform::Trying to open the hw design at C:/Users/j54mao/ECE423/ECE-423-Labs/workspace/Assignment3_platform/hw/lab_prefab_wrapper.xsa
TRACE::2025-03-26.16:15:02::SCWPlatform::DSA given C:/Users/j54mao/ECE423/ECE-423-Labs/workspace/Assignment3_platform/hw/lab_prefab_wrapper.xsa
TRACE::2025-03-26.16:15:02::SCWPlatform::DSA absoulate path C:/Users/j54mao/ECE423/ECE-423-Labs/workspace/Assignment3_platform/hw/lab_prefab_wrapper.xsa
TRACE::2025-03-26.16:15:02::SCWPlatform::DSA directory C:/Users/j54mao/ECE423/ECE-423-Labs/workspace/Assignment3_platform/hw
TRACE::2025-03-26.16:15:02::SCWPlatform:: Platform Path C:/Users/j54mao/ECE423/ECE-423-Labs/workspace/Assignment3_platform/hw/lab_prefab_wrapper.xsa
TRACE::2025-03-26.16:15:02::SCWPlatform:: Unique name xilinx:pynq-z1::0.0
TRACE::2025-03-26.16:15:02::SCWPlatform::Trying to set the existing hwdb with name lab_prefab_wrapper_2
TRACE::2025-03-26.16:15:02::SCWPlatform::Opened existing hwdb lab_prefab_wrapper_2
TRACE::2025-03-26.16:15:02::SCWPlatform::Found the Hw Db part of the input DSA
TRACE::2025-03-26.16:15:02::SCWMssOS::Checking the sw design at  C:/Users/j54mao/ECE423/ECE-423-Labs/workspace/Assignment3_platform/ps7_cortexa9_1/standalone_ps7_cortexa9_1/bsp/system.mss
TRACE::2025-03-26.16:15:02::SCWMssOS::DEBUG:  swdes dump  C:/Users/j54mao/ECE423/ECE-423-Labs/workspace/Assignment3_platform/ps7_cortexa9_0/standalone_domain/bsp/system.mss|system_0||
C:/Users/j54mao/ECE423/ECE-423-Labs/workspace/Assignment3_platform/ps7_cortexa9_1/standalone_ps7_cortexa9_1/bsp/system.mss|system_1||
C:/Users/j54mao/ECE423/ECE-423-Labs/workspace/Assignment3_platform/zynq_fsbl/zynq_fsbl_bsp/system.mss|system||

TRACE::2025-03-26.16:15:02::SCWMssOS::Sw design exists and opened at  C:/Users/j54mao/ECE423/ECE-423-Labs/workspace/Assignment3_platform/ps7_cortexa9_1/standalone_ps7_cortexa9_1/bsp/system.mss
TRACE::2025-03-26.16:15:02::SCWWriter::formatted JSON is {
	"platformName":	"Assignment3_platform",
	"sprVersion":	"2.0",
	"mode":	"gui",
	"dsaType":	"Fixed",
	"platformDesc":	"Assignment3_platform",
	"platHandOff":	"C:/Users/j54mao/ECE423/ECE-423-Labs/workspace/assignment2_hunter_test/hw/lab_prefab_wrapper.xsa",
	"platIntHandOff":	"<platformDir>/hw/lab_prefab_wrapper.xsa",
	"deviceType":	"zynq",
	"platIsPrebuiltAutogen":	"false",
	"platIsNoBootBsp":	"false",
	"hasFsblMakeHasChanges":	"false",
	"hasPmufwMakeHasChanges":	"false",
	"fsblExtraCompilerFlags":	"-MMD -MP       -mcpu=cortex-a9 -mfpu=vfpv3 -mfloat-abi=hard ",
	"platPreBuiltFlag":	false,
	"platformSamplesDir":	"",
	"platActiveSys":	"Assignment3_platform",
	"systems":	[{
			"systemName":	"Assignment3_platform",
			"systemDesc":	"Assignment3_platform",
			"sysIsBootAutoGen":	"true",
			"systemDispName":	"Assignment3_platform",
			"sysActiveDom":	"zynq_fsbl",
			"sysDefaultDom":	"standalone_ps7_cortexa9_1",
			"domains":	[{
					"domainName":	"zynq_fsbl",
					"domainDispName":	"zynq_fsbl",
					"domainDesc":	"FSBL Application BSP - Auto Generated.",
					"processors":	"ps7_cortexa9_0",
					"os":	"standalone",
					"sdxOs":	"standalone",
					"debugEnable":	"",
					"domRuntimes":	["cpp"],
					"swRepo":	"",
					"mssOsVer":	"7.7",
					"mssFile":	"",
					"md5Digest":	"4bdfa872853735a660eaeae9ac55f0bb",
					"compatibleApp":	"zynq_fsbl",
					"domType":	"bootDomain",
					"arch":	"32-bit",
					"appSettings":	{
						"appCompilerFlags":	"",
						"appLinkerFlags":	""
					},
					"addedLibs":	["xilffs:4.7", "xilrsa:1.6"],
					"libOptions":	{
						"ps7_cortexa9_0":	{
							"extra_compiler_flags":	"-mcpu=cortex-a9 -mfpu=vfpv3 -mfloat-abi=hard -nostartfiles -g -Wall -Wextra -fno-tree-loop-distribute-patterns -DSHAREABLE_DRR",
							"libOptionNames":	["extra_compiler_flags"]
						},
						"libsContainingOptions":	["ps7_cortexa9_0"]
					},
					"prebuiltLibs":	{
						"prebuiltIncPath":	[],
						"prebuiltLibPath":	[]
					},
					"isolation":	{
					}
				}, {
					"domainName":	"standalone_domain",
					"domainDispName":	"standalone on ps7_cortexa9_0",
					"domainDesc":	"standalone_domain",
					"processors":	"ps7_cortexa9_0",
					"os":	"standalone",
					"sdxOs":	"standalone",
					"qemuArgs":	"<platformDir>/resources/Assignment3_platform/standalone_domain/qemu_args.txt",
					"qemuData":	"<platformDir>/resources/Assignment3_platform/standalone_domain/qemu",
					"debugEnable":	"False",
					"domRuntimes":	["cpp"],
					"swRepo":	"",
					"mssOsVer":	"7.7",
					"mssFile":	"",
					"md5Digest":	"90759cd7d17204249617ea3f07fde571",
					"compatibleApp":	"",
					"domType":	"mssDomain",
					"appSettings":	{
						"appCompilerFlags":	"",
						"appLinkerFlags":	""
					},
					"addedLibs":	[],
					"libOptions":	{
						"libsContainingOptions":	[]
					},
					"prebuiltLibs":	{
						"prebuiltIncPath":	[],
						"prebuiltLibPath":	[]
					},
					"isolation":	{
					}
				}, {
					"domainName":	"standalone_ps7_cortexa9_1",
					"domainDispName":	"standalone_ps7_cortexa9_1",
					"domainDesc":	"standalone_ps7_cortexa9_1",
					"processors":	"ps7_cortexa9_1",
					"os":	"standalone",
					"sdxOs":	"standalone",
					"qemuArgs":	"<platformDir>/resources/Assignment3_platform/standalone_ps7_cortexa9_1/qemu_args.txt",
					"qemuData":	"<platformDir>/resources/Assignment3_platform/standalone_ps7_cortexa9_1/qemu",
					"debugEnable":	"False",
					"domRuntimes":	["cpp"],
					"swRepo":	"",
					"mssOsVer":	"7.7",
					"mssFile":	"",
					"md5Digest":	"3b009e6b4e734e9acb6aec67de6c4906",
					"compatibleApp":	"",
					"domType":	"mssDomain",
					"arch":	"32-bit",
					"appSettings":	{
						"appCompilerFlags":	"",
						"appLinkerFlags":	""
					},
					"addedLibs":	[],
					"libOptions":	{
						"libsContainingOptions":	[]
					},
					"prebuiltLibs":	{
						"prebuiltIncPath":	[],
						"prebuiltLibPath":	[]
					},
					"isolation":	{
					}
				}]
		}]
}
TRACE::2025-03-26.16:15:02::SCWMssOS::Saving the mss changes C:/Users/j54mao/ECE423/ECE-423-Labs/workspace/Assignment3_platform/zynq_fsbl/zynq_fsbl_bsp/system.mss
TRACE::2025-03-26.16:15:02::SCWMssOS::Found a swdesign opened with the mssfile.
TRACE::2025-03-26.16:15:02::SCWMssOS::Completed writemss as part of save.
TRACE::2025-03-26.16:15:02::SCWMssOS::Commit changes completed.
TRACE::2025-03-26.16:15:02::SCWPlatform::Trying to open the hw design at C:/Users/j54mao/ECE423/ECE-423-Labs/workspace/Assignment3_platform/hw/lab_prefab_wrapper.xsa
TRACE::2025-03-26.16:15:02::SCWPlatform::DSA given C:/Users/j54mao/ECE423/ECE-423-Labs/workspace/Assignment3_platform/hw/lab_prefab_wrapper.xsa
TRACE::2025-03-26.16:15:02::SCWPlatform::DSA absoulate path C:/Users/j54mao/ECE423/ECE-423-Labs/workspace/Assignment3_platform/hw/lab_prefab_wrapper.xsa
TRACE::2025-03-26.16:15:02::SCWPlatform::DSA directory C:/Users/j54mao/ECE423/ECE-423-Labs/workspace/Assignment3_platform/hw
TRACE::2025-03-26.16:15:02::SCWPlatform:: Platform Path C:/Users/j54mao/ECE423/ECE-423-Labs/workspace/Assignment3_platform/hw/lab_prefab_wrapper.xsa
TRACE::2025-03-26.16:15:02::SCWPlatform:: Unique name xilinx:pynq-z1::0.0
TRACE::2025-03-26.16:15:02::SCWPlatform::Trying to set the existing hwdb with name lab_prefab_wrapper_2
TRACE::2025-03-26.16:15:02::SCWPlatform::Opened existing hwdb lab_prefab_wrapper_2
TRACE::2025-03-26.16:15:02::SCWPlatform::Found the Hw Db part of the input DSA
TRACE::2025-03-26.16:15:02::SCWMssOS::Checking the sw design at  C:/Users/j54mao/ECE423/ECE-423-Labs/workspace/Assignment3_platform/zynq_fsbl/zynq_fsbl_bsp/system.mss
TRACE::2025-03-26.16:15:02::SCWMssOS::DEBUG:  swdes dump  C:/Users/j54mao/ECE423/ECE-423-Labs/workspace/Assignment3_platform/ps7_cortexa9_0/standalone_domain/bsp/system.mss|system_0||
C:/Users/j54mao/ECE423/ECE-423-Labs/workspace/Assignment3_platform/ps7_cortexa9_1/standalone_ps7_cortexa9_1/bsp/system.mss|system_1||
C:/Users/j54mao/ECE423/ECE-423-Labs/workspace/Assignment3_platform/zynq_fsbl/zynq_fsbl_bsp/system.mss|system||

TRACE::2025-03-26.16:15:02::SCWMssOS::Sw design exists and opened at  C:/Users/j54mao/ECE423/ECE-423-Labs/workspace/Assignment3_platform/zynq_fsbl/zynq_fsbl_bsp/system.mss
TRACE::2025-03-26.16:15:02::SCWMssOS::Removing the swdes entry for  C:/Users/j54mao/ECE423/ECE-423-Labs/workspace/Assignment3_platform/zynq_fsbl/zynq_fsbl_bsp/system.mss
TRACE::2025-03-26.16:15:02::SCWMssOS::In reload Mss file.
TRACE::2025-03-26.16:15:02::SCWPlatform::Trying to open the hw design at C:/Users/j54mao/ECE423/ECE-423-Labs/workspace/Assignment3_platform/hw/lab_prefab_wrapper.xsa
TRACE::2025-03-26.16:15:02::SCWPlatform::DSA given C:/Users/j54mao/ECE423/ECE-423-Labs/workspace/Assignment3_platform/hw/lab_prefab_wrapper.xsa
TRACE::2025-03-26.16:15:02::SCWPlatform::DSA absoulate path C:/Users/j54mao/ECE423/ECE-423-Labs/workspace/Assignment3_platform/hw/lab_prefab_wrapper.xsa
TRACE::2025-03-26.16:15:02::SCWPlatform::DSA directory C:/Users/j54mao/ECE423/ECE-423-Labs/workspace/Assignment3_platform/hw
TRACE::2025-03-26.16:15:02::SCWPlatform:: Platform Path C:/Users/j54mao/ECE423/ECE-423-Labs/workspace/Assignment3_platform/hw/lab_prefab_wrapper.xsa
TRACE::2025-03-26.16:15:02::SCWPlatform:: Unique name xilinx:pynq-z1::0.0
TRACE::2025-03-26.16:15:02::SCWPlatform::Trying to set the existing hwdb with name lab_prefab_wrapper_2
TRACE::2025-03-26.16:15:02::SCWPlatform::Opened existing hwdb lab_prefab_wrapper_2
TRACE::2025-03-26.16:15:02::SCWPlatform::Found the Hw Db part of the input DSA
TRACE::2025-03-26.16:15:02::SCWMssOS::Checking the sw design at  C:/Users/j54mao/ECE423/ECE-423-Labs/workspace/Assignment3_platform/zynq_fsbl/zynq_fsbl_bsp/system.mss
TRACE::2025-03-26.16:15:02::SCWMssOS::DEBUG:  swdes dump  C:/Users/j54mao/ECE423/ECE-423-Labs/workspace/Assignment3_platform/ps7_cortexa9_0/standalone_domain/bsp/system.mss|system_0||
C:/Users/j54mao/ECE423/ECE-423-Labs/workspace/Assignment3_platform/ps7_cortexa9_1/standalone_ps7_cortexa9_1/bsp/system.mss|system_1||

TRACE::2025-03-26.16:15:02::SCWMssOS::No sw design opened at  C:/Users/j54mao/ECE423/ECE-423-Labs/workspace/Assignment3_platform/zynq_fsbl/zynq_fsbl_bsp/system.mss
TRACE::2025-03-26.16:15:02::SCWMssOS::mss exists loading the mss file  C:/Users/j54mao/ECE423/ECE-423-Labs/workspace/Assignment3_platform/zynq_fsbl/zynq_fsbl_bsp/system.mss
TRACE::2025-03-26.16:15:02::SCWMssOS::Opened the sw design from mss  C:/Users/j54mao/ECE423/ECE-423-Labs/workspace/Assignment3_platform/zynq_fsbl/zynq_fsbl_bsp/system.mss
TRACE::2025-03-26.16:15:02::SCWMssOS::Adding the swdes entry C:/Users/j54mao/ECE423/ECE-423-Labs/workspace/Assignment3_platform/zynq_fsbl/zynq_fsbl_bsp/system.mss with des name system
TRACE::2025-03-26.16:15:02::SCWMssOS::updating the scw layer about changes
TRACE::2025-03-26.16:15:02::SCWMssOS::Opened the sw design.  C:/Users/j54mao/ECE423/ECE-423-Labs/workspace/Assignment3_platform/zynq_fsbl/zynq_fsbl_bsp/system.mss
TRACE::2025-03-26.16:15:02::SCWPlatform::Trying to open the hw design at C:/Users/j54mao/ECE423/ECE-423-Labs/workspace/Assignment3_platform/hw/lab_prefab_wrapper.xsa
TRACE::2025-03-26.16:15:02::SCWPlatform::DSA given C:/Users/j54mao/ECE423/ECE-423-Labs/workspace/Assignment3_platform/hw/lab_prefab_wrapper.xsa
TRACE::2025-03-26.16:15:02::SCWPlatform::DSA absoulate path C:/Users/j54mao/ECE423/ECE-423-Labs/workspace/Assignment3_platform/hw/lab_prefab_wrapper.xsa
TRACE::2025-03-26.16:15:02::SCWPlatform::DSA directory C:/Users/j54mao/ECE423/ECE-423-Labs/workspace/Assignment3_platform/hw
TRACE::2025-03-26.16:15:02::SCWPlatform:: Platform Path C:/Users/j54mao/ECE423/ECE-423-Labs/workspace/Assignment3_platform/hw/lab_prefab_wrapper.xsa
TRACE::2025-03-26.16:15:02::SCWPlatform:: Unique name xilinx:pynq-z1::0.0
TRACE::2025-03-26.16:15:02::SCWPlatform::Trying to set the existing hwdb with name lab_prefab_wrapper_2
TRACE::2025-03-26.16:15:02::SCWPlatform::Opened existing hwdb lab_prefab_wrapper_2
TRACE::2025-03-26.16:15:02::SCWPlatform::Found the Hw Db part of the input DSA
TRACE::2025-03-26.16:15:02::SCWMssOS::Checking the sw design at  C:/Users/j54mao/ECE423/ECE-423-Labs/workspace/Assignment3_platform/zynq_fsbl/zynq_fsbl_bsp/system.mss
TRACE::2025-03-26.16:15:02::SCWMssOS::DEBUG:  swdes dump  C:/Users/j54mao/ECE423/ECE-423-Labs/workspace/Assignment3_platform/ps7_cortexa9_0/standalone_domain/bsp/system.mss|system_0||
C:/Users/j54mao/ECE423/ECE-423-Labs/workspace/Assignment3_platform/ps7_cortexa9_1/standalone_ps7_cortexa9_1/bsp/system.mss|system_1||
C:/Users/j54mao/ECE423/ECE-423-Labs/workspace/Assignment3_platform/zynq_fsbl/zynq_fsbl_bsp/system.mss|system||

TRACE::2025-03-26.16:15:02::SCWMssOS::Sw design exists and opened at  C:/Users/j54mao/ECE423/ECE-423-Labs/workspace/Assignment3_platform/zynq_fsbl/zynq_fsbl_bsp/system.mss
TRACE::2025-03-26.16:15:02::SCWMssOS:: library already available in sw design:  xilffs:4.7
TRACE::2025-03-26.16:15:02::SCWPlatform::Trying to open the hw design at C:/Users/j54mao/ECE423/ECE-423-Labs/workspace/Assignment3_platform/hw/lab_prefab_wrapper.xsa
TRACE::2025-03-26.16:15:02::SCWPlatform::DSA given C:/Users/j54mao/ECE423/ECE-423-Labs/workspace/Assignment3_platform/hw/lab_prefab_wrapper.xsa
TRACE::2025-03-26.16:15:02::SCWPlatform::DSA absoulate path C:/Users/j54mao/ECE423/ECE-423-Labs/workspace/Assignment3_platform/hw/lab_prefab_wrapper.xsa
TRACE::2025-03-26.16:15:02::SCWPlatform::DSA directory C:/Users/j54mao/ECE423/ECE-423-Labs/workspace/Assignment3_platform/hw
TRACE::2025-03-26.16:15:02::SCWPlatform:: Platform Path C:/Users/j54mao/ECE423/ECE-423-Labs/workspace/Assignment3_platform/hw/lab_prefab_wrapper.xsa
TRACE::2025-03-26.16:15:02::SCWPlatform:: Unique name xilinx:pynq-z1::0.0
TRACE::2025-03-26.16:15:02::SCWPlatform::Trying to set the existing hwdb with name lab_prefab_wrapper_2
TRACE::2025-03-26.16:15:02::SCWPlatform::Opened existing hwdb lab_prefab_wrapper_2
TRACE::2025-03-26.16:15:02::SCWPlatform::Found the Hw Db part of the input DSA
TRACE::2025-03-26.16:15:02::SCWMssOS::Checking the sw design at  C:/Users/j54mao/ECE423/ECE-423-Labs/workspace/Assignment3_platform/zynq_fsbl/zynq_fsbl_bsp/system.mss
TRACE::2025-03-26.16:15:02::SCWMssOS::DEBUG:  swdes dump  C:/Users/j54mao/ECE423/ECE-423-Labs/workspace/Assignment3_platform/ps7_cortexa9_0/standalone_domain/bsp/system.mss|system_0||
C:/Users/j54mao/ECE423/ECE-423-Labs/workspace/Assignment3_platform/ps7_cortexa9_1/standalone_ps7_cortexa9_1/bsp/system.mss|system_1||
C:/Users/j54mao/ECE423/ECE-423-Labs/workspace/Assignment3_platform/zynq_fsbl/zynq_fsbl_bsp/system.mss|system||

TRACE::2025-03-26.16:15:02::SCWMssOS::Sw design exists and opened at  C:/Users/j54mao/ECE423/ECE-423-Labs/workspace/Assignment3_platform/zynq_fsbl/zynq_fsbl_bsp/system.mss
TRACE::2025-03-26.16:15:02::SCWMssOS:: library already available in sw design:  xilrsa:1.6
TRACE::2025-03-26.16:15:02::SCWPlatform::Trying to open the hw design at C:/Users/j54mao/ECE423/ECE-423-Labs/workspace/Assignment3_platform/hw/lab_prefab_wrapper.xsa
TRACE::2025-03-26.16:15:02::SCWPlatform::DSA given C:/Users/j54mao/ECE423/ECE-423-Labs/workspace/Assignment3_platform/hw/lab_prefab_wrapper.xsa
TRACE::2025-03-26.16:15:02::SCWPlatform::DSA absoulate path C:/Users/j54mao/ECE423/ECE-423-Labs/workspace/Assignment3_platform/hw/lab_prefab_wrapper.xsa
TRACE::2025-03-26.16:15:02::SCWPlatform::DSA directory C:/Users/j54mao/ECE423/ECE-423-Labs/workspace/Assignment3_platform/hw
TRACE::2025-03-26.16:15:02::SCWPlatform:: Platform Path C:/Users/j54mao/ECE423/ECE-423-Labs/workspace/Assignment3_platform/hw/lab_prefab_wrapper.xsa
TRACE::2025-03-26.16:15:02::SCWPlatform:: Unique name xilinx:pynq-z1::0.0
TRACE::2025-03-26.16:15:02::SCWPlatform::Trying to set the existing hwdb with name lab_prefab_wrapper_2
TRACE::2025-03-26.16:15:02::SCWPlatform::Opened existing hwdb lab_prefab_wrapper_2
TRACE::2025-03-26.16:15:02::SCWPlatform::Found the Hw Db part of the input DSA
TRACE::2025-03-26.16:15:02::SCWMssOS::Checking the sw design at  C:/Users/j54mao/ECE423/ECE-423-Labs/workspace/Assignment3_platform/zynq_fsbl/zynq_fsbl_bsp/system.mss
TRACE::2025-03-26.16:15:02::SCWMssOS::DEBUG:  swdes dump  C:/Users/j54mao/ECE423/ECE-423-Labs/workspace/Assignment3_platform/ps7_cortexa9_0/standalone_domain/bsp/system.mss|system_0||
C:/Users/j54mao/ECE423/ECE-423-Labs/workspace/Assignment3_platform/ps7_cortexa9_1/standalone_ps7_cortexa9_1/bsp/system.mss|system_1||
C:/Users/j54mao/ECE423/ECE-423-Labs/workspace/Assignment3_platform/zynq_fsbl/zynq_fsbl_bsp/system.mss|system||

TRACE::2025-03-26.16:15:02::SCWMssOS::Sw design exists and opened at  C:/Users/j54mao/ECE423/ECE-423-Labs/workspace/Assignment3_platform/zynq_fsbl/zynq_fsbl_bsp/system.mss
TRACE::2025-03-26.16:15:02::SCWPlatform::Trying to open the hw design at C:/Users/j54mao/ECE423/ECE-423-Labs/workspace/Assignment3_platform/hw/lab_prefab_wrapper.xsa
TRACE::2025-03-26.16:15:02::SCWPlatform::DSA given C:/Users/j54mao/ECE423/ECE-423-Labs/workspace/Assignment3_platform/hw/lab_prefab_wrapper.xsa
TRACE::2025-03-26.16:15:02::SCWPlatform::DSA absoulate path C:/Users/j54mao/ECE423/ECE-423-Labs/workspace/Assignment3_platform/hw/lab_prefab_wrapper.xsa
TRACE::2025-03-26.16:15:02::SCWPlatform::DSA directory C:/Users/j54mao/ECE423/ECE-423-Labs/workspace/Assignment3_platform/hw
TRACE::2025-03-26.16:15:02::SCWPlatform:: Platform Path C:/Users/j54mao/ECE423/ECE-423-Labs/workspace/Assignment3_platform/hw/lab_prefab_wrapper.xsa
TRACE::2025-03-26.16:15:02::SCWPlatform:: Unique name xilinx:pynq-z1::0.0
TRACE::2025-03-26.16:15:02::SCWPlatform::Trying to set the existing hwdb with name lab_prefab_wrapper_2
TRACE::2025-03-26.16:15:02::SCWPlatform::Opened existing hwdb lab_prefab_wrapper_2
TRACE::2025-03-26.16:15:02::SCWPlatform::Found the Hw Db part of the input DSA
TRACE::2025-03-26.16:15:02::SCWMssOS::Checking the sw design at  C:/Users/j54mao/ECE423/ECE-423-Labs/workspace/Assignment3_platform/zynq_fsbl/zynq_fsbl_bsp/system.mss
TRACE::2025-03-26.16:15:02::SCWMssOS::DEBUG:  swdes dump  C:/Users/j54mao/ECE423/ECE-423-Labs/workspace/Assignment3_platform/ps7_cortexa9_0/standalone_domain/bsp/system.mss|system_0||
C:/Users/j54mao/ECE423/ECE-423-Labs/workspace/Assignment3_platform/ps7_cortexa9_1/standalone_ps7_cortexa9_1/bsp/system.mss|system_1||
C:/Users/j54mao/ECE423/ECE-423-Labs/workspace/Assignment3_platform/zynq_fsbl/zynq_fsbl_bsp/system.mss|system||

TRACE::2025-03-26.16:15:02::SCWMssOS::Sw design exists and opened at  C:/Users/j54mao/ECE423/ECE-423-Labs/workspace/Assignment3_platform/zynq_fsbl/zynq_fsbl_bsp/system.mss
TRACE::2025-03-26.16:15:02::SCWMssOS::Saving the mss changes C:/Users/j54mao/ECE423/ECE-423-Labs/workspace/Assignment3_platform/zynq_fsbl/zynq_fsbl_bsp/system.mss
TRACE::2025-03-26.16:15:02::SCWMssOS::Found a swdesign opened with the mssfile.
TRACE::2025-03-26.16:15:02::SCWMssOS::Completed writemss as part of save.
TRACE::2025-03-26.16:15:02::SCWMssOS::Commit changes completed.
TRACE::2025-03-26.16:15:02::SCWPlatform::Trying to open the hw design at C:/Users/j54mao/ECE423/ECE-423-Labs/workspace/Assignment3_platform/hw/lab_prefab_wrapper.xsa
TRACE::2025-03-26.16:15:02::SCWPlatform::DSA given C:/Users/j54mao/ECE423/ECE-423-Labs/workspace/Assignment3_platform/hw/lab_prefab_wrapper.xsa
TRACE::2025-03-26.16:15:02::SCWPlatform::DSA absoulate path C:/Users/j54mao/ECE423/ECE-423-Labs/workspace/Assignment3_platform/hw/lab_prefab_wrapper.xsa
TRACE::2025-03-26.16:15:02::SCWPlatform::DSA directory C:/Users/j54mao/ECE423/ECE-423-Labs/workspace/Assignment3_platform/hw
TRACE::2025-03-26.16:15:02::SCWPlatform:: Platform Path C:/Users/j54mao/ECE423/ECE-423-Labs/workspace/Assignment3_platform/hw/lab_prefab_wrapper.xsa
TRACE::2025-03-26.16:15:02::SCWPlatform:: Unique name xilinx:pynq-z1::0.0
TRACE::2025-03-26.16:15:02::SCWPlatform::Trying to set the existing hwdb with name lab_prefab_wrapper_2
TRACE::2025-03-26.16:15:02::SCWPlatform::Opened existing hwdb lab_prefab_wrapper_2
TRACE::2025-03-26.16:15:02::SCWPlatform::Found the Hw Db part of the input DSA
TRACE::2025-03-26.16:15:02::SCWMssOS::Checking the sw design at  C:/Users/j54mao/ECE423/ECE-423-Labs/workspace/Assignment3_platform/zynq_fsbl/zynq_fsbl_bsp/system.mss
TRACE::2025-03-26.16:15:02::SCWMssOS::DEBUG:  swdes dump  C:/Users/j54mao/ECE423/ECE-423-Labs/workspace/Assignment3_platform/ps7_cortexa9_0/standalone_domain/bsp/system.mss|system_0||
C:/Users/j54mao/ECE423/ECE-423-Labs/workspace/Assignment3_platform/ps7_cortexa9_1/standalone_ps7_cortexa9_1/bsp/system.mss|system_1||
C:/Users/j54mao/ECE423/ECE-423-Labs/workspace/Assignment3_platform/zynq_fsbl/zynq_fsbl_bsp/system.mss|system||

TRACE::2025-03-26.16:15:02::SCWMssOS::Sw design exists and opened at  C:/Users/j54mao/ECE423/ECE-423-Labs/workspace/Assignment3_platform/zynq_fsbl/zynq_fsbl_bsp/system.mss
TRACE::2025-03-26.16:15:02::SCWMssOS::Removing the swdes entry for  C:/Users/j54mao/ECE423/ECE-423-Labs/workspace/Assignment3_platform/zynq_fsbl/zynq_fsbl_bsp/system.mss
TRACE::2025-03-26.16:15:02::SCWPlatform::Trying to open the hw design at C:/Users/j54mao/ECE423/ECE-423-Labs/workspace/Assignment3_platform/hw/lab_prefab_wrapper.xsa
TRACE::2025-03-26.16:15:02::SCWPlatform::DSA given C:/Users/j54mao/ECE423/ECE-423-Labs/workspace/Assignment3_platform/hw/lab_prefab_wrapper.xsa
TRACE::2025-03-26.16:15:02::SCWPlatform::DSA absoulate path C:/Users/j54mao/ECE423/ECE-423-Labs/workspace/Assignment3_platform/hw/lab_prefab_wrapper.xsa
TRACE::2025-03-26.16:15:02::SCWPlatform::DSA directory C:/Users/j54mao/ECE423/ECE-423-Labs/workspace/Assignment3_platform/hw
TRACE::2025-03-26.16:15:02::SCWPlatform:: Platform Path C:/Users/j54mao/ECE423/ECE-423-Labs/workspace/Assignment3_platform/hw/lab_prefab_wrapper.xsa
TRACE::2025-03-26.16:15:02::SCWPlatform:: Unique name xilinx:pynq-z1::0.0
TRACE::2025-03-26.16:15:02::SCWPlatform::Trying to set the existing hwdb with name lab_prefab_wrapper_2
TRACE::2025-03-26.16:15:02::SCWPlatform::Opened existing hwdb lab_prefab_wrapper_2
TRACE::2025-03-26.16:15:02::SCWPlatform::Found the Hw Db part of the input DSA
TRACE::2025-03-26.16:15:02::SCWMssOS::Checking the sw design at  C:/Users/j54mao/ECE423/ECE-423-Labs/workspace/Assignment3_platform/zynq_fsbl/zynq_fsbl_bsp/system.mss
TRACE::2025-03-26.16:15:02::SCWMssOS::DEBUG:  swdes dump  C:/Users/j54mao/ECE423/ECE-423-Labs/workspace/Assignment3_platform/ps7_cortexa9_0/standalone_domain/bsp/system.mss|system_0||
C:/Users/j54mao/ECE423/ECE-423-Labs/workspace/Assignment3_platform/ps7_cortexa9_1/standalone_ps7_cortexa9_1/bsp/system.mss|system_1||

TRACE::2025-03-26.16:15:02::SCWMssOS::No sw design opened at  C:/Users/j54mao/ECE423/ECE-423-Labs/workspace/Assignment3_platform/zynq_fsbl/zynq_fsbl_bsp/system.mss
TRACE::2025-03-26.16:15:02::SCWMssOS::mss exists loading the mss file  C:/Users/j54mao/ECE423/ECE-423-Labs/workspace/Assignment3_platform/zynq_fsbl/zynq_fsbl_bsp/system.mss
TRACE::2025-03-26.16:15:02::SCWMssOS::Opened the sw design from mss  C:/Users/j54mao/ECE423/ECE-423-Labs/workspace/Assignment3_platform/zynq_fsbl/zynq_fsbl_bsp/system.mss
TRACE::2025-03-26.16:15:02::SCWMssOS::Adding the swdes entry C:/Users/j54mao/ECE423/ECE-423-Labs/workspace/Assignment3_platform/zynq_fsbl/zynq_fsbl_bsp/system.mss with des name system
TRACE::2025-03-26.16:15:02::SCWMssOS::updating the scw layer about changes
TRACE::2025-03-26.16:15:02::SCWMssOS::Opened the sw design.  C:/Users/j54mao/ECE423/ECE-423-Labs/workspace/Assignment3_platform/zynq_fsbl/zynq_fsbl_bsp/system.mss
TRACE::2025-03-26.16:15:02::SCWBDomain::Completed writing the mss file at C:/Users/j54mao/ECE423/ECE-423-Labs/workspace/Assignment3_platform/zynq_fsbl/zynq_fsbl_bsp
TRACE::2025-03-26.16:15:02::SCWBDomain::Forcing BSP Sources regeneration.
TRACE::2025-03-26.16:15:05::SCWBDomain::Updating the makefile used for building the Application zynq_fsbl
TRACE::2025-03-26.16:15:05::SCWPlatform::Trying to open the hw design at C:/Users/j54mao/ECE423/ECE-423-Labs/workspace/Assignment3_platform/hw/lab_prefab_wrapper.xsa
TRACE::2025-03-26.16:15:05::SCWPlatform::DSA given C:/Users/j54mao/ECE423/ECE-423-Labs/workspace/Assignment3_platform/hw/lab_prefab_wrapper.xsa
TRACE::2025-03-26.16:15:05::SCWPlatform::DSA absoulate path C:/Users/j54mao/ECE423/ECE-423-Labs/workspace/Assignment3_platform/hw/lab_prefab_wrapper.xsa
TRACE::2025-03-26.16:15:05::SCWPlatform::DSA directory C:/Users/j54mao/ECE423/ECE-423-Labs/workspace/Assignment3_platform/hw
TRACE::2025-03-26.16:15:05::SCWPlatform:: Platform Path C:/Users/j54mao/ECE423/ECE-423-Labs/workspace/Assignment3_platform/hw/lab_prefab_wrapper.xsa
TRACE::2025-03-26.16:15:05::SCWPlatform:: Unique name xilinx:pynq-z1::0.0
TRACE::2025-03-26.16:15:05::SCWPlatform::Trying to set the existing hwdb with name lab_prefab_wrapper_2
TRACE::2025-03-26.16:15:05::SCWPlatform::Opened existing hwdb lab_prefab_wrapper_2
TRACE::2025-03-26.16:15:05::SCWPlatform::Found the Hw Db part of the input DSA
TRACE::2025-03-26.16:15:05::SCWMssOS::Checking the sw design at  C:/Users/j54mao/ECE423/ECE-423-Labs/workspace/Assignment3_platform/zynq_fsbl/zynq_fsbl_bsp/system.mss
TRACE::2025-03-26.16:15:05::SCWMssOS::DEBUG:  swdes dump  C:/Users/j54mao/ECE423/ECE-423-Labs/workspace/Assignment3_platform/ps7_cortexa9_0/standalone_domain/bsp/system.mss|system_0||
C:/Users/j54mao/ECE423/ECE-423-Labs/workspace/Assignment3_platform/ps7_cortexa9_1/standalone_ps7_cortexa9_1/bsp/system.mss|system_1||

TRACE::2025-03-26.16:15:05::SCWMssOS::No sw design opened at  C:/Users/j54mao/ECE423/ECE-423-Labs/workspace/Assignment3_platform/zynq_fsbl/zynq_fsbl_bsp/system.mss
TRACE::2025-03-26.16:15:05::SCWMssOS::mss exists loading the mss file  C:/Users/j54mao/ECE423/ECE-423-Labs/workspace/Assignment3_platform/zynq_fsbl/zynq_fsbl_bsp/system.mss
TRACE::2025-03-26.16:15:05::SCWMssOS::Opened the sw design from mss  C:/Users/j54mao/ECE423/ECE-423-Labs/workspace/Assignment3_platform/zynq_fsbl/zynq_fsbl_bsp/system.mss
TRACE::2025-03-26.16:15:05::SCWMssOS::Adding the swdes entry C:/Users/j54mao/ECE423/ECE-423-Labs/workspace/Assignment3_platform/zynq_fsbl/zynq_fsbl_bsp/system.mss with des name system
TRACE::2025-03-26.16:15:05::SCWMssOS::updating the scw layer about changes
TRACE::2025-03-26.16:15:05::SCWMssOS::Opened the sw design.  C:/Users/j54mao/ECE423/ECE-423-Labs/workspace/Assignment3_platform/zynq_fsbl/zynq_fsbl_bsp/system.mss
TRACE::2025-03-26.16:15:14::SCWBDomain::removing the temporary location in _platform.
TRACE::2025-03-26.16:15:14::SCWBDomain::Makefile is Updated.
TRACE::2025-03-26.16:15:14::SCWBDomain::doing clean.
TRACE::2025-03-26.16:15:14::SCWBDomain::System Command Ran  C:&  cd  C:/Users/j54mao/ECE423/ECE-423-Labs/workspace/Assignment3_platform/zynq_fsbl & make clean
TRACE::2025-03-26.16:15:14::SCWBDomain::rm -rf  sd.o  nand.o  nor.o  image_mover.o  md5.o  fsbl_hooks.o  main.o  rsa.o  qspi.o  ps7_init.o  pcap.o  fsbl_handoff.o zynq
TRACE::2025-03-26.16:15:14::SCWBDomain::_fsbl_bsp/ps7_cortexa9_0/lib/libxil.a fsbl.elf *.o

TRACE::2025-03-26.16:15:16::SCWPlatform::Trying to open the hw design at C:/Users/j54mao/ECE423/ECE-423-Labs/workspace/Assignment3_platform/hw/lab_prefab_wrapper.xsa
TRACE::2025-03-26.16:15:16::SCWPlatform::DSA given C:/Users/j54mao/ECE423/ECE-423-Labs/workspace/Assignment3_platform/hw/lab_prefab_wrapper.xsa
TRACE::2025-03-26.16:15:16::SCWPlatform::DSA absoulate path C:/Users/j54mao/ECE423/ECE-423-Labs/workspace/Assignment3_platform/hw/lab_prefab_wrapper.xsa
TRACE::2025-03-26.16:15:16::SCWPlatform::DSA directory C:/Users/j54mao/ECE423/ECE-423-Labs/workspace/Assignment3_platform/hw
TRACE::2025-03-26.16:15:16::SCWPlatform:: Platform Path C:/Users/j54mao/ECE423/ECE-423-Labs/workspace/Assignment3_platform/hw/lab_prefab_wrapper.xsa
TRACE::2025-03-26.16:15:16::SCWPlatform:: Unique name xilinx:pynq-z1::0.0
TRACE::2025-03-26.16:15:16::SCWPlatform::Trying to set the existing hwdb with name lab_prefab_wrapper_2
TRACE::2025-03-26.16:15:16::SCWPlatform::Opened existing hwdb lab_prefab_wrapper_2
TRACE::2025-03-26.16:15:16::SCWPlatform::Found the Hw Db part of the input DSA
TRACE::2025-03-26.16:15:16::SCWMssOS::Checking the sw design at  C:/Users/j54mao/ECE423/ECE-423-Labs/workspace/Assignment3_platform/ps7_cortexa9_0/standalone_domain/bsp/system.mss
TRACE::2025-03-26.16:15:16::SCWMssOS::DEBUG:  swdes dump  C:/Users/j54mao/ECE423/ECE-423-Labs/workspace/Assignment3_platform/ps7_cortexa9_0/standalone_domain/bsp/system.mss|system_0||
C:/Users/j54mao/ECE423/ECE-423-Labs/workspace/Assignment3_platform/ps7_cortexa9_1/standalone_ps7_cortexa9_1/bsp/system.mss|system_1||
C:/Users/j54mao/ECE423/ECE-423-Labs/workspace/Assignment3_platform/zynq_fsbl/zynq_fsbl_bsp/system.mss|system||

TRACE::2025-03-26.16:15:16::SCWMssOS::Sw design exists and opened at  C:/Users/j54mao/ECE423/ECE-423-Labs/workspace/Assignment3_platform/ps7_cortexa9_0/standalone_domain/bsp/system.mss
TRACE::2025-03-26.16:15:16::SCWMssOS::In reload Mss file.
TRACE::2025-03-26.16:15:16::SCWPlatform::Trying to open the hw design at C:/Users/j54mao/ECE423/ECE-423-Labs/workspace/Assignment3_platform/hw/lab_prefab_wrapper.xsa
TRACE::2025-03-26.16:15:16::SCWPlatform::DSA given C:/Users/j54mao/ECE423/ECE-423-Labs/workspace/Assignment3_platform/hw/lab_prefab_wrapper.xsa
TRACE::2025-03-26.16:15:16::SCWPlatform::DSA absoulate path C:/Users/j54mao/ECE423/ECE-423-Labs/workspace/Assignment3_platform/hw/lab_prefab_wrapper.xsa
TRACE::2025-03-26.16:15:16::SCWPlatform::DSA directory C:/Users/j54mao/ECE423/ECE-423-Labs/workspace/Assignment3_platform/hw
TRACE::2025-03-26.16:15:16::SCWPlatform:: Platform Path C:/Users/j54mao/ECE423/ECE-423-Labs/workspace/Assignment3_platform/hw/lab_prefab_wrapper.xsa
TRACE::2025-03-26.16:15:16::SCWPlatform:: Unique name xilinx:pynq-z1::0.0
TRACE::2025-03-26.16:15:16::SCWPlatform::Trying to set the existing hwdb with name lab_prefab_wrapper_2
TRACE::2025-03-26.16:15:16::SCWPlatform::Opened existing hwdb lab_prefab_wrapper_2
TRACE::2025-03-26.16:15:16::SCWPlatform::Found the Hw Db part of the input DSA
TRACE::2025-03-26.16:15:16::SCWMssOS::Checking the sw design at  C:/Users/j54mao/ECE423/ECE-423-Labs/workspace/Assignment3_platform/ps7_cortexa9_0/standalone_domain/bsp/system.mss
TRACE::2025-03-26.16:15:16::SCWMssOS::DEBUG:  swdes dump  C:/Users/j54mao/ECE423/ECE-423-Labs/workspace/Assignment3_platform/ps7_cortexa9_1/standalone_ps7_cortexa9_1/bsp/system.mss|system_1||
C:/Users/j54mao/ECE423/ECE-423-Labs/workspace/Assignment3_platform/zynq_fsbl/zynq_fsbl_bsp/system.mss|system||

TRACE::2025-03-26.16:15:16::SCWMssOS::No sw design opened at  C:/Users/j54mao/ECE423/ECE-423-Labs/workspace/Assignment3_platform/ps7_cortexa9_0/standalone_domain/bsp/system.mss
TRACE::2025-03-26.16:15:16::SCWMssOS::mss exists loading the mss file  C:/Users/j54mao/ECE423/ECE-423-Labs/workspace/Assignment3_platform/ps7_cortexa9_0/standalone_domain/bsp/system.mss
TRACE::2025-03-26.16:15:16::SCWMssOS::Opened the sw design from mss  C:/Users/j54mao/ECE423/ECE-423-Labs/workspace/Assignment3_platform/ps7_cortexa9_0/standalone_domain/bsp/system.mss
TRACE::2025-03-26.16:15:16::SCWMssOS::Adding the swdes entry C:/Users/j54mao/ECE423/ECE-423-Labs/workspace/Assignment3_platform/ps7_cortexa9_0/standalone_domain/bsp/system.mss with des name system
TRACE::2025-03-26.16:15:16::SCWMssOS::updating the scw layer about changes
TRACE::2025-03-26.16:15:16::SCWMssOS::Opened the sw design.  C:/Users/j54mao/ECE423/ECE-423-Labs/workspace/Assignment3_platform/ps7_cortexa9_0/standalone_domain/bsp/system.mss
TRACE::2025-03-26.16:15:16::SCWMssOS::Saving the mss changes C:/Users/j54mao/ECE423/ECE-423-Labs/workspace/Assignment3_platform/ps7_cortexa9_0/standalone_domain/bsp/system.mss
TRACE::2025-03-26.16:15:16::SCWMssOS::Found a swdesign opened with the mssfile.
TRACE::2025-03-26.16:15:16::SCWMssOS::Completed writemss as part of save.
TRACE::2025-03-26.16:15:16::SCWMssOS::Commit changes completed.
TRACE::2025-03-26.16:15:16::SCWPlatform::Trying to open the hw design at C:/Users/j54mao/ECE423/ECE-423-Labs/workspace/Assignment3_platform/hw/lab_prefab_wrapper.xsa
TRACE::2025-03-26.16:15:16::SCWPlatform::DSA given C:/Users/j54mao/ECE423/ECE-423-Labs/workspace/Assignment3_platform/hw/lab_prefab_wrapper.xsa
TRACE::2025-03-26.16:15:16::SCWPlatform::DSA absoulate path C:/Users/j54mao/ECE423/ECE-423-Labs/workspace/Assignment3_platform/hw/lab_prefab_wrapper.xsa
TRACE::2025-03-26.16:15:16::SCWPlatform::DSA directory C:/Users/j54mao/ECE423/ECE-423-Labs/workspace/Assignment3_platform/hw
TRACE::2025-03-26.16:15:16::SCWPlatform:: Platform Path C:/Users/j54mao/ECE423/ECE-423-Labs/workspace/Assignment3_platform/hw/lab_prefab_wrapper.xsa
TRACE::2025-03-26.16:15:16::SCWPlatform:: Unique name xilinx:pynq-z1::0.0
TRACE::2025-03-26.16:15:16::SCWPlatform::Trying to set the existing hwdb with name lab_prefab_wrapper_2
TRACE::2025-03-26.16:15:16::SCWPlatform::Opened existing hwdb lab_prefab_wrapper_2
TRACE::2025-03-26.16:15:16::SCWPlatform::Found the Hw Db part of the input DSA
TRACE::2025-03-26.16:15:16::SCWMssOS::Checking the sw design at  C:/Users/j54mao/ECE423/ECE-423-Labs/workspace/Assignment3_platform/ps7_cortexa9_0/standalone_domain/bsp/system.mss
TRACE::2025-03-26.16:15:16::SCWMssOS::DEBUG:  swdes dump  C:/Users/j54mao/ECE423/ECE-423-Labs/workspace/Assignment3_platform/ps7_cortexa9_0/standalone_domain/bsp/system.mss|system||
C:/Users/j54mao/ECE423/ECE-423-Labs/workspace/Assignment3_platform/ps7_cortexa9_1/standalone_ps7_cortexa9_1/bsp/system.mss|system_1||

TRACE::2025-03-26.16:15:16::SCWMssOS::Sw design exists and opened at  C:/Users/j54mao/ECE423/ECE-423-Labs/workspace/Assignment3_platform/ps7_cortexa9_0/standalone_domain/bsp/system.mss
TRACE::2025-03-26.16:15:16::SCWMssOS::Removing the swdes entry for  C:/Users/j54mao/ECE423/ECE-423-Labs/workspace/Assignment3_platform/ps7_cortexa9_0/standalone_domain/bsp/system.mss
TRACE::2025-03-26.16:15:17::SCWPlatform::Trying to open the hw design at C:/Users/j54mao/ECE423/ECE-423-Labs/workspace/Assignment3_platform/hw/lab_prefab_wrapper.xsa
TRACE::2025-03-26.16:15:17::SCWPlatform::DSA given C:/Users/j54mao/ECE423/ECE-423-Labs/workspace/Assignment3_platform/hw/lab_prefab_wrapper.xsa
TRACE::2025-03-26.16:15:17::SCWPlatform::DSA absoulate path C:/Users/j54mao/ECE423/ECE-423-Labs/workspace/Assignment3_platform/hw/lab_prefab_wrapper.xsa
TRACE::2025-03-26.16:15:17::SCWPlatform::DSA directory C:/Users/j54mao/ECE423/ECE-423-Labs/workspace/Assignment3_platform/hw
TRACE::2025-03-26.16:15:17::SCWPlatform:: Platform Path C:/Users/j54mao/ECE423/ECE-423-Labs/workspace/Assignment3_platform/hw/lab_prefab_wrapper.xsa
TRACE::2025-03-26.16:15:17::SCWPlatform:: Unique name xilinx:pynq-z1::0.0
TRACE::2025-03-26.16:15:17::SCWPlatform::Trying to set the existing hwdb with name lab_prefab_wrapper_2
TRACE::2025-03-26.16:15:17::SCWPlatform::Opened existing hwdb lab_prefab_wrapper_2
TRACE::2025-03-26.16:15:17::SCWPlatform::Found the Hw Db part of the input DSA
TRACE::2025-03-26.16:15:17::SCWMssOS::Checking the sw design at  C:/Users/j54mao/ECE423/ECE-423-Labs/workspace/Assignment3_platform/ps7_cortexa9_0/standalone_domain/bsp/system.mss
TRACE::2025-03-26.16:15:17::SCWMssOS::DEBUG:  swdes dump  C:/Users/j54mao/ECE423/ECE-423-Labs/workspace/Assignment3_platform/ps7_cortexa9_1/standalone_ps7_cortexa9_1/bsp/system.mss|system_1||

TRACE::2025-03-26.16:15:17::SCWMssOS::No sw design opened at  C:/Users/j54mao/ECE423/ECE-423-Labs/workspace/Assignment3_platform/ps7_cortexa9_0/standalone_domain/bsp/system.mss
TRACE::2025-03-26.16:15:17::SCWMssOS::mss exists loading the mss file  C:/Users/j54mao/ECE423/ECE-423-Labs/workspace/Assignment3_platform/ps7_cortexa9_0/standalone_domain/bsp/system.mss
TRACE::2025-03-26.16:15:17::SCWMssOS::Opened the sw design from mss  C:/Users/j54mao/ECE423/ECE-423-Labs/workspace/Assignment3_platform/ps7_cortexa9_0/standalone_domain/bsp/system.mss
TRACE::2025-03-26.16:15:17::SCWMssOS::Adding the swdes entry C:/Users/j54mao/ECE423/ECE-423-Labs/workspace/Assignment3_platform/ps7_cortexa9_0/standalone_domain/bsp/system.mss with des name system
TRACE::2025-03-26.16:15:17::SCWMssOS::updating the scw layer about changes
TRACE::2025-03-26.16:15:17::SCWMssOS::Opened the sw design.  C:/Users/j54mao/ECE423/ECE-423-Labs/workspace/Assignment3_platform/ps7_cortexa9_0/standalone_domain/bsp/system.mss
TRACE::2025-03-26.16:15:23::SCWPlatform::Trying to open the hw design at C:/Users/j54mao/ECE423/ECE-423-Labs/workspace/Assignment3_platform/hw/lab_prefab_wrapper.xsa
TRACE::2025-03-26.16:15:23::SCWPlatform::DSA given C:/Users/j54mao/ECE423/ECE-423-Labs/workspace/Assignment3_platform/hw/lab_prefab_wrapper.xsa
TRACE::2025-03-26.16:15:23::SCWPlatform::DSA absoulate path C:/Users/j54mao/ECE423/ECE-423-Labs/workspace/Assignment3_platform/hw/lab_prefab_wrapper.xsa
TRACE::2025-03-26.16:15:23::SCWPlatform::DSA directory C:/Users/j54mao/ECE423/ECE-423-Labs/workspace/Assignment3_platform/hw
TRACE::2025-03-26.16:15:23::SCWPlatform:: Platform Path C:/Users/j54mao/ECE423/ECE-423-Labs/workspace/Assignment3_platform/hw/lab_prefab_wrapper.xsa
TRACE::2025-03-26.16:15:23::SCWPlatform:: Unique name xilinx:pynq-z1::0.0
TRACE::2025-03-26.16:15:23::SCWPlatform::Trying to set the existing hwdb with name lab_prefab_wrapper_2
TRACE::2025-03-26.16:15:23::SCWPlatform::Opened existing hwdb lab_prefab_wrapper_2
TRACE::2025-03-26.16:15:23::SCWPlatform::Found the Hw Db part of the input DSA
TRACE::2025-03-26.16:15:23::SCWMssOS::Checking the sw design at  C:/Users/j54mao/ECE423/ECE-423-Labs/workspace/Assignment3_platform/ps7_cortexa9_0/standalone_domain/bsp/system.mss
TRACE::2025-03-26.16:15:23::SCWMssOS::DEBUG:  swdes dump  C:/Users/j54mao/ECE423/ECE-423-Labs/workspace/Assignment3_platform/ps7_cortexa9_0/standalone_domain/bsp/system.mss|system||
C:/Users/j54mao/ECE423/ECE-423-Labs/workspace/Assignment3_platform/ps7_cortexa9_1/standalone_ps7_cortexa9_1/bsp/system.mss|system_1||

TRACE::2025-03-26.16:15:23::SCWMssOS::Sw design exists and opened at  C:/Users/j54mao/ECE423/ECE-423-Labs/workspace/Assignment3_platform/ps7_cortexa9_0/standalone_domain/bsp/system.mss
TRACE::2025-03-26.16:15:23::SCWPlatform::Trying to open the hw design at C:/Users/j54mao/ECE423/ECE-423-Labs/workspace/Assignment3_platform/hw/lab_prefab_wrapper.xsa
TRACE::2025-03-26.16:15:23::SCWPlatform::DSA given C:/Users/j54mao/ECE423/ECE-423-Labs/workspace/Assignment3_platform/hw/lab_prefab_wrapper.xsa
TRACE::2025-03-26.16:15:23::SCWPlatform::DSA absoulate path C:/Users/j54mao/ECE423/ECE-423-Labs/workspace/Assignment3_platform/hw/lab_prefab_wrapper.xsa
TRACE::2025-03-26.16:15:23::SCWPlatform::DSA directory C:/Users/j54mao/ECE423/ECE-423-Labs/workspace/Assignment3_platform/hw
TRACE::2025-03-26.16:15:23::SCWPlatform:: Platform Path C:/Users/j54mao/ECE423/ECE-423-Labs/workspace/Assignment3_platform/hw/lab_prefab_wrapper.xsa
TRACE::2025-03-26.16:15:23::SCWPlatform:: Unique name xilinx:pynq-z1::0.0
TRACE::2025-03-26.16:15:23::SCWPlatform::Trying to set the existing hwdb with name lab_prefab_wrapper_2
TRACE::2025-03-26.16:15:23::SCWPlatform::Opened existing hwdb lab_prefab_wrapper_2
TRACE::2025-03-26.16:15:23::SCWPlatform::Found the Hw Db part of the input DSA
TRACE::2025-03-26.16:15:23::SCWMssOS::Checking the sw design at  C:/Users/j54mao/ECE423/ECE-423-Labs/workspace/Assignment3_platform/ps7_cortexa9_0/standalone_domain/bsp/system.mss
TRACE::2025-03-26.16:15:23::SCWMssOS::DEBUG:  swdes dump  C:/Users/j54mao/ECE423/ECE-423-Labs/workspace/Assignment3_platform/ps7_cortexa9_0/standalone_domain/bsp/system.mss|system||
C:/Users/j54mao/ECE423/ECE-423-Labs/workspace/Assignment3_platform/ps7_cortexa9_1/standalone_ps7_cortexa9_1/bsp/system.mss|system_1||

TRACE::2025-03-26.16:15:23::SCWMssOS::Sw design exists and opened at  C:/Users/j54mao/ECE423/ECE-423-Labs/workspace/Assignment3_platform/ps7_cortexa9_0/standalone_domain/bsp/system.mss
TRACE::2025-03-26.16:15:23::SCWPlatform::Trying to open the hw design at C:/Users/j54mao/ECE423/ECE-423-Labs/workspace/Assignment3_platform/hw/lab_prefab_wrapper.xsa
TRACE::2025-03-26.16:15:23::SCWPlatform::DSA given C:/Users/j54mao/ECE423/ECE-423-Labs/workspace/Assignment3_platform/hw/lab_prefab_wrapper.xsa
TRACE::2025-03-26.16:15:23::SCWPlatform::DSA absoulate path C:/Users/j54mao/ECE423/ECE-423-Labs/workspace/Assignment3_platform/hw/lab_prefab_wrapper.xsa
TRACE::2025-03-26.16:15:23::SCWPlatform::DSA directory C:/Users/j54mao/ECE423/ECE-423-Labs/workspace/Assignment3_platform/hw
TRACE::2025-03-26.16:15:23::SCWPlatform:: Platform Path C:/Users/j54mao/ECE423/ECE-423-Labs/workspace/Assignment3_platform/hw/lab_prefab_wrapper.xsa
TRACE::2025-03-26.16:15:23::SCWPlatform:: Unique name xilinx:pynq-z1::0.0
TRACE::2025-03-26.16:15:23::SCWPlatform::Trying to set the existing hwdb with name lab_prefab_wrapper_2
TRACE::2025-03-26.16:15:23::SCWPlatform::Opened existing hwdb lab_prefab_wrapper_2
TRACE::2025-03-26.16:15:23::SCWPlatform::Found the Hw Db part of the input DSA
TRACE::2025-03-26.16:15:23::SCWMssOS::Checking the sw design at  C:/Users/j54mao/ECE423/ECE-423-Labs/workspace/Assignment3_platform/ps7_cortexa9_0/standalone_domain/bsp/system.mss
TRACE::2025-03-26.16:15:23::SCWMssOS::DEBUG:  swdes dump  C:/Users/j54mao/ECE423/ECE-423-Labs/workspace/Assignment3_platform/ps7_cortexa9_0/standalone_domain/bsp/system.mss|system||
C:/Users/j54mao/ECE423/ECE-423-Labs/workspace/Assignment3_platform/ps7_cortexa9_1/standalone_ps7_cortexa9_1/bsp/system.mss|system_1||

TRACE::2025-03-26.16:15:23::SCWMssOS::Sw design exists and opened at  C:/Users/j54mao/ECE423/ECE-423-Labs/workspace/Assignment3_platform/ps7_cortexa9_0/standalone_domain/bsp/system.mss
TRACE::2025-03-26.16:15:23::SCWPlatform::Trying to open the hw design at C:/Users/j54mao/ECE423/ECE-423-Labs/workspace/Assignment3_platform/hw/lab_prefab_wrapper.xsa
TRACE::2025-03-26.16:15:23::SCWPlatform::DSA given C:/Users/j54mao/ECE423/ECE-423-Labs/workspace/Assignment3_platform/hw/lab_prefab_wrapper.xsa
TRACE::2025-03-26.16:15:23::SCWPlatform::DSA absoulate path C:/Users/j54mao/ECE423/ECE-423-Labs/workspace/Assignment3_platform/hw/lab_prefab_wrapper.xsa
TRACE::2025-03-26.16:15:23::SCWPlatform::DSA directory C:/Users/j54mao/ECE423/ECE-423-Labs/workspace/Assignment3_platform/hw
TRACE::2025-03-26.16:15:23::SCWPlatform:: Platform Path C:/Users/j54mao/ECE423/ECE-423-Labs/workspace/Assignment3_platform/hw/lab_prefab_wrapper.xsa
TRACE::2025-03-26.16:15:23::SCWPlatform:: Unique name xilinx:pynq-z1::0.0
TRACE::2025-03-26.16:15:23::SCWPlatform::Trying to set the existing hwdb with name lab_prefab_wrapper_2
TRACE::2025-03-26.16:15:23::SCWPlatform::Opened existing hwdb lab_prefab_wrapper_2
TRACE::2025-03-26.16:15:23::SCWPlatform::Found the Hw Db part of the input DSA
TRACE::2025-03-26.16:15:23::SCWMssOS::Checking the sw design at  C:/Users/j54mao/ECE423/ECE-423-Labs/workspace/Assignment3_platform/ps7_cortexa9_0/standalone_domain/bsp/system.mss
TRACE::2025-03-26.16:15:23::SCWMssOS::DEBUG:  swdes dump  C:/Users/j54mao/ECE423/ECE-423-Labs/workspace/Assignment3_platform/ps7_cortexa9_0/standalone_domain/bsp/system.mss|system||
C:/Users/j54mao/ECE423/ECE-423-Labs/workspace/Assignment3_platform/ps7_cortexa9_1/standalone_ps7_cortexa9_1/bsp/system.mss|system_1||

TRACE::2025-03-26.16:15:23::SCWMssOS::Sw design exists and opened at  C:/Users/j54mao/ECE423/ECE-423-Labs/workspace/Assignment3_platform/ps7_cortexa9_0/standalone_domain/bsp/system.mss
TRACE::2025-03-26.16:15:24::SCWMssOS::Saving the mss changes C:/Users/j54mao/ECE423/ECE-423-Labs/workspace/Assignment3_platform/zynq_fsbl/zynq_fsbl_bsp/system.mss
TRACE::2025-03-26.16:15:24::SCWMssOS::Adding the swdes entry, mss present, able to open swdb C:/Users/j54mao/ECE423/ECE-423-Labs/workspace/Assignment3_platform/zynq_fsbl/zynq_fsbl_bsp/system.mss with des name system_0
TRACE::2025-03-26.16:15:24::SCWMssOS::Writing the mss file completed C:/Users/j54mao/ECE423/ECE-423-Labs/workspace/Assignment3_platform/zynq_fsbl/zynq_fsbl_bsp/system.mss
TRACE::2025-03-26.16:15:24::SCWMssOS::Commit changes completed.
TRACE::2025-03-26.16:15:24::SCWMssOS::Saving the mss changes C:/Users/j54mao/ECE423/ECE-423-Labs/workspace/Assignment3_platform/ps7_cortexa9_0/standalone_domain/bsp/system.mss
TRACE::2025-03-26.16:15:24::SCWMssOS::Found a swdesign opened with the mssfile.
TRACE::2025-03-26.16:15:24::SCWMssOS::Completed writemss as part of save.
TRACE::2025-03-26.16:15:24::SCWMssOS::Commit changes completed.
TRACE::2025-03-26.16:15:24::SCWMssOS::Saving the mss changes C:/Users/j54mao/ECE423/ECE-423-Labs/workspace/Assignment3_platform/ps7_cortexa9_1/standalone_ps7_cortexa9_1/bsp/system.mss
TRACE::2025-03-26.16:15:24::SCWMssOS::Found a swdesign opened with the mssfile.
TRACE::2025-03-26.16:15:24::SCWMssOS::Completed writemss as part of save.
TRACE::2025-03-26.16:15:24::SCWMssOS::Commit changes completed.
TRACE::2025-03-26.16:15:24::SCWPlatform::Trying to open the hw design at C:/Users/j54mao/ECE423/ECE-423-Labs/workspace/Assignment3_platform/hw/lab_prefab_wrapper.xsa
TRACE::2025-03-26.16:15:24::SCWPlatform::DSA given C:/Users/j54mao/ECE423/ECE-423-Labs/workspace/Assignment3_platform/hw/lab_prefab_wrapper.xsa
TRACE::2025-03-26.16:15:24::SCWPlatform::DSA absoulate path C:/Users/j54mao/ECE423/ECE-423-Labs/workspace/Assignment3_platform/hw/lab_prefab_wrapper.xsa
TRACE::2025-03-26.16:15:24::SCWPlatform::DSA directory C:/Users/j54mao/ECE423/ECE-423-Labs/workspace/Assignment3_platform/hw
TRACE::2025-03-26.16:15:24::SCWPlatform:: Platform Path C:/Users/j54mao/ECE423/ECE-423-Labs/workspace/Assignment3_platform/hw/lab_prefab_wrapper.xsa
TRACE::2025-03-26.16:15:24::SCWPlatform:: Unique name xilinx:pynq-z1::0.0
TRACE::2025-03-26.16:15:24::SCWPlatform::Trying to set the existing hwdb with name lab_prefab_wrapper_2
TRACE::2025-03-26.16:15:24::SCWPlatform::Opened existing hwdb lab_prefab_wrapper_2
TRACE::2025-03-26.16:15:24::SCWPlatform::Found the Hw Db part of the input DSA
TRACE::2025-03-26.16:15:24::SCWMssOS::Checking the sw design at  C:/Users/j54mao/ECE423/ECE-423-Labs/workspace/Assignment3_platform/zynq_fsbl/zynq_fsbl_bsp/system.mss
TRACE::2025-03-26.16:15:24::SCWMssOS::DEBUG:  swdes dump  C:/Users/j54mao/ECE423/ECE-423-Labs/workspace/Assignment3_platform/ps7_cortexa9_0/standalone_domain/bsp/system.mss|system||
C:/Users/j54mao/ECE423/ECE-423-Labs/workspace/Assignment3_platform/ps7_cortexa9_1/standalone_ps7_cortexa9_1/bsp/system.mss|system_1||
C:/Users/j54mao/ECE423/ECE-423-Labs/workspace/Assignment3_platform/zynq_fsbl/zynq_fsbl_bsp/system.mss|system_0||

TRACE::2025-03-26.16:15:24::SCWMssOS::Sw design exists and opened at  C:/Users/j54mao/ECE423/ECE-423-Labs/workspace/Assignment3_platform/zynq_fsbl/zynq_fsbl_bsp/system.mss
TRACE::2025-03-26.16:15:24::SCWPlatform::Trying to open the hw design at C:/Users/j54mao/ECE423/ECE-423-Labs/workspace/Assignment3_platform/hw/lab_prefab_wrapper.xsa
TRACE::2025-03-26.16:15:24::SCWPlatform::DSA given C:/Users/j54mao/ECE423/ECE-423-Labs/workspace/Assignment3_platform/hw/lab_prefab_wrapper.xsa
TRACE::2025-03-26.16:15:24::SCWPlatform::DSA absoulate path C:/Users/j54mao/ECE423/ECE-423-Labs/workspace/Assignment3_platform/hw/lab_prefab_wrapper.xsa
TRACE::2025-03-26.16:15:24::SCWPlatform::DSA directory C:/Users/j54mao/ECE423/ECE-423-Labs/workspace/Assignment3_platform/hw
TRACE::2025-03-26.16:15:24::SCWPlatform:: Platform Path C:/Users/j54mao/ECE423/ECE-423-Labs/workspace/Assignment3_platform/hw/lab_prefab_wrapper.xsa
TRACE::2025-03-26.16:15:24::SCWPlatform:: Unique name xilinx:pynq-z1::0.0
TRACE::2025-03-26.16:15:24::SCWPlatform::Trying to set the existing hwdb with name lab_prefab_wrapper_2
TRACE::2025-03-26.16:15:24::SCWPlatform::Opened existing hwdb lab_prefab_wrapper_2
TRACE::2025-03-26.16:15:24::SCWPlatform::Found the Hw Db part of the input DSA
TRACE::2025-03-26.16:15:24::SCWMssOS::Checking the sw design at  C:/Users/j54mao/ECE423/ECE-423-Labs/workspace/Assignment3_platform/ps7_cortexa9_0/standalone_domain/bsp/system.mss
TRACE::2025-03-26.16:15:24::SCWMssOS::DEBUG:  swdes dump  C:/Users/j54mao/ECE423/ECE-423-Labs/workspace/Assignment3_platform/ps7_cortexa9_0/standalone_domain/bsp/system.mss|system||
C:/Users/j54mao/ECE423/ECE-423-Labs/workspace/Assignment3_platform/ps7_cortexa9_1/standalone_ps7_cortexa9_1/bsp/system.mss|system_1||
C:/Users/j54mao/ECE423/ECE-423-Labs/workspace/Assignment3_platform/zynq_fsbl/zynq_fsbl_bsp/system.mss|system_0||

TRACE::2025-03-26.16:15:24::SCWMssOS::Sw design exists and opened at  C:/Users/j54mao/ECE423/ECE-423-Labs/workspace/Assignment3_platform/ps7_cortexa9_0/standalone_domain/bsp/system.mss
TRACE::2025-03-26.16:15:24::SCWPlatform::Trying to open the hw design at C:/Users/j54mao/ECE423/ECE-423-Labs/workspace/Assignment3_platform/hw/lab_prefab_wrapper.xsa
TRACE::2025-03-26.16:15:24::SCWPlatform::DSA given C:/Users/j54mao/ECE423/ECE-423-Labs/workspace/Assignment3_platform/hw/lab_prefab_wrapper.xsa
TRACE::2025-03-26.16:15:24::SCWPlatform::DSA absoulate path C:/Users/j54mao/ECE423/ECE-423-Labs/workspace/Assignment3_platform/hw/lab_prefab_wrapper.xsa
TRACE::2025-03-26.16:15:24::SCWPlatform::DSA directory C:/Users/j54mao/ECE423/ECE-423-Labs/workspace/Assignment3_platform/hw
TRACE::2025-03-26.16:15:24::SCWPlatform:: Platform Path C:/Users/j54mao/ECE423/ECE-423-Labs/workspace/Assignment3_platform/hw/lab_prefab_wrapper.xsa
TRACE::2025-03-26.16:15:24::SCWPlatform:: Unique name xilinx:pynq-z1::0.0
TRACE::2025-03-26.16:15:24::SCWPlatform::Trying to set the existing hwdb with name lab_prefab_wrapper_2
TRACE::2025-03-26.16:15:24::SCWPlatform::Opened existing hwdb lab_prefab_wrapper_2
TRACE::2025-03-26.16:15:24::SCWPlatform::Found the Hw Db part of the input DSA
TRACE::2025-03-26.16:15:24::SCWMssOS::Checking the sw design at  C:/Users/j54mao/ECE423/ECE-423-Labs/workspace/Assignment3_platform/ps7_cortexa9_1/standalone_ps7_cortexa9_1/bsp/system.mss
TRACE::2025-03-26.16:15:24::SCWMssOS::DEBUG:  swdes dump  C:/Users/j54mao/ECE423/ECE-423-Labs/workspace/Assignment3_platform/ps7_cortexa9_0/standalone_domain/bsp/system.mss|system||
C:/Users/j54mao/ECE423/ECE-423-Labs/workspace/Assignment3_platform/ps7_cortexa9_1/standalone_ps7_cortexa9_1/bsp/system.mss|system_1||
C:/Users/j54mao/ECE423/ECE-423-Labs/workspace/Assignment3_platform/zynq_fsbl/zynq_fsbl_bsp/system.mss|system_0||

TRACE::2025-03-26.16:15:24::SCWMssOS::Sw design exists and opened at  C:/Users/j54mao/ECE423/ECE-423-Labs/workspace/Assignment3_platform/ps7_cortexa9_1/standalone_ps7_cortexa9_1/bsp/system.mss
TRACE::2025-03-26.16:15:24::SCWWriter::formatted JSON is {
	"platformName":	"Assignment3_platform",
	"sprVersion":	"2.0",
	"mode":	"gui",
	"dsaType":	"Fixed",
	"platformDesc":	"Assignment3_platform",
	"platHandOff":	"C:/Users/j54mao/ECE423/ECE-423-Labs/workspace/assignment2_hunter_test/hw/lab_prefab_wrapper.xsa",
	"platIntHandOff":	"<platformDir>/hw/lab_prefab_wrapper.xsa",
	"deviceType":	"zynq",
	"platIsPrebuiltAutogen":	"false",
	"platIsNoBootBsp":	"false",
	"hasFsblMakeHasChanges":	"false",
	"hasPmufwMakeHasChanges":	"false",
	"fsblExtraCompilerFlags":	"-MMD -MP       -mcpu=cortex-a9 -mfpu=vfpv3 -mfloat-abi=hard ",
	"platPreBuiltFlag":	false,
	"platformSamplesDir":	"",
	"platActiveSys":	"Assignment3_platform",
	"systems":	[{
			"systemName":	"Assignment3_platform",
			"systemDesc":	"Assignment3_platform",
			"sysIsBootAutoGen":	"true",
			"systemDispName":	"Assignment3_platform",
			"sysActiveDom":	"standalone_domain",
			"sysDefaultDom":	"standalone_ps7_cortexa9_1",
			"domains":	[{
					"domainName":	"zynq_fsbl",
					"domainDispName":	"zynq_fsbl",
					"domainDesc":	"FSBL Application BSP - Auto Generated.",
					"processors":	"ps7_cortexa9_0",
					"os":	"standalone",
					"sdxOs":	"standalone",
					"debugEnable":	"",
					"domRuntimes":	["cpp"],
					"swRepo":	"",
					"mssOsVer":	"7.7",
					"mssFile":	"",
					"md5Digest":	"461cb4c64d2f43abda4608f696ad182a",
					"compatibleApp":	"zynq_fsbl",
					"domType":	"bootDomain",
					"arch":	"32-bit",
					"appSettings":	{
						"appCompilerFlags":	"",
						"appLinkerFlags":	""
					},
					"addedLibs":	["xilffs:4.7", "xilrsa:1.6"],
					"libOptions":	{
						"ps7_cortexa9_0":	{
							"extra_compiler_flags":	"-mcpu=cortex-a9 -mfpu=vfpv3 -mfloat-abi=hard -nostartfiles -g -Wall -Wextra -fno-tree-loop-distribute-patterns -DSHAREABLE_DRR",
							"libOptionNames":	["extra_compiler_flags"]
						},
						"libsContainingOptions":	["ps7_cortexa9_0"]
					},
					"prebuiltLibs":	{
						"prebuiltIncPath":	[],
						"prebuiltLibPath":	[]
					},
					"isolation":	{
					}
				}, {
					"domainName":	"standalone_domain",
					"domainDispName":	"standalone on ps7_cortexa9_0",
					"domainDesc":	"standalone_domain",
					"processors":	"ps7_cortexa9_0",
					"os":	"standalone",
					"sdxOs":	"standalone",
					"qemuArgs":	"<platformDir>/resources/Assignment3_platform/standalone_domain/qemu_args.txt",
					"qemuData":	"<platformDir>/resources/Assignment3_platform/standalone_domain/qemu",
					"debugEnable":	"False",
					"domRuntimes":	["cpp"],
					"swRepo":	"",
					"mssOsVer":	"7.7",
					"mssFile":	"",
					"md5Digest":	"90759cd7d17204249617ea3f07fde571",
					"compatibleApp":	"",
					"domType":	"mssDomain",
					"appSettings":	{
						"appCompilerFlags":	"",
						"appLinkerFlags":	""
					},
					"addedLibs":	[],
					"libOptions":	{
						"ps7_cortexa9_0":	{
							"extra_compiler_flags":	"-mcpu=cortex-a9 -mfpu=vfpv3 -mfloat-abi=hard -nostartfiles -g -Wall -Wextra -fno-tree-loop-distribute-patterns -DSHAREABLE_DRR",
							"libOptionNames":	["extra_compiler_flags"]
						},
						"libsContainingOptions":	["ps7_cortexa9_0"]
					},
					"prebuiltLibs":	{
						"prebuiltIncPath":	[],
						"prebuiltLibPath":	[]
					},
					"isolation":	{
					}
				}, {
					"domainName":	"standalone_ps7_cortexa9_1",
					"domainDispName":	"standalone_ps7_cortexa9_1",
					"domainDesc":	"standalone_ps7_cortexa9_1",
					"processors":	"ps7_cortexa9_1",
					"os":	"standalone",
					"sdxOs":	"standalone",
					"qemuArgs":	"<platformDir>/resources/Assignment3_platform/standalone_ps7_cortexa9_1/qemu_args.txt",
					"qemuData":	"<platformDir>/resources/Assignment3_platform/standalone_ps7_cortexa9_1/qemu",
					"debugEnable":	"False",
					"domRuntimes":	["cpp"],
					"swRepo":	"",
					"mssOsVer":	"7.7",
					"mssFile":	"",
					"md5Digest":	"3b009e6b4e734e9acb6aec67de6c4906",
					"compatibleApp":	"",
					"domType":	"mssDomain",
					"arch":	"32-bit",
					"appSettings":	{
						"appCompilerFlags":	"",
						"appLinkerFlags":	""
					},
					"addedLibs":	[],
					"libOptions":	{
						"libsContainingOptions":	[]
					},
					"prebuiltLibs":	{
						"prebuiltIncPath":	[],
						"prebuiltLibPath":	[]
					},
					"isolation":	{
					}
				}]
		}]
}
TRACE::2025-03-26.16:15:24::SCWMssOS::Saving the mss changes C:/Users/j54mao/ECE423/ECE-423-Labs/workspace/Assignment3_platform/ps7_cortexa9_0/standalone_domain/bsp/system.mss
TRACE::2025-03-26.16:15:24::SCWMssOS::Found a swdesign opened with the mssfile.
TRACE::2025-03-26.16:15:24::SCWMssOS::Completed writemss as part of save.
TRACE::2025-03-26.16:15:24::SCWMssOS::Commit changes completed.
TRACE::2025-03-26.16:15:24::SCWPlatform::Trying to open the hw design at C:/Users/j54mao/ECE423/ECE-423-Labs/workspace/Assignment3_platform/hw/lab_prefab_wrapper.xsa
TRACE::2025-03-26.16:15:24::SCWPlatform::DSA given C:/Users/j54mao/ECE423/ECE-423-Labs/workspace/Assignment3_platform/hw/lab_prefab_wrapper.xsa
TRACE::2025-03-26.16:15:24::SCWPlatform::DSA absoulate path C:/Users/j54mao/ECE423/ECE-423-Labs/workspace/Assignment3_platform/hw/lab_prefab_wrapper.xsa
TRACE::2025-03-26.16:15:24::SCWPlatform::DSA directory C:/Users/j54mao/ECE423/ECE-423-Labs/workspace/Assignment3_platform/hw
TRACE::2025-03-26.16:15:24::SCWPlatform:: Platform Path C:/Users/j54mao/ECE423/ECE-423-Labs/workspace/Assignment3_platform/hw/lab_prefab_wrapper.xsa
TRACE::2025-03-26.16:15:24::SCWPlatform:: Unique name xilinx:pynq-z1::0.0
TRACE::2025-03-26.16:15:24::SCWPlatform::Trying to set the existing hwdb with name lab_prefab_wrapper_2
TRACE::2025-03-26.16:15:24::SCWPlatform::Opened existing hwdb lab_prefab_wrapper_2
TRACE::2025-03-26.16:15:24::SCWPlatform::Found the Hw Db part of the input DSA
TRACE::2025-03-26.16:15:24::SCWMssOS::Checking the sw design at  C:/Users/j54mao/ECE423/ECE-423-Labs/workspace/Assignment3_platform/ps7_cortexa9_0/standalone_domain/bsp/system.mss
TRACE::2025-03-26.16:15:24::SCWMssOS::DEBUG:  swdes dump  C:/Users/j54mao/ECE423/ECE-423-Labs/workspace/Assignment3_platform/ps7_cortexa9_0/standalone_domain/bsp/system.mss|system||
C:/Users/j54mao/ECE423/ECE-423-Labs/workspace/Assignment3_platform/ps7_cortexa9_1/standalone_ps7_cortexa9_1/bsp/system.mss|system_1||
C:/Users/j54mao/ECE423/ECE-423-Labs/workspace/Assignment3_platform/zynq_fsbl/zynq_fsbl_bsp/system.mss|system_0||

TRACE::2025-03-26.16:15:24::SCWMssOS::Sw design exists and opened at  C:/Users/j54mao/ECE423/ECE-423-Labs/workspace/Assignment3_platform/ps7_cortexa9_0/standalone_domain/bsp/system.mss
TRACE::2025-03-26.16:15:24::SCWMssOS::Removing the swdes entry for  C:/Users/j54mao/ECE423/ECE-423-Labs/workspace/Assignment3_platform/ps7_cortexa9_0/standalone_domain/bsp/system.mss
TRACE::2025-03-26.16:15:24::SCWMssOS::In reload Mss file.
TRACE::2025-03-26.16:15:24::SCWPlatform::Trying to open the hw design at C:/Users/j54mao/ECE423/ECE-423-Labs/workspace/Assignment3_platform/hw/lab_prefab_wrapper.xsa
TRACE::2025-03-26.16:15:24::SCWPlatform::DSA given C:/Users/j54mao/ECE423/ECE-423-Labs/workspace/Assignment3_platform/hw/lab_prefab_wrapper.xsa
TRACE::2025-03-26.16:15:24::SCWPlatform::DSA absoulate path C:/Users/j54mao/ECE423/ECE-423-Labs/workspace/Assignment3_platform/hw/lab_prefab_wrapper.xsa
TRACE::2025-03-26.16:15:24::SCWPlatform::DSA directory C:/Users/j54mao/ECE423/ECE-423-Labs/workspace/Assignment3_platform/hw
TRACE::2025-03-26.16:15:24::SCWPlatform:: Platform Path C:/Users/j54mao/ECE423/ECE-423-Labs/workspace/Assignment3_platform/hw/lab_prefab_wrapper.xsa
TRACE::2025-03-26.16:15:24::SCWPlatform:: Unique name xilinx:pynq-z1::0.0
TRACE::2025-03-26.16:15:24::SCWPlatform::Trying to set the existing hwdb with name lab_prefab_wrapper_2
TRACE::2025-03-26.16:15:24::SCWPlatform::Opened existing hwdb lab_prefab_wrapper_2
TRACE::2025-03-26.16:15:24::SCWPlatform::Found the Hw Db part of the input DSA
TRACE::2025-03-26.16:15:24::SCWMssOS::Checking the sw design at  C:/Users/j54mao/ECE423/ECE-423-Labs/workspace/Assignment3_platform/ps7_cortexa9_0/standalone_domain/bsp/system.mss
TRACE::2025-03-26.16:15:24::SCWMssOS::DEBUG:  swdes dump  C:/Users/j54mao/ECE423/ECE-423-Labs/workspace/Assignment3_platform/ps7_cortexa9_1/standalone_ps7_cortexa9_1/bsp/system.mss|system_1||
C:/Users/j54mao/ECE423/ECE-423-Labs/workspace/Assignment3_platform/zynq_fsbl/zynq_fsbl_bsp/system.mss|system_0||

TRACE::2025-03-26.16:15:24::SCWMssOS::No sw design opened at  C:/Users/j54mao/ECE423/ECE-423-Labs/workspace/Assignment3_platform/ps7_cortexa9_0/standalone_domain/bsp/system.mss
TRACE::2025-03-26.16:15:24::SCWMssOS::mss exists loading the mss file  C:/Users/j54mao/ECE423/ECE-423-Labs/workspace/Assignment3_platform/ps7_cortexa9_0/standalone_domain/bsp/system.mss
TRACE::2025-03-26.16:15:24::SCWMssOS::Opened the sw design from mss  C:/Users/j54mao/ECE423/ECE-423-Labs/workspace/Assignment3_platform/ps7_cortexa9_0/standalone_domain/bsp/system.mss
TRACE::2025-03-26.16:15:24::SCWMssOS::Adding the swdes entry C:/Users/j54mao/ECE423/ECE-423-Labs/workspace/Assignment3_platform/ps7_cortexa9_0/standalone_domain/bsp/system.mss with des name system
TRACE::2025-03-26.16:15:24::SCWMssOS::updating the scw layer about changes
TRACE::2025-03-26.16:15:24::SCWMssOS::Opened the sw design.  C:/Users/j54mao/ECE423/ECE-423-Labs/workspace/Assignment3_platform/ps7_cortexa9_0/standalone_domain/bsp/system.mss
TRACE::2025-03-26.16:15:24::SCWPlatform::Trying to open the hw design at C:/Users/j54mao/ECE423/ECE-423-Labs/workspace/Assignment3_platform/hw/lab_prefab_wrapper.xsa
TRACE::2025-03-26.16:15:24::SCWPlatform::DSA given C:/Users/j54mao/ECE423/ECE-423-Labs/workspace/Assignment3_platform/hw/lab_prefab_wrapper.xsa
TRACE::2025-03-26.16:15:24::SCWPlatform::DSA absoulate path C:/Users/j54mao/ECE423/ECE-423-Labs/workspace/Assignment3_platform/hw/lab_prefab_wrapper.xsa
TRACE::2025-03-26.16:15:24::SCWPlatform::DSA directory C:/Users/j54mao/ECE423/ECE-423-Labs/workspace/Assignment3_platform/hw
TRACE::2025-03-26.16:15:24::SCWPlatform:: Platform Path C:/Users/j54mao/ECE423/ECE-423-Labs/workspace/Assignment3_platform/hw/lab_prefab_wrapper.xsa
TRACE::2025-03-26.16:15:24::SCWPlatform:: Unique name xilinx:pynq-z1::0.0
TRACE::2025-03-26.16:15:24::SCWPlatform::Trying to set the existing hwdb with name lab_prefab_wrapper_2
TRACE::2025-03-26.16:15:24::SCWPlatform::Opened existing hwdb lab_prefab_wrapper_2
TRACE::2025-03-26.16:15:24::SCWPlatform::Found the Hw Db part of the input DSA
TRACE::2025-03-26.16:15:24::SCWMssOS::Checking the sw design at  C:/Users/j54mao/ECE423/ECE-423-Labs/workspace/Assignment3_platform/ps7_cortexa9_0/standalone_domain/bsp/system.mss
TRACE::2025-03-26.16:15:24::SCWMssOS::DEBUG:  swdes dump  C:/Users/j54mao/ECE423/ECE-423-Labs/workspace/Assignment3_platform/ps7_cortexa9_0/standalone_domain/bsp/system.mss|system||
C:/Users/j54mao/ECE423/ECE-423-Labs/workspace/Assignment3_platform/ps7_cortexa9_1/standalone_ps7_cortexa9_1/bsp/system.mss|system_1||
C:/Users/j54mao/ECE423/ECE-423-Labs/workspace/Assignment3_platform/zynq_fsbl/zynq_fsbl_bsp/system.mss|system_0||

TRACE::2025-03-26.16:15:24::SCWMssOS::Sw design exists and opened at  C:/Users/j54mao/ECE423/ECE-423-Labs/workspace/Assignment3_platform/ps7_cortexa9_0/standalone_domain/bsp/system.mss
TRACE::2025-03-26.16:15:24::SCWPlatform::Trying to open the hw design at C:/Users/j54mao/ECE423/ECE-423-Labs/workspace/Assignment3_platform/hw/lab_prefab_wrapper.xsa
TRACE::2025-03-26.16:15:24::SCWPlatform::DSA given C:/Users/j54mao/ECE423/ECE-423-Labs/workspace/Assignment3_platform/hw/lab_prefab_wrapper.xsa
TRACE::2025-03-26.16:15:24::SCWPlatform::DSA absoulate path C:/Users/j54mao/ECE423/ECE-423-Labs/workspace/Assignment3_platform/hw/lab_prefab_wrapper.xsa
TRACE::2025-03-26.16:15:24::SCWPlatform::DSA directory C:/Users/j54mao/ECE423/ECE-423-Labs/workspace/Assignment3_platform/hw
TRACE::2025-03-26.16:15:24::SCWPlatform:: Platform Path C:/Users/j54mao/ECE423/ECE-423-Labs/workspace/Assignment3_platform/hw/lab_prefab_wrapper.xsa
TRACE::2025-03-26.16:15:24::SCWPlatform:: Unique name xilinx:pynq-z1::0.0
TRACE::2025-03-26.16:15:24::SCWPlatform::Trying to set the existing hwdb with name lab_prefab_wrapper_2
TRACE::2025-03-26.16:15:24::SCWPlatform::Opened existing hwdb lab_prefab_wrapper_2
TRACE::2025-03-26.16:15:24::SCWPlatform::Found the Hw Db part of the input DSA
TRACE::2025-03-26.16:15:24::SCWMssOS::Checking the sw design at  C:/Users/j54mao/ECE423/ECE-423-Labs/workspace/Assignment3_platform/ps7_cortexa9_0/standalone_domain/bsp/system.mss
TRACE::2025-03-26.16:15:24::SCWMssOS::DEBUG:  swdes dump  C:/Users/j54mao/ECE423/ECE-423-Labs/workspace/Assignment3_platform/ps7_cortexa9_0/standalone_domain/bsp/system.mss|system||
C:/Users/j54mao/ECE423/ECE-423-Labs/workspace/Assignment3_platform/ps7_cortexa9_1/standalone_ps7_cortexa9_1/bsp/system.mss|system_1||
C:/Users/j54mao/ECE423/ECE-423-Labs/workspace/Assignment3_platform/zynq_fsbl/zynq_fsbl_bsp/system.mss|system_0||

TRACE::2025-03-26.16:15:24::SCWMssOS::Sw design exists and opened at  C:/Users/j54mao/ECE423/ECE-423-Labs/workspace/Assignment3_platform/ps7_cortexa9_0/standalone_domain/bsp/system.mss
TRACE::2025-03-26.16:15:24::SCWMssOS::Saving the mss changes C:/Users/j54mao/ECE423/ECE-423-Labs/workspace/Assignment3_platform/ps7_cortexa9_0/standalone_domain/bsp/system.mss
TRACE::2025-03-26.16:15:24::SCWMssOS::Found a swdesign opened with the mssfile.
TRACE::2025-03-26.16:15:24::SCWMssOS::Completed writemss as part of save.
TRACE::2025-03-26.16:15:24::SCWMssOS::Commit changes completed.
TRACE::2025-03-26.16:15:24::SCWPlatform::Trying to open the hw design at C:/Users/j54mao/ECE423/ECE-423-Labs/workspace/Assignment3_platform/hw/lab_prefab_wrapper.xsa
TRACE::2025-03-26.16:15:24::SCWPlatform::DSA given C:/Users/j54mao/ECE423/ECE-423-Labs/workspace/Assignment3_platform/hw/lab_prefab_wrapper.xsa
TRACE::2025-03-26.16:15:24::SCWPlatform::DSA absoulate path C:/Users/j54mao/ECE423/ECE-423-Labs/workspace/Assignment3_platform/hw/lab_prefab_wrapper.xsa
TRACE::2025-03-26.16:15:24::SCWPlatform::DSA directory C:/Users/j54mao/ECE423/ECE-423-Labs/workspace/Assignment3_platform/hw
TRACE::2025-03-26.16:15:24::SCWPlatform:: Platform Path C:/Users/j54mao/ECE423/ECE-423-Labs/workspace/Assignment3_platform/hw/lab_prefab_wrapper.xsa
TRACE::2025-03-26.16:15:24::SCWPlatform:: Unique name xilinx:pynq-z1::0.0
TRACE::2025-03-26.16:15:24::SCWPlatform::Trying to set the existing hwdb with name lab_prefab_wrapper_2
TRACE::2025-03-26.16:15:24::SCWPlatform::Opened existing hwdb lab_prefab_wrapper_2
TRACE::2025-03-26.16:15:24::SCWPlatform::Found the Hw Db part of the input DSA
TRACE::2025-03-26.16:15:24::SCWMssOS::Checking the sw design at  C:/Users/j54mao/ECE423/ECE-423-Labs/workspace/Assignment3_platform/ps7_cortexa9_0/standalone_domain/bsp/system.mss
TRACE::2025-03-26.16:15:24::SCWMssOS::DEBUG:  swdes dump  C:/Users/j54mao/ECE423/ECE-423-Labs/workspace/Assignment3_platform/ps7_cortexa9_0/standalone_domain/bsp/system.mss|system||
C:/Users/j54mao/ECE423/ECE-423-Labs/workspace/Assignment3_platform/ps7_cortexa9_1/standalone_ps7_cortexa9_1/bsp/system.mss|system_1||
C:/Users/j54mao/ECE423/ECE-423-Labs/workspace/Assignment3_platform/zynq_fsbl/zynq_fsbl_bsp/system.mss|system_0||

TRACE::2025-03-26.16:15:24::SCWMssOS::Sw design exists and opened at  C:/Users/j54mao/ECE423/ECE-423-Labs/workspace/Assignment3_platform/ps7_cortexa9_0/standalone_domain/bsp/system.mss
TRACE::2025-03-26.16:15:24::SCWMssOS::Removing the swdes entry for  C:/Users/j54mao/ECE423/ECE-423-Labs/workspace/Assignment3_platform/ps7_cortexa9_0/standalone_domain/bsp/system.mss
TRACE::2025-03-26.16:15:24::SCWPlatform::Trying to open the hw design at C:/Users/j54mao/ECE423/ECE-423-Labs/workspace/Assignment3_platform/hw/lab_prefab_wrapper.xsa
TRACE::2025-03-26.16:15:24::SCWPlatform::DSA given C:/Users/j54mao/ECE423/ECE-423-Labs/workspace/Assignment3_platform/hw/lab_prefab_wrapper.xsa
TRACE::2025-03-26.16:15:24::SCWPlatform::DSA absoulate path C:/Users/j54mao/ECE423/ECE-423-Labs/workspace/Assignment3_platform/hw/lab_prefab_wrapper.xsa
TRACE::2025-03-26.16:15:24::SCWPlatform::DSA directory C:/Users/j54mao/ECE423/ECE-423-Labs/workspace/Assignment3_platform/hw
TRACE::2025-03-26.16:15:24::SCWPlatform:: Platform Path C:/Users/j54mao/ECE423/ECE-423-Labs/workspace/Assignment3_platform/hw/lab_prefab_wrapper.xsa
TRACE::2025-03-26.16:15:24::SCWPlatform:: Unique name xilinx:pynq-z1::0.0
TRACE::2025-03-26.16:15:24::SCWPlatform::Trying to set the existing hwdb with name lab_prefab_wrapper_2
TRACE::2025-03-26.16:15:24::SCWPlatform::Opened existing hwdb lab_prefab_wrapper_2
TRACE::2025-03-26.16:15:24::SCWPlatform::Found the Hw Db part of the input DSA
TRACE::2025-03-26.16:15:24::SCWMssOS::Checking the sw design at  C:/Users/j54mao/ECE423/ECE-423-Labs/workspace/Assignment3_platform/ps7_cortexa9_0/standalone_domain/bsp/system.mss
TRACE::2025-03-26.16:15:24::SCWMssOS::DEBUG:  swdes dump  C:/Users/j54mao/ECE423/ECE-423-Labs/workspace/Assignment3_platform/ps7_cortexa9_1/standalone_ps7_cortexa9_1/bsp/system.mss|system_1||
C:/Users/j54mao/ECE423/ECE-423-Labs/workspace/Assignment3_platform/zynq_fsbl/zynq_fsbl_bsp/system.mss|system_0||

TRACE::2025-03-26.16:15:24::SCWMssOS::No sw design opened at  C:/Users/j54mao/ECE423/ECE-423-Labs/workspace/Assignment3_platform/ps7_cortexa9_0/standalone_domain/bsp/system.mss
TRACE::2025-03-26.16:15:24::SCWMssOS::mss exists loading the mss file  C:/Users/j54mao/ECE423/ECE-423-Labs/workspace/Assignment3_platform/ps7_cortexa9_0/standalone_domain/bsp/system.mss
TRACE::2025-03-26.16:15:24::SCWMssOS::Opened the sw design from mss  C:/Users/j54mao/ECE423/ECE-423-Labs/workspace/Assignment3_platform/ps7_cortexa9_0/standalone_domain/bsp/system.mss
TRACE::2025-03-26.16:15:24::SCWMssOS::Adding the swdes entry C:/Users/j54mao/ECE423/ECE-423-Labs/workspace/Assignment3_platform/ps7_cortexa9_0/standalone_domain/bsp/system.mss with des name system
TRACE::2025-03-26.16:15:24::SCWMssOS::updating the scw layer about changes
TRACE::2025-03-26.16:15:24::SCWMssOS::Opened the sw design.  C:/Users/j54mao/ECE423/ECE-423-Labs/workspace/Assignment3_platform/ps7_cortexa9_0/standalone_domain/bsp/system.mss
TRACE::2025-03-26.16:15:24::SCWMssOS::Completed writing the mss file at C:/Users/j54mao/ECE423/ECE-423-Labs/workspace/Assignment3_platform/ps7_cortexa9_0/standalone_domain/bsp
TRACE::2025-03-26.16:15:25::SCWMssOS::Forcing BSP Sources regeneration.
TRACE::2025-03-26.16:15:29::SCWPlatform::Trying to open the hw design at C:/Users/j54mao/ECE423/ECE-423-Labs/workspace/Assignment3_platform/hw/lab_prefab_wrapper.xsa
TRACE::2025-03-26.16:15:29::SCWPlatform::DSA given C:/Users/j54mao/ECE423/ECE-423-Labs/workspace/Assignment3_platform/hw/lab_prefab_wrapper.xsa
TRACE::2025-03-26.16:15:29::SCWPlatform::DSA absoulate path C:/Users/j54mao/ECE423/ECE-423-Labs/workspace/Assignment3_platform/hw/lab_prefab_wrapper.xsa
TRACE::2025-03-26.16:15:29::SCWPlatform::DSA directory C:/Users/j54mao/ECE423/ECE-423-Labs/workspace/Assignment3_platform/hw
TRACE::2025-03-26.16:15:29::SCWPlatform:: Platform Path C:/Users/j54mao/ECE423/ECE-423-Labs/workspace/Assignment3_platform/hw/lab_prefab_wrapper.xsa
TRACE::2025-03-26.16:15:29::SCWPlatform:: Unique name xilinx:pynq-z1::0.0
TRACE::2025-03-26.16:15:29::SCWPlatform::Trying to set the existing hwdb with name lab_prefab_wrapper_2
TRACE::2025-03-26.16:15:29::SCWPlatform::Opened existing hwdb lab_prefab_wrapper_2
TRACE::2025-03-26.16:15:29::SCWPlatform::Found the Hw Db part of the input DSA
TRACE::2025-03-26.16:15:29::SCWMssOS::Checking the sw design at  C:/Users/j54mao/ECE423/ECE-423-Labs/workspace/Assignment3_platform/ps7_cortexa9_1/standalone_ps7_cortexa9_1/bsp/system.mss
TRACE::2025-03-26.16:15:29::SCWMssOS::DEBUG:  swdes dump  C:/Users/j54mao/ECE423/ECE-423-Labs/workspace/Assignment3_platform/ps7_cortexa9_1/standalone_ps7_cortexa9_1/bsp/system.mss|system_1||
C:/Users/j54mao/ECE423/ECE-423-Labs/workspace/Assignment3_platform/zynq_fsbl/zynq_fsbl_bsp/system.mss|system_0||

TRACE::2025-03-26.16:15:29::SCWMssOS::Sw design exists and opened at  C:/Users/j54mao/ECE423/ECE-423-Labs/workspace/Assignment3_platform/ps7_cortexa9_1/standalone_ps7_cortexa9_1/bsp/system.mss
TRACE::2025-03-26.16:15:30::SCWMssOS::In reload Mss file.
TRACE::2025-03-26.16:15:30::SCWPlatform::Trying to open the hw design at C:/Users/j54mao/ECE423/ECE-423-Labs/workspace/Assignment3_platform/hw/lab_prefab_wrapper.xsa
TRACE::2025-03-26.16:15:30::SCWPlatform::DSA given C:/Users/j54mao/ECE423/ECE-423-Labs/workspace/Assignment3_platform/hw/lab_prefab_wrapper.xsa
TRACE::2025-03-26.16:15:30::SCWPlatform::DSA absoulate path C:/Users/j54mao/ECE423/ECE-423-Labs/workspace/Assignment3_platform/hw/lab_prefab_wrapper.xsa
TRACE::2025-03-26.16:15:30::SCWPlatform::DSA directory C:/Users/j54mao/ECE423/ECE-423-Labs/workspace/Assignment3_platform/hw
TRACE::2025-03-26.16:15:30::SCWPlatform:: Platform Path C:/Users/j54mao/ECE423/ECE-423-Labs/workspace/Assignment3_platform/hw/lab_prefab_wrapper.xsa
TRACE::2025-03-26.16:15:30::SCWPlatform:: Unique name xilinx:pynq-z1::0.0
TRACE::2025-03-26.16:15:30::SCWPlatform::Trying to set the existing hwdb with name lab_prefab_wrapper_2
TRACE::2025-03-26.16:15:30::SCWPlatform::Opened existing hwdb lab_prefab_wrapper_2
TRACE::2025-03-26.16:15:30::SCWPlatform::Found the Hw Db part of the input DSA
TRACE::2025-03-26.16:15:30::SCWMssOS::Checking the sw design at  C:/Users/j54mao/ECE423/ECE-423-Labs/workspace/Assignment3_platform/ps7_cortexa9_1/standalone_ps7_cortexa9_1/bsp/system.mss
TRACE::2025-03-26.16:15:30::SCWMssOS::DEBUG:  swdes dump  C:/Users/j54mao/ECE423/ECE-423-Labs/workspace/Assignment3_platform/zynq_fsbl/zynq_fsbl_bsp/system.mss|system_0||

TRACE::2025-03-26.16:15:30::SCWMssOS::No sw design opened at  C:/Users/j54mao/ECE423/ECE-423-Labs/workspace/Assignment3_platform/ps7_cortexa9_1/standalone_ps7_cortexa9_1/bsp/system.mss
TRACE::2025-03-26.16:15:30::SCWMssOS::mss exists loading the mss file  C:/Users/j54mao/ECE423/ECE-423-Labs/workspace/Assignment3_platform/ps7_cortexa9_1/standalone_ps7_cortexa9_1/bsp/system.mss
TRACE::2025-03-26.16:15:30::SCWMssOS::Opened the sw design from mss  C:/Users/j54mao/ECE423/ECE-423-Labs/workspace/Assignment3_platform/ps7_cortexa9_1/standalone_ps7_cortexa9_1/bsp/system.mss
TRACE::2025-03-26.16:15:30::SCWMssOS::Adding the swdes entry C:/Users/j54mao/ECE423/ECE-423-Labs/workspace/Assignment3_platform/ps7_cortexa9_1/standalone_ps7_cortexa9_1/bsp/system.mss with des name system
TRACE::2025-03-26.16:15:30::SCWMssOS::updating the scw layer about changes
TRACE::2025-03-26.16:15:30::SCWMssOS::Opened the sw design.  C:/Users/j54mao/ECE423/ECE-423-Labs/workspace/Assignment3_platform/ps7_cortexa9_1/standalone_ps7_cortexa9_1/bsp/system.mss
TRACE::2025-03-26.16:15:30::SCWMssOS::Saving the mss changes C:/Users/j54mao/ECE423/ECE-423-Labs/workspace/Assignment3_platform/ps7_cortexa9_1/standalone_ps7_cortexa9_1/bsp/system.mss
TRACE::2025-03-26.16:15:30::SCWMssOS::Found a swdesign opened with the mssfile.
TRACE::2025-03-26.16:15:30::SCWMssOS::Completed writemss as part of save.
TRACE::2025-03-26.16:15:30::SCWMssOS::Commit changes completed.
TRACE::2025-03-26.16:15:30::SCWPlatform::Trying to open the hw design at C:/Users/j54mao/ECE423/ECE-423-Labs/workspace/Assignment3_platform/hw/lab_prefab_wrapper.xsa
TRACE::2025-03-26.16:15:30::SCWPlatform::DSA given C:/Users/j54mao/ECE423/ECE-423-Labs/workspace/Assignment3_platform/hw/lab_prefab_wrapper.xsa
TRACE::2025-03-26.16:15:30::SCWPlatform::DSA absoulate path C:/Users/j54mao/ECE423/ECE-423-Labs/workspace/Assignment3_platform/hw/lab_prefab_wrapper.xsa
TRACE::2025-03-26.16:15:30::SCWPlatform::DSA directory C:/Users/j54mao/ECE423/ECE-423-Labs/workspace/Assignment3_platform/hw
TRACE::2025-03-26.16:15:30::SCWPlatform:: Platform Path C:/Users/j54mao/ECE423/ECE-423-Labs/workspace/Assignment3_platform/hw/lab_prefab_wrapper.xsa
TRACE::2025-03-26.16:15:30::SCWPlatform:: Unique name xilinx:pynq-z1::0.0
TRACE::2025-03-26.16:15:30::SCWPlatform::Trying to set the existing hwdb with name lab_prefab_wrapper_2
TRACE::2025-03-26.16:15:30::SCWPlatform::Opened existing hwdb lab_prefab_wrapper_2
TRACE::2025-03-26.16:15:30::SCWPlatform::Found the Hw Db part of the input DSA
TRACE::2025-03-26.16:15:30::SCWMssOS::Checking the sw design at  C:/Users/j54mao/ECE423/ECE-423-Labs/workspace/Assignment3_platform/ps7_cortexa9_1/standalone_ps7_cortexa9_1/bsp/system.mss
TRACE::2025-03-26.16:15:30::SCWMssOS::DEBUG:  swdes dump  C:/Users/j54mao/ECE423/ECE-423-Labs/workspace/Assignment3_platform/ps7_cortexa9_1/standalone_ps7_cortexa9_1/bsp/system.mss|system||
C:/Users/j54mao/ECE423/ECE-423-Labs/workspace/Assignment3_platform/zynq_fsbl/zynq_fsbl_bsp/system.mss|system_0||

TRACE::2025-03-26.16:15:30::SCWMssOS::Sw design exists and opened at  C:/Users/j54mao/ECE423/ECE-423-Labs/workspace/Assignment3_platform/ps7_cortexa9_1/standalone_ps7_cortexa9_1/bsp/system.mss
TRACE::2025-03-26.16:15:30::SCWMssOS::Removing the swdes entry for  C:/Users/j54mao/ECE423/ECE-423-Labs/workspace/Assignment3_platform/ps7_cortexa9_1/standalone_ps7_cortexa9_1/bsp/system.mss
TRACE::2025-03-26.16:15:30::SCWPlatform::Trying to open the hw design at C:/Users/j54mao/ECE423/ECE-423-Labs/workspace/Assignment3_platform/hw/lab_prefab_wrapper.xsa
TRACE::2025-03-26.16:15:30::SCWPlatform::DSA given C:/Users/j54mao/ECE423/ECE-423-Labs/workspace/Assignment3_platform/hw/lab_prefab_wrapper.xsa
TRACE::2025-03-26.16:15:30::SCWPlatform::DSA absoulate path C:/Users/j54mao/ECE423/ECE-423-Labs/workspace/Assignment3_platform/hw/lab_prefab_wrapper.xsa
TRACE::2025-03-26.16:15:30::SCWPlatform::DSA directory C:/Users/j54mao/ECE423/ECE-423-Labs/workspace/Assignment3_platform/hw
TRACE::2025-03-26.16:15:30::SCWPlatform:: Platform Path C:/Users/j54mao/ECE423/ECE-423-Labs/workspace/Assignment3_platform/hw/lab_prefab_wrapper.xsa
TRACE::2025-03-26.16:15:30::SCWPlatform:: Unique name xilinx:pynq-z1::0.0
TRACE::2025-03-26.16:15:30::SCWPlatform::Trying to set the existing hwdb with name lab_prefab_wrapper_2
TRACE::2025-03-26.16:15:30::SCWPlatform::Opened existing hwdb lab_prefab_wrapper_2
TRACE::2025-03-26.16:15:30::SCWPlatform::Found the Hw Db part of the input DSA
TRACE::2025-03-26.16:15:30::SCWMssOS::Checking the sw design at  C:/Users/j54mao/ECE423/ECE-423-Labs/workspace/Assignment3_platform/ps7_cortexa9_1/standalone_ps7_cortexa9_1/bsp/system.mss
TRACE::2025-03-26.16:15:30::SCWMssOS::DEBUG:  swdes dump  C:/Users/j54mao/ECE423/ECE-423-Labs/workspace/Assignment3_platform/zynq_fsbl/zynq_fsbl_bsp/system.mss|system_0||

TRACE::2025-03-26.16:15:30::SCWMssOS::No sw design opened at  C:/Users/j54mao/ECE423/ECE-423-Labs/workspace/Assignment3_platform/ps7_cortexa9_1/standalone_ps7_cortexa9_1/bsp/system.mss
TRACE::2025-03-26.16:15:30::SCWMssOS::mss exists loading the mss file  C:/Users/j54mao/ECE423/ECE-423-Labs/workspace/Assignment3_platform/ps7_cortexa9_1/standalone_ps7_cortexa9_1/bsp/system.mss
TRACE::2025-03-26.16:15:30::SCWMssOS::Opened the sw design from mss  C:/Users/j54mao/ECE423/ECE-423-Labs/workspace/Assignment3_platform/ps7_cortexa9_1/standalone_ps7_cortexa9_1/bsp/system.mss
TRACE::2025-03-26.16:15:30::SCWMssOS::Adding the swdes entry C:/Users/j54mao/ECE423/ECE-423-Labs/workspace/Assignment3_platform/ps7_cortexa9_1/standalone_ps7_cortexa9_1/bsp/system.mss with des name system
TRACE::2025-03-26.16:15:30::SCWMssOS::updating the scw layer about changes
TRACE::2025-03-26.16:15:30::SCWMssOS::Opened the sw design.  C:/Users/j54mao/ECE423/ECE-423-Labs/workspace/Assignment3_platform/ps7_cortexa9_1/standalone_ps7_cortexa9_1/bsp/system.mss
TRACE::2025-03-26.16:15:48::SCWPlatform::Trying to open the hw design at C:/Users/j54mao/ECE423/ECE-423-Labs/workspace/Assignment3_platform/hw/lab_prefab_wrapper.xsa
TRACE::2025-03-26.16:15:48::SCWPlatform::DSA given C:/Users/j54mao/ECE423/ECE-423-Labs/workspace/Assignment3_platform/hw/lab_prefab_wrapper.xsa
TRACE::2025-03-26.16:15:48::SCWPlatform::DSA absoulate path C:/Users/j54mao/ECE423/ECE-423-Labs/workspace/Assignment3_platform/hw/lab_prefab_wrapper.xsa
TRACE::2025-03-26.16:15:48::SCWPlatform::DSA directory C:/Users/j54mao/ECE423/ECE-423-Labs/workspace/Assignment3_platform/hw
TRACE::2025-03-26.16:15:48::SCWPlatform:: Platform Path C:/Users/j54mao/ECE423/ECE-423-Labs/workspace/Assignment3_platform/hw/lab_prefab_wrapper.xsa
TRACE::2025-03-26.16:15:48::SCWPlatform:: Unique name xilinx:pynq-z1::0.0
TRACE::2025-03-26.16:15:48::SCWPlatform::Trying to set the existing hwdb with name lab_prefab_wrapper_2
TRACE::2025-03-26.16:15:48::SCWPlatform::Opened existing hwdb lab_prefab_wrapper_2
TRACE::2025-03-26.16:15:48::SCWPlatform::Found the Hw Db part of the input DSA
TRACE::2025-03-26.16:15:48::SCWMssOS::Checking the sw design at  C:/Users/j54mao/ECE423/ECE-423-Labs/workspace/Assignment3_platform/ps7_cortexa9_1/standalone_ps7_cortexa9_1/bsp/system.mss
TRACE::2025-03-26.16:15:48::SCWMssOS::DEBUG:  swdes dump  C:/Users/j54mao/ECE423/ECE-423-Labs/workspace/Assignment3_platform/ps7_cortexa9_1/standalone_ps7_cortexa9_1/bsp/system.mss|system||
C:/Users/j54mao/ECE423/ECE-423-Labs/workspace/Assignment3_platform/zynq_fsbl/zynq_fsbl_bsp/system.mss|system_0||

TRACE::2025-03-26.16:15:48::SCWMssOS::Sw design exists and opened at  C:/Users/j54mao/ECE423/ECE-423-Labs/workspace/Assignment3_platform/ps7_cortexa9_1/standalone_ps7_cortexa9_1/bsp/system.mss
TRACE::2025-03-26.16:15:48::SCWPlatform::Trying to open the hw design at C:/Users/j54mao/ECE423/ECE-423-Labs/workspace/Assignment3_platform/hw/lab_prefab_wrapper.xsa
TRACE::2025-03-26.16:15:48::SCWPlatform::DSA given C:/Users/j54mao/ECE423/ECE-423-Labs/workspace/Assignment3_platform/hw/lab_prefab_wrapper.xsa
TRACE::2025-03-26.16:15:48::SCWPlatform::DSA absoulate path C:/Users/j54mao/ECE423/ECE-423-Labs/workspace/Assignment3_platform/hw/lab_prefab_wrapper.xsa
TRACE::2025-03-26.16:15:48::SCWPlatform::DSA directory C:/Users/j54mao/ECE423/ECE-423-Labs/workspace/Assignment3_platform/hw
TRACE::2025-03-26.16:15:48::SCWPlatform:: Platform Path C:/Users/j54mao/ECE423/ECE-423-Labs/workspace/Assignment3_platform/hw/lab_prefab_wrapper.xsa
TRACE::2025-03-26.16:15:48::SCWPlatform:: Unique name xilinx:pynq-z1::0.0
TRACE::2025-03-26.16:15:48::SCWPlatform::Trying to set the existing hwdb with name lab_prefab_wrapper_2
TRACE::2025-03-26.16:15:48::SCWPlatform::Opened existing hwdb lab_prefab_wrapper_2
TRACE::2025-03-26.16:15:48::SCWPlatform::Found the Hw Db part of the input DSA
TRACE::2025-03-26.16:15:48::SCWMssOS::Checking the sw design at  C:/Users/j54mao/ECE423/ECE-423-Labs/workspace/Assignment3_platform/ps7_cortexa9_1/standalone_ps7_cortexa9_1/bsp/system.mss
TRACE::2025-03-26.16:15:48::SCWMssOS::DEBUG:  swdes dump  C:/Users/j54mao/ECE423/ECE-423-Labs/workspace/Assignment3_platform/ps7_cortexa9_1/standalone_ps7_cortexa9_1/bsp/system.mss|system||
C:/Users/j54mao/ECE423/ECE-423-Labs/workspace/Assignment3_platform/zynq_fsbl/zynq_fsbl_bsp/system.mss|system_0||

TRACE::2025-03-26.16:15:48::SCWMssOS::Sw design exists and opened at  C:/Users/j54mao/ECE423/ECE-423-Labs/workspace/Assignment3_platform/ps7_cortexa9_1/standalone_ps7_cortexa9_1/bsp/system.mss
TRACE::2025-03-26.16:15:48::SCWPlatform::Trying to open the hw design at C:/Users/j54mao/ECE423/ECE-423-Labs/workspace/Assignment3_platform/hw/lab_prefab_wrapper.xsa
TRACE::2025-03-26.16:15:48::SCWPlatform::DSA given C:/Users/j54mao/ECE423/ECE-423-Labs/workspace/Assignment3_platform/hw/lab_prefab_wrapper.xsa
TRACE::2025-03-26.16:15:48::SCWPlatform::DSA absoulate path C:/Users/j54mao/ECE423/ECE-423-Labs/workspace/Assignment3_platform/hw/lab_prefab_wrapper.xsa
TRACE::2025-03-26.16:15:48::SCWPlatform::DSA directory C:/Users/j54mao/ECE423/ECE-423-Labs/workspace/Assignment3_platform/hw
TRACE::2025-03-26.16:15:48::SCWPlatform:: Platform Path C:/Users/j54mao/ECE423/ECE-423-Labs/workspace/Assignment3_platform/hw/lab_prefab_wrapper.xsa
TRACE::2025-03-26.16:15:48::SCWPlatform:: Unique name xilinx:pynq-z1::0.0
TRACE::2025-03-26.16:15:48::SCWPlatform::Trying to set the existing hwdb with name lab_prefab_wrapper_2
TRACE::2025-03-26.16:15:48::SCWPlatform::Opened existing hwdb lab_prefab_wrapper_2
TRACE::2025-03-26.16:15:48::SCWPlatform::Found the Hw Db part of the input DSA
TRACE::2025-03-26.16:15:48::SCWMssOS::Checking the sw design at  C:/Users/j54mao/ECE423/ECE-423-Labs/workspace/Assignment3_platform/ps7_cortexa9_1/standalone_ps7_cortexa9_1/bsp/system.mss
TRACE::2025-03-26.16:15:48::SCWMssOS::DEBUG:  swdes dump  C:/Users/j54mao/ECE423/ECE-423-Labs/workspace/Assignment3_platform/ps7_cortexa9_1/standalone_ps7_cortexa9_1/bsp/system.mss|system||
C:/Users/j54mao/ECE423/ECE-423-Labs/workspace/Assignment3_platform/zynq_fsbl/zynq_fsbl_bsp/system.mss|system_0||

TRACE::2025-03-26.16:15:48::SCWMssOS::Sw design exists and opened at  C:/Users/j54mao/ECE423/ECE-423-Labs/workspace/Assignment3_platform/ps7_cortexa9_1/standalone_ps7_cortexa9_1/bsp/system.mss
TRACE::2025-03-26.16:15:48::SCWPlatform::Trying to open the hw design at C:/Users/j54mao/ECE423/ECE-423-Labs/workspace/Assignment3_platform/hw/lab_prefab_wrapper.xsa
TRACE::2025-03-26.16:15:48::SCWPlatform::DSA given C:/Users/j54mao/ECE423/ECE-423-Labs/workspace/Assignment3_platform/hw/lab_prefab_wrapper.xsa
TRACE::2025-03-26.16:15:48::SCWPlatform::DSA absoulate path C:/Users/j54mao/ECE423/ECE-423-Labs/workspace/Assignment3_platform/hw/lab_prefab_wrapper.xsa
TRACE::2025-03-26.16:15:48::SCWPlatform::DSA directory C:/Users/j54mao/ECE423/ECE-423-Labs/workspace/Assignment3_platform/hw
TRACE::2025-03-26.16:15:48::SCWPlatform:: Platform Path C:/Users/j54mao/ECE423/ECE-423-Labs/workspace/Assignment3_platform/hw/lab_prefab_wrapper.xsa
TRACE::2025-03-26.16:15:48::SCWPlatform:: Unique name xilinx:pynq-z1::0.0
TRACE::2025-03-26.16:15:48::SCWPlatform::Trying to set the existing hwdb with name lab_prefab_wrapper_2
TRACE::2025-03-26.16:15:48::SCWPlatform::Opened existing hwdb lab_prefab_wrapper_2
TRACE::2025-03-26.16:15:48::SCWPlatform::Found the Hw Db part of the input DSA
TRACE::2025-03-26.16:15:48::SCWMssOS::Checking the sw design at  C:/Users/j54mao/ECE423/ECE-423-Labs/workspace/Assignment3_platform/ps7_cortexa9_1/standalone_ps7_cortexa9_1/bsp/system.mss
TRACE::2025-03-26.16:15:48::SCWMssOS::DEBUG:  swdes dump  C:/Users/j54mao/ECE423/ECE-423-Labs/workspace/Assignment3_platform/ps7_cortexa9_1/standalone_ps7_cortexa9_1/bsp/system.mss|system||
C:/Users/j54mao/ECE423/ECE-423-Labs/workspace/Assignment3_platform/zynq_fsbl/zynq_fsbl_bsp/system.mss|system_0||

TRACE::2025-03-26.16:15:48::SCWMssOS::Sw design exists and opened at  C:/Users/j54mao/ECE423/ECE-423-Labs/workspace/Assignment3_platform/ps7_cortexa9_1/standalone_ps7_cortexa9_1/bsp/system.mss
TRACE::2025-03-26.16:15:48::SCWMssOS::Saving the mss changes C:/Users/j54mao/ECE423/ECE-423-Labs/workspace/Assignment3_platform/zynq_fsbl/zynq_fsbl_bsp/system.mss
TRACE::2025-03-26.16:15:48::SCWMssOS::Found a swdesign opened with the mssfile.
TRACE::2025-03-26.16:15:48::SCWMssOS::Completed writemss as part of save.
TRACE::2025-03-26.16:15:48::SCWMssOS::Commit changes completed.
TRACE::2025-03-26.16:15:48::SCWMssOS::Saving the mss changes C:/Users/j54mao/ECE423/ECE-423-Labs/workspace/Assignment3_platform/ps7_cortexa9_0/standalone_domain/bsp/system.mss
TRACE::2025-03-26.16:15:48::SCWMssOS::Adding the swdes entry, mss present, able to open swdb C:/Users/j54mao/ECE423/ECE-423-Labs/workspace/Assignment3_platform/ps7_cortexa9_0/standalone_domain/bsp/system.mss with des name system_1
TRACE::2025-03-26.16:15:48::SCWMssOS::Writing the mss file completed C:/Users/j54mao/ECE423/ECE-423-Labs/workspace/Assignment3_platform/ps7_cortexa9_0/standalone_domain/bsp/system.mss
TRACE::2025-03-26.16:15:48::SCWMssOS::Commit changes completed.
TRACE::2025-03-26.16:15:48::SCWMssOS::Saving the mss changes C:/Users/j54mao/ECE423/ECE-423-Labs/workspace/Assignment3_platform/ps7_cortexa9_1/standalone_ps7_cortexa9_1/bsp/system.mss
TRACE::2025-03-26.16:15:48::SCWMssOS::Found a swdesign opened with the mssfile.
TRACE::2025-03-26.16:15:48::SCWMssOS::Completed writemss as part of save.
TRACE::2025-03-26.16:15:48::SCWMssOS::Commit changes completed.
TRACE::2025-03-26.16:15:48::SCWPlatform::Trying to open the hw design at C:/Users/j54mao/ECE423/ECE-423-Labs/workspace/Assignment3_platform/hw/lab_prefab_wrapper.xsa
TRACE::2025-03-26.16:15:48::SCWPlatform::DSA given C:/Users/j54mao/ECE423/ECE-423-Labs/workspace/Assignment3_platform/hw/lab_prefab_wrapper.xsa
TRACE::2025-03-26.16:15:48::SCWPlatform::DSA absoulate path C:/Users/j54mao/ECE423/ECE-423-Labs/workspace/Assignment3_platform/hw/lab_prefab_wrapper.xsa
TRACE::2025-03-26.16:15:48::SCWPlatform::DSA directory C:/Users/j54mao/ECE423/ECE-423-Labs/workspace/Assignment3_platform/hw
TRACE::2025-03-26.16:15:48::SCWPlatform:: Platform Path C:/Users/j54mao/ECE423/ECE-423-Labs/workspace/Assignment3_platform/hw/lab_prefab_wrapper.xsa
TRACE::2025-03-26.16:15:48::SCWPlatform:: Unique name xilinx:pynq-z1::0.0
TRACE::2025-03-26.16:15:48::SCWPlatform::Trying to set the existing hwdb with name lab_prefab_wrapper_2
TRACE::2025-03-26.16:15:48::SCWPlatform::Opened existing hwdb lab_prefab_wrapper_2
TRACE::2025-03-26.16:15:48::SCWPlatform::Found the Hw Db part of the input DSA
TRACE::2025-03-26.16:15:48::SCWMssOS::Checking the sw design at  C:/Users/j54mao/ECE423/ECE-423-Labs/workspace/Assignment3_platform/zynq_fsbl/zynq_fsbl_bsp/system.mss
TRACE::2025-03-26.16:15:48::SCWMssOS::DEBUG:  swdes dump  C:/Users/j54mao/ECE423/ECE-423-Labs/workspace/Assignment3_platform/ps7_cortexa9_0/standalone_domain/bsp/system.mss|system_1||
C:/Users/j54mao/ECE423/ECE-423-Labs/workspace/Assignment3_platform/ps7_cortexa9_1/standalone_ps7_cortexa9_1/bsp/system.mss|system||
C:/Users/j54mao/ECE423/ECE-423-Labs/workspace/Assignment3_platform/zynq_fsbl/zynq_fsbl_bsp/system.mss|system_0||

TRACE::2025-03-26.16:15:48::SCWMssOS::Sw design exists and opened at  C:/Users/j54mao/ECE423/ECE-423-Labs/workspace/Assignment3_platform/zynq_fsbl/zynq_fsbl_bsp/system.mss
TRACE::2025-03-26.16:15:48::SCWPlatform::Trying to open the hw design at C:/Users/j54mao/ECE423/ECE-423-Labs/workspace/Assignment3_platform/hw/lab_prefab_wrapper.xsa
TRACE::2025-03-26.16:15:48::SCWPlatform::DSA given C:/Users/j54mao/ECE423/ECE-423-Labs/workspace/Assignment3_platform/hw/lab_prefab_wrapper.xsa
TRACE::2025-03-26.16:15:48::SCWPlatform::DSA absoulate path C:/Users/j54mao/ECE423/ECE-423-Labs/workspace/Assignment3_platform/hw/lab_prefab_wrapper.xsa
TRACE::2025-03-26.16:15:48::SCWPlatform::DSA directory C:/Users/j54mao/ECE423/ECE-423-Labs/workspace/Assignment3_platform/hw
TRACE::2025-03-26.16:15:48::SCWPlatform:: Platform Path C:/Users/j54mao/ECE423/ECE-423-Labs/workspace/Assignment3_platform/hw/lab_prefab_wrapper.xsa
TRACE::2025-03-26.16:15:48::SCWPlatform:: Unique name xilinx:pynq-z1::0.0
TRACE::2025-03-26.16:15:48::SCWPlatform::Trying to set the existing hwdb with name lab_prefab_wrapper_2
TRACE::2025-03-26.16:15:48::SCWPlatform::Opened existing hwdb lab_prefab_wrapper_2
TRACE::2025-03-26.16:15:48::SCWPlatform::Found the Hw Db part of the input DSA
TRACE::2025-03-26.16:15:48::SCWMssOS::Checking the sw design at  C:/Users/j54mao/ECE423/ECE-423-Labs/workspace/Assignment3_platform/ps7_cortexa9_0/standalone_domain/bsp/system.mss
TRACE::2025-03-26.16:15:48::SCWMssOS::DEBUG:  swdes dump  C:/Users/j54mao/ECE423/ECE-423-Labs/workspace/Assignment3_platform/ps7_cortexa9_0/standalone_domain/bsp/system.mss|system_1||
C:/Users/j54mao/ECE423/ECE-423-Labs/workspace/Assignment3_platform/ps7_cortexa9_1/standalone_ps7_cortexa9_1/bsp/system.mss|system||
C:/Users/j54mao/ECE423/ECE-423-Labs/workspace/Assignment3_platform/zynq_fsbl/zynq_fsbl_bsp/system.mss|system_0||

TRACE::2025-03-26.16:15:48::SCWMssOS::Sw design exists and opened at  C:/Users/j54mao/ECE423/ECE-423-Labs/workspace/Assignment3_platform/ps7_cortexa9_0/standalone_domain/bsp/system.mss
TRACE::2025-03-26.16:15:48::SCWPlatform::Trying to open the hw design at C:/Users/j54mao/ECE423/ECE-423-Labs/workspace/Assignment3_platform/hw/lab_prefab_wrapper.xsa
TRACE::2025-03-26.16:15:48::SCWPlatform::DSA given C:/Users/j54mao/ECE423/ECE-423-Labs/workspace/Assignment3_platform/hw/lab_prefab_wrapper.xsa
TRACE::2025-03-26.16:15:48::SCWPlatform::DSA absoulate path C:/Users/j54mao/ECE423/ECE-423-Labs/workspace/Assignment3_platform/hw/lab_prefab_wrapper.xsa
TRACE::2025-03-26.16:15:48::SCWPlatform::DSA directory C:/Users/j54mao/ECE423/ECE-423-Labs/workspace/Assignment3_platform/hw
TRACE::2025-03-26.16:15:48::SCWPlatform:: Platform Path C:/Users/j54mao/ECE423/ECE-423-Labs/workspace/Assignment3_platform/hw/lab_prefab_wrapper.xsa
TRACE::2025-03-26.16:15:48::SCWPlatform:: Unique name xilinx:pynq-z1::0.0
TRACE::2025-03-26.16:15:48::SCWPlatform::Trying to set the existing hwdb with name lab_prefab_wrapper_2
TRACE::2025-03-26.16:15:48::SCWPlatform::Opened existing hwdb lab_prefab_wrapper_2
TRACE::2025-03-26.16:15:48::SCWPlatform::Found the Hw Db part of the input DSA
TRACE::2025-03-26.16:15:48::SCWMssOS::Checking the sw design at  C:/Users/j54mao/ECE423/ECE-423-Labs/workspace/Assignment3_platform/ps7_cortexa9_1/standalone_ps7_cortexa9_1/bsp/system.mss
TRACE::2025-03-26.16:15:48::SCWMssOS::DEBUG:  swdes dump  C:/Users/j54mao/ECE423/ECE-423-Labs/workspace/Assignment3_platform/ps7_cortexa9_0/standalone_domain/bsp/system.mss|system_1||
C:/Users/j54mao/ECE423/ECE-423-Labs/workspace/Assignment3_platform/ps7_cortexa9_1/standalone_ps7_cortexa9_1/bsp/system.mss|system||
C:/Users/j54mao/ECE423/ECE-423-Labs/workspace/Assignment3_platform/zynq_fsbl/zynq_fsbl_bsp/system.mss|system_0||

TRACE::2025-03-26.16:15:48::SCWMssOS::Sw design exists and opened at  C:/Users/j54mao/ECE423/ECE-423-Labs/workspace/Assignment3_platform/ps7_cortexa9_1/standalone_ps7_cortexa9_1/bsp/system.mss
TRACE::2025-03-26.16:15:48::SCWWriter::formatted JSON is {
	"platformName":	"Assignment3_platform",
	"sprVersion":	"2.0",
	"mode":	"gui",
	"dsaType":	"Fixed",
	"platformDesc":	"Assignment3_platform",
	"platHandOff":	"C:/Users/j54mao/ECE423/ECE-423-Labs/workspace/assignment2_hunter_test/hw/lab_prefab_wrapper.xsa",
	"platIntHandOff":	"<platformDir>/hw/lab_prefab_wrapper.xsa",
	"deviceType":	"zynq",
	"platIsPrebuiltAutogen":	"false",
	"platIsNoBootBsp":	"false",
	"hasFsblMakeHasChanges":	"false",
	"hasPmufwMakeHasChanges":	"false",
	"fsblExtraCompilerFlags":	"-MMD -MP       -mcpu=cortex-a9 -mfpu=vfpv3 -mfloat-abi=hard ",
	"platPreBuiltFlag":	false,
	"platformSamplesDir":	"",
	"platActiveSys":	"Assignment3_platform",
	"systems":	[{
			"systemName":	"Assignment3_platform",
			"systemDesc":	"Assignment3_platform",
			"sysIsBootAutoGen":	"true",
			"systemDispName":	"Assignment3_platform",
			"sysActiveDom":	"standalone_ps7_cortexa9_1",
			"sysDefaultDom":	"standalone_ps7_cortexa9_1",
			"domains":	[{
					"domainName":	"zynq_fsbl",
					"domainDispName":	"zynq_fsbl",
					"domainDesc":	"FSBL Application BSP - Auto Generated.",
					"processors":	"ps7_cortexa9_0",
					"os":	"standalone",
					"sdxOs":	"standalone",
					"debugEnable":	"",
					"domRuntimes":	["cpp"],
					"swRepo":	"",
					"mssOsVer":	"7.7",
					"mssFile":	"",
					"md5Digest":	"461cb4c64d2f43abda4608f696ad182a",
					"compatibleApp":	"zynq_fsbl",
					"domType":	"bootDomain",
					"arch":	"32-bit",
					"appSettings":	{
						"appCompilerFlags":	"",
						"appLinkerFlags":	""
					},
					"addedLibs":	["xilffs:4.7", "xilrsa:1.6"],
					"libOptions":	{
						"ps7_cortexa9_0":	{
							"extra_compiler_flags":	"-mcpu=cortex-a9 -mfpu=vfpv3 -mfloat-abi=hard -nostartfiles -g -Wall -Wextra -fno-tree-loop-distribute-patterns -DSHAREABLE_DRR",
							"libOptionNames":	["extra_compiler_flags"]
						},
						"libsContainingOptions":	["ps7_cortexa9_0"]
					},
					"prebuiltLibs":	{
						"prebuiltIncPath":	[],
						"prebuiltLibPath":	[]
					},
					"isolation":	{
					}
				}, {
					"domainName":	"standalone_domain",
					"domainDispName":	"standalone on ps7_cortexa9_0",
					"domainDesc":	"standalone_domain",
					"processors":	"ps7_cortexa9_0",
					"os":	"standalone",
					"sdxOs":	"standalone",
					"qemuArgs":	"<platformDir>/resources/Assignment3_platform/standalone_domain/qemu_args.txt",
					"qemuData":	"<platformDir>/resources/Assignment3_platform/standalone_domain/qemu",
					"debugEnable":	"False",
					"domRuntimes":	["cpp"],
					"swRepo":	"",
					"mssOsVer":	"7.7",
					"mssFile":	"",
					"md5Digest":	"253b276c370a8ce3d1902558a6b1676e",
					"compatibleApp":	"",
					"domType":	"mssDomain",
					"appSettings":	{
						"appCompilerFlags":	"",
						"appLinkerFlags":	""
					},
					"addedLibs":	[],
					"libOptions":	{
						"ps7_cortexa9_0":	{
							"extra_compiler_flags":	"-mcpu=cortex-a9 -mfpu=vfpv3 -mfloat-abi=hard -nostartfiles -g -Wall -Wextra -fno-tree-loop-distribute-patterns -DSHAREABLE_DRR",
							"libOptionNames":	["extra_compiler_flags"]
						},
						"libsContainingOptions":	["ps7_cortexa9_0"]
					},
					"prebuiltLibs":	{
						"prebuiltIncPath":	[],
						"prebuiltLibPath":	[]
					},
					"isolation":	{
					}
				}, {
					"domainName":	"standalone_ps7_cortexa9_1",
					"domainDispName":	"standalone_ps7_cortexa9_1",
					"domainDesc":	"standalone_ps7_cortexa9_1",
					"processors":	"ps7_cortexa9_1",
					"os":	"standalone",
					"sdxOs":	"standalone",
					"qemuArgs":	"<platformDir>/resources/Assignment3_platform/standalone_ps7_cortexa9_1/qemu_args.txt",
					"qemuData":	"<platformDir>/resources/Assignment3_platform/standalone_ps7_cortexa9_1/qemu",
					"debugEnable":	"False",
					"domRuntimes":	["cpp"],
					"swRepo":	"",
					"mssOsVer":	"7.7",
					"mssFile":	"",
					"md5Digest":	"3b009e6b4e734e9acb6aec67de6c4906",
					"compatibleApp":	"",
					"domType":	"mssDomain",
					"arch":	"32-bit",
					"appSettings":	{
						"appCompilerFlags":	"",
						"appLinkerFlags":	""
					},
					"addedLibs":	[],
					"libOptions":	{
						"ps7_cortexa9_1":	{
							"extra_compiler_flags":	"-mcpu=cortex-a9 -mfpu=vfpv3 -mfloat-abi=hard -nostartfiles -g -Wall -Wextra -fno-tree-loop-distribute-patterns -DSHAREABLE_DRR -DUSE_AMP=1",
							"libOptionNames":	["extra_compiler_flags"]
						},
						"libsContainingOptions":	["ps7_cortexa9_1"]
					},
					"prebuiltLibs":	{
						"prebuiltIncPath":	[],
						"prebuiltLibPath":	[]
					},
					"isolation":	{
					}
				}]
		}]
}
TRACE::2025-03-26.16:15:48::SCWMssOS::Saving the mss changes C:/Users/j54mao/ECE423/ECE-423-Labs/workspace/Assignment3_platform/ps7_cortexa9_1/standalone_ps7_cortexa9_1/bsp/system.mss
TRACE::2025-03-26.16:15:48::SCWMssOS::Found a swdesign opened with the mssfile.
TRACE::2025-03-26.16:15:48::SCWMssOS::Completed writemss as part of save.
TRACE::2025-03-26.16:15:48::SCWMssOS::Commit changes completed.
TRACE::2025-03-26.16:15:48::SCWPlatform::Trying to open the hw design at C:/Users/j54mao/ECE423/ECE-423-Labs/workspace/Assignment3_platform/hw/lab_prefab_wrapper.xsa
TRACE::2025-03-26.16:15:48::SCWPlatform::DSA given C:/Users/j54mao/ECE423/ECE-423-Labs/workspace/Assignment3_platform/hw/lab_prefab_wrapper.xsa
TRACE::2025-03-26.16:15:48::SCWPlatform::DSA absoulate path C:/Users/j54mao/ECE423/ECE-423-Labs/workspace/Assignment3_platform/hw/lab_prefab_wrapper.xsa
TRACE::2025-03-26.16:15:48::SCWPlatform::DSA directory C:/Users/j54mao/ECE423/ECE-423-Labs/workspace/Assignment3_platform/hw
TRACE::2025-03-26.16:15:48::SCWPlatform:: Platform Path C:/Users/j54mao/ECE423/ECE-423-Labs/workspace/Assignment3_platform/hw/lab_prefab_wrapper.xsa
TRACE::2025-03-26.16:15:48::SCWPlatform:: Unique name xilinx:pynq-z1::0.0
TRACE::2025-03-26.16:15:48::SCWPlatform::Trying to set the existing hwdb with name lab_prefab_wrapper_2
TRACE::2025-03-26.16:15:48::SCWPlatform::Opened existing hwdb lab_prefab_wrapper_2
TRACE::2025-03-26.16:15:48::SCWPlatform::Found the Hw Db part of the input DSA
TRACE::2025-03-26.16:15:48::SCWMssOS::Checking the sw design at  C:/Users/j54mao/ECE423/ECE-423-Labs/workspace/Assignment3_platform/ps7_cortexa9_1/standalone_ps7_cortexa9_1/bsp/system.mss
TRACE::2025-03-26.16:15:48::SCWMssOS::DEBUG:  swdes dump  C:/Users/j54mao/ECE423/ECE-423-Labs/workspace/Assignment3_platform/ps7_cortexa9_0/standalone_domain/bsp/system.mss|system_1||
C:/Users/j54mao/ECE423/ECE-423-Labs/workspace/Assignment3_platform/ps7_cortexa9_1/standalone_ps7_cortexa9_1/bsp/system.mss|system||
C:/Users/j54mao/ECE423/ECE-423-Labs/workspace/Assignment3_platform/zynq_fsbl/zynq_fsbl_bsp/system.mss|system_0||

TRACE::2025-03-26.16:15:48::SCWMssOS::Sw design exists and opened at  C:/Users/j54mao/ECE423/ECE-423-Labs/workspace/Assignment3_platform/ps7_cortexa9_1/standalone_ps7_cortexa9_1/bsp/system.mss
TRACE::2025-03-26.16:15:48::SCWMssOS::Removing the swdes entry for  C:/Users/j54mao/ECE423/ECE-423-Labs/workspace/Assignment3_platform/ps7_cortexa9_1/standalone_ps7_cortexa9_1/bsp/system.mss
TRACE::2025-03-26.16:15:48::SCWMssOS::In reload Mss file.
TRACE::2025-03-26.16:15:48::SCWPlatform::Trying to open the hw design at C:/Users/j54mao/ECE423/ECE-423-Labs/workspace/Assignment3_platform/hw/lab_prefab_wrapper.xsa
TRACE::2025-03-26.16:15:48::SCWPlatform::DSA given C:/Users/j54mao/ECE423/ECE-423-Labs/workspace/Assignment3_platform/hw/lab_prefab_wrapper.xsa
TRACE::2025-03-26.16:15:48::SCWPlatform::DSA absoulate path C:/Users/j54mao/ECE423/ECE-423-Labs/workspace/Assignment3_platform/hw/lab_prefab_wrapper.xsa
TRACE::2025-03-26.16:15:48::SCWPlatform::DSA directory C:/Users/j54mao/ECE423/ECE-423-Labs/workspace/Assignment3_platform/hw
TRACE::2025-03-26.16:15:48::SCWPlatform:: Platform Path C:/Users/j54mao/ECE423/ECE-423-Labs/workspace/Assignment3_platform/hw/lab_prefab_wrapper.xsa
TRACE::2025-03-26.16:15:48::SCWPlatform:: Unique name xilinx:pynq-z1::0.0
TRACE::2025-03-26.16:15:48::SCWPlatform::Trying to set the existing hwdb with name lab_prefab_wrapper_2
TRACE::2025-03-26.16:15:48::SCWPlatform::Opened existing hwdb lab_prefab_wrapper_2
TRACE::2025-03-26.16:15:48::SCWPlatform::Found the Hw Db part of the input DSA
TRACE::2025-03-26.16:15:48::SCWMssOS::Checking the sw design at  C:/Users/j54mao/ECE423/ECE-423-Labs/workspace/Assignment3_platform/ps7_cortexa9_1/standalone_ps7_cortexa9_1/bsp/system.mss
TRACE::2025-03-26.16:15:48::SCWMssOS::DEBUG:  swdes dump  C:/Users/j54mao/ECE423/ECE-423-Labs/workspace/Assignment3_platform/ps7_cortexa9_0/standalone_domain/bsp/system.mss|system_1||
C:/Users/j54mao/ECE423/ECE-423-Labs/workspace/Assignment3_platform/zynq_fsbl/zynq_fsbl_bsp/system.mss|system_0||

TRACE::2025-03-26.16:15:48::SCWMssOS::No sw design opened at  C:/Users/j54mao/ECE423/ECE-423-Labs/workspace/Assignment3_platform/ps7_cortexa9_1/standalone_ps7_cortexa9_1/bsp/system.mss
TRACE::2025-03-26.16:15:48::SCWMssOS::mss exists loading the mss file  C:/Users/j54mao/ECE423/ECE-423-Labs/workspace/Assignment3_platform/ps7_cortexa9_1/standalone_ps7_cortexa9_1/bsp/system.mss
TRACE::2025-03-26.16:15:48::SCWMssOS::Opened the sw design from mss  C:/Users/j54mao/ECE423/ECE-423-Labs/workspace/Assignment3_platform/ps7_cortexa9_1/standalone_ps7_cortexa9_1/bsp/system.mss
TRACE::2025-03-26.16:15:48::SCWMssOS::Adding the swdes entry C:/Users/j54mao/ECE423/ECE-423-Labs/workspace/Assignment3_platform/ps7_cortexa9_1/standalone_ps7_cortexa9_1/bsp/system.mss with des name system
TRACE::2025-03-26.16:15:48::SCWMssOS::updating the scw layer about changes
TRACE::2025-03-26.16:15:48::SCWMssOS::Opened the sw design.  C:/Users/j54mao/ECE423/ECE-423-Labs/workspace/Assignment3_platform/ps7_cortexa9_1/standalone_ps7_cortexa9_1/bsp/system.mss
TRACE::2025-03-26.16:15:48::SCWPlatform::Trying to open the hw design at C:/Users/j54mao/ECE423/ECE-423-Labs/workspace/Assignment3_platform/hw/lab_prefab_wrapper.xsa
TRACE::2025-03-26.16:15:48::SCWPlatform::DSA given C:/Users/j54mao/ECE423/ECE-423-Labs/workspace/Assignment3_platform/hw/lab_prefab_wrapper.xsa
TRACE::2025-03-26.16:15:48::SCWPlatform::DSA absoulate path C:/Users/j54mao/ECE423/ECE-423-Labs/workspace/Assignment3_platform/hw/lab_prefab_wrapper.xsa
TRACE::2025-03-26.16:15:48::SCWPlatform::DSA directory C:/Users/j54mao/ECE423/ECE-423-Labs/workspace/Assignment3_platform/hw
TRACE::2025-03-26.16:15:48::SCWPlatform:: Platform Path C:/Users/j54mao/ECE423/ECE-423-Labs/workspace/Assignment3_platform/hw/lab_prefab_wrapper.xsa
TRACE::2025-03-26.16:15:48::SCWPlatform:: Unique name xilinx:pynq-z1::0.0
TRACE::2025-03-26.16:15:48::SCWPlatform::Trying to set the existing hwdb with name lab_prefab_wrapper_2
TRACE::2025-03-26.16:15:48::SCWPlatform::Opened existing hwdb lab_prefab_wrapper_2
TRACE::2025-03-26.16:15:48::SCWPlatform::Found the Hw Db part of the input DSA
TRACE::2025-03-26.16:15:48::SCWMssOS::Checking the sw design at  C:/Users/j54mao/ECE423/ECE-423-Labs/workspace/Assignment3_platform/ps7_cortexa9_1/standalone_ps7_cortexa9_1/bsp/system.mss
TRACE::2025-03-26.16:15:48::SCWMssOS::DEBUG:  swdes dump  C:/Users/j54mao/ECE423/ECE-423-Labs/workspace/Assignment3_platform/ps7_cortexa9_0/standalone_domain/bsp/system.mss|system_1||
C:/Users/j54mao/ECE423/ECE-423-Labs/workspace/Assignment3_platform/ps7_cortexa9_1/standalone_ps7_cortexa9_1/bsp/system.mss|system||
C:/Users/j54mao/ECE423/ECE-423-Labs/workspace/Assignment3_platform/zynq_fsbl/zynq_fsbl_bsp/system.mss|system_0||

TRACE::2025-03-26.16:15:48::SCWMssOS::Sw design exists and opened at  C:/Users/j54mao/ECE423/ECE-423-Labs/workspace/Assignment3_platform/ps7_cortexa9_1/standalone_ps7_cortexa9_1/bsp/system.mss
TRACE::2025-03-26.16:15:48::SCWPlatform::Trying to open the hw design at C:/Users/j54mao/ECE423/ECE-423-Labs/workspace/Assignment3_platform/hw/lab_prefab_wrapper.xsa
TRACE::2025-03-26.16:15:48::SCWPlatform::DSA given C:/Users/j54mao/ECE423/ECE-423-Labs/workspace/Assignment3_platform/hw/lab_prefab_wrapper.xsa
TRACE::2025-03-26.16:15:48::SCWPlatform::DSA absoulate path C:/Users/j54mao/ECE423/ECE-423-Labs/workspace/Assignment3_platform/hw/lab_prefab_wrapper.xsa
TRACE::2025-03-26.16:15:48::SCWPlatform::DSA directory C:/Users/j54mao/ECE423/ECE-423-Labs/workspace/Assignment3_platform/hw
TRACE::2025-03-26.16:15:48::SCWPlatform:: Platform Path C:/Users/j54mao/ECE423/ECE-423-Labs/workspace/Assignment3_platform/hw/lab_prefab_wrapper.xsa
TRACE::2025-03-26.16:15:48::SCWPlatform:: Unique name xilinx:pynq-z1::0.0
TRACE::2025-03-26.16:15:48::SCWPlatform::Trying to set the existing hwdb with name lab_prefab_wrapper_2
TRACE::2025-03-26.16:15:48::SCWPlatform::Opened existing hwdb lab_prefab_wrapper_2
TRACE::2025-03-26.16:15:48::SCWPlatform::Found the Hw Db part of the input DSA
TRACE::2025-03-26.16:15:48::SCWMssOS::Checking the sw design at  C:/Users/j54mao/ECE423/ECE-423-Labs/workspace/Assignment3_platform/ps7_cortexa9_1/standalone_ps7_cortexa9_1/bsp/system.mss
TRACE::2025-03-26.16:15:48::SCWMssOS::DEBUG:  swdes dump  C:/Users/j54mao/ECE423/ECE-423-Labs/workspace/Assignment3_platform/ps7_cortexa9_0/standalone_domain/bsp/system.mss|system_1||
C:/Users/j54mao/ECE423/ECE-423-Labs/workspace/Assignment3_platform/ps7_cortexa9_1/standalone_ps7_cortexa9_1/bsp/system.mss|system||
C:/Users/j54mao/ECE423/ECE-423-Labs/workspace/Assignment3_platform/zynq_fsbl/zynq_fsbl_bsp/system.mss|system_0||

TRACE::2025-03-26.16:15:48::SCWMssOS::Sw design exists and opened at  C:/Users/j54mao/ECE423/ECE-423-Labs/workspace/Assignment3_platform/ps7_cortexa9_1/standalone_ps7_cortexa9_1/bsp/system.mss
TRACE::2025-03-26.16:15:48::SCWMssOS::Saving the mss changes C:/Users/j54mao/ECE423/ECE-423-Labs/workspace/Assignment3_platform/ps7_cortexa9_1/standalone_ps7_cortexa9_1/bsp/system.mss
TRACE::2025-03-26.16:15:48::SCWMssOS::Found a swdesign opened with the mssfile.
TRACE::2025-03-26.16:15:48::SCWMssOS::Completed writemss as part of save.
TRACE::2025-03-26.16:15:48::SCWMssOS::Commit changes completed.
TRACE::2025-03-26.16:15:48::SCWPlatform::Trying to open the hw design at C:/Users/j54mao/ECE423/ECE-423-Labs/workspace/Assignment3_platform/hw/lab_prefab_wrapper.xsa
TRACE::2025-03-26.16:15:48::SCWPlatform::DSA given C:/Users/j54mao/ECE423/ECE-423-Labs/workspace/Assignment3_platform/hw/lab_prefab_wrapper.xsa
TRACE::2025-03-26.16:15:48::SCWPlatform::DSA absoulate path C:/Users/j54mao/ECE423/ECE-423-Labs/workspace/Assignment3_platform/hw/lab_prefab_wrapper.xsa
TRACE::2025-03-26.16:15:48::SCWPlatform::DSA directory C:/Users/j54mao/ECE423/ECE-423-Labs/workspace/Assignment3_platform/hw
TRACE::2025-03-26.16:15:48::SCWPlatform:: Platform Path C:/Users/j54mao/ECE423/ECE-423-Labs/workspace/Assignment3_platform/hw/lab_prefab_wrapper.xsa
TRACE::2025-03-26.16:15:48::SCWPlatform:: Unique name xilinx:pynq-z1::0.0
TRACE::2025-03-26.16:15:48::SCWPlatform::Trying to set the existing hwdb with name lab_prefab_wrapper_2
TRACE::2025-03-26.16:15:48::SCWPlatform::Opened existing hwdb lab_prefab_wrapper_2
TRACE::2025-03-26.16:15:48::SCWPlatform::Found the Hw Db part of the input DSA
TRACE::2025-03-26.16:15:48::SCWMssOS::Checking the sw design at  C:/Users/j54mao/ECE423/ECE-423-Labs/workspace/Assignment3_platform/ps7_cortexa9_1/standalone_ps7_cortexa9_1/bsp/system.mss
TRACE::2025-03-26.16:15:48::SCWMssOS::DEBUG:  swdes dump  C:/Users/j54mao/ECE423/ECE-423-Labs/workspace/Assignment3_platform/ps7_cortexa9_0/standalone_domain/bsp/system.mss|system_1||
C:/Users/j54mao/ECE423/ECE-423-Labs/workspace/Assignment3_platform/ps7_cortexa9_1/standalone_ps7_cortexa9_1/bsp/system.mss|system||
C:/Users/j54mao/ECE423/ECE-423-Labs/workspace/Assignment3_platform/zynq_fsbl/zynq_fsbl_bsp/system.mss|system_0||

TRACE::2025-03-26.16:15:48::SCWMssOS::Sw design exists and opened at  C:/Users/j54mao/ECE423/ECE-423-Labs/workspace/Assignment3_platform/ps7_cortexa9_1/standalone_ps7_cortexa9_1/bsp/system.mss
TRACE::2025-03-26.16:15:48::SCWMssOS::Removing the swdes entry for  C:/Users/j54mao/ECE423/ECE-423-Labs/workspace/Assignment3_platform/ps7_cortexa9_1/standalone_ps7_cortexa9_1/bsp/system.mss
TRACE::2025-03-26.16:15:49::SCWPlatform::Trying to open the hw design at C:/Users/j54mao/ECE423/ECE-423-Labs/workspace/Assignment3_platform/hw/lab_prefab_wrapper.xsa
TRACE::2025-03-26.16:15:49::SCWPlatform::DSA given C:/Users/j54mao/ECE423/ECE-423-Labs/workspace/Assignment3_platform/hw/lab_prefab_wrapper.xsa
TRACE::2025-03-26.16:15:49::SCWPlatform::DSA absoulate path C:/Users/j54mao/ECE423/ECE-423-Labs/workspace/Assignment3_platform/hw/lab_prefab_wrapper.xsa
TRACE::2025-03-26.16:15:49::SCWPlatform::DSA directory C:/Users/j54mao/ECE423/ECE-423-Labs/workspace/Assignment3_platform/hw
TRACE::2025-03-26.16:15:49::SCWPlatform:: Platform Path C:/Users/j54mao/ECE423/ECE-423-Labs/workspace/Assignment3_platform/hw/lab_prefab_wrapper.xsa
TRACE::2025-03-26.16:15:49::SCWPlatform:: Unique name xilinx:pynq-z1::0.0
TRACE::2025-03-26.16:15:49::SCWPlatform::Trying to set the existing hwdb with name lab_prefab_wrapper_2
TRACE::2025-03-26.16:15:49::SCWPlatform::Opened existing hwdb lab_prefab_wrapper_2
TRACE::2025-03-26.16:15:49::SCWPlatform::Found the Hw Db part of the input DSA
TRACE::2025-03-26.16:15:49::SCWMssOS::Checking the sw design at  C:/Users/j54mao/ECE423/ECE-423-Labs/workspace/Assignment3_platform/ps7_cortexa9_1/standalone_ps7_cortexa9_1/bsp/system.mss
TRACE::2025-03-26.16:15:49::SCWMssOS::DEBUG:  swdes dump  C:/Users/j54mao/ECE423/ECE-423-Labs/workspace/Assignment3_platform/ps7_cortexa9_0/standalone_domain/bsp/system.mss|system_1||
C:/Users/j54mao/ECE423/ECE-423-Labs/workspace/Assignment3_platform/zynq_fsbl/zynq_fsbl_bsp/system.mss|system_0||

TRACE::2025-03-26.16:15:49::SCWMssOS::No sw design opened at  C:/Users/j54mao/ECE423/ECE-423-Labs/workspace/Assignment3_platform/ps7_cortexa9_1/standalone_ps7_cortexa9_1/bsp/system.mss
TRACE::2025-03-26.16:15:49::SCWMssOS::mss exists loading the mss file  C:/Users/j54mao/ECE423/ECE-423-Labs/workspace/Assignment3_platform/ps7_cortexa9_1/standalone_ps7_cortexa9_1/bsp/system.mss
TRACE::2025-03-26.16:15:49::SCWMssOS::Opened the sw design from mss  C:/Users/j54mao/ECE423/ECE-423-Labs/workspace/Assignment3_platform/ps7_cortexa9_1/standalone_ps7_cortexa9_1/bsp/system.mss
TRACE::2025-03-26.16:15:49::SCWMssOS::Adding the swdes entry C:/Users/j54mao/ECE423/ECE-423-Labs/workspace/Assignment3_platform/ps7_cortexa9_1/standalone_ps7_cortexa9_1/bsp/system.mss with des name system
TRACE::2025-03-26.16:15:49::SCWMssOS::updating the scw layer about changes
TRACE::2025-03-26.16:15:49::SCWMssOS::Opened the sw design.  C:/Users/j54mao/ECE423/ECE-423-Labs/workspace/Assignment3_platform/ps7_cortexa9_1/standalone_ps7_cortexa9_1/bsp/system.mss
TRACE::2025-03-26.16:15:49::SCWMssOS::Completed writing the mss file at C:/Users/j54mao/ECE423/ECE-423-Labs/workspace/Assignment3_platform/ps7_cortexa9_1/standalone_ps7_cortexa9_1/bsp
TRACE::2025-03-26.16:15:49::SCWMssOS::Forcing BSP Sources regeneration.
LOG::2025-03-26.16:21:08::SCWPlatform::Started generating the artifacts platform Assignment3_platform
TRACE::2025-03-26.16:21:08::SCWPlatform::Sanity checking of platform is completed
LOG::2025-03-26.16:21:08::SCWPlatform::Started generating the artifacts for system configuration Assignment3_platform
LOG::2025-03-26.16:21:08::SCWSystem::Checking the domain zynq_fsbl
LOG::2025-03-26.16:21:08::SCWSystem::Doing application build for :  zynq_fsbl
TRACE::2025-03-26.16:21:08::SCWBDomain::Not a forced makefile updation, No changes are present. 
TRACE::2025-03-26.16:21:08::SCWDomain::Building the domain as part of full build :  zynq_fsbl
TRACE::2025-03-26.16:21:08::SCWPlatform::Trying to open the hw design at C:/Users/j54mao/ECE423/ECE-423-Labs/workspace/Assignment3_platform/hw/lab_prefab_wrapper.xsa
TRACE::2025-03-26.16:21:08::SCWPlatform::DSA given C:/Users/j54mao/ECE423/ECE-423-Labs/workspace/Assignment3_platform/hw/lab_prefab_wrapper.xsa
TRACE::2025-03-26.16:21:08::SCWPlatform::DSA absoulate path C:/Users/j54mao/ECE423/ECE-423-Labs/workspace/Assignment3_platform/hw/lab_prefab_wrapper.xsa
TRACE::2025-03-26.16:21:08::SCWPlatform::DSA directory C:/Users/j54mao/ECE423/ECE-423-Labs/workspace/Assignment3_platform/hw
TRACE::2025-03-26.16:21:08::SCWPlatform:: Platform Path C:/Users/j54mao/ECE423/ECE-423-Labs/workspace/Assignment3_platform/hw/lab_prefab_wrapper.xsa
TRACE::2025-03-26.16:21:08::SCWPlatform:: Unique name xilinx:pynq-z1::0.0
TRACE::2025-03-26.16:21:08::SCWPlatform::Trying to set the existing hwdb with name lab_prefab_wrapper_2
TRACE::2025-03-26.16:21:08::SCWPlatform::Opened existing hwdb lab_prefab_wrapper_2
TRACE::2025-03-26.16:21:08::SCWPlatform::Found the Hw Db part of the input DSA
TRACE::2025-03-26.16:21:08::SCWMssOS::Checking the sw design at  C:/Users/j54mao/ECE423/ECE-423-Labs/workspace/Assignment3_platform/zynq_fsbl/zynq_fsbl_bsp/system.mss
TRACE::2025-03-26.16:21:08::SCWMssOS::DEBUG:  swdes dump  C:/Users/j54mao/ECE423/ECE-423-Labs/workspace/Assignment3_platform/ps7_cortexa9_0/standalone_domain/bsp/system.mss|system_1||
C:/Users/j54mao/ECE423/ECE-423-Labs/workspace/Assignment3_platform/zynq_fsbl/zynq_fsbl_bsp/system.mss|system_0||

TRACE::2025-03-26.16:21:08::SCWMssOS::Sw design exists and opened at  C:/Users/j54mao/ECE423/ECE-423-Labs/workspace/Assignment3_platform/zynq_fsbl/zynq_fsbl_bsp/system.mss
TRACE::2025-03-26.16:21:08::SCWBDomain::Completed writing the mss file at C:/Users/j54mao/ECE423/ECE-423-Labs/workspace/Assignment3_platform/zynq_fsbl/zynq_fsbl_bsp
TRACE::2025-03-26.16:21:08::SCWBDomain::bsp generated is upto date with the mss file. Skipping bsp generation.
TRACE::2025-03-26.16:21:08::SCWBDomain::Not a forced makefile updation, No changes are present. 
TRACE::2025-03-26.16:21:08::SCWBDomain::System Command Ran  C:&  cd  C:/Users/j54mao/ECE423/ECE-423-Labs/workspace/Assignment3_platform/zynq_fsbl& make -C  zynq_fsbl_bsp & make 
TRACE::2025-03-26.16:21:08::SCWBDomain::make: Entering directory 'C:/Users/j54mao/ECE423/ECE-423-Labs/workspace/Assignment3_platform/zynq_fsbl/zynq_fsbl_bsp'

TRACE::2025-03-26.16:21:08::SCWBDomain::make --no-print-directory seq_libs

TRACE::2025-03-26.16:21:08::SCWBDomain::"Running Make include in ps7_cortexa9_0/libsrc/axidma_v9_14/src"

TRACE::2025-03-26.16:21:08::SCWBDomain::make -C ps7_cortexa9_0/libsrc/axidma_v9_14/src -s include  "SHELL=CMD" "COMPILER=arm-none-eabi-gcc" "ASSEMBLER=arm-none-eabi-as
TRACE::2025-03-26.16:21:08::SCWBDomain::" "ARCHIVER=arm-none-eabi-ar" "COMPILER_FLAGS=  -O2 -c" "EXTRA_COMPILER_FLAGS=-mcpu=cortex-a9 -mfpu=vfpv3 -mfloat-abi=hard -nos
TRACE::2025-03-26.16:21:08::SCWBDomain::tartfiles -g -Wall -Wextra -fno-tree-loop-distribute-patterns -DSHAREABLE_DRR"

TRACE::2025-03-26.16:21:08::SCWBDomain::"Running Make include in ps7_cortexa9_0/libsrc/axivdma_v6_11/src"

TRACE::2025-03-26.16:21:08::SCWBDomain::make -C ps7_cortexa9_0/libsrc/axivdma_v6_11/src -s include  "SHELL=CMD" "COMPILER=arm-none-eabi-gcc" "ASSEMBLER=arm-none-eabi-a
TRACE::2025-03-26.16:21:08::SCWBDomain::s" "ARCHIVER=arm-none-eabi-ar" "COMPILER_FLAGS=  -O2 -c" "EXTRA_COMPILER_FLAGS=-mcpu=cortex-a9 -mfpu=vfpv3 -mfloat-abi=hard -no
TRACE::2025-03-26.16:21:08::SCWBDomain::startfiles -g -Wall -Wextra -fno-tree-loop-distribute-patterns -DSHAREABLE_DRR"

TRACE::2025-03-26.16:21:09::SCWBDomain::"Running Make include in ps7_cortexa9_0/libsrc/coresightps_dcc_v1_8/src"

TRACE::2025-03-26.16:21:09::SCWBDomain::make -C ps7_cortexa9_0/libsrc/coresightps_dcc_v1_8/src -s include  "SHELL=CMD" "COMPILER=arm-none-eabi-gcc" "ASSEMBLER=arm-none
TRACE::2025-03-26.16:21:09::SCWBDomain::-eabi-as" "ARCHIVER=arm-none-eabi-ar" "COMPILER_FLAGS=  -O2 -c" "EXTRA_COMPILER_FLAGS=-mcpu=cortex-a9 -mfpu=vfpv3 -mfloat-abi=h
TRACE::2025-03-26.16:21:09::SCWBDomain::ard -nostartfiles -g -Wall -Wextra -fno-tree-loop-distribute-patterns -DSHAREABLE_DRR"

TRACE::2025-03-26.16:21:09::SCWBDomain::"Running Make include in ps7_cortexa9_0/libsrc/cpu_cortexa9_v2_11/src"

TRACE::2025-03-26.16:21:09::SCWBDomain::make -C ps7_cortexa9_0/libsrc/cpu_cortexa9_v2_11/src -s include  "SHELL=CMD" "COMPILER=arm-none-eabi-gcc" "ASSEMBLER=arm-none-e
TRACE::2025-03-26.16:21:09::SCWBDomain::abi-as" "ARCHIVER=arm-none-eabi-ar" "COMPILER_FLAGS=  -O2 -c" "EXTRA_COMPILER_FLAGS=-mcpu=cortex-a9 -mfpu=vfpv3 -mfloat-abi=har
TRACE::2025-03-26.16:21:09::SCWBDomain::d -nostartfiles -g -Wall -Wextra -fno-tree-loop-distribute-patterns -DSHAREABLE_DRR"

TRACE::2025-03-26.16:21:09::SCWBDomain::"Running Make include in ps7_cortexa9_0/libsrc/ddrps_v1_2/src"

TRACE::2025-03-26.16:21:09::SCWBDomain::make -C ps7_cortexa9_0/libsrc/ddrps_v1_2/src -s include  "SHELL=CMD" "COMPILER=arm-none-eabi-gcc" "ASSEMBLER=arm-none-eabi-as" 
TRACE::2025-03-26.16:21:09::SCWBDomain::"ARCHIVER=arm-none-eabi-ar" "COMPILER_FLAGS=  -O2 -c" "EXTRA_COMPILER_FLAGS=-mcpu=cortex-a9 -mfpu=vfpv3 -mfloat-abi=hard -nosta
TRACE::2025-03-26.16:21:09::SCWBDomain::rtfiles -g -Wall -Wextra -fno-tree-loop-distribute-patterns -DSHAREABLE_DRR"

TRACE::2025-03-26.16:21:09::SCWBDomain::"Running Make include in ps7_cortexa9_0/libsrc/devcfg_v3_7/src"

TRACE::2025-03-26.16:21:09::SCWBDomain::make -C ps7_cortexa9_0/libsrc/devcfg_v3_7/src -s include  "SHELL=CMD" "COMPILER=arm-none-eabi-gcc" "ASSEMBLER=arm-none-eabi-as"
TRACE::2025-03-26.16:21:09::SCWBDomain:: "ARCHIVER=arm-none-eabi-ar" "COMPILER_FLAGS=  -O2 -c" "EXTRA_COMPILER_FLAGS=-mcpu=cortex-a9 -mfpu=vfpv3 -mfloat-abi=hard -nost
TRACE::2025-03-26.16:21:09::SCWBDomain::artfiles -g -Wall -Wextra -fno-tree-loop-distribute-patterns -DSHAREABLE_DRR"

TRACE::2025-03-26.16:21:09::SCWBDomain::"Running Make include in ps7_cortexa9_0/libsrc/dmaps_v2_8/src"

TRACE::2025-03-26.16:21:09::SCWBDomain::make -C ps7_cortexa9_0/libsrc/dmaps_v2_8/src -s include  "SHELL=CMD" "COMPILER=arm-none-eabi-gcc" "ASSEMBLER=arm-none-eabi-as" 
TRACE::2025-03-26.16:21:09::SCWBDomain::"ARCHIVER=arm-none-eabi-ar" "COMPILER_FLAGS=  -O2 -c" "EXTRA_COMPILER_FLAGS=-mcpu=cortex-a9 -mfpu=vfpv3 -mfloat-abi=hard -nosta
TRACE::2025-03-26.16:21:09::SCWBDomain::rtfiles -g -Wall -Wextra -fno-tree-loop-distribute-patterns -DSHAREABLE_DRR"

TRACE::2025-03-26.16:21:10::SCWBDomain::"Running Make include in ps7_cortexa9_0/libsrc/emacps_v3_16/src"

TRACE::2025-03-26.16:21:10::SCWBDomain::make -C ps7_cortexa9_0/libsrc/emacps_v3_16/src -s include  "SHELL=CMD" "COMPILER=arm-none-eabi-gcc" "ASSEMBLER=arm-none-eabi-as
TRACE::2025-03-26.16:21:10::SCWBDomain::" "ARCHIVER=arm-none-eabi-ar" "COMPILER_FLAGS=  -O2 -c" "EXTRA_COMPILER_FLAGS=-mcpu=cortex-a9 -mfpu=vfpv3 -mfloat-abi=hard -nos
TRACE::2025-03-26.16:21:10::SCWBDomain::tartfiles -g -Wall -Wextra -fno-tree-loop-distribute-patterns -DSHAREABLE_DRR"

TRACE::2025-03-26.16:21:10::SCWBDomain::"Running Make include in ps7_cortexa9_0/libsrc/gpiops_v3_9/src"

TRACE::2025-03-26.16:21:10::SCWBDomain::make -C ps7_cortexa9_0/libsrc/gpiops_v3_9/src -s include  "SHELL=CMD" "COMPILER=arm-none-eabi-gcc" "ASSEMBLER=arm-none-eabi-as"
TRACE::2025-03-26.16:21:10::SCWBDomain:: "ARCHIVER=arm-none-eabi-ar" "COMPILER_FLAGS=  -O2 -c" "EXTRA_COMPILER_FLAGS=-mcpu=cortex-a9 -mfpu=vfpv3 -mfloat-abi=hard -nost
TRACE::2025-03-26.16:21:10::SCWBDomain::artfiles -g -Wall -Wextra -fno-tree-loop-distribute-patterns -DSHAREABLE_DRR"

TRACE::2025-03-26.16:21:10::SCWBDomain::"Running Make include in ps7_cortexa9_0/libsrc/iicps_v3_15/src"

TRACE::2025-03-26.16:21:10::SCWBDomain::make -C ps7_cortexa9_0/libsrc/iicps_v3_15/src -s include  "SHELL=CMD" "COMPILER=arm-none-eabi-gcc" "ASSEMBLER=arm-none-eabi-as"
TRACE::2025-03-26.16:21:10::SCWBDomain:: "ARCHIVER=arm-none-eabi-ar" "COMPILER_FLAGS=  -O2 -c" "EXTRA_COMPILER_FLAGS=-mcpu=cortex-a9 -mfpu=vfpv3 -mfloat-abi=hard -nost
TRACE::2025-03-26.16:21:10::SCWBDomain::artfiles -g -Wall -Wextra -fno-tree-loop-distribute-patterns -DSHAREABLE_DRR"

TRACE::2025-03-26.16:21:10::SCWBDomain::"Running Make include in ps7_cortexa9_0/libsrc/qspips_v3_9/src"

TRACE::2025-03-26.16:21:10::SCWBDomain::make -C ps7_cortexa9_0/libsrc/qspips_v3_9/src -s include  "SHELL=CMD" "COMPILER=arm-none-eabi-gcc" "ASSEMBLER=arm-none-eabi-as"
TRACE::2025-03-26.16:21:10::SCWBDomain:: "ARCHIVER=arm-none-eabi-ar" "COMPILER_FLAGS=  -O2 -c" "EXTRA_COMPILER_FLAGS=-mcpu=cortex-a9 -mfpu=vfpv3 -mfloat-abi=hard -nost
TRACE::2025-03-26.16:21:10::SCWBDomain::artfiles -g -Wall -Wextra -fno-tree-loop-distribute-patterns -DSHAREABLE_DRR"

TRACE::2025-03-26.16:21:10::SCWBDomain::"Running Make include in ps7_cortexa9_0/libsrc/scugic_v4_7/src"

TRACE::2025-03-26.16:21:10::SCWBDomain::make -C ps7_cortexa9_0/libsrc/scugic_v4_7/src -s include  "SHELL=CMD" "COMPILER=arm-none-eabi-gcc" "ASSEMBLER=arm-none-eabi-as"
TRACE::2025-03-26.16:21:10::SCWBDomain:: "ARCHIVER=arm-none-eabi-ar" "COMPILER_FLAGS=  -O2 -c" "EXTRA_COMPILER_FLAGS=-mcpu=cortex-a9 -mfpu=vfpv3 -mfloat-abi=hard -nost
TRACE::2025-03-26.16:21:10::SCWBDomain::artfiles -g -Wall -Wextra -fno-tree-loop-distribute-patterns -DSHAREABLE_DRR"

TRACE::2025-03-26.16:21:11::SCWBDomain::"Running Make include in ps7_cortexa9_0/libsrc/scutimer_v2_4/src"

TRACE::2025-03-26.16:21:11::SCWBDomain::make -C ps7_cortexa9_0/libsrc/scutimer_v2_4/src -s include  "SHELL=CMD" "COMPILER=arm-none-eabi-gcc" "ASSEMBLER=arm-none-eabi-a
TRACE::2025-03-26.16:21:11::SCWBDomain::s" "ARCHIVER=arm-none-eabi-ar" "COMPILER_FLAGS=  -O2 -c" "EXTRA_COMPILER_FLAGS=-mcpu=cortex-a9 -mfpu=vfpv3 -mfloat-abi=hard -no
TRACE::2025-03-26.16:21:11::SCWBDomain::startfiles -g -Wall -Wextra -fno-tree-loop-distribute-patterns -DSHAREABLE_DRR"

TRACE::2025-03-26.16:21:11::SCWBDomain::"Running Make include in ps7_cortexa9_0/libsrc/scuwdt_v2_4/src"

TRACE::2025-03-26.16:21:11::SCWBDomain::make -C ps7_cortexa9_0/libsrc/scuwdt_v2_4/src -s include  "SHELL=CMD" "COMPILER=arm-none-eabi-gcc" "ASSEMBLER=arm-none-eabi-as"
TRACE::2025-03-26.16:21:11::SCWBDomain:: "ARCHIVER=arm-none-eabi-ar" "COMPILER_FLAGS=  -O2 -c" "EXTRA_COMPILER_FLAGS=-mcpu=cortex-a9 -mfpu=vfpv3 -mfloat-abi=hard -nost
TRACE::2025-03-26.16:21:11::SCWBDomain::artfiles -g -Wall -Wextra -fno-tree-loop-distribute-patterns -DSHAREABLE_DRR"

TRACE::2025-03-26.16:21:11::SCWBDomain::"Running Make include in ps7_cortexa9_0/libsrc/sdps_v3_14/src"

TRACE::2025-03-26.16:21:11::SCWBDomain::make -C ps7_cortexa9_0/libsrc/sdps_v3_14/src -s include  "SHELL=CMD" "COMPILER=arm-none-eabi-gcc" "ASSEMBLER=arm-none-eabi-as" 
TRACE::2025-03-26.16:21:11::SCWBDomain::"ARCHIVER=arm-none-eabi-ar" "COMPILER_FLAGS=  -O2 -c" "EXTRA_COMPILER_FLAGS=-mcpu=cortex-a9 -mfpu=vfpv3 -mfloat-abi=hard -nosta
TRACE::2025-03-26.16:21:11::SCWBDomain::rtfiles -g -Wall -Wextra -fno-tree-loop-distribute-patterns -DSHAREABLE_DRR"

TRACE::2025-03-26.16:21:11::SCWBDomain::"Running Make include in ps7_cortexa9_0/libsrc/standalone_v7_7/src"

TRACE::2025-03-26.16:21:11::SCWBDomain::make -C ps7_cortexa9_0/libsrc/standalone_v7_7/src -s include  "SHELL=CMD" "COMPILER=arm-none-eabi-gcc" "ASSEMBLER=arm-none-eabi
TRACE::2025-03-26.16:21:11::SCWBDomain::-as" "ARCHIVER=arm-none-eabi-ar" "COMPILER_FLAGS=  -O2 -c" "EXTRA_COMPILER_FLAGS=-mcpu=cortex-a9 -mfpu=vfpv3 -mfloat-abi=hard -
TRACE::2025-03-26.16:21:11::SCWBDomain::nostartfiles -g -Wall -Wextra -fno-tree-loop-distribute-patterns -DSHAREABLE_DRR"

TRACE::2025-03-26.16:21:13::SCWBDomain::"Running Make include in ps7_cortexa9_0/libsrc/uartps_v3_11/src"

TRACE::2025-03-26.16:21:13::SCWBDomain::make -C ps7_cortexa9_0/libsrc/uartps_v3_11/src -s include  "SHELL=CMD" "COMPILER=arm-none-eabi-gcc" "ASSEMBLER=arm-none-eabi-as
TRACE::2025-03-26.16:21:13::SCWBDomain::" "ARCHIVER=arm-none-eabi-ar" "COMPILER_FLAGS=  -O2 -c" "EXTRA_COMPILER_FLAGS=-mcpu=cortex-a9 -mfpu=vfpv3 -mfloat-abi=hard -nos
TRACE::2025-03-26.16:21:13::SCWBDomain::tartfiles -g -Wall -Wextra -fno-tree-loop-distribute-patterns -DSHAREABLE_DRR"

TRACE::2025-03-26.16:21:13::SCWBDomain::"Running Make include in ps7_cortexa9_0/libsrc/usbps_v2_7/src"

TRACE::2025-03-26.16:21:13::SCWBDomain::make -C ps7_cortexa9_0/libsrc/usbps_v2_7/src -s include  "SHELL=CMD" "COMPILER=arm-none-eabi-gcc" "ASSEMBLER=arm-none-eabi-as" 
TRACE::2025-03-26.16:21:13::SCWBDomain::"ARCHIVER=arm-none-eabi-ar" "COMPILER_FLAGS=  -O2 -c" "EXTRA_COMPILER_FLAGS=-mcpu=cortex-a9 -mfpu=vfpv3 -mfloat-abi=hard -nosta
TRACE::2025-03-26.16:21:13::SCWBDomain::rtfiles -g -Wall -Wextra -fno-tree-loop-distribute-patterns -DSHAREABLE_DRR"

TRACE::2025-03-26.16:21:13::SCWBDomain::"Running Make include in ps7_cortexa9_0/libsrc/xadcps_v2_6/src"

TRACE::2025-03-26.16:21:13::SCWBDomain::make -C ps7_cortexa9_0/libsrc/xadcps_v2_6/src -s include  "SHELL=CMD" "COMPILER=arm-none-eabi-gcc" "ASSEMBLER=arm-none-eabi-as"
TRACE::2025-03-26.16:21:13::SCWBDomain:: "ARCHIVER=arm-none-eabi-ar" "COMPILER_FLAGS=  -O2 -c" "EXTRA_COMPILER_FLAGS=-mcpu=cortex-a9 -mfpu=vfpv3 -mfloat-abi=hard -nost
TRACE::2025-03-26.16:21:13::SCWBDomain::artfiles -g -Wall -Wextra -fno-tree-loop-distribute-patterns -DSHAREABLE_DRR"

TRACE::2025-03-26.16:21:13::SCWBDomain::"Running Make include in ps7_cortexa9_0/libsrc/xilffs_v4_7/src"

TRACE::2025-03-26.16:21:13::SCWBDomain::make -C ps7_cortexa9_0/libsrc/xilffs_v4_7/src -s include  "SHELL=CMD" "COMPILER=arm-none-eabi-gcc" "ASSEMBLER=arm-none-eabi-as"
TRACE::2025-03-26.16:21:13::SCWBDomain:: "ARCHIVER=arm-none-eabi-ar" "COMPILER_FLAGS=  -O2 -c" "EXTRA_COMPILER_FLAGS=-mcpu=cortex-a9 -mfpu=vfpv3 -mfloat-abi=hard -nost
TRACE::2025-03-26.16:21:13::SCWBDomain::artfiles -g -Wall -Wextra -fno-tree-loop-distribute-patterns -DSHAREABLE_DRR"

TRACE::2025-03-26.16:21:13::SCWBDomain::"Running Make include in ps7_cortexa9_0/libsrc/xilrsa_v1_6/src"

TRACE::2025-03-26.16:21:13::SCWBDomain::make -C ps7_cortexa9_0/libsrc/xilrsa_v1_6/src -s include  "SHELL=CMD" "COMPILER=arm-none-eabi-gcc" "ASSEMBLER=arm-none-eabi-as"
TRACE::2025-03-26.16:21:13::SCWBDomain:: "ARCHIVER=arm-none-eabi-ar" "COMPILER_FLAGS=  -O2 -c" "EXTRA_COMPILER_FLAGS=-mcpu=cortex-a9 -mfpu=vfpv3 -mfloat-abi=hard -nost
TRACE::2025-03-26.16:21:13::SCWBDomain::artfiles -g -Wall -Wextra -fno-tree-loop-distribute-patterns -DSHAREABLE_DRR"

TRACE::2025-03-26.16:21:14::SCWBDomain::"Running Make libs in ps7_cortexa9_0/libsrc/xilrsa_v1_6/src"

TRACE::2025-03-26.16:21:14::SCWBDomain::make -C ps7_cortexa9_0/libsrc/xilrsa_v1_6/src -s libs  "SHELL=CMD" "COMPILER=arm-none-eabi-gcc" "ASSEMBLER=arm-none-eabi-as" "A
TRACE::2025-03-26.16:21:14::SCWBDomain::RCHIVER=arm-none-eabi-ar" "COMPILER_FLAGS=  -O2 -c" "EXTRA_COMPILER_FLAGS=-mcpu=cortex-a9 -mfpu=vfpv3 -mfloat-abi=hard -nostart
TRACE::2025-03-26.16:21:14::SCWBDomain::files -g -Wall -Wextra -fno-tree-loop-distribute-patterns -DSHAREABLE_DRR"

TRACE::2025-03-26.16:21:14::SCWBDomain::'Finished building libraries sequentially.'

TRACE::2025-03-26.16:21:14::SCWBDomain::make -j 2 --no-print-directory par_libs

TRACE::2025-03-26.16:21:14::SCWBDomain::"Running Make include in ps7_cortexa9_0/libsrc/axidma_v9_14/src"

TRACE::2025-03-26.16:21:14::SCWBDomain::"Running Make include in ps7_cortexa9_0/libsrc/axivdma_v6_11/src"

TRACE::2025-03-26.16:21:14::SCWBDomain::make -C ps7_cortexa9_0/libsrc/axidma_v9_14/src -s include  "SHELL=CMD" "COMPILER=arm-none-eabi-gcc" "ASSEMBLER=arm-none-eabi-as
TRACE::2025-03-26.16:21:14::SCWBDomain::" "ARCHIVER=arm-none-eabi-ar" "COMPILER_FLAGS=  -O2 -c" "EXTRA_COMPILER_FLAGS=-mcpu=cortex-a9 -mfpu=vfpv3 -mfloat-abi=hard -nos
TRACE::2025-03-26.16:21:14::SCWBDomain::tartfiles -g -Wall -Wextra -fno-tree-loop-distribute-patterns -DSHAREABLE_DRR"

TRACE::2025-03-26.16:21:14::SCWBDomain::make -C ps7_cortexa9_0/libsrc/axivdma_v6_11/src -s include  "SHELL=CMD" "COMPILER=arm-none-eabi-gcc" "ASSEMBLER=arm-none-eabi-a
TRACE::2025-03-26.16:21:14::SCWBDomain::s" "ARCHIVER=arm-none-eabi-ar" "COMPILER_FLAGS=  -O2 -c" "EXTRA_COMPILER_FLAGS=-mcpu=cortex-a9 -mfpu=vfpv3 -mfloat-abi=hard -no
TRACE::2025-03-26.16:21:14::SCWBDomain::startfiles -g -Wall -Wextra -fno-tree-loop-distribute-patterns -DSHAREABLE_DRR"

TRACE::2025-03-26.16:21:14::SCWBDomain::"Running Make include in ps7_cortexa9_0/libsrc/coresightps_dcc_v1_8/src"

TRACE::2025-03-26.16:21:14::SCWBDomain::"Running Make include in ps7_cortexa9_0/libsrc/cpu_cortexa9_v2_11/src"

TRACE::2025-03-26.16:21:14::SCWBDomain::make -C ps7_cortexa9_0/libsrc/coresightps_dcc_v1_8/src -s include  "SHELL=CMD" "COMPILER=arm-none-eabi-gcc" "ASSEMBLER=arm-none
TRACE::2025-03-26.16:21:14::SCWBDomain::-eabi-as" "ARCHIVER=arm-none-eabi-ar" "COMPILER_FLAGS=  -O2 -c" "EXTRA_COMPILER_FLAGS=-mcpu=cortex-a9 -mfpu=vfpv3 -mfloat-abi=h
TRACE::2025-03-26.16:21:14::SCWBDomain::ard -nostartfiles -g -Wall -Wextra -fno-tree-loop-distribute-patterns -DSHAREABLE_DRR"

TRACE::2025-03-26.16:21:14::SCWBDomain::make -C ps7_cortexa9_0/libsrc/cpu_cortexa9_v2_11/src -s include  "SHELL=CMD" "COMPILER=arm-none-eabi-gcc" "ASSEMBLER=arm-none-e
TRACE::2025-03-26.16:21:14::SCWBDomain::abi-as" "ARCHIVER=arm-none-eabi-ar" "COMPILER_FLAGS=  -O2 -c" "EXTRA_COMPILER_FLAGS=-mcpu=cortex-a9 -mfpu=vfpv3 -mfloat-abi=har
TRACE::2025-03-26.16:21:14::SCWBDomain::d -nostartfiles -g -Wall -Wextra -fno-tree-loop-distribute-patterns -DSHAREABLE_DRR"

TRACE::2025-03-26.16:21:14::SCWBDomain::"Running Make include in ps7_cortexa9_0/libsrc/ddrps_v1_2/src"

TRACE::2025-03-26.16:21:14::SCWBDomain::make -C ps7_cortexa9_0/libsrc/ddrps_v1_2/src -s include  "SHELL=CMD" "COMPILER=arm-none-eabi-gcc" "ASSEMBLER=arm-none-eabi-as" 
TRACE::2025-03-26.16:21:14::SCWBDomain::"ARCHIVER=arm-none-eabi-ar" "COMPILER_FLAGS=  -O2 -c" "EXTRA_COMPILER_FLAGS=-mcpu=cortex-a9 -mfpu=vfpv3 -mfloat-abi=hard -nosta
TRACE::2025-03-26.16:21:14::SCWBDomain::rtfiles -g -Wall -Wextra -fno-tree-loop-distribute-patterns -DSHAREABLE_DRR"

TRACE::2025-03-26.16:21:14::SCWBDomain::"Running Make include in ps7_cortexa9_0/libsrc/devcfg_v3_7/src"

TRACE::2025-03-26.16:21:14::SCWBDomain::make -C ps7_cortexa9_0/libsrc/devcfg_v3_7/src -s include  "SHELL=CMD" "COMPILER=arm-none-eabi-gcc" "ASSEMBLER=arm-none-eabi-as"
TRACE::2025-03-26.16:21:14::SCWBDomain:: "ARCHIVER=arm-none-eabi-ar" "COMPILER_FLAGS=  -O2 -c" "EXTRA_COMPILER_FLAGS=-mcpu=cortex-a9 -mfpu=vfpv3 -mfloat-abi=hard -nost
TRACE::2025-03-26.16:21:14::SCWBDomain::artfiles -g -Wall -Wextra -fno-tree-loop-distribute-patterns -DSHAREABLE_DRR"

TRACE::2025-03-26.16:21:14::SCWBDomain::"Running Make include in ps7_cortexa9_0/libsrc/dmaps_v2_8/src"

TRACE::2025-03-26.16:21:14::SCWBDomain::make -C ps7_cortexa9_0/libsrc/dmaps_v2_8/src -s include  "SHELL=CMD" "COMPILER=arm-none-eabi-gcc" "ASSEMBLER=arm-none-eabi-as" 
TRACE::2025-03-26.16:21:14::SCWBDomain::"ARCHIVER=arm-none-eabi-ar" "COMPILER_FLAGS=  -O2 -c" "EXTRA_COMPILER_FLAGS=-mcpu=cortex-a9 -mfpu=vfpv3 -mfloat-abi=hard -nosta
TRACE::2025-03-26.16:21:14::SCWBDomain::rtfiles -g -Wall -Wextra -fno-tree-loop-distribute-patterns -DSHAREABLE_DRR"

TRACE::2025-03-26.16:21:14::SCWBDomain::"Running Make include in ps7_cortexa9_0/libsrc/emacps_v3_16/src"

TRACE::2025-03-26.16:21:14::SCWBDomain::make -C ps7_cortexa9_0/libsrc/emacps_v3_16/src -s include  "SHELL=CMD" "COMPILER=arm-none-eabi-gcc" "ASSEMBLER=arm-none-eabi-as
TRACE::2025-03-26.16:21:14::SCWBDomain::" "ARCHIVER=arm-none-eabi-ar" "COMPILER_FLAGS=  -O2 -c" "EXTRA_COMPILER_FLAGS=-mcpu=cortex-a9 -mfpu=vfpv3 -mfloat-abi=hard -nos
TRACE::2025-03-26.16:21:14::SCWBDomain::tartfiles -g -Wall -Wextra -fno-tree-loop-distribute-patterns -DSHAREABLE_DRR"

TRACE::2025-03-26.16:21:14::SCWBDomain::"Running Make include in ps7_cortexa9_0/libsrc/gpiops_v3_9/src"

TRACE::2025-03-26.16:21:14::SCWBDomain::make -C ps7_cortexa9_0/libsrc/gpiops_v3_9/src -s include  "SHELL=CMD" "COMPILER=arm-none-eabi-gcc" "ASSEMBLER=arm-none-eabi-as"
TRACE::2025-03-26.16:21:14::SCWBDomain:: "ARCHIVER=arm-none-eabi-ar" "COMPILER_FLAGS=  -O2 -c" "EXTRA_COMPILER_FLAGS=-mcpu=cortex-a9 -mfpu=vfpv3 -mfloat-abi=hard -nost
TRACE::2025-03-26.16:21:14::SCWBDomain::artfiles -g -Wall -Wextra -fno-tree-loop-distribute-patterns -DSHAREABLE_DRR"

TRACE::2025-03-26.16:21:14::SCWBDomain::"Running Make include in ps7_cortexa9_0/libsrc/iicps_v3_15/src"

TRACE::2025-03-26.16:21:14::SCWBDomain::make -C ps7_cortexa9_0/libsrc/iicps_v3_15/src -s include  "SHELL=CMD" "COMPILER=arm-none-eabi-gcc" "ASSEMBLER=arm-none-eabi-as"
TRACE::2025-03-26.16:21:14::SCWBDomain:: "ARCHIVER=arm-none-eabi-ar" "COMPILER_FLAGS=  -O2 -c" "EXTRA_COMPILER_FLAGS=-mcpu=cortex-a9 -mfpu=vfpv3 -mfloat-abi=hard -nost
TRACE::2025-03-26.16:21:14::SCWBDomain::artfiles -g -Wall -Wextra -fno-tree-loop-distribute-patterns -DSHAREABLE_DRR"

TRACE::2025-03-26.16:21:14::SCWBDomain::"Running Make include in ps7_cortexa9_0/libsrc/qspips_v3_9/src"

TRACE::2025-03-26.16:21:14::SCWBDomain::make -C ps7_cortexa9_0/libsrc/qspips_v3_9/src -s include  "SHELL=CMD" "COMPILER=arm-none-eabi-gcc" "ASSEMBLER=arm-none-eabi-as"
TRACE::2025-03-26.16:21:14::SCWBDomain:: "ARCHIVER=arm-none-eabi-ar" "COMPILER_FLAGS=  -O2 -c" "EXTRA_COMPILER_FLAGS=-mcpu=cortex-a9 -mfpu=vfpv3 -mfloat-abi=hard -nost
TRACE::2025-03-26.16:21:14::SCWBDomain::artfiles -g -Wall -Wextra -fno-tree-loop-distribute-patterns -DSHAREABLE_DRR"

TRACE::2025-03-26.16:21:14::SCWBDomain::"Running Make include in ps7_cortexa9_0/libsrc/scugic_v4_7/src"

TRACE::2025-03-26.16:21:14::SCWBDomain::make -C ps7_cortexa9_0/libsrc/scugic_v4_7/src -s include  "SHELL=CMD" "COMPILER=arm-none-eabi-gcc" "ASSEMBLER=arm-none-eabi-as"
TRACE::2025-03-26.16:21:14::SCWBDomain:: "ARCHIVER=arm-none-eabi-ar" "COMPILER_FLAGS=  -O2 -c" "EXTRA_COMPILER_FLAGS=-mcpu=cortex-a9 -mfpu=vfpv3 -mfloat-abi=hard -nost
TRACE::2025-03-26.16:21:14::SCWBDomain::artfiles -g -Wall -Wextra -fno-tree-loop-distribute-patterns -DSHAREABLE_DRR"

TRACE::2025-03-26.16:21:14::SCWBDomain::"Running Make include in ps7_cortexa9_0/libsrc/scutimer_v2_4/src"

TRACE::2025-03-26.16:21:14::SCWBDomain::make -C ps7_cortexa9_0/libsrc/scutimer_v2_4/src -s include  "SHELL=CMD" "COMPILER=arm-none-eabi-gcc" "ASSEMBLER=arm-none-eabi-a
TRACE::2025-03-26.16:21:14::SCWBDomain::s" "ARCHIVER=arm-none-eabi-ar" "COMPILER_FLAGS=  -O2 -c" "EXTRA_COMPILER_FLAGS=-mcpu=cortex-a9 -mfpu=vfpv3 -mfloat-abi=hard -no
TRACE::2025-03-26.16:21:14::SCWBDomain::startfiles -g -Wall -Wextra -fno-tree-loop-distribute-patterns -DSHAREABLE_DRR"

TRACE::2025-03-26.16:21:14::SCWBDomain::"Running Make include in ps7_cortexa9_0/libsrc/scuwdt_v2_4/src"

TRACE::2025-03-26.16:21:14::SCWBDomain::make -C ps7_cortexa9_0/libsrc/scuwdt_v2_4/src -s include  "SHELL=CMD" "COMPILER=arm-none-eabi-gcc" "ASSEMBLER=arm-none-eabi-as"
TRACE::2025-03-26.16:21:14::SCWBDomain:: "ARCHIVER=arm-none-eabi-ar" "COMPILER_FLAGS=  -O2 -c" "EXTRA_COMPILER_FLAGS=-mcpu=cortex-a9 -mfpu=vfpv3 -mfloat-abi=hard -nost
TRACE::2025-03-26.16:21:14::SCWBDomain::artfiles -g -Wall -Wextra -fno-tree-loop-distribute-patterns -DSHAREABLE_DRR"

TRACE::2025-03-26.16:21:14::SCWBDomain::"Running Make include in ps7_cortexa9_0/libsrc/sdps_v3_14/src"

TRACE::2025-03-26.16:21:14::SCWBDomain::make -C ps7_cortexa9_0/libsrc/sdps_v3_14/src -s include  "SHELL=CMD" "COMPILER=arm-none-eabi-gcc" "ASSEMBLER=arm-none-eabi-as" 
TRACE::2025-03-26.16:21:14::SCWBDomain::"ARCHIVER=arm-none-eabi-ar" "COMPILER_FLAGS=  -O2 -c" "EXTRA_COMPILER_FLAGS=-mcpu=cortex-a9 -mfpu=vfpv3 -mfloat-abi=hard -nosta
TRACE::2025-03-26.16:21:14::SCWBDomain::rtfiles -g -Wall -Wextra -fno-tree-loop-distribute-patterns -DSHAREABLE_DRR"

TRACE::2025-03-26.16:21:15::SCWBDomain::"Running Make include in ps7_cortexa9_0/libsrc/standalone_v7_7/src"

TRACE::2025-03-26.16:21:15::SCWBDomain::make -C ps7_cortexa9_0/libsrc/standalone_v7_7/src -s include  "SHELL=CMD" "COMPILER=arm-none-eabi-gcc" "ASSEMBLER=arm-none-eabi
TRACE::2025-03-26.16:21:15::SCWBDomain::-as" "ARCHIVER=arm-none-eabi-ar" "COMPILER_FLAGS=  -O2 -c" "EXTRA_COMPILER_FLAGS=-mcpu=cortex-a9 -mfpu=vfpv3 -mfloat-abi=hard -
TRACE::2025-03-26.16:21:15::SCWBDomain::nostartfiles -g -Wall -Wextra -fno-tree-loop-distribute-patterns -DSHAREABLE_DRR"

TRACE::2025-03-26.16:21:15::SCWBDomain::"Running Make include in ps7_cortexa9_0/libsrc/uartps_v3_11/src"

TRACE::2025-03-26.16:21:15::SCWBDomain::make -C ps7_cortexa9_0/libsrc/uartps_v3_11/src -s include  "SHELL=CMD" "COMPILER=arm-none-eabi-gcc" "ASSEMBLER=arm-none-eabi-as
TRACE::2025-03-26.16:21:15::SCWBDomain::" "ARCHIVER=arm-none-eabi-ar" "COMPILER_FLAGS=  -O2 -c" "EXTRA_COMPILER_FLAGS=-mcpu=cortex-a9 -mfpu=vfpv3 -mfloat-abi=hard -nos
TRACE::2025-03-26.16:21:15::SCWBDomain::tartfiles -g -Wall -Wextra -fno-tree-loop-distribute-patterns -DSHAREABLE_DRR"

TRACE::2025-03-26.16:21:15::SCWBDomain::"Running Make include in ps7_cortexa9_0/libsrc/usbps_v2_7/src"

TRACE::2025-03-26.16:21:15::SCWBDomain::make -C ps7_cortexa9_0/libsrc/usbps_v2_7/src -s include  "SHELL=CMD" "COMPILER=arm-none-eabi-gcc" "ASSEMBLER=arm-none-eabi-as" 
TRACE::2025-03-26.16:21:15::SCWBDomain::"ARCHIVER=arm-none-eabi-ar" "COMPILER_FLAGS=  -O2 -c" "EXTRA_COMPILER_FLAGS=-mcpu=cortex-a9 -mfpu=vfpv3 -mfloat-abi=hard -nosta
TRACE::2025-03-26.16:21:15::SCWBDomain::rtfiles -g -Wall -Wextra -fno-tree-loop-distribute-patterns -DSHAREABLE_DRR"

TRACE::2025-03-26.16:21:15::SCWBDomain::"Running Make include in ps7_cortexa9_0/libsrc/xadcps_v2_6/src"

TRACE::2025-03-26.16:21:15::SCWBDomain::"Running Make include in ps7_cortexa9_0/libsrc/xilffs_v4_7/src"

TRACE::2025-03-26.16:21:15::SCWBDomain::make -C ps7_cortexa9_0/libsrc/xadcps_v2_6/src -s include  "SHELL=CMD" "COMPILER=arm-none-eabi-gcc" "ASSEMBLER=arm-none-eabi-as"
TRACE::2025-03-26.16:21:15::SCWBDomain:: "ARCHIVER=arm-none-eabi-ar" "COMPILER_FLAGS=  -O2 -c" "EXTRA_COMPILER_FLAGS=-mcpu=cortex-a9 -mfpu=vfpv3 -mfloat-abi=hard -nost
TRACE::2025-03-26.16:21:15::SCWBDomain::artfiles -g -Wall -Wextra -fno-tree-loop-distribute-patterns -DSHAREABLE_DRR"

TRACE::2025-03-26.16:21:15::SCWBDomain::make -C ps7_cortexa9_0/libsrc/xilffs_v4_7/src -s include  "SHELL=CMD" "COMPILER=arm-none-eabi-gcc" "ASSEMBLER=arm-none-eabi-as"
TRACE::2025-03-26.16:21:15::SCWBDomain:: "ARCHIVER=arm-none-eabi-ar" "COMPILER_FLAGS=  -O2 -c" "EXTRA_COMPILER_FLAGS=-mcpu=cortex-a9 -mfpu=vfpv3 -mfloat-abi=hard -nost
TRACE::2025-03-26.16:21:15::SCWBDomain::artfiles -g -Wall -Wextra -fno-tree-loop-distribute-patterns -DSHAREABLE_DRR"

TRACE::2025-03-26.16:21:15::SCWBDomain::"Running Make include in ps7_cortexa9_0/libsrc/xilrsa_v1_6/src"

TRACE::2025-03-26.16:21:15::SCWBDomain::make -C ps7_cortexa9_0/libsrc/xilrsa_v1_6/src -s include  "SHELL=CMD" "COMPILER=arm-none-eabi-gcc" "ASSEMBLER=arm-none-eabi-as"
TRACE::2025-03-26.16:21:15::SCWBDomain:: "ARCHIVER=arm-none-eabi-ar" "COMPILER_FLAGS=  -O2 -c" "EXTRA_COMPILER_FLAGS=-mcpu=cortex-a9 -mfpu=vfpv3 -mfloat-abi=hard -nost
TRACE::2025-03-26.16:21:15::SCWBDomain::artfiles -g -Wall -Wextra -fno-tree-loop-distribute-patterns -DSHAREABLE_DRR"

TRACE::2025-03-26.16:21:15::SCWBDomain::"Running Make libs in ps7_cortexa9_0/libsrc/axidma_v9_14/src"

TRACE::2025-03-26.16:21:15::SCWBDomain::make -C ps7_cortexa9_0/libsrc/axidma_v9_14/src -s libs  "SHELL=CMD" "COMPILER=arm-none-eabi-gcc" "ASSEMBLER=arm-none-eabi-as" "
TRACE::2025-03-26.16:21:15::SCWBDomain::ARCHIVER=arm-none-eabi-ar" "COMPILER_FLAGS=  -O2 -c" "EXTRA_COMPILER_FLAGS=-mcpu=cortex-a9 -mfpu=vfpv3 -mfloat-abi=hard -nostar
TRACE::2025-03-26.16:21:15::SCWBDomain::tfiles -g -Wall -Wextra -fno-tree-loop-distribute-patterns -DSHAREABLE_DRR"

TRACE::2025-03-26.16:21:15::SCWBDomain::"Running Make libs in ps7_cortexa9_0/libsrc/axivdma_v6_11/src"

TRACE::2025-03-26.16:21:15::SCWBDomain::make -C ps7_cortexa9_0/libsrc/axivdma_v6_11/src -s libs  "SHELL=CMD" "COMPILER=arm-none-eabi-gcc" "ASSEMBLER=arm-none-eabi-as" 
TRACE::2025-03-26.16:21:15::SCWBDomain::"ARCHIVER=arm-none-eabi-ar" "COMPILER_FLAGS=  -O2 -c" "EXTRA_COMPILER_FLAGS=-mcpu=cortex-a9 -mfpu=vfpv3 -mfloat-abi=hard -nosta
TRACE::2025-03-26.16:21:15::SCWBDomain::rtfiles -g -Wall -Wextra -fno-tree-loop-distribute-patterns -DSHAREABLE_DRR"

TRACE::2025-03-26.16:21:17::SCWBDomain::"Running Make libs in ps7_cortexa9_0/libsrc/coresightps_dcc_v1_8/src"

TRACE::2025-03-26.16:21:17::SCWBDomain::make -C ps7_cortexa9_0/libsrc/coresightps_dcc_v1_8/src -s libs  "SHELL=CMD" "COMPILER=arm-none-eabi-gcc" "ASSEMBLER=arm-none-ea
TRACE::2025-03-26.16:21:17::SCWBDomain::bi-as" "ARCHIVER=arm-none-eabi-ar" "COMPILER_FLAGS=  -O2 -c" "EXTRA_COMPILER_FLAGS=-mcpu=cortex-a9 -mfpu=vfpv3 -mfloat-abi=hard
TRACE::2025-03-26.16:21:17::SCWBDomain:: -nostartfiles -g -Wall -Wextra -fno-tree-loop-distribute-patterns -DSHAREABLE_DRR"

TRACE::2025-03-26.16:21:17::SCWBDomain::"Running Make libs in ps7_cortexa9_0/libsrc/cpu_cortexa9_v2_11/src"

TRACE::2025-03-26.16:21:17::SCWBDomain::make -C ps7_cortexa9_0/libsrc/cpu_cortexa9_v2_11/src -s libs  "SHELL=CMD" "COMPILER=arm-none-eabi-gcc" "ASSEMBLER=arm-none-eabi
TRACE::2025-03-26.16:21:17::SCWBDomain::-as" "ARCHIVER=arm-none-eabi-ar" "COMPILER_FLAGS=  -O2 -c" "EXTRA_COMPILER_FLAGS=-mcpu=cortex-a9 -mfpu=vfpv3 -mfloat-abi=hard -
TRACE::2025-03-26.16:21:17::SCWBDomain::nostartfiles -g -Wall -Wextra -fno-tree-loop-distribute-patterns -DSHAREABLE_DRR"

TRACE::2025-03-26.16:21:17::SCWBDomain::"Running Make libs in ps7_cortexa9_0/libsrc/ddrps_v1_2/src"

TRACE::2025-03-26.16:21:17::SCWBDomain::make -C ps7_cortexa9_0/libsrc/ddrps_v1_2/src -s libs  "SHELL=CMD" "COMPILER=arm-none-eabi-gcc" "ASSEMBLER=arm-none-eabi-as" "AR
TRACE::2025-03-26.16:21:17::SCWBDomain::CHIVER=arm-none-eabi-ar" "COMPILER_FLAGS=  -O2 -c" "EXTRA_COMPILER_FLAGS=-mcpu=cortex-a9 -mfpu=vfpv3 -mfloat-abi=hard -nostartf
TRACE::2025-03-26.16:21:17::SCWBDomain::iles -g -Wall -Wextra -fno-tree-loop-distribute-patterns -DSHAREABLE_DRR"

TRACE::2025-03-26.16:21:17::SCWBDomain::"Running Make libs in ps7_cortexa9_0/libsrc/devcfg_v3_7/src"

TRACE::2025-03-26.16:21:17::SCWBDomain::make -C ps7_cortexa9_0/libsrc/devcfg_v3_7/src -s libs  "SHELL=CMD" "COMPILER=arm-none-eabi-gcc" "ASSEMBLER=arm-none-eabi-as" "A
TRACE::2025-03-26.16:21:17::SCWBDomain::RCHIVER=arm-none-eabi-ar" "COMPILER_FLAGS=  -O2 -c" "EXTRA_COMPILER_FLAGS=-mcpu=cortex-a9 -mfpu=vfpv3 -mfloat-abi=hard -nostart
TRACE::2025-03-26.16:21:17::SCWBDomain::files -g -Wall -Wextra -fno-tree-loop-distribute-patterns -DSHAREABLE_DRR"

TRACE::2025-03-26.16:21:17::SCWBDomain::"Running Make libs in ps7_cortexa9_0/libsrc/dmaps_v2_8/src"

TRACE::2025-03-26.16:21:17::SCWBDomain::make -C ps7_cortexa9_0/libsrc/dmaps_v2_8/src -s libs  "SHELL=CMD" "COMPILER=arm-none-eabi-gcc" "ASSEMBLER=arm-none-eabi-as" "AR
TRACE::2025-03-26.16:21:17::SCWBDomain::CHIVER=arm-none-eabi-ar" "COMPILER_FLAGS=  -O2 -c" "EXTRA_COMPILER_FLAGS=-mcpu=cortex-a9 -mfpu=vfpv3 -mfloat-abi=hard -nostartf
TRACE::2025-03-26.16:21:17::SCWBDomain::iles -g -Wall -Wextra -fno-tree-loop-distribute-patterns -DSHAREABLE_DRR"

TRACE::2025-03-26.16:21:18::SCWBDomain::"Running Make libs in ps7_cortexa9_0/libsrc/emacps_v3_16/src"

TRACE::2025-03-26.16:21:18::SCWBDomain::make -C ps7_cortexa9_0/libsrc/emacps_v3_16/src -s libs  "SHELL=CMD" "COMPILER=arm-none-eabi-gcc" "ASSEMBLER=arm-none-eabi-as" "
TRACE::2025-03-26.16:21:18::SCWBDomain::ARCHIVER=arm-none-eabi-ar" "COMPILER_FLAGS=  -O2 -c" "EXTRA_COMPILER_FLAGS=-mcpu=cortex-a9 -mfpu=vfpv3 -mfloat-abi=hard -nostar
TRACE::2025-03-26.16:21:18::SCWBDomain::tfiles -g -Wall -Wextra -fno-tree-loop-distribute-patterns -DSHAREABLE_DRR"

TRACE::2025-03-26.16:21:18::SCWBDomain::"Running Make libs in ps7_cortexa9_0/libsrc/gpiops_v3_9/src"

TRACE::2025-03-26.16:21:18::SCWBDomain::make -C ps7_cortexa9_0/libsrc/gpiops_v3_9/src -s libs  "SHELL=CMD" "COMPILER=arm-none-eabi-gcc" "ASSEMBLER=arm-none-eabi-as" "A
TRACE::2025-03-26.16:21:18::SCWBDomain::RCHIVER=arm-none-eabi-ar" "COMPILER_FLAGS=  -O2 -c" "EXTRA_COMPILER_FLAGS=-mcpu=cortex-a9 -mfpu=vfpv3 -mfloat-abi=hard -nostart
TRACE::2025-03-26.16:21:18::SCWBDomain::files -g -Wall -Wextra -fno-tree-loop-distribute-patterns -DSHAREABLE_DRR"

TRACE::2025-03-26.16:21:20::SCWBDomain::"Running Make libs in ps7_cortexa9_0/libsrc/iicps_v3_15/src"

TRACE::2025-03-26.16:21:20::SCWBDomain::make -C ps7_cortexa9_0/libsrc/iicps_v3_15/src -s libs  "SHELL=CMD" "COMPILER=arm-none-eabi-gcc" "ASSEMBLER=arm-none-eabi-as" "A
TRACE::2025-03-26.16:21:20::SCWBDomain::RCHIVER=arm-none-eabi-ar" "COMPILER_FLAGS=  -O2 -c" "EXTRA_COMPILER_FLAGS=-mcpu=cortex-a9 -mfpu=vfpv3 -mfloat-abi=hard -nostart
TRACE::2025-03-26.16:21:20::SCWBDomain::files -g -Wall -Wextra -fno-tree-loop-distribute-patterns -DSHAREABLE_DRR"

TRACE::2025-03-26.16:21:20::SCWBDomain::"Running Make libs in ps7_cortexa9_0/libsrc/qspips_v3_9/src"

TRACE::2025-03-26.16:21:20::SCWBDomain::make -C ps7_cortexa9_0/libsrc/qspips_v3_9/src -s libs  "SHELL=CMD" "COMPILER=arm-none-eabi-gcc" "ASSEMBLER=arm-none-eabi-as" "A
TRACE::2025-03-26.16:21:20::SCWBDomain::RCHIVER=arm-none-eabi-ar" "COMPILER_FLAGS=  -O2 -c" "EXTRA_COMPILER_FLAGS=-mcpu=cortex-a9 -mfpu=vfpv3 -mfloat-abi=hard -nostart
TRACE::2025-03-26.16:21:20::SCWBDomain::files -g -Wall -Wextra -fno-tree-loop-distribute-patterns -DSHAREABLE_DRR"

TRACE::2025-03-26.16:21:22::SCWBDomain::"Running Make libs in ps7_cortexa9_0/libsrc/scugic_v4_7/src"

TRACE::2025-03-26.16:21:22::SCWBDomain::make -C ps7_cortexa9_0/libsrc/scugic_v4_7/src -s libs  "SHELL=CMD" "COMPILER=arm-none-eabi-gcc" "ASSEMBLER=arm-none-eabi-as" "A
TRACE::2025-03-26.16:21:22::SCWBDomain::RCHIVER=arm-none-eabi-ar" "COMPILER_FLAGS=  -O2 -c" "EXTRA_COMPILER_FLAGS=-mcpu=cortex-a9 -mfpu=vfpv3 -mfloat-abi=hard -nostart
TRACE::2025-03-26.16:21:22::SCWBDomain::files -g -Wall -Wextra -fno-tree-loop-distribute-patterns -DSHAREABLE_DRR"

TRACE::2025-03-26.16:21:22::SCWBDomain::"Running Make libs in ps7_cortexa9_0/libsrc/scutimer_v2_4/src"

TRACE::2025-03-26.16:21:22::SCWBDomain::make -C ps7_cortexa9_0/libsrc/scutimer_v2_4/src -s libs  "SHELL=CMD" "COMPILER=arm-none-eabi-gcc" "ASSEMBLER=arm-none-eabi-as" 
TRACE::2025-03-26.16:21:22::SCWBDomain::"ARCHIVER=arm-none-eabi-ar" "COMPILER_FLAGS=  -O2 -c" "EXTRA_COMPILER_FLAGS=-mcpu=cortex-a9 -mfpu=vfpv3 -mfloat-abi=hard -nosta
TRACE::2025-03-26.16:21:22::SCWBDomain::rtfiles -g -Wall -Wextra -fno-tree-loop-distribute-patterns -DSHAREABLE_DRR"

TRACE::2025-03-26.16:21:23::SCWBDomain::"Running Make libs in ps7_cortexa9_0/libsrc/scuwdt_v2_4/src"

TRACE::2025-03-26.16:21:23::SCWBDomain::make -C ps7_cortexa9_0/libsrc/scuwdt_v2_4/src -s libs  "SHELL=CMD" "COMPILER=arm-none-eabi-gcc" "ASSEMBLER=arm-none-eabi-as" "A
TRACE::2025-03-26.16:21:23::SCWBDomain::RCHIVER=arm-none-eabi-ar" "COMPILER_FLAGS=  -O2 -c" "EXTRA_COMPILER_FLAGS=-mcpu=cortex-a9 -mfpu=vfpv3 -mfloat-abi=hard -nostart
TRACE::2025-03-26.16:21:23::SCWBDomain::files -g -Wall -Wextra -fno-tree-loop-distribute-patterns -DSHAREABLE_DRR"

TRACE::2025-03-26.16:21:23::SCWBDomain::"Running Make libs in ps7_cortexa9_0/libsrc/sdps_v3_14/src"

TRACE::2025-03-26.16:21:23::SCWBDomain::make -C ps7_cortexa9_0/libsrc/sdps_v3_14/src -s libs  "SHELL=CMD" "COMPILER=arm-none-eabi-gcc" "ASSEMBLER=arm-none-eabi-as" "AR
TRACE::2025-03-26.16:21:23::SCWBDomain::CHIVER=arm-none-eabi-ar" "COMPILER_FLAGS=  -O2 -c" "EXTRA_COMPILER_FLAGS=-mcpu=cortex-a9 -mfpu=vfpv3 -mfloat-abi=hard -nostartf
TRACE::2025-03-26.16:21:23::SCWBDomain::iles -g -Wall -Wextra -fno-tree-loop-distribute-patterns -DSHAREABLE_DRR"

TRACE::2025-03-26.16:21:24::SCWBDomain::"Running Make libs in ps7_cortexa9_0/libsrc/standalone_v7_7/src"

TRACE::2025-03-26.16:21:24::SCWBDomain::make -C ps7_cortexa9_0/libsrc/standalone_v7_7/src -s libs  "SHELL=CMD" "COMPILER=arm-none-eabi-gcc" "ASSEMBLER=arm-none-eabi-as
TRACE::2025-03-26.16:21:24::SCWBDomain::" "ARCHIVER=arm-none-eabi-ar" "COMPILER_FLAGS=  -O2 -c" "EXTRA_COMPILER_FLAGS=-mcpu=cortex-a9 -mfpu=vfpv3 -mfloat-abi=hard -nos
TRACE::2025-03-26.16:21:24::SCWBDomain::tartfiles -g -Wall -Wextra -fno-tree-loop-distribute-patterns -DSHAREABLE_DRR"

TRACE::2025-03-26.16:21:25::SCWBDomain::"Running Make libs in ps7_cortexa9_0/libsrc/uartps_v3_11/src"

TRACE::2025-03-26.16:21:25::SCWBDomain::make -C ps7_cortexa9_0/libsrc/uartps_v3_11/src -s libs  "SHELL=CMD" "COMPILER=arm-none-eabi-gcc" "ASSEMBLER=arm-none-eabi-as" "
TRACE::2025-03-26.16:21:25::SCWBDomain::ARCHIVER=arm-none-eabi-ar" "COMPILER_FLAGS=  -O2 -c" "EXTRA_COMPILER_FLAGS=-mcpu=cortex-a9 -mfpu=vfpv3 -mfloat-abi=hard -nostar
TRACE::2025-03-26.16:21:25::SCWBDomain::tfiles -g -Wall -Wextra -fno-tree-loop-distribute-patterns -DSHAREABLE_DRR"

TRACE::2025-03-26.16:21:27::SCWBDomain::"Running Make libs in ps7_cortexa9_0/libsrc/usbps_v2_7/src"

TRACE::2025-03-26.16:21:28::SCWBDomain::make -C ps7_cortexa9_0/libsrc/usbps_v2_7/src -s libs  "SHELL=CMD" "COMPILER=arm-none-eabi-gcc" "ASSEMBLER=arm-none-eabi-as" "AR
TRACE::2025-03-26.16:21:28::SCWBDomain::CHIVER=arm-none-eabi-ar" "COMPILER_FLAGS=  -O2 -c" "EXTRA_COMPILER_FLAGS=-mcpu=cortex-a9 -mfpu=vfpv3 -mfloat-abi=hard -nostartf
TRACE::2025-03-26.16:21:28::SCWBDomain::iles -g -Wall -Wextra -fno-tree-loop-distribute-patterns -DSHAREABLE_DRR"

TRACE::2025-03-26.16:21:29::SCWBDomain::"Running Make libs in ps7_cortexa9_0/libsrc/xadcps_v2_6/src"

TRACE::2025-03-26.16:21:29::SCWBDomain::make -C ps7_cortexa9_0/libsrc/xadcps_v2_6/src -s libs  "SHELL=CMD" "COMPILER=arm-none-eabi-gcc" "ASSEMBLER=arm-none-eabi-as" "A
TRACE::2025-03-26.16:21:29::SCWBDomain::RCHIVER=arm-none-eabi-ar" "COMPILER_FLAGS=  -O2 -c" "EXTRA_COMPILER_FLAGS=-mcpu=cortex-a9 -mfpu=vfpv3 -mfloat-abi=hard -nostart
TRACE::2025-03-26.16:21:29::SCWBDomain::files -g -Wall -Wextra -fno-tree-loop-distribute-patterns -DSHAREABLE_DRR"

TRACE::2025-03-26.16:21:31::SCWBDomain::"Running Make libs in ps7_cortexa9_0/libsrc/xilffs_v4_7/src"

TRACE::2025-03-26.16:21:31::SCWBDomain::make -C ps7_cortexa9_0/libsrc/xilffs_v4_7/src -s libs  "SHELL=CMD" "COMPILER=arm-none-eabi-gcc" "ASSEMBLER=arm-none-eabi-as" "A
TRACE::2025-03-26.16:21:31::SCWBDomain::RCHIVER=arm-none-eabi-ar" "COMPILER_FLAGS=  -O2 -c" "EXTRA_COMPILER_FLAGS=-mcpu=cortex-a9 -mfpu=vfpv3 -mfloat-abi=hard -nostart
TRACE::2025-03-26.16:21:31::SCWBDomain::files -g -Wall -Wextra -fno-tree-loop-distribute-patterns -DSHAREABLE_DRR"

TRACE::2025-03-26.16:21:34::SCWBDomain::'Finished building libraries parallelly.'

TRACE::2025-03-26.16:21:34::SCWBDomain::make --no-print-directory archive

TRACE::2025-03-26.16:21:34::SCWBDomain::arm-none-eabi-ar -r  ps7_cortexa9_0/lib/libxil.a ps7_cortexa9_0/lib/xadcps_selftest.o ps7_cortexa9_0/lib/xplatform_info.o ps7_c
TRACE::2025-03-26.16:21:34::SCWBDomain::ortexa9_0/lib/xil_mem.o ps7_cortexa9_0/lib/_exit.o ps7_cortexa9_0/lib/xusbps_sinit.o ps7_cortexa9_0/lib/xdevcfg_hw.o ps7_cortex
TRACE::2025-03-26.16:21:34::SCWBDomain::a9_0/lib/xil_sleeptimer.o ps7_cortexa9_0/lib/xqspips_options.o ps7_cortexa9_0/lib/xdmaps_g.o ps7_cortexa9_0/lib/xscutimer_g.o p
TRACE::2025-03-26.16:21:34::SCWBDomain::s7_cortexa9_0/lib/xsdps_options.o ps7_cortexa9_0/lib/xil_misc_psreset_api.o ps7_cortexa9_0/lib/xdmaps_sinit.o ps7_cortexa9_0/li
TRACE::2025-03-26.16:21:34::SCWBDomain::b/xscutimer_sinit.o ps7_cortexa9_0/lib/xemacps_hw.o ps7_cortexa9_0/lib/inbyte.o ps7_cortexa9_0/lib/xscutimer_selftest.o ps7_cor
TRACE::2025-03-26.16:21:34::SCWBDomain::texa9_0/lib/putnum.o ps7_cortexa9_0/lib/xqspips_hw.o ps7_cortexa9_0/lib/xgpiops_g.o ps7_cortexa9_0/lib/xsdps.o ps7_cortexa9_0/l
TRACE::2025-03-26.16:21:34::SCWBDomain::ib/close.o ps7_cortexa9_0/lib/xemacps_g.o ps7_cortexa9_0/lib/xgpiops_sinit.o ps7_cortexa9_0/lib/xgpiops_selftest.o ps7_cortexa9
TRACE::2025-03-26.16:21:34::SCWBDomain::_0/lib/xscuwdt.o ps7_cortexa9_0/lib/xaxivdma_g.o ps7_cortexa9_0/lib/xiicps_intr.o ps7_cortexa9_0/lib/xaxivdma_sinit.o ps7_corte
TRACE::2025-03-26.16:21:34::SCWBDomain::xa9_0/lib/xuartps_sinit.o ps7_cortexa9_0/lib/time.o ps7_cortexa9_0/lib/xaxivdma_selftest.o ps7_cortexa9_0/lib/xiicps_slave.o ps
TRACE::2025-03-26.16:21:34::SCWBDomain::7_cortexa9_0/lib/xil_printf.o ps7_cortexa9_0/lib/kill.o ps7_cortexa9_0/lib/xadcps.o ps7_cortexa9_0/lib/xiicps_options.o ps7_cor
TRACE::2025-03-26.16:21:34::SCWBDomain::texa9_0/lib/xdmaps.o ps7_cortexa9_0/lib/xuartps_selftest.o ps7_cortexa9_0/lib/xuartps_g.o ps7_cortexa9_0/lib/lseek.o ps7_cortex
TRACE::2025-03-26.16:21:34::SCWBDomain::a9_0/lib/xil_testmem.o ps7_cortexa9_0/lib/xusbps_hw.o ps7_cortexa9_0/lib/xl2cc_counter.o ps7_cortexa9_0/lib/xiicps_hw.o ps7_cor
TRACE::2025-03-26.16:21:34::SCWBDomain::texa9_0/lib/asm_vectors.o ps7_cortexa9_0/lib/usleep.o ps7_cortexa9_0/lib/abort.o ps7_cortexa9_0/lib/xscugic_intr.o ps7_cortexa9
TRACE::2025-03-26.16:21:34::SCWBDomain::_0/lib/getpid.o ps7_cortexa9_0/lib/xiicps_selftest.o ps7_cortexa9_0/lib/xil_testcache.o ps7_cortexa9_0/lib/xdevcfg_sinit.o ps7_
TRACE::2025-03-26.16:21:34::SCWBDomain::cortexa9_0/lib/xgpiops.o ps7_cortexa9_0/lib/xscutimer.o ps7_cortexa9_0/lib/xdevcfg_selftest.o ps7_cortexa9_0/lib/xpm_counter.o 
TRACE::2025-03-26.16:21:34::SCWBDomain::ps7_cortexa9_0/lib/xiicps.o ps7_cortexa9_0/lib/_sbrk.o ps7_cortexa9_0/lib/xiicps_master.o ps7_cortexa9_0/lib/xqspips_g.o ps7_co
TRACE::2025-03-26.16:21:34::SCWBDomain::rtexa9_0/lib/xemacps_bdring.o ps7_cortexa9_0/lib/xusbps_endpoint.o ps7_cortexa9_0/lib/xqspips_sinit.o ps7_cortexa9_0/lib/xqspip
TRACE::2025-03-26.16:21:34::SCWBDomain::s_selftest.o ps7_cortexa9_0/lib/xil_exception.o ps7_cortexa9_0/lib/sbrk.o ps7_cortexa9_0/lib/xaxivdma.o ps7_cortexa9_0/lib/xema
TRACE::2025-03-26.16:21:34::SCWBDomain::cps_control.o ps7_cortexa9_0/lib/open.o ps7_cortexa9_0/lib/xil_assert.o ps7_cortexa9_0/lib/xaxivdma_intr.o ps7_cortexa9_0/lib/x
TRACE::2025-03-26.16:21:34::SCWBDomain::usbps_intr.o ps7_cortexa9_0/lib/xsdps_host.o ps7_cortexa9_0/lib/xcoresightpsdcc.o ps7_cortexa9_0/lib/xscugic_hw.o ps7_cortexa9_
TRACE::2025-03-26.16:21:34::SCWBDomain::0/lib/sleep.o ps7_cortexa9_0/lib/xil-crt0.o ps7_cortexa9_0/lib/cpputest_time.o ps7_cortexa9_0/lib/print.o ps7_cortexa9_0/lib/re
TRACE::2025-03-26.16:21:34::SCWBDomain::ad.o ps7_cortexa9_0/lib/xiicps_g.o ps7_cortexa9_0/lib/xdevcfg.o ps7_cortexa9_0/lib/xadcps_intr.o ps7_cortexa9_0/lib/xqspips.o p
TRACE::2025-03-26.16:21:34::SCWBDomain::s7_cortexa9_0/lib/xemacps.o ps7_cortexa9_0/lib/xil_cache.o ps7_cortexa9_0/lib/xil_testio.o ps7_cortexa9_0/lib/_open.o ps7_corte
TRACE::2025-03-26.16:21:34::SCWBDomain::xa9_0/lib/unlink.o ps7_cortexa9_0/lib/xaxidma_g.o ps7_cortexa9_0/lib/xusbps.o ps7_cortexa9_0/lib/xusbps_g.o ps7_cortexa9_0/lib/
TRACE::2025-03-26.16:21:34::SCWBDomain::xdmaps_selftest.o ps7_cortexa9_0/lib/xaxidma_sinit.o ps7_cortexa9_0/lib/xil_spinlock.o ps7_cortexa9_0/lib/translation_table.o p
TRACE::2025-03-26.16:21:34::SCWBDomain::s7_cortexa9_0/lib/xaxidma_selftest.o ps7_cortexa9_0/lib/write.o ps7_cortexa9_0/lib/xil_mmu.o ps7_cortexa9_0/lib/boot.o ps7_cort
TRACE::2025-03-26.16:21:34::SCWBDomain::exa9_0/lib/xaxivdma_channel.o ps7_cortexa9_0/lib/cpu_init.o ps7_cortexa9_0/lib/xaxidma_bd.o ps7_cortexa9_0/lib/xil_sleepcommon.
TRACE::2025-03-26.16:21:34::SCWBDomain::o ps7_cortexa9_0/lib/xgpiops_intr.o ps7_cortexa9_0/lib/xscugic_sinit.o ps7_cortexa9_0/lib/fcntl.o ps7_cortexa9_0/lib/xdevcfg_g.
TRACE::2025-03-26.16:21:34::SCWBDomain::o ps7_cortexa9_0/lib/outbyte.o ps7_cortexa9_0/lib/xinterrupt_wrap.o ps7_cortexa9_0/lib/xuartps_hw.o ps7_cortexa9_0/lib/xtime_l.
TRACE::2025-03-26.16:21:34::SCWBDomain::o ps7_cortexa9_0/lib/xemacps_sinit.o ps7_cortexa9_0/lib/xscugic_selftest.o ps7_cortexa9_0/lib/xil_util.o ps7_cortexa9_0/lib/xua
TRACE::2025-03-26.16:21:34::SCWBDomain::rtps_intr.o ps7_cortexa9_0/lib/xuartps.o ps7_cortexa9_0/lib/xsdps_card.o ps7_cortexa9_0/lib/xdmaps_hw.o ps7_cortexa9_0/lib/xsdp
TRACE::2025-03-26.16:21:34::SCWBDomain::s_sinit.o ps7_cortexa9_0/lib/xscuwdt_sinit.o ps7_cortexa9_0/lib/xgpiops_hw.o ps7_cortexa9_0/lib/xsdps_g.o ps7_cortexa9_0/lib/fs
TRACE::2025-03-26.16:21:34::SCWBDomain::tat.o ps7_cortexa9_0/lib/xaxidma.o ps7_cortexa9_0/lib/errno.o ps7_cortexa9_0/lib/xdevcfg_intr.o ps7_cortexa9_0/lib/xuartps_opti
TRACE::2025-03-26.16:21:34::SCWBDomain::ons.o ps7_cortexa9_0/lib/vectors.o ps7_cortexa9_0/lib/xscuwdt_g.o ps7_cortexa9_0/lib/xil_clocking.o ps7_cortexa9_0/lib/xemacps_
TRACE::2025-03-26.16:21:34::SCWBDomain::intr.o ps7_cortexa9_0/lib/xscuwdt_selftest.o ps7_cortexa9_0/lib/xscugic_g.o ps7_cortexa9_0/lib/isatty.o ps7_cortexa9_0/lib/xscu
TRACE::2025-03-26.16:21:34::SCWBDomain::gic.o ps7_cortexa9_0/lib/xiicps_sinit.o ps7_cortexa9_0/lib/xadcps_g.o ps7_cortexa9_0/lib/xaxidma_bdring.o ps7_cortexa9_0/lib/xa
TRACE::2025-03-26.16:21:34::SCWBDomain::dcps_sinit.o ps7_cortexa9_0/lib/xiicps_xfer.o

TRACE::2025-03-26.16:21:34::SCWBDomain::'Finished building libraries'

TRACE::2025-03-26.16:21:34::SCWBDomain::make: Leaving directory 'C:/Users/j54mao/ECE423/ECE-423-Labs/workspace/Assignment3_platform/zynq_fsbl/zynq_fsbl_bsp'

TRACE::2025-03-26.16:21:34::SCWBDomain::arm-none-eabi-gcc  -O2 -c -MMD -MP       -mcpu=cortex-a9 -mfpu=vfpv3 -mfloat-abi=hard  -c sd.c -o sd.o -Izynq_fsbl_bsp/ps7_cort
TRACE::2025-03-26.16:21:34::SCWBDomain::exa9_0/include -I.

TRACE::2025-03-26.16:21:35::SCWBDomain::arm-none-eabi-gcc  -O2 -c -MMD -MP       -mcpu=cortex-a9 -mfpu=vfpv3 -mfloat-abi=hard  -c nand.c -o nand.o -Izynq_fsbl_bsp/ps7_
TRACE::2025-03-26.16:21:35::SCWBDomain::cortexa9_0/include -I.

TRACE::2025-03-26.16:21:35::SCWBDomain::arm-none-eabi-gcc  -O2 -c -MMD -MP       -mcpu=cortex-a9 -mfpu=vfpv3 -mfloat-abi=hard  -c nor.c -o nor.o -Izynq_fsbl_bsp/ps7_co
TRACE::2025-03-26.16:21:35::SCWBDomain::rtexa9_0/include -I.

TRACE::2025-03-26.16:21:35::SCWBDomain::arm-none-eabi-gcc  -O2 -c -MMD -MP       -mcpu=cortex-a9 -mfpu=vfpv3 -mfloat-abi=hard  -c image_mover.c -o image_mover.o -Izynq
TRACE::2025-03-26.16:21:35::SCWBDomain::_fsbl_bsp/ps7_cortexa9_0/include -I.

TRACE::2025-03-26.16:21:35::SCWBDomain::arm-none-eabi-gcc  -O2 -c -MMD -MP       -mcpu=cortex-a9 -mfpu=vfpv3 -mfloat-abi=hard  -c md5.c -o md5.o -Izynq_fsbl_bsp/ps7_co
TRACE::2025-03-26.16:21:35::SCWBDomain::rtexa9_0/include -I.

TRACE::2025-03-26.16:21:36::SCWBDomain::arm-none-eabi-gcc  -O2 -c -MMD -MP       -mcpu=cortex-a9 -mfpu=vfpv3 -mfloat-abi=hard  -c fsbl_hooks.c -o fsbl_hooks.o -Izynq_f
TRACE::2025-03-26.16:21:36::SCWBDomain::sbl_bsp/ps7_cortexa9_0/include -I.

TRACE::2025-03-26.16:21:36::SCWBDomain::arm-none-eabi-gcc  -O2 -c -MMD -MP       -mcpu=cortex-a9 -mfpu=vfpv3 -mfloat-abi=hard  -c main.c -o main.o -Izynq_fsbl_bsp/ps7_
TRACE::2025-03-26.16:21:36::SCWBDomain::cortexa9_0/include -I.

TRACE::2025-03-26.16:21:36::SCWBDomain::arm-none-eabi-gcc  -O2 -c -MMD -MP       -mcpu=cortex-a9 -mfpu=vfpv3 -mfloat-abi=hard  -c rsa.c -o rsa.o -Izynq_fsbl_bsp/ps7_co
TRACE::2025-03-26.16:21:36::SCWBDomain::rtexa9_0/include -I.

TRACE::2025-03-26.16:21:36::SCWBDomain::arm-none-eabi-gcc  -O2 -c -MMD -MP       -mcpu=cortex-a9 -mfpu=vfpv3 -mfloat-abi=hard  -c qspi.c -o qspi.o -Izynq_fsbl_bsp/ps7_
TRACE::2025-03-26.16:21:36::SCWBDomain::cortexa9_0/include -I.

TRACE::2025-03-26.16:21:36::SCWBDomain::arm-none-eabi-gcc  -O2 -c -MMD -MP       -mcpu=cortex-a9 -mfpu=vfpv3 -mfloat-abi=hard  -c ps7_init.c -o ps7_init.o -Izynq_fsbl_
TRACE::2025-03-26.16:21:36::SCWBDomain::bsp/ps7_cortexa9_0/include -I.

TRACE::2025-03-26.16:21:36::SCWBDomain::arm-none-eabi-gcc  -O2 -c -MMD -MP       -mcpu=cortex-a9 -mfpu=vfpv3 -mfloat-abi=hard  -c pcap.c -o pcap.o -Izynq_fsbl_bsp/ps7_
TRACE::2025-03-26.16:21:36::SCWBDomain::cortexa9_0/include -I.

TRACE::2025-03-26.16:21:37::SCWBDomain::arm-none-eabi-gcc  -O2 -c -MMD -MP       -mcpu=cortex-a9 -mfpu=vfpv3 -mfloat-abi=hard  -c fsbl_handoff.S -o fsbl_handoff.o -Izy
TRACE::2025-03-26.16:21:37::SCWBDomain::nq_fsbl_bsp/ps7_cortexa9_0/include -I.

TRACE::2025-03-26.16:21:37::SCWBDomain::arm-none-eabi-gcc -o fsbl.elf fsbl_handoff.o fsbl_hooks.o image_mover.o main.o md5.o nand.o nor.o pcap.o ps7_init.o qspi.o rsa.
TRACE::2025-03-26.16:21:37::SCWBDomain::o sd.o -MMD -MP       -mcpu=cortex-a9 -mfpu=vfpv3 -mfloat-abi=hard   -mcpu=cortex-a9 -mfpu=vfpv3 -mfloat-abi=hard -Wl,-build-id
TRACE::2025-03-26.16:21:37::SCWBDomain::=none -specs=Xilinx.spec  -lrsa -Wl,--start-group,-lxil,-lgcc,-lc,--end-group -Wl,--start-group,-lxilffs,-lxil,-lgcc,-lc,--end-
TRACE::2025-03-26.16:21:37::SCWBDomain::group -Wl,--start-group,-lrsa,-lxil,-lgcc,-lc,--end-group                                      -Wl,--gc-sections -Lzynq_fsbl_bs
TRACE::2025-03-26.16:21:37::SCWBDomain::p/ps7_cortexa9_0/lib -L./ -Tlscript.ld

LOG::2025-03-26.16:21:37::SCWSystem::Checking the domain standalone_domain
LOG::2025-03-26.16:21:37::SCWSystem::Not a boot domain 
LOG::2025-03-26.16:21:37::SCWSystem::Checking the domain standalone_ps7_cortexa9_1
LOG::2025-03-26.16:21:37::SCWSystem::Not a boot domain 
LOG::2025-03-26.16:21:37::SCWSystem::Started Processing the domain standalone_domain
TRACE::2025-03-26.16:21:37::SCWDomain::Generating domain artifcats
TRACE::2025-03-26.16:21:37::SCWMssOS::Generating standalone artifcats
TRACE::2025-03-26.16:21:37::SCWMssOS::Copying the qemu file from  C:/Users/j54mao/ECE423/ECE-423-Labs/workspace/Assignment3_platform/resources/Assignment3_platform/standalone_domain/qemu_args.txt To C:/Users/j54mao/ECE423/ECE-423-Labs/workspace/Assignment3_platform/export/Assignment3_platform/sw/Assignment3_platform/qemu/
TRACE::2025-03-26.16:21:37::SCWMssOS::Copying the qemu file from  C:/Users/j54mao/ECE423/ECE-423-Labs/workspace/Assignment3_platform/resources/Assignment3_platform/standalone_domain/qemu_args.txt To C:/Users/j54mao/ECE423/ECE-423-Labs/workspace/Assignment3_platform/export/Assignment3_platform/sw/Assignment3_platform/standalone_domain/qemu/
TRACE::2025-03-26.16:21:37::SCWMssOS:: Copying the user libraries. 
TRACE::2025-03-26.16:21:37::SCWPlatform::Trying to open the hw design at C:/Users/j54mao/ECE423/ECE-423-Labs/workspace/Assignment3_platform/hw/lab_prefab_wrapper.xsa
TRACE::2025-03-26.16:21:37::SCWPlatform::DSA given C:/Users/j54mao/ECE423/ECE-423-Labs/workspace/Assignment3_platform/hw/lab_prefab_wrapper.xsa
TRACE::2025-03-26.16:21:37::SCWPlatform::DSA absoulate path C:/Users/j54mao/ECE423/ECE-423-Labs/workspace/Assignment3_platform/hw/lab_prefab_wrapper.xsa
TRACE::2025-03-26.16:21:37::SCWPlatform::DSA directory C:/Users/j54mao/ECE423/ECE-423-Labs/workspace/Assignment3_platform/hw
TRACE::2025-03-26.16:21:37::SCWPlatform:: Platform Path C:/Users/j54mao/ECE423/ECE-423-Labs/workspace/Assignment3_platform/hw/lab_prefab_wrapper.xsa
TRACE::2025-03-26.16:21:37::SCWPlatform:: Unique name xilinx:pynq-z1::0.0
TRACE::2025-03-26.16:21:37::SCWPlatform::Trying to set the existing hwdb with name lab_prefab_wrapper_2
TRACE::2025-03-26.16:21:37::SCWPlatform::Opened existing hwdb lab_prefab_wrapper_2
TRACE::2025-03-26.16:21:37::SCWPlatform::Found the Hw Db part of the input DSA
TRACE::2025-03-26.16:21:37::SCWMssOS::Checking the sw design at  C:/Users/j54mao/ECE423/ECE-423-Labs/workspace/Assignment3_platform/ps7_cortexa9_0/standalone_domain/bsp/system.mss
TRACE::2025-03-26.16:21:37::SCWMssOS::DEBUG:  swdes dump  C:/Users/j54mao/ECE423/ECE-423-Labs/workspace/Assignment3_platform/ps7_cortexa9_0/standalone_domain/bsp/system.mss|system_1||
C:/Users/j54mao/ECE423/ECE-423-Labs/workspace/Assignment3_platform/zynq_fsbl/zynq_fsbl_bsp/system.mss|system_0||

TRACE::2025-03-26.16:21:37::SCWMssOS::Sw design exists and opened at  C:/Users/j54mao/ECE423/ECE-423-Labs/workspace/Assignment3_platform/ps7_cortexa9_0/standalone_domain/bsp/system.mss
TRACE::2025-03-26.16:21:37::SCWMssOS::Completed writing the mss file at C:/Users/j54mao/ECE423/ECE-423-Labs/workspace/Assignment3_platform/ps7_cortexa9_0/standalone_domain/bsp
TRACE::2025-03-26.16:21:37::SCWMssOS::Mss edits present, copying mssfile into export location C:/Users/j54mao/ECE423/ECE-423-Labs/workspace/Assignment3_platform/ps7_cortexa9_0/standalone_domain/bsp/system.mss
TRACE::2025-03-26.16:21:37::SCWMssOS::bsp generated is upto date with the mss file. Skipping bsp generation.
TRACE::2025-03-26.16:21:37::SCWMssOS::BSP is already built. skipping the bsp build ... 
TRACE::2025-03-26.16:21:37::SCWDomain::Building the domain as part of full build :  standalone_domain
TRACE::2025-03-26.16:21:37::SCWMssOS::doing bsp build ... 
TRACE::2025-03-26.16:21:37::SCWMssOS::System Command Ran  C: & cd  C:/Users/j54mao/ECE423/ECE-423-Labs/workspace/Assignment3_platform/ps7_cortexa9_0/standalone_domain/bsp & make 
TRACE::2025-03-26.16:21:37::SCWMssOS::make --no-print-directory seq_libs

TRACE::2025-03-26.16:21:37::SCWMssOS::'Finished building libraries sequentially.'

TRACE::2025-03-26.16:21:37::SCWMssOS::make -j 2 --no-print-directory par_libs

TRACE::2025-03-26.16:21:37::SCWMssOS::"Running Make include in ps7_cortexa9_0/libsrc/axidma_v9_14/src"

TRACE::2025-03-26.16:21:37::SCWMssOS::"Running Make include in ps7_cortexa9_0/libsrc/axivdma_v6_11/src"

TRACE::2025-03-26.16:21:37::SCWMssOS::make -C ps7_cortexa9_0/libsrc/axidma_v9_14/src -s include  "SHELL=CMD" "COMPILER=arm-none-eabi-gcc" "ASSEMBLER=arm-none-eabi-as
TRACE::2025-03-26.16:21:37::SCWMssOS::" "ARCHIVER=arm-none-eabi-ar" "COMPILER_FLAGS=  -O2 -c" "EXTRA_COMPILER_FLAGS=-mcpu=cortex-a9 -mfpu=vfpv3 -mfloat-abi=hard -nos
TRACE::2025-03-26.16:21:37::SCWMssOS::tartfiles -g -Wall -Wextra -fno-tree-loop-distribute-patterns -DSHAREABLE_DRR"

TRACE::2025-03-26.16:21:37::SCWMssOS::make -C ps7_cortexa9_0/libsrc/axivdma_v6_11/src -s include  "SHELL=CMD" "COMPILER=arm-none-eabi-gcc" "ASSEMBLER=arm-none-eabi-a
TRACE::2025-03-26.16:21:37::SCWMssOS::s" "ARCHIVER=arm-none-eabi-ar" "COMPILER_FLAGS=  -O2 -c" "EXTRA_COMPILER_FLAGS=-mcpu=cortex-a9 -mfpu=vfpv3 -mfloat-abi=hard -no
TRACE::2025-03-26.16:21:37::SCWMssOS::startfiles -g -Wall -Wextra -fno-tree-loop-distribute-patterns -DSHAREABLE_DRR"

TRACE::2025-03-26.16:21:38::SCWMssOS::"Running Make include in ps7_cortexa9_0/libsrc/coresightps_dcc_v1_8/src"

TRACE::2025-03-26.16:21:38::SCWMssOS::make -C ps7_cortexa9_0/libsrc/coresightps_dcc_v1_8/src -s include  "SHELL=CMD" "COMPILER=arm-none-eabi-gcc" "ASSEMBLER=arm-none
TRACE::2025-03-26.16:21:38::SCWMssOS::-eabi-as" "ARCHIVER=arm-none-eabi-ar" "COMPILER_FLAGS=  -O2 -c" "EXTRA_COMPILER_FLAGS=-mcpu=cortex-a9 -mfpu=vfpv3 -mfloat-abi=h
TRACE::2025-03-26.16:21:38::SCWMssOS::ard -nostartfiles -g -Wall -Wextra -fno-tree-loop-distribute-patterns -DSHAREABLE_DRR"

TRACE::2025-03-26.16:21:38::SCWMssOS::"Running Make include in ps7_cortexa9_0/libsrc/cpu_cortexa9_v2_11/src"

TRACE::2025-03-26.16:21:38::SCWMssOS::make -C ps7_cortexa9_0/libsrc/cpu_cortexa9_v2_11/src -s include  "SHELL=CMD" "COMPILER=arm-none-eabi-gcc" "ASSEMBLER=arm-none-e
TRACE::2025-03-26.16:21:38::SCWMssOS::abi-as" "ARCHIVER=arm-none-eabi-ar" "COMPILER_FLAGS=  -O2 -c" "EXTRA_COMPILER_FLAGS=-mcpu=cortex-a9 -mfpu=vfpv3 -mfloat-abi=har
TRACE::2025-03-26.16:21:38::SCWMssOS::d -nostartfiles -g -Wall -Wextra -fno-tree-loop-distribute-patterns -DSHAREABLE_DRR"

TRACE::2025-03-26.16:21:38::SCWMssOS::"Running Make include in ps7_cortexa9_0/libsrc/ddrps_v1_2/src"

TRACE::2025-03-26.16:21:38::SCWMssOS::make -C ps7_cortexa9_0/libsrc/ddrps_v1_2/src -s include  "SHELL=CMD" "COMPILER=arm-none-eabi-gcc" "ASSEMBLER=arm-none-eabi-as" 
TRACE::2025-03-26.16:21:38::SCWMssOS::"ARCHIVER=arm-none-eabi-ar" "COMPILER_FLAGS=  -O2 -c" "EXTRA_COMPILER_FLAGS=-mcpu=cortex-a9 -mfpu=vfpv3 -mfloat-abi=hard -nosta
TRACE::2025-03-26.16:21:38::SCWMssOS::rtfiles -g -Wall -Wextra -fno-tree-loop-distribute-patterns -DSHAREABLE_DRR"

TRACE::2025-03-26.16:21:38::SCWMssOS::"Running Make include in ps7_cortexa9_0/libsrc/devcfg_v3_7/src"

TRACE::2025-03-26.16:21:38::SCWMssOS::make -C ps7_cortexa9_0/libsrc/devcfg_v3_7/src -s include  "SHELL=CMD" "COMPILER=arm-none-eabi-gcc" "ASSEMBLER=arm-none-eabi-as"
TRACE::2025-03-26.16:21:38::SCWMssOS:: "ARCHIVER=arm-none-eabi-ar" "COMPILER_FLAGS=  -O2 -c" "EXTRA_COMPILER_FLAGS=-mcpu=cortex-a9 -mfpu=vfpv3 -mfloat-abi=hard -nost
TRACE::2025-03-26.16:21:38::SCWMssOS::artfiles -g -Wall -Wextra -fno-tree-loop-distribute-patterns -DSHAREABLE_DRR"

TRACE::2025-03-26.16:21:38::SCWMssOS::"Running Make include in ps7_cortexa9_0/libsrc/dmaps_v2_8/src"

TRACE::2025-03-26.16:21:38::SCWMssOS::make -C ps7_cortexa9_0/libsrc/dmaps_v2_8/src -s include  "SHELL=CMD" "COMPILER=arm-none-eabi-gcc" "ASSEMBLER=arm-none-eabi-as" 
TRACE::2025-03-26.16:21:38::SCWMssOS::"ARCHIVER=arm-none-eabi-ar" "COMPILER_FLAGS=  -O2 -c" "EXTRA_COMPILER_FLAGS=-mcpu=cortex-a9 -mfpu=vfpv3 -mfloat-abi=hard -nosta
TRACE::2025-03-26.16:21:38::SCWMssOS::rtfiles -g -Wall -Wextra -fno-tree-loop-distribute-patterns -DSHAREABLE_DRR"

TRACE::2025-03-26.16:21:38::SCWMssOS::"Running Make include in ps7_cortexa9_0/libsrc/emacps_v3_16/src"

TRACE::2025-03-26.16:21:38::SCWMssOS::make -C ps7_cortexa9_0/libsrc/emacps_v3_16/src -s include  "SHELL=CMD" "COMPILER=arm-none-eabi-gcc" "ASSEMBLER=arm-none-eabi-as
TRACE::2025-03-26.16:21:38::SCWMssOS::" "ARCHIVER=arm-none-eabi-ar" "COMPILER_FLAGS=  -O2 -c" "EXTRA_COMPILER_FLAGS=-mcpu=cortex-a9 -mfpu=vfpv3 -mfloat-abi=hard -nos
TRACE::2025-03-26.16:21:38::SCWMssOS::tartfiles -g -Wall -Wextra -fno-tree-loop-distribute-patterns -DSHAREABLE_DRR"

TRACE::2025-03-26.16:21:38::SCWMssOS::"Running Make include in ps7_cortexa9_0/libsrc/gpiops_v3_9/src"

TRACE::2025-03-26.16:21:38::SCWMssOS::make -C ps7_cortexa9_0/libsrc/gpiops_v3_9/src -s include  "SHELL=CMD" "COMPILER=arm-none-eabi-gcc" "ASSEMBLER=arm-none-eabi-as"
TRACE::2025-03-26.16:21:38::SCWMssOS:: "ARCHIVER=arm-none-eabi-ar" "COMPILER_FLAGS=  -O2 -c" "EXTRA_COMPILER_FLAGS=-mcpu=cortex-a9 -mfpu=vfpv3 -mfloat-abi=hard -nost
TRACE::2025-03-26.16:21:38::SCWMssOS::artfiles -g -Wall -Wextra -fno-tree-loop-distribute-patterns -DSHAREABLE_DRR"

TRACE::2025-03-26.16:21:38::SCWMssOS::"Running Make include in ps7_cortexa9_0/libsrc/iicps_v3_15/src"

TRACE::2025-03-26.16:21:38::SCWMssOS::make -C ps7_cortexa9_0/libsrc/iicps_v3_15/src -s include  "SHELL=CMD" "COMPILER=arm-none-eabi-gcc" "ASSEMBLER=arm-none-eabi-as"
TRACE::2025-03-26.16:21:38::SCWMssOS:: "ARCHIVER=arm-none-eabi-ar" "COMPILER_FLAGS=  -O2 -c" "EXTRA_COMPILER_FLAGS=-mcpu=cortex-a9 -mfpu=vfpv3 -mfloat-abi=hard -nost
TRACE::2025-03-26.16:21:38::SCWMssOS::artfiles -g -Wall -Wextra -fno-tree-loop-distribute-patterns -DSHAREABLE_DRR"

TRACE::2025-03-26.16:21:38::SCWMssOS::"Running Make include in ps7_cortexa9_0/libsrc/qspips_v3_9/src"

TRACE::2025-03-26.16:21:38::SCWMssOS::make -C ps7_cortexa9_0/libsrc/qspips_v3_9/src -s include  "SHELL=CMD" "COMPILER=arm-none-eabi-gcc" "ASSEMBLER=arm-none-eabi-as"
TRACE::2025-03-26.16:21:38::SCWMssOS:: "ARCHIVER=arm-none-eabi-ar" "COMPILER_FLAGS=  -O2 -c" "EXTRA_COMPILER_FLAGS=-mcpu=cortex-a9 -mfpu=vfpv3 -mfloat-abi=hard -nost
TRACE::2025-03-26.16:21:38::SCWMssOS::artfiles -g -Wall -Wextra -fno-tree-loop-distribute-patterns -DSHAREABLE_DRR"

TRACE::2025-03-26.16:21:38::SCWMssOS::"Running Make include in ps7_cortexa9_0/libsrc/scugic_v4_7/src"

TRACE::2025-03-26.16:21:38::SCWMssOS::make -C ps7_cortexa9_0/libsrc/scugic_v4_7/src -s include  "SHELL=CMD" "COMPILER=arm-none-eabi-gcc" "ASSEMBLER=arm-none-eabi-as"
TRACE::2025-03-26.16:21:38::SCWMssOS:: "ARCHIVER=arm-none-eabi-ar" "COMPILER_FLAGS=  -O2 -c" "EXTRA_COMPILER_FLAGS=-mcpu=cortex-a9 -mfpu=vfpv3 -mfloat-abi=hard -nost
TRACE::2025-03-26.16:21:38::SCWMssOS::artfiles -g -Wall -Wextra -fno-tree-loop-distribute-patterns -DSHAREABLE_DRR"

TRACE::2025-03-26.16:21:38::SCWMssOS::"Running Make include in ps7_cortexa9_0/libsrc/scutimer_v2_4/src"

TRACE::2025-03-26.16:21:38::SCWMssOS::make -C ps7_cortexa9_0/libsrc/scutimer_v2_4/src -s include  "SHELL=CMD" "COMPILER=arm-none-eabi-gcc" "ASSEMBLER=arm-none-eabi-a
TRACE::2025-03-26.16:21:38::SCWMssOS::s" "ARCHIVER=arm-none-eabi-ar" "COMPILER_FLAGS=  -O2 -c" "EXTRA_COMPILER_FLAGS=-mcpu=cortex-a9 -mfpu=vfpv3 -mfloat-abi=hard -no
TRACE::2025-03-26.16:21:39::SCWMssOS::startfiles -g -Wall -Wextra -fno-tree-loop-distribute-patterns -DSHAREABLE_DRR"

TRACE::2025-03-26.16:21:39::SCWMssOS::"Running Make include in ps7_cortexa9_0/libsrc/scuwdt_v2_4/src"

TRACE::2025-03-26.16:21:39::SCWMssOS::make -C ps7_cortexa9_0/libsrc/scuwdt_v2_4/src -s include  "SHELL=CMD" "COMPILER=arm-none-eabi-gcc" "ASSEMBLER=arm-none-eabi-as"
TRACE::2025-03-26.16:21:39::SCWMssOS:: "ARCHIVER=arm-none-eabi-ar" "COMPILER_FLAGS=  -O2 -c" "EXTRA_COMPILER_FLAGS=-mcpu=cortex-a9 -mfpu=vfpv3 -mfloat-abi=hard -nost
TRACE::2025-03-26.16:21:39::SCWMssOS::artfiles -g -Wall -Wextra -fno-tree-loop-distribute-patterns -DSHAREABLE_DRR"

TRACE::2025-03-26.16:21:39::SCWMssOS::"Running Make include in ps7_cortexa9_0/libsrc/sdps_v3_14/src"

TRACE::2025-03-26.16:21:39::SCWMssOS::make -C ps7_cortexa9_0/libsrc/sdps_v3_14/src -s include  "SHELL=CMD" "COMPILER=arm-none-eabi-gcc" "ASSEMBLER=arm-none-eabi-as" 
TRACE::2025-03-26.16:21:39::SCWMssOS::"ARCHIVER=arm-none-eabi-ar" "COMPILER_FLAGS=  -O2 -c" "EXTRA_COMPILER_FLAGS=-mcpu=cortex-a9 -mfpu=vfpv3 -mfloat-abi=hard -nosta
TRACE::2025-03-26.16:21:39::SCWMssOS::rtfiles -g -Wall -Wextra -fno-tree-loop-distribute-patterns -DSHAREABLE_DRR"

TRACE::2025-03-26.16:21:39::SCWMssOS::"Running Make include in ps7_cortexa9_0/libsrc/standalone_v7_7/src"

TRACE::2025-03-26.16:21:39::SCWMssOS::make -C ps7_cortexa9_0/libsrc/standalone_v7_7/src -s include  "SHELL=CMD" "COMPILER=arm-none-eabi-gcc" "ASSEMBLER=arm-none-eabi
TRACE::2025-03-26.16:21:39::SCWMssOS::-as" "ARCHIVER=arm-none-eabi-ar" "COMPILER_FLAGS=  -O2 -c" "EXTRA_COMPILER_FLAGS=-mcpu=cortex-a9 -mfpu=vfpv3 -mfloat-abi=hard -
TRACE::2025-03-26.16:21:39::SCWMssOS::nostartfiles -g -Wall -Wextra -fno-tree-loop-distribute-patterns -DSHAREABLE_DRR"

TRACE::2025-03-26.16:21:39::SCWMssOS::"Running Make include in ps7_cortexa9_0/libsrc/uartps_v3_11/src"

TRACE::2025-03-26.16:21:39::SCWMssOS::make -C ps7_cortexa9_0/libsrc/uartps_v3_11/src -s include  "SHELL=CMD" "COMPILER=arm-none-eabi-gcc" "ASSEMBLER=arm-none-eabi-as
TRACE::2025-03-26.16:21:39::SCWMssOS::" "ARCHIVER=arm-none-eabi-ar" "COMPILER_FLAGS=  -O2 -c" "EXTRA_COMPILER_FLAGS=-mcpu=cortex-a9 -mfpu=vfpv3 -mfloat-abi=hard -nos
TRACE::2025-03-26.16:21:39::SCWMssOS::tartfiles -g -Wall -Wextra -fno-tree-loop-distribute-patterns -DSHAREABLE_DRR"

TRACE::2025-03-26.16:21:39::SCWMssOS::"Running Make include in ps7_cortexa9_0/libsrc/usbps_v2_7/src"

TRACE::2025-03-26.16:21:39::SCWMssOS::make -C ps7_cortexa9_0/libsrc/usbps_v2_7/src -s include  "SHELL=CMD" "COMPILER=arm-none-eabi-gcc" "ASSEMBLER=arm-none-eabi-as" 
TRACE::2025-03-26.16:21:39::SCWMssOS::"ARCHIVER=arm-none-eabi-ar" "COMPILER_FLAGS=  -O2 -c" "EXTRA_COMPILER_FLAGS=-mcpu=cortex-a9 -mfpu=vfpv3 -mfloat-abi=hard -nosta
TRACE::2025-03-26.16:21:39::SCWMssOS::rtfiles -g -Wall -Wextra -fno-tree-loop-distribute-patterns -DSHAREABLE_DRR"

TRACE::2025-03-26.16:21:39::SCWMssOS::"Running Make include in ps7_cortexa9_0/libsrc/xadcps_v2_6/src"

TRACE::2025-03-26.16:21:39::SCWMssOS::make -C ps7_cortexa9_0/libsrc/xadcps_v2_6/src -s include  "SHELL=CMD" "COMPILER=arm-none-eabi-gcc" "ASSEMBLER=arm-none-eabi-as"
TRACE::2025-03-26.16:21:39::SCWMssOS:: "ARCHIVER=arm-none-eabi-ar" "COMPILER_FLAGS=  -O2 -c" "EXTRA_COMPILER_FLAGS=-mcpu=cortex-a9 -mfpu=vfpv3 -mfloat-abi=hard -nost
TRACE::2025-03-26.16:21:39::SCWMssOS::artfiles -g -Wall -Wextra -fno-tree-loop-distribute-patterns -DSHAREABLE_DRR"

TRACE::2025-03-26.16:21:40::SCWMssOS::"Running Make libs in ps7_cortexa9_0/libsrc/axidma_v9_14/src"

TRACE::2025-03-26.16:21:40::SCWMssOS::"Running Make libs in ps7_cortexa9_0/libsrc/axivdma_v6_11/src"

TRACE::2025-03-26.16:21:40::SCWMssOS::make -C ps7_cortexa9_0/libsrc/axidma_v9_14/src -s libs  "SHELL=CMD" "COMPILER=arm-none-eabi-gcc" "ASSEMBLER=arm-none-eabi-as" "
TRACE::2025-03-26.16:21:40::SCWMssOS::ARCHIVER=arm-none-eabi-ar" "COMPILER_FLAGS=  -O2 -c" "EXTRA_COMPILER_FLAGS=-mcpu=cortex-a9 -mfpu=vfpv3 -mfloat-abi=hard -nostar
TRACE::2025-03-26.16:21:40::SCWMssOS::tfiles -g -Wall -Wextra -fno-tree-loop-distribute-patterns -DSHAREABLE_DRR"

TRACE::2025-03-26.16:21:40::SCWMssOS::make -C ps7_cortexa9_0/libsrc/axivdma_v6_11/src -s libs  "SHELL=CMD" "COMPILER=arm-none-eabi-gcc" "ASSEMBLER=arm-none-eabi-as" 
TRACE::2025-03-26.16:21:40::SCWMssOS::"ARCHIVER=arm-none-eabi-ar" "COMPILER_FLAGS=  -O2 -c" "EXTRA_COMPILER_FLAGS=-mcpu=cortex-a9 -mfpu=vfpv3 -mfloat-abi=hard -nosta
TRACE::2025-03-26.16:21:40::SCWMssOS::rtfiles -g -Wall -Wextra -fno-tree-loop-distribute-patterns -DSHAREABLE_DRR"

TRACE::2025-03-26.16:21:42::SCWMssOS::"Running Make libs in ps7_cortexa9_0/libsrc/coresightps_dcc_v1_8/src"

TRACE::2025-03-26.16:21:42::SCWMssOS::make -C ps7_cortexa9_0/libsrc/coresightps_dcc_v1_8/src -s libs  "SHELL=CMD" "COMPILER=arm-none-eabi-gcc" "ASSEMBLER=arm-none-ea
TRACE::2025-03-26.16:21:42::SCWMssOS::bi-as" "ARCHIVER=arm-none-eabi-ar" "COMPILER_FLAGS=  -O2 -c" "EXTRA_COMPILER_FLAGS=-mcpu=cortex-a9 -mfpu=vfpv3 -mfloat-abi=hard
TRACE::2025-03-26.16:21:42::SCWMssOS:: -nostartfiles -g -Wall -Wextra -fno-tree-loop-distribute-patterns -DSHAREABLE_DRR"

TRACE::2025-03-26.16:21:42::SCWMssOS::"Running Make libs in ps7_cortexa9_0/libsrc/cpu_cortexa9_v2_11/src"

TRACE::2025-03-26.16:21:42::SCWMssOS::make -C ps7_cortexa9_0/libsrc/cpu_cortexa9_v2_11/src -s libs  "SHELL=CMD" "COMPILER=arm-none-eabi-gcc" "ASSEMBLER=arm-none-eabi
TRACE::2025-03-26.16:21:42::SCWMssOS::-as" "ARCHIVER=arm-none-eabi-ar" "COMPILER_FLAGS=  -O2 -c" "EXTRA_COMPILER_FLAGS=-mcpu=cortex-a9 -mfpu=vfpv3 -mfloat-abi=hard -
TRACE::2025-03-26.16:21:42::SCWMssOS::nostartfiles -g -Wall -Wextra -fno-tree-loop-distribute-patterns -DSHAREABLE_DRR"

TRACE::2025-03-26.16:21:42::SCWMssOS::"Running Make libs in ps7_cortexa9_0/libsrc/ddrps_v1_2/src"

TRACE::2025-03-26.16:21:42::SCWMssOS::make -C ps7_cortexa9_0/libsrc/ddrps_v1_2/src -s libs  "SHELL=CMD" "COMPILER=arm-none-eabi-gcc" "ASSEMBLER=arm-none-eabi-as" "AR
TRACE::2025-03-26.16:21:42::SCWMssOS::CHIVER=arm-none-eabi-ar" "COMPILER_FLAGS=  -O2 -c" "EXTRA_COMPILER_FLAGS=-mcpu=cortex-a9 -mfpu=vfpv3 -mfloat-abi=hard -nostartf
TRACE::2025-03-26.16:21:42::SCWMssOS::iles -g -Wall -Wextra -fno-tree-loop-distribute-patterns -DSHAREABLE_DRR"

TRACE::2025-03-26.16:21:42::SCWMssOS::"Running Make libs in ps7_cortexa9_0/libsrc/devcfg_v3_7/src"

TRACE::2025-03-26.16:21:42::SCWMssOS::make -C ps7_cortexa9_0/libsrc/devcfg_v3_7/src -s libs  "SHELL=CMD" "COMPILER=arm-none-eabi-gcc" "ASSEMBLER=arm-none-eabi-as" "A
TRACE::2025-03-26.16:21:42::SCWMssOS::RCHIVER=arm-none-eabi-ar" "COMPILER_FLAGS=  -O2 -c" "EXTRA_COMPILER_FLAGS=-mcpu=cortex-a9 -mfpu=vfpv3 -mfloat-abi=hard -nostart
TRACE::2025-03-26.16:21:42::SCWMssOS::files -g -Wall -Wextra -fno-tree-loop-distribute-patterns -DSHAREABLE_DRR"

TRACE::2025-03-26.16:21:42::SCWMssOS::"Running Make libs in ps7_cortexa9_0/libsrc/dmaps_v2_8/src"

TRACE::2025-03-26.16:21:42::SCWMssOS::make -C ps7_cortexa9_0/libsrc/dmaps_v2_8/src -s libs  "SHELL=CMD" "COMPILER=arm-none-eabi-gcc" "ASSEMBLER=arm-none-eabi-as" "AR
TRACE::2025-03-26.16:21:42::SCWMssOS::CHIVER=arm-none-eabi-ar" "COMPILER_FLAGS=  -O2 -c" "EXTRA_COMPILER_FLAGS=-mcpu=cortex-a9 -mfpu=vfpv3 -mfloat-abi=hard -nostartf
TRACE::2025-03-26.16:21:42::SCWMssOS::iles -g -Wall -Wextra -fno-tree-loop-distribute-patterns -DSHAREABLE_DRR"

TRACE::2025-03-26.16:21:43::SCWMssOS::"Running Make libs in ps7_cortexa9_0/libsrc/emacps_v3_16/src"

TRACE::2025-03-26.16:21:43::SCWMssOS::make -C ps7_cortexa9_0/libsrc/emacps_v3_16/src -s libs  "SHELL=CMD" "COMPILER=arm-none-eabi-gcc" "ASSEMBLER=arm-none-eabi-as" "
TRACE::2025-03-26.16:21:43::SCWMssOS::ARCHIVER=arm-none-eabi-ar" "COMPILER_FLAGS=  -O2 -c" "EXTRA_COMPILER_FLAGS=-mcpu=cortex-a9 -mfpu=vfpv3 -mfloat-abi=hard -nostar
TRACE::2025-03-26.16:21:43::SCWMssOS::tfiles -g -Wall -Wextra -fno-tree-loop-distribute-patterns -DSHAREABLE_DRR"

TRACE::2025-03-26.16:21:43::SCWMssOS::"Running Make libs in ps7_cortexa9_0/libsrc/gpiops_v3_9/src"

TRACE::2025-03-26.16:21:43::SCWMssOS::make -C ps7_cortexa9_0/libsrc/gpiops_v3_9/src -s libs  "SHELL=CMD" "COMPILER=arm-none-eabi-gcc" "ASSEMBLER=arm-none-eabi-as" "A
TRACE::2025-03-26.16:21:43::SCWMssOS::RCHIVER=arm-none-eabi-ar" "COMPILER_FLAGS=  -O2 -c" "EXTRA_COMPILER_FLAGS=-mcpu=cortex-a9 -mfpu=vfpv3 -mfloat-abi=hard -nostart
TRACE::2025-03-26.16:21:43::SCWMssOS::files -g -Wall -Wextra -fno-tree-loop-distribute-patterns -DSHAREABLE_DRR"

TRACE::2025-03-26.16:21:45::SCWMssOS::"Running Make libs in ps7_cortexa9_0/libsrc/iicps_v3_15/src"

TRACE::2025-03-26.16:21:45::SCWMssOS::make -C ps7_cortexa9_0/libsrc/iicps_v3_15/src -s libs  "SHELL=CMD" "COMPILER=arm-none-eabi-gcc" "ASSEMBLER=arm-none-eabi-as" "A
TRACE::2025-03-26.16:21:45::SCWMssOS::RCHIVER=arm-none-eabi-ar" "COMPILER_FLAGS=  -O2 -c" "EXTRA_COMPILER_FLAGS=-mcpu=cortex-a9 -mfpu=vfpv3 -mfloat-abi=hard -nostart
TRACE::2025-03-26.16:21:45::SCWMssOS::files -g -Wall -Wextra -fno-tree-loop-distribute-patterns -DSHAREABLE_DRR"

TRACE::2025-03-26.16:21:45::SCWMssOS::"Running Make libs in ps7_cortexa9_0/libsrc/qspips_v3_9/src"

TRACE::2025-03-26.16:21:45::SCWMssOS::make -C ps7_cortexa9_0/libsrc/qspips_v3_9/src -s libs  "SHELL=CMD" "COMPILER=arm-none-eabi-gcc" "ASSEMBLER=arm-none-eabi-as" "A
TRACE::2025-03-26.16:21:45::SCWMssOS::RCHIVER=arm-none-eabi-ar" "COMPILER_FLAGS=  -O2 -c" "EXTRA_COMPILER_FLAGS=-mcpu=cortex-a9 -mfpu=vfpv3 -mfloat-abi=hard -nostart
TRACE::2025-03-26.16:21:45::SCWMssOS::files -g -Wall -Wextra -fno-tree-loop-distribute-patterns -DSHAREABLE_DRR"

TRACE::2025-03-26.16:21:46::SCWMssOS::"Running Make libs in ps7_cortexa9_0/libsrc/scugic_v4_7/src"

TRACE::2025-03-26.16:21:46::SCWMssOS::make -C ps7_cortexa9_0/libsrc/scugic_v4_7/src -s libs  "SHELL=CMD" "COMPILER=arm-none-eabi-gcc" "ASSEMBLER=arm-none-eabi-as" "A
TRACE::2025-03-26.16:21:46::SCWMssOS::RCHIVER=arm-none-eabi-ar" "COMPILER_FLAGS=  -O2 -c" "EXTRA_COMPILER_FLAGS=-mcpu=cortex-a9 -mfpu=vfpv3 -mfloat-abi=hard -nostart
TRACE::2025-03-26.16:21:46::SCWMssOS::files -g -Wall -Wextra -fno-tree-loop-distribute-patterns -DSHAREABLE_DRR"

TRACE::2025-03-26.16:21:47::SCWMssOS::"Running Make libs in ps7_cortexa9_0/libsrc/scutimer_v2_4/src"

TRACE::2025-03-26.16:21:47::SCWMssOS::make -C ps7_cortexa9_0/libsrc/scutimer_v2_4/src -s libs  "SHELL=CMD" "COMPILER=arm-none-eabi-gcc" "ASSEMBLER=arm-none-eabi-as" 
TRACE::2025-03-26.16:21:47::SCWMssOS::"ARCHIVER=arm-none-eabi-ar" "COMPILER_FLAGS=  -O2 -c" "EXTRA_COMPILER_FLAGS=-mcpu=cortex-a9 -mfpu=vfpv3 -mfloat-abi=hard -nosta
TRACE::2025-03-26.16:21:47::SCWMssOS::rtfiles -g -Wall -Wextra -fno-tree-loop-distribute-patterns -DSHAREABLE_DRR"

TRACE::2025-03-26.16:21:47::SCWMssOS::"Running Make libs in ps7_cortexa9_0/libsrc/scuwdt_v2_4/src"

TRACE::2025-03-26.16:21:47::SCWMssOS::make -C ps7_cortexa9_0/libsrc/scuwdt_v2_4/src -s libs  "SHELL=CMD" "COMPILER=arm-none-eabi-gcc" "ASSEMBLER=arm-none-eabi-as" "A
TRACE::2025-03-26.16:21:47::SCWMssOS::RCHIVER=arm-none-eabi-ar" "COMPILER_FLAGS=  -O2 -c" "EXTRA_COMPILER_FLAGS=-mcpu=cortex-a9 -mfpu=vfpv3 -mfloat-abi=hard -nostart
TRACE::2025-03-26.16:21:47::SCWMssOS::files -g -Wall -Wextra -fno-tree-loop-distribute-patterns -DSHAREABLE_DRR"

TRACE::2025-03-26.16:21:48::SCWMssOS::"Running Make libs in ps7_cortexa9_0/libsrc/sdps_v3_14/src"

TRACE::2025-03-26.16:21:48::SCWMssOS::make -C ps7_cortexa9_0/libsrc/sdps_v3_14/src -s libs  "SHELL=CMD" "COMPILER=arm-none-eabi-gcc" "ASSEMBLER=arm-none-eabi-as" "AR
TRACE::2025-03-26.16:21:48::SCWMssOS::CHIVER=arm-none-eabi-ar" "COMPILER_FLAGS=  -O2 -c" "EXTRA_COMPILER_FLAGS=-mcpu=cortex-a9 -mfpu=vfpv3 -mfloat-abi=hard -nostartf
TRACE::2025-03-26.16:21:48::SCWMssOS::iles -g -Wall -Wextra -fno-tree-loop-distribute-patterns -DSHAREABLE_DRR"

TRACE::2025-03-26.16:21:48::SCWMssOS::"Running Make libs in ps7_cortexa9_0/libsrc/standalone_v7_7/src"

TRACE::2025-03-26.16:21:48::SCWMssOS::make -C ps7_cortexa9_0/libsrc/standalone_v7_7/src -s libs  "SHELL=CMD" "COMPILER=arm-none-eabi-gcc" "ASSEMBLER=arm-none-eabi-as
TRACE::2025-03-26.16:21:48::SCWMssOS::" "ARCHIVER=arm-none-eabi-ar" "COMPILER_FLAGS=  -O2 -c" "EXTRA_COMPILER_FLAGS=-mcpu=cortex-a9 -mfpu=vfpv3 -mfloat-abi=hard -nos
TRACE::2025-03-26.16:21:48::SCWMssOS::tartfiles -g -Wall -Wextra -fno-tree-loop-distribute-patterns -DSHAREABLE_DRR"

TRACE::2025-03-26.16:21:49::SCWMssOS::"Running Make libs in ps7_cortexa9_0/libsrc/uartps_v3_11/src"

TRACE::2025-03-26.16:21:49::SCWMssOS::make -C ps7_cortexa9_0/libsrc/uartps_v3_11/src -s libs  "SHELL=CMD" "COMPILER=arm-none-eabi-gcc" "ASSEMBLER=arm-none-eabi-as" "
TRACE::2025-03-26.16:21:49::SCWMssOS::ARCHIVER=arm-none-eabi-ar" "COMPILER_FLAGS=  -O2 -c" "EXTRA_COMPILER_FLAGS=-mcpu=cortex-a9 -mfpu=vfpv3 -mfloat-abi=hard -nostar
TRACE::2025-03-26.16:21:49::SCWMssOS::tfiles -g -Wall -Wextra -fno-tree-loop-distribute-patterns -DSHAREABLE_DRR"

TRACE::2025-03-26.16:21:51::SCWMssOS::"Running Make libs in ps7_cortexa9_0/libsrc/usbps_v2_7/src"

TRACE::2025-03-26.16:21:51::SCWMssOS::make -C ps7_cortexa9_0/libsrc/usbps_v2_7/src -s libs  "SHELL=CMD" "COMPILER=arm-none-eabi-gcc" "ASSEMBLER=arm-none-eabi-as" "AR
TRACE::2025-03-26.16:21:51::SCWMssOS::CHIVER=arm-none-eabi-ar" "COMPILER_FLAGS=  -O2 -c" "EXTRA_COMPILER_FLAGS=-mcpu=cortex-a9 -mfpu=vfpv3 -mfloat-abi=hard -nostartf
TRACE::2025-03-26.16:21:51::SCWMssOS::iles -g -Wall -Wextra -fno-tree-loop-distribute-patterns -DSHAREABLE_DRR"

TRACE::2025-03-26.16:21:53::SCWMssOS::"Running Make libs in ps7_cortexa9_0/libsrc/xadcps_v2_6/src"

TRACE::2025-03-26.16:21:53::SCWMssOS::make -C ps7_cortexa9_0/libsrc/xadcps_v2_6/src -s libs  "SHELL=CMD" "COMPILER=arm-none-eabi-gcc" "ASSEMBLER=arm-none-eabi-as" "A
TRACE::2025-03-26.16:21:53::SCWMssOS::RCHIVER=arm-none-eabi-ar" "COMPILER_FLAGS=  -O2 -c" "EXTRA_COMPILER_FLAGS=-mcpu=cortex-a9 -mfpu=vfpv3 -mfloat-abi=hard -nostart
TRACE::2025-03-26.16:21:53::SCWMssOS::files -g -Wall -Wextra -fno-tree-loop-distribute-patterns -DSHAREABLE_DRR"

TRACE::2025-03-26.16:21:56::SCWMssOS::'Finished building libraries parallelly.'

TRACE::2025-03-26.16:21:56::SCWMssOS::make --no-print-directory archive

TRACE::2025-03-26.16:21:56::SCWMssOS::arm-none-eabi-ar -r  ps7_cortexa9_0/lib/libxil.a ps7_cortexa9_0/lib/xadcps_selftest.o ps7_cortexa9_0/lib/xplatform_info.o ps7_c
TRACE::2025-03-26.16:21:56::SCWMssOS::ortexa9_0/lib/xil_mem.o ps7_cortexa9_0/lib/_exit.o ps7_cortexa9_0/lib/xusbps_sinit.o ps7_cortexa9_0/lib/xdevcfg_hw.o ps7_cortex
TRACE::2025-03-26.16:21:56::SCWMssOS::a9_0/lib/xil_sleeptimer.o ps7_cortexa9_0/lib/xqspips_options.o ps7_cortexa9_0/lib/xdmaps_g.o ps7_cortexa9_0/lib/xscutimer_g.o p
TRACE::2025-03-26.16:21:56::SCWMssOS::s7_cortexa9_0/lib/xsdps_options.o ps7_cortexa9_0/lib/xil_misc_psreset_api.o ps7_cortexa9_0/lib/xdmaps_sinit.o ps7_cortexa9_0/li
TRACE::2025-03-26.16:21:56::SCWMssOS::b/xscutimer_sinit.o ps7_cortexa9_0/lib/xemacps_hw.o ps7_cortexa9_0/lib/inbyte.o ps7_cortexa9_0/lib/xscutimer_selftest.o ps7_cor
TRACE::2025-03-26.16:21:56::SCWMssOS::texa9_0/lib/putnum.o ps7_cortexa9_0/lib/xqspips_hw.o ps7_cortexa9_0/lib/xgpiops_g.o ps7_cortexa9_0/lib/xsdps.o ps7_cortexa9_0/l
TRACE::2025-03-26.16:21:56::SCWMssOS::ib/close.o ps7_cortexa9_0/lib/xemacps_g.o ps7_cortexa9_0/lib/xgpiops_sinit.o ps7_cortexa9_0/lib/xgpiops_selftest.o ps7_cortexa9
TRACE::2025-03-26.16:21:56::SCWMssOS::_0/lib/xscuwdt.o ps7_cortexa9_0/lib/xaxivdma_g.o ps7_cortexa9_0/lib/xiicps_intr.o ps7_cortexa9_0/lib/xaxivdma_sinit.o ps7_corte
TRACE::2025-03-26.16:21:56::SCWMssOS::xa9_0/lib/xuartps_sinit.o ps7_cortexa9_0/lib/time.o ps7_cortexa9_0/lib/xaxivdma_selftest.o ps7_cortexa9_0/lib/xiicps_slave.o ps
TRACE::2025-03-26.16:21:56::SCWMssOS::7_cortexa9_0/lib/xil_printf.o ps7_cortexa9_0/lib/kill.o ps7_cortexa9_0/lib/xadcps.o ps7_cortexa9_0/lib/xiicps_options.o ps7_cor
TRACE::2025-03-26.16:21:56::SCWMssOS::texa9_0/lib/xdmaps.o ps7_cortexa9_0/lib/xuartps_selftest.o ps7_cortexa9_0/lib/xuartps_g.o ps7_cortexa9_0/lib/outbyte.o ps7_cort
TRACE::2025-03-26.16:21:56::SCWMssOS::exa9_0/lib/lseek.o ps7_cortexa9_0/lib/xusbps_hw.o ps7_cortexa9_0/lib/xl2cc_counter.o ps7_cortexa9_0/lib/xiicps_hw.o ps7_cortexa
TRACE::2025-03-26.16:21:56::SCWMssOS::9_0/lib/asm_vectors.o ps7_cortexa9_0/lib/usleep.o ps7_cortexa9_0/lib/abort.o ps7_cortexa9_0/lib/xscugic_intr.o ps7_cortexa9_0/l
TRACE::2025-03-26.16:21:56::SCWMssOS::ib/getpid.o ps7_cortexa9_0/lib/xiicps_selftest.o ps7_cortexa9_0/lib/xil_testcache.o ps7_cortexa9_0/lib/xdevcfg_sinit.o ps7_cort
TRACE::2025-03-26.16:21:56::SCWMssOS::exa9_0/lib/xgpiops.o ps7_cortexa9_0/lib/xscutimer.o ps7_cortexa9_0/lib/xdevcfg_selftest.o ps7_cortexa9_0/lib/xpm_counter.o ps7_
TRACE::2025-03-26.16:21:56::SCWMssOS::cortexa9_0/lib/xiicps.o ps7_cortexa9_0/lib/_sbrk.o ps7_cortexa9_0/lib/xiicps_master.o ps7_cortexa9_0/lib/xqspips_g.o ps7_cortex
TRACE::2025-03-26.16:21:56::SCWMssOS::a9_0/lib/xemacps_bdring.o ps7_cortexa9_0/lib/xusbps_endpoint.o ps7_cortexa9_0/lib/xqspips_sinit.o ps7_cortexa9_0/lib/xqspips_se
TRACE::2025-03-26.16:21:56::SCWMssOS::lftest.o ps7_cortexa9_0/lib/xil_exception.o ps7_cortexa9_0/lib/sbrk.o ps7_cortexa9_0/lib/xil_testmem.o ps7_cortexa9_0/lib/xaxiv
TRACE::2025-03-26.16:21:56::SCWMssOS::dma.o ps7_cortexa9_0/lib/xemacps_control.o ps7_cortexa9_0/lib/xdevcfg.o ps7_cortexa9_0/lib/open.o ps7_cortexa9_0/lib/xil_assert
TRACE::2025-03-26.16:21:56::SCWMssOS::.o ps7_cortexa9_0/lib/xaxivdma_intr.o ps7_cortexa9_0/lib/xusbps_intr.o ps7_cortexa9_0/lib/xsdps_host.o ps7_cortexa9_0/lib/xcore
TRACE::2025-03-26.16:21:56::SCWMssOS::sightpsdcc.o ps7_cortexa9_0/lib/xscugic_hw.o ps7_cortexa9_0/lib/sleep.o ps7_cortexa9_0/lib/xil-crt0.o ps7_cortexa9_0/lib/cppute
TRACE::2025-03-26.16:21:56::SCWMssOS::st_time.o ps7_cortexa9_0/lib/fcntl.o ps7_cortexa9_0/lib/print.o ps7_cortexa9_0/lib/read.o ps7_cortexa9_0/lib/xiicps_g.o ps7_cor
TRACE::2025-03-26.16:21:56::SCWMssOS::texa9_0/lib/xadcps_intr.o ps7_cortexa9_0/lib/xqspips.o ps7_cortexa9_0/lib/xemacps.o ps7_cortexa9_0/lib/xil_cache.o ps7_cortexa9
TRACE::2025-03-26.16:21:56::SCWMssOS::_0/lib/xil_testio.o ps7_cortexa9_0/lib/_open.o ps7_cortexa9_0/lib/unlink.o ps7_cortexa9_0/lib/xaxidma_g.o ps7_cortexa9_0/lib/xu
TRACE::2025-03-26.16:21:56::SCWMssOS::sbps.o ps7_cortexa9_0/lib/xusbps_g.o ps7_cortexa9_0/lib/xdmaps_selftest.o ps7_cortexa9_0/lib/xaxidma_sinit.o ps7_cortexa9_0/lib
TRACE::2025-03-26.16:21:56::SCWMssOS::/xil_spinlock.o ps7_cortexa9_0/lib/translation_table.o ps7_cortexa9_0/lib/xaxidma_selftest.o ps7_cortexa9_0/lib/write.o ps7_cor
TRACE::2025-03-26.16:21:56::SCWMssOS::texa9_0/lib/xil_mmu.o ps7_cortexa9_0/lib/boot.o ps7_cortexa9_0/lib/xaxivdma_channel.o ps7_cortexa9_0/lib/cpu_init.o ps7_cortexa
TRACE::2025-03-26.16:21:56::SCWMssOS::9_0/lib/xaxidma_bd.o ps7_cortexa9_0/lib/xil_sleepcommon.o ps7_cortexa9_0/lib/xgpiops_intr.o ps7_cortexa9_0/lib/xscugic_sinit.o 
TRACE::2025-03-26.16:21:56::SCWMssOS::ps7_cortexa9_0/lib/xdevcfg_g.o ps7_cortexa9_0/lib/xscugic_selftest.o ps7_cortexa9_0/lib/xinterrupt_wrap.o ps7_cortexa9_0/lib/xu
TRACE::2025-03-26.16:21:56::SCWMssOS::artps_hw.o ps7_cortexa9_0/lib/xtime_l.o ps7_cortexa9_0/lib/xemacps_sinit.o ps7_cortexa9_0/lib/xil_util.o ps7_cortexa9_0/lib/xua
TRACE::2025-03-26.16:21:56::SCWMssOS::rtps_intr.o ps7_cortexa9_0/lib/xuartps.o ps7_cortexa9_0/lib/xsdps_card.o ps7_cortexa9_0/lib/xdmaps_hw.o ps7_cortexa9_0/lib/xsdp
TRACE::2025-03-26.16:21:56::SCWMssOS::s_sinit.o ps7_cortexa9_0/lib/xscuwdt_sinit.o ps7_cortexa9_0/lib/xgpiops_hw.o ps7_cortexa9_0/lib/xsdps_g.o ps7_cortexa9_0/lib/fs
TRACE::2025-03-26.16:21:56::SCWMssOS::tat.o ps7_cortexa9_0/lib/xaxidma.o ps7_cortexa9_0/lib/errno.o ps7_cortexa9_0/lib/xdevcfg_intr.o ps7_cortexa9_0/lib/xuartps_opti
TRACE::2025-03-26.16:21:56::SCWMssOS::ons.o ps7_cortexa9_0/lib/vectors.o ps7_cortexa9_0/lib/xscuwdt_g.o ps7_cortexa9_0/lib/xil_clocking.o ps7_cortexa9_0/lib/xemacps_
TRACE::2025-03-26.16:21:56::SCWMssOS::intr.o ps7_cortexa9_0/lib/xscuwdt_selftest.o ps7_cortexa9_0/lib/xscugic_g.o ps7_cortexa9_0/lib/isatty.o ps7_cortexa9_0/lib/xscu
TRACE::2025-03-26.16:21:56::SCWMssOS::gic.o ps7_cortexa9_0/lib/xiicps_sinit.o ps7_cortexa9_0/lib/xadcps_g.o ps7_cortexa9_0/lib/xaxidma_bdring.o ps7_cortexa9_0/lib/xa
TRACE::2025-03-26.16:21:56::SCWMssOS::dcps_sinit.o ps7_cortexa9_0/lib/xiicps_xfer.o

TRACE::2025-03-26.16:21:56::SCWMssOS::'Finished building libraries'

TRACE::2025-03-26.16:21:57::SCWMssOS::Copying to export directory.
TRACE::2025-03-26.16:21:58::SCWMssOS:: Checking if to create the Supporting Applications
TRACE::2025-03-26.16:21:58::SCWMssOS:: No Linux domain exists, trying to generate FSBL 
LOG::2025-03-26.16:21:58::SCWSystem::Completed Processing the domain standalone_domain
LOG::2025-03-26.16:21:58::SCWSystem::Started Processing the domain standalone_ps7_cortexa9_1
TRACE::2025-03-26.16:21:58::SCWDomain::Generating domain artifcats
TRACE::2025-03-26.16:21:58::SCWMssOS::Generating standalone artifcats
TRACE::2025-03-26.16:21:58::SCWMssOS::Copying the qemu file from  C:/Users/j54mao/ECE423/ECE-423-Labs/workspace/Assignment3_platform/resources/Assignment3_platform/standalone_ps7_cortexa9_1/qemu_args.txt To C:/Users/j54mao/ECE423/ECE-423-Labs/workspace/Assignment3_platform/export/Assignment3_platform/sw/Assignment3_platform/standalone_ps7_cortexa9_1/qemu/
TRACE::2025-03-26.16:21:58::SCWMssOS:: Copying the user libraries. 
TRACE::2025-03-26.16:21:58::SCWPlatform::Trying to open the hw design at C:/Users/j54mao/ECE423/ECE-423-Labs/workspace/Assignment3_platform/hw/lab_prefab_wrapper.xsa
TRACE::2025-03-26.16:21:58::SCWPlatform::DSA given C:/Users/j54mao/ECE423/ECE-423-Labs/workspace/Assignment3_platform/hw/lab_prefab_wrapper.xsa
TRACE::2025-03-26.16:21:58::SCWPlatform::DSA absoulate path C:/Users/j54mao/ECE423/ECE-423-Labs/workspace/Assignment3_platform/hw/lab_prefab_wrapper.xsa
TRACE::2025-03-26.16:21:58::SCWPlatform::DSA directory C:/Users/j54mao/ECE423/ECE-423-Labs/workspace/Assignment3_platform/hw
TRACE::2025-03-26.16:21:58::SCWPlatform:: Platform Path C:/Users/j54mao/ECE423/ECE-423-Labs/workspace/Assignment3_platform/hw/lab_prefab_wrapper.xsa
TRACE::2025-03-26.16:21:58::SCWPlatform:: Unique name xilinx:pynq-z1::0.0
TRACE::2025-03-26.16:21:58::SCWPlatform::Trying to set the existing hwdb with name lab_prefab_wrapper_2
TRACE::2025-03-26.16:21:58::SCWPlatform::Opened existing hwdb lab_prefab_wrapper_2
TRACE::2025-03-26.16:21:58::SCWPlatform::Found the Hw Db part of the input DSA
TRACE::2025-03-26.16:21:58::SCWMssOS::Checking the sw design at  C:/Users/j54mao/ECE423/ECE-423-Labs/workspace/Assignment3_platform/ps7_cortexa9_1/standalone_ps7_cortexa9_1/bsp/system.mss
TRACE::2025-03-26.16:21:58::SCWMssOS::DEBUG:  swdes dump  C:/Users/j54mao/ECE423/ECE-423-Labs/workspace/Assignment3_platform/ps7_cortexa9_0/standalone_domain/bsp/system.mss|system_1||
C:/Users/j54mao/ECE423/ECE-423-Labs/workspace/Assignment3_platform/zynq_fsbl/zynq_fsbl_bsp/system.mss|system_0||

TRACE::2025-03-26.16:21:58::SCWMssOS::No sw design opened at  C:/Users/j54mao/ECE423/ECE-423-Labs/workspace/Assignment3_platform/ps7_cortexa9_1/standalone_ps7_cortexa9_1/bsp/system.mss
TRACE::2025-03-26.16:21:58::SCWMssOS::mss exists loading the mss file  C:/Users/j54mao/ECE423/ECE-423-Labs/workspace/Assignment3_platform/ps7_cortexa9_1/standalone_ps7_cortexa9_1/bsp/system.mss
TRACE::2025-03-26.16:21:58::SCWMssOS::Opened the sw design from mss  C:/Users/j54mao/ECE423/ECE-423-Labs/workspace/Assignment3_platform/ps7_cortexa9_1/standalone_ps7_cortexa9_1/bsp/system.mss
TRACE::2025-03-26.16:21:58::SCWMssOS::Adding the swdes entry C:/Users/j54mao/ECE423/ECE-423-Labs/workspace/Assignment3_platform/ps7_cortexa9_1/standalone_ps7_cortexa9_1/bsp/system.mss with des name system
TRACE::2025-03-26.16:21:58::SCWMssOS::updating the scw layer about changes
TRACE::2025-03-26.16:21:58::SCWMssOS::Opened the sw design.  C:/Users/j54mao/ECE423/ECE-423-Labs/workspace/Assignment3_platform/ps7_cortexa9_1/standalone_ps7_cortexa9_1/bsp/system.mss
TRACE::2025-03-26.16:21:58::SCWMssOS::Completed writing the mss file at C:/Users/j54mao/ECE423/ECE-423-Labs/workspace/Assignment3_platform/ps7_cortexa9_1/standalone_ps7_cortexa9_1/bsp
TRACE::2025-03-26.16:21:58::SCWMssOS::Mss edits present, copying mssfile into export location C:/Users/j54mao/ECE423/ECE-423-Labs/workspace/Assignment3_platform/ps7_cortexa9_1/standalone_ps7_cortexa9_1/bsp/system.mss
TRACE::2025-03-26.16:21:58::SCWMssOS::bsp generated is upto date with the mss file. Skipping bsp generation.
TRACE::2025-03-26.16:21:58::SCWMssOS::BSP is already built. skipping the bsp build ... 
TRACE::2025-03-26.16:21:58::SCWDomain::Building the domain as part of full build :  standalone_ps7_cortexa9_1
TRACE::2025-03-26.16:21:58::SCWMssOS::doing bsp build ... 
TRACE::2025-03-26.16:21:58::SCWMssOS::System Command Ran  C: & cd  C:/Users/j54mao/ECE423/ECE-423-Labs/workspace/Assignment3_platform/ps7_cortexa9_1/standalone_ps7_cortexa9_1/bsp & make 
TRACE::2025-03-26.16:21:58::SCWMssOS::make --no-print-directory seq_libs

TRACE::2025-03-26.16:21:58::SCWMssOS::'Finished building libraries sequentially.'

TRACE::2025-03-26.16:21:58::SCWMssOS::make -j 2 --no-print-directory par_libs

TRACE::2025-03-26.16:21:58::SCWMssOS::"Running Make include in ps7_cortexa9_1/libsrc/axidma_v9_14/src"

TRACE::2025-03-26.16:21:58::SCWMssOS::"Running Make include in ps7_cortexa9_1/libsrc/axivdma_v6_11/src"

TRACE::2025-03-26.16:21:58::SCWMssOS::make -C ps7_cortexa9_1/libsrc/axidma_v9_14/src -s include  "SHELL=CMD" "COMPILER=arm-none-eabi-gcc" "ASSEMBLER=arm-none-eabi-as
TRACE::2025-03-26.16:21:58::SCWMssOS::" "ARCHIVER=arm-none-eabi-ar" "COMPILER_FLAGS=  -O2 -c" "EXTRA_COMPILER_FLAGS=-mcpu=cortex-a9 -mfpu=vfpv3 -mfloat-abi=hard -nos
TRACE::2025-03-26.16:21:58::SCWMssOS::tartfiles -g -Wall -Wextra -fno-tree-loop-distribute-patterns -DSHAREABLE_DRR -DUSE_AMP=1"

TRACE::2025-03-26.16:21:58::SCWMssOS::make -C ps7_cortexa9_1/libsrc/axivdma_v6_11/src -s include  "SHELL=CMD" "COMPILER=arm-none-eabi-gcc" "ASSEMBLER=arm-none-eabi-a
TRACE::2025-03-26.16:21:58::SCWMssOS::s" "ARCHIVER=arm-none-eabi-ar" "COMPILER_FLAGS=  -O2 -c" "EXTRA_COMPILER_FLAGS=-mcpu=cortex-a9 -mfpu=vfpv3 -mfloat-abi=hard -no
TRACE::2025-03-26.16:21:58::SCWMssOS::startfiles -g -Wall -Wextra -fno-tree-loop-distribute-patterns -DSHAREABLE_DRR -DUSE_AMP=1"

TRACE::2025-03-26.16:21:58::SCWMssOS::"Running Make include in ps7_cortexa9_1/libsrc/coresightps_dcc_v1_8/src"

TRACE::2025-03-26.16:21:58::SCWMssOS::make -C ps7_cortexa9_1/libsrc/coresightps_dcc_v1_8/src -s include  "SHELL=CMD" "COMPILER=arm-none-eabi-gcc" "ASSEMBLER=arm-none
TRACE::2025-03-26.16:21:58::SCWMssOS::-eabi-as" "ARCHIVER=arm-none-eabi-ar" "COMPILER_FLAGS=  -O2 -c" "EXTRA_COMPILER_FLAGS=-mcpu=cortex-a9 -mfpu=vfpv3 -mfloat-abi=h
TRACE::2025-03-26.16:21:58::SCWMssOS::ard -nostartfiles -g -Wall -Wextra -fno-tree-loop-distribute-patterns -DSHAREABLE_DRR -DUSE_AMP=1"

TRACE::2025-03-26.16:21:58::SCWMssOS::"Running Make include in ps7_cortexa9_1/libsrc/cpu_cortexa9_v2_11/src"

TRACE::2025-03-26.16:21:58::SCWMssOS::make -C ps7_cortexa9_1/libsrc/cpu_cortexa9_v2_11/src -s include  "SHELL=CMD" "COMPILER=arm-none-eabi-gcc" "ASSEMBLER=arm-none-e
TRACE::2025-03-26.16:21:58::SCWMssOS::abi-as" "ARCHIVER=arm-none-eabi-ar" "COMPILER_FLAGS=  -O2 -c" "EXTRA_COMPILER_FLAGS=-mcpu=cortex-a9 -mfpu=vfpv3 -mfloat-abi=har
TRACE::2025-03-26.16:21:58::SCWMssOS::d -nostartfiles -g -Wall -Wextra -fno-tree-loop-distribute-patterns -DSHAREABLE_DRR -DUSE_AMP=1"

TRACE::2025-03-26.16:21:59::SCWMssOS::"Running Make include in ps7_cortexa9_1/libsrc/ddrps_v1_2/src"

TRACE::2025-03-26.16:21:59::SCWMssOS::make -C ps7_cortexa9_1/libsrc/ddrps_v1_2/src -s include  "SHELL=CMD" "COMPILER=arm-none-eabi-gcc" "ASSEMBLER=arm-none-eabi-as" 
TRACE::2025-03-26.16:21:59::SCWMssOS::"ARCHIVER=arm-none-eabi-ar" "COMPILER_FLAGS=  -O2 -c" "EXTRA_COMPILER_FLAGS=-mcpu=cortex-a9 -mfpu=vfpv3 -mfloat-abi=hard -nosta
TRACE::2025-03-26.16:21:59::SCWMssOS::rtfiles -g -Wall -Wextra -fno-tree-loop-distribute-patterns -DSHAREABLE_DRR -DUSE_AMP=1"

TRACE::2025-03-26.16:21:59::SCWMssOS::"Running Make include in ps7_cortexa9_1/libsrc/devcfg_v3_7/src"

TRACE::2025-03-26.16:21:59::SCWMssOS::make -C ps7_cortexa9_1/libsrc/devcfg_v3_7/src -s include  "SHELL=CMD" "COMPILER=arm-none-eabi-gcc" "ASSEMBLER=arm-none-eabi-as"
TRACE::2025-03-26.16:21:59::SCWMssOS:: "ARCHIVER=arm-none-eabi-ar" "COMPILER_FLAGS=  -O2 -c" "EXTRA_COMPILER_FLAGS=-mcpu=cortex-a9 -mfpu=vfpv3 -mfloat-abi=hard -nost
TRACE::2025-03-26.16:21:59::SCWMssOS::artfiles -g -Wall -Wextra -fno-tree-loop-distribute-patterns -DSHAREABLE_DRR -DUSE_AMP=1"

TRACE::2025-03-26.16:21:59::SCWMssOS::"Running Make include in ps7_cortexa9_1/libsrc/dmaps_v2_8/src"

TRACE::2025-03-26.16:21:59::SCWMssOS::make -C ps7_cortexa9_1/libsrc/dmaps_v2_8/src -s include  "SHELL=CMD" "COMPILER=arm-none-eabi-gcc" "ASSEMBLER=arm-none-eabi-as" 
TRACE::2025-03-26.16:21:59::SCWMssOS::"ARCHIVER=arm-none-eabi-ar" "COMPILER_FLAGS=  -O2 -c" "EXTRA_COMPILER_FLAGS=-mcpu=cortex-a9 -mfpu=vfpv3 -mfloat-abi=hard -nosta
TRACE::2025-03-26.16:21:59::SCWMssOS::rtfiles -g -Wall -Wextra -fno-tree-loop-distribute-patterns -DSHAREABLE_DRR -DUSE_AMP=1"

TRACE::2025-03-26.16:21:59::SCWMssOS::"Running Make include in ps7_cortexa9_1/libsrc/emacps_v3_16/src"

TRACE::2025-03-26.16:21:59::SCWMssOS::make -C ps7_cortexa9_1/libsrc/emacps_v3_16/src -s include  "SHELL=CMD" "COMPILER=arm-none-eabi-gcc" "ASSEMBLER=arm-none-eabi-as
TRACE::2025-03-26.16:21:59::SCWMssOS::" "ARCHIVER=arm-none-eabi-ar" "COMPILER_FLAGS=  -O2 -c" "EXTRA_COMPILER_FLAGS=-mcpu=cortex-a9 -mfpu=vfpv3 -mfloat-abi=hard -nos
TRACE::2025-03-26.16:21:59::SCWMssOS::tartfiles -g -Wall -Wextra -fno-tree-loop-distribute-patterns -DSHAREABLE_DRR -DUSE_AMP=1"

TRACE::2025-03-26.16:21:59::SCWMssOS::"Running Make include in ps7_cortexa9_1/libsrc/gpiops_v3_9/src"

TRACE::2025-03-26.16:21:59::SCWMssOS::make -C ps7_cortexa9_1/libsrc/gpiops_v3_9/src -s include  "SHELL=CMD" "COMPILER=arm-none-eabi-gcc" "ASSEMBLER=arm-none-eabi-as"
TRACE::2025-03-26.16:21:59::SCWMssOS:: "ARCHIVER=arm-none-eabi-ar" "COMPILER_FLAGS=  -O2 -c" "EXTRA_COMPILER_FLAGS=-mcpu=cortex-a9 -mfpu=vfpv3 -mfloat-abi=hard -nost
TRACE::2025-03-26.16:21:59::SCWMssOS::artfiles -g -Wall -Wextra -fno-tree-loop-distribute-patterns -DSHAREABLE_DRR -DUSE_AMP=1"

TRACE::2025-03-26.16:21:59::SCWMssOS::"Running Make include in ps7_cortexa9_1/libsrc/iicps_v3_15/src"

TRACE::2025-03-26.16:21:59::SCWMssOS::make -C ps7_cortexa9_1/libsrc/iicps_v3_15/src -s include  "SHELL=CMD" "COMPILER=arm-none-eabi-gcc" "ASSEMBLER=arm-none-eabi-as"
TRACE::2025-03-26.16:21:59::SCWMssOS:: "ARCHIVER=arm-none-eabi-ar" "COMPILER_FLAGS=  -O2 -c" "EXTRA_COMPILER_FLAGS=-mcpu=cortex-a9 -mfpu=vfpv3 -mfloat-abi=hard -nost
TRACE::2025-03-26.16:21:59::SCWMssOS::artfiles -g -Wall -Wextra -fno-tree-loop-distribute-patterns -DSHAREABLE_DRR -DUSE_AMP=1"

TRACE::2025-03-26.16:21:59::SCWMssOS::"Running Make include in ps7_cortexa9_1/libsrc/qspips_v3_9/src"

TRACE::2025-03-26.16:21:59::SCWMssOS::make -C ps7_cortexa9_1/libsrc/qspips_v3_9/src -s include  "SHELL=CMD" "COMPILER=arm-none-eabi-gcc" "ASSEMBLER=arm-none-eabi-as"
TRACE::2025-03-26.16:21:59::SCWMssOS:: "ARCHIVER=arm-none-eabi-ar" "COMPILER_FLAGS=  -O2 -c" "EXTRA_COMPILER_FLAGS=-mcpu=cortex-a9 -mfpu=vfpv3 -mfloat-abi=hard -nost
TRACE::2025-03-26.16:21:59::SCWMssOS::artfiles -g -Wall -Wextra -fno-tree-loop-distribute-patterns -DSHAREABLE_DRR -DUSE_AMP=1"

TRACE::2025-03-26.16:21:59::SCWMssOS::"Running Make include in ps7_cortexa9_1/libsrc/scugic_v4_7/src"

TRACE::2025-03-26.16:21:59::SCWMssOS::make -C ps7_cortexa9_1/libsrc/scugic_v4_7/src -s include  "SHELL=CMD" "COMPILER=arm-none-eabi-gcc" "ASSEMBLER=arm-none-eabi-as"
TRACE::2025-03-26.16:21:59::SCWMssOS:: "ARCHIVER=arm-none-eabi-ar" "COMPILER_FLAGS=  -O2 -c" "EXTRA_COMPILER_FLAGS=-mcpu=cortex-a9 -mfpu=vfpv3 -mfloat-abi=hard -nost
TRACE::2025-03-26.16:21:59::SCWMssOS::artfiles -g -Wall -Wextra -fno-tree-loop-distribute-patterns -DSHAREABLE_DRR -DUSE_AMP=1"

TRACE::2025-03-26.16:21:59::SCWMssOS::"Running Make include in ps7_cortexa9_1/libsrc/scutimer_v2_4/src"

TRACE::2025-03-26.16:21:59::SCWMssOS::make -C ps7_cortexa9_1/libsrc/scutimer_v2_4/src -s include  "SHELL=CMD" "COMPILER=arm-none-eabi-gcc" "ASSEMBLER=arm-none-eabi-a
TRACE::2025-03-26.16:21:59::SCWMssOS::s" "ARCHIVER=arm-none-eabi-ar" "COMPILER_FLAGS=  -O2 -c" "EXTRA_COMPILER_FLAGS=-mcpu=cortex-a9 -mfpu=vfpv3 -mfloat-abi=hard -no
TRACE::2025-03-26.16:21:59::SCWMssOS::startfiles -g -Wall -Wextra -fno-tree-loop-distribute-patterns -DSHAREABLE_DRR -DUSE_AMP=1"

TRACE::2025-03-26.16:21:59::SCWMssOS::"Running Make include in ps7_cortexa9_1/libsrc/scuwdt_v2_4/src"

TRACE::2025-03-26.16:21:59::SCWMssOS::make -C ps7_cortexa9_1/libsrc/scuwdt_v2_4/src -s include  "SHELL=CMD" "COMPILER=arm-none-eabi-gcc" "ASSEMBLER=arm-none-eabi-as"
TRACE::2025-03-26.16:21:59::SCWMssOS:: "ARCHIVER=arm-none-eabi-ar" "COMPILER_FLAGS=  -O2 -c" "EXTRA_COMPILER_FLAGS=-mcpu=cortex-a9 -mfpu=vfpv3 -mfloat-abi=hard -nost
TRACE::2025-03-26.16:21:59::SCWMssOS::artfiles -g -Wall -Wextra -fno-tree-loop-distribute-patterns -DSHAREABLE_DRR -DUSE_AMP=1"

TRACE::2025-03-26.16:22:00::SCWMssOS::"Running Make include in ps7_cortexa9_1/libsrc/sdps_v3_14/src"

TRACE::2025-03-26.16:22:00::SCWMssOS::make -C ps7_cortexa9_1/libsrc/sdps_v3_14/src -s include  "SHELL=CMD" "COMPILER=arm-none-eabi-gcc" "ASSEMBLER=arm-none-eabi-as" 
TRACE::2025-03-26.16:22:00::SCWMssOS::"ARCHIVER=arm-none-eabi-ar" "COMPILER_FLAGS=  -O2 -c" "EXTRA_COMPILER_FLAGS=-mcpu=cortex-a9 -mfpu=vfpv3 -mfloat-abi=hard -nosta
TRACE::2025-03-26.16:22:00::SCWMssOS::rtfiles -g -Wall -Wextra -fno-tree-loop-distribute-patterns -DSHAREABLE_DRR -DUSE_AMP=1"

TRACE::2025-03-26.16:22:00::SCWMssOS::"Running Make include in ps7_cortexa9_1/libsrc/standalone_v7_7/src"

TRACE::2025-03-26.16:22:00::SCWMssOS::make -C ps7_cortexa9_1/libsrc/standalone_v7_7/src -s include  "SHELL=CMD" "COMPILER=arm-none-eabi-gcc" "ASSEMBLER=arm-none-eabi
TRACE::2025-03-26.16:22:00::SCWMssOS::-as" "ARCHIVER=arm-none-eabi-ar" "COMPILER_FLAGS=  -O2 -c" "EXTRA_COMPILER_FLAGS=-mcpu=cortex-a9 -mfpu=vfpv3 -mfloat-abi=hard -
TRACE::2025-03-26.16:22:00::SCWMssOS::nostartfiles -g -Wall -Wextra -fno-tree-loop-distribute-patterns -DSHAREABLE_DRR -DUSE_AMP=1"

TRACE::2025-03-26.16:22:00::SCWMssOS::"Running Make include in ps7_cortexa9_1/libsrc/uartps_v3_11/src"

TRACE::2025-03-26.16:22:00::SCWMssOS::make -C ps7_cortexa9_1/libsrc/uartps_v3_11/src -s include  "SHELL=CMD" "COMPILER=arm-none-eabi-gcc" "ASSEMBLER=arm-none-eabi-as
TRACE::2025-03-26.16:22:00::SCWMssOS::" "ARCHIVER=arm-none-eabi-ar" "COMPILER_FLAGS=  -O2 -c" "EXTRA_COMPILER_FLAGS=-mcpu=cortex-a9 -mfpu=vfpv3 -mfloat-abi=hard -nos
TRACE::2025-03-26.16:22:00::SCWMssOS::tartfiles -g -Wall -Wextra -fno-tree-loop-distribute-patterns -DSHAREABLE_DRR -DUSE_AMP=1"

TRACE::2025-03-26.16:22:00::SCWMssOS::"Running Make include in ps7_cortexa9_1/libsrc/usbps_v2_7/src"

TRACE::2025-03-26.16:22:00::SCWMssOS::make -C ps7_cortexa9_1/libsrc/usbps_v2_7/src -s include  "SHELL=CMD" "COMPILER=arm-none-eabi-gcc" "ASSEMBLER=arm-none-eabi-as" 
TRACE::2025-03-26.16:22:00::SCWMssOS::"ARCHIVER=arm-none-eabi-ar" "COMPILER_FLAGS=  -O2 -c" "EXTRA_COMPILER_FLAGS=-mcpu=cortex-a9 -mfpu=vfpv3 -mfloat-abi=hard -nosta
TRACE::2025-03-26.16:22:00::SCWMssOS::rtfiles -g -Wall -Wextra -fno-tree-loop-distribute-patterns -DSHAREABLE_DRR -DUSE_AMP=1"

TRACE::2025-03-26.16:22:00::SCWMssOS::"Running Make include in ps7_cortexa9_1/libsrc/xadcps_v2_6/src"

TRACE::2025-03-26.16:22:00::SCWMssOS::make -C ps7_cortexa9_1/libsrc/xadcps_v2_6/src -s include  "SHELL=CMD" "COMPILER=arm-none-eabi-gcc" "ASSEMBLER=arm-none-eabi-as"
TRACE::2025-03-26.16:22:00::SCWMssOS:: "ARCHIVER=arm-none-eabi-ar" "COMPILER_FLAGS=  -O2 -c" "EXTRA_COMPILER_FLAGS=-mcpu=cortex-a9 -mfpu=vfpv3 -mfloat-abi=hard -nost
TRACE::2025-03-26.16:22:00::SCWMssOS::artfiles -g -Wall -Wextra -fno-tree-loop-distribute-patterns -DSHAREABLE_DRR -DUSE_AMP=1"

TRACE::2025-03-26.16:22:01::SCWMssOS::"Running Make libs in ps7_cortexa9_1/libsrc/axidma_v9_14/src"

TRACE::2025-03-26.16:22:01::SCWMssOS::make -C ps7_cortexa9_1/libsrc/axidma_v9_14/src -s libs  "SHELL=CMD" "COMPILER=arm-none-eabi-gcc" "ASSEMBLER=arm-none-eabi-as" "
TRACE::2025-03-26.16:22:01::SCWMssOS::ARCHIVER=arm-none-eabi-ar" "COMPILER_FLAGS=  -O2 -c" "EXTRA_COMPILER_FLAGS=-mcpu=cortex-a9 -mfpu=vfpv3 -mfloat-abi=hard -nostar
TRACE::2025-03-26.16:22:01::SCWMssOS::tfiles -g -Wall -Wextra -fno-tree-loop-distribute-patterns -DSHAREABLE_DRR -DUSE_AMP=1"

TRACE::2025-03-26.16:22:01::SCWMssOS::"Running Make libs in ps7_cortexa9_1/libsrc/axivdma_v6_11/src"

TRACE::2025-03-26.16:22:01::SCWMssOS::make -C ps7_cortexa9_1/libsrc/axivdma_v6_11/src -s libs  "SHELL=CMD" "COMPILER=arm-none-eabi-gcc" "ASSEMBLER=arm-none-eabi-as" 
TRACE::2025-03-26.16:22:01::SCWMssOS::"ARCHIVER=arm-none-eabi-ar" "COMPILER_FLAGS=  -O2 -c" "EXTRA_COMPILER_FLAGS=-mcpu=cortex-a9 -mfpu=vfpv3 -mfloat-abi=hard -nosta
TRACE::2025-03-26.16:22:01::SCWMssOS::rtfiles -g -Wall -Wextra -fno-tree-loop-distribute-patterns -DSHAREABLE_DRR -DUSE_AMP=1"

TRACE::2025-03-26.16:22:03::SCWMssOS::"Running Make libs in ps7_cortexa9_1/libsrc/coresightps_dcc_v1_8/src"

TRACE::2025-03-26.16:22:03::SCWMssOS::make -C ps7_cortexa9_1/libsrc/coresightps_dcc_v1_8/src -s libs  "SHELL=CMD" "COMPILER=arm-none-eabi-gcc" "ASSEMBLER=arm-none-ea
TRACE::2025-03-26.16:22:03::SCWMssOS::bi-as" "ARCHIVER=arm-none-eabi-ar" "COMPILER_FLAGS=  -O2 -c" "EXTRA_COMPILER_FLAGS=-mcpu=cortex-a9 -mfpu=vfpv3 -mfloat-abi=hard
TRACE::2025-03-26.16:22:03::SCWMssOS:: -nostartfiles -g -Wall -Wextra -fno-tree-loop-distribute-patterns -DSHAREABLE_DRR -DUSE_AMP=1"

TRACE::2025-03-26.16:22:03::SCWMssOS::"Running Make libs in ps7_cortexa9_1/libsrc/cpu_cortexa9_v2_11/src"

TRACE::2025-03-26.16:22:03::SCWMssOS::make -C ps7_cortexa9_1/libsrc/cpu_cortexa9_v2_11/src -s libs  "SHELL=CMD" "COMPILER=arm-none-eabi-gcc" "ASSEMBLER=arm-none-eabi
TRACE::2025-03-26.16:22:03::SCWMssOS::-as" "ARCHIVER=arm-none-eabi-ar" "COMPILER_FLAGS=  -O2 -c" "EXTRA_COMPILER_FLAGS=-mcpu=cortex-a9 -mfpu=vfpv3 -mfloat-abi=hard -
TRACE::2025-03-26.16:22:03::SCWMssOS::nostartfiles -g -Wall -Wextra -fno-tree-loop-distribute-patterns -DSHAREABLE_DRR -DUSE_AMP=1"

TRACE::2025-03-26.16:22:03::SCWMssOS::"Running Make libs in ps7_cortexa9_1/libsrc/ddrps_v1_2/src"

TRACE::2025-03-26.16:22:03::SCWMssOS::make -C ps7_cortexa9_1/libsrc/ddrps_v1_2/src -s libs  "SHELL=CMD" "COMPILER=arm-none-eabi-gcc" "ASSEMBLER=arm-none-eabi-as" "AR
TRACE::2025-03-26.16:22:03::SCWMssOS::CHIVER=arm-none-eabi-ar" "COMPILER_FLAGS=  -O2 -c" "EXTRA_COMPILER_FLAGS=-mcpu=cortex-a9 -mfpu=vfpv3 -mfloat-abi=hard -nostartf
TRACE::2025-03-26.16:22:03::SCWMssOS::iles -g -Wall -Wextra -fno-tree-loop-distribute-patterns -DSHAREABLE_DRR -DUSE_AMP=1"

TRACE::2025-03-26.16:22:03::SCWMssOS::"Running Make libs in ps7_cortexa9_1/libsrc/devcfg_v3_7/src"

TRACE::2025-03-26.16:22:03::SCWMssOS::make -C ps7_cortexa9_1/libsrc/devcfg_v3_7/src -s libs  "SHELL=CMD" "COMPILER=arm-none-eabi-gcc" "ASSEMBLER=arm-none-eabi-as" "A
TRACE::2025-03-26.16:22:03::SCWMssOS::RCHIVER=arm-none-eabi-ar" "COMPILER_FLAGS=  -O2 -c" "EXTRA_COMPILER_FLAGS=-mcpu=cortex-a9 -mfpu=vfpv3 -mfloat-abi=hard -nostart
TRACE::2025-03-26.16:22:03::SCWMssOS::files -g -Wall -Wextra -fno-tree-loop-distribute-patterns -DSHAREABLE_DRR -DUSE_AMP=1"

TRACE::2025-03-26.16:22:03::SCWMssOS::"Running Make libs in ps7_cortexa9_1/libsrc/dmaps_v2_8/src"

TRACE::2025-03-26.16:22:03::SCWMssOS::make -C ps7_cortexa9_1/libsrc/dmaps_v2_8/src -s libs  "SHELL=CMD" "COMPILER=arm-none-eabi-gcc" "ASSEMBLER=arm-none-eabi-as" "AR
TRACE::2025-03-26.16:22:03::SCWMssOS::CHIVER=arm-none-eabi-ar" "COMPILER_FLAGS=  -O2 -c" "EXTRA_COMPILER_FLAGS=-mcpu=cortex-a9 -mfpu=vfpv3 -mfloat-abi=hard -nostartf
TRACE::2025-03-26.16:22:03::SCWMssOS::iles -g -Wall -Wextra -fno-tree-loop-distribute-patterns -DSHAREABLE_DRR -DUSE_AMP=1"

TRACE::2025-03-26.16:22:04::SCWMssOS::"Running Make libs in ps7_cortexa9_1/libsrc/emacps_v3_16/src"

TRACE::2025-03-26.16:22:04::SCWMssOS::make -C ps7_cortexa9_1/libsrc/emacps_v3_16/src -s libs  "SHELL=CMD" "COMPILER=arm-none-eabi-gcc" "ASSEMBLER=arm-none-eabi-as" "
TRACE::2025-03-26.16:22:04::SCWMssOS::ARCHIVER=arm-none-eabi-ar" "COMPILER_FLAGS=  -O2 -c" "EXTRA_COMPILER_FLAGS=-mcpu=cortex-a9 -mfpu=vfpv3 -mfloat-abi=hard -nostar
TRACE::2025-03-26.16:22:04::SCWMssOS::tfiles -g -Wall -Wextra -fno-tree-loop-distribute-patterns -DSHAREABLE_DRR -DUSE_AMP=1"

TRACE::2025-03-26.16:22:04::SCWMssOS::"Running Make libs in ps7_cortexa9_1/libsrc/gpiops_v3_9/src"

TRACE::2025-03-26.16:22:04::SCWMssOS::make -C ps7_cortexa9_1/libsrc/gpiops_v3_9/src -s libs  "SHELL=CMD" "COMPILER=arm-none-eabi-gcc" "ASSEMBLER=arm-none-eabi-as" "A
TRACE::2025-03-26.16:22:04::SCWMssOS::RCHIVER=arm-none-eabi-ar" "COMPILER_FLAGS=  -O2 -c" "EXTRA_COMPILER_FLAGS=-mcpu=cortex-a9 -mfpu=vfpv3 -mfloat-abi=hard -nostart
TRACE::2025-03-26.16:22:04::SCWMssOS::files -g -Wall -Wextra -fno-tree-loop-distribute-patterns -DSHAREABLE_DRR -DUSE_AMP=1"

TRACE::2025-03-26.16:22:06::SCWMssOS::"Running Make libs in ps7_cortexa9_1/libsrc/iicps_v3_15/src"

TRACE::2025-03-26.16:22:06::SCWMssOS::make -C ps7_cortexa9_1/libsrc/iicps_v3_15/src -s libs  "SHELL=CMD" "COMPILER=arm-none-eabi-gcc" "ASSEMBLER=arm-none-eabi-as" "A
TRACE::2025-03-26.16:22:06::SCWMssOS::RCHIVER=arm-none-eabi-ar" "COMPILER_FLAGS=  -O2 -c" "EXTRA_COMPILER_FLAGS=-mcpu=cortex-a9 -mfpu=vfpv3 -mfloat-abi=hard -nostart
TRACE::2025-03-26.16:22:06::SCWMssOS::files -g -Wall -Wextra -fno-tree-loop-distribute-patterns -DSHAREABLE_DRR -DUSE_AMP=1"

TRACE::2025-03-26.16:22:06::SCWMssOS::"Running Make libs in ps7_cortexa9_1/libsrc/qspips_v3_9/src"

TRACE::2025-03-26.16:22:06::SCWMssOS::make -C ps7_cortexa9_1/libsrc/qspips_v3_9/src -s libs  "SHELL=CMD" "COMPILER=arm-none-eabi-gcc" "ASSEMBLER=arm-none-eabi-as" "A
TRACE::2025-03-26.16:22:06::SCWMssOS::RCHIVER=arm-none-eabi-ar" "COMPILER_FLAGS=  -O2 -c" "EXTRA_COMPILER_FLAGS=-mcpu=cortex-a9 -mfpu=vfpv3 -mfloat-abi=hard -nostart
TRACE::2025-03-26.16:22:06::SCWMssOS::files -g -Wall -Wextra -fno-tree-loop-distribute-patterns -DSHAREABLE_DRR -DUSE_AMP=1"

TRACE::2025-03-26.16:22:07::SCWMssOS::"Running Make libs in ps7_cortexa9_1/libsrc/scugic_v4_7/src"

TRACE::2025-03-26.16:22:07::SCWMssOS::make -C ps7_cortexa9_1/libsrc/scugic_v4_7/src -s libs  "SHELL=CMD" "COMPILER=arm-none-eabi-gcc" "ASSEMBLER=arm-none-eabi-as" "A
TRACE::2025-03-26.16:22:07::SCWMssOS::RCHIVER=arm-none-eabi-ar" "COMPILER_FLAGS=  -O2 -c" "EXTRA_COMPILER_FLAGS=-mcpu=cortex-a9 -mfpu=vfpv3 -mfloat-abi=hard -nostart
TRACE::2025-03-26.16:22:07::SCWMssOS::files -g -Wall -Wextra -fno-tree-loop-distribute-patterns -DSHAREABLE_DRR -DUSE_AMP=1"

TRACE::2025-03-26.16:22:08::SCWMssOS::"Running Make libs in ps7_cortexa9_1/libsrc/scutimer_v2_4/src"

TRACE::2025-03-26.16:22:08::SCWMssOS::make -C ps7_cortexa9_1/libsrc/scutimer_v2_4/src -s libs  "SHELL=CMD" "COMPILER=arm-none-eabi-gcc" "ASSEMBLER=arm-none-eabi-as" 
TRACE::2025-03-26.16:22:08::SCWMssOS::"ARCHIVER=arm-none-eabi-ar" "COMPILER_FLAGS=  -O2 -c" "EXTRA_COMPILER_FLAGS=-mcpu=cortex-a9 -mfpu=vfpv3 -mfloat-abi=hard -nosta
TRACE::2025-03-26.16:22:08::SCWMssOS::rtfiles -g -Wall -Wextra -fno-tree-loop-distribute-patterns -DSHAREABLE_DRR -DUSE_AMP=1"

TRACE::2025-03-26.16:22:09::SCWMssOS::"Running Make libs in ps7_cortexa9_1/libsrc/scuwdt_v2_4/src"

TRACE::2025-03-26.16:22:09::SCWMssOS::make -C ps7_cortexa9_1/libsrc/scuwdt_v2_4/src -s libs  "SHELL=CMD" "COMPILER=arm-none-eabi-gcc" "ASSEMBLER=arm-none-eabi-as" "A
TRACE::2025-03-26.16:22:09::SCWMssOS::RCHIVER=arm-none-eabi-ar" "COMPILER_FLAGS=  -O2 -c" "EXTRA_COMPILER_FLAGS=-mcpu=cortex-a9 -mfpu=vfpv3 -mfloat-abi=hard -nostart
TRACE::2025-03-26.16:22:09::SCWMssOS::files -g -Wall -Wextra -fno-tree-loop-distribute-patterns -DSHAREABLE_DRR -DUSE_AMP=1"

TRACE::2025-03-26.16:22:09::SCWMssOS::"Running Make libs in ps7_cortexa9_1/libsrc/sdps_v3_14/src"

TRACE::2025-03-26.16:22:09::SCWMssOS::make -C ps7_cortexa9_1/libsrc/sdps_v3_14/src -s libs  "SHELL=CMD" "COMPILER=arm-none-eabi-gcc" "ASSEMBLER=arm-none-eabi-as" "AR
TRACE::2025-03-26.16:22:09::SCWMssOS::CHIVER=arm-none-eabi-ar" "COMPILER_FLAGS=  -O2 -c" "EXTRA_COMPILER_FLAGS=-mcpu=cortex-a9 -mfpu=vfpv3 -mfloat-abi=hard -nostartf
TRACE::2025-03-26.16:22:09::SCWMssOS::iles -g -Wall -Wextra -fno-tree-loop-distribute-patterns -DSHAREABLE_DRR -DUSE_AMP=1"

TRACE::2025-03-26.16:22:10::SCWMssOS::"Running Make libs in ps7_cortexa9_1/libsrc/standalone_v7_7/src"

TRACE::2025-03-26.16:22:10::SCWMssOS::make -C ps7_cortexa9_1/libsrc/standalone_v7_7/src -s libs  "SHELL=CMD" "COMPILER=arm-none-eabi-gcc" "ASSEMBLER=arm-none-eabi-as
TRACE::2025-03-26.16:22:10::SCWMssOS::" "ARCHIVER=arm-none-eabi-ar" "COMPILER_FLAGS=  -O2 -c" "EXTRA_COMPILER_FLAGS=-mcpu=cortex-a9 -mfpu=vfpv3 -mfloat-abi=hard -nos
TRACE::2025-03-26.16:22:10::SCWMssOS::tartfiles -g -Wall -Wextra -fno-tree-loop-distribute-patterns -DSHAREABLE_DRR -DUSE_AMP=1"

TRACE::2025-03-26.16:22:11::SCWMssOS::"Running Make libs in ps7_cortexa9_1/libsrc/uartps_v3_11/src"

TRACE::2025-03-26.16:22:11::SCWMssOS::make -C ps7_cortexa9_1/libsrc/uartps_v3_11/src -s libs  "SHELL=CMD" "COMPILER=arm-none-eabi-gcc" "ASSEMBLER=arm-none-eabi-as" "
TRACE::2025-03-26.16:22:11::SCWMssOS::ARCHIVER=arm-none-eabi-ar" "COMPILER_FLAGS=  -O2 -c" "EXTRA_COMPILER_FLAGS=-mcpu=cortex-a9 -mfpu=vfpv3 -mfloat-abi=hard -nostar
TRACE::2025-03-26.16:22:11::SCWMssOS::tfiles -g -Wall -Wextra -fno-tree-loop-distribute-patterns -DSHAREABLE_DRR -DUSE_AMP=1"

TRACE::2025-03-26.16:22:13::SCWMssOS::"Running Make libs in ps7_cortexa9_1/libsrc/usbps_v2_7/src"

TRACE::2025-03-26.16:22:13::SCWMssOS::make -C ps7_cortexa9_1/libsrc/usbps_v2_7/src -s libs  "SHELL=CMD" "COMPILER=arm-none-eabi-gcc" "ASSEMBLER=arm-none-eabi-as" "AR
TRACE::2025-03-26.16:22:13::SCWMssOS::CHIVER=arm-none-eabi-ar" "COMPILER_FLAGS=  -O2 -c" "EXTRA_COMPILER_FLAGS=-mcpu=cortex-a9 -mfpu=vfpv3 -mfloat-abi=hard -nostartf
TRACE::2025-03-26.16:22:13::SCWMssOS::iles -g -Wall -Wextra -fno-tree-loop-distribute-patterns -DSHAREABLE_DRR -DUSE_AMP=1"

TRACE::2025-03-26.16:22:16::SCWMssOS::"Running Make libs in ps7_cortexa9_1/libsrc/xadcps_v2_6/src"

TRACE::2025-03-26.16:22:16::SCWMssOS::make -C ps7_cortexa9_1/libsrc/xadcps_v2_6/src -s libs  "SHELL=CMD" "COMPILER=arm-none-eabi-gcc" "ASSEMBLER=arm-none-eabi-as" "A
TRACE::2025-03-26.16:22:16::SCWMssOS::RCHIVER=arm-none-eabi-ar" "COMPILER_FLAGS=  -O2 -c" "EXTRA_COMPILER_FLAGS=-mcpu=cortex-a9 -mfpu=vfpv3 -mfloat-abi=hard -nostart
TRACE::2025-03-26.16:22:16::SCWMssOS::files -g -Wall -Wextra -fno-tree-loop-distribute-patterns -DSHAREABLE_DRR -DUSE_AMP=1"

TRACE::2025-03-26.16:22:20::SCWMssOS::'Finished building libraries parallelly.'

TRACE::2025-03-26.16:22:20::SCWMssOS::make --no-print-directory archive

TRACE::2025-03-26.16:22:20::SCWMssOS::arm-none-eabi-ar -r  ps7_cortexa9_1/lib/libxil.a ps7_cortexa9_1/lib/xadcps_selftest.o ps7_cortexa9_1/lib/xplatform_info.o ps7_c
TRACE::2025-03-26.16:22:20::SCWMssOS::ortexa9_1/lib/xil_mem.o ps7_cortexa9_1/lib/_exit.o ps7_cortexa9_1/lib/xusbps_sinit.o ps7_cortexa9_1/lib/xdevcfg_hw.o ps7_cortex
TRACE::2025-03-26.16:22:20::SCWMssOS::a9_1/lib/xil_sleeptimer.o ps7_cortexa9_1/lib/xqspips_options.o ps7_cortexa9_1/lib/xdmaps_g.o ps7_cortexa9_1/lib/xscutimer_g.o p
TRACE::2025-03-26.16:22:20::SCWMssOS::s7_cortexa9_1/lib/xsdps_options.o ps7_cortexa9_1/lib/xil_misc_psreset_api.o ps7_cortexa9_1/lib/xdmaps_sinit.o ps7_cortexa9_1/li
TRACE::2025-03-26.16:22:20::SCWMssOS::b/xscutimer_sinit.o ps7_cortexa9_1/lib/xemacps_hw.o ps7_cortexa9_1/lib/inbyte.o ps7_cortexa9_1/lib/xscutimer_selftest.o ps7_cor
TRACE::2025-03-26.16:22:20::SCWMssOS::texa9_1/lib/putnum.o ps7_cortexa9_1/lib/xqspips_hw.o ps7_cortexa9_1/lib/xgpiops_g.o ps7_cortexa9_1/lib/xsdps.o ps7_cortexa9_1/l
TRACE::2025-03-26.16:22:20::SCWMssOS::ib/close.o ps7_cortexa9_1/lib/xemacps_g.o ps7_cortexa9_1/lib/xgpiops_sinit.o ps7_cortexa9_1/lib/xgpiops_selftest.o ps7_cortexa9
TRACE::2025-03-26.16:22:20::SCWMssOS::_1/lib/xscuwdt.o ps7_cortexa9_1/lib/xaxivdma_g.o ps7_cortexa9_1/lib/xiicps_intr.o ps7_cortexa9_1/lib/xaxivdma_sinit.o ps7_corte
TRACE::2025-03-26.16:22:20::SCWMssOS::xa9_1/lib/xuartps_sinit.o ps7_cortexa9_1/lib/time.o ps7_cortexa9_1/lib/xaxivdma_selftest.o ps7_cortexa9_1/lib/xiicps_slave.o ps
TRACE::2025-03-26.16:22:20::SCWMssOS::7_cortexa9_1/lib/xil_printf.o ps7_cortexa9_1/lib/kill.o ps7_cortexa9_1/lib/xadcps.o ps7_cortexa9_1/lib/xiicps_options.o ps7_cor
TRACE::2025-03-26.16:22:20::SCWMssOS::texa9_1/lib/xdmaps.o ps7_cortexa9_1/lib/xuartps_selftest.o ps7_cortexa9_1/lib/xuartps_g.o ps7_cortexa9_1/lib/outbyte.o ps7_cort
TRACE::2025-03-26.16:22:20::SCWMssOS::exa9_1/lib/lseek.o ps7_cortexa9_1/lib/xusbps_hw.o ps7_cortexa9_1/lib/xl2cc_counter.o ps7_cortexa9_1/lib/xiicps_hw.o ps7_cortexa
TRACE::2025-03-26.16:22:20::SCWMssOS::9_1/lib/asm_vectors.o ps7_cortexa9_1/lib/usleep.o ps7_cortexa9_1/lib/abort.o ps7_cortexa9_1/lib/xscugic_intr.o ps7_cortexa9_1/l
TRACE::2025-03-26.16:22:20::SCWMssOS::ib/getpid.o ps7_cortexa9_1/lib/xiicps_selftest.o ps7_cortexa9_1/lib/xil_testcache.o ps7_cortexa9_1/lib/xdevcfg_sinit.o ps7_cort
TRACE::2025-03-26.16:22:20::SCWMssOS::exa9_1/lib/xgpiops.o ps7_cortexa9_1/lib/xscutimer.o ps7_cortexa9_1/lib/xdevcfg_selftest.o ps7_cortexa9_1/lib/xpm_counter.o ps7_
TRACE::2025-03-26.16:22:20::SCWMssOS::cortexa9_1/lib/xiicps.o ps7_cortexa9_1/lib/_sbrk.o ps7_cortexa9_1/lib/xiicps_master.o ps7_cortexa9_1/lib/xqspips_g.o ps7_cortex
TRACE::2025-03-26.16:22:20::SCWMssOS::a9_1/lib/xemacps_bdring.o ps7_cortexa9_1/lib/xusbps_endpoint.o ps7_cortexa9_1/lib/xqspips_sinit.o ps7_cortexa9_1/lib/xqspips_se
TRACE::2025-03-26.16:22:20::SCWMssOS::lftest.o ps7_cortexa9_1/lib/xil_exception.o ps7_cortexa9_1/lib/sbrk.o ps7_cortexa9_1/lib/xil_testmem.o ps7_cortexa9_1/lib/xaxiv
TRACE::2025-03-26.16:22:20::SCWMssOS::dma.o ps7_cortexa9_1/lib/xemacps_control.o ps7_cortexa9_1/lib/xdevcfg.o ps7_cortexa9_1/lib/open.o ps7_cortexa9_1/lib/xil_assert
TRACE::2025-03-26.16:22:20::SCWMssOS::.o ps7_cortexa9_1/lib/xaxivdma_intr.o ps7_cortexa9_1/lib/xusbps_intr.o ps7_cortexa9_1/lib/xsdps_host.o ps7_cortexa9_1/lib/xcore
TRACE::2025-03-26.16:22:20::SCWMssOS::sightpsdcc.o ps7_cortexa9_1/lib/xscugic_hw.o ps7_cortexa9_1/lib/sleep.o ps7_cortexa9_1/lib/xil-crt0.o ps7_cortexa9_1/lib/cppute
TRACE::2025-03-26.16:22:20::SCWMssOS::st_time.o ps7_cortexa9_1/lib/fcntl.o ps7_cortexa9_1/lib/print.o ps7_cortexa9_1/lib/read.o ps7_cortexa9_1/lib/xiicps_g.o ps7_cor
TRACE::2025-03-26.16:22:20::SCWMssOS::texa9_1/lib/xadcps_intr.o ps7_cortexa9_1/lib/xqspips.o ps7_cortexa9_1/lib/xemacps.o ps7_cortexa9_1/lib/xil_cache.o ps7_cortexa9
TRACE::2025-03-26.16:22:20::SCWMssOS::_1/lib/xil_testio.o ps7_cortexa9_1/lib/_open.o ps7_cortexa9_1/lib/unlink.o ps7_cortexa9_1/lib/xaxidma_g.o ps7_cortexa9_1/lib/xu
TRACE::2025-03-26.16:22:20::SCWMssOS::sbps.o ps7_cortexa9_1/lib/xusbps_g.o ps7_cortexa9_1/lib/xdmaps_selftest.o ps7_cortexa9_1/lib/xaxidma_sinit.o ps7_cortexa9_1/lib
TRACE::2025-03-26.16:22:20::SCWMssOS::/xil_spinlock.o ps7_cortexa9_1/lib/translation_table.o ps7_cortexa9_1/lib/xaxidma_selftest.o ps7_cortexa9_1/lib/write.o ps7_cor
TRACE::2025-03-26.16:22:20::SCWMssOS::texa9_1/lib/xil_mmu.o ps7_cortexa9_1/lib/boot.o ps7_cortexa9_1/lib/xaxivdma_channel.o ps7_cortexa9_1/lib/cpu_init.o ps7_cortexa
TRACE::2025-03-26.16:22:20::SCWMssOS::9_1/lib/xaxidma_bd.o ps7_cortexa9_1/lib/xil_sleepcommon.o ps7_cortexa9_1/lib/xgpiops_intr.o ps7_cortexa9_1/lib/xscugic_sinit.o 
TRACE::2025-03-26.16:22:20::SCWMssOS::ps7_cortexa9_1/lib/xdevcfg_g.o ps7_cortexa9_1/lib/xscugic_selftest.o ps7_cortexa9_1/lib/xinterrupt_wrap.o ps7_cortexa9_1/lib/xu
TRACE::2025-03-26.16:22:20::SCWMssOS::artps_hw.o ps7_cortexa9_1/lib/xtime_l.o ps7_cortexa9_1/lib/xemacps_sinit.o ps7_cortexa9_1/lib/xil_util.o ps7_cortexa9_1/lib/xua
TRACE::2025-03-26.16:22:20::SCWMssOS::rtps_intr.o ps7_cortexa9_1/lib/xuartps.o ps7_cortexa9_1/lib/xsdps_card.o ps7_cortexa9_1/lib/xdmaps_hw.o ps7_cortexa9_1/lib/xsdp
TRACE::2025-03-26.16:22:20::SCWMssOS::s_sinit.o ps7_cortexa9_1/lib/xscuwdt_sinit.o ps7_cortexa9_1/lib/xgpiops_hw.o ps7_cortexa9_1/lib/xsdps_g.o ps7_cortexa9_1/lib/fs
TRACE::2025-03-26.16:22:20::SCWMssOS::tat.o ps7_cortexa9_1/lib/xaxidma.o ps7_cortexa9_1/lib/errno.o ps7_cortexa9_1/lib/xdevcfg_intr.o ps7_cortexa9_1/lib/xuartps_opti
TRACE::2025-03-26.16:22:20::SCWMssOS::ons.o ps7_cortexa9_1/lib/vectors.o ps7_cortexa9_1/lib/xscuwdt_g.o ps7_cortexa9_1/lib/xil_clocking.o ps7_cortexa9_1/lib/xemacps_
TRACE::2025-03-26.16:22:20::SCWMssOS::intr.o ps7_cortexa9_1/lib/xscuwdt_selftest.o ps7_cortexa9_1/lib/xscugic_g.o ps7_cortexa9_1/lib/isatty.o ps7_cortexa9_1/lib/xscu
TRACE::2025-03-26.16:22:20::SCWMssOS::gic.o ps7_cortexa9_1/lib/xiicps_sinit.o ps7_cortexa9_1/lib/xadcps_g.o ps7_cortexa9_1/lib/xaxidma_bdring.o ps7_cortexa9_1/lib/xa
TRACE::2025-03-26.16:22:20::SCWMssOS::dcps_sinit.o ps7_cortexa9_1/lib/xiicps_xfer.o

TRACE::2025-03-26.16:22:20::SCWMssOS::'Finished building libraries'

TRACE::2025-03-26.16:22:21::SCWMssOS::Copying to export directory.
TRACE::2025-03-26.16:22:23::SCWMssOS:: Checking if to create the Supporting Applications
TRACE::2025-03-26.16:22:23::SCWMssOS:: No Linux domain exists, trying to generate FSBL 
LOG::2025-03-26.16:22:23::SCWSystem::Completed Processing the domain standalone_ps7_cortexa9_1
LOG::2025-03-26.16:22:23::SCWSystem::Completed Processing the sysconfig Assignment3_platform
LOG::2025-03-26.16:22:23::SCWPlatform::Completed generating the artifacts for system configuration Assignment3_platform
TRACE::2025-03-26.16:22:23::SCWPlatform::Started preparing the platform 
TRACE::2025-03-26.16:22:23::SCWSystem::Writing the bif file for system config Assignment3_platform
TRACE::2025-03-26.16:22:23::SCWSystem::dir created 
TRACE::2025-03-26.16:22:23::SCWSystem::Writing the bif 
TRACE::2025-03-26.16:22:23::SCWPlatform::Started writing the spfm file 
TRACE::2025-03-26.16:22:23::SCWPlatform::Started writing the xpfm file 
TRACE::2025-03-26.16:22:23::SCWPlatform::Completed generating the platform
TRACE::2025-03-26.16:22:23::SCWMssOS::Saving the mss changes C:/Users/j54mao/ECE423/ECE-423-Labs/workspace/Assignment3_platform/zynq_fsbl/zynq_fsbl_bsp/system.mss
TRACE::2025-03-26.16:22:23::SCWMssOS::Found a swdesign opened with the mssfile.
TRACE::2025-03-26.16:22:23::SCWMssOS::Completed writemss as part of save.
TRACE::2025-03-26.16:22:23::SCWMssOS::Commit changes completed.
TRACE::2025-03-26.16:22:23::SCWMssOS::Saving the mss changes C:/Users/j54mao/ECE423/ECE-423-Labs/workspace/Assignment3_platform/ps7_cortexa9_0/standalone_domain/bsp/system.mss
TRACE::2025-03-26.16:22:23::SCWMssOS::Found a swdesign opened with the mssfile.
TRACE::2025-03-26.16:22:23::SCWMssOS::Completed writemss as part of save.
TRACE::2025-03-26.16:22:23::SCWMssOS::Commit changes completed.
TRACE::2025-03-26.16:22:23::SCWMssOS::Saving the mss changes C:/Users/j54mao/ECE423/ECE-423-Labs/workspace/Assignment3_platform/ps7_cortexa9_1/standalone_ps7_cortexa9_1/bsp/system.mss
TRACE::2025-03-26.16:22:23::SCWMssOS::Found a swdesign opened with the mssfile.
TRACE::2025-03-26.16:22:23::SCWMssOS::Completed writemss as part of save.
TRACE::2025-03-26.16:22:23::SCWMssOS::Commit changes completed.
TRACE::2025-03-26.16:22:23::SCWPlatform::Trying to open the hw design at C:/Users/j54mao/ECE423/ECE-423-Labs/workspace/Assignment3_platform/hw/lab_prefab_wrapper.xsa
TRACE::2025-03-26.16:22:23::SCWPlatform::DSA given C:/Users/j54mao/ECE423/ECE-423-Labs/workspace/Assignment3_platform/hw/lab_prefab_wrapper.xsa
TRACE::2025-03-26.16:22:23::SCWPlatform::DSA absoulate path C:/Users/j54mao/ECE423/ECE-423-Labs/workspace/Assignment3_platform/hw/lab_prefab_wrapper.xsa
TRACE::2025-03-26.16:22:23::SCWPlatform::DSA directory C:/Users/j54mao/ECE423/ECE-423-Labs/workspace/Assignment3_platform/hw
TRACE::2025-03-26.16:22:23::SCWPlatform:: Platform Path C:/Users/j54mao/ECE423/ECE-423-Labs/workspace/Assignment3_platform/hw/lab_prefab_wrapper.xsa
TRACE::2025-03-26.16:22:23::SCWPlatform:: Unique name xilinx:pynq-z1::0.0
TRACE::2025-03-26.16:22:23::SCWPlatform::Trying to set the existing hwdb with name lab_prefab_wrapper_2
TRACE::2025-03-26.16:22:23::SCWPlatform::Opened existing hwdb lab_prefab_wrapper_2
TRACE::2025-03-26.16:22:23::SCWPlatform::Found the Hw Db part of the input DSA
TRACE::2025-03-26.16:22:23::SCWMssOS::Checking the sw design at  C:/Users/j54mao/ECE423/ECE-423-Labs/workspace/Assignment3_platform/zynq_fsbl/zynq_fsbl_bsp/system.mss
TRACE::2025-03-26.16:22:23::SCWMssOS::DEBUG:  swdes dump  C:/Users/j54mao/ECE423/ECE-423-Labs/workspace/Assignment3_platform/ps7_cortexa9_0/standalone_domain/bsp/system.mss|system_1||
C:/Users/j54mao/ECE423/ECE-423-Labs/workspace/Assignment3_platform/ps7_cortexa9_1/standalone_ps7_cortexa9_1/bsp/system.mss|system||
C:/Users/j54mao/ECE423/ECE-423-Labs/workspace/Assignment3_platform/zynq_fsbl/zynq_fsbl_bsp/system.mss|system_0||

TRACE::2025-03-26.16:22:23::SCWMssOS::Sw design exists and opened at  C:/Users/j54mao/ECE423/ECE-423-Labs/workspace/Assignment3_platform/zynq_fsbl/zynq_fsbl_bsp/system.mss
TRACE::2025-03-26.16:22:23::SCWPlatform::Trying to open the hw design at C:/Users/j54mao/ECE423/ECE-423-Labs/workspace/Assignment3_platform/hw/lab_prefab_wrapper.xsa
TRACE::2025-03-26.16:22:23::SCWPlatform::DSA given C:/Users/j54mao/ECE423/ECE-423-Labs/workspace/Assignment3_platform/hw/lab_prefab_wrapper.xsa
TRACE::2025-03-26.16:22:23::SCWPlatform::DSA absoulate path C:/Users/j54mao/ECE423/ECE-423-Labs/workspace/Assignment3_platform/hw/lab_prefab_wrapper.xsa
TRACE::2025-03-26.16:22:23::SCWPlatform::DSA directory C:/Users/j54mao/ECE423/ECE-423-Labs/workspace/Assignment3_platform/hw
TRACE::2025-03-26.16:22:23::SCWPlatform:: Platform Path C:/Users/j54mao/ECE423/ECE-423-Labs/workspace/Assignment3_platform/hw/lab_prefab_wrapper.xsa
TRACE::2025-03-26.16:22:23::SCWPlatform:: Unique name xilinx:pynq-z1::0.0
TRACE::2025-03-26.16:22:23::SCWPlatform::Trying to set the existing hwdb with name lab_prefab_wrapper_2
TRACE::2025-03-26.16:22:23::SCWPlatform::Opened existing hwdb lab_prefab_wrapper_2
TRACE::2025-03-26.16:22:23::SCWPlatform::Found the Hw Db part of the input DSA
TRACE::2025-03-26.16:22:23::SCWMssOS::Checking the sw design at  C:/Users/j54mao/ECE423/ECE-423-Labs/workspace/Assignment3_platform/ps7_cortexa9_0/standalone_domain/bsp/system.mss
TRACE::2025-03-26.16:22:23::SCWMssOS::DEBUG:  swdes dump  C:/Users/j54mao/ECE423/ECE-423-Labs/workspace/Assignment3_platform/ps7_cortexa9_0/standalone_domain/bsp/system.mss|system_1||
C:/Users/j54mao/ECE423/ECE-423-Labs/workspace/Assignment3_platform/ps7_cortexa9_1/standalone_ps7_cortexa9_1/bsp/system.mss|system||
C:/Users/j54mao/ECE423/ECE-423-Labs/workspace/Assignment3_platform/zynq_fsbl/zynq_fsbl_bsp/system.mss|system_0||

TRACE::2025-03-26.16:22:23::SCWMssOS::Sw design exists and opened at  C:/Users/j54mao/ECE423/ECE-423-Labs/workspace/Assignment3_platform/ps7_cortexa9_0/standalone_domain/bsp/system.mss
TRACE::2025-03-26.16:22:23::SCWPlatform::Trying to open the hw design at C:/Users/j54mao/ECE423/ECE-423-Labs/workspace/Assignment3_platform/hw/lab_prefab_wrapper.xsa
TRACE::2025-03-26.16:22:23::SCWPlatform::DSA given C:/Users/j54mao/ECE423/ECE-423-Labs/workspace/Assignment3_platform/hw/lab_prefab_wrapper.xsa
TRACE::2025-03-26.16:22:23::SCWPlatform::DSA absoulate path C:/Users/j54mao/ECE423/ECE-423-Labs/workspace/Assignment3_platform/hw/lab_prefab_wrapper.xsa
TRACE::2025-03-26.16:22:23::SCWPlatform::DSA directory C:/Users/j54mao/ECE423/ECE-423-Labs/workspace/Assignment3_platform/hw
TRACE::2025-03-26.16:22:23::SCWPlatform:: Platform Path C:/Users/j54mao/ECE423/ECE-423-Labs/workspace/Assignment3_platform/hw/lab_prefab_wrapper.xsa
TRACE::2025-03-26.16:22:23::SCWPlatform:: Unique name xilinx:pynq-z1::0.0
TRACE::2025-03-26.16:22:23::SCWPlatform::Trying to set the existing hwdb with name lab_prefab_wrapper_2
TRACE::2025-03-26.16:22:23::SCWPlatform::Opened existing hwdb lab_prefab_wrapper_2
TRACE::2025-03-26.16:22:23::SCWPlatform::Found the Hw Db part of the input DSA
TRACE::2025-03-26.16:22:23::SCWMssOS::Checking the sw design at  C:/Users/j54mao/ECE423/ECE-423-Labs/workspace/Assignment3_platform/ps7_cortexa9_1/standalone_ps7_cortexa9_1/bsp/system.mss
TRACE::2025-03-26.16:22:23::SCWMssOS::DEBUG:  swdes dump  C:/Users/j54mao/ECE423/ECE-423-Labs/workspace/Assignment3_platform/ps7_cortexa9_0/standalone_domain/bsp/system.mss|system_1||
C:/Users/j54mao/ECE423/ECE-423-Labs/workspace/Assignment3_platform/ps7_cortexa9_1/standalone_ps7_cortexa9_1/bsp/system.mss|system||
C:/Users/j54mao/ECE423/ECE-423-Labs/workspace/Assignment3_platform/zynq_fsbl/zynq_fsbl_bsp/system.mss|system_0||

TRACE::2025-03-26.16:22:23::SCWMssOS::Sw design exists and opened at  C:/Users/j54mao/ECE423/ECE-423-Labs/workspace/Assignment3_platform/ps7_cortexa9_1/standalone_ps7_cortexa9_1/bsp/system.mss
TRACE::2025-03-26.16:22:23::SCWWriter::formatted JSON is {
	"platformName":	"Assignment3_platform",
	"sprVersion":	"2.0",
	"mode":	"gui",
	"dsaType":	"Fixed",
	"platformDesc":	"Assignment3_platform",
	"platHandOff":	"C:/Users/j54mao/ECE423/ECE-423-Labs/workspace/assignment2_hunter_test/hw/lab_prefab_wrapper.xsa",
	"platIntHandOff":	"<platformDir>/hw/lab_prefab_wrapper.xsa",
	"deviceType":	"zynq",
	"platIsPrebuiltAutogen":	"false",
	"platIsNoBootBsp":	"false",
	"hasFsblMakeHasChanges":	"false",
	"hasPmufwMakeHasChanges":	"false",
	"fsblExtraCompilerFlags":	"-MMD -MP       -mcpu=cortex-a9 -mfpu=vfpv3 -mfloat-abi=hard ",
	"platPreBuiltFlag":	false,
	"platformSamplesDir":	"",
	"platActiveSys":	"Assignment3_platform",
	"systems":	[{
			"systemName":	"Assignment3_platform",
			"systemDesc":	"Assignment3_platform",
			"sysIsBootAutoGen":	"true",
			"systemDispName":	"Assignment3_platform",
			"sysActiveDom":	"standalone_ps7_cortexa9_1",
			"sysDefaultDom":	"standalone_ps7_cortexa9_1",
			"domains":	[{
					"domainName":	"zynq_fsbl",
					"domainDispName":	"zynq_fsbl",
					"domainDesc":	"FSBL Application BSP - Auto Generated.",
					"processors":	"ps7_cortexa9_0",
					"os":	"standalone",
					"sdxOs":	"standalone",
					"debugEnable":	"",
					"domRuntimes":	["cpp"],
					"swRepo":	"",
					"mssOsVer":	"7.7",
					"mssFile":	"",
					"md5Digest":	"461cb4c64d2f43abda4608f696ad182a",
					"compatibleApp":	"zynq_fsbl",
					"domType":	"bootDomain",
					"arch":	"32-bit",
					"appSettings":	{
						"appCompilerFlags":	"",
						"appLinkerFlags":	""
					},
					"addedLibs":	["xilffs:4.7", "xilrsa:1.6"],
					"libOptions":	{
						"ps7_cortexa9_0":	{
							"extra_compiler_flags":	"-mcpu=cortex-a9 -mfpu=vfpv3 -mfloat-abi=hard -nostartfiles -g -Wall -Wextra -fno-tree-loop-distribute-patterns -DSHAREABLE_DRR",
							"libOptionNames":	["extra_compiler_flags"]
						},
						"libsContainingOptions":	["ps7_cortexa9_0"]
					},
					"prebuiltLibs":	{
						"prebuiltIncPath":	[],
						"prebuiltLibPath":	[]
					},
					"isolation":	{
					}
				}, {
					"domainName":	"standalone_domain",
					"domainDispName":	"standalone on ps7_cortexa9_0",
					"domainDesc":	"standalone_domain",
					"processors":	"ps7_cortexa9_0",
					"os":	"standalone",
					"sdxOs":	"standalone",
					"qemuArgs":	"<platformDir>/resources/Assignment3_platform/standalone_domain/qemu_args.txt",
					"qemuData":	"<platformDir>/resources/Assignment3_platform/standalone_domain/qemu",
					"debugEnable":	"False",
					"domRuntimes":	["cpp"],
					"swRepo":	"",
					"mssOsVer":	"7.7",
					"mssFile":	"",
					"md5Digest":	"253b276c370a8ce3d1902558a6b1676e",
					"compatibleApp":	"",
					"domType":	"mssDomain",
					"appSettings":	{
						"appCompilerFlags":	"",
						"appLinkerFlags":	""
					},
					"addedLibs":	[],
					"libOptions":	{
						"ps7_cortexa9_0":	{
							"extra_compiler_flags":	"-mcpu=cortex-a9 -mfpu=vfpv3 -mfloat-abi=hard -nostartfiles -g -Wall -Wextra -fno-tree-loop-distribute-patterns -DSHAREABLE_DRR",
							"libOptionNames":	["extra_compiler_flags"]
						},
						"libsContainingOptions":	["ps7_cortexa9_0"]
					},
					"prebuiltLibs":	{
						"prebuiltIncPath":	[],
						"prebuiltLibPath":	[]
					},
					"isolation":	{
					}
				}, {
					"domainName":	"standalone_ps7_cortexa9_1",
					"domainDispName":	"standalone_ps7_cortexa9_1",
					"domainDesc":	"standalone_ps7_cortexa9_1",
					"processors":	"ps7_cortexa9_1",
					"os":	"standalone",
					"sdxOs":	"standalone",
					"qemuArgs":	"<platformDir>/resources/Assignment3_platform/standalone_ps7_cortexa9_1/qemu_args.txt",
					"qemuData":	"<platformDir>/resources/Assignment3_platform/standalone_ps7_cortexa9_1/qemu",
					"debugEnable":	"False",
					"domRuntimes":	["cpp"],
					"swRepo":	"",
					"mssOsVer":	"7.7",
					"mssFile":	"",
					"md5Digest":	"68e436a9b0c8c52b3e9934664043cce5",
					"compatibleApp":	"",
					"domType":	"mssDomain",
					"arch":	"32-bit",
					"appSettings":	{
						"appCompilerFlags":	"",
						"appLinkerFlags":	""
					},
					"addedLibs":	[],
					"libOptions":	{
						"ps7_cortexa9_1":	{
							"extra_compiler_flags":	"-mcpu=cortex-a9 -mfpu=vfpv3 -mfloat-abi=hard -nostartfiles -g -Wall -Wextra -fno-tree-loop-distribute-patterns -DSHAREABLE_DRR -DUSE_AMP=1",
							"libOptionNames":	["extra_compiler_flags"]
						},
						"libsContainingOptions":	["ps7_cortexa9_1"]
					},
					"prebuiltLibs":	{
						"prebuiltIncPath":	[],
						"prebuiltLibPath":	[]
					},
					"isolation":	{
					}
				}]
		}]
}
KEYINFO::2025-03-26.16:22:23::SCWPlatform::updated the xpfm file.
TRACE::2025-03-26.16:22:23::SCWPlatform::Trying to open the hw design at C:/Users/j54mao/ECE423/ECE-423-Labs/workspace/Assignment3_platform/hw/lab_prefab_wrapper.xsa
TRACE::2025-03-26.16:22:23::SCWPlatform::DSA given C:/Users/j54mao/ECE423/ECE-423-Labs/workspace/Assignment3_platform/hw/lab_prefab_wrapper.xsa
TRACE::2025-03-26.16:22:23::SCWPlatform::DSA absoulate path C:/Users/j54mao/ECE423/ECE-423-Labs/workspace/Assignment3_platform/hw/lab_prefab_wrapper.xsa
TRACE::2025-03-26.16:22:23::SCWPlatform::DSA directory C:/Users/j54mao/ECE423/ECE-423-Labs/workspace/Assignment3_platform/hw
TRACE::2025-03-26.16:22:23::SCWPlatform:: Platform Path C:/Users/j54mao/ECE423/ECE-423-Labs/workspace/Assignment3_platform/hw/lab_prefab_wrapper.xsa
TRACE::2025-03-26.16:22:23::SCWPlatform:: Unique name xilinx:pynq-z1::0.0
TRACE::2025-03-26.16:22:23::SCWPlatform::Trying to set the existing hwdb with name lab_prefab_wrapper_2
TRACE::2025-03-26.16:22:23::SCWPlatform::Opened existing hwdb lab_prefab_wrapper_2
TRACE::2025-03-26.16:22:23::SCWPlatform::Found the Hw Db part of the input DSA
TRACE::2025-03-26.16:22:23::SCWMssOS::Checking the sw design at  C:/Users/j54mao/ECE423/ECE-423-Labs/workspace/Assignment3_platform/ps7_cortexa9_0/standalone_domain/bsp/system.mss
TRACE::2025-03-26.16:22:23::SCWMssOS::DEBUG:  swdes dump  C:/Users/j54mao/ECE423/ECE-423-Labs/workspace/Assignment3_platform/ps7_cortexa9_0/standalone_domain/bsp/system.mss|system_1||
C:/Users/j54mao/ECE423/ECE-423-Labs/workspace/Assignment3_platform/ps7_cortexa9_1/standalone_ps7_cortexa9_1/bsp/system.mss|system||
C:/Users/j54mao/ECE423/ECE-423-Labs/workspace/Assignment3_platform/zynq_fsbl/zynq_fsbl_bsp/system.mss|system_0||

TRACE::2025-03-26.16:22:23::SCWMssOS::Sw design exists and opened at  C:/Users/j54mao/ECE423/ECE-423-Labs/workspace/Assignment3_platform/ps7_cortexa9_0/standalone_domain/bsp/system.mss
TRACE::2025-03-26.16:22:23::SCWPlatform::Trying to open the hw design at C:/Users/j54mao/ECE423/ECE-423-Labs/workspace/Assignment3_platform/hw/lab_prefab_wrapper.xsa
TRACE::2025-03-26.16:22:23::SCWPlatform::DSA given C:/Users/j54mao/ECE423/ECE-423-Labs/workspace/Assignment3_platform/hw/lab_prefab_wrapper.xsa
TRACE::2025-03-26.16:22:23::SCWPlatform::DSA absoulate path C:/Users/j54mao/ECE423/ECE-423-Labs/workspace/Assignment3_platform/hw/lab_prefab_wrapper.xsa
TRACE::2025-03-26.16:22:23::SCWPlatform::DSA directory C:/Users/j54mao/ECE423/ECE-423-Labs/workspace/Assignment3_platform/hw
TRACE::2025-03-26.16:22:23::SCWPlatform:: Platform Path C:/Users/j54mao/ECE423/ECE-423-Labs/workspace/Assignment3_platform/hw/lab_prefab_wrapper.xsa
TRACE::2025-03-26.16:22:23::SCWPlatform:: Unique name xilinx:pynq-z1::0.0
TRACE::2025-03-26.16:22:23::SCWPlatform::Trying to set the existing hwdb with name lab_prefab_wrapper_2
TRACE::2025-03-26.16:22:23::SCWPlatform::Opened existing hwdb lab_prefab_wrapper_2
TRACE::2025-03-26.16:22:23::SCWPlatform::Found the Hw Db part of the input DSA
TRACE::2025-03-26.16:22:23::SCWMssOS::Checking the sw design at  C:/Users/j54mao/ECE423/ECE-423-Labs/workspace/Assignment3_platform/ps7_cortexa9_1/standalone_ps7_cortexa9_1/bsp/system.mss
TRACE::2025-03-26.16:22:23::SCWMssOS::DEBUG:  swdes dump  C:/Users/j54mao/ECE423/ECE-423-Labs/workspace/Assignment3_platform/ps7_cortexa9_0/standalone_domain/bsp/system.mss|system_1||
C:/Users/j54mao/ECE423/ECE-423-Labs/workspace/Assignment3_platform/ps7_cortexa9_1/standalone_ps7_cortexa9_1/bsp/system.mss|system||
C:/Users/j54mao/ECE423/ECE-423-Labs/workspace/Assignment3_platform/zynq_fsbl/zynq_fsbl_bsp/system.mss|system_0||

TRACE::2025-03-26.16:22:23::SCWMssOS::Sw design exists and opened at  C:/Users/j54mao/ECE423/ECE-423-Labs/workspace/Assignment3_platform/ps7_cortexa9_1/standalone_ps7_cortexa9_1/bsp/system.mss
LOG::2025-03-26.16:27:51::SCWPlatform::Started generating the artifacts platform Assignment3_platform
TRACE::2025-03-26.16:27:51::SCWPlatform::Sanity checking of platform is completed
LOG::2025-03-26.16:27:51::SCWPlatform::Started generating the artifacts for system configuration Assignment3_platform
LOG::2025-03-26.16:27:51::SCWSystem::Checking the domain zynq_fsbl
LOG::2025-03-26.16:27:51::SCWSystem::Doing application build for :  zynq_fsbl
TRACE::2025-03-26.16:27:51::SCWBDomain::Not a forced makefile updation, No changes are present. 
TRACE::2025-03-26.16:27:51::SCWDomain::Skipping the build for domain :  zynq_fsbl
LOG::2025-03-26.16:27:51::SCWSystem::Checking the domain standalone_domain
LOG::2025-03-26.16:27:51::SCWSystem::Not a boot domain 
LOG::2025-03-26.16:27:51::SCWSystem::Checking the domain standalone_ps7_cortexa9_1
LOG::2025-03-26.16:27:51::SCWSystem::Not a boot domain 
LOG::2025-03-26.16:27:51::SCWSystem::Started Processing the domain standalone_domain
TRACE::2025-03-26.16:27:51::SCWDomain::Generating domain artifcats
TRACE::2025-03-26.16:27:51::SCWMssOS::Generating standalone artifcats
TRACE::2025-03-26.16:27:51::SCWMssOS::Copying the qemu file from  C:/Users/j54mao/ECE423/ECE-423-Labs/workspace/Assignment3_platform/resources/Assignment3_platform/standalone_domain/qemu_args.txt To C:/Users/j54mao/ECE423/ECE-423-Labs/workspace/Assignment3_platform/export/Assignment3_platform/sw/Assignment3_platform/qemu/
TRACE::2025-03-26.16:27:51::SCWMssOS::Copying the qemu file from  C:/Users/j54mao/ECE423/ECE-423-Labs/workspace/Assignment3_platform/resources/Assignment3_platform/standalone_domain/qemu_args.txt To C:/Users/j54mao/ECE423/ECE-423-Labs/workspace/Assignment3_platform/export/Assignment3_platform/sw/Assignment3_platform/standalone_domain/qemu/
TRACE::2025-03-26.16:27:51::SCWMssOS:: Copying the user libraries. 
TRACE::2025-03-26.16:27:51::SCWPlatform::Trying to open the hw design at C:/Users/j54mao/ECE423/ECE-423-Labs/workspace/Assignment3_platform/hw/lab_prefab_wrapper.xsa
TRACE::2025-03-26.16:27:51::SCWPlatform::DSA given C:/Users/j54mao/ECE423/ECE-423-Labs/workspace/Assignment3_platform/hw/lab_prefab_wrapper.xsa
TRACE::2025-03-26.16:27:51::SCWPlatform::DSA absoulate path C:/Users/j54mao/ECE423/ECE-423-Labs/workspace/Assignment3_platform/hw/lab_prefab_wrapper.xsa
TRACE::2025-03-26.16:27:51::SCWPlatform::DSA directory C:/Users/j54mao/ECE423/ECE-423-Labs/workspace/Assignment3_platform/hw
TRACE::2025-03-26.16:27:51::SCWPlatform:: Platform Path C:/Users/j54mao/ECE423/ECE-423-Labs/workspace/Assignment3_platform/hw/lab_prefab_wrapper.xsa
TRACE::2025-03-26.16:27:51::SCWPlatform:: Unique name xilinx:pynq-z1::0.0
TRACE::2025-03-26.16:27:51::SCWPlatform::Trying to set the existing hwdb with name lab_prefab_wrapper_2
TRACE::2025-03-26.16:27:51::SCWPlatform::Opened existing hwdb lab_prefab_wrapper_2
TRACE::2025-03-26.16:27:51::SCWPlatform::Found the Hw Db part of the input DSA
TRACE::2025-03-26.16:27:51::SCWMssOS::Checking the sw design at  C:/Users/j54mao/ECE423/ECE-423-Labs/workspace/Assignment3_platform/ps7_cortexa9_0/standalone_domain/bsp/system.mss
TRACE::2025-03-26.16:27:51::SCWMssOS::DEBUG:  swdes dump  C:/Users/j54mao/ECE423/ECE-423-Labs/workspace/Assignment3_platform/ps7_cortexa9_0/standalone_domain/bsp/system.mss|system_1||
C:/Users/j54mao/ECE423/ECE-423-Labs/workspace/Assignment3_platform/ps7_cortexa9_1/standalone_ps7_cortexa9_1/bsp/system.mss|system||
C:/Users/j54mao/ECE423/ECE-423-Labs/workspace/Assignment3_platform/zynq_fsbl/zynq_fsbl_bsp/system.mss|system_0||
C:/Users/j54mao/ECE423/ECE-423-Labs/workspace/lab_prefab_wrapper/ps7_cortexa9_0/standalone_ps7_cortexa9_0/bsp/system.mss|system_3||
C:/Users/j54mao/ECE423/ECE-423-Labs/workspace/lab_prefab_wrapper/zynq_fsbl/zynq_fsbl_bsp/system.mss|system_2||

TRACE::2025-03-26.16:27:51::SCWMssOS::Sw design exists and opened at  C:/Users/j54mao/ECE423/ECE-423-Labs/workspace/Assignment3_platform/ps7_cortexa9_0/standalone_domain/bsp/system.mss
TRACE::2025-03-26.16:27:51::SCWMssOS::Completed writing the mss file at C:/Users/j54mao/ECE423/ECE-423-Labs/workspace/Assignment3_platform/ps7_cortexa9_0/standalone_domain/bsp
TRACE::2025-03-26.16:27:51::SCWMssOS::Mss edits present, copying mssfile into export location C:/Users/j54mao/ECE423/ECE-423-Labs/workspace/Assignment3_platform/ps7_cortexa9_0/standalone_domain/bsp/system.mss
TRACE::2025-03-26.16:27:51::SCWMssOS::bsp generated is upto date with the mss file. Skipping bsp generation.
TRACE::2025-03-26.16:27:51::SCWMssOS::BSP is already built. skipping the bsp build ... 
TRACE::2025-03-26.16:27:51::SCWDomain::Skipping the build for domain :  standalone_domain
TRACE::2025-03-26.16:27:51::SCWMssOS::skipping the bsp build ... 
TRACE::2025-03-26.16:27:51::SCWMssOS::Copying to export directory.
TRACE::2025-03-26.16:27:52::SCWMssOS:: Checking if to create the Supporting Applications
TRACE::2025-03-26.16:27:52::SCWMssOS:: No Linux domain exists, trying to generate FSBL 
LOG::2025-03-26.16:27:52::SCWSystem::Completed Processing the domain standalone_domain
LOG::2025-03-26.16:27:52::SCWSystem::Started Processing the domain standalone_ps7_cortexa9_1
TRACE::2025-03-26.16:27:52::SCWDomain::Generating domain artifcats
TRACE::2025-03-26.16:27:52::SCWMssOS::Generating standalone artifcats
TRACE::2025-03-26.16:27:52::SCWMssOS::Copying the qemu file from  C:/Users/j54mao/ECE423/ECE-423-Labs/workspace/Assignment3_platform/resources/Assignment3_platform/standalone_ps7_cortexa9_1/qemu_args.txt To C:/Users/j54mao/ECE423/ECE-423-Labs/workspace/Assignment3_platform/export/Assignment3_platform/sw/Assignment3_platform/standalone_ps7_cortexa9_1/qemu/
TRACE::2025-03-26.16:27:52::SCWMssOS:: Copying the user libraries. 
TRACE::2025-03-26.16:27:52::SCWPlatform::Trying to open the hw design at C:/Users/j54mao/ECE423/ECE-423-Labs/workspace/Assignment3_platform/hw/lab_prefab_wrapper.xsa
TRACE::2025-03-26.16:27:52::SCWPlatform::DSA given C:/Users/j54mao/ECE423/ECE-423-Labs/workspace/Assignment3_platform/hw/lab_prefab_wrapper.xsa
TRACE::2025-03-26.16:27:52::SCWPlatform::DSA absoulate path C:/Users/j54mao/ECE423/ECE-423-Labs/workspace/Assignment3_platform/hw/lab_prefab_wrapper.xsa
TRACE::2025-03-26.16:27:52::SCWPlatform::DSA directory C:/Users/j54mao/ECE423/ECE-423-Labs/workspace/Assignment3_platform/hw
TRACE::2025-03-26.16:27:52::SCWPlatform:: Platform Path C:/Users/j54mao/ECE423/ECE-423-Labs/workspace/Assignment3_platform/hw/lab_prefab_wrapper.xsa
TRACE::2025-03-26.16:27:52::SCWPlatform:: Unique name xilinx:pynq-z1::0.0
TRACE::2025-03-26.16:27:52::SCWPlatform::Trying to set the existing hwdb with name lab_prefab_wrapper_2
TRACE::2025-03-26.16:27:52::SCWPlatform::Opened existing hwdb lab_prefab_wrapper_2
TRACE::2025-03-26.16:27:52::SCWPlatform::Found the Hw Db part of the input DSA
TRACE::2025-03-26.16:27:52::SCWMssOS::Checking the sw design at  C:/Users/j54mao/ECE423/ECE-423-Labs/workspace/Assignment3_platform/ps7_cortexa9_1/standalone_ps7_cortexa9_1/bsp/system.mss
TRACE::2025-03-26.16:27:52::SCWMssOS::DEBUG:  swdes dump  C:/Users/j54mao/ECE423/ECE-423-Labs/workspace/Assignment3_platform/ps7_cortexa9_0/standalone_domain/bsp/system.mss|system_1||
C:/Users/j54mao/ECE423/ECE-423-Labs/workspace/Assignment3_platform/ps7_cortexa9_1/standalone_ps7_cortexa9_1/bsp/system.mss|system||
C:/Users/j54mao/ECE423/ECE-423-Labs/workspace/Assignment3_platform/zynq_fsbl/zynq_fsbl_bsp/system.mss|system_0||
C:/Users/j54mao/ECE423/ECE-423-Labs/workspace/lab_prefab_wrapper/ps7_cortexa9_0/standalone_ps7_cortexa9_0/bsp/system.mss|system_3||
C:/Users/j54mao/ECE423/ECE-423-Labs/workspace/lab_prefab_wrapper/zynq_fsbl/zynq_fsbl_bsp/system.mss|system_2||

TRACE::2025-03-26.16:27:52::SCWMssOS::Sw design exists and opened at  C:/Users/j54mao/ECE423/ECE-423-Labs/workspace/Assignment3_platform/ps7_cortexa9_1/standalone_ps7_cortexa9_1/bsp/system.mss
TRACE::2025-03-26.16:27:52::SCWMssOS::Completed writing the mss file at C:/Users/j54mao/ECE423/ECE-423-Labs/workspace/Assignment3_platform/ps7_cortexa9_1/standalone_ps7_cortexa9_1/bsp
TRACE::2025-03-26.16:27:52::SCWMssOS::Mss edits present, copying mssfile into export location C:/Users/j54mao/ECE423/ECE-423-Labs/workspace/Assignment3_platform/ps7_cortexa9_1/standalone_ps7_cortexa9_1/bsp/system.mss
TRACE::2025-03-26.16:27:52::SCWMssOS::bsp generated is upto date with the mss file. Skipping bsp generation.
TRACE::2025-03-26.16:27:52::SCWMssOS::BSP is already built. skipping the bsp build ... 
TRACE::2025-03-26.16:27:52::SCWDomain::Skipping the build for domain :  standalone_ps7_cortexa9_1
TRACE::2025-03-26.16:27:52::SCWMssOS::skipping the bsp build ... 
TRACE::2025-03-26.16:27:52::SCWMssOS::Copying to export directory.
TRACE::2025-03-26.16:27:53::SCWMssOS:: Checking if to create the Supporting Applications
TRACE::2025-03-26.16:27:53::SCWMssOS:: No Linux domain exists, trying to generate FSBL 
LOG::2025-03-26.16:27:53::SCWSystem::Completed Processing the domain standalone_ps7_cortexa9_1
LOG::2025-03-26.16:27:53::SCWSystem::Completed Processing the sysconfig Assignment3_platform
LOG::2025-03-26.16:27:53::SCWPlatform::Completed generating the artifacts for system configuration Assignment3_platform
TRACE::2025-03-26.16:27:53::SCWPlatform::Started preparing the platform 
TRACE::2025-03-26.16:27:53::SCWSystem::Writing the bif file for system config Assignment3_platform
TRACE::2025-03-26.16:27:53::SCWSystem::dir created 
TRACE::2025-03-26.16:27:53::SCWSystem::Writing the bif 
TRACE::2025-03-26.16:27:53::SCWPlatform::Started writing the spfm file 
TRACE::2025-03-26.16:27:53::SCWPlatform::Started writing the xpfm file 
TRACE::2025-03-26.16:27:53::SCWPlatform::Completed generating the platform
TRACE::2025-03-26.16:27:53::SCWMssOS::Saving the mss changes C:/Users/j54mao/ECE423/ECE-423-Labs/workspace/Assignment3_platform/zynq_fsbl/zynq_fsbl_bsp/system.mss
TRACE::2025-03-26.16:27:53::SCWMssOS::Found a swdesign opened with the mssfile.
TRACE::2025-03-26.16:27:53::SCWMssOS::Completed writemss as part of save.
TRACE::2025-03-26.16:27:53::SCWMssOS::Commit changes completed.
TRACE::2025-03-26.16:27:53::SCWMssOS::Saving the mss changes C:/Users/j54mao/ECE423/ECE-423-Labs/workspace/Assignment3_platform/ps7_cortexa9_0/standalone_domain/bsp/system.mss
TRACE::2025-03-26.16:27:53::SCWMssOS::Found a swdesign opened with the mssfile.
TRACE::2025-03-26.16:27:53::SCWMssOS::Completed writemss as part of save.
TRACE::2025-03-26.16:27:53::SCWMssOS::Commit changes completed.
TRACE::2025-03-26.16:27:53::SCWMssOS::Saving the mss changes C:/Users/j54mao/ECE423/ECE-423-Labs/workspace/Assignment3_platform/ps7_cortexa9_1/standalone_ps7_cortexa9_1/bsp/system.mss
TRACE::2025-03-26.16:27:53::SCWMssOS::Found a swdesign opened with the mssfile.
TRACE::2025-03-26.16:27:53::SCWMssOS::Completed writemss as part of save.
TRACE::2025-03-26.16:27:53::SCWMssOS::Commit changes completed.
TRACE::2025-03-26.16:27:53::SCWPlatform::Trying to open the hw design at C:/Users/j54mao/ECE423/ECE-423-Labs/workspace/Assignment3_platform/hw/lab_prefab_wrapper.xsa
TRACE::2025-03-26.16:27:53::SCWPlatform::DSA given C:/Users/j54mao/ECE423/ECE-423-Labs/workspace/Assignment3_platform/hw/lab_prefab_wrapper.xsa
TRACE::2025-03-26.16:27:53::SCWPlatform::DSA absoulate path C:/Users/j54mao/ECE423/ECE-423-Labs/workspace/Assignment3_platform/hw/lab_prefab_wrapper.xsa
TRACE::2025-03-26.16:27:53::SCWPlatform::DSA directory C:/Users/j54mao/ECE423/ECE-423-Labs/workspace/Assignment3_platform/hw
TRACE::2025-03-26.16:27:53::SCWPlatform:: Platform Path C:/Users/j54mao/ECE423/ECE-423-Labs/workspace/Assignment3_platform/hw/lab_prefab_wrapper.xsa
TRACE::2025-03-26.16:27:53::SCWPlatform:: Unique name xilinx:pynq-z1::0.0
TRACE::2025-03-26.16:27:53::SCWPlatform::Trying to set the existing hwdb with name lab_prefab_wrapper_2
TRACE::2025-03-26.16:27:53::SCWPlatform::Opened existing hwdb lab_prefab_wrapper_2
TRACE::2025-03-26.16:27:53::SCWPlatform::Found the Hw Db part of the input DSA
TRACE::2025-03-26.16:27:53::SCWMssOS::Checking the sw design at  C:/Users/j54mao/ECE423/ECE-423-Labs/workspace/Assignment3_platform/zynq_fsbl/zynq_fsbl_bsp/system.mss
TRACE::2025-03-26.16:27:53::SCWMssOS::DEBUG:  swdes dump  C:/Users/j54mao/ECE423/ECE-423-Labs/workspace/Assignment3_platform/ps7_cortexa9_0/standalone_domain/bsp/system.mss|system_1||
C:/Users/j54mao/ECE423/ECE-423-Labs/workspace/Assignment3_platform/ps7_cortexa9_1/standalone_ps7_cortexa9_1/bsp/system.mss|system||
C:/Users/j54mao/ECE423/ECE-423-Labs/workspace/Assignment3_platform/zynq_fsbl/zynq_fsbl_bsp/system.mss|system_0||
C:/Users/j54mao/ECE423/ECE-423-Labs/workspace/lab_prefab_wrapper/ps7_cortexa9_0/standalone_ps7_cortexa9_0/bsp/system.mss|system_3||
C:/Users/j54mao/ECE423/ECE-423-Labs/workspace/lab_prefab_wrapper/zynq_fsbl/zynq_fsbl_bsp/system.mss|system_2||

TRACE::2025-03-26.16:27:53::SCWMssOS::Sw design exists and opened at  C:/Users/j54mao/ECE423/ECE-423-Labs/workspace/Assignment3_platform/zynq_fsbl/zynq_fsbl_bsp/system.mss
TRACE::2025-03-26.16:27:53::SCWPlatform::Trying to open the hw design at C:/Users/j54mao/ECE423/ECE-423-Labs/workspace/Assignment3_platform/hw/lab_prefab_wrapper.xsa
TRACE::2025-03-26.16:27:53::SCWPlatform::DSA given C:/Users/j54mao/ECE423/ECE-423-Labs/workspace/Assignment3_platform/hw/lab_prefab_wrapper.xsa
TRACE::2025-03-26.16:27:53::SCWPlatform::DSA absoulate path C:/Users/j54mao/ECE423/ECE-423-Labs/workspace/Assignment3_platform/hw/lab_prefab_wrapper.xsa
TRACE::2025-03-26.16:27:53::SCWPlatform::DSA directory C:/Users/j54mao/ECE423/ECE-423-Labs/workspace/Assignment3_platform/hw
TRACE::2025-03-26.16:27:53::SCWPlatform:: Platform Path C:/Users/j54mao/ECE423/ECE-423-Labs/workspace/Assignment3_platform/hw/lab_prefab_wrapper.xsa
TRACE::2025-03-26.16:27:53::SCWPlatform:: Unique name xilinx:pynq-z1::0.0
TRACE::2025-03-26.16:27:53::SCWPlatform::Trying to set the existing hwdb with name lab_prefab_wrapper_2
TRACE::2025-03-26.16:27:53::SCWPlatform::Opened existing hwdb lab_prefab_wrapper_2
TRACE::2025-03-26.16:27:53::SCWPlatform::Found the Hw Db part of the input DSA
TRACE::2025-03-26.16:27:53::SCWMssOS::Checking the sw design at  C:/Users/j54mao/ECE423/ECE-423-Labs/workspace/Assignment3_platform/ps7_cortexa9_0/standalone_domain/bsp/system.mss
TRACE::2025-03-26.16:27:53::SCWMssOS::DEBUG:  swdes dump  C:/Users/j54mao/ECE423/ECE-423-Labs/workspace/Assignment3_platform/ps7_cortexa9_0/standalone_domain/bsp/system.mss|system_1||
C:/Users/j54mao/ECE423/ECE-423-Labs/workspace/Assignment3_platform/ps7_cortexa9_1/standalone_ps7_cortexa9_1/bsp/system.mss|system||
C:/Users/j54mao/ECE423/ECE-423-Labs/workspace/Assignment3_platform/zynq_fsbl/zynq_fsbl_bsp/system.mss|system_0||
C:/Users/j54mao/ECE423/ECE-423-Labs/workspace/lab_prefab_wrapper/ps7_cortexa9_0/standalone_ps7_cortexa9_0/bsp/system.mss|system_3||
C:/Users/j54mao/ECE423/ECE-423-Labs/workspace/lab_prefab_wrapper/zynq_fsbl/zynq_fsbl_bsp/system.mss|system_2||

TRACE::2025-03-26.16:27:53::SCWMssOS::Sw design exists and opened at  C:/Users/j54mao/ECE423/ECE-423-Labs/workspace/Assignment3_platform/ps7_cortexa9_0/standalone_domain/bsp/system.mss
TRACE::2025-03-26.16:27:53::SCWPlatform::Trying to open the hw design at C:/Users/j54mao/ECE423/ECE-423-Labs/workspace/Assignment3_platform/hw/lab_prefab_wrapper.xsa
TRACE::2025-03-26.16:27:53::SCWPlatform::DSA given C:/Users/j54mao/ECE423/ECE-423-Labs/workspace/Assignment3_platform/hw/lab_prefab_wrapper.xsa
TRACE::2025-03-26.16:27:53::SCWPlatform::DSA absoulate path C:/Users/j54mao/ECE423/ECE-423-Labs/workspace/Assignment3_platform/hw/lab_prefab_wrapper.xsa
TRACE::2025-03-26.16:27:53::SCWPlatform::DSA directory C:/Users/j54mao/ECE423/ECE-423-Labs/workspace/Assignment3_platform/hw
TRACE::2025-03-26.16:27:53::SCWPlatform:: Platform Path C:/Users/j54mao/ECE423/ECE-423-Labs/workspace/Assignment3_platform/hw/lab_prefab_wrapper.xsa
TRACE::2025-03-26.16:27:53::SCWPlatform:: Unique name xilinx:pynq-z1::0.0
TRACE::2025-03-26.16:27:53::SCWPlatform::Trying to set the existing hwdb with name lab_prefab_wrapper_2
TRACE::2025-03-26.16:27:53::SCWPlatform::Opened existing hwdb lab_prefab_wrapper_2
TRACE::2025-03-26.16:27:53::SCWPlatform::Found the Hw Db part of the input DSA
TRACE::2025-03-26.16:27:53::SCWMssOS::Checking the sw design at  C:/Users/j54mao/ECE423/ECE-423-Labs/workspace/Assignment3_platform/ps7_cortexa9_1/standalone_ps7_cortexa9_1/bsp/system.mss
TRACE::2025-03-26.16:27:53::SCWMssOS::DEBUG:  swdes dump  C:/Users/j54mao/ECE423/ECE-423-Labs/workspace/Assignment3_platform/ps7_cortexa9_0/standalone_domain/bsp/system.mss|system_1||
C:/Users/j54mao/ECE423/ECE-423-Labs/workspace/Assignment3_platform/ps7_cortexa9_1/standalone_ps7_cortexa9_1/bsp/system.mss|system||
C:/Users/j54mao/ECE423/ECE-423-Labs/workspace/Assignment3_platform/zynq_fsbl/zynq_fsbl_bsp/system.mss|system_0||
C:/Users/j54mao/ECE423/ECE-423-Labs/workspace/lab_prefab_wrapper/ps7_cortexa9_0/standalone_ps7_cortexa9_0/bsp/system.mss|system_3||
C:/Users/j54mao/ECE423/ECE-423-Labs/workspace/lab_prefab_wrapper/zynq_fsbl/zynq_fsbl_bsp/system.mss|system_2||

TRACE::2025-03-26.16:27:53::SCWMssOS::Sw design exists and opened at  C:/Users/j54mao/ECE423/ECE-423-Labs/workspace/Assignment3_platform/ps7_cortexa9_1/standalone_ps7_cortexa9_1/bsp/system.mss
TRACE::2025-03-26.16:27:53::SCWWriter::formatted JSON is {
	"platformName":	"Assignment3_platform",
	"sprVersion":	"2.0",
	"mode":	"gui",
	"dsaType":	"Fixed",
	"platformDesc":	"Assignment3_platform",
	"platHandOff":	"C:/Users/j54mao/ECE423/ECE-423-Labs/workspace/assignment2_hunter_test/hw/lab_prefab_wrapper.xsa",
	"platIntHandOff":	"<platformDir>/hw/lab_prefab_wrapper.xsa",
	"deviceType":	"zynq",
	"platIsPrebuiltAutogen":	"false",
	"platIsNoBootBsp":	"false",
	"hasFsblMakeHasChanges":	"false",
	"hasPmufwMakeHasChanges":	"false",
	"fsblExtraCompilerFlags":	"-MMD -MP       -mcpu=cortex-a9 -mfpu=vfpv3 -mfloat-abi=hard ",
	"platPreBuiltFlag":	false,
	"platformSamplesDir":	"",
	"platActiveSys":	"Assignment3_platform",
	"systems":	[{
			"systemName":	"Assignment3_platform",
			"systemDesc":	"Assignment3_platform",
			"sysIsBootAutoGen":	"true",
			"systemDispName":	"Assignment3_platform",
			"sysActiveDom":	"standalone_ps7_cortexa9_1",
			"sysDefaultDom":	"standalone_ps7_cortexa9_1",
			"domains":	[{
					"domainName":	"zynq_fsbl",
					"domainDispName":	"zynq_fsbl",
					"domainDesc":	"FSBL Application BSP - Auto Generated.",
					"processors":	"ps7_cortexa9_0",
					"os":	"standalone",
					"sdxOs":	"standalone",
					"debugEnable":	"",
					"domRuntimes":	["cpp"],
					"swRepo":	"",
					"mssOsVer":	"7.7",
					"mssFile":	"",
					"md5Digest":	"461cb4c64d2f43abda4608f696ad182a",
					"compatibleApp":	"zynq_fsbl",
					"domType":	"bootDomain",
					"arch":	"32-bit",
					"appSettings":	{
						"appCompilerFlags":	"",
						"appLinkerFlags":	""
					},
					"addedLibs":	["xilffs:4.7", "xilrsa:1.6"],
					"libOptions":	{
						"ps7_cortexa9_0":	{
							"extra_compiler_flags":	"-mcpu=cortex-a9 -mfpu=vfpv3 -mfloat-abi=hard -nostartfiles -g -Wall -Wextra -fno-tree-loop-distribute-patterns -DSHAREABLE_DRR",
							"libOptionNames":	["extra_compiler_flags"]
						},
						"libsContainingOptions":	["ps7_cortexa9_0"]
					},
					"prebuiltLibs":	{
						"prebuiltIncPath":	[],
						"prebuiltLibPath":	[]
					},
					"isolation":	{
					}
				}, {
					"domainName":	"standalone_domain",
					"domainDispName":	"standalone on ps7_cortexa9_0",
					"domainDesc":	"standalone_domain",
					"processors":	"ps7_cortexa9_0",
					"os":	"standalone",
					"sdxOs":	"standalone",
					"qemuArgs":	"<platformDir>/resources/Assignment3_platform/standalone_domain/qemu_args.txt",
					"qemuData":	"<platformDir>/resources/Assignment3_platform/standalone_domain/qemu",
					"debugEnable":	"False",
					"domRuntimes":	["cpp"],
					"swRepo":	"",
					"mssOsVer":	"7.7",
					"mssFile":	"",
					"md5Digest":	"253b276c370a8ce3d1902558a6b1676e",
					"compatibleApp":	"",
					"domType":	"mssDomain",
					"appSettings":	{
						"appCompilerFlags":	"",
						"appLinkerFlags":	""
					},
					"addedLibs":	[],
					"libOptions":	{
						"ps7_cortexa9_0":	{
							"extra_compiler_flags":	"-mcpu=cortex-a9 -mfpu=vfpv3 -mfloat-abi=hard -nostartfiles -g -Wall -Wextra -fno-tree-loop-distribute-patterns -DSHAREABLE_DRR",
							"libOptionNames":	["extra_compiler_flags"]
						},
						"libsContainingOptions":	["ps7_cortexa9_0"]
					},
					"prebuiltLibs":	{
						"prebuiltIncPath":	[],
						"prebuiltLibPath":	[]
					},
					"isolation":	{
					}
				}, {
					"domainName":	"standalone_ps7_cortexa9_1",
					"domainDispName":	"standalone_ps7_cortexa9_1",
					"domainDesc":	"standalone_ps7_cortexa9_1",
					"processors":	"ps7_cortexa9_1",
					"os":	"standalone",
					"sdxOs":	"standalone",
					"qemuArgs":	"<platformDir>/resources/Assignment3_platform/standalone_ps7_cortexa9_1/qemu_args.txt",
					"qemuData":	"<platformDir>/resources/Assignment3_platform/standalone_ps7_cortexa9_1/qemu",
					"debugEnable":	"False",
					"domRuntimes":	["cpp"],
					"swRepo":	"",
					"mssOsVer":	"7.7",
					"mssFile":	"",
					"md5Digest":	"68e436a9b0c8c52b3e9934664043cce5",
					"compatibleApp":	"",
					"domType":	"mssDomain",
					"arch":	"32-bit",
					"appSettings":	{
						"appCompilerFlags":	"",
						"appLinkerFlags":	""
					},
					"addedLibs":	[],
					"libOptions":	{
						"ps7_cortexa9_1":	{
							"extra_compiler_flags":	"-mcpu=cortex-a9 -mfpu=vfpv3 -mfloat-abi=hard -nostartfiles -g -Wall -Wextra -fno-tree-loop-distribute-patterns -DSHAREABLE_DRR -DUSE_AMP=1",
							"libOptionNames":	["extra_compiler_flags"]
						},
						"libsContainingOptions":	["ps7_cortexa9_1"]
					},
					"prebuiltLibs":	{
						"prebuiltIncPath":	[],
						"prebuiltLibPath":	[]
					},
					"isolation":	{
					}
				}]
		}]
}
KEYINFO::2025-03-26.16:27:53::SCWPlatform::updated the xpfm file.
TRACE::2025-03-26.16:27:53::SCWPlatform::Trying to open the hw design at C:/Users/j54mao/ECE423/ECE-423-Labs/workspace/Assignment3_platform/hw/lab_prefab_wrapper.xsa
TRACE::2025-03-26.16:27:53::SCWPlatform::DSA given C:/Users/j54mao/ECE423/ECE-423-Labs/workspace/Assignment3_platform/hw/lab_prefab_wrapper.xsa
TRACE::2025-03-26.16:27:53::SCWPlatform::DSA absoulate path C:/Users/j54mao/ECE423/ECE-423-Labs/workspace/Assignment3_platform/hw/lab_prefab_wrapper.xsa
TRACE::2025-03-26.16:27:53::SCWPlatform::DSA directory C:/Users/j54mao/ECE423/ECE-423-Labs/workspace/Assignment3_platform/hw
TRACE::2025-03-26.16:27:53::SCWPlatform:: Platform Path C:/Users/j54mao/ECE423/ECE-423-Labs/workspace/Assignment3_platform/hw/lab_prefab_wrapper.xsa
TRACE::2025-03-26.16:27:53::SCWPlatform:: Unique name xilinx:pynq-z1::0.0
TRACE::2025-03-26.16:27:53::SCWPlatform::Trying to set the existing hwdb with name lab_prefab_wrapper_2
TRACE::2025-03-26.16:27:53::SCWPlatform::Opened existing hwdb lab_prefab_wrapper_2
TRACE::2025-03-26.16:27:53::SCWPlatform::Found the Hw Db part of the input DSA
TRACE::2025-03-26.16:27:53::SCWMssOS::Checking the sw design at  C:/Users/j54mao/ECE423/ECE-423-Labs/workspace/Assignment3_platform/ps7_cortexa9_0/standalone_domain/bsp/system.mss
TRACE::2025-03-26.16:27:53::SCWMssOS::DEBUG:  swdes dump  C:/Users/j54mao/ECE423/ECE-423-Labs/workspace/Assignment3_platform/ps7_cortexa9_0/standalone_domain/bsp/system.mss|system_1||
C:/Users/j54mao/ECE423/ECE-423-Labs/workspace/Assignment3_platform/ps7_cortexa9_1/standalone_ps7_cortexa9_1/bsp/system.mss|system||
C:/Users/j54mao/ECE423/ECE-423-Labs/workspace/Assignment3_platform/zynq_fsbl/zynq_fsbl_bsp/system.mss|system_0||
C:/Users/j54mao/ECE423/ECE-423-Labs/workspace/lab_prefab_wrapper/ps7_cortexa9_0/standalone_ps7_cortexa9_0/bsp/system.mss|system_3||
C:/Users/j54mao/ECE423/ECE-423-Labs/workspace/lab_prefab_wrapper/zynq_fsbl/zynq_fsbl_bsp/system.mss|system_2||

TRACE::2025-03-26.16:27:53::SCWMssOS::Sw design exists and opened at  C:/Users/j54mao/ECE423/ECE-423-Labs/workspace/Assignment3_platform/ps7_cortexa9_0/standalone_domain/bsp/system.mss
TRACE::2025-03-26.16:27:53::SCWPlatform::Trying to open the hw design at C:/Users/j54mao/ECE423/ECE-423-Labs/workspace/Assignment3_platform/hw/lab_prefab_wrapper.xsa
TRACE::2025-03-26.16:27:53::SCWPlatform::DSA given C:/Users/j54mao/ECE423/ECE-423-Labs/workspace/Assignment3_platform/hw/lab_prefab_wrapper.xsa
TRACE::2025-03-26.16:27:53::SCWPlatform::DSA absoulate path C:/Users/j54mao/ECE423/ECE-423-Labs/workspace/Assignment3_platform/hw/lab_prefab_wrapper.xsa
TRACE::2025-03-26.16:27:53::SCWPlatform::DSA directory C:/Users/j54mao/ECE423/ECE-423-Labs/workspace/Assignment3_platform/hw
TRACE::2025-03-26.16:27:53::SCWPlatform:: Platform Path C:/Users/j54mao/ECE423/ECE-423-Labs/workspace/Assignment3_platform/hw/lab_prefab_wrapper.xsa
TRACE::2025-03-26.16:27:53::SCWPlatform:: Unique name xilinx:pynq-z1::0.0
TRACE::2025-03-26.16:27:53::SCWPlatform::Trying to set the existing hwdb with name lab_prefab_wrapper_2
TRACE::2025-03-26.16:27:53::SCWPlatform::Opened existing hwdb lab_prefab_wrapper_2
TRACE::2025-03-26.16:27:53::SCWPlatform::Found the Hw Db part of the input DSA
TRACE::2025-03-26.16:27:53::SCWMssOS::Checking the sw design at  C:/Users/j54mao/ECE423/ECE-423-Labs/workspace/Assignment3_platform/ps7_cortexa9_1/standalone_ps7_cortexa9_1/bsp/system.mss
TRACE::2025-03-26.16:27:53::SCWMssOS::DEBUG:  swdes dump  C:/Users/j54mao/ECE423/ECE-423-Labs/workspace/Assignment3_platform/ps7_cortexa9_0/standalone_domain/bsp/system.mss|system_1||
C:/Users/j54mao/ECE423/ECE-423-Labs/workspace/Assignment3_platform/ps7_cortexa9_1/standalone_ps7_cortexa9_1/bsp/system.mss|system||
C:/Users/j54mao/ECE423/ECE-423-Labs/workspace/Assignment3_platform/zynq_fsbl/zynq_fsbl_bsp/system.mss|system_0||
C:/Users/j54mao/ECE423/ECE-423-Labs/workspace/lab_prefab_wrapper/ps7_cortexa9_0/standalone_ps7_cortexa9_0/bsp/system.mss|system_3||
C:/Users/j54mao/ECE423/ECE-423-Labs/workspace/lab_prefab_wrapper/zynq_fsbl/zynq_fsbl_bsp/system.mss|system_2||

TRACE::2025-03-26.16:27:53::SCWMssOS::Sw design exists and opened at  C:/Users/j54mao/ECE423/ECE-423-Labs/workspace/Assignment3_platform/ps7_cortexa9_1/standalone_ps7_cortexa9_1/bsp/system.mss
TRACE::2025-03-26.16:28:27::SCWPlatform::Trying to open the hw design at C:/Users/j54mao/ECE423/ECE-423-Labs/workspace/Assignment3_platform/hw/lab_prefab_wrapper.xsa
TRACE::2025-03-26.16:28:27::SCWPlatform::DSA given C:/Users/j54mao/ECE423/ECE-423-Labs/workspace/Assignment3_platform/hw/lab_prefab_wrapper.xsa
TRACE::2025-03-26.16:28:27::SCWPlatform::DSA absoulate path C:/Users/j54mao/ECE423/ECE-423-Labs/workspace/Assignment3_platform/hw/lab_prefab_wrapper.xsa
TRACE::2025-03-26.16:28:27::SCWPlatform::DSA directory C:/Users/j54mao/ECE423/ECE-423-Labs/workspace/Assignment3_platform/hw
TRACE::2025-03-26.16:28:27::SCWPlatform:: Platform Path C:/Users/j54mao/ECE423/ECE-423-Labs/workspace/Assignment3_platform/hw/lab_prefab_wrapper.xsa
TRACE::2025-03-26.16:28:27::SCWPlatform:: Unique name xilinx:pynq-z1::0.0
TRACE::2025-03-26.16:28:27::SCWPlatform::Trying to set the existing hwdb with name lab_prefab_wrapper_2
TRACE::2025-03-26.16:28:27::SCWPlatform::Opened existing hwdb lab_prefab_wrapper_2
TRACE::2025-03-26.16:28:27::SCWPlatform::Found the Hw Db part of the input DSA
TRACE::2025-03-26.16:28:27::SCWMssOS::Checking the sw design at  C:/Users/j54mao/ECE423/ECE-423-Labs/workspace/Assignment3_platform/ps7_cortexa9_1/standalone_ps7_cortexa9_1/bsp/system.mss
TRACE::2025-03-26.16:28:27::SCWMssOS::DEBUG:  swdes dump  C:/Users/j54mao/ECE423/ECE-423-Labs/workspace/Assignment3_platform/ps7_cortexa9_0/standalone_domain/bsp/system.mss|system_1||
C:/Users/j54mao/ECE423/ECE-423-Labs/workspace/Assignment3_platform/ps7_cortexa9_1/standalone_ps7_cortexa9_1/bsp/system.mss|system||
C:/Users/j54mao/ECE423/ECE-423-Labs/workspace/Assignment3_platform/zynq_fsbl/zynq_fsbl_bsp/system.mss|system_0||
C:/Users/j54mao/ECE423/ECE-423-Labs/workspace/lab_prefab_wrapper/ps7_cortexa9_0/standalone_ps7_cortexa9_0/bsp/system.mss|system_3||
C:/Users/j54mao/ECE423/ECE-423-Labs/workspace/lab_prefab_wrapper/zynq_fsbl/zynq_fsbl_bsp/system.mss|system_2||

TRACE::2025-03-26.16:28:27::SCWMssOS::Sw design exists and opened at  C:/Users/j54mao/ECE423/ECE-423-Labs/workspace/Assignment3_platform/ps7_cortexa9_1/standalone_ps7_cortexa9_1/bsp/system.mss
TRACE::2025-03-26.16:28:30::SCWPlatform::Trying to open the hw design at C:/Users/j54mao/ECE423/ECE-423-Labs/workspace/Assignment3_platform/hw/lab_prefab_wrapper.xsa
TRACE::2025-03-26.16:28:30::SCWPlatform::DSA given C:/Users/j54mao/ECE423/ECE-423-Labs/workspace/Assignment3_platform/hw/lab_prefab_wrapper.xsa
TRACE::2025-03-26.16:28:30::SCWPlatform::DSA absoulate path C:/Users/j54mao/ECE423/ECE-423-Labs/workspace/Assignment3_platform/hw/lab_prefab_wrapper.xsa
TRACE::2025-03-26.16:28:30::SCWPlatform::DSA directory C:/Users/j54mao/ECE423/ECE-423-Labs/workspace/Assignment3_platform/hw
TRACE::2025-03-26.16:28:30::SCWPlatform:: Platform Path C:/Users/j54mao/ECE423/ECE-423-Labs/workspace/Assignment3_platform/hw/lab_prefab_wrapper.xsa
TRACE::2025-03-26.16:28:30::SCWPlatform:: Unique name xilinx:pynq-z1::0.0
TRACE::2025-03-26.16:28:30::SCWPlatform::Trying to set the existing hwdb with name lab_prefab_wrapper_2
TRACE::2025-03-26.16:28:30::SCWPlatform::Opened existing hwdb lab_prefab_wrapper_2
TRACE::2025-03-26.16:28:30::SCWPlatform::Found the Hw Db part of the input DSA
TRACE::2025-03-26.16:28:30::SCWMssOS::Checking the sw design at  C:/Users/j54mao/ECE423/ECE-423-Labs/workspace/Assignment3_platform/ps7_cortexa9_1/standalone_ps7_cortexa9_1/bsp/system.mss
TRACE::2025-03-26.16:28:30::SCWMssOS::DEBUG:  swdes dump  C:/Users/j54mao/ECE423/ECE-423-Labs/workspace/Assignment3_platform/ps7_cortexa9_0/standalone_domain/bsp/system.mss|system_1||
C:/Users/j54mao/ECE423/ECE-423-Labs/workspace/Assignment3_platform/ps7_cortexa9_1/standalone_ps7_cortexa9_1/bsp/system.mss|system||
C:/Users/j54mao/ECE423/ECE-423-Labs/workspace/Assignment3_platform/zynq_fsbl/zynq_fsbl_bsp/system.mss|system_0||
C:/Users/j54mao/ECE423/ECE-423-Labs/workspace/lab_prefab_wrapper/ps7_cortexa9_0/standalone_ps7_cortexa9_0/bsp/system.mss|system_3||
C:/Users/j54mao/ECE423/ECE-423-Labs/workspace/lab_prefab_wrapper/zynq_fsbl/zynq_fsbl_bsp/system.mss|system_2||

TRACE::2025-03-26.16:28:30::SCWMssOS::Sw design exists and opened at  C:/Users/j54mao/ECE423/ECE-423-Labs/workspace/Assignment3_platform/ps7_cortexa9_1/standalone_ps7_cortexa9_1/bsp/system.mss
TRACE::2025-03-26.16:28:30::SCWMssOS::Adding Library:  xilffs:4.7
TRACE::2025-03-26.16:28:30::SCWMssOS::Added Library:  xilffs
TRACE::2025-03-26.16:28:30::SCWPlatform::Trying to open the hw design at C:/Users/j54mao/ECE423/ECE-423-Labs/workspace/Assignment3_platform/hw/lab_prefab_wrapper.xsa
TRACE::2025-03-26.16:28:30::SCWPlatform::DSA given C:/Users/j54mao/ECE423/ECE-423-Labs/workspace/Assignment3_platform/hw/lab_prefab_wrapper.xsa
TRACE::2025-03-26.16:28:30::SCWPlatform::DSA absoulate path C:/Users/j54mao/ECE423/ECE-423-Labs/workspace/Assignment3_platform/hw/lab_prefab_wrapper.xsa
TRACE::2025-03-26.16:28:30::SCWPlatform::DSA directory C:/Users/j54mao/ECE423/ECE-423-Labs/workspace/Assignment3_platform/hw
TRACE::2025-03-26.16:28:30::SCWPlatform:: Platform Path C:/Users/j54mao/ECE423/ECE-423-Labs/workspace/Assignment3_platform/hw/lab_prefab_wrapper.xsa
TRACE::2025-03-26.16:28:30::SCWPlatform:: Unique name xilinx:pynq-z1::0.0
TRACE::2025-03-26.16:28:30::SCWPlatform::Trying to set the existing hwdb with name lab_prefab_wrapper_2
TRACE::2025-03-26.16:28:30::SCWPlatform::Opened existing hwdb lab_prefab_wrapper_2
TRACE::2025-03-26.16:28:30::SCWPlatform::Found the Hw Db part of the input DSA
TRACE::2025-03-26.16:28:30::SCWMssOS::Checking the sw design at  C:/Users/j54mao/ECE423/ECE-423-Labs/workspace/Assignment3_platform/ps7_cortexa9_1/standalone_ps7_cortexa9_1/bsp/system.mss
TRACE::2025-03-26.16:28:30::SCWMssOS::DEBUG:  swdes dump  C:/Users/j54mao/ECE423/ECE-423-Labs/workspace/Assignment3_platform/ps7_cortexa9_0/standalone_domain/bsp/system.mss|system_1||
C:/Users/j54mao/ECE423/ECE-423-Labs/workspace/Assignment3_platform/ps7_cortexa9_1/standalone_ps7_cortexa9_1/bsp/system.mss|system||
C:/Users/j54mao/ECE423/ECE-423-Labs/workspace/Assignment3_platform/zynq_fsbl/zynq_fsbl_bsp/system.mss|system_0||
C:/Users/j54mao/ECE423/ECE-423-Labs/workspace/lab_prefab_wrapper/ps7_cortexa9_0/standalone_ps7_cortexa9_0/bsp/system.mss|system_3||
C:/Users/j54mao/ECE423/ECE-423-Labs/workspace/lab_prefab_wrapper/zynq_fsbl/zynq_fsbl_bsp/system.mss|system_2||

TRACE::2025-03-26.16:28:30::SCWMssOS::Sw design exists and opened at  C:/Users/j54mao/ECE423/ECE-423-Labs/workspace/Assignment3_platform/ps7_cortexa9_1/standalone_ps7_cortexa9_1/bsp/system.mss
TRACE::2025-03-26.16:28:36::SCWPlatform::Trying to open the hw design at C:/Users/j54mao/ECE423/ECE-423-Labs/workspace/Assignment3_platform/hw/lab_prefab_wrapper.xsa
TRACE::2025-03-26.16:28:36::SCWPlatform::DSA given C:/Users/j54mao/ECE423/ECE-423-Labs/workspace/Assignment3_platform/hw/lab_prefab_wrapper.xsa
TRACE::2025-03-26.16:28:36::SCWPlatform::DSA absoulate path C:/Users/j54mao/ECE423/ECE-423-Labs/workspace/Assignment3_platform/hw/lab_prefab_wrapper.xsa
TRACE::2025-03-26.16:28:36::SCWPlatform::DSA directory C:/Users/j54mao/ECE423/ECE-423-Labs/workspace/Assignment3_platform/hw
TRACE::2025-03-26.16:28:36::SCWPlatform:: Platform Path C:/Users/j54mao/ECE423/ECE-423-Labs/workspace/Assignment3_platform/hw/lab_prefab_wrapper.xsa
TRACE::2025-03-26.16:28:36::SCWPlatform:: Unique name xilinx:pynq-z1::0.0
TRACE::2025-03-26.16:28:36::SCWPlatform::Trying to set the existing hwdb with name lab_prefab_wrapper_2
TRACE::2025-03-26.16:28:36::SCWPlatform::Opened existing hwdb lab_prefab_wrapper_2
TRACE::2025-03-26.16:28:36::SCWPlatform::Found the Hw Db part of the input DSA
TRACE::2025-03-26.16:28:36::SCWMssOS::Checking the sw design at  C:/Users/j54mao/ECE423/ECE-423-Labs/workspace/Assignment3_platform/ps7_cortexa9_1/standalone_ps7_cortexa9_1/bsp/system.mss
TRACE::2025-03-26.16:28:36::SCWMssOS::DEBUG:  swdes dump  C:/Users/j54mao/ECE423/ECE-423-Labs/workspace/Assignment3_platform/ps7_cortexa9_0/standalone_domain/bsp/system.mss|system_1||
C:/Users/j54mao/ECE423/ECE-423-Labs/workspace/Assignment3_platform/ps7_cortexa9_1/standalone_ps7_cortexa9_1/bsp/system.mss|system||
C:/Users/j54mao/ECE423/ECE-423-Labs/workspace/Assignment3_platform/zynq_fsbl/zynq_fsbl_bsp/system.mss|system_0||
C:/Users/j54mao/ECE423/ECE-423-Labs/workspace/lab_prefab_wrapper/ps7_cortexa9_0/standalone_ps7_cortexa9_0/bsp/system.mss|system_3||
C:/Users/j54mao/ECE423/ECE-423-Labs/workspace/lab_prefab_wrapper/zynq_fsbl/zynq_fsbl_bsp/system.mss|system_2||

TRACE::2025-03-26.16:28:36::SCWMssOS::Sw design exists and opened at  C:/Users/j54mao/ECE423/ECE-423-Labs/workspace/Assignment3_platform/ps7_cortexa9_1/standalone_ps7_cortexa9_1/bsp/system.mss
TRACE::2025-03-26.16:28:36::SCWPlatform::Trying to open the hw design at C:/Users/j54mao/ECE423/ECE-423-Labs/workspace/Assignment3_platform/hw/lab_prefab_wrapper.xsa
TRACE::2025-03-26.16:28:36::SCWPlatform::DSA given C:/Users/j54mao/ECE423/ECE-423-Labs/workspace/Assignment3_platform/hw/lab_prefab_wrapper.xsa
TRACE::2025-03-26.16:28:36::SCWPlatform::DSA absoulate path C:/Users/j54mao/ECE423/ECE-423-Labs/workspace/Assignment3_platform/hw/lab_prefab_wrapper.xsa
TRACE::2025-03-26.16:28:36::SCWPlatform::DSA directory C:/Users/j54mao/ECE423/ECE-423-Labs/workspace/Assignment3_platform/hw
TRACE::2025-03-26.16:28:36::SCWPlatform:: Platform Path C:/Users/j54mao/ECE423/ECE-423-Labs/workspace/Assignment3_platform/hw/lab_prefab_wrapper.xsa
TRACE::2025-03-26.16:28:36::SCWPlatform:: Unique name xilinx:pynq-z1::0.0
TRACE::2025-03-26.16:28:36::SCWPlatform::Trying to set the existing hwdb with name lab_prefab_wrapper_2
TRACE::2025-03-26.16:28:36::SCWPlatform::Opened existing hwdb lab_prefab_wrapper_2
TRACE::2025-03-26.16:28:36::SCWPlatform::Found the Hw Db part of the input DSA
TRACE::2025-03-26.16:28:36::SCWMssOS::Checking the sw design at  C:/Users/j54mao/ECE423/ECE-423-Labs/workspace/Assignment3_platform/ps7_cortexa9_1/standalone_ps7_cortexa9_1/bsp/system.mss
TRACE::2025-03-26.16:28:36::SCWMssOS::DEBUG:  swdes dump  C:/Users/j54mao/ECE423/ECE-423-Labs/workspace/Assignment3_platform/ps7_cortexa9_0/standalone_domain/bsp/system.mss|system_1||
C:/Users/j54mao/ECE423/ECE-423-Labs/workspace/Assignment3_platform/ps7_cortexa9_1/standalone_ps7_cortexa9_1/bsp/system.mss|system||
C:/Users/j54mao/ECE423/ECE-423-Labs/workspace/Assignment3_platform/zynq_fsbl/zynq_fsbl_bsp/system.mss|system_0||
C:/Users/j54mao/ECE423/ECE-423-Labs/workspace/lab_prefab_wrapper/ps7_cortexa9_0/standalone_ps7_cortexa9_0/bsp/system.mss|system_3||
C:/Users/j54mao/ECE423/ECE-423-Labs/workspace/lab_prefab_wrapper/zynq_fsbl/zynq_fsbl_bsp/system.mss|system_2||

TRACE::2025-03-26.16:28:36::SCWMssOS::Sw design exists and opened at  C:/Users/j54mao/ECE423/ECE-423-Labs/workspace/Assignment3_platform/ps7_cortexa9_1/standalone_ps7_cortexa9_1/bsp/system.mss
TRACE::2025-03-26.16:28:36::SCWPlatform::Trying to open the hw design at C:/Users/j54mao/ECE423/ECE-423-Labs/workspace/Assignment3_platform/hw/lab_prefab_wrapper.xsa
TRACE::2025-03-26.16:28:36::SCWPlatform::DSA given C:/Users/j54mao/ECE423/ECE-423-Labs/workspace/Assignment3_platform/hw/lab_prefab_wrapper.xsa
TRACE::2025-03-26.16:28:36::SCWPlatform::DSA absoulate path C:/Users/j54mao/ECE423/ECE-423-Labs/workspace/Assignment3_platform/hw/lab_prefab_wrapper.xsa
TRACE::2025-03-26.16:28:36::SCWPlatform::DSA directory C:/Users/j54mao/ECE423/ECE-423-Labs/workspace/Assignment3_platform/hw
TRACE::2025-03-26.16:28:36::SCWPlatform:: Platform Path C:/Users/j54mao/ECE423/ECE-423-Labs/workspace/Assignment3_platform/hw/lab_prefab_wrapper.xsa
TRACE::2025-03-26.16:28:36::SCWPlatform:: Unique name xilinx:pynq-z1::0.0
TRACE::2025-03-26.16:28:36::SCWPlatform::Trying to set the existing hwdb with name lab_prefab_wrapper_2
TRACE::2025-03-26.16:28:36::SCWPlatform::Opened existing hwdb lab_prefab_wrapper_2
TRACE::2025-03-26.16:28:36::SCWPlatform::Found the Hw Db part of the input DSA
TRACE::2025-03-26.16:28:36::SCWMssOS::Checking the sw design at  C:/Users/j54mao/ECE423/ECE-423-Labs/workspace/Assignment3_platform/ps7_cortexa9_1/standalone_ps7_cortexa9_1/bsp/system.mss
TRACE::2025-03-26.16:28:36::SCWMssOS::DEBUG:  swdes dump  C:/Users/j54mao/ECE423/ECE-423-Labs/workspace/Assignment3_platform/ps7_cortexa9_0/standalone_domain/bsp/system.mss|system_1||
C:/Users/j54mao/ECE423/ECE-423-Labs/workspace/Assignment3_platform/ps7_cortexa9_1/standalone_ps7_cortexa9_1/bsp/system.mss|system||
C:/Users/j54mao/ECE423/ECE-423-Labs/workspace/Assignment3_platform/zynq_fsbl/zynq_fsbl_bsp/system.mss|system_0||
C:/Users/j54mao/ECE423/ECE-423-Labs/workspace/lab_prefab_wrapper/ps7_cortexa9_0/standalone_ps7_cortexa9_0/bsp/system.mss|system_3||
C:/Users/j54mao/ECE423/ECE-423-Labs/workspace/lab_prefab_wrapper/zynq_fsbl/zynq_fsbl_bsp/system.mss|system_2||

TRACE::2025-03-26.16:28:36::SCWMssOS::Sw design exists and opened at  C:/Users/j54mao/ECE423/ECE-423-Labs/workspace/Assignment3_platform/ps7_cortexa9_1/standalone_ps7_cortexa9_1/bsp/system.mss
TRACE::2025-03-26.16:28:36::SCWPlatform::Trying to open the hw design at C:/Users/j54mao/ECE423/ECE-423-Labs/workspace/Assignment3_platform/hw/lab_prefab_wrapper.xsa
TRACE::2025-03-26.16:28:36::SCWPlatform::DSA given C:/Users/j54mao/ECE423/ECE-423-Labs/workspace/Assignment3_platform/hw/lab_prefab_wrapper.xsa
TRACE::2025-03-26.16:28:36::SCWPlatform::DSA absoulate path C:/Users/j54mao/ECE423/ECE-423-Labs/workspace/Assignment3_platform/hw/lab_prefab_wrapper.xsa
TRACE::2025-03-26.16:28:36::SCWPlatform::DSA directory C:/Users/j54mao/ECE423/ECE-423-Labs/workspace/Assignment3_platform/hw
TRACE::2025-03-26.16:28:36::SCWPlatform:: Platform Path C:/Users/j54mao/ECE423/ECE-423-Labs/workspace/Assignment3_platform/hw/lab_prefab_wrapper.xsa
TRACE::2025-03-26.16:28:36::SCWPlatform:: Unique name xilinx:pynq-z1::0.0
TRACE::2025-03-26.16:28:36::SCWPlatform::Trying to set the existing hwdb with name lab_prefab_wrapper_2
TRACE::2025-03-26.16:28:36::SCWPlatform::Opened existing hwdb lab_prefab_wrapper_2
TRACE::2025-03-26.16:28:36::SCWPlatform::Found the Hw Db part of the input DSA
TRACE::2025-03-26.16:28:36::SCWMssOS::Checking the sw design at  C:/Users/j54mao/ECE423/ECE-423-Labs/workspace/Assignment3_platform/ps7_cortexa9_1/standalone_ps7_cortexa9_1/bsp/system.mss
TRACE::2025-03-26.16:28:36::SCWMssOS::DEBUG:  swdes dump  C:/Users/j54mao/ECE423/ECE-423-Labs/workspace/Assignment3_platform/ps7_cortexa9_0/standalone_domain/bsp/system.mss|system_1||
C:/Users/j54mao/ECE423/ECE-423-Labs/workspace/Assignment3_platform/ps7_cortexa9_1/standalone_ps7_cortexa9_1/bsp/system.mss|system||
C:/Users/j54mao/ECE423/ECE-423-Labs/workspace/Assignment3_platform/zynq_fsbl/zynq_fsbl_bsp/system.mss|system_0||
C:/Users/j54mao/ECE423/ECE-423-Labs/workspace/lab_prefab_wrapper/ps7_cortexa9_0/standalone_ps7_cortexa9_0/bsp/system.mss|system_3||
C:/Users/j54mao/ECE423/ECE-423-Labs/workspace/lab_prefab_wrapper/zynq_fsbl/zynq_fsbl_bsp/system.mss|system_2||

TRACE::2025-03-26.16:28:36::SCWMssOS::Sw design exists and opened at  C:/Users/j54mao/ECE423/ECE-423-Labs/workspace/Assignment3_platform/ps7_cortexa9_1/standalone_ps7_cortexa9_1/bsp/system.mss
TRACE::2025-03-26.16:28:36::SCWPlatform::Trying to open the hw design at C:/Users/j54mao/ECE423/ECE-423-Labs/workspace/Assignment3_platform/hw/lab_prefab_wrapper.xsa
TRACE::2025-03-26.16:28:36::SCWPlatform::DSA given C:/Users/j54mao/ECE423/ECE-423-Labs/workspace/Assignment3_platform/hw/lab_prefab_wrapper.xsa
TRACE::2025-03-26.16:28:36::SCWPlatform::DSA absoulate path C:/Users/j54mao/ECE423/ECE-423-Labs/workspace/Assignment3_platform/hw/lab_prefab_wrapper.xsa
TRACE::2025-03-26.16:28:36::SCWPlatform::DSA directory C:/Users/j54mao/ECE423/ECE-423-Labs/workspace/Assignment3_platform/hw
TRACE::2025-03-26.16:28:36::SCWPlatform:: Platform Path C:/Users/j54mao/ECE423/ECE-423-Labs/workspace/Assignment3_platform/hw/lab_prefab_wrapper.xsa
TRACE::2025-03-26.16:28:36::SCWPlatform:: Unique name xilinx:pynq-z1::0.0
TRACE::2025-03-26.16:28:36::SCWPlatform::Trying to set the existing hwdb with name lab_prefab_wrapper_2
TRACE::2025-03-26.16:28:36::SCWPlatform::Opened existing hwdb lab_prefab_wrapper_2
TRACE::2025-03-26.16:28:36::SCWPlatform::Found the Hw Db part of the input DSA
TRACE::2025-03-26.16:28:36::SCWMssOS::Checking the sw design at  C:/Users/j54mao/ECE423/ECE-423-Labs/workspace/Assignment3_platform/ps7_cortexa9_1/standalone_ps7_cortexa9_1/bsp/system.mss
TRACE::2025-03-26.16:28:36::SCWMssOS::DEBUG:  swdes dump  C:/Users/j54mao/ECE423/ECE-423-Labs/workspace/Assignment3_platform/ps7_cortexa9_0/standalone_domain/bsp/system.mss|system_1||
C:/Users/j54mao/ECE423/ECE-423-Labs/workspace/Assignment3_platform/ps7_cortexa9_1/standalone_ps7_cortexa9_1/bsp/system.mss|system||
C:/Users/j54mao/ECE423/ECE-423-Labs/workspace/Assignment3_platform/zynq_fsbl/zynq_fsbl_bsp/system.mss|system_0||
C:/Users/j54mao/ECE423/ECE-423-Labs/workspace/lab_prefab_wrapper/ps7_cortexa9_0/standalone_ps7_cortexa9_0/bsp/system.mss|system_3||
C:/Users/j54mao/ECE423/ECE-423-Labs/workspace/lab_prefab_wrapper/zynq_fsbl/zynq_fsbl_bsp/system.mss|system_2||

TRACE::2025-03-26.16:28:36::SCWMssOS::Sw design exists and opened at  C:/Users/j54mao/ECE423/ECE-423-Labs/workspace/Assignment3_platform/ps7_cortexa9_1/standalone_ps7_cortexa9_1/bsp/system.mss
TRACE::2025-03-26.16:28:36::SCWPlatform::Trying to open the hw design at C:/Users/j54mao/ECE423/ECE-423-Labs/workspace/Assignment3_platform/hw/lab_prefab_wrapper.xsa
TRACE::2025-03-26.16:28:36::SCWPlatform::DSA given C:/Users/j54mao/ECE423/ECE-423-Labs/workspace/Assignment3_platform/hw/lab_prefab_wrapper.xsa
TRACE::2025-03-26.16:28:36::SCWPlatform::DSA absoulate path C:/Users/j54mao/ECE423/ECE-423-Labs/workspace/Assignment3_platform/hw/lab_prefab_wrapper.xsa
TRACE::2025-03-26.16:28:36::SCWPlatform::DSA directory C:/Users/j54mao/ECE423/ECE-423-Labs/workspace/Assignment3_platform/hw
TRACE::2025-03-26.16:28:36::SCWPlatform:: Platform Path C:/Users/j54mao/ECE423/ECE-423-Labs/workspace/Assignment3_platform/hw/lab_prefab_wrapper.xsa
TRACE::2025-03-26.16:28:36::SCWPlatform:: Unique name xilinx:pynq-z1::0.0
TRACE::2025-03-26.16:28:36::SCWPlatform::Trying to set the existing hwdb with name lab_prefab_wrapper_2
TRACE::2025-03-26.16:28:36::SCWPlatform::Opened existing hwdb lab_prefab_wrapper_2
TRACE::2025-03-26.16:28:36::SCWPlatform::Found the Hw Db part of the input DSA
TRACE::2025-03-26.16:28:36::SCWMssOS::Checking the sw design at  C:/Users/j54mao/ECE423/ECE-423-Labs/workspace/Assignment3_platform/ps7_cortexa9_1/standalone_ps7_cortexa9_1/bsp/system.mss
TRACE::2025-03-26.16:28:36::SCWMssOS::DEBUG:  swdes dump  C:/Users/j54mao/ECE423/ECE-423-Labs/workspace/Assignment3_platform/ps7_cortexa9_0/standalone_domain/bsp/system.mss|system_1||
C:/Users/j54mao/ECE423/ECE-423-Labs/workspace/Assignment3_platform/ps7_cortexa9_1/standalone_ps7_cortexa9_1/bsp/system.mss|system||
C:/Users/j54mao/ECE423/ECE-423-Labs/workspace/Assignment3_platform/zynq_fsbl/zynq_fsbl_bsp/system.mss|system_0||
C:/Users/j54mao/ECE423/ECE-423-Labs/workspace/lab_prefab_wrapper/ps7_cortexa9_0/standalone_ps7_cortexa9_0/bsp/system.mss|system_3||
C:/Users/j54mao/ECE423/ECE-423-Labs/workspace/lab_prefab_wrapper/zynq_fsbl/zynq_fsbl_bsp/system.mss|system_2||

TRACE::2025-03-26.16:28:36::SCWMssOS::Sw design exists and opened at  C:/Users/j54mao/ECE423/ECE-423-Labs/workspace/Assignment3_platform/ps7_cortexa9_1/standalone_ps7_cortexa9_1/bsp/system.mss
TRACE::2025-03-26.16:28:39::SCWPlatform::Trying to open the hw design at C:/Users/j54mao/ECE423/ECE-423-Labs/workspace/Assignment3_platform/hw/lab_prefab_wrapper.xsa
TRACE::2025-03-26.16:28:39::SCWPlatform::DSA given C:/Users/j54mao/ECE423/ECE-423-Labs/workspace/Assignment3_platform/hw/lab_prefab_wrapper.xsa
TRACE::2025-03-26.16:28:39::SCWPlatform::DSA absoulate path C:/Users/j54mao/ECE423/ECE-423-Labs/workspace/Assignment3_platform/hw/lab_prefab_wrapper.xsa
TRACE::2025-03-26.16:28:39::SCWPlatform::DSA directory C:/Users/j54mao/ECE423/ECE-423-Labs/workspace/Assignment3_platform/hw
TRACE::2025-03-26.16:28:39::SCWPlatform:: Platform Path C:/Users/j54mao/ECE423/ECE-423-Labs/workspace/Assignment3_platform/hw/lab_prefab_wrapper.xsa
TRACE::2025-03-26.16:28:39::SCWPlatform:: Unique name xilinx:pynq-z1::0.0
TRACE::2025-03-26.16:28:39::SCWPlatform::Trying to set the existing hwdb with name lab_prefab_wrapper_2
TRACE::2025-03-26.16:28:39::SCWPlatform::Opened existing hwdb lab_prefab_wrapper_2
TRACE::2025-03-26.16:28:39::SCWPlatform::Found the Hw Db part of the input DSA
TRACE::2025-03-26.16:28:39::SCWMssOS::Checking the sw design at  C:/Users/j54mao/ECE423/ECE-423-Labs/workspace/Assignment3_platform/ps7_cortexa9_1/standalone_ps7_cortexa9_1/bsp/system.mss
TRACE::2025-03-26.16:28:39::SCWMssOS::DEBUG:  swdes dump  C:/Users/j54mao/ECE423/ECE-423-Labs/workspace/Assignment3_platform/ps7_cortexa9_0/standalone_domain/bsp/system.mss|system_1||
C:/Users/j54mao/ECE423/ECE-423-Labs/workspace/Assignment3_platform/ps7_cortexa9_1/standalone_ps7_cortexa9_1/bsp/system.mss|system||
C:/Users/j54mao/ECE423/ECE-423-Labs/workspace/Assignment3_platform/zynq_fsbl/zynq_fsbl_bsp/system.mss|system_0||
C:/Users/j54mao/ECE423/ECE-423-Labs/workspace/lab_prefab_wrapper/ps7_cortexa9_0/standalone_ps7_cortexa9_0/bsp/system.mss|system_3||
C:/Users/j54mao/ECE423/ECE-423-Labs/workspace/lab_prefab_wrapper/zynq_fsbl/zynq_fsbl_bsp/system.mss|system_2||

TRACE::2025-03-26.16:28:39::SCWMssOS::Sw design exists and opened at  C:/Users/j54mao/ECE423/ECE-423-Labs/workspace/Assignment3_platform/ps7_cortexa9_1/standalone_ps7_cortexa9_1/bsp/system.mss
TRACE::2025-03-26.16:28:39::SCWPlatform::Trying to open the hw design at C:/Users/j54mao/ECE423/ECE-423-Labs/workspace/Assignment3_platform/hw/lab_prefab_wrapper.xsa
TRACE::2025-03-26.16:28:39::SCWPlatform::DSA given C:/Users/j54mao/ECE423/ECE-423-Labs/workspace/Assignment3_platform/hw/lab_prefab_wrapper.xsa
TRACE::2025-03-26.16:28:39::SCWPlatform::DSA absoulate path C:/Users/j54mao/ECE423/ECE-423-Labs/workspace/Assignment3_platform/hw/lab_prefab_wrapper.xsa
TRACE::2025-03-26.16:28:39::SCWPlatform::DSA directory C:/Users/j54mao/ECE423/ECE-423-Labs/workspace/Assignment3_platform/hw
TRACE::2025-03-26.16:28:39::SCWPlatform:: Platform Path C:/Users/j54mao/ECE423/ECE-423-Labs/workspace/Assignment3_platform/hw/lab_prefab_wrapper.xsa
TRACE::2025-03-26.16:28:39::SCWPlatform:: Unique name xilinx:pynq-z1::0.0
TRACE::2025-03-26.16:28:39::SCWPlatform::Trying to set the existing hwdb with name lab_prefab_wrapper_2
TRACE::2025-03-26.16:28:39::SCWPlatform::Opened existing hwdb lab_prefab_wrapper_2
TRACE::2025-03-26.16:28:39::SCWPlatform::Found the Hw Db part of the input DSA
TRACE::2025-03-26.16:28:39::SCWMssOS::Checking the sw design at  C:/Users/j54mao/ECE423/ECE-423-Labs/workspace/Assignment3_platform/ps7_cortexa9_1/standalone_ps7_cortexa9_1/bsp/system.mss
TRACE::2025-03-26.16:28:39::SCWMssOS::DEBUG:  swdes dump  C:/Users/j54mao/ECE423/ECE-423-Labs/workspace/Assignment3_platform/ps7_cortexa9_0/standalone_domain/bsp/system.mss|system_1||
C:/Users/j54mao/ECE423/ECE-423-Labs/workspace/Assignment3_platform/ps7_cortexa9_1/standalone_ps7_cortexa9_1/bsp/system.mss|system||
C:/Users/j54mao/ECE423/ECE-423-Labs/workspace/Assignment3_platform/zynq_fsbl/zynq_fsbl_bsp/system.mss|system_0||
C:/Users/j54mao/ECE423/ECE-423-Labs/workspace/lab_prefab_wrapper/ps7_cortexa9_0/standalone_ps7_cortexa9_0/bsp/system.mss|system_3||
C:/Users/j54mao/ECE423/ECE-423-Labs/workspace/lab_prefab_wrapper/zynq_fsbl/zynq_fsbl_bsp/system.mss|system_2||

TRACE::2025-03-26.16:28:39::SCWMssOS::Sw design exists and opened at  C:/Users/j54mao/ECE423/ECE-423-Labs/workspace/Assignment3_platform/ps7_cortexa9_1/standalone_ps7_cortexa9_1/bsp/system.mss
TRACE::2025-03-26.16:28:39::SCWPlatform::Trying to open the hw design at C:/Users/j54mao/ECE423/ECE-423-Labs/workspace/Assignment3_platform/hw/lab_prefab_wrapper.xsa
TRACE::2025-03-26.16:28:39::SCWPlatform::DSA given C:/Users/j54mao/ECE423/ECE-423-Labs/workspace/Assignment3_platform/hw/lab_prefab_wrapper.xsa
TRACE::2025-03-26.16:28:39::SCWPlatform::DSA absoulate path C:/Users/j54mao/ECE423/ECE-423-Labs/workspace/Assignment3_platform/hw/lab_prefab_wrapper.xsa
TRACE::2025-03-26.16:28:39::SCWPlatform::DSA directory C:/Users/j54mao/ECE423/ECE-423-Labs/workspace/Assignment3_platform/hw
TRACE::2025-03-26.16:28:39::SCWPlatform:: Platform Path C:/Users/j54mao/ECE423/ECE-423-Labs/workspace/Assignment3_platform/hw/lab_prefab_wrapper.xsa
TRACE::2025-03-26.16:28:39::SCWPlatform:: Unique name xilinx:pynq-z1::0.0
TRACE::2025-03-26.16:28:39::SCWPlatform::Trying to set the existing hwdb with name lab_prefab_wrapper_2
TRACE::2025-03-26.16:28:39::SCWPlatform::Opened existing hwdb lab_prefab_wrapper_2
TRACE::2025-03-26.16:28:39::SCWPlatform::Found the Hw Db part of the input DSA
TRACE::2025-03-26.16:28:39::SCWMssOS::Checking the sw design at  C:/Users/j54mao/ECE423/ECE-423-Labs/workspace/Assignment3_platform/ps7_cortexa9_1/standalone_ps7_cortexa9_1/bsp/system.mss
TRACE::2025-03-26.16:28:39::SCWMssOS::DEBUG:  swdes dump  C:/Users/j54mao/ECE423/ECE-423-Labs/workspace/Assignment3_platform/ps7_cortexa9_0/standalone_domain/bsp/system.mss|system_1||
C:/Users/j54mao/ECE423/ECE-423-Labs/workspace/Assignment3_platform/ps7_cortexa9_1/standalone_ps7_cortexa9_1/bsp/system.mss|system||
C:/Users/j54mao/ECE423/ECE-423-Labs/workspace/Assignment3_platform/zynq_fsbl/zynq_fsbl_bsp/system.mss|system_0||
C:/Users/j54mao/ECE423/ECE-423-Labs/workspace/lab_prefab_wrapper/ps7_cortexa9_0/standalone_ps7_cortexa9_0/bsp/system.mss|system_3||
C:/Users/j54mao/ECE423/ECE-423-Labs/workspace/lab_prefab_wrapper/zynq_fsbl/zynq_fsbl_bsp/system.mss|system_2||

TRACE::2025-03-26.16:28:39::SCWMssOS::Sw design exists and opened at  C:/Users/j54mao/ECE423/ECE-423-Labs/workspace/Assignment3_platform/ps7_cortexa9_1/standalone_ps7_cortexa9_1/bsp/system.mss
TRACE::2025-03-26.16:28:39::SCWPlatform::Trying to open the hw design at C:/Users/j54mao/ECE423/ECE-423-Labs/workspace/Assignment3_platform/hw/lab_prefab_wrapper.xsa
TRACE::2025-03-26.16:28:39::SCWPlatform::DSA given C:/Users/j54mao/ECE423/ECE-423-Labs/workspace/Assignment3_platform/hw/lab_prefab_wrapper.xsa
TRACE::2025-03-26.16:28:39::SCWPlatform::DSA absoulate path C:/Users/j54mao/ECE423/ECE-423-Labs/workspace/Assignment3_platform/hw/lab_prefab_wrapper.xsa
TRACE::2025-03-26.16:28:39::SCWPlatform::DSA directory C:/Users/j54mao/ECE423/ECE-423-Labs/workspace/Assignment3_platform/hw
TRACE::2025-03-26.16:28:39::SCWPlatform:: Platform Path C:/Users/j54mao/ECE423/ECE-423-Labs/workspace/Assignment3_platform/hw/lab_prefab_wrapper.xsa
TRACE::2025-03-26.16:28:39::SCWPlatform:: Unique name xilinx:pynq-z1::0.0
TRACE::2025-03-26.16:28:39::SCWPlatform::Trying to set the existing hwdb with name lab_prefab_wrapper_2
TRACE::2025-03-26.16:28:39::SCWPlatform::Opened existing hwdb lab_prefab_wrapper_2
TRACE::2025-03-26.16:28:39::SCWPlatform::Found the Hw Db part of the input DSA
TRACE::2025-03-26.16:28:39::SCWMssOS::Checking the sw design at  C:/Users/j54mao/ECE423/ECE-423-Labs/workspace/Assignment3_platform/ps7_cortexa9_1/standalone_ps7_cortexa9_1/bsp/system.mss
TRACE::2025-03-26.16:28:39::SCWMssOS::DEBUG:  swdes dump  C:/Users/j54mao/ECE423/ECE-423-Labs/workspace/Assignment3_platform/ps7_cortexa9_0/standalone_domain/bsp/system.mss|system_1||
C:/Users/j54mao/ECE423/ECE-423-Labs/workspace/Assignment3_platform/ps7_cortexa9_1/standalone_ps7_cortexa9_1/bsp/system.mss|system||
C:/Users/j54mao/ECE423/ECE-423-Labs/workspace/Assignment3_platform/zynq_fsbl/zynq_fsbl_bsp/system.mss|system_0||
C:/Users/j54mao/ECE423/ECE-423-Labs/workspace/lab_prefab_wrapper/ps7_cortexa9_0/standalone_ps7_cortexa9_0/bsp/system.mss|system_3||
C:/Users/j54mao/ECE423/ECE-423-Labs/workspace/lab_prefab_wrapper/zynq_fsbl/zynq_fsbl_bsp/system.mss|system_2||

TRACE::2025-03-26.16:28:39::SCWMssOS::Sw design exists and opened at  C:/Users/j54mao/ECE423/ECE-423-Labs/workspace/Assignment3_platform/ps7_cortexa9_1/standalone_ps7_cortexa9_1/bsp/system.mss
TRACE::2025-03-26.16:28:39::SCWPlatform::Trying to open the hw design at C:/Users/j54mao/ECE423/ECE-423-Labs/workspace/Assignment3_platform/hw/lab_prefab_wrapper.xsa
TRACE::2025-03-26.16:28:39::SCWPlatform::DSA given C:/Users/j54mao/ECE423/ECE-423-Labs/workspace/Assignment3_platform/hw/lab_prefab_wrapper.xsa
TRACE::2025-03-26.16:28:39::SCWPlatform::DSA absoulate path C:/Users/j54mao/ECE423/ECE-423-Labs/workspace/Assignment3_platform/hw/lab_prefab_wrapper.xsa
TRACE::2025-03-26.16:28:39::SCWPlatform::DSA directory C:/Users/j54mao/ECE423/ECE-423-Labs/workspace/Assignment3_platform/hw
TRACE::2025-03-26.16:28:39::SCWPlatform:: Platform Path C:/Users/j54mao/ECE423/ECE-423-Labs/workspace/Assignment3_platform/hw/lab_prefab_wrapper.xsa
TRACE::2025-03-26.16:28:39::SCWPlatform:: Unique name xilinx:pynq-z1::0.0
TRACE::2025-03-26.16:28:39::SCWPlatform::Trying to set the existing hwdb with name lab_prefab_wrapper_2
TRACE::2025-03-26.16:28:39::SCWPlatform::Opened existing hwdb lab_prefab_wrapper_2
TRACE::2025-03-26.16:28:39::SCWPlatform::Found the Hw Db part of the input DSA
TRACE::2025-03-26.16:28:39::SCWMssOS::Checking the sw design at  C:/Users/j54mao/ECE423/ECE-423-Labs/workspace/Assignment3_platform/ps7_cortexa9_1/standalone_ps7_cortexa9_1/bsp/system.mss
TRACE::2025-03-26.16:28:39::SCWMssOS::DEBUG:  swdes dump  C:/Users/j54mao/ECE423/ECE-423-Labs/workspace/Assignment3_platform/ps7_cortexa9_0/standalone_domain/bsp/system.mss|system_1||
C:/Users/j54mao/ECE423/ECE-423-Labs/workspace/Assignment3_platform/ps7_cortexa9_1/standalone_ps7_cortexa9_1/bsp/system.mss|system||
C:/Users/j54mao/ECE423/ECE-423-Labs/workspace/Assignment3_platform/zynq_fsbl/zynq_fsbl_bsp/system.mss|system_0||
C:/Users/j54mao/ECE423/ECE-423-Labs/workspace/lab_prefab_wrapper/ps7_cortexa9_0/standalone_ps7_cortexa9_0/bsp/system.mss|system_3||
C:/Users/j54mao/ECE423/ECE-423-Labs/workspace/lab_prefab_wrapper/zynq_fsbl/zynq_fsbl_bsp/system.mss|system_2||

TRACE::2025-03-26.16:28:39::SCWMssOS::Sw design exists and opened at  C:/Users/j54mao/ECE423/ECE-423-Labs/workspace/Assignment3_platform/ps7_cortexa9_1/standalone_ps7_cortexa9_1/bsp/system.mss
TRACE::2025-03-26.16:28:39::SCWPlatform::Trying to open the hw design at C:/Users/j54mao/ECE423/ECE-423-Labs/workspace/Assignment3_platform/hw/lab_prefab_wrapper.xsa
TRACE::2025-03-26.16:28:39::SCWPlatform::DSA given C:/Users/j54mao/ECE423/ECE-423-Labs/workspace/Assignment3_platform/hw/lab_prefab_wrapper.xsa
TRACE::2025-03-26.16:28:39::SCWPlatform::DSA absoulate path C:/Users/j54mao/ECE423/ECE-423-Labs/workspace/Assignment3_platform/hw/lab_prefab_wrapper.xsa
TRACE::2025-03-26.16:28:39::SCWPlatform::DSA directory C:/Users/j54mao/ECE423/ECE-423-Labs/workspace/Assignment3_platform/hw
TRACE::2025-03-26.16:28:39::SCWPlatform:: Platform Path C:/Users/j54mao/ECE423/ECE-423-Labs/workspace/Assignment3_platform/hw/lab_prefab_wrapper.xsa
TRACE::2025-03-26.16:28:39::SCWPlatform:: Unique name xilinx:pynq-z1::0.0
TRACE::2025-03-26.16:28:39::SCWPlatform::Trying to set the existing hwdb with name lab_prefab_wrapper_2
TRACE::2025-03-26.16:28:39::SCWPlatform::Opened existing hwdb lab_prefab_wrapper_2
TRACE::2025-03-26.16:28:39::SCWPlatform::Found the Hw Db part of the input DSA
TRACE::2025-03-26.16:28:39::SCWMssOS::Checking the sw design at  C:/Users/j54mao/ECE423/ECE-423-Labs/workspace/Assignment3_platform/ps7_cortexa9_1/standalone_ps7_cortexa9_1/bsp/system.mss
TRACE::2025-03-26.16:28:39::SCWMssOS::DEBUG:  swdes dump  C:/Users/j54mao/ECE423/ECE-423-Labs/workspace/Assignment3_platform/ps7_cortexa9_0/standalone_domain/bsp/system.mss|system_1||
C:/Users/j54mao/ECE423/ECE-423-Labs/workspace/Assignment3_platform/ps7_cortexa9_1/standalone_ps7_cortexa9_1/bsp/system.mss|system||
C:/Users/j54mao/ECE423/ECE-423-Labs/workspace/Assignment3_platform/zynq_fsbl/zynq_fsbl_bsp/system.mss|system_0||
C:/Users/j54mao/ECE423/ECE-423-Labs/workspace/lab_prefab_wrapper/ps7_cortexa9_0/standalone_ps7_cortexa9_0/bsp/system.mss|system_3||
C:/Users/j54mao/ECE423/ECE-423-Labs/workspace/lab_prefab_wrapper/zynq_fsbl/zynq_fsbl_bsp/system.mss|system_2||

TRACE::2025-03-26.16:28:39::SCWMssOS::Sw design exists and opened at  C:/Users/j54mao/ECE423/ECE-423-Labs/workspace/Assignment3_platform/ps7_cortexa9_1/standalone_ps7_cortexa9_1/bsp/system.mss
TRACE::2025-03-26.16:28:40::SCWMssOS::Saving the mss changes C:/Users/j54mao/ECE423/ECE-423-Labs/workspace/Assignment3_platform/zynq_fsbl/zynq_fsbl_bsp/system.mss
TRACE::2025-03-26.16:28:40::SCWMssOS::Found a swdesign opened with the mssfile.
TRACE::2025-03-26.16:28:40::SCWMssOS::Completed writemss as part of save.
TRACE::2025-03-26.16:28:40::SCWMssOS::Commit changes completed.
TRACE::2025-03-26.16:28:40::SCWMssOS::Saving the mss changes C:/Users/j54mao/ECE423/ECE-423-Labs/workspace/Assignment3_platform/ps7_cortexa9_0/standalone_domain/bsp/system.mss
TRACE::2025-03-26.16:28:40::SCWMssOS::Found a swdesign opened with the mssfile.
TRACE::2025-03-26.16:28:40::SCWMssOS::Completed writemss as part of save.
TRACE::2025-03-26.16:28:40::SCWMssOS::Commit changes completed.
TRACE::2025-03-26.16:28:40::SCWMssOS::Saving the mss changes C:/Users/j54mao/ECE423/ECE-423-Labs/workspace/Assignment3_platform/ps7_cortexa9_1/standalone_ps7_cortexa9_1/bsp/system.mss
TRACE::2025-03-26.16:28:40::SCWMssOS::Found a swdesign opened with the mssfile.
TRACE::2025-03-26.16:28:40::SCWMssOS::Completed writemss as part of save.
TRACE::2025-03-26.16:28:40::SCWMssOS::Commit changes completed.
TRACE::2025-03-26.16:28:40::SCWPlatform::Trying to open the hw design at C:/Users/j54mao/ECE423/ECE-423-Labs/workspace/Assignment3_platform/hw/lab_prefab_wrapper.xsa
TRACE::2025-03-26.16:28:40::SCWPlatform::DSA given C:/Users/j54mao/ECE423/ECE-423-Labs/workspace/Assignment3_platform/hw/lab_prefab_wrapper.xsa
TRACE::2025-03-26.16:28:40::SCWPlatform::DSA absoulate path C:/Users/j54mao/ECE423/ECE-423-Labs/workspace/Assignment3_platform/hw/lab_prefab_wrapper.xsa
TRACE::2025-03-26.16:28:40::SCWPlatform::DSA directory C:/Users/j54mao/ECE423/ECE-423-Labs/workspace/Assignment3_platform/hw
TRACE::2025-03-26.16:28:40::SCWPlatform:: Platform Path C:/Users/j54mao/ECE423/ECE-423-Labs/workspace/Assignment3_platform/hw/lab_prefab_wrapper.xsa
TRACE::2025-03-26.16:28:40::SCWPlatform:: Unique name xilinx:pynq-z1::0.0
TRACE::2025-03-26.16:28:40::SCWPlatform::Trying to set the existing hwdb with name lab_prefab_wrapper_2
TRACE::2025-03-26.16:28:40::SCWPlatform::Opened existing hwdb lab_prefab_wrapper_2
TRACE::2025-03-26.16:28:40::SCWPlatform::Found the Hw Db part of the input DSA
TRACE::2025-03-26.16:28:40::SCWMssOS::Checking the sw design at  C:/Users/j54mao/ECE423/ECE-423-Labs/workspace/Assignment3_platform/zynq_fsbl/zynq_fsbl_bsp/system.mss
TRACE::2025-03-26.16:28:40::SCWMssOS::DEBUG:  swdes dump  C:/Users/j54mao/ECE423/ECE-423-Labs/workspace/Assignment3_platform/ps7_cortexa9_0/standalone_domain/bsp/system.mss|system_1||
C:/Users/j54mao/ECE423/ECE-423-Labs/workspace/Assignment3_platform/ps7_cortexa9_1/standalone_ps7_cortexa9_1/bsp/system.mss|system||
C:/Users/j54mao/ECE423/ECE-423-Labs/workspace/Assignment3_platform/zynq_fsbl/zynq_fsbl_bsp/system.mss|system_0||
C:/Users/j54mao/ECE423/ECE-423-Labs/workspace/lab_prefab_wrapper/ps7_cortexa9_0/standalone_ps7_cortexa9_0/bsp/system.mss|system_3||
C:/Users/j54mao/ECE423/ECE-423-Labs/workspace/lab_prefab_wrapper/zynq_fsbl/zynq_fsbl_bsp/system.mss|system_2||

TRACE::2025-03-26.16:28:40::SCWMssOS::Sw design exists and opened at  C:/Users/j54mao/ECE423/ECE-423-Labs/workspace/Assignment3_platform/zynq_fsbl/zynq_fsbl_bsp/system.mss
TRACE::2025-03-26.16:28:40::SCWPlatform::Trying to open the hw design at C:/Users/j54mao/ECE423/ECE-423-Labs/workspace/Assignment3_platform/hw/lab_prefab_wrapper.xsa
TRACE::2025-03-26.16:28:40::SCWPlatform::DSA given C:/Users/j54mao/ECE423/ECE-423-Labs/workspace/Assignment3_platform/hw/lab_prefab_wrapper.xsa
TRACE::2025-03-26.16:28:40::SCWPlatform::DSA absoulate path C:/Users/j54mao/ECE423/ECE-423-Labs/workspace/Assignment3_platform/hw/lab_prefab_wrapper.xsa
TRACE::2025-03-26.16:28:40::SCWPlatform::DSA directory C:/Users/j54mao/ECE423/ECE-423-Labs/workspace/Assignment3_platform/hw
TRACE::2025-03-26.16:28:40::SCWPlatform:: Platform Path C:/Users/j54mao/ECE423/ECE-423-Labs/workspace/Assignment3_platform/hw/lab_prefab_wrapper.xsa
TRACE::2025-03-26.16:28:40::SCWPlatform:: Unique name xilinx:pynq-z1::0.0
TRACE::2025-03-26.16:28:40::SCWPlatform::Trying to set the existing hwdb with name lab_prefab_wrapper_2
TRACE::2025-03-26.16:28:40::SCWPlatform::Opened existing hwdb lab_prefab_wrapper_2
TRACE::2025-03-26.16:28:40::SCWPlatform::Found the Hw Db part of the input DSA
TRACE::2025-03-26.16:28:40::SCWMssOS::Checking the sw design at  C:/Users/j54mao/ECE423/ECE-423-Labs/workspace/Assignment3_platform/ps7_cortexa9_0/standalone_domain/bsp/system.mss
TRACE::2025-03-26.16:28:40::SCWMssOS::DEBUG:  swdes dump  C:/Users/j54mao/ECE423/ECE-423-Labs/workspace/Assignment3_platform/ps7_cortexa9_0/standalone_domain/bsp/system.mss|system_1||
C:/Users/j54mao/ECE423/ECE-423-Labs/workspace/Assignment3_platform/ps7_cortexa9_1/standalone_ps7_cortexa9_1/bsp/system.mss|system||
C:/Users/j54mao/ECE423/ECE-423-Labs/workspace/Assignment3_platform/zynq_fsbl/zynq_fsbl_bsp/system.mss|system_0||
C:/Users/j54mao/ECE423/ECE-423-Labs/workspace/lab_prefab_wrapper/ps7_cortexa9_0/standalone_ps7_cortexa9_0/bsp/system.mss|system_3||
C:/Users/j54mao/ECE423/ECE-423-Labs/workspace/lab_prefab_wrapper/zynq_fsbl/zynq_fsbl_bsp/system.mss|system_2||

TRACE::2025-03-26.16:28:40::SCWMssOS::Sw design exists and opened at  C:/Users/j54mao/ECE423/ECE-423-Labs/workspace/Assignment3_platform/ps7_cortexa9_0/standalone_domain/bsp/system.mss
TRACE::2025-03-26.16:28:40::SCWPlatform::Trying to open the hw design at C:/Users/j54mao/ECE423/ECE-423-Labs/workspace/Assignment3_platform/hw/lab_prefab_wrapper.xsa
TRACE::2025-03-26.16:28:40::SCWPlatform::DSA given C:/Users/j54mao/ECE423/ECE-423-Labs/workspace/Assignment3_platform/hw/lab_prefab_wrapper.xsa
TRACE::2025-03-26.16:28:40::SCWPlatform::DSA absoulate path C:/Users/j54mao/ECE423/ECE-423-Labs/workspace/Assignment3_platform/hw/lab_prefab_wrapper.xsa
TRACE::2025-03-26.16:28:40::SCWPlatform::DSA directory C:/Users/j54mao/ECE423/ECE-423-Labs/workspace/Assignment3_platform/hw
TRACE::2025-03-26.16:28:40::SCWPlatform:: Platform Path C:/Users/j54mao/ECE423/ECE-423-Labs/workspace/Assignment3_platform/hw/lab_prefab_wrapper.xsa
TRACE::2025-03-26.16:28:40::SCWPlatform:: Unique name xilinx:pynq-z1::0.0
TRACE::2025-03-26.16:28:40::SCWPlatform::Trying to set the existing hwdb with name lab_prefab_wrapper_2
TRACE::2025-03-26.16:28:40::SCWPlatform::Opened existing hwdb lab_prefab_wrapper_2
TRACE::2025-03-26.16:28:40::SCWPlatform::Found the Hw Db part of the input DSA
TRACE::2025-03-26.16:28:40::SCWMssOS::Checking the sw design at  C:/Users/j54mao/ECE423/ECE-423-Labs/workspace/Assignment3_platform/ps7_cortexa9_1/standalone_ps7_cortexa9_1/bsp/system.mss
TRACE::2025-03-26.16:28:40::SCWMssOS::DEBUG:  swdes dump  C:/Users/j54mao/ECE423/ECE-423-Labs/workspace/Assignment3_platform/ps7_cortexa9_0/standalone_domain/bsp/system.mss|system_1||
C:/Users/j54mao/ECE423/ECE-423-Labs/workspace/Assignment3_platform/ps7_cortexa9_1/standalone_ps7_cortexa9_1/bsp/system.mss|system||
C:/Users/j54mao/ECE423/ECE-423-Labs/workspace/Assignment3_platform/zynq_fsbl/zynq_fsbl_bsp/system.mss|system_0||
C:/Users/j54mao/ECE423/ECE-423-Labs/workspace/lab_prefab_wrapper/ps7_cortexa9_0/standalone_ps7_cortexa9_0/bsp/system.mss|system_3||
C:/Users/j54mao/ECE423/ECE-423-Labs/workspace/lab_prefab_wrapper/zynq_fsbl/zynq_fsbl_bsp/system.mss|system_2||

TRACE::2025-03-26.16:28:40::SCWMssOS::Sw design exists and opened at  C:/Users/j54mao/ECE423/ECE-423-Labs/workspace/Assignment3_platform/ps7_cortexa9_1/standalone_ps7_cortexa9_1/bsp/system.mss
TRACE::2025-03-26.16:28:40::SCWWriter::formatted JSON is {
	"platformName":	"Assignment3_platform",
	"sprVersion":	"2.0",
	"mode":	"gui",
	"dsaType":	"Fixed",
	"platformDesc":	"Assignment3_platform",
	"platHandOff":	"C:/Users/j54mao/ECE423/ECE-423-Labs/workspace/assignment2_hunter_test/hw/lab_prefab_wrapper.xsa",
	"platIntHandOff":	"<platformDir>/hw/lab_prefab_wrapper.xsa",
	"deviceType":	"zynq",
	"platIsPrebuiltAutogen":	"false",
	"platIsNoBootBsp":	"false",
	"hasFsblMakeHasChanges":	"false",
	"hasPmufwMakeHasChanges":	"false",
	"fsblExtraCompilerFlags":	"-MMD -MP       -mcpu=cortex-a9 -mfpu=vfpv3 -mfloat-abi=hard ",
	"platPreBuiltFlag":	false,
	"platformSamplesDir":	"",
	"platActiveSys":	"Assignment3_platform",
	"systems":	[{
			"systemName":	"Assignment3_platform",
			"systemDesc":	"Assignment3_platform",
			"sysIsBootAutoGen":	"true",
			"systemDispName":	"Assignment3_platform",
			"sysActiveDom":	"standalone_ps7_cortexa9_1",
			"sysDefaultDom":	"standalone_ps7_cortexa9_1",
			"domains":	[{
					"domainName":	"zynq_fsbl",
					"domainDispName":	"zynq_fsbl",
					"domainDesc":	"FSBL Application BSP - Auto Generated.",
					"processors":	"ps7_cortexa9_0",
					"os":	"standalone",
					"sdxOs":	"standalone",
					"debugEnable":	"",
					"domRuntimes":	["cpp"],
					"swRepo":	"",
					"mssOsVer":	"7.7",
					"mssFile":	"",
					"md5Digest":	"461cb4c64d2f43abda4608f696ad182a",
					"compatibleApp":	"zynq_fsbl",
					"domType":	"bootDomain",
					"arch":	"32-bit",
					"appSettings":	{
						"appCompilerFlags":	"",
						"appLinkerFlags":	""
					},
					"addedLibs":	["xilffs:4.7", "xilrsa:1.6"],
					"libOptions":	{
						"ps7_cortexa9_0":	{
							"extra_compiler_flags":	"-mcpu=cortex-a9 -mfpu=vfpv3 -mfloat-abi=hard -nostartfiles -g -Wall -Wextra -fno-tree-loop-distribute-patterns -DSHAREABLE_DRR",
							"libOptionNames":	["extra_compiler_flags"]
						},
						"libsContainingOptions":	["ps7_cortexa9_0"]
					},
					"prebuiltLibs":	{
						"prebuiltIncPath":	[],
						"prebuiltLibPath":	[]
					},
					"isolation":	{
					}
				}, {
					"domainName":	"standalone_domain",
					"domainDispName":	"standalone on ps7_cortexa9_0",
					"domainDesc":	"standalone_domain",
					"processors":	"ps7_cortexa9_0",
					"os":	"standalone",
					"sdxOs":	"standalone",
					"qemuArgs":	"<platformDir>/resources/Assignment3_platform/standalone_domain/qemu_args.txt",
					"qemuData":	"<platformDir>/resources/Assignment3_platform/standalone_domain/qemu",
					"debugEnable":	"False",
					"domRuntimes":	["cpp"],
					"swRepo":	"",
					"mssOsVer":	"7.7",
					"mssFile":	"",
					"md5Digest":	"253b276c370a8ce3d1902558a6b1676e",
					"compatibleApp":	"",
					"domType":	"mssDomain",
					"appSettings":	{
						"appCompilerFlags":	"",
						"appLinkerFlags":	""
					},
					"addedLibs":	[],
					"libOptions":	{
						"ps7_cortexa9_0":	{
							"extra_compiler_flags":	"-mcpu=cortex-a9 -mfpu=vfpv3 -mfloat-abi=hard -nostartfiles -g -Wall -Wextra -fno-tree-loop-distribute-patterns -DSHAREABLE_DRR",
							"libOptionNames":	["extra_compiler_flags"]
						},
						"libsContainingOptions":	["ps7_cortexa9_0"]
					},
					"prebuiltLibs":	{
						"prebuiltIncPath":	[],
						"prebuiltLibPath":	[]
					},
					"isolation":	{
					}
				}, {
					"domainName":	"standalone_ps7_cortexa9_1",
					"domainDispName":	"standalone_ps7_cortexa9_1",
					"domainDesc":	"standalone_ps7_cortexa9_1",
					"processors":	"ps7_cortexa9_1",
					"os":	"standalone",
					"sdxOs":	"standalone",
					"qemuArgs":	"<platformDir>/resources/Assignment3_platform/standalone_ps7_cortexa9_1/qemu_args.txt",
					"qemuData":	"<platformDir>/resources/Assignment3_platform/standalone_ps7_cortexa9_1/qemu",
					"debugEnable":	"False",
					"domRuntimes":	["cpp"],
					"swRepo":	"",
					"mssOsVer":	"7.7",
					"mssFile":	"",
					"md5Digest":	"68e436a9b0c8c52b3e9934664043cce5",
					"compatibleApp":	"",
					"domType":	"mssDomain",
					"arch":	"32-bit",
					"appSettings":	{
						"appCompilerFlags":	"",
						"appLinkerFlags":	""
					},
					"addedLibs":	["xilffs:4.7"],
					"libOptions":	{
						"ps7_cortexa9_1":	{
							"extra_compiler_flags":	"-mcpu=cortex-a9 -mfpu=vfpv3 -mfloat-abi=hard -nostartfiles -g -Wall -Wextra -fno-tree-loop-distribute-patterns -DSHAREABLE_DRR -DUSE_AMP=1",
							"libOptionNames":	["extra_compiler_flags"]
						},
						"xilffs":	{
							"enable_multi_partition":	"true",
							"num_logical_vol":	"10",
							"libOptionNames":	["enable_multi_partition", "num_logical_vol"]
						},
						"libsContainingOptions":	["ps7_cortexa9_1", "xilffs"]
					},
					"prebuiltLibs":	{
						"prebuiltIncPath":	[],
						"prebuiltLibPath":	[]
					},
					"isolation":	{
					}
				}]
		}]
}
TRACE::2025-03-26.16:28:40::SCWMssOS::Saving the mss changes C:/Users/j54mao/ECE423/ECE-423-Labs/workspace/Assignment3_platform/ps7_cortexa9_1/standalone_ps7_cortexa9_1/bsp/system.mss
TRACE::2025-03-26.16:28:40::SCWMssOS::Found a swdesign opened with the mssfile.
TRACE::2025-03-26.16:28:40::SCWMssOS::Completed writemss as part of save.
TRACE::2025-03-26.16:28:40::SCWMssOS::Commit changes completed.
TRACE::2025-03-26.16:28:40::SCWPlatform::Trying to open the hw design at C:/Users/j54mao/ECE423/ECE-423-Labs/workspace/Assignment3_platform/hw/lab_prefab_wrapper.xsa
TRACE::2025-03-26.16:28:40::SCWPlatform::DSA given C:/Users/j54mao/ECE423/ECE-423-Labs/workspace/Assignment3_platform/hw/lab_prefab_wrapper.xsa
TRACE::2025-03-26.16:28:40::SCWPlatform::DSA absoulate path C:/Users/j54mao/ECE423/ECE-423-Labs/workspace/Assignment3_platform/hw/lab_prefab_wrapper.xsa
TRACE::2025-03-26.16:28:40::SCWPlatform::DSA directory C:/Users/j54mao/ECE423/ECE-423-Labs/workspace/Assignment3_platform/hw
TRACE::2025-03-26.16:28:40::SCWPlatform:: Platform Path C:/Users/j54mao/ECE423/ECE-423-Labs/workspace/Assignment3_platform/hw/lab_prefab_wrapper.xsa
TRACE::2025-03-26.16:28:40::SCWPlatform:: Unique name xilinx:pynq-z1::0.0
TRACE::2025-03-26.16:28:40::SCWPlatform::Trying to set the existing hwdb with name lab_prefab_wrapper_2
TRACE::2025-03-26.16:28:40::SCWPlatform::Opened existing hwdb lab_prefab_wrapper_2
TRACE::2025-03-26.16:28:40::SCWPlatform::Found the Hw Db part of the input DSA
TRACE::2025-03-26.16:28:40::SCWMssOS::Checking the sw design at  C:/Users/j54mao/ECE423/ECE-423-Labs/workspace/Assignment3_platform/ps7_cortexa9_1/standalone_ps7_cortexa9_1/bsp/system.mss
TRACE::2025-03-26.16:28:40::SCWMssOS::DEBUG:  swdes dump  C:/Users/j54mao/ECE423/ECE-423-Labs/workspace/Assignment3_platform/ps7_cortexa9_0/standalone_domain/bsp/system.mss|system_1||
C:/Users/j54mao/ECE423/ECE-423-Labs/workspace/Assignment3_platform/ps7_cortexa9_1/standalone_ps7_cortexa9_1/bsp/system.mss|system||
C:/Users/j54mao/ECE423/ECE-423-Labs/workspace/Assignment3_platform/zynq_fsbl/zynq_fsbl_bsp/system.mss|system_0||
C:/Users/j54mao/ECE423/ECE-423-Labs/workspace/lab_prefab_wrapper/ps7_cortexa9_0/standalone_ps7_cortexa9_0/bsp/system.mss|system_3||
C:/Users/j54mao/ECE423/ECE-423-Labs/workspace/lab_prefab_wrapper/zynq_fsbl/zynq_fsbl_bsp/system.mss|system_2||

TRACE::2025-03-26.16:28:40::SCWMssOS::Sw design exists and opened at  C:/Users/j54mao/ECE423/ECE-423-Labs/workspace/Assignment3_platform/ps7_cortexa9_1/standalone_ps7_cortexa9_1/bsp/system.mss
TRACE::2025-03-26.16:28:40::SCWMssOS::Removing the swdes entry for  C:/Users/j54mao/ECE423/ECE-423-Labs/workspace/Assignment3_platform/ps7_cortexa9_1/standalone_ps7_cortexa9_1/bsp/system.mss
KEYINFO::2025-03-26.16:28:40::SCWMssOS::Could not open the swdb for system_2
KEYINFO::2025-03-26.16:28:40::SCWMssOS::Could not open the sw design at  system_2
ERROR: [Hsi 55-1558] Software Design system_2 is not found

TRACE::2025-03-26.16:28:40::SCWMssOS::Cleared the swdb table entry
TRACE::2025-03-26.16:28:40::SCWMssOS::In reload Mss file.
TRACE::2025-03-26.16:28:40::SCWPlatform::Trying to open the hw design at C:/Users/j54mao/ECE423/ECE-423-Labs/workspace/Assignment3_platform/hw/lab_prefab_wrapper.xsa
TRACE::2025-03-26.16:28:40::SCWPlatform::DSA given C:/Users/j54mao/ECE423/ECE-423-Labs/workspace/Assignment3_platform/hw/lab_prefab_wrapper.xsa
TRACE::2025-03-26.16:28:40::SCWPlatform::DSA absoulate path C:/Users/j54mao/ECE423/ECE-423-Labs/workspace/Assignment3_platform/hw/lab_prefab_wrapper.xsa
TRACE::2025-03-26.16:28:40::SCWPlatform::DSA directory C:/Users/j54mao/ECE423/ECE-423-Labs/workspace/Assignment3_platform/hw
TRACE::2025-03-26.16:28:40::SCWPlatform:: Platform Path C:/Users/j54mao/ECE423/ECE-423-Labs/workspace/Assignment3_platform/hw/lab_prefab_wrapper.xsa
TRACE::2025-03-26.16:28:40::SCWPlatform:: Unique name xilinx:pynq-z1::0.0
TRACE::2025-03-26.16:28:40::SCWPlatform::Trying to set the existing hwdb with name lab_prefab_wrapper_2
TRACE::2025-03-26.16:28:40::SCWPlatform::Opened existing hwdb lab_prefab_wrapper_2
TRACE::2025-03-26.16:28:40::SCWPlatform::Found the Hw Db part of the input DSA
TRACE::2025-03-26.16:28:40::SCWMssOS::Checking the sw design at  C:/Users/j54mao/ECE423/ECE-423-Labs/workspace/Assignment3_platform/ps7_cortexa9_1/standalone_ps7_cortexa9_1/bsp/system.mss
TRACE::2025-03-26.16:28:40::SCWMssOS::DEBUG:  swdes dump  C:/Users/j54mao/ECE423/ECE-423-Labs/workspace/Assignment3_platform/ps7_cortexa9_0/standalone_domain/bsp/system.mss|system_1||
C:/Users/j54mao/ECE423/ECE-423-Labs/workspace/Assignment3_platform/zynq_fsbl/zynq_fsbl_bsp/system.mss|system_0||
C:/Users/j54mao/ECE423/ECE-423-Labs/workspace/lab_prefab_wrapper/ps7_cortexa9_0/standalone_ps7_cortexa9_0/bsp/system.mss|system_3||

TRACE::2025-03-26.16:28:40::SCWMssOS::No sw design opened at  C:/Users/j54mao/ECE423/ECE-423-Labs/workspace/Assignment3_platform/ps7_cortexa9_1/standalone_ps7_cortexa9_1/bsp/system.mss
TRACE::2025-03-26.16:28:40::SCWMssOS::mss exists loading the mss file  C:/Users/j54mao/ECE423/ECE-423-Labs/workspace/Assignment3_platform/ps7_cortexa9_1/standalone_ps7_cortexa9_1/bsp/system.mss
TRACE::2025-03-26.16:28:40::SCWMssOS::Opened the sw design from mss  C:/Users/j54mao/ECE423/ECE-423-Labs/workspace/Assignment3_platform/ps7_cortexa9_1/standalone_ps7_cortexa9_1/bsp/system.mss
TRACE::2025-03-26.16:28:40::SCWMssOS::Adding the swdes entry C:/Users/j54mao/ECE423/ECE-423-Labs/workspace/Assignment3_platform/ps7_cortexa9_1/standalone_ps7_cortexa9_1/bsp/system.mss with des name system
TRACE::2025-03-26.16:28:40::SCWMssOS::updating the scw layer about changes
TRACE::2025-03-26.16:28:40::SCWMssOS::Opened the sw design.  C:/Users/j54mao/ECE423/ECE-423-Labs/workspace/Assignment3_platform/ps7_cortexa9_1/standalone_ps7_cortexa9_1/bsp/system.mss
TRACE::2025-03-26.16:28:40::SCWPlatform::Trying to open the hw design at C:/Users/j54mao/ECE423/ECE-423-Labs/workspace/Assignment3_platform/hw/lab_prefab_wrapper.xsa
TRACE::2025-03-26.16:28:40::SCWPlatform::DSA given C:/Users/j54mao/ECE423/ECE-423-Labs/workspace/Assignment3_platform/hw/lab_prefab_wrapper.xsa
TRACE::2025-03-26.16:28:40::SCWPlatform::DSA absoulate path C:/Users/j54mao/ECE423/ECE-423-Labs/workspace/Assignment3_platform/hw/lab_prefab_wrapper.xsa
TRACE::2025-03-26.16:28:40::SCWPlatform::DSA directory C:/Users/j54mao/ECE423/ECE-423-Labs/workspace/Assignment3_platform/hw
TRACE::2025-03-26.16:28:40::SCWPlatform:: Platform Path C:/Users/j54mao/ECE423/ECE-423-Labs/workspace/Assignment3_platform/hw/lab_prefab_wrapper.xsa
TRACE::2025-03-26.16:28:40::SCWPlatform:: Unique name xilinx:pynq-z1::0.0
TRACE::2025-03-26.16:28:40::SCWPlatform::Trying to set the existing hwdb with name lab_prefab_wrapper_2
TRACE::2025-03-26.16:28:40::SCWPlatform::Opened existing hwdb lab_prefab_wrapper_2
TRACE::2025-03-26.16:28:40::SCWPlatform::Found the Hw Db part of the input DSA
TRACE::2025-03-26.16:28:40::SCWMssOS::Checking the sw design at  C:/Users/j54mao/ECE423/ECE-423-Labs/workspace/Assignment3_platform/ps7_cortexa9_1/standalone_ps7_cortexa9_1/bsp/system.mss
TRACE::2025-03-26.16:28:40::SCWMssOS::DEBUG:  swdes dump  C:/Users/j54mao/ECE423/ECE-423-Labs/workspace/Assignment3_platform/ps7_cortexa9_0/standalone_domain/bsp/system.mss|system_1||
C:/Users/j54mao/ECE423/ECE-423-Labs/workspace/Assignment3_platform/ps7_cortexa9_1/standalone_ps7_cortexa9_1/bsp/system.mss|system||
C:/Users/j54mao/ECE423/ECE-423-Labs/workspace/Assignment3_platform/zynq_fsbl/zynq_fsbl_bsp/system.mss|system_0||
C:/Users/j54mao/ECE423/ECE-423-Labs/workspace/lab_prefab_wrapper/ps7_cortexa9_0/standalone_ps7_cortexa9_0/bsp/system.mss|system_3||

TRACE::2025-03-26.16:28:40::SCWMssOS::Sw design exists and opened at  C:/Users/j54mao/ECE423/ECE-423-Labs/workspace/Assignment3_platform/ps7_cortexa9_1/standalone_ps7_cortexa9_1/bsp/system.mss
TRACE::2025-03-26.16:28:40::SCWMssOS:: library already available in sw design:  xilffs:4.7
TRACE::2025-03-26.16:28:40::SCWPlatform::Trying to open the hw design at C:/Users/j54mao/ECE423/ECE-423-Labs/workspace/Assignment3_platform/hw/lab_prefab_wrapper.xsa
TRACE::2025-03-26.16:28:40::SCWPlatform::DSA given C:/Users/j54mao/ECE423/ECE-423-Labs/workspace/Assignment3_platform/hw/lab_prefab_wrapper.xsa
TRACE::2025-03-26.16:28:40::SCWPlatform::DSA absoulate path C:/Users/j54mao/ECE423/ECE-423-Labs/workspace/Assignment3_platform/hw/lab_prefab_wrapper.xsa
TRACE::2025-03-26.16:28:40::SCWPlatform::DSA directory C:/Users/j54mao/ECE423/ECE-423-Labs/workspace/Assignment3_platform/hw
TRACE::2025-03-26.16:28:40::SCWPlatform:: Platform Path C:/Users/j54mao/ECE423/ECE-423-Labs/workspace/Assignment3_platform/hw/lab_prefab_wrapper.xsa
TRACE::2025-03-26.16:28:40::SCWPlatform:: Unique name xilinx:pynq-z1::0.0
TRACE::2025-03-26.16:28:40::SCWPlatform::Trying to set the existing hwdb with name lab_prefab_wrapper_2
TRACE::2025-03-26.16:28:40::SCWPlatform::Opened existing hwdb lab_prefab_wrapper_2
TRACE::2025-03-26.16:28:40::SCWPlatform::Found the Hw Db part of the input DSA
TRACE::2025-03-26.16:28:40::SCWMssOS::Checking the sw design at  C:/Users/j54mao/ECE423/ECE-423-Labs/workspace/Assignment3_platform/ps7_cortexa9_1/standalone_ps7_cortexa9_1/bsp/system.mss
TRACE::2025-03-26.16:28:40::SCWMssOS::DEBUG:  swdes dump  C:/Users/j54mao/ECE423/ECE-423-Labs/workspace/Assignment3_platform/ps7_cortexa9_0/standalone_domain/bsp/system.mss|system_1||
C:/Users/j54mao/ECE423/ECE-423-Labs/workspace/Assignment3_platform/ps7_cortexa9_1/standalone_ps7_cortexa9_1/bsp/system.mss|system||
C:/Users/j54mao/ECE423/ECE-423-Labs/workspace/Assignment3_platform/zynq_fsbl/zynq_fsbl_bsp/system.mss|system_0||
C:/Users/j54mao/ECE423/ECE-423-Labs/workspace/lab_prefab_wrapper/ps7_cortexa9_0/standalone_ps7_cortexa9_0/bsp/system.mss|system_3||

TRACE::2025-03-26.16:28:40::SCWMssOS::Sw design exists and opened at  C:/Users/j54mao/ECE423/ECE-423-Labs/workspace/Assignment3_platform/ps7_cortexa9_1/standalone_ps7_cortexa9_1/bsp/system.mss
TRACE::2025-03-26.16:28:40::SCWPlatform::Trying to open the hw design at C:/Users/j54mao/ECE423/ECE-423-Labs/workspace/Assignment3_platform/hw/lab_prefab_wrapper.xsa
TRACE::2025-03-26.16:28:40::SCWPlatform::DSA given C:/Users/j54mao/ECE423/ECE-423-Labs/workspace/Assignment3_platform/hw/lab_prefab_wrapper.xsa
TRACE::2025-03-26.16:28:40::SCWPlatform::DSA absoulate path C:/Users/j54mao/ECE423/ECE-423-Labs/workspace/Assignment3_platform/hw/lab_prefab_wrapper.xsa
TRACE::2025-03-26.16:28:40::SCWPlatform::DSA directory C:/Users/j54mao/ECE423/ECE-423-Labs/workspace/Assignment3_platform/hw
TRACE::2025-03-26.16:28:40::SCWPlatform:: Platform Path C:/Users/j54mao/ECE423/ECE-423-Labs/workspace/Assignment3_platform/hw/lab_prefab_wrapper.xsa
TRACE::2025-03-26.16:28:40::SCWPlatform:: Unique name xilinx:pynq-z1::0.0
TRACE::2025-03-26.16:28:40::SCWPlatform::Trying to set the existing hwdb with name lab_prefab_wrapper_2
TRACE::2025-03-26.16:28:40::SCWPlatform::Opened existing hwdb lab_prefab_wrapper_2
TRACE::2025-03-26.16:28:40::SCWPlatform::Found the Hw Db part of the input DSA
TRACE::2025-03-26.16:28:40::SCWMssOS::Checking the sw design at  C:/Users/j54mao/ECE423/ECE-423-Labs/workspace/Assignment3_platform/ps7_cortexa9_1/standalone_ps7_cortexa9_1/bsp/system.mss
TRACE::2025-03-26.16:28:40::SCWMssOS::DEBUG:  swdes dump  C:/Users/j54mao/ECE423/ECE-423-Labs/workspace/Assignment3_platform/ps7_cortexa9_0/standalone_domain/bsp/system.mss|system_1||
C:/Users/j54mao/ECE423/ECE-423-Labs/workspace/Assignment3_platform/ps7_cortexa9_1/standalone_ps7_cortexa9_1/bsp/system.mss|system||
C:/Users/j54mao/ECE423/ECE-423-Labs/workspace/Assignment3_platform/zynq_fsbl/zynq_fsbl_bsp/system.mss|system_0||
C:/Users/j54mao/ECE423/ECE-423-Labs/workspace/lab_prefab_wrapper/ps7_cortexa9_0/standalone_ps7_cortexa9_0/bsp/system.mss|system_3||

TRACE::2025-03-26.16:28:40::SCWMssOS::Sw design exists and opened at  C:/Users/j54mao/ECE423/ECE-423-Labs/workspace/Assignment3_platform/ps7_cortexa9_1/standalone_ps7_cortexa9_1/bsp/system.mss
TRACE::2025-03-26.16:28:40::SCWPlatform::Trying to open the hw design at C:/Users/j54mao/ECE423/ECE-423-Labs/workspace/Assignment3_platform/hw/lab_prefab_wrapper.xsa
TRACE::2025-03-26.16:28:40::SCWPlatform::DSA given C:/Users/j54mao/ECE423/ECE-423-Labs/workspace/Assignment3_platform/hw/lab_prefab_wrapper.xsa
TRACE::2025-03-26.16:28:40::SCWPlatform::DSA absoulate path C:/Users/j54mao/ECE423/ECE-423-Labs/workspace/Assignment3_platform/hw/lab_prefab_wrapper.xsa
TRACE::2025-03-26.16:28:40::SCWPlatform::DSA directory C:/Users/j54mao/ECE423/ECE-423-Labs/workspace/Assignment3_platform/hw
TRACE::2025-03-26.16:28:40::SCWPlatform:: Platform Path C:/Users/j54mao/ECE423/ECE-423-Labs/workspace/Assignment3_platform/hw/lab_prefab_wrapper.xsa
TRACE::2025-03-26.16:28:40::SCWPlatform:: Unique name xilinx:pynq-z1::0.0
TRACE::2025-03-26.16:28:40::SCWPlatform::Trying to set the existing hwdb with name lab_prefab_wrapper_2
TRACE::2025-03-26.16:28:40::SCWPlatform::Opened existing hwdb lab_prefab_wrapper_2
TRACE::2025-03-26.16:28:40::SCWPlatform::Found the Hw Db part of the input DSA
TRACE::2025-03-26.16:28:40::SCWMssOS::Checking the sw design at  C:/Users/j54mao/ECE423/ECE-423-Labs/workspace/Assignment3_platform/ps7_cortexa9_1/standalone_ps7_cortexa9_1/bsp/system.mss
TRACE::2025-03-26.16:28:40::SCWMssOS::DEBUG:  swdes dump  C:/Users/j54mao/ECE423/ECE-423-Labs/workspace/Assignment3_platform/ps7_cortexa9_0/standalone_domain/bsp/system.mss|system_1||
C:/Users/j54mao/ECE423/ECE-423-Labs/workspace/Assignment3_platform/ps7_cortexa9_1/standalone_ps7_cortexa9_1/bsp/system.mss|system||
C:/Users/j54mao/ECE423/ECE-423-Labs/workspace/Assignment3_platform/zynq_fsbl/zynq_fsbl_bsp/system.mss|system_0||
C:/Users/j54mao/ECE423/ECE-423-Labs/workspace/lab_prefab_wrapper/ps7_cortexa9_0/standalone_ps7_cortexa9_0/bsp/system.mss|system_3||

TRACE::2025-03-26.16:28:40::SCWMssOS::Sw design exists and opened at  C:/Users/j54mao/ECE423/ECE-423-Labs/workspace/Assignment3_platform/ps7_cortexa9_1/standalone_ps7_cortexa9_1/bsp/system.mss
TRACE::2025-03-26.16:28:40::SCWPlatform::Trying to open the hw design at C:/Users/j54mao/ECE423/ECE-423-Labs/workspace/Assignment3_platform/hw/lab_prefab_wrapper.xsa
TRACE::2025-03-26.16:28:40::SCWPlatform::DSA given C:/Users/j54mao/ECE423/ECE-423-Labs/workspace/Assignment3_platform/hw/lab_prefab_wrapper.xsa
TRACE::2025-03-26.16:28:40::SCWPlatform::DSA absoulate path C:/Users/j54mao/ECE423/ECE-423-Labs/workspace/Assignment3_platform/hw/lab_prefab_wrapper.xsa
TRACE::2025-03-26.16:28:40::SCWPlatform::DSA directory C:/Users/j54mao/ECE423/ECE-423-Labs/workspace/Assignment3_platform/hw
TRACE::2025-03-26.16:28:40::SCWPlatform:: Platform Path C:/Users/j54mao/ECE423/ECE-423-Labs/workspace/Assignment3_platform/hw/lab_prefab_wrapper.xsa
TRACE::2025-03-26.16:28:40::SCWPlatform:: Unique name xilinx:pynq-z1::0.0
TRACE::2025-03-26.16:28:40::SCWPlatform::Trying to set the existing hwdb with name lab_prefab_wrapper_2
TRACE::2025-03-26.16:28:40::SCWPlatform::Opened existing hwdb lab_prefab_wrapper_2
TRACE::2025-03-26.16:28:40::SCWPlatform::Found the Hw Db part of the input DSA
TRACE::2025-03-26.16:28:40::SCWMssOS::Checking the sw design at  C:/Users/j54mao/ECE423/ECE-423-Labs/workspace/Assignment3_platform/ps7_cortexa9_1/standalone_ps7_cortexa9_1/bsp/system.mss
TRACE::2025-03-26.16:28:40::SCWMssOS::DEBUG:  swdes dump  C:/Users/j54mao/ECE423/ECE-423-Labs/workspace/Assignment3_platform/ps7_cortexa9_0/standalone_domain/bsp/system.mss|system_1||
C:/Users/j54mao/ECE423/ECE-423-Labs/workspace/Assignment3_platform/ps7_cortexa9_1/standalone_ps7_cortexa9_1/bsp/system.mss|system||
C:/Users/j54mao/ECE423/ECE-423-Labs/workspace/Assignment3_platform/zynq_fsbl/zynq_fsbl_bsp/system.mss|system_0||
C:/Users/j54mao/ECE423/ECE-423-Labs/workspace/lab_prefab_wrapper/ps7_cortexa9_0/standalone_ps7_cortexa9_0/bsp/system.mss|system_3||

TRACE::2025-03-26.16:28:40::SCWMssOS::Sw design exists and opened at  C:/Users/j54mao/ECE423/ECE-423-Labs/workspace/Assignment3_platform/ps7_cortexa9_1/standalone_ps7_cortexa9_1/bsp/system.mss
TRACE::2025-03-26.16:28:40::SCWPlatform::Trying to open the hw design at C:/Users/j54mao/ECE423/ECE-423-Labs/workspace/Assignment3_platform/hw/lab_prefab_wrapper.xsa
TRACE::2025-03-26.16:28:40::SCWPlatform::DSA given C:/Users/j54mao/ECE423/ECE-423-Labs/workspace/Assignment3_platform/hw/lab_prefab_wrapper.xsa
TRACE::2025-03-26.16:28:40::SCWPlatform::DSA absoulate path C:/Users/j54mao/ECE423/ECE-423-Labs/workspace/Assignment3_platform/hw/lab_prefab_wrapper.xsa
TRACE::2025-03-26.16:28:40::SCWPlatform::DSA directory C:/Users/j54mao/ECE423/ECE-423-Labs/workspace/Assignment3_platform/hw
TRACE::2025-03-26.16:28:40::SCWPlatform:: Platform Path C:/Users/j54mao/ECE423/ECE-423-Labs/workspace/Assignment3_platform/hw/lab_prefab_wrapper.xsa
TRACE::2025-03-26.16:28:40::SCWPlatform:: Unique name xilinx:pynq-z1::0.0
TRACE::2025-03-26.16:28:40::SCWPlatform::Trying to set the existing hwdb with name lab_prefab_wrapper_2
TRACE::2025-03-26.16:28:40::SCWPlatform::Opened existing hwdb lab_prefab_wrapper_2
TRACE::2025-03-26.16:28:40::SCWPlatform::Found the Hw Db part of the input DSA
TRACE::2025-03-26.16:28:40::SCWMssOS::Checking the sw design at  C:/Users/j54mao/ECE423/ECE-423-Labs/workspace/Assignment3_platform/ps7_cortexa9_1/standalone_ps7_cortexa9_1/bsp/system.mss
TRACE::2025-03-26.16:28:40::SCWMssOS::DEBUG:  swdes dump  C:/Users/j54mao/ECE423/ECE-423-Labs/workspace/Assignment3_platform/ps7_cortexa9_0/standalone_domain/bsp/system.mss|system_1||
C:/Users/j54mao/ECE423/ECE-423-Labs/workspace/Assignment3_platform/ps7_cortexa9_1/standalone_ps7_cortexa9_1/bsp/system.mss|system||
C:/Users/j54mao/ECE423/ECE-423-Labs/workspace/Assignment3_platform/zynq_fsbl/zynq_fsbl_bsp/system.mss|system_0||
C:/Users/j54mao/ECE423/ECE-423-Labs/workspace/lab_prefab_wrapper/ps7_cortexa9_0/standalone_ps7_cortexa9_0/bsp/system.mss|system_3||

TRACE::2025-03-26.16:28:40::SCWMssOS::Sw design exists and opened at  C:/Users/j54mao/ECE423/ECE-423-Labs/workspace/Assignment3_platform/ps7_cortexa9_1/standalone_ps7_cortexa9_1/bsp/system.mss
TRACE::2025-03-26.16:28:40::SCWPlatform::Trying to open the hw design at C:/Users/j54mao/ECE423/ECE-423-Labs/workspace/Assignment3_platform/hw/lab_prefab_wrapper.xsa
TRACE::2025-03-26.16:28:40::SCWPlatform::DSA given C:/Users/j54mao/ECE423/ECE-423-Labs/workspace/Assignment3_platform/hw/lab_prefab_wrapper.xsa
TRACE::2025-03-26.16:28:40::SCWPlatform::DSA absoulate path C:/Users/j54mao/ECE423/ECE-423-Labs/workspace/Assignment3_platform/hw/lab_prefab_wrapper.xsa
TRACE::2025-03-26.16:28:40::SCWPlatform::DSA directory C:/Users/j54mao/ECE423/ECE-423-Labs/workspace/Assignment3_platform/hw
TRACE::2025-03-26.16:28:40::SCWPlatform:: Platform Path C:/Users/j54mao/ECE423/ECE-423-Labs/workspace/Assignment3_platform/hw/lab_prefab_wrapper.xsa
TRACE::2025-03-26.16:28:40::SCWPlatform:: Unique name xilinx:pynq-z1::0.0
TRACE::2025-03-26.16:28:40::SCWPlatform::Trying to set the existing hwdb with name lab_prefab_wrapper_2
TRACE::2025-03-26.16:28:40::SCWPlatform::Opened existing hwdb lab_prefab_wrapper_2
TRACE::2025-03-26.16:28:40::SCWPlatform::Found the Hw Db part of the input DSA
TRACE::2025-03-26.16:28:40::SCWMssOS::Checking the sw design at  C:/Users/j54mao/ECE423/ECE-423-Labs/workspace/Assignment3_platform/ps7_cortexa9_1/standalone_ps7_cortexa9_1/bsp/system.mss
TRACE::2025-03-26.16:28:40::SCWMssOS::DEBUG:  swdes dump  C:/Users/j54mao/ECE423/ECE-423-Labs/workspace/Assignment3_platform/ps7_cortexa9_0/standalone_domain/bsp/system.mss|system_1||
C:/Users/j54mao/ECE423/ECE-423-Labs/workspace/Assignment3_platform/ps7_cortexa9_1/standalone_ps7_cortexa9_1/bsp/system.mss|system||
C:/Users/j54mao/ECE423/ECE-423-Labs/workspace/Assignment3_platform/zynq_fsbl/zynq_fsbl_bsp/system.mss|system_0||
C:/Users/j54mao/ECE423/ECE-423-Labs/workspace/lab_prefab_wrapper/ps7_cortexa9_0/standalone_ps7_cortexa9_0/bsp/system.mss|system_3||

TRACE::2025-03-26.16:28:40::SCWMssOS::Sw design exists and opened at  C:/Users/j54mao/ECE423/ECE-423-Labs/workspace/Assignment3_platform/ps7_cortexa9_1/standalone_ps7_cortexa9_1/bsp/system.mss
TRACE::2025-03-26.16:28:40::SCWMssOS::Saving the mss changes C:/Users/j54mao/ECE423/ECE-423-Labs/workspace/Assignment3_platform/ps7_cortexa9_1/standalone_ps7_cortexa9_1/bsp/system.mss
TRACE::2025-03-26.16:28:40::SCWMssOS::Found a swdesign opened with the mssfile.
TRACE::2025-03-26.16:28:40::SCWMssOS::Completed writemss as part of save.
TRACE::2025-03-26.16:28:40::SCWMssOS::Commit changes completed.
TRACE::2025-03-26.16:28:40::SCWPlatform::Trying to open the hw design at C:/Users/j54mao/ECE423/ECE-423-Labs/workspace/Assignment3_platform/hw/lab_prefab_wrapper.xsa
TRACE::2025-03-26.16:28:40::SCWPlatform::DSA given C:/Users/j54mao/ECE423/ECE-423-Labs/workspace/Assignment3_platform/hw/lab_prefab_wrapper.xsa
TRACE::2025-03-26.16:28:40::SCWPlatform::DSA absoulate path C:/Users/j54mao/ECE423/ECE-423-Labs/workspace/Assignment3_platform/hw/lab_prefab_wrapper.xsa
TRACE::2025-03-26.16:28:40::SCWPlatform::DSA directory C:/Users/j54mao/ECE423/ECE-423-Labs/workspace/Assignment3_platform/hw
TRACE::2025-03-26.16:28:40::SCWPlatform:: Platform Path C:/Users/j54mao/ECE423/ECE-423-Labs/workspace/Assignment3_platform/hw/lab_prefab_wrapper.xsa
TRACE::2025-03-26.16:28:40::SCWPlatform:: Unique name xilinx:pynq-z1::0.0
TRACE::2025-03-26.16:28:40::SCWPlatform::Trying to set the existing hwdb with name lab_prefab_wrapper_2
TRACE::2025-03-26.16:28:40::SCWPlatform::Opened existing hwdb lab_prefab_wrapper_2
TRACE::2025-03-26.16:28:40::SCWPlatform::Found the Hw Db part of the input DSA
TRACE::2025-03-26.16:28:40::SCWMssOS::Checking the sw design at  C:/Users/j54mao/ECE423/ECE-423-Labs/workspace/Assignment3_platform/ps7_cortexa9_1/standalone_ps7_cortexa9_1/bsp/system.mss
TRACE::2025-03-26.16:28:40::SCWMssOS::DEBUG:  swdes dump  C:/Users/j54mao/ECE423/ECE-423-Labs/workspace/Assignment3_platform/ps7_cortexa9_0/standalone_domain/bsp/system.mss|system_1||
C:/Users/j54mao/ECE423/ECE-423-Labs/workspace/Assignment3_platform/ps7_cortexa9_1/standalone_ps7_cortexa9_1/bsp/system.mss|system||
C:/Users/j54mao/ECE423/ECE-423-Labs/workspace/Assignment3_platform/zynq_fsbl/zynq_fsbl_bsp/system.mss|system_0||
C:/Users/j54mao/ECE423/ECE-423-Labs/workspace/lab_prefab_wrapper/ps7_cortexa9_0/standalone_ps7_cortexa9_0/bsp/system.mss|system_3||

TRACE::2025-03-26.16:28:40::SCWMssOS::Sw design exists and opened at  C:/Users/j54mao/ECE423/ECE-423-Labs/workspace/Assignment3_platform/ps7_cortexa9_1/standalone_ps7_cortexa9_1/bsp/system.mss
TRACE::2025-03-26.16:28:40::SCWMssOS::Removing the swdes entry for  C:/Users/j54mao/ECE423/ECE-423-Labs/workspace/Assignment3_platform/ps7_cortexa9_1/standalone_ps7_cortexa9_1/bsp/system.mss
TRACE::2025-03-26.16:28:40::SCWPlatform::Trying to open the hw design at C:/Users/j54mao/ECE423/ECE-423-Labs/workspace/Assignment3_platform/hw/lab_prefab_wrapper.xsa
TRACE::2025-03-26.16:28:40::SCWPlatform::DSA given C:/Users/j54mao/ECE423/ECE-423-Labs/workspace/Assignment3_platform/hw/lab_prefab_wrapper.xsa
TRACE::2025-03-26.16:28:40::SCWPlatform::DSA absoulate path C:/Users/j54mao/ECE423/ECE-423-Labs/workspace/Assignment3_platform/hw/lab_prefab_wrapper.xsa
TRACE::2025-03-26.16:28:40::SCWPlatform::DSA directory C:/Users/j54mao/ECE423/ECE-423-Labs/workspace/Assignment3_platform/hw
TRACE::2025-03-26.16:28:40::SCWPlatform:: Platform Path C:/Users/j54mao/ECE423/ECE-423-Labs/workspace/Assignment3_platform/hw/lab_prefab_wrapper.xsa
TRACE::2025-03-26.16:28:40::SCWPlatform:: Unique name xilinx:pynq-z1::0.0
TRACE::2025-03-26.16:28:40::SCWPlatform::Trying to set the existing hwdb with name lab_prefab_wrapper_2
TRACE::2025-03-26.16:28:40::SCWPlatform::Opened existing hwdb lab_prefab_wrapper_2
TRACE::2025-03-26.16:28:40::SCWPlatform::Found the Hw Db part of the input DSA
TRACE::2025-03-26.16:28:40::SCWMssOS::Checking the sw design at  C:/Users/j54mao/ECE423/ECE-423-Labs/workspace/Assignment3_platform/ps7_cortexa9_1/standalone_ps7_cortexa9_1/bsp/system.mss
TRACE::2025-03-26.16:28:40::SCWMssOS::DEBUG:  swdes dump  C:/Users/j54mao/ECE423/ECE-423-Labs/workspace/Assignment3_platform/ps7_cortexa9_0/standalone_domain/bsp/system.mss|system_1||
C:/Users/j54mao/ECE423/ECE-423-Labs/workspace/Assignment3_platform/zynq_fsbl/zynq_fsbl_bsp/system.mss|system_0||
C:/Users/j54mao/ECE423/ECE-423-Labs/workspace/lab_prefab_wrapper/ps7_cortexa9_0/standalone_ps7_cortexa9_0/bsp/system.mss|system_3||

TRACE::2025-03-26.16:28:40::SCWMssOS::No sw design opened at  C:/Users/j54mao/ECE423/ECE-423-Labs/workspace/Assignment3_platform/ps7_cortexa9_1/standalone_ps7_cortexa9_1/bsp/system.mss
TRACE::2025-03-26.16:28:40::SCWMssOS::mss exists loading the mss file  C:/Users/j54mao/ECE423/ECE-423-Labs/workspace/Assignment3_platform/ps7_cortexa9_1/standalone_ps7_cortexa9_1/bsp/system.mss
TRACE::2025-03-26.16:28:40::SCWMssOS::Opened the sw design from mss  C:/Users/j54mao/ECE423/ECE-423-Labs/workspace/Assignment3_platform/ps7_cortexa9_1/standalone_ps7_cortexa9_1/bsp/system.mss
TRACE::2025-03-26.16:28:40::SCWMssOS::Adding the swdes entry C:/Users/j54mao/ECE423/ECE-423-Labs/workspace/Assignment3_platform/ps7_cortexa9_1/standalone_ps7_cortexa9_1/bsp/system.mss with des name system
TRACE::2025-03-26.16:28:40::SCWMssOS::updating the scw layer about changes
TRACE::2025-03-26.16:28:40::SCWMssOS::Opened the sw design.  C:/Users/j54mao/ECE423/ECE-423-Labs/workspace/Assignment3_platform/ps7_cortexa9_1/standalone_ps7_cortexa9_1/bsp/system.mss
TRACE::2025-03-26.16:28:40::SCWMssOS::Completed writing the mss file at C:/Users/j54mao/ECE423/ECE-423-Labs/workspace/Assignment3_platform/ps7_cortexa9_1/standalone_ps7_cortexa9_1/bsp
TRACE::2025-03-26.16:28:40::SCWMssOS::Forcing BSP Sources regeneration.
TRACE::2025-03-26.16:29:02::SCWPlatform::Trying to open the hw design at C:/Users/j54mao/ECE423/ECE-423-Labs/workspace/Assignment3_platform/hw/lab_prefab_wrapper.xsa
TRACE::2025-03-26.16:29:02::SCWPlatform::DSA given C:/Users/j54mao/ECE423/ECE-423-Labs/workspace/Assignment3_platform/hw/lab_prefab_wrapper.xsa
TRACE::2025-03-26.16:29:02::SCWPlatform::DSA absoulate path C:/Users/j54mao/ECE423/ECE-423-Labs/workspace/Assignment3_platform/hw/lab_prefab_wrapper.xsa
TRACE::2025-03-26.16:29:02::SCWPlatform::DSA directory C:/Users/j54mao/ECE423/ECE-423-Labs/workspace/Assignment3_platform/hw
TRACE::2025-03-26.16:29:02::SCWPlatform:: Platform Path C:/Users/j54mao/ECE423/ECE-423-Labs/workspace/Assignment3_platform/hw/lab_prefab_wrapper.xsa
TRACE::2025-03-26.16:29:02::SCWPlatform:: Unique name xilinx:pynq-z1::0.0
TRACE::2025-03-26.16:29:02::SCWPlatform::Trying to set the existing hwdb with name lab_prefab_wrapper_2
TRACE::2025-03-26.16:29:02::SCWPlatform::Opened existing hwdb lab_prefab_wrapper_2
TRACE::2025-03-26.16:29:02::SCWPlatform::Found the Hw Db part of the input DSA
TRACE::2025-03-26.16:29:02::SCWMssOS::Checking the sw design at  C:/Users/j54mao/ECE423/ECE-423-Labs/workspace/Assignment3_platform/ps7_cortexa9_0/standalone_domain/bsp/system.mss
TRACE::2025-03-26.16:29:02::SCWMssOS::DEBUG:  swdes dump  C:/Users/j54mao/ECE423/ECE-423-Labs/workspace/Assignment3_platform/ps7_cortexa9_0/standalone_domain/bsp/system.mss|system_1||
C:/Users/j54mao/ECE423/ECE-423-Labs/workspace/Assignment3_platform/zynq_fsbl/zynq_fsbl_bsp/system.mss|system_0||
C:/Users/j54mao/ECE423/ECE-423-Labs/workspace/lab_prefab_wrapper/ps7_cortexa9_0/standalone_ps7_cortexa9_0/bsp/system.mss|system_3||

TRACE::2025-03-26.16:29:02::SCWMssOS::Sw design exists and opened at  C:/Users/j54mao/ECE423/ECE-423-Labs/workspace/Assignment3_platform/ps7_cortexa9_0/standalone_domain/bsp/system.mss
TRACE::2025-03-26.16:29:05::SCWPlatform::Trying to open the hw design at C:/Users/j54mao/ECE423/ECE-423-Labs/workspace/Assignment3_platform/hw/lab_prefab_wrapper.xsa
TRACE::2025-03-26.16:29:05::SCWPlatform::DSA given C:/Users/j54mao/ECE423/ECE-423-Labs/workspace/Assignment3_platform/hw/lab_prefab_wrapper.xsa
TRACE::2025-03-26.16:29:05::SCWPlatform::DSA absoulate path C:/Users/j54mao/ECE423/ECE-423-Labs/workspace/Assignment3_platform/hw/lab_prefab_wrapper.xsa
TRACE::2025-03-26.16:29:05::SCWPlatform::DSA directory C:/Users/j54mao/ECE423/ECE-423-Labs/workspace/Assignment3_platform/hw
TRACE::2025-03-26.16:29:05::SCWPlatform:: Platform Path C:/Users/j54mao/ECE423/ECE-423-Labs/workspace/Assignment3_platform/hw/lab_prefab_wrapper.xsa
TRACE::2025-03-26.16:29:05::SCWPlatform:: Unique name xilinx:pynq-z1::0.0
TRACE::2025-03-26.16:29:05::SCWPlatform::Trying to set the existing hwdb with name lab_prefab_wrapper_2
TRACE::2025-03-26.16:29:05::SCWPlatform::Opened existing hwdb lab_prefab_wrapper_2
TRACE::2025-03-26.16:29:05::SCWPlatform::Found the Hw Db part of the input DSA
TRACE::2025-03-26.16:29:05::SCWMssOS::Checking the sw design at  C:/Users/j54mao/ECE423/ECE-423-Labs/workspace/Assignment3_platform/ps7_cortexa9_0/standalone_domain/bsp/system.mss
TRACE::2025-03-26.16:29:05::SCWMssOS::DEBUG:  swdes dump  C:/Users/j54mao/ECE423/ECE-423-Labs/workspace/Assignment3_platform/ps7_cortexa9_0/standalone_domain/bsp/system.mss|system_1||
C:/Users/j54mao/ECE423/ECE-423-Labs/workspace/Assignment3_platform/zynq_fsbl/zynq_fsbl_bsp/system.mss|system_0||
C:/Users/j54mao/ECE423/ECE-423-Labs/workspace/lab_prefab_wrapper/ps7_cortexa9_0/standalone_ps7_cortexa9_0/bsp/system.mss|system_3||

TRACE::2025-03-26.16:29:05::SCWMssOS::Sw design exists and opened at  C:/Users/j54mao/ECE423/ECE-423-Labs/workspace/Assignment3_platform/ps7_cortexa9_0/standalone_domain/bsp/system.mss
TRACE::2025-03-26.16:29:05::SCWMssOS::Adding Library:  xilffs:4.7
TRACE::2025-03-26.16:29:05::SCWMssOS::Added Library:  xilffs
TRACE::2025-03-26.16:29:05::SCWPlatform::Trying to open the hw design at C:/Users/j54mao/ECE423/ECE-423-Labs/workspace/Assignment3_platform/hw/lab_prefab_wrapper.xsa
TRACE::2025-03-26.16:29:05::SCWPlatform::DSA given C:/Users/j54mao/ECE423/ECE-423-Labs/workspace/Assignment3_platform/hw/lab_prefab_wrapper.xsa
TRACE::2025-03-26.16:29:05::SCWPlatform::DSA absoulate path C:/Users/j54mao/ECE423/ECE-423-Labs/workspace/Assignment3_platform/hw/lab_prefab_wrapper.xsa
TRACE::2025-03-26.16:29:05::SCWPlatform::DSA directory C:/Users/j54mao/ECE423/ECE-423-Labs/workspace/Assignment3_platform/hw
TRACE::2025-03-26.16:29:05::SCWPlatform:: Platform Path C:/Users/j54mao/ECE423/ECE-423-Labs/workspace/Assignment3_platform/hw/lab_prefab_wrapper.xsa
TRACE::2025-03-26.16:29:05::SCWPlatform:: Unique name xilinx:pynq-z1::0.0
TRACE::2025-03-26.16:29:05::SCWPlatform::Trying to set the existing hwdb with name lab_prefab_wrapper_2
TRACE::2025-03-26.16:29:05::SCWPlatform::Opened existing hwdb lab_prefab_wrapper_2
TRACE::2025-03-26.16:29:05::SCWPlatform::Found the Hw Db part of the input DSA
TRACE::2025-03-26.16:29:05::SCWMssOS::Checking the sw design at  C:/Users/j54mao/ECE423/ECE-423-Labs/workspace/Assignment3_platform/ps7_cortexa9_0/standalone_domain/bsp/system.mss
TRACE::2025-03-26.16:29:05::SCWMssOS::DEBUG:  swdes dump  C:/Users/j54mao/ECE423/ECE-423-Labs/workspace/Assignment3_platform/ps7_cortexa9_0/standalone_domain/bsp/system.mss|system_1||
C:/Users/j54mao/ECE423/ECE-423-Labs/workspace/Assignment3_platform/zynq_fsbl/zynq_fsbl_bsp/system.mss|system_0||
C:/Users/j54mao/ECE423/ECE-423-Labs/workspace/lab_prefab_wrapper/ps7_cortexa9_0/standalone_ps7_cortexa9_0/bsp/system.mss|system_3||

TRACE::2025-03-26.16:29:05::SCWMssOS::Sw design exists and opened at  C:/Users/j54mao/ECE423/ECE-423-Labs/workspace/Assignment3_platform/ps7_cortexa9_0/standalone_domain/bsp/system.mss
TRACE::2025-03-26.16:29:09::SCWPlatform::Trying to open the hw design at C:/Users/j54mao/ECE423/ECE-423-Labs/workspace/Assignment3_platform/hw/lab_prefab_wrapper.xsa
TRACE::2025-03-26.16:29:09::SCWPlatform::DSA given C:/Users/j54mao/ECE423/ECE-423-Labs/workspace/Assignment3_platform/hw/lab_prefab_wrapper.xsa
TRACE::2025-03-26.16:29:09::SCWPlatform::DSA absoulate path C:/Users/j54mao/ECE423/ECE-423-Labs/workspace/Assignment3_platform/hw/lab_prefab_wrapper.xsa
TRACE::2025-03-26.16:29:09::SCWPlatform::DSA directory C:/Users/j54mao/ECE423/ECE-423-Labs/workspace/Assignment3_platform/hw
TRACE::2025-03-26.16:29:09::SCWPlatform:: Platform Path C:/Users/j54mao/ECE423/ECE-423-Labs/workspace/Assignment3_platform/hw/lab_prefab_wrapper.xsa
TRACE::2025-03-26.16:29:09::SCWPlatform:: Unique name xilinx:pynq-z1::0.0
TRACE::2025-03-26.16:29:09::SCWPlatform::Trying to set the existing hwdb with name lab_prefab_wrapper_2
TRACE::2025-03-26.16:29:09::SCWPlatform::Opened existing hwdb lab_prefab_wrapper_2
TRACE::2025-03-26.16:29:09::SCWPlatform::Found the Hw Db part of the input DSA
TRACE::2025-03-26.16:29:09::SCWMssOS::Checking the sw design at  C:/Users/j54mao/ECE423/ECE-423-Labs/workspace/Assignment3_platform/ps7_cortexa9_0/standalone_domain/bsp/system.mss
TRACE::2025-03-26.16:29:09::SCWMssOS::DEBUG:  swdes dump  C:/Users/j54mao/ECE423/ECE-423-Labs/workspace/Assignment3_platform/ps7_cortexa9_0/standalone_domain/bsp/system.mss|system_1||
C:/Users/j54mao/ECE423/ECE-423-Labs/workspace/Assignment3_platform/zynq_fsbl/zynq_fsbl_bsp/system.mss|system_0||
C:/Users/j54mao/ECE423/ECE-423-Labs/workspace/lab_prefab_wrapper/ps7_cortexa9_0/standalone_ps7_cortexa9_0/bsp/system.mss|system_3||

TRACE::2025-03-26.16:29:09::SCWMssOS::Sw design exists and opened at  C:/Users/j54mao/ECE423/ECE-423-Labs/workspace/Assignment3_platform/ps7_cortexa9_0/standalone_domain/bsp/system.mss
TRACE::2025-03-26.16:29:09::SCWPlatform::Trying to open the hw design at C:/Users/j54mao/ECE423/ECE-423-Labs/workspace/Assignment3_platform/hw/lab_prefab_wrapper.xsa
TRACE::2025-03-26.16:29:09::SCWPlatform::DSA given C:/Users/j54mao/ECE423/ECE-423-Labs/workspace/Assignment3_platform/hw/lab_prefab_wrapper.xsa
TRACE::2025-03-26.16:29:09::SCWPlatform::DSA absoulate path C:/Users/j54mao/ECE423/ECE-423-Labs/workspace/Assignment3_platform/hw/lab_prefab_wrapper.xsa
TRACE::2025-03-26.16:29:09::SCWPlatform::DSA directory C:/Users/j54mao/ECE423/ECE-423-Labs/workspace/Assignment3_platform/hw
TRACE::2025-03-26.16:29:09::SCWPlatform:: Platform Path C:/Users/j54mao/ECE423/ECE-423-Labs/workspace/Assignment3_platform/hw/lab_prefab_wrapper.xsa
TRACE::2025-03-26.16:29:09::SCWPlatform:: Unique name xilinx:pynq-z1::0.0
TRACE::2025-03-26.16:29:09::SCWPlatform::Trying to set the existing hwdb with name lab_prefab_wrapper_2
TRACE::2025-03-26.16:29:09::SCWPlatform::Opened existing hwdb lab_prefab_wrapper_2
TRACE::2025-03-26.16:29:09::SCWPlatform::Found the Hw Db part of the input DSA
TRACE::2025-03-26.16:29:09::SCWMssOS::Checking the sw design at  C:/Users/j54mao/ECE423/ECE-423-Labs/workspace/Assignment3_platform/ps7_cortexa9_0/standalone_domain/bsp/system.mss
TRACE::2025-03-26.16:29:09::SCWMssOS::DEBUG:  swdes dump  C:/Users/j54mao/ECE423/ECE-423-Labs/workspace/Assignment3_platform/ps7_cortexa9_0/standalone_domain/bsp/system.mss|system_1||
C:/Users/j54mao/ECE423/ECE-423-Labs/workspace/Assignment3_platform/zynq_fsbl/zynq_fsbl_bsp/system.mss|system_0||
C:/Users/j54mao/ECE423/ECE-423-Labs/workspace/lab_prefab_wrapper/ps7_cortexa9_0/standalone_ps7_cortexa9_0/bsp/system.mss|system_3||

TRACE::2025-03-26.16:29:09::SCWMssOS::Sw design exists and opened at  C:/Users/j54mao/ECE423/ECE-423-Labs/workspace/Assignment3_platform/ps7_cortexa9_0/standalone_domain/bsp/system.mss
TRACE::2025-03-26.16:29:09::SCWPlatform::Trying to open the hw design at C:/Users/j54mao/ECE423/ECE-423-Labs/workspace/Assignment3_platform/hw/lab_prefab_wrapper.xsa
TRACE::2025-03-26.16:29:09::SCWPlatform::DSA given C:/Users/j54mao/ECE423/ECE-423-Labs/workspace/Assignment3_platform/hw/lab_prefab_wrapper.xsa
TRACE::2025-03-26.16:29:09::SCWPlatform::DSA absoulate path C:/Users/j54mao/ECE423/ECE-423-Labs/workspace/Assignment3_platform/hw/lab_prefab_wrapper.xsa
TRACE::2025-03-26.16:29:09::SCWPlatform::DSA directory C:/Users/j54mao/ECE423/ECE-423-Labs/workspace/Assignment3_platform/hw
TRACE::2025-03-26.16:29:09::SCWPlatform:: Platform Path C:/Users/j54mao/ECE423/ECE-423-Labs/workspace/Assignment3_platform/hw/lab_prefab_wrapper.xsa
TRACE::2025-03-26.16:29:09::SCWPlatform:: Unique name xilinx:pynq-z1::0.0
TRACE::2025-03-26.16:29:09::SCWPlatform::Trying to set the existing hwdb with name lab_prefab_wrapper_2
TRACE::2025-03-26.16:29:09::SCWPlatform::Opened existing hwdb lab_prefab_wrapper_2
TRACE::2025-03-26.16:29:09::SCWPlatform::Found the Hw Db part of the input DSA
TRACE::2025-03-26.16:29:09::SCWMssOS::Checking the sw design at  C:/Users/j54mao/ECE423/ECE-423-Labs/workspace/Assignment3_platform/ps7_cortexa9_0/standalone_domain/bsp/system.mss
TRACE::2025-03-26.16:29:09::SCWMssOS::DEBUG:  swdes dump  C:/Users/j54mao/ECE423/ECE-423-Labs/workspace/Assignment3_platform/ps7_cortexa9_0/standalone_domain/bsp/system.mss|system_1||
C:/Users/j54mao/ECE423/ECE-423-Labs/workspace/Assignment3_platform/zynq_fsbl/zynq_fsbl_bsp/system.mss|system_0||
C:/Users/j54mao/ECE423/ECE-423-Labs/workspace/lab_prefab_wrapper/ps7_cortexa9_0/standalone_ps7_cortexa9_0/bsp/system.mss|system_3||

TRACE::2025-03-26.16:29:09::SCWMssOS::Sw design exists and opened at  C:/Users/j54mao/ECE423/ECE-423-Labs/workspace/Assignment3_platform/ps7_cortexa9_0/standalone_domain/bsp/system.mss
TRACE::2025-03-26.16:29:09::SCWPlatform::Trying to open the hw design at C:/Users/j54mao/ECE423/ECE-423-Labs/workspace/Assignment3_platform/hw/lab_prefab_wrapper.xsa
TRACE::2025-03-26.16:29:09::SCWPlatform::DSA given C:/Users/j54mao/ECE423/ECE-423-Labs/workspace/Assignment3_platform/hw/lab_prefab_wrapper.xsa
TRACE::2025-03-26.16:29:09::SCWPlatform::DSA absoulate path C:/Users/j54mao/ECE423/ECE-423-Labs/workspace/Assignment3_platform/hw/lab_prefab_wrapper.xsa
TRACE::2025-03-26.16:29:09::SCWPlatform::DSA directory C:/Users/j54mao/ECE423/ECE-423-Labs/workspace/Assignment3_platform/hw
TRACE::2025-03-26.16:29:09::SCWPlatform:: Platform Path C:/Users/j54mao/ECE423/ECE-423-Labs/workspace/Assignment3_platform/hw/lab_prefab_wrapper.xsa
TRACE::2025-03-26.16:29:09::SCWPlatform:: Unique name xilinx:pynq-z1::0.0
TRACE::2025-03-26.16:29:09::SCWPlatform::Trying to set the existing hwdb with name lab_prefab_wrapper_2
TRACE::2025-03-26.16:29:09::SCWPlatform::Opened existing hwdb lab_prefab_wrapper_2
TRACE::2025-03-26.16:29:09::SCWPlatform::Found the Hw Db part of the input DSA
TRACE::2025-03-26.16:29:09::SCWMssOS::Checking the sw design at  C:/Users/j54mao/ECE423/ECE-423-Labs/workspace/Assignment3_platform/ps7_cortexa9_0/standalone_domain/bsp/system.mss
TRACE::2025-03-26.16:29:09::SCWMssOS::DEBUG:  swdes dump  C:/Users/j54mao/ECE423/ECE-423-Labs/workspace/Assignment3_platform/ps7_cortexa9_0/standalone_domain/bsp/system.mss|system_1||
C:/Users/j54mao/ECE423/ECE-423-Labs/workspace/Assignment3_platform/zynq_fsbl/zynq_fsbl_bsp/system.mss|system_0||
C:/Users/j54mao/ECE423/ECE-423-Labs/workspace/lab_prefab_wrapper/ps7_cortexa9_0/standalone_ps7_cortexa9_0/bsp/system.mss|system_3||

TRACE::2025-03-26.16:29:09::SCWMssOS::Sw design exists and opened at  C:/Users/j54mao/ECE423/ECE-423-Labs/workspace/Assignment3_platform/ps7_cortexa9_0/standalone_domain/bsp/system.mss
TRACE::2025-03-26.16:29:09::SCWPlatform::Trying to open the hw design at C:/Users/j54mao/ECE423/ECE-423-Labs/workspace/Assignment3_platform/hw/lab_prefab_wrapper.xsa
TRACE::2025-03-26.16:29:09::SCWPlatform::DSA given C:/Users/j54mao/ECE423/ECE-423-Labs/workspace/Assignment3_platform/hw/lab_prefab_wrapper.xsa
TRACE::2025-03-26.16:29:09::SCWPlatform::DSA absoulate path C:/Users/j54mao/ECE423/ECE-423-Labs/workspace/Assignment3_platform/hw/lab_prefab_wrapper.xsa
TRACE::2025-03-26.16:29:09::SCWPlatform::DSA directory C:/Users/j54mao/ECE423/ECE-423-Labs/workspace/Assignment3_platform/hw
TRACE::2025-03-26.16:29:09::SCWPlatform:: Platform Path C:/Users/j54mao/ECE423/ECE-423-Labs/workspace/Assignment3_platform/hw/lab_prefab_wrapper.xsa
TRACE::2025-03-26.16:29:09::SCWPlatform:: Unique name xilinx:pynq-z1::0.0
TRACE::2025-03-26.16:29:09::SCWPlatform::Trying to set the existing hwdb with name lab_prefab_wrapper_2
TRACE::2025-03-26.16:29:09::SCWPlatform::Opened existing hwdb lab_prefab_wrapper_2
TRACE::2025-03-26.16:29:09::SCWPlatform::Found the Hw Db part of the input DSA
TRACE::2025-03-26.16:29:09::SCWMssOS::Checking the sw design at  C:/Users/j54mao/ECE423/ECE-423-Labs/workspace/Assignment3_platform/ps7_cortexa9_0/standalone_domain/bsp/system.mss
TRACE::2025-03-26.16:29:09::SCWMssOS::DEBUG:  swdes dump  C:/Users/j54mao/ECE423/ECE-423-Labs/workspace/Assignment3_platform/ps7_cortexa9_0/standalone_domain/bsp/system.mss|system_1||
C:/Users/j54mao/ECE423/ECE-423-Labs/workspace/Assignment3_platform/zynq_fsbl/zynq_fsbl_bsp/system.mss|system_0||
C:/Users/j54mao/ECE423/ECE-423-Labs/workspace/lab_prefab_wrapper/ps7_cortexa9_0/standalone_ps7_cortexa9_0/bsp/system.mss|system_3||

TRACE::2025-03-26.16:29:09::SCWMssOS::Sw design exists and opened at  C:/Users/j54mao/ECE423/ECE-423-Labs/workspace/Assignment3_platform/ps7_cortexa9_0/standalone_domain/bsp/system.mss
TRACE::2025-03-26.16:29:09::SCWPlatform::Trying to open the hw design at C:/Users/j54mao/ECE423/ECE-423-Labs/workspace/Assignment3_platform/hw/lab_prefab_wrapper.xsa
TRACE::2025-03-26.16:29:09::SCWPlatform::DSA given C:/Users/j54mao/ECE423/ECE-423-Labs/workspace/Assignment3_platform/hw/lab_prefab_wrapper.xsa
TRACE::2025-03-26.16:29:09::SCWPlatform::DSA absoulate path C:/Users/j54mao/ECE423/ECE-423-Labs/workspace/Assignment3_platform/hw/lab_prefab_wrapper.xsa
TRACE::2025-03-26.16:29:09::SCWPlatform::DSA directory C:/Users/j54mao/ECE423/ECE-423-Labs/workspace/Assignment3_platform/hw
TRACE::2025-03-26.16:29:09::SCWPlatform:: Platform Path C:/Users/j54mao/ECE423/ECE-423-Labs/workspace/Assignment3_platform/hw/lab_prefab_wrapper.xsa
TRACE::2025-03-26.16:29:09::SCWPlatform:: Unique name xilinx:pynq-z1::0.0
TRACE::2025-03-26.16:29:09::SCWPlatform::Trying to set the existing hwdb with name lab_prefab_wrapper_2
TRACE::2025-03-26.16:29:09::SCWPlatform::Opened existing hwdb lab_prefab_wrapper_2
TRACE::2025-03-26.16:29:09::SCWPlatform::Found the Hw Db part of the input DSA
TRACE::2025-03-26.16:29:09::SCWMssOS::Checking the sw design at  C:/Users/j54mao/ECE423/ECE-423-Labs/workspace/Assignment3_platform/ps7_cortexa9_0/standalone_domain/bsp/system.mss
TRACE::2025-03-26.16:29:09::SCWMssOS::DEBUG:  swdes dump  C:/Users/j54mao/ECE423/ECE-423-Labs/workspace/Assignment3_platform/ps7_cortexa9_0/standalone_domain/bsp/system.mss|system_1||
C:/Users/j54mao/ECE423/ECE-423-Labs/workspace/Assignment3_platform/zynq_fsbl/zynq_fsbl_bsp/system.mss|system_0||
C:/Users/j54mao/ECE423/ECE-423-Labs/workspace/lab_prefab_wrapper/ps7_cortexa9_0/standalone_ps7_cortexa9_0/bsp/system.mss|system_3||

TRACE::2025-03-26.16:29:09::SCWMssOS::Sw design exists and opened at  C:/Users/j54mao/ECE423/ECE-423-Labs/workspace/Assignment3_platform/ps7_cortexa9_0/standalone_domain/bsp/system.mss
TRACE::2025-03-26.16:29:11::SCWPlatform::Trying to open the hw design at C:/Users/j54mao/ECE423/ECE-423-Labs/workspace/Assignment3_platform/hw/lab_prefab_wrapper.xsa
TRACE::2025-03-26.16:29:11::SCWPlatform::DSA given C:/Users/j54mao/ECE423/ECE-423-Labs/workspace/Assignment3_platform/hw/lab_prefab_wrapper.xsa
TRACE::2025-03-26.16:29:11::SCWPlatform::DSA absoulate path C:/Users/j54mao/ECE423/ECE-423-Labs/workspace/Assignment3_platform/hw/lab_prefab_wrapper.xsa
TRACE::2025-03-26.16:29:11::SCWPlatform::DSA directory C:/Users/j54mao/ECE423/ECE-423-Labs/workspace/Assignment3_platform/hw
TRACE::2025-03-26.16:29:11::SCWPlatform:: Platform Path C:/Users/j54mao/ECE423/ECE-423-Labs/workspace/Assignment3_platform/hw/lab_prefab_wrapper.xsa
TRACE::2025-03-26.16:29:11::SCWPlatform:: Unique name xilinx:pynq-z1::0.0
TRACE::2025-03-26.16:29:11::SCWPlatform::Trying to set the existing hwdb with name lab_prefab_wrapper_2
TRACE::2025-03-26.16:29:11::SCWPlatform::Opened existing hwdb lab_prefab_wrapper_2
TRACE::2025-03-26.16:29:11::SCWPlatform::Found the Hw Db part of the input DSA
TRACE::2025-03-26.16:29:11::SCWMssOS::Checking the sw design at  C:/Users/j54mao/ECE423/ECE-423-Labs/workspace/Assignment3_platform/ps7_cortexa9_0/standalone_domain/bsp/system.mss
TRACE::2025-03-26.16:29:11::SCWMssOS::DEBUG:  swdes dump  C:/Users/j54mao/ECE423/ECE-423-Labs/workspace/Assignment3_platform/ps7_cortexa9_0/standalone_domain/bsp/system.mss|system_1||
C:/Users/j54mao/ECE423/ECE-423-Labs/workspace/Assignment3_platform/zynq_fsbl/zynq_fsbl_bsp/system.mss|system_0||
C:/Users/j54mao/ECE423/ECE-423-Labs/workspace/lab_prefab_wrapper/ps7_cortexa9_0/standalone_ps7_cortexa9_0/bsp/system.mss|system_3||

TRACE::2025-03-26.16:29:11::SCWMssOS::Sw design exists and opened at  C:/Users/j54mao/ECE423/ECE-423-Labs/workspace/Assignment3_platform/ps7_cortexa9_0/standalone_domain/bsp/system.mss
TRACE::2025-03-26.16:29:11::SCWPlatform::Trying to open the hw design at C:/Users/j54mao/ECE423/ECE-423-Labs/workspace/Assignment3_platform/hw/lab_prefab_wrapper.xsa
TRACE::2025-03-26.16:29:11::SCWPlatform::DSA given C:/Users/j54mao/ECE423/ECE-423-Labs/workspace/Assignment3_platform/hw/lab_prefab_wrapper.xsa
TRACE::2025-03-26.16:29:11::SCWPlatform::DSA absoulate path C:/Users/j54mao/ECE423/ECE-423-Labs/workspace/Assignment3_platform/hw/lab_prefab_wrapper.xsa
TRACE::2025-03-26.16:29:11::SCWPlatform::DSA directory C:/Users/j54mao/ECE423/ECE-423-Labs/workspace/Assignment3_platform/hw
TRACE::2025-03-26.16:29:11::SCWPlatform:: Platform Path C:/Users/j54mao/ECE423/ECE-423-Labs/workspace/Assignment3_platform/hw/lab_prefab_wrapper.xsa
TRACE::2025-03-26.16:29:11::SCWPlatform:: Unique name xilinx:pynq-z1::0.0
TRACE::2025-03-26.16:29:11::SCWPlatform::Trying to set the existing hwdb with name lab_prefab_wrapper_2
TRACE::2025-03-26.16:29:11::SCWPlatform::Opened existing hwdb lab_prefab_wrapper_2
TRACE::2025-03-26.16:29:11::SCWPlatform::Found the Hw Db part of the input DSA
TRACE::2025-03-26.16:29:11::SCWMssOS::Checking the sw design at  C:/Users/j54mao/ECE423/ECE-423-Labs/workspace/Assignment3_platform/ps7_cortexa9_0/standalone_domain/bsp/system.mss
TRACE::2025-03-26.16:29:11::SCWMssOS::DEBUG:  swdes dump  C:/Users/j54mao/ECE423/ECE-423-Labs/workspace/Assignment3_platform/ps7_cortexa9_0/standalone_domain/bsp/system.mss|system_1||
C:/Users/j54mao/ECE423/ECE-423-Labs/workspace/Assignment3_platform/zynq_fsbl/zynq_fsbl_bsp/system.mss|system_0||
C:/Users/j54mao/ECE423/ECE-423-Labs/workspace/lab_prefab_wrapper/ps7_cortexa9_0/standalone_ps7_cortexa9_0/bsp/system.mss|system_3||

TRACE::2025-03-26.16:29:11::SCWMssOS::Sw design exists and opened at  C:/Users/j54mao/ECE423/ECE-423-Labs/workspace/Assignment3_platform/ps7_cortexa9_0/standalone_domain/bsp/system.mss
TRACE::2025-03-26.16:29:11::SCWPlatform::Trying to open the hw design at C:/Users/j54mao/ECE423/ECE-423-Labs/workspace/Assignment3_platform/hw/lab_prefab_wrapper.xsa
TRACE::2025-03-26.16:29:11::SCWPlatform::DSA given C:/Users/j54mao/ECE423/ECE-423-Labs/workspace/Assignment3_platform/hw/lab_prefab_wrapper.xsa
TRACE::2025-03-26.16:29:11::SCWPlatform::DSA absoulate path C:/Users/j54mao/ECE423/ECE-423-Labs/workspace/Assignment3_platform/hw/lab_prefab_wrapper.xsa
TRACE::2025-03-26.16:29:11::SCWPlatform::DSA directory C:/Users/j54mao/ECE423/ECE-423-Labs/workspace/Assignment3_platform/hw
TRACE::2025-03-26.16:29:11::SCWPlatform:: Platform Path C:/Users/j54mao/ECE423/ECE-423-Labs/workspace/Assignment3_platform/hw/lab_prefab_wrapper.xsa
TRACE::2025-03-26.16:29:11::SCWPlatform:: Unique name xilinx:pynq-z1::0.0
TRACE::2025-03-26.16:29:11::SCWPlatform::Trying to set the existing hwdb with name lab_prefab_wrapper_2
TRACE::2025-03-26.16:29:11::SCWPlatform::Opened existing hwdb lab_prefab_wrapper_2
TRACE::2025-03-26.16:29:11::SCWPlatform::Found the Hw Db part of the input DSA
TRACE::2025-03-26.16:29:11::SCWMssOS::Checking the sw design at  C:/Users/j54mao/ECE423/ECE-423-Labs/workspace/Assignment3_platform/ps7_cortexa9_0/standalone_domain/bsp/system.mss
TRACE::2025-03-26.16:29:11::SCWMssOS::DEBUG:  swdes dump  C:/Users/j54mao/ECE423/ECE-423-Labs/workspace/Assignment3_platform/ps7_cortexa9_0/standalone_domain/bsp/system.mss|system_1||
C:/Users/j54mao/ECE423/ECE-423-Labs/workspace/Assignment3_platform/zynq_fsbl/zynq_fsbl_bsp/system.mss|system_0||
C:/Users/j54mao/ECE423/ECE-423-Labs/workspace/lab_prefab_wrapper/ps7_cortexa9_0/standalone_ps7_cortexa9_0/bsp/system.mss|system_3||

TRACE::2025-03-26.16:29:11::SCWMssOS::Sw design exists and opened at  C:/Users/j54mao/ECE423/ECE-423-Labs/workspace/Assignment3_platform/ps7_cortexa9_0/standalone_domain/bsp/system.mss
TRACE::2025-03-26.16:29:11::SCWPlatform::Trying to open the hw design at C:/Users/j54mao/ECE423/ECE-423-Labs/workspace/Assignment3_platform/hw/lab_prefab_wrapper.xsa
TRACE::2025-03-26.16:29:11::SCWPlatform::DSA given C:/Users/j54mao/ECE423/ECE-423-Labs/workspace/Assignment3_platform/hw/lab_prefab_wrapper.xsa
TRACE::2025-03-26.16:29:11::SCWPlatform::DSA absoulate path C:/Users/j54mao/ECE423/ECE-423-Labs/workspace/Assignment3_platform/hw/lab_prefab_wrapper.xsa
TRACE::2025-03-26.16:29:11::SCWPlatform::DSA directory C:/Users/j54mao/ECE423/ECE-423-Labs/workspace/Assignment3_platform/hw
TRACE::2025-03-26.16:29:11::SCWPlatform:: Platform Path C:/Users/j54mao/ECE423/ECE-423-Labs/workspace/Assignment3_platform/hw/lab_prefab_wrapper.xsa
TRACE::2025-03-26.16:29:11::SCWPlatform:: Unique name xilinx:pynq-z1::0.0
TRACE::2025-03-26.16:29:11::SCWPlatform::Trying to set the existing hwdb with name lab_prefab_wrapper_2
TRACE::2025-03-26.16:29:11::SCWPlatform::Opened existing hwdb lab_prefab_wrapper_2
TRACE::2025-03-26.16:29:11::SCWPlatform::Found the Hw Db part of the input DSA
TRACE::2025-03-26.16:29:11::SCWMssOS::Checking the sw design at  C:/Users/j54mao/ECE423/ECE-423-Labs/workspace/Assignment3_platform/ps7_cortexa9_0/standalone_domain/bsp/system.mss
TRACE::2025-03-26.16:29:11::SCWMssOS::DEBUG:  swdes dump  C:/Users/j54mao/ECE423/ECE-423-Labs/workspace/Assignment3_platform/ps7_cortexa9_0/standalone_domain/bsp/system.mss|system_1||
C:/Users/j54mao/ECE423/ECE-423-Labs/workspace/Assignment3_platform/zynq_fsbl/zynq_fsbl_bsp/system.mss|system_0||
C:/Users/j54mao/ECE423/ECE-423-Labs/workspace/lab_prefab_wrapper/ps7_cortexa9_0/standalone_ps7_cortexa9_0/bsp/system.mss|system_3||

TRACE::2025-03-26.16:29:11::SCWMssOS::Sw design exists and opened at  C:/Users/j54mao/ECE423/ECE-423-Labs/workspace/Assignment3_platform/ps7_cortexa9_0/standalone_domain/bsp/system.mss
TRACE::2025-03-26.16:29:11::SCWPlatform::Trying to open the hw design at C:/Users/j54mao/ECE423/ECE-423-Labs/workspace/Assignment3_platform/hw/lab_prefab_wrapper.xsa
TRACE::2025-03-26.16:29:11::SCWPlatform::DSA given C:/Users/j54mao/ECE423/ECE-423-Labs/workspace/Assignment3_platform/hw/lab_prefab_wrapper.xsa
TRACE::2025-03-26.16:29:11::SCWPlatform::DSA absoulate path C:/Users/j54mao/ECE423/ECE-423-Labs/workspace/Assignment3_platform/hw/lab_prefab_wrapper.xsa
TRACE::2025-03-26.16:29:11::SCWPlatform::DSA directory C:/Users/j54mao/ECE423/ECE-423-Labs/workspace/Assignment3_platform/hw
TRACE::2025-03-26.16:29:11::SCWPlatform:: Platform Path C:/Users/j54mao/ECE423/ECE-423-Labs/workspace/Assignment3_platform/hw/lab_prefab_wrapper.xsa
TRACE::2025-03-26.16:29:11::SCWPlatform:: Unique name xilinx:pynq-z1::0.0
TRACE::2025-03-26.16:29:11::SCWPlatform::Trying to set the existing hwdb with name lab_prefab_wrapper_2
TRACE::2025-03-26.16:29:11::SCWPlatform::Opened existing hwdb lab_prefab_wrapper_2
TRACE::2025-03-26.16:29:11::SCWPlatform::Found the Hw Db part of the input DSA
TRACE::2025-03-26.16:29:11::SCWMssOS::Checking the sw design at  C:/Users/j54mao/ECE423/ECE-423-Labs/workspace/Assignment3_platform/ps7_cortexa9_0/standalone_domain/bsp/system.mss
TRACE::2025-03-26.16:29:11::SCWMssOS::DEBUG:  swdes dump  C:/Users/j54mao/ECE423/ECE-423-Labs/workspace/Assignment3_platform/ps7_cortexa9_0/standalone_domain/bsp/system.mss|system_1||
C:/Users/j54mao/ECE423/ECE-423-Labs/workspace/Assignment3_platform/zynq_fsbl/zynq_fsbl_bsp/system.mss|system_0||
C:/Users/j54mao/ECE423/ECE-423-Labs/workspace/lab_prefab_wrapper/ps7_cortexa9_0/standalone_ps7_cortexa9_0/bsp/system.mss|system_3||

TRACE::2025-03-26.16:29:11::SCWMssOS::Sw design exists and opened at  C:/Users/j54mao/ECE423/ECE-423-Labs/workspace/Assignment3_platform/ps7_cortexa9_0/standalone_domain/bsp/system.mss
TRACE::2025-03-26.16:29:11::SCWPlatform::Trying to open the hw design at C:/Users/j54mao/ECE423/ECE-423-Labs/workspace/Assignment3_platform/hw/lab_prefab_wrapper.xsa
TRACE::2025-03-26.16:29:11::SCWPlatform::DSA given C:/Users/j54mao/ECE423/ECE-423-Labs/workspace/Assignment3_platform/hw/lab_prefab_wrapper.xsa
TRACE::2025-03-26.16:29:11::SCWPlatform::DSA absoulate path C:/Users/j54mao/ECE423/ECE-423-Labs/workspace/Assignment3_platform/hw/lab_prefab_wrapper.xsa
TRACE::2025-03-26.16:29:11::SCWPlatform::DSA directory C:/Users/j54mao/ECE423/ECE-423-Labs/workspace/Assignment3_platform/hw
TRACE::2025-03-26.16:29:12::SCWPlatform:: Platform Path C:/Users/j54mao/ECE423/ECE-423-Labs/workspace/Assignment3_platform/hw/lab_prefab_wrapper.xsa
TRACE::2025-03-26.16:29:12::SCWPlatform:: Unique name xilinx:pynq-z1::0.0
TRACE::2025-03-26.16:29:12::SCWPlatform::Trying to set the existing hwdb with name lab_prefab_wrapper_2
TRACE::2025-03-26.16:29:12::SCWPlatform::Opened existing hwdb lab_prefab_wrapper_2
TRACE::2025-03-26.16:29:12::SCWPlatform::Found the Hw Db part of the input DSA
TRACE::2025-03-26.16:29:12::SCWMssOS::Checking the sw design at  C:/Users/j54mao/ECE423/ECE-423-Labs/workspace/Assignment3_platform/ps7_cortexa9_0/standalone_domain/bsp/system.mss
TRACE::2025-03-26.16:29:12::SCWMssOS::DEBUG:  swdes dump  C:/Users/j54mao/ECE423/ECE-423-Labs/workspace/Assignment3_platform/ps7_cortexa9_0/standalone_domain/bsp/system.mss|system_1||
C:/Users/j54mao/ECE423/ECE-423-Labs/workspace/Assignment3_platform/zynq_fsbl/zynq_fsbl_bsp/system.mss|system_0||
C:/Users/j54mao/ECE423/ECE-423-Labs/workspace/lab_prefab_wrapper/ps7_cortexa9_0/standalone_ps7_cortexa9_0/bsp/system.mss|system_3||

TRACE::2025-03-26.16:29:12::SCWMssOS::Sw design exists and opened at  C:/Users/j54mao/ECE423/ECE-423-Labs/workspace/Assignment3_platform/ps7_cortexa9_0/standalone_domain/bsp/system.mss
TRACE::2025-03-26.16:29:12::SCWMssOS::Saving the mss changes C:/Users/j54mao/ECE423/ECE-423-Labs/workspace/Assignment3_platform/zynq_fsbl/zynq_fsbl_bsp/system.mss
TRACE::2025-03-26.16:29:12::SCWMssOS::Found a swdesign opened with the mssfile.
TRACE::2025-03-26.16:29:12::SCWMssOS::Completed writemss as part of save.
TRACE::2025-03-26.16:29:12::SCWMssOS::Commit changes completed.
TRACE::2025-03-26.16:29:12::SCWMssOS::Saving the mss changes C:/Users/j54mao/ECE423/ECE-423-Labs/workspace/Assignment3_platform/ps7_cortexa9_0/standalone_domain/bsp/system.mss
TRACE::2025-03-26.16:29:12::SCWMssOS::Found a swdesign opened with the mssfile.
TRACE::2025-03-26.16:29:12::SCWMssOS::Completed writemss as part of save.
TRACE::2025-03-26.16:29:12::SCWMssOS::Commit changes completed.
TRACE::2025-03-26.16:29:12::SCWMssOS::Saving the mss changes C:/Users/j54mao/ECE423/ECE-423-Labs/workspace/Assignment3_platform/ps7_cortexa9_1/standalone_ps7_cortexa9_1/bsp/system.mss
TRACE::2025-03-26.16:29:12::SCWMssOS::Adding the swdes entry, mss present, able to open swdb C:/Users/j54mao/ECE423/ECE-423-Labs/workspace/Assignment3_platform/ps7_cortexa9_1/standalone_ps7_cortexa9_1/bsp/system.mss with des name system
TRACE::2025-03-26.16:29:12::SCWMssOS::Writing the mss file completed C:/Users/j54mao/ECE423/ECE-423-Labs/workspace/Assignment3_platform/ps7_cortexa9_1/standalone_ps7_cortexa9_1/bsp/system.mss
TRACE::2025-03-26.16:29:12::SCWMssOS::Commit changes completed.
TRACE::2025-03-26.16:29:12::SCWPlatform::Trying to open the hw design at C:/Users/j54mao/ECE423/ECE-423-Labs/workspace/Assignment3_platform/hw/lab_prefab_wrapper.xsa
TRACE::2025-03-26.16:29:12::SCWPlatform::DSA given C:/Users/j54mao/ECE423/ECE-423-Labs/workspace/Assignment3_platform/hw/lab_prefab_wrapper.xsa
TRACE::2025-03-26.16:29:12::SCWPlatform::DSA absoulate path C:/Users/j54mao/ECE423/ECE-423-Labs/workspace/Assignment3_platform/hw/lab_prefab_wrapper.xsa
TRACE::2025-03-26.16:29:12::SCWPlatform::DSA directory C:/Users/j54mao/ECE423/ECE-423-Labs/workspace/Assignment3_platform/hw
TRACE::2025-03-26.16:29:12::SCWPlatform:: Platform Path C:/Users/j54mao/ECE423/ECE-423-Labs/workspace/Assignment3_platform/hw/lab_prefab_wrapper.xsa
TRACE::2025-03-26.16:29:12::SCWPlatform:: Unique name xilinx:pynq-z1::0.0
TRACE::2025-03-26.16:29:12::SCWPlatform::Trying to set the existing hwdb with name lab_prefab_wrapper_2
TRACE::2025-03-26.16:29:12::SCWPlatform::Opened existing hwdb lab_prefab_wrapper_2
TRACE::2025-03-26.16:29:12::SCWPlatform::Found the Hw Db part of the input DSA
TRACE::2025-03-26.16:29:12::SCWMssOS::Checking the sw design at  C:/Users/j54mao/ECE423/ECE-423-Labs/workspace/Assignment3_platform/zynq_fsbl/zynq_fsbl_bsp/system.mss
TRACE::2025-03-26.16:29:12::SCWMssOS::DEBUG:  swdes dump  C:/Users/j54mao/ECE423/ECE-423-Labs/workspace/Assignment3_platform/ps7_cortexa9_0/standalone_domain/bsp/system.mss|system_1||
C:/Users/j54mao/ECE423/ECE-423-Labs/workspace/Assignment3_platform/ps7_cortexa9_1/standalone_ps7_cortexa9_1/bsp/system.mss|system||
C:/Users/j54mao/ECE423/ECE-423-Labs/workspace/Assignment3_platform/zynq_fsbl/zynq_fsbl_bsp/system.mss|system_0||
C:/Users/j54mao/ECE423/ECE-423-Labs/workspace/lab_prefab_wrapper/ps7_cortexa9_0/standalone_ps7_cortexa9_0/bsp/system.mss|system_3||

TRACE::2025-03-26.16:29:12::SCWMssOS::Sw design exists and opened at  C:/Users/j54mao/ECE423/ECE-423-Labs/workspace/Assignment3_platform/zynq_fsbl/zynq_fsbl_bsp/system.mss
TRACE::2025-03-26.16:29:12::SCWPlatform::Trying to open the hw design at C:/Users/j54mao/ECE423/ECE-423-Labs/workspace/Assignment3_platform/hw/lab_prefab_wrapper.xsa
TRACE::2025-03-26.16:29:12::SCWPlatform::DSA given C:/Users/j54mao/ECE423/ECE-423-Labs/workspace/Assignment3_platform/hw/lab_prefab_wrapper.xsa
TRACE::2025-03-26.16:29:12::SCWPlatform::DSA absoulate path C:/Users/j54mao/ECE423/ECE-423-Labs/workspace/Assignment3_platform/hw/lab_prefab_wrapper.xsa
TRACE::2025-03-26.16:29:12::SCWPlatform::DSA directory C:/Users/j54mao/ECE423/ECE-423-Labs/workspace/Assignment3_platform/hw
TRACE::2025-03-26.16:29:12::SCWPlatform:: Platform Path C:/Users/j54mao/ECE423/ECE-423-Labs/workspace/Assignment3_platform/hw/lab_prefab_wrapper.xsa
TRACE::2025-03-26.16:29:12::SCWPlatform:: Unique name xilinx:pynq-z1::0.0
TRACE::2025-03-26.16:29:12::SCWPlatform::Trying to set the existing hwdb with name lab_prefab_wrapper_2
TRACE::2025-03-26.16:29:12::SCWPlatform::Opened existing hwdb lab_prefab_wrapper_2
TRACE::2025-03-26.16:29:12::SCWPlatform::Found the Hw Db part of the input DSA
TRACE::2025-03-26.16:29:12::SCWMssOS::Checking the sw design at  C:/Users/j54mao/ECE423/ECE-423-Labs/workspace/Assignment3_platform/ps7_cortexa9_0/standalone_domain/bsp/system.mss
TRACE::2025-03-26.16:29:12::SCWMssOS::DEBUG:  swdes dump  C:/Users/j54mao/ECE423/ECE-423-Labs/workspace/Assignment3_platform/ps7_cortexa9_0/standalone_domain/bsp/system.mss|system_1||
C:/Users/j54mao/ECE423/ECE-423-Labs/workspace/Assignment3_platform/ps7_cortexa9_1/standalone_ps7_cortexa9_1/bsp/system.mss|system||
C:/Users/j54mao/ECE423/ECE-423-Labs/workspace/Assignment3_platform/zynq_fsbl/zynq_fsbl_bsp/system.mss|system_0||
C:/Users/j54mao/ECE423/ECE-423-Labs/workspace/lab_prefab_wrapper/ps7_cortexa9_0/standalone_ps7_cortexa9_0/bsp/system.mss|system_3||

TRACE::2025-03-26.16:29:12::SCWMssOS::Sw design exists and opened at  C:/Users/j54mao/ECE423/ECE-423-Labs/workspace/Assignment3_platform/ps7_cortexa9_0/standalone_domain/bsp/system.mss
TRACE::2025-03-26.16:29:12::SCWPlatform::Trying to open the hw design at C:/Users/j54mao/ECE423/ECE-423-Labs/workspace/Assignment3_platform/hw/lab_prefab_wrapper.xsa
TRACE::2025-03-26.16:29:12::SCWPlatform::DSA given C:/Users/j54mao/ECE423/ECE-423-Labs/workspace/Assignment3_platform/hw/lab_prefab_wrapper.xsa
TRACE::2025-03-26.16:29:12::SCWPlatform::DSA absoulate path C:/Users/j54mao/ECE423/ECE-423-Labs/workspace/Assignment3_platform/hw/lab_prefab_wrapper.xsa
TRACE::2025-03-26.16:29:12::SCWPlatform::DSA directory C:/Users/j54mao/ECE423/ECE-423-Labs/workspace/Assignment3_platform/hw
TRACE::2025-03-26.16:29:12::SCWPlatform:: Platform Path C:/Users/j54mao/ECE423/ECE-423-Labs/workspace/Assignment3_platform/hw/lab_prefab_wrapper.xsa
TRACE::2025-03-26.16:29:12::SCWPlatform:: Unique name xilinx:pynq-z1::0.0
TRACE::2025-03-26.16:29:12::SCWPlatform::Trying to set the existing hwdb with name lab_prefab_wrapper_2
TRACE::2025-03-26.16:29:12::SCWPlatform::Opened existing hwdb lab_prefab_wrapper_2
TRACE::2025-03-26.16:29:12::SCWPlatform::Found the Hw Db part of the input DSA
TRACE::2025-03-26.16:29:12::SCWMssOS::Checking the sw design at  C:/Users/j54mao/ECE423/ECE-423-Labs/workspace/Assignment3_platform/ps7_cortexa9_1/standalone_ps7_cortexa9_1/bsp/system.mss
TRACE::2025-03-26.16:29:12::SCWMssOS::DEBUG:  swdes dump  C:/Users/j54mao/ECE423/ECE-423-Labs/workspace/Assignment3_platform/ps7_cortexa9_0/standalone_domain/bsp/system.mss|system_1||
C:/Users/j54mao/ECE423/ECE-423-Labs/workspace/Assignment3_platform/ps7_cortexa9_1/standalone_ps7_cortexa9_1/bsp/system.mss|system||
C:/Users/j54mao/ECE423/ECE-423-Labs/workspace/Assignment3_platform/zynq_fsbl/zynq_fsbl_bsp/system.mss|system_0||
C:/Users/j54mao/ECE423/ECE-423-Labs/workspace/lab_prefab_wrapper/ps7_cortexa9_0/standalone_ps7_cortexa9_0/bsp/system.mss|system_3||

TRACE::2025-03-26.16:29:12::SCWMssOS::Sw design exists and opened at  C:/Users/j54mao/ECE423/ECE-423-Labs/workspace/Assignment3_platform/ps7_cortexa9_1/standalone_ps7_cortexa9_1/bsp/system.mss
TRACE::2025-03-26.16:29:12::SCWWriter::formatted JSON is {
	"platformName":	"Assignment3_platform",
	"sprVersion":	"2.0",
	"mode":	"gui",
	"dsaType":	"Fixed",
	"platformDesc":	"Assignment3_platform",
	"platHandOff":	"C:/Users/j54mao/ECE423/ECE-423-Labs/workspace/assignment2_hunter_test/hw/lab_prefab_wrapper.xsa",
	"platIntHandOff":	"<platformDir>/hw/lab_prefab_wrapper.xsa",
	"deviceType":	"zynq",
	"platIsPrebuiltAutogen":	"false",
	"platIsNoBootBsp":	"false",
	"hasFsblMakeHasChanges":	"false",
	"hasPmufwMakeHasChanges":	"false",
	"fsblExtraCompilerFlags":	"-MMD -MP       -mcpu=cortex-a9 -mfpu=vfpv3 -mfloat-abi=hard ",
	"platPreBuiltFlag":	false,
	"platformSamplesDir":	"",
	"platActiveSys":	"Assignment3_platform",
	"systems":	[{
			"systemName":	"Assignment3_platform",
			"systemDesc":	"Assignment3_platform",
			"sysIsBootAutoGen":	"true",
			"systemDispName":	"Assignment3_platform",
			"sysActiveDom":	"standalone_domain",
			"sysDefaultDom":	"standalone_ps7_cortexa9_1",
			"domains":	[{
					"domainName":	"zynq_fsbl",
					"domainDispName":	"zynq_fsbl",
					"domainDesc":	"FSBL Application BSP - Auto Generated.",
					"processors":	"ps7_cortexa9_0",
					"os":	"standalone",
					"sdxOs":	"standalone",
					"debugEnable":	"",
					"domRuntimes":	["cpp"],
					"swRepo":	"",
					"mssOsVer":	"7.7",
					"mssFile":	"",
					"md5Digest":	"461cb4c64d2f43abda4608f696ad182a",
					"compatibleApp":	"zynq_fsbl",
					"domType":	"bootDomain",
					"arch":	"32-bit",
					"appSettings":	{
						"appCompilerFlags":	"",
						"appLinkerFlags":	""
					},
					"addedLibs":	["xilffs:4.7", "xilrsa:1.6"],
					"libOptions":	{
						"ps7_cortexa9_0":	{
							"extra_compiler_flags":	"-mcpu=cortex-a9 -mfpu=vfpv3 -mfloat-abi=hard -nostartfiles -g -Wall -Wextra -fno-tree-loop-distribute-patterns -DSHAREABLE_DRR",
							"libOptionNames":	["extra_compiler_flags"]
						},
						"libsContainingOptions":	["ps7_cortexa9_0"]
					},
					"prebuiltLibs":	{
						"prebuiltIncPath":	[],
						"prebuiltLibPath":	[]
					},
					"isolation":	{
					}
				}, {
					"domainName":	"standalone_domain",
					"domainDispName":	"standalone on ps7_cortexa9_0",
					"domainDesc":	"standalone_domain",
					"processors":	"ps7_cortexa9_0",
					"os":	"standalone",
					"sdxOs":	"standalone",
					"qemuArgs":	"<platformDir>/resources/Assignment3_platform/standalone_domain/qemu_args.txt",
					"qemuData":	"<platformDir>/resources/Assignment3_platform/standalone_domain/qemu",
					"debugEnable":	"False",
					"domRuntimes":	["cpp"],
					"swRepo":	"",
					"mssOsVer":	"7.7",
					"mssFile":	"",
					"md5Digest":	"253b276c370a8ce3d1902558a6b1676e",
					"compatibleApp":	"",
					"domType":	"mssDomain",
					"appSettings":	{
						"appCompilerFlags":	"",
						"appLinkerFlags":	""
					},
					"addedLibs":	["xilffs:4.7"],
					"libOptions":	{
						"ps7_cortexa9_0":	{
							"extra_compiler_flags":	"-mcpu=cortex-a9 -mfpu=vfpv3 -mfloat-abi=hard -nostartfiles -g -Wall -Wextra -fno-tree-loop-distribute-patterns -DSHAREABLE_DRR",
							"libOptionNames":	["extra_compiler_flags"]
						},
						"xilffs":	{
							"enable_multi_partition":	"true",
							"num_logical_vol":	"10",
							"libOptionNames":	["enable_multi_partition", "num_logical_vol"]
						},
						"libsContainingOptions":	["ps7_cortexa9_0", "xilffs"]
					},
					"prebuiltLibs":	{
						"prebuiltIncPath":	[],
						"prebuiltLibPath":	[]
					},
					"isolation":	{
					}
				}, {
					"domainName":	"standalone_ps7_cortexa9_1",
					"domainDispName":	"standalone_ps7_cortexa9_1",
					"domainDesc":	"standalone_ps7_cortexa9_1",
					"processors":	"ps7_cortexa9_1",
					"os":	"standalone",
					"sdxOs":	"standalone",
					"qemuArgs":	"<platformDir>/resources/Assignment3_platform/standalone_ps7_cortexa9_1/qemu_args.txt",
					"qemuData":	"<platformDir>/resources/Assignment3_platform/standalone_ps7_cortexa9_1/qemu",
					"debugEnable":	"False",
					"domRuntimes":	["cpp"],
					"swRepo":	"",
					"mssOsVer":	"7.7",
					"mssFile":	"",
					"md5Digest":	"462f87de901c660a50a8f9a848be6d50",
					"compatibleApp":	"",
					"domType":	"mssDomain",
					"arch":	"32-bit",
					"appSettings":	{
						"appCompilerFlags":	"",
						"appLinkerFlags":	""
					},
					"addedLibs":	["xilffs:4.7"],
					"libOptions":	{
						"ps7_cortexa9_1":	{
							"extra_compiler_flags":	"-mcpu=cortex-a9 -mfpu=vfpv3 -mfloat-abi=hard -nostartfiles -g -Wall -Wextra -fno-tree-loop-distribute-patterns -DSHAREABLE_DRR -DUSE_AMP=1",
							"libOptionNames":	["extra_compiler_flags"]
						},
						"xilffs":	{
							"enable_multi_partition":	"true",
							"num_logical_vol":	"10",
							"libOptionNames":	["enable_multi_partition", "num_logical_vol"]
						},
						"libsContainingOptions":	["ps7_cortexa9_1", "xilffs"]
					},
					"prebuiltLibs":	{
						"prebuiltIncPath":	[],
						"prebuiltLibPath":	[]
					},
					"isolation":	{
					}
				}]
		}]
}
TRACE::2025-03-26.16:29:12::SCWMssOS::Saving the mss changes C:/Users/j54mao/ECE423/ECE-423-Labs/workspace/Assignment3_platform/ps7_cortexa9_0/standalone_domain/bsp/system.mss
TRACE::2025-03-26.16:29:12::SCWMssOS::Found a swdesign opened with the mssfile.
TRACE::2025-03-26.16:29:12::SCWMssOS::Completed writemss as part of save.
TRACE::2025-03-26.16:29:12::SCWMssOS::Commit changes completed.
TRACE::2025-03-26.16:29:12::SCWPlatform::Trying to open the hw design at C:/Users/j54mao/ECE423/ECE-423-Labs/workspace/Assignment3_platform/hw/lab_prefab_wrapper.xsa
TRACE::2025-03-26.16:29:12::SCWPlatform::DSA given C:/Users/j54mao/ECE423/ECE-423-Labs/workspace/Assignment3_platform/hw/lab_prefab_wrapper.xsa
TRACE::2025-03-26.16:29:12::SCWPlatform::DSA absoulate path C:/Users/j54mao/ECE423/ECE-423-Labs/workspace/Assignment3_platform/hw/lab_prefab_wrapper.xsa
TRACE::2025-03-26.16:29:12::SCWPlatform::DSA directory C:/Users/j54mao/ECE423/ECE-423-Labs/workspace/Assignment3_platform/hw
TRACE::2025-03-26.16:29:12::SCWPlatform:: Platform Path C:/Users/j54mao/ECE423/ECE-423-Labs/workspace/Assignment3_platform/hw/lab_prefab_wrapper.xsa
TRACE::2025-03-26.16:29:12::SCWPlatform:: Unique name xilinx:pynq-z1::0.0
TRACE::2025-03-26.16:29:12::SCWPlatform::Trying to set the existing hwdb with name lab_prefab_wrapper_2
TRACE::2025-03-26.16:29:12::SCWPlatform::Opened existing hwdb lab_prefab_wrapper_2
TRACE::2025-03-26.16:29:12::SCWPlatform::Found the Hw Db part of the input DSA
TRACE::2025-03-26.16:29:12::SCWMssOS::Checking the sw design at  C:/Users/j54mao/ECE423/ECE-423-Labs/workspace/Assignment3_platform/ps7_cortexa9_0/standalone_domain/bsp/system.mss
TRACE::2025-03-26.16:29:12::SCWMssOS::DEBUG:  swdes dump  C:/Users/j54mao/ECE423/ECE-423-Labs/workspace/Assignment3_platform/ps7_cortexa9_0/standalone_domain/bsp/system.mss|system_1||
C:/Users/j54mao/ECE423/ECE-423-Labs/workspace/Assignment3_platform/ps7_cortexa9_1/standalone_ps7_cortexa9_1/bsp/system.mss|system||
C:/Users/j54mao/ECE423/ECE-423-Labs/workspace/Assignment3_platform/zynq_fsbl/zynq_fsbl_bsp/system.mss|system_0||
C:/Users/j54mao/ECE423/ECE-423-Labs/workspace/lab_prefab_wrapper/ps7_cortexa9_0/standalone_ps7_cortexa9_0/bsp/system.mss|system_3||

TRACE::2025-03-26.16:29:12::SCWMssOS::Sw design exists and opened at  C:/Users/j54mao/ECE423/ECE-423-Labs/workspace/Assignment3_platform/ps7_cortexa9_0/standalone_domain/bsp/system.mss
TRACE::2025-03-26.16:29:12::SCWMssOS::Removing the swdes entry for  C:/Users/j54mao/ECE423/ECE-423-Labs/workspace/Assignment3_platform/ps7_cortexa9_0/standalone_domain/bsp/system.mss
TRACE::2025-03-26.16:29:12::SCWMssOS::In reload Mss file.
TRACE::2025-03-26.16:29:12::SCWPlatform::Trying to open the hw design at C:/Users/j54mao/ECE423/ECE-423-Labs/workspace/Assignment3_platform/hw/lab_prefab_wrapper.xsa
TRACE::2025-03-26.16:29:12::SCWPlatform::DSA given C:/Users/j54mao/ECE423/ECE-423-Labs/workspace/Assignment3_platform/hw/lab_prefab_wrapper.xsa
TRACE::2025-03-26.16:29:12::SCWPlatform::DSA absoulate path C:/Users/j54mao/ECE423/ECE-423-Labs/workspace/Assignment3_platform/hw/lab_prefab_wrapper.xsa
TRACE::2025-03-26.16:29:12::SCWPlatform::DSA directory C:/Users/j54mao/ECE423/ECE-423-Labs/workspace/Assignment3_platform/hw
TRACE::2025-03-26.16:29:12::SCWPlatform:: Platform Path C:/Users/j54mao/ECE423/ECE-423-Labs/workspace/Assignment3_platform/hw/lab_prefab_wrapper.xsa
TRACE::2025-03-26.16:29:12::SCWPlatform:: Unique name xilinx:pynq-z1::0.0
TRACE::2025-03-26.16:29:12::SCWPlatform::Trying to set the existing hwdb with name lab_prefab_wrapper_2
TRACE::2025-03-26.16:29:12::SCWPlatform::Opened existing hwdb lab_prefab_wrapper_2
TRACE::2025-03-26.16:29:12::SCWPlatform::Found the Hw Db part of the input DSA
TRACE::2025-03-26.16:29:12::SCWMssOS::Checking the sw design at  C:/Users/j54mao/ECE423/ECE-423-Labs/workspace/Assignment3_platform/ps7_cortexa9_0/standalone_domain/bsp/system.mss
TRACE::2025-03-26.16:29:12::SCWMssOS::DEBUG:  swdes dump  C:/Users/j54mao/ECE423/ECE-423-Labs/workspace/Assignment3_platform/ps7_cortexa9_1/standalone_ps7_cortexa9_1/bsp/system.mss|system||
C:/Users/j54mao/ECE423/ECE-423-Labs/workspace/Assignment3_platform/zynq_fsbl/zynq_fsbl_bsp/system.mss|system_0||
C:/Users/j54mao/ECE423/ECE-423-Labs/workspace/lab_prefab_wrapper/ps7_cortexa9_0/standalone_ps7_cortexa9_0/bsp/system.mss|system_3||

TRACE::2025-03-26.16:29:12::SCWMssOS::No sw design opened at  C:/Users/j54mao/ECE423/ECE-423-Labs/workspace/Assignment3_platform/ps7_cortexa9_0/standalone_domain/bsp/system.mss
TRACE::2025-03-26.16:29:12::SCWMssOS::mss exists loading the mss file  C:/Users/j54mao/ECE423/ECE-423-Labs/workspace/Assignment3_platform/ps7_cortexa9_0/standalone_domain/bsp/system.mss
TRACE::2025-03-26.16:29:12::SCWMssOS::Opened the sw design from mss  C:/Users/j54mao/ECE423/ECE-423-Labs/workspace/Assignment3_platform/ps7_cortexa9_0/standalone_domain/bsp/system.mss
TRACE::2025-03-26.16:29:12::SCWMssOS::Adding the swdes entry C:/Users/j54mao/ECE423/ECE-423-Labs/workspace/Assignment3_platform/ps7_cortexa9_0/standalone_domain/bsp/system.mss with des name system_1
TRACE::2025-03-26.16:29:12::SCWMssOS::updating the scw layer about changes
TRACE::2025-03-26.16:29:12::SCWMssOS::Opened the sw design.  C:/Users/j54mao/ECE423/ECE-423-Labs/workspace/Assignment3_platform/ps7_cortexa9_0/standalone_domain/bsp/system.mss
TRACE::2025-03-26.16:29:12::SCWPlatform::Trying to open the hw design at C:/Users/j54mao/ECE423/ECE-423-Labs/workspace/Assignment3_platform/hw/lab_prefab_wrapper.xsa
TRACE::2025-03-26.16:29:12::SCWPlatform::DSA given C:/Users/j54mao/ECE423/ECE-423-Labs/workspace/Assignment3_platform/hw/lab_prefab_wrapper.xsa
TRACE::2025-03-26.16:29:12::SCWPlatform::DSA absoulate path C:/Users/j54mao/ECE423/ECE-423-Labs/workspace/Assignment3_platform/hw/lab_prefab_wrapper.xsa
TRACE::2025-03-26.16:29:12::SCWPlatform::DSA directory C:/Users/j54mao/ECE423/ECE-423-Labs/workspace/Assignment3_platform/hw
TRACE::2025-03-26.16:29:12::SCWPlatform:: Platform Path C:/Users/j54mao/ECE423/ECE-423-Labs/workspace/Assignment3_platform/hw/lab_prefab_wrapper.xsa
TRACE::2025-03-26.16:29:12::SCWPlatform:: Unique name xilinx:pynq-z1::0.0
TRACE::2025-03-26.16:29:12::SCWPlatform::Trying to set the existing hwdb with name lab_prefab_wrapper_2
TRACE::2025-03-26.16:29:12::SCWPlatform::Opened existing hwdb lab_prefab_wrapper_2
TRACE::2025-03-26.16:29:12::SCWPlatform::Found the Hw Db part of the input DSA
TRACE::2025-03-26.16:29:12::SCWMssOS::Checking the sw design at  C:/Users/j54mao/ECE423/ECE-423-Labs/workspace/Assignment3_platform/ps7_cortexa9_0/standalone_domain/bsp/system.mss
TRACE::2025-03-26.16:29:12::SCWMssOS::DEBUG:  swdes dump  C:/Users/j54mao/ECE423/ECE-423-Labs/workspace/Assignment3_platform/ps7_cortexa9_0/standalone_domain/bsp/system.mss|system_1||
C:/Users/j54mao/ECE423/ECE-423-Labs/workspace/Assignment3_platform/ps7_cortexa9_1/standalone_ps7_cortexa9_1/bsp/system.mss|system||
C:/Users/j54mao/ECE423/ECE-423-Labs/workspace/Assignment3_platform/zynq_fsbl/zynq_fsbl_bsp/system.mss|system_0||
C:/Users/j54mao/ECE423/ECE-423-Labs/workspace/lab_prefab_wrapper/ps7_cortexa9_0/standalone_ps7_cortexa9_0/bsp/system.mss|system_3||

TRACE::2025-03-26.16:29:12::SCWMssOS::Sw design exists and opened at  C:/Users/j54mao/ECE423/ECE-423-Labs/workspace/Assignment3_platform/ps7_cortexa9_0/standalone_domain/bsp/system.mss
TRACE::2025-03-26.16:29:12::SCWMssOS:: library already available in sw design:  xilffs:4.7
TRACE::2025-03-26.16:29:12::SCWPlatform::Trying to open the hw design at C:/Users/j54mao/ECE423/ECE-423-Labs/workspace/Assignment3_platform/hw/lab_prefab_wrapper.xsa
TRACE::2025-03-26.16:29:12::SCWPlatform::DSA given C:/Users/j54mao/ECE423/ECE-423-Labs/workspace/Assignment3_platform/hw/lab_prefab_wrapper.xsa
TRACE::2025-03-26.16:29:12::SCWPlatform::DSA absoulate path C:/Users/j54mao/ECE423/ECE-423-Labs/workspace/Assignment3_platform/hw/lab_prefab_wrapper.xsa
TRACE::2025-03-26.16:29:12::SCWPlatform::DSA directory C:/Users/j54mao/ECE423/ECE-423-Labs/workspace/Assignment3_platform/hw
TRACE::2025-03-26.16:29:12::SCWPlatform:: Platform Path C:/Users/j54mao/ECE423/ECE-423-Labs/workspace/Assignment3_platform/hw/lab_prefab_wrapper.xsa
TRACE::2025-03-26.16:29:12::SCWPlatform:: Unique name xilinx:pynq-z1::0.0
TRACE::2025-03-26.16:29:12::SCWPlatform::Trying to set the existing hwdb with name lab_prefab_wrapper_2
TRACE::2025-03-26.16:29:12::SCWPlatform::Opened existing hwdb lab_prefab_wrapper_2
TRACE::2025-03-26.16:29:12::SCWPlatform::Found the Hw Db part of the input DSA
TRACE::2025-03-26.16:29:12::SCWMssOS::Checking the sw design at  C:/Users/j54mao/ECE423/ECE-423-Labs/workspace/Assignment3_platform/ps7_cortexa9_0/standalone_domain/bsp/system.mss
TRACE::2025-03-26.16:29:12::SCWMssOS::DEBUG:  swdes dump  C:/Users/j54mao/ECE423/ECE-423-Labs/workspace/Assignment3_platform/ps7_cortexa9_0/standalone_domain/bsp/system.mss|system_1||
C:/Users/j54mao/ECE423/ECE-423-Labs/workspace/Assignment3_platform/ps7_cortexa9_1/standalone_ps7_cortexa9_1/bsp/system.mss|system||
C:/Users/j54mao/ECE423/ECE-423-Labs/workspace/Assignment3_platform/zynq_fsbl/zynq_fsbl_bsp/system.mss|system_0||
C:/Users/j54mao/ECE423/ECE-423-Labs/workspace/lab_prefab_wrapper/ps7_cortexa9_0/standalone_ps7_cortexa9_0/bsp/system.mss|system_3||

TRACE::2025-03-26.16:29:12::SCWMssOS::Sw design exists and opened at  C:/Users/j54mao/ECE423/ECE-423-Labs/workspace/Assignment3_platform/ps7_cortexa9_0/standalone_domain/bsp/system.mss
TRACE::2025-03-26.16:29:12::SCWPlatform::Trying to open the hw design at C:/Users/j54mao/ECE423/ECE-423-Labs/workspace/Assignment3_platform/hw/lab_prefab_wrapper.xsa
TRACE::2025-03-26.16:29:12::SCWPlatform::DSA given C:/Users/j54mao/ECE423/ECE-423-Labs/workspace/Assignment3_platform/hw/lab_prefab_wrapper.xsa
TRACE::2025-03-26.16:29:12::SCWPlatform::DSA absoulate path C:/Users/j54mao/ECE423/ECE-423-Labs/workspace/Assignment3_platform/hw/lab_prefab_wrapper.xsa
TRACE::2025-03-26.16:29:12::SCWPlatform::DSA directory C:/Users/j54mao/ECE423/ECE-423-Labs/workspace/Assignment3_platform/hw
TRACE::2025-03-26.16:29:12::SCWPlatform:: Platform Path C:/Users/j54mao/ECE423/ECE-423-Labs/workspace/Assignment3_platform/hw/lab_prefab_wrapper.xsa
TRACE::2025-03-26.16:29:12::SCWPlatform:: Unique name xilinx:pynq-z1::0.0
TRACE::2025-03-26.16:29:12::SCWPlatform::Trying to set the existing hwdb with name lab_prefab_wrapper_2
TRACE::2025-03-26.16:29:12::SCWPlatform::Opened existing hwdb lab_prefab_wrapper_2
TRACE::2025-03-26.16:29:12::SCWPlatform::Found the Hw Db part of the input DSA
TRACE::2025-03-26.16:29:12::SCWMssOS::Checking the sw design at  C:/Users/j54mao/ECE423/ECE-423-Labs/workspace/Assignment3_platform/ps7_cortexa9_0/standalone_domain/bsp/system.mss
TRACE::2025-03-26.16:29:12::SCWMssOS::DEBUG:  swdes dump  C:/Users/j54mao/ECE423/ECE-423-Labs/workspace/Assignment3_platform/ps7_cortexa9_0/standalone_domain/bsp/system.mss|system_1||
C:/Users/j54mao/ECE423/ECE-423-Labs/workspace/Assignment3_platform/ps7_cortexa9_1/standalone_ps7_cortexa9_1/bsp/system.mss|system||
C:/Users/j54mao/ECE423/ECE-423-Labs/workspace/Assignment3_platform/zynq_fsbl/zynq_fsbl_bsp/system.mss|system_0||
C:/Users/j54mao/ECE423/ECE-423-Labs/workspace/lab_prefab_wrapper/ps7_cortexa9_0/standalone_ps7_cortexa9_0/bsp/system.mss|system_3||

TRACE::2025-03-26.16:29:12::SCWMssOS::Sw design exists and opened at  C:/Users/j54mao/ECE423/ECE-423-Labs/workspace/Assignment3_platform/ps7_cortexa9_0/standalone_domain/bsp/system.mss
TRACE::2025-03-26.16:29:12::SCWPlatform::Trying to open the hw design at C:/Users/j54mao/ECE423/ECE-423-Labs/workspace/Assignment3_platform/hw/lab_prefab_wrapper.xsa
TRACE::2025-03-26.16:29:12::SCWPlatform::DSA given C:/Users/j54mao/ECE423/ECE-423-Labs/workspace/Assignment3_platform/hw/lab_prefab_wrapper.xsa
TRACE::2025-03-26.16:29:12::SCWPlatform::DSA absoulate path C:/Users/j54mao/ECE423/ECE-423-Labs/workspace/Assignment3_platform/hw/lab_prefab_wrapper.xsa
TRACE::2025-03-26.16:29:12::SCWPlatform::DSA directory C:/Users/j54mao/ECE423/ECE-423-Labs/workspace/Assignment3_platform/hw
TRACE::2025-03-26.16:29:12::SCWPlatform:: Platform Path C:/Users/j54mao/ECE423/ECE-423-Labs/workspace/Assignment3_platform/hw/lab_prefab_wrapper.xsa
TRACE::2025-03-26.16:29:12::SCWPlatform:: Unique name xilinx:pynq-z1::0.0
TRACE::2025-03-26.16:29:12::SCWPlatform::Trying to set the existing hwdb with name lab_prefab_wrapper_2
TRACE::2025-03-26.16:29:12::SCWPlatform::Opened existing hwdb lab_prefab_wrapper_2
TRACE::2025-03-26.16:29:12::SCWPlatform::Found the Hw Db part of the input DSA
TRACE::2025-03-26.16:29:12::SCWMssOS::Checking the sw design at  C:/Users/j54mao/ECE423/ECE-423-Labs/workspace/Assignment3_platform/ps7_cortexa9_0/standalone_domain/bsp/system.mss
TRACE::2025-03-26.16:29:12::SCWMssOS::DEBUG:  swdes dump  C:/Users/j54mao/ECE423/ECE-423-Labs/workspace/Assignment3_platform/ps7_cortexa9_0/standalone_domain/bsp/system.mss|system_1||
C:/Users/j54mao/ECE423/ECE-423-Labs/workspace/Assignment3_platform/ps7_cortexa9_1/standalone_ps7_cortexa9_1/bsp/system.mss|system||
C:/Users/j54mao/ECE423/ECE-423-Labs/workspace/Assignment3_platform/zynq_fsbl/zynq_fsbl_bsp/system.mss|system_0||
C:/Users/j54mao/ECE423/ECE-423-Labs/workspace/lab_prefab_wrapper/ps7_cortexa9_0/standalone_ps7_cortexa9_0/bsp/system.mss|system_3||

TRACE::2025-03-26.16:29:12::SCWMssOS::Sw design exists and opened at  C:/Users/j54mao/ECE423/ECE-423-Labs/workspace/Assignment3_platform/ps7_cortexa9_0/standalone_domain/bsp/system.mss
TRACE::2025-03-26.16:29:12::SCWPlatform::Trying to open the hw design at C:/Users/j54mao/ECE423/ECE-423-Labs/workspace/Assignment3_platform/hw/lab_prefab_wrapper.xsa
TRACE::2025-03-26.16:29:12::SCWPlatform::DSA given C:/Users/j54mao/ECE423/ECE-423-Labs/workspace/Assignment3_platform/hw/lab_prefab_wrapper.xsa
TRACE::2025-03-26.16:29:12::SCWPlatform::DSA absoulate path C:/Users/j54mao/ECE423/ECE-423-Labs/workspace/Assignment3_platform/hw/lab_prefab_wrapper.xsa
TRACE::2025-03-26.16:29:12::SCWPlatform::DSA directory C:/Users/j54mao/ECE423/ECE-423-Labs/workspace/Assignment3_platform/hw
TRACE::2025-03-26.16:29:12::SCWPlatform:: Platform Path C:/Users/j54mao/ECE423/ECE-423-Labs/workspace/Assignment3_platform/hw/lab_prefab_wrapper.xsa
TRACE::2025-03-26.16:29:12::SCWPlatform:: Unique name xilinx:pynq-z1::0.0
TRACE::2025-03-26.16:29:12::SCWPlatform::Trying to set the existing hwdb with name lab_prefab_wrapper_2
TRACE::2025-03-26.16:29:12::SCWPlatform::Opened existing hwdb lab_prefab_wrapper_2
TRACE::2025-03-26.16:29:12::SCWPlatform::Found the Hw Db part of the input DSA
TRACE::2025-03-26.16:29:12::SCWMssOS::Checking the sw design at  C:/Users/j54mao/ECE423/ECE-423-Labs/workspace/Assignment3_platform/ps7_cortexa9_0/standalone_domain/bsp/system.mss
TRACE::2025-03-26.16:29:12::SCWMssOS::DEBUG:  swdes dump  C:/Users/j54mao/ECE423/ECE-423-Labs/workspace/Assignment3_platform/ps7_cortexa9_0/standalone_domain/bsp/system.mss|system_1||
C:/Users/j54mao/ECE423/ECE-423-Labs/workspace/Assignment3_platform/ps7_cortexa9_1/standalone_ps7_cortexa9_1/bsp/system.mss|system||
C:/Users/j54mao/ECE423/ECE-423-Labs/workspace/Assignment3_platform/zynq_fsbl/zynq_fsbl_bsp/system.mss|system_0||
C:/Users/j54mao/ECE423/ECE-423-Labs/workspace/lab_prefab_wrapper/ps7_cortexa9_0/standalone_ps7_cortexa9_0/bsp/system.mss|system_3||

TRACE::2025-03-26.16:29:12::SCWMssOS::Sw design exists and opened at  C:/Users/j54mao/ECE423/ECE-423-Labs/workspace/Assignment3_platform/ps7_cortexa9_0/standalone_domain/bsp/system.mss
TRACE::2025-03-26.16:29:12::SCWPlatform::Trying to open the hw design at C:/Users/j54mao/ECE423/ECE-423-Labs/workspace/Assignment3_platform/hw/lab_prefab_wrapper.xsa
TRACE::2025-03-26.16:29:12::SCWPlatform::DSA given C:/Users/j54mao/ECE423/ECE-423-Labs/workspace/Assignment3_platform/hw/lab_prefab_wrapper.xsa
TRACE::2025-03-26.16:29:12::SCWPlatform::DSA absoulate path C:/Users/j54mao/ECE423/ECE-423-Labs/workspace/Assignment3_platform/hw/lab_prefab_wrapper.xsa
TRACE::2025-03-26.16:29:12::SCWPlatform::DSA directory C:/Users/j54mao/ECE423/ECE-423-Labs/workspace/Assignment3_platform/hw
TRACE::2025-03-26.16:29:12::SCWPlatform:: Platform Path C:/Users/j54mao/ECE423/ECE-423-Labs/workspace/Assignment3_platform/hw/lab_prefab_wrapper.xsa
TRACE::2025-03-26.16:29:12::SCWPlatform:: Unique name xilinx:pynq-z1::0.0
TRACE::2025-03-26.16:29:12::SCWPlatform::Trying to set the existing hwdb with name lab_prefab_wrapper_2
TRACE::2025-03-26.16:29:12::SCWPlatform::Opened existing hwdb lab_prefab_wrapper_2
TRACE::2025-03-26.16:29:12::SCWPlatform::Found the Hw Db part of the input DSA
TRACE::2025-03-26.16:29:12::SCWMssOS::Checking the sw design at  C:/Users/j54mao/ECE423/ECE-423-Labs/workspace/Assignment3_platform/ps7_cortexa9_0/standalone_domain/bsp/system.mss
TRACE::2025-03-26.16:29:12::SCWMssOS::DEBUG:  swdes dump  C:/Users/j54mao/ECE423/ECE-423-Labs/workspace/Assignment3_platform/ps7_cortexa9_0/standalone_domain/bsp/system.mss|system_1||
C:/Users/j54mao/ECE423/ECE-423-Labs/workspace/Assignment3_platform/ps7_cortexa9_1/standalone_ps7_cortexa9_1/bsp/system.mss|system||
C:/Users/j54mao/ECE423/ECE-423-Labs/workspace/Assignment3_platform/zynq_fsbl/zynq_fsbl_bsp/system.mss|system_0||
C:/Users/j54mao/ECE423/ECE-423-Labs/workspace/lab_prefab_wrapper/ps7_cortexa9_0/standalone_ps7_cortexa9_0/bsp/system.mss|system_3||

TRACE::2025-03-26.16:29:12::SCWMssOS::Sw design exists and opened at  C:/Users/j54mao/ECE423/ECE-423-Labs/workspace/Assignment3_platform/ps7_cortexa9_0/standalone_domain/bsp/system.mss
TRACE::2025-03-26.16:29:12::SCWPlatform::Trying to open the hw design at C:/Users/j54mao/ECE423/ECE-423-Labs/workspace/Assignment3_platform/hw/lab_prefab_wrapper.xsa
TRACE::2025-03-26.16:29:12::SCWPlatform::DSA given C:/Users/j54mao/ECE423/ECE-423-Labs/workspace/Assignment3_platform/hw/lab_prefab_wrapper.xsa
TRACE::2025-03-26.16:29:12::SCWPlatform::DSA absoulate path C:/Users/j54mao/ECE423/ECE-423-Labs/workspace/Assignment3_platform/hw/lab_prefab_wrapper.xsa
TRACE::2025-03-26.16:29:12::SCWPlatform::DSA directory C:/Users/j54mao/ECE423/ECE-423-Labs/workspace/Assignment3_platform/hw
TRACE::2025-03-26.16:29:12::SCWPlatform:: Platform Path C:/Users/j54mao/ECE423/ECE-423-Labs/workspace/Assignment3_platform/hw/lab_prefab_wrapper.xsa
TRACE::2025-03-26.16:29:12::SCWPlatform:: Unique name xilinx:pynq-z1::0.0
TRACE::2025-03-26.16:29:12::SCWPlatform::Trying to set the existing hwdb with name lab_prefab_wrapper_2
TRACE::2025-03-26.16:29:12::SCWPlatform::Opened existing hwdb lab_prefab_wrapper_2
TRACE::2025-03-26.16:29:12::SCWPlatform::Found the Hw Db part of the input DSA
TRACE::2025-03-26.16:29:12::SCWMssOS::Checking the sw design at  C:/Users/j54mao/ECE423/ECE-423-Labs/workspace/Assignment3_platform/ps7_cortexa9_0/standalone_domain/bsp/system.mss
TRACE::2025-03-26.16:29:12::SCWMssOS::DEBUG:  swdes dump  C:/Users/j54mao/ECE423/ECE-423-Labs/workspace/Assignment3_platform/ps7_cortexa9_0/standalone_domain/bsp/system.mss|system_1||
C:/Users/j54mao/ECE423/ECE-423-Labs/workspace/Assignment3_platform/ps7_cortexa9_1/standalone_ps7_cortexa9_1/bsp/system.mss|system||
C:/Users/j54mao/ECE423/ECE-423-Labs/workspace/Assignment3_platform/zynq_fsbl/zynq_fsbl_bsp/system.mss|system_0||
C:/Users/j54mao/ECE423/ECE-423-Labs/workspace/lab_prefab_wrapper/ps7_cortexa9_0/standalone_ps7_cortexa9_0/bsp/system.mss|system_3||

TRACE::2025-03-26.16:29:12::SCWMssOS::Sw design exists and opened at  C:/Users/j54mao/ECE423/ECE-423-Labs/workspace/Assignment3_platform/ps7_cortexa9_0/standalone_domain/bsp/system.mss
TRACE::2025-03-26.16:29:12::SCWMssOS::Saving the mss changes C:/Users/j54mao/ECE423/ECE-423-Labs/workspace/Assignment3_platform/ps7_cortexa9_0/standalone_domain/bsp/system.mss
TRACE::2025-03-26.16:29:12::SCWMssOS::Found a swdesign opened with the mssfile.
TRACE::2025-03-26.16:29:12::SCWMssOS::Completed writemss as part of save.
TRACE::2025-03-26.16:29:12::SCWMssOS::Commit changes completed.
TRACE::2025-03-26.16:29:12::SCWPlatform::Trying to open the hw design at C:/Users/j54mao/ECE423/ECE-423-Labs/workspace/Assignment3_platform/hw/lab_prefab_wrapper.xsa
TRACE::2025-03-26.16:29:12::SCWPlatform::DSA given C:/Users/j54mao/ECE423/ECE-423-Labs/workspace/Assignment3_platform/hw/lab_prefab_wrapper.xsa
TRACE::2025-03-26.16:29:12::SCWPlatform::DSA absoulate path C:/Users/j54mao/ECE423/ECE-423-Labs/workspace/Assignment3_platform/hw/lab_prefab_wrapper.xsa
TRACE::2025-03-26.16:29:12::SCWPlatform::DSA directory C:/Users/j54mao/ECE423/ECE-423-Labs/workspace/Assignment3_platform/hw
TRACE::2025-03-26.16:29:12::SCWPlatform:: Platform Path C:/Users/j54mao/ECE423/ECE-423-Labs/workspace/Assignment3_platform/hw/lab_prefab_wrapper.xsa
TRACE::2025-03-26.16:29:12::SCWPlatform:: Unique name xilinx:pynq-z1::0.0
TRACE::2025-03-26.16:29:12::SCWPlatform::Trying to set the existing hwdb with name lab_prefab_wrapper_2
TRACE::2025-03-26.16:29:12::SCWPlatform::Opened existing hwdb lab_prefab_wrapper_2
TRACE::2025-03-26.16:29:12::SCWPlatform::Found the Hw Db part of the input DSA
TRACE::2025-03-26.16:29:12::SCWMssOS::Checking the sw design at  C:/Users/j54mao/ECE423/ECE-423-Labs/workspace/Assignment3_platform/ps7_cortexa9_0/standalone_domain/bsp/system.mss
TRACE::2025-03-26.16:29:12::SCWMssOS::DEBUG:  swdes dump  C:/Users/j54mao/ECE423/ECE-423-Labs/workspace/Assignment3_platform/ps7_cortexa9_0/standalone_domain/bsp/system.mss|system_1||
C:/Users/j54mao/ECE423/ECE-423-Labs/workspace/Assignment3_platform/ps7_cortexa9_1/standalone_ps7_cortexa9_1/bsp/system.mss|system||
C:/Users/j54mao/ECE423/ECE-423-Labs/workspace/Assignment3_platform/zynq_fsbl/zynq_fsbl_bsp/system.mss|system_0||
C:/Users/j54mao/ECE423/ECE-423-Labs/workspace/lab_prefab_wrapper/ps7_cortexa9_0/standalone_ps7_cortexa9_0/bsp/system.mss|system_3||

TRACE::2025-03-26.16:29:12::SCWMssOS::Sw design exists and opened at  C:/Users/j54mao/ECE423/ECE-423-Labs/workspace/Assignment3_platform/ps7_cortexa9_0/standalone_domain/bsp/system.mss
TRACE::2025-03-26.16:29:12::SCWMssOS::Removing the swdes entry for  C:/Users/j54mao/ECE423/ECE-423-Labs/workspace/Assignment3_platform/ps7_cortexa9_0/standalone_domain/bsp/system.mss
TRACE::2025-03-26.16:29:12::SCWPlatform::Trying to open the hw design at C:/Users/j54mao/ECE423/ECE-423-Labs/workspace/Assignment3_platform/hw/lab_prefab_wrapper.xsa
TRACE::2025-03-26.16:29:12::SCWPlatform::DSA given C:/Users/j54mao/ECE423/ECE-423-Labs/workspace/Assignment3_platform/hw/lab_prefab_wrapper.xsa
TRACE::2025-03-26.16:29:12::SCWPlatform::DSA absoulate path C:/Users/j54mao/ECE423/ECE-423-Labs/workspace/Assignment3_platform/hw/lab_prefab_wrapper.xsa
TRACE::2025-03-26.16:29:12::SCWPlatform::DSA directory C:/Users/j54mao/ECE423/ECE-423-Labs/workspace/Assignment3_platform/hw
TRACE::2025-03-26.16:29:12::SCWPlatform:: Platform Path C:/Users/j54mao/ECE423/ECE-423-Labs/workspace/Assignment3_platform/hw/lab_prefab_wrapper.xsa
TRACE::2025-03-26.16:29:12::SCWPlatform:: Unique name xilinx:pynq-z1::0.0
TRACE::2025-03-26.16:29:12::SCWPlatform::Trying to set the existing hwdb with name lab_prefab_wrapper_2
TRACE::2025-03-26.16:29:12::SCWPlatform::Opened existing hwdb lab_prefab_wrapper_2
TRACE::2025-03-26.16:29:12::SCWPlatform::Found the Hw Db part of the input DSA
TRACE::2025-03-26.16:29:12::SCWMssOS::Checking the sw design at  C:/Users/j54mao/ECE423/ECE-423-Labs/workspace/Assignment3_platform/ps7_cortexa9_0/standalone_domain/bsp/system.mss
TRACE::2025-03-26.16:29:12::SCWMssOS::DEBUG:  swdes dump  C:/Users/j54mao/ECE423/ECE-423-Labs/workspace/Assignment3_platform/ps7_cortexa9_1/standalone_ps7_cortexa9_1/bsp/system.mss|system||
C:/Users/j54mao/ECE423/ECE-423-Labs/workspace/Assignment3_platform/zynq_fsbl/zynq_fsbl_bsp/system.mss|system_0||
C:/Users/j54mao/ECE423/ECE-423-Labs/workspace/lab_prefab_wrapper/ps7_cortexa9_0/standalone_ps7_cortexa9_0/bsp/system.mss|system_3||

TRACE::2025-03-26.16:29:12::SCWMssOS::No sw design opened at  C:/Users/j54mao/ECE423/ECE-423-Labs/workspace/Assignment3_platform/ps7_cortexa9_0/standalone_domain/bsp/system.mss
TRACE::2025-03-26.16:29:12::SCWMssOS::mss exists loading the mss file  C:/Users/j54mao/ECE423/ECE-423-Labs/workspace/Assignment3_platform/ps7_cortexa9_0/standalone_domain/bsp/system.mss
TRACE::2025-03-26.16:29:12::SCWMssOS::Opened the sw design from mss  C:/Users/j54mao/ECE423/ECE-423-Labs/workspace/Assignment3_platform/ps7_cortexa9_0/standalone_domain/bsp/system.mss
TRACE::2025-03-26.16:29:12::SCWMssOS::Adding the swdes entry C:/Users/j54mao/ECE423/ECE-423-Labs/workspace/Assignment3_platform/ps7_cortexa9_0/standalone_domain/bsp/system.mss with des name system_1
TRACE::2025-03-26.16:29:12::SCWMssOS::updating the scw layer about changes
TRACE::2025-03-26.16:29:12::SCWMssOS::Opened the sw design.  C:/Users/j54mao/ECE423/ECE-423-Labs/workspace/Assignment3_platform/ps7_cortexa9_0/standalone_domain/bsp/system.mss
TRACE::2025-03-26.16:29:12::SCWMssOS::Completed writing the mss file at C:/Users/j54mao/ECE423/ECE-423-Labs/workspace/Assignment3_platform/ps7_cortexa9_0/standalone_domain/bsp
TRACE::2025-03-26.16:29:12::SCWMssOS::Forcing BSP Sources regeneration.
KEYINFO::2025-03-26.16:29:15::SCWMssOS::Removing file C:/Users/j54mao/ECE423/ECE-423-Labs/workspace/Assignment3_platform/ps7_cortexa9_0/standalone_domain/bsp\system_1.mss
LOG::2025-03-26.16:29:20::SCWPlatform::Started generating the artifacts platform Assignment3_platform
TRACE::2025-03-26.16:29:20::SCWPlatform::Sanity checking of platform is completed
LOG::2025-03-26.16:29:20::SCWPlatform::Started generating the artifacts for system configuration Assignment3_platform
LOG::2025-03-26.16:29:20::SCWSystem::Checking the domain zynq_fsbl
LOG::2025-03-26.16:29:20::SCWSystem::Doing application build for :  zynq_fsbl
TRACE::2025-03-26.16:29:20::SCWBDomain::Not a forced makefile updation, No changes are present. 
TRACE::2025-03-26.16:29:20::SCWDomain::Skipping the build for domain :  zynq_fsbl
LOG::2025-03-26.16:29:20::SCWSystem::Checking the domain standalone_domain
LOG::2025-03-26.16:29:20::SCWSystem::Not a boot domain 
LOG::2025-03-26.16:29:20::SCWSystem::Checking the domain standalone_ps7_cortexa9_1
LOG::2025-03-26.16:29:20::SCWSystem::Not a boot domain 
LOG::2025-03-26.16:29:20::SCWSystem::Started Processing the domain standalone_domain
TRACE::2025-03-26.16:29:20::SCWDomain::Generating domain artifcats
TRACE::2025-03-26.16:29:20::SCWMssOS::Generating standalone artifcats
TRACE::2025-03-26.16:29:20::SCWMssOS::Copying the qemu file from  C:/Users/j54mao/ECE423/ECE-423-Labs/workspace/Assignment3_platform/resources/Assignment3_platform/standalone_domain/qemu_args.txt To C:/Users/j54mao/ECE423/ECE-423-Labs/workspace/Assignment3_platform/export/Assignment3_platform/sw/Assignment3_platform/qemu/
TRACE::2025-03-26.16:29:20::SCWMssOS::Copying the qemu file from  C:/Users/j54mao/ECE423/ECE-423-Labs/workspace/Assignment3_platform/resources/Assignment3_platform/standalone_domain/qemu_args.txt To C:/Users/j54mao/ECE423/ECE-423-Labs/workspace/Assignment3_platform/export/Assignment3_platform/sw/Assignment3_platform/standalone_domain/qemu/
TRACE::2025-03-26.16:29:20::SCWMssOS:: Copying the user libraries. 
TRACE::2025-03-26.16:29:20::SCWPlatform::Trying to open the hw design at C:/Users/j54mao/ECE423/ECE-423-Labs/workspace/Assignment3_platform/hw/lab_prefab_wrapper.xsa
TRACE::2025-03-26.16:29:20::SCWPlatform::DSA given C:/Users/j54mao/ECE423/ECE-423-Labs/workspace/Assignment3_platform/hw/lab_prefab_wrapper.xsa
TRACE::2025-03-26.16:29:20::SCWPlatform::DSA absoulate path C:/Users/j54mao/ECE423/ECE-423-Labs/workspace/Assignment3_platform/hw/lab_prefab_wrapper.xsa
TRACE::2025-03-26.16:29:20::SCWPlatform::DSA directory C:/Users/j54mao/ECE423/ECE-423-Labs/workspace/Assignment3_platform/hw
TRACE::2025-03-26.16:29:20::SCWPlatform:: Platform Path C:/Users/j54mao/ECE423/ECE-423-Labs/workspace/Assignment3_platform/hw/lab_prefab_wrapper.xsa
TRACE::2025-03-26.16:29:20::SCWPlatform:: Unique name xilinx:pynq-z1::0.0
TRACE::2025-03-26.16:29:20::SCWPlatform::Trying to set the existing hwdb with name lab_prefab_wrapper_2
TRACE::2025-03-26.16:29:20::SCWPlatform::Opened existing hwdb lab_prefab_wrapper_2
TRACE::2025-03-26.16:29:20::SCWPlatform::Found the Hw Db part of the input DSA
TRACE::2025-03-26.16:29:20::SCWMssOS::Checking the sw design at  C:/Users/j54mao/ECE423/ECE-423-Labs/workspace/Assignment3_platform/ps7_cortexa9_0/standalone_domain/bsp/system.mss
TRACE::2025-03-26.16:29:20::SCWMssOS::DEBUG:  swdes dump  C:/Users/j54mao/ECE423/ECE-423-Labs/workspace/Assignment3_platform/ps7_cortexa9_1/standalone_ps7_cortexa9_1/bsp/system.mss|system||
C:/Users/j54mao/ECE423/ECE-423-Labs/workspace/Assignment3_platform/zynq_fsbl/zynq_fsbl_bsp/system.mss|system_0||
C:/Users/j54mao/ECE423/ECE-423-Labs/workspace/lab_prefab_wrapper/ps7_cortexa9_0/standalone_ps7_cortexa9_0/bsp/system.mss|system_3||

TRACE::2025-03-26.16:29:20::SCWMssOS::No sw design opened at  C:/Users/j54mao/ECE423/ECE-423-Labs/workspace/Assignment3_platform/ps7_cortexa9_0/standalone_domain/bsp/system.mss
TRACE::2025-03-26.16:29:20::SCWMssOS::mss exists loading the mss file  C:/Users/j54mao/ECE423/ECE-423-Labs/workspace/Assignment3_platform/ps7_cortexa9_0/standalone_domain/bsp/system.mss
TRACE::2025-03-26.16:29:20::SCWMssOS::Opened the sw design from mss  C:/Users/j54mao/ECE423/ECE-423-Labs/workspace/Assignment3_platform/ps7_cortexa9_0/standalone_domain/bsp/system.mss
TRACE::2025-03-26.16:29:20::SCWMssOS::Adding the swdes entry C:/Users/j54mao/ECE423/ECE-423-Labs/workspace/Assignment3_platform/ps7_cortexa9_0/standalone_domain/bsp/system.mss with des name system_1
TRACE::2025-03-26.16:29:20::SCWMssOS::updating the scw layer about changes
TRACE::2025-03-26.16:29:20::SCWMssOS::Opened the sw design.  C:/Users/j54mao/ECE423/ECE-423-Labs/workspace/Assignment3_platform/ps7_cortexa9_0/standalone_domain/bsp/system.mss
TRACE::2025-03-26.16:29:20::SCWMssOS::Completed writing the mss file at C:/Users/j54mao/ECE423/ECE-423-Labs/workspace/Assignment3_platform/ps7_cortexa9_0/standalone_domain/bsp
TRACE::2025-03-26.16:29:20::SCWMssOS::Mss edits present, copying mssfile into export location C:/Users/j54mao/ECE423/ECE-423-Labs/workspace/Assignment3_platform/ps7_cortexa9_0/standalone_domain/bsp/system.mss
TRACE::2025-03-26.16:29:20::SCWMssOS::bsp generated is upto date with the mss file. Skipping bsp generation.
TRACE::2025-03-26.16:29:20::SCWMssOS::BSP is already built. skipping the bsp build ... 
TRACE::2025-03-26.16:29:20::SCWDomain::Building the domain :  standalone_domain
TRACE::2025-03-26.16:29:20::SCWMssOS::doing bsp build ... 
TRACE::2025-03-26.16:29:20::SCWMssOS::System Command Ran  C: & cd  C:/Users/j54mao/ECE423/ECE-423-Labs/workspace/Assignment3_platform/ps7_cortexa9_0/standalone_domain/bsp & make 
TRACE::2025-03-26.16:29:20::SCWMssOS::make --no-print-directory seq_libs

TRACE::2025-03-26.16:29:20::SCWMssOS::'Finished building libraries sequentially.'

TRACE::2025-03-26.16:29:20::SCWMssOS::make -j 2 --no-print-directory par_libs

TRACE::2025-03-26.16:29:20::SCWMssOS::"Running Make include in ps7_cortexa9_0/libsrc/axidma_v9_14/src"

TRACE::2025-03-26.16:29:20::SCWMssOS::make -C ps7_cortexa9_0/libsrc/axidma_v9_14/src -s include  "SHELL=CMD" "COMPILER=arm-none-eabi-gcc" "ASSEMBLER=arm-none-eabi-as
TRACE::2025-03-26.16:29:20::SCWMssOS::" "ARCHIVER=arm-none-eabi-ar" "COMPILER_FLAGS=  -O2 -c" "EXTRA_COMPILER_FLAGS=-mcpu=cortex-a9 -mfpu=vfpv3 -mfloat-abi=hard -nos
TRACE::2025-03-26.16:29:20::SCWMssOS::tartfiles -g -Wall -Wextra -fno-tree-loop-distribute-patterns -DSHAREABLE_DRR"

TRACE::2025-03-26.16:29:20::SCWMssOS::"Running Make include in ps7_cortexa9_0/libsrc/axivdma_v6_11/src"

TRACE::2025-03-26.16:29:20::SCWMssOS::make -C ps7_cortexa9_0/libsrc/axivdma_v6_11/src -s include  "SHELL=CMD" "COMPILER=arm-none-eabi-gcc" "ASSEMBLER=arm-none-eabi-a
TRACE::2025-03-26.16:29:20::SCWMssOS::s" "ARCHIVER=arm-none-eabi-ar" "COMPILER_FLAGS=  -O2 -c" "EXTRA_COMPILER_FLAGS=-mcpu=cortex-a9 -mfpu=vfpv3 -mfloat-abi=hard -no
TRACE::2025-03-26.16:29:20::SCWMssOS::startfiles -g -Wall -Wextra -fno-tree-loop-distribute-patterns -DSHAREABLE_DRR"

TRACE::2025-03-26.16:29:21::SCWMssOS::"Running Make include in ps7_cortexa9_0/libsrc/coresightps_dcc_v1_8/src"

TRACE::2025-03-26.16:29:21::SCWMssOS::make -C ps7_cortexa9_0/libsrc/coresightps_dcc_v1_8/src -s include  "SHELL=CMD" "COMPILER=arm-none-eabi-gcc" "ASSEMBLER=arm-none
TRACE::2025-03-26.16:29:21::SCWMssOS::-eabi-as" "ARCHIVER=arm-none-eabi-ar" "COMPILER_FLAGS=  -O2 -c" "EXTRA_COMPILER_FLAGS=-mcpu=cortex-a9 -mfpu=vfpv3 -mfloat-abi=h
TRACE::2025-03-26.16:29:21::SCWMssOS::ard -nostartfiles -g -Wall -Wextra -fno-tree-loop-distribute-patterns -DSHAREABLE_DRR"

TRACE::2025-03-26.16:29:21::SCWMssOS::"Running Make include in ps7_cortexa9_0/libsrc/cpu_cortexa9_v2_11/src"

TRACE::2025-03-26.16:29:21::SCWMssOS::make -C ps7_cortexa9_0/libsrc/cpu_cortexa9_v2_11/src -s include  "SHELL=CMD" "COMPILER=arm-none-eabi-gcc" "ASSEMBLER=arm-none-e
TRACE::2025-03-26.16:29:21::SCWMssOS::abi-as" "ARCHIVER=arm-none-eabi-ar" "COMPILER_FLAGS=  -O2 -c" "EXTRA_COMPILER_FLAGS=-mcpu=cortex-a9 -mfpu=vfpv3 -mfloat-abi=har
TRACE::2025-03-26.16:29:21::SCWMssOS::d -nostartfiles -g -Wall -Wextra -fno-tree-loop-distribute-patterns -DSHAREABLE_DRR"

TRACE::2025-03-26.16:29:21::SCWMssOS::"Running Make include in ps7_cortexa9_0/libsrc/ddrps_v1_2/src"

TRACE::2025-03-26.16:29:21::SCWMssOS::make -C ps7_cortexa9_0/libsrc/ddrps_v1_2/src -s include  "SHELL=CMD" "COMPILER=arm-none-eabi-gcc" "ASSEMBLER=arm-none-eabi-as" 
TRACE::2025-03-26.16:29:21::SCWMssOS::"ARCHIVER=arm-none-eabi-ar" "COMPILER_FLAGS=  -O2 -c" "EXTRA_COMPILER_FLAGS=-mcpu=cortex-a9 -mfpu=vfpv3 -mfloat-abi=hard -nosta
TRACE::2025-03-26.16:29:21::SCWMssOS::rtfiles -g -Wall -Wextra -fno-tree-loop-distribute-patterns -DSHAREABLE_DRR"

TRACE::2025-03-26.16:29:21::SCWMssOS::"Running Make include in ps7_cortexa9_0/libsrc/devcfg_v3_7/src"

TRACE::2025-03-26.16:29:21::SCWMssOS::make -C ps7_cortexa9_0/libsrc/devcfg_v3_7/src -s include  "SHELL=CMD" "COMPILER=arm-none-eabi-gcc" "ASSEMBLER=arm-none-eabi-as"
TRACE::2025-03-26.16:29:21::SCWMssOS:: "ARCHIVER=arm-none-eabi-ar" "COMPILER_FLAGS=  -O2 -c" "EXTRA_COMPILER_FLAGS=-mcpu=cortex-a9 -mfpu=vfpv3 -mfloat-abi=hard -nost
TRACE::2025-03-26.16:29:21::SCWMssOS::artfiles -g -Wall -Wextra -fno-tree-loop-distribute-patterns -DSHAREABLE_DRR"

TRACE::2025-03-26.16:29:21::SCWMssOS::"Running Make include in ps7_cortexa9_0/libsrc/dmaps_v2_8/src"

TRACE::2025-03-26.16:29:21::SCWMssOS::make -C ps7_cortexa9_0/libsrc/dmaps_v2_8/src -s include  "SHELL=CMD" "COMPILER=arm-none-eabi-gcc" "ASSEMBLER=arm-none-eabi-as" 
TRACE::2025-03-26.16:29:21::SCWMssOS::"ARCHIVER=arm-none-eabi-ar" "COMPILER_FLAGS=  -O2 -c" "EXTRA_COMPILER_FLAGS=-mcpu=cortex-a9 -mfpu=vfpv3 -mfloat-abi=hard -nosta
TRACE::2025-03-26.16:29:21::SCWMssOS::rtfiles -g -Wall -Wextra -fno-tree-loop-distribute-patterns -DSHAREABLE_DRR"

TRACE::2025-03-26.16:29:21::SCWMssOS::"Running Make include in ps7_cortexa9_0/libsrc/emacps_v3_16/src"

TRACE::2025-03-26.16:29:21::SCWMssOS::make -C ps7_cortexa9_0/libsrc/emacps_v3_16/src -s include  "SHELL=CMD" "COMPILER=arm-none-eabi-gcc" "ASSEMBLER=arm-none-eabi-as
TRACE::2025-03-26.16:29:21::SCWMssOS::" "ARCHIVER=arm-none-eabi-ar" "COMPILER_FLAGS=  -O2 -c" "EXTRA_COMPILER_FLAGS=-mcpu=cortex-a9 -mfpu=vfpv3 -mfloat-abi=hard -nos
TRACE::2025-03-26.16:29:21::SCWMssOS::tartfiles -g -Wall -Wextra -fno-tree-loop-distribute-patterns -DSHAREABLE_DRR"

TRACE::2025-03-26.16:29:21::SCWMssOS::"Running Make include in ps7_cortexa9_0/libsrc/gpiops_v3_9/src"

TRACE::2025-03-26.16:29:21::SCWMssOS::make -C ps7_cortexa9_0/libsrc/gpiops_v3_9/src -s include  "SHELL=CMD" "COMPILER=arm-none-eabi-gcc" "ASSEMBLER=arm-none-eabi-as"
TRACE::2025-03-26.16:29:21::SCWMssOS:: "ARCHIVER=arm-none-eabi-ar" "COMPILER_FLAGS=  -O2 -c" "EXTRA_COMPILER_FLAGS=-mcpu=cortex-a9 -mfpu=vfpv3 -mfloat-abi=hard -nost
TRACE::2025-03-26.16:29:21::SCWMssOS::artfiles -g -Wall -Wextra -fno-tree-loop-distribute-patterns -DSHAREABLE_DRR"

TRACE::2025-03-26.16:29:21::SCWMssOS::"Running Make include in ps7_cortexa9_0/libsrc/iicps_v3_15/src"

TRACE::2025-03-26.16:29:21::SCWMssOS::make -C ps7_cortexa9_0/libsrc/iicps_v3_15/src -s include  "SHELL=CMD" "COMPILER=arm-none-eabi-gcc" "ASSEMBLER=arm-none-eabi-as"
TRACE::2025-03-26.16:29:21::SCWMssOS:: "ARCHIVER=arm-none-eabi-ar" "COMPILER_FLAGS=  -O2 -c" "EXTRA_COMPILER_FLAGS=-mcpu=cortex-a9 -mfpu=vfpv3 -mfloat-abi=hard -nost
TRACE::2025-03-26.16:29:21::SCWMssOS::artfiles -g -Wall -Wextra -fno-tree-loop-distribute-patterns -DSHAREABLE_DRR"

TRACE::2025-03-26.16:29:22::SCWMssOS::"Running Make include in ps7_cortexa9_0/libsrc/qspips_v3_9/src"

TRACE::2025-03-26.16:29:22::SCWMssOS::make -C ps7_cortexa9_0/libsrc/qspips_v3_9/src -s include  "SHELL=CMD" "COMPILER=arm-none-eabi-gcc" "ASSEMBLER=arm-none-eabi-as"
TRACE::2025-03-26.16:29:22::SCWMssOS:: "ARCHIVER=arm-none-eabi-ar" "COMPILER_FLAGS=  -O2 -c" "EXTRA_COMPILER_FLAGS=-mcpu=cortex-a9 -mfpu=vfpv3 -mfloat-abi=hard -nost
TRACE::2025-03-26.16:29:22::SCWMssOS::artfiles -g -Wall -Wextra -fno-tree-loop-distribute-patterns -DSHAREABLE_DRR"

TRACE::2025-03-26.16:29:22::SCWMssOS::"Running Make include in ps7_cortexa9_0/libsrc/scugic_v4_7/src"

TRACE::2025-03-26.16:29:22::SCWMssOS::make -C ps7_cortexa9_0/libsrc/scugic_v4_7/src -s include  "SHELL=CMD" "COMPILER=arm-none-eabi-gcc" "ASSEMBLER=arm-none-eabi-as"
TRACE::2025-03-26.16:29:22::SCWMssOS:: "ARCHIVER=arm-none-eabi-ar" "COMPILER_FLAGS=  -O2 -c" "EXTRA_COMPILER_FLAGS=-mcpu=cortex-a9 -mfpu=vfpv3 -mfloat-abi=hard -nost
TRACE::2025-03-26.16:29:22::SCWMssOS::artfiles -g -Wall -Wextra -fno-tree-loop-distribute-patterns -DSHAREABLE_DRR"

TRACE::2025-03-26.16:29:22::SCWMssOS::"Running Make include in ps7_cortexa9_0/libsrc/scutimer_v2_4/src"

TRACE::2025-03-26.16:29:22::SCWMssOS::make -C ps7_cortexa9_0/libsrc/scutimer_v2_4/src -s include  "SHELL=CMD" "COMPILER=arm-none-eabi-gcc" "ASSEMBLER=arm-none-eabi-a
TRACE::2025-03-26.16:29:22::SCWMssOS::s" "ARCHIVER=arm-none-eabi-ar" "COMPILER_FLAGS=  -O2 -c" "EXTRA_COMPILER_FLAGS=-mcpu=cortex-a9 -mfpu=vfpv3 -mfloat-abi=hard -no
TRACE::2025-03-26.16:29:22::SCWMssOS::startfiles -g -Wall -Wextra -fno-tree-loop-distribute-patterns -DSHAREABLE_DRR"

TRACE::2025-03-26.16:29:22::SCWMssOS::"Running Make include in ps7_cortexa9_0/libsrc/scuwdt_v2_4/src"

TRACE::2025-03-26.16:29:22::SCWMssOS::make -C ps7_cortexa9_0/libsrc/scuwdt_v2_4/src -s include  "SHELL=CMD" "COMPILER=arm-none-eabi-gcc" "ASSEMBLER=arm-none-eabi-as"
TRACE::2025-03-26.16:29:22::SCWMssOS:: "ARCHIVER=arm-none-eabi-ar" "COMPILER_FLAGS=  -O2 -c" "EXTRA_COMPILER_FLAGS=-mcpu=cortex-a9 -mfpu=vfpv3 -mfloat-abi=hard -nost
TRACE::2025-03-26.16:29:22::SCWMssOS::artfiles -g -Wall -Wextra -fno-tree-loop-distribute-patterns -DSHAREABLE_DRR"

TRACE::2025-03-26.16:29:22::SCWMssOS::"Running Make include in ps7_cortexa9_0/libsrc/sdps_v3_14/src"

TRACE::2025-03-26.16:29:22::SCWMssOS::make -C ps7_cortexa9_0/libsrc/sdps_v3_14/src -s include  "SHELL=CMD" "COMPILER=arm-none-eabi-gcc" "ASSEMBLER=arm-none-eabi-as" 
TRACE::2025-03-26.16:29:22::SCWMssOS::"ARCHIVER=arm-none-eabi-ar" "COMPILER_FLAGS=  -O2 -c" "EXTRA_COMPILER_FLAGS=-mcpu=cortex-a9 -mfpu=vfpv3 -mfloat-abi=hard -nosta
TRACE::2025-03-26.16:29:22::SCWMssOS::rtfiles -g -Wall -Wextra -fno-tree-loop-distribute-patterns -DSHAREABLE_DRR"

TRACE::2025-03-26.16:29:22::SCWMssOS::"Running Make include in ps7_cortexa9_0/libsrc/standalone_v7_7/src"

TRACE::2025-03-26.16:29:22::SCWMssOS::make -C ps7_cortexa9_0/libsrc/standalone_v7_7/src -s include  "SHELL=CMD" "COMPILER=arm-none-eabi-gcc" "ASSEMBLER=arm-none-eabi
TRACE::2025-03-26.16:29:22::SCWMssOS::-as" "ARCHIVER=arm-none-eabi-ar" "COMPILER_FLAGS=  -O2 -c" "EXTRA_COMPILER_FLAGS=-mcpu=cortex-a9 -mfpu=vfpv3 -mfloat-abi=hard -
TRACE::2025-03-26.16:29:22::SCWMssOS::nostartfiles -g -Wall -Wextra -fno-tree-loop-distribute-patterns -DSHAREABLE_DRR"

TRACE::2025-03-26.16:29:22::SCWMssOS::"Running Make include in ps7_cortexa9_0/libsrc/uartps_v3_11/src"

TRACE::2025-03-26.16:29:22::SCWMssOS::make -C ps7_cortexa9_0/libsrc/uartps_v3_11/src -s include  "SHELL=CMD" "COMPILER=arm-none-eabi-gcc" "ASSEMBLER=arm-none-eabi-as
TRACE::2025-03-26.16:29:22::SCWMssOS::" "ARCHIVER=arm-none-eabi-ar" "COMPILER_FLAGS=  -O2 -c" "EXTRA_COMPILER_FLAGS=-mcpu=cortex-a9 -mfpu=vfpv3 -mfloat-abi=hard -nos
TRACE::2025-03-26.16:29:22::SCWMssOS::tartfiles -g -Wall -Wextra -fno-tree-loop-distribute-patterns -DSHAREABLE_DRR"

TRACE::2025-03-26.16:29:23::SCWMssOS::"Running Make include in ps7_cortexa9_0/libsrc/usbps_v2_7/src"

TRACE::2025-03-26.16:29:23::SCWMssOS::make -C ps7_cortexa9_0/libsrc/usbps_v2_7/src -s include  "SHELL=CMD" "COMPILER=arm-none-eabi-gcc" "ASSEMBLER=arm-none-eabi-as" 
TRACE::2025-03-26.16:29:23::SCWMssOS::"ARCHIVER=arm-none-eabi-ar" "COMPILER_FLAGS=  -O2 -c" "EXTRA_COMPILER_FLAGS=-mcpu=cortex-a9 -mfpu=vfpv3 -mfloat-abi=hard -nosta
TRACE::2025-03-26.16:29:23::SCWMssOS::rtfiles -g -Wall -Wextra -fno-tree-loop-distribute-patterns -DSHAREABLE_DRR"

TRACE::2025-03-26.16:29:23::SCWMssOS::"Running Make include in ps7_cortexa9_0/libsrc/xadcps_v2_6/src"

TRACE::2025-03-26.16:29:23::SCWMssOS::make -C ps7_cortexa9_0/libsrc/xadcps_v2_6/src -s include  "SHELL=CMD" "COMPILER=arm-none-eabi-gcc" "ASSEMBLER=arm-none-eabi-as"
TRACE::2025-03-26.16:29:23::SCWMssOS:: "ARCHIVER=arm-none-eabi-ar" "COMPILER_FLAGS=  -O2 -c" "EXTRA_COMPILER_FLAGS=-mcpu=cortex-a9 -mfpu=vfpv3 -mfloat-abi=hard -nost
TRACE::2025-03-26.16:29:23::SCWMssOS::artfiles -g -Wall -Wextra -fno-tree-loop-distribute-patterns -DSHAREABLE_DRR"

TRACE::2025-03-26.16:29:23::SCWMssOS::"Running Make include in ps7_cortexa9_0/libsrc/xilffs_v4_7/src"

TRACE::2025-03-26.16:29:23::SCWMssOS::make -C ps7_cortexa9_0/libsrc/xilffs_v4_7/src -s include  "SHELL=CMD" "COMPILER=arm-none-eabi-gcc" "ASSEMBLER=arm-none-eabi-as"
TRACE::2025-03-26.16:29:23::SCWMssOS:: "ARCHIVER=arm-none-eabi-ar" "COMPILER_FLAGS=  -O2 -c" "EXTRA_COMPILER_FLAGS=-mcpu=cortex-a9 -mfpu=vfpv3 -mfloat-abi=hard -nost
TRACE::2025-03-26.16:29:23::SCWMssOS::artfiles -g -Wall -Wextra -fno-tree-loop-distribute-patterns -DSHAREABLE_DRR"

TRACE::2025-03-26.16:29:24::SCWMssOS::"Running Make libs in ps7_cortexa9_0/libsrc/axidma_v9_14/src"

TRACE::2025-03-26.16:29:24::SCWMssOS::"Running Make libs in ps7_cortexa9_0/libsrc/axivdma_v6_11/src"

TRACE::2025-03-26.16:29:24::SCWMssOS::make -C ps7_cortexa9_0/libsrc/axidma_v9_14/src -s libs  "SHELL=CMD" "COMPILER=arm-none-eabi-gcc" "ASSEMBLER=arm-none-eabi-as" "
TRACE::2025-03-26.16:29:24::SCWMssOS::ARCHIVER=arm-none-eabi-ar" "COMPILER_FLAGS=  -O2 -c" "EXTRA_COMPILER_FLAGS=-mcpu=cortex-a9 -mfpu=vfpv3 -mfloat-abi=hard -nostar
TRACE::2025-03-26.16:29:24::SCWMssOS::tfiles -g -Wall -Wextra -fno-tree-loop-distribute-patterns -DSHAREABLE_DRR"

TRACE::2025-03-26.16:29:24::SCWMssOS::make -C ps7_cortexa9_0/libsrc/axivdma_v6_11/src -s libs  "SHELL=CMD" "COMPILER=arm-none-eabi-gcc" "ASSEMBLER=arm-none-eabi-as" 
TRACE::2025-03-26.16:29:24::SCWMssOS::"ARCHIVER=arm-none-eabi-ar" "COMPILER_FLAGS=  -O2 -c" "EXTRA_COMPILER_FLAGS=-mcpu=cortex-a9 -mfpu=vfpv3 -mfloat-abi=hard -nosta
TRACE::2025-03-26.16:29:24::SCWMssOS::rtfiles -g -Wall -Wextra -fno-tree-loop-distribute-patterns -DSHAREABLE_DRR"

TRACE::2025-03-26.16:29:25::SCWMssOS::"Running Make libs in ps7_cortexa9_0/libsrc/coresightps_dcc_v1_8/src"

TRACE::2025-03-26.16:29:25::SCWMssOS::make -C ps7_cortexa9_0/libsrc/coresightps_dcc_v1_8/src -s libs  "SHELL=CMD" "COMPILER=arm-none-eabi-gcc" "ASSEMBLER=arm-none-ea
TRACE::2025-03-26.16:29:25::SCWMssOS::bi-as" "ARCHIVER=arm-none-eabi-ar" "COMPILER_FLAGS=  -O2 -c" "EXTRA_COMPILER_FLAGS=-mcpu=cortex-a9 -mfpu=vfpv3 -mfloat-abi=hard
TRACE::2025-03-26.16:29:25::SCWMssOS:: -nostartfiles -g -Wall -Wextra -fno-tree-loop-distribute-patterns -DSHAREABLE_DRR"

TRACE::2025-03-26.16:29:25::SCWMssOS::"Running Make libs in ps7_cortexa9_0/libsrc/cpu_cortexa9_v2_11/src"

TRACE::2025-03-26.16:29:25::SCWMssOS::make -C ps7_cortexa9_0/libsrc/cpu_cortexa9_v2_11/src -s libs  "SHELL=CMD" "COMPILER=arm-none-eabi-gcc" "ASSEMBLER=arm-none-eabi
TRACE::2025-03-26.16:29:25::SCWMssOS::-as" "ARCHIVER=arm-none-eabi-ar" "COMPILER_FLAGS=  -O2 -c" "EXTRA_COMPILER_FLAGS=-mcpu=cortex-a9 -mfpu=vfpv3 -mfloat-abi=hard -
TRACE::2025-03-26.16:29:25::SCWMssOS::nostartfiles -g -Wall -Wextra -fno-tree-loop-distribute-patterns -DSHAREABLE_DRR"

TRACE::2025-03-26.16:29:25::SCWMssOS::"Running Make libs in ps7_cortexa9_0/libsrc/ddrps_v1_2/src"

TRACE::2025-03-26.16:29:25::SCWMssOS::make -C ps7_cortexa9_0/libsrc/ddrps_v1_2/src -s libs  "SHELL=CMD" "COMPILER=arm-none-eabi-gcc" "ASSEMBLER=arm-none-eabi-as" "AR
TRACE::2025-03-26.16:29:25::SCWMssOS::CHIVER=arm-none-eabi-ar" "COMPILER_FLAGS=  -O2 -c" "EXTRA_COMPILER_FLAGS=-mcpu=cortex-a9 -mfpu=vfpv3 -mfloat-abi=hard -nostartf
TRACE::2025-03-26.16:29:25::SCWMssOS::iles -g -Wall -Wextra -fno-tree-loop-distribute-patterns -DSHAREABLE_DRR"

TRACE::2025-03-26.16:29:25::SCWMssOS::"Running Make libs in ps7_cortexa9_0/libsrc/devcfg_v3_7/src"

TRACE::2025-03-26.16:29:25::SCWMssOS::make -C ps7_cortexa9_0/libsrc/devcfg_v3_7/src -s libs  "SHELL=CMD" "COMPILER=arm-none-eabi-gcc" "ASSEMBLER=arm-none-eabi-as" "A
TRACE::2025-03-26.16:29:25::SCWMssOS::RCHIVER=arm-none-eabi-ar" "COMPILER_FLAGS=  -O2 -c" "EXTRA_COMPILER_FLAGS=-mcpu=cortex-a9 -mfpu=vfpv3 -mfloat-abi=hard -nostart
TRACE::2025-03-26.16:29:25::SCWMssOS::files -g -Wall -Wextra -fno-tree-loop-distribute-patterns -DSHAREABLE_DRR"

TRACE::2025-03-26.16:29:25::SCWMssOS::"Running Make libs in ps7_cortexa9_0/libsrc/dmaps_v2_8/src"

TRACE::2025-03-26.16:29:25::SCWMssOS::make -C ps7_cortexa9_0/libsrc/dmaps_v2_8/src -s libs  "SHELL=CMD" "COMPILER=arm-none-eabi-gcc" "ASSEMBLER=arm-none-eabi-as" "AR
TRACE::2025-03-26.16:29:25::SCWMssOS::CHIVER=arm-none-eabi-ar" "COMPILER_FLAGS=  -O2 -c" "EXTRA_COMPILER_FLAGS=-mcpu=cortex-a9 -mfpu=vfpv3 -mfloat-abi=hard -nostartf
TRACE::2025-03-26.16:29:25::SCWMssOS::iles -g -Wall -Wextra -fno-tree-loop-distribute-patterns -DSHAREABLE_DRR"

TRACE::2025-03-26.16:29:27::SCWMssOS::"Running Make libs in ps7_cortexa9_0/libsrc/emacps_v3_16/src"

TRACE::2025-03-26.16:29:27::SCWMssOS::make -C ps7_cortexa9_0/libsrc/emacps_v3_16/src -s libs  "SHELL=CMD" "COMPILER=arm-none-eabi-gcc" "ASSEMBLER=arm-none-eabi-as" "
TRACE::2025-03-26.16:29:27::SCWMssOS::ARCHIVER=arm-none-eabi-ar" "COMPILER_FLAGS=  -O2 -c" "EXTRA_COMPILER_FLAGS=-mcpu=cortex-a9 -mfpu=vfpv3 -mfloat-abi=hard -nostar
TRACE::2025-03-26.16:29:27::SCWMssOS::tfiles -g -Wall -Wextra -fno-tree-loop-distribute-patterns -DSHAREABLE_DRR"

TRACE::2025-03-26.16:29:27::SCWMssOS::"Running Make libs in ps7_cortexa9_0/libsrc/gpiops_v3_9/src"

TRACE::2025-03-26.16:29:27::SCWMssOS::make -C ps7_cortexa9_0/libsrc/gpiops_v3_9/src -s libs  "SHELL=CMD" "COMPILER=arm-none-eabi-gcc" "ASSEMBLER=arm-none-eabi-as" "A
TRACE::2025-03-26.16:29:27::SCWMssOS::RCHIVER=arm-none-eabi-ar" "COMPILER_FLAGS=  -O2 -c" "EXTRA_COMPILER_FLAGS=-mcpu=cortex-a9 -mfpu=vfpv3 -mfloat-abi=hard -nostart
TRACE::2025-03-26.16:29:27::SCWMssOS::files -g -Wall -Wextra -fno-tree-loop-distribute-patterns -DSHAREABLE_DRR"

TRACE::2025-03-26.16:29:28::SCWMssOS::"Running Make libs in ps7_cortexa9_0/libsrc/iicps_v3_15/src"

TRACE::2025-03-26.16:29:28::SCWMssOS::make -C ps7_cortexa9_0/libsrc/iicps_v3_15/src -s libs  "SHELL=CMD" "COMPILER=arm-none-eabi-gcc" "ASSEMBLER=arm-none-eabi-as" "A
TRACE::2025-03-26.16:29:28::SCWMssOS::RCHIVER=arm-none-eabi-ar" "COMPILER_FLAGS=  -O2 -c" "EXTRA_COMPILER_FLAGS=-mcpu=cortex-a9 -mfpu=vfpv3 -mfloat-abi=hard -nostart
TRACE::2025-03-26.16:29:28::SCWMssOS::files -g -Wall -Wextra -fno-tree-loop-distribute-patterns -DSHAREABLE_DRR"

TRACE::2025-03-26.16:29:28::SCWMssOS::"Running Make libs in ps7_cortexa9_0/libsrc/qspips_v3_9/src"

TRACE::2025-03-26.16:29:28::SCWMssOS::make -C ps7_cortexa9_0/libsrc/qspips_v3_9/src -s libs  "SHELL=CMD" "COMPILER=arm-none-eabi-gcc" "ASSEMBLER=arm-none-eabi-as" "A
TRACE::2025-03-26.16:29:28::SCWMssOS::RCHIVER=arm-none-eabi-ar" "COMPILER_FLAGS=  -O2 -c" "EXTRA_COMPILER_FLAGS=-mcpu=cortex-a9 -mfpu=vfpv3 -mfloat-abi=hard -nostart
TRACE::2025-03-26.16:29:28::SCWMssOS::files -g -Wall -Wextra -fno-tree-loop-distribute-patterns -DSHAREABLE_DRR"

TRACE::2025-03-26.16:29:30::SCWMssOS::"Running Make libs in ps7_cortexa9_0/libsrc/scugic_v4_7/src"

TRACE::2025-03-26.16:29:30::SCWMssOS::make -C ps7_cortexa9_0/libsrc/scugic_v4_7/src -s libs  "SHELL=CMD" "COMPILER=arm-none-eabi-gcc" "ASSEMBLER=arm-none-eabi-as" "A
TRACE::2025-03-26.16:29:30::SCWMssOS::RCHIVER=arm-none-eabi-ar" "COMPILER_FLAGS=  -O2 -c" "EXTRA_COMPILER_FLAGS=-mcpu=cortex-a9 -mfpu=vfpv3 -mfloat-abi=hard -nostart
TRACE::2025-03-26.16:29:30::SCWMssOS::files -g -Wall -Wextra -fno-tree-loop-distribute-patterns -DSHAREABLE_DRR"

TRACE::2025-03-26.16:29:30::SCWMssOS::"Running Make libs in ps7_cortexa9_0/libsrc/scutimer_v2_4/src"

TRACE::2025-03-26.16:29:30::SCWMssOS::make -C ps7_cortexa9_0/libsrc/scutimer_v2_4/src -s libs  "SHELL=CMD" "COMPILER=arm-none-eabi-gcc" "ASSEMBLER=arm-none-eabi-as" 
TRACE::2025-03-26.16:29:30::SCWMssOS::"ARCHIVER=arm-none-eabi-ar" "COMPILER_FLAGS=  -O2 -c" "EXTRA_COMPILER_FLAGS=-mcpu=cortex-a9 -mfpu=vfpv3 -mfloat-abi=hard -nosta
TRACE::2025-03-26.16:29:30::SCWMssOS::rtfiles -g -Wall -Wextra -fno-tree-loop-distribute-patterns -DSHAREABLE_DRR"

TRACE::2025-03-26.16:29:31::SCWMssOS::"Running Make libs in ps7_cortexa9_0/libsrc/scuwdt_v2_4/src"

TRACE::2025-03-26.16:29:31::SCWMssOS::make -C ps7_cortexa9_0/libsrc/scuwdt_v2_4/src -s libs  "SHELL=CMD" "COMPILER=arm-none-eabi-gcc" "ASSEMBLER=arm-none-eabi-as" "A
TRACE::2025-03-26.16:29:31::SCWMssOS::RCHIVER=arm-none-eabi-ar" "COMPILER_FLAGS=  -O2 -c" "EXTRA_COMPILER_FLAGS=-mcpu=cortex-a9 -mfpu=vfpv3 -mfloat-abi=hard -nostart
TRACE::2025-03-26.16:29:31::SCWMssOS::files -g -Wall -Wextra -fno-tree-loop-distribute-patterns -DSHAREABLE_DRR"

TRACE::2025-03-26.16:29:31::SCWMssOS::"Running Make libs in ps7_cortexa9_0/libsrc/sdps_v3_14/src"

TRACE::2025-03-26.16:29:31::SCWMssOS::make -C ps7_cortexa9_0/libsrc/sdps_v3_14/src -s libs  "SHELL=CMD" "COMPILER=arm-none-eabi-gcc" "ASSEMBLER=arm-none-eabi-as" "AR
TRACE::2025-03-26.16:29:31::SCWMssOS::CHIVER=arm-none-eabi-ar" "COMPILER_FLAGS=  -O2 -c" "EXTRA_COMPILER_FLAGS=-mcpu=cortex-a9 -mfpu=vfpv3 -mfloat-abi=hard -nostartf
TRACE::2025-03-26.16:29:31::SCWMssOS::iles -g -Wall -Wextra -fno-tree-loop-distribute-patterns -DSHAREABLE_DRR"

TRACE::2025-03-26.16:29:32::SCWMssOS::"Running Make libs in ps7_cortexa9_0/libsrc/standalone_v7_7/src"

TRACE::2025-03-26.16:29:32::SCWMssOS::make -C ps7_cortexa9_0/libsrc/standalone_v7_7/src -s libs  "SHELL=CMD" "COMPILER=arm-none-eabi-gcc" "ASSEMBLER=arm-none-eabi-as
TRACE::2025-03-26.16:29:32::SCWMssOS::" "ARCHIVER=arm-none-eabi-ar" "COMPILER_FLAGS=  -O2 -c" "EXTRA_COMPILER_FLAGS=-mcpu=cortex-a9 -mfpu=vfpv3 -mfloat-abi=hard -nos
TRACE::2025-03-26.16:29:32::SCWMssOS::tartfiles -g -Wall -Wextra -fno-tree-loop-distribute-patterns -DSHAREABLE_DRR"

TRACE::2025-03-26.16:29:33::SCWMssOS::"Running Make libs in ps7_cortexa9_0/libsrc/uartps_v3_11/src"

TRACE::2025-03-26.16:29:33::SCWMssOS::make -C ps7_cortexa9_0/libsrc/uartps_v3_11/src -s libs  "SHELL=CMD" "COMPILER=arm-none-eabi-gcc" "ASSEMBLER=arm-none-eabi-as" "
TRACE::2025-03-26.16:29:33::SCWMssOS::ARCHIVER=arm-none-eabi-ar" "COMPILER_FLAGS=  -O2 -c" "EXTRA_COMPILER_FLAGS=-mcpu=cortex-a9 -mfpu=vfpv3 -mfloat-abi=hard -nostar
TRACE::2025-03-26.16:29:33::SCWMssOS::tfiles -g -Wall -Wextra -fno-tree-loop-distribute-patterns -DSHAREABLE_DRR"

TRACE::2025-03-26.16:29:34::SCWMssOS::"Running Make libs in ps7_cortexa9_0/libsrc/usbps_v2_7/src"

TRACE::2025-03-26.16:29:34::SCWMssOS::make -C ps7_cortexa9_0/libsrc/usbps_v2_7/src -s libs  "SHELL=CMD" "COMPILER=arm-none-eabi-gcc" "ASSEMBLER=arm-none-eabi-as" "AR
TRACE::2025-03-26.16:29:34::SCWMssOS::CHIVER=arm-none-eabi-ar" "COMPILER_FLAGS=  -O2 -c" "EXTRA_COMPILER_FLAGS=-mcpu=cortex-a9 -mfpu=vfpv3 -mfloat-abi=hard -nostartf
TRACE::2025-03-26.16:29:34::SCWMssOS::iles -g -Wall -Wextra -fno-tree-loop-distribute-patterns -DSHAREABLE_DRR"

TRACE::2025-03-26.16:29:36::SCWMssOS::"Running Make libs in ps7_cortexa9_0/libsrc/xadcps_v2_6/src"

TRACE::2025-03-26.16:29:36::SCWMssOS::make -C ps7_cortexa9_0/libsrc/xadcps_v2_6/src -s libs  "SHELL=CMD" "COMPILER=arm-none-eabi-gcc" "ASSEMBLER=arm-none-eabi-as" "A
TRACE::2025-03-26.16:29:36::SCWMssOS::RCHIVER=arm-none-eabi-ar" "COMPILER_FLAGS=  -O2 -c" "EXTRA_COMPILER_FLAGS=-mcpu=cortex-a9 -mfpu=vfpv3 -mfloat-abi=hard -nostart
TRACE::2025-03-26.16:29:36::SCWMssOS::files -g -Wall -Wextra -fno-tree-loop-distribute-patterns -DSHAREABLE_DRR"

TRACE::2025-03-26.16:29:37::SCWMssOS::"Running Make libs in ps7_cortexa9_0/libsrc/xilffs_v4_7/src"

TRACE::2025-03-26.16:29:37::SCWMssOS::make -C ps7_cortexa9_0/libsrc/xilffs_v4_7/src -s libs  "SHELL=CMD" "COMPILER=arm-none-eabi-gcc" "ASSEMBLER=arm-none-eabi-as" "A
TRACE::2025-03-26.16:29:37::SCWMssOS::RCHIVER=arm-none-eabi-ar" "COMPILER_FLAGS=  -O2 -c" "EXTRA_COMPILER_FLAGS=-mcpu=cortex-a9 -mfpu=vfpv3 -mfloat-abi=hard -nostart
TRACE::2025-03-26.16:29:37::SCWMssOS::files -g -Wall -Wextra -fno-tree-loop-distribute-patterns -DSHAREABLE_DRR"

TRACE::2025-03-26.16:29:40::SCWMssOS::'Finished building libraries parallelly.'

TRACE::2025-03-26.16:29:40::SCWMssOS::make --no-print-directory archive

TRACE::2025-03-26.16:29:40::SCWMssOS::arm-none-eabi-ar -r  ps7_cortexa9_0/lib/libxil.a ps7_cortexa9_0/lib/xadcps_selftest.o ps7_cortexa9_0/lib/xplatform_info.o ps7_c
TRACE::2025-03-26.16:29:40::SCWMssOS::ortexa9_0/lib/xil_mem.o ps7_cortexa9_0/lib/_exit.o ps7_cortexa9_0/lib/xusbps_sinit.o ps7_cortexa9_0/lib/xdevcfg_hw.o ps7_cortex
TRACE::2025-03-26.16:29:40::SCWMssOS::a9_0/lib/xil_sleeptimer.o ps7_cortexa9_0/lib/xqspips_options.o ps7_cortexa9_0/lib/xdmaps_g.o ps7_cortexa9_0/lib/xscutimer_g.o p
TRACE::2025-03-26.16:29:40::SCWMssOS::s7_cortexa9_0/lib/xsdps_options.o ps7_cortexa9_0/lib/xil_misc_psreset_api.o ps7_cortexa9_0/lib/xdmaps_sinit.o ps7_cortexa9_0/li
TRACE::2025-03-26.16:29:40::SCWMssOS::b/xscutimer_sinit.o ps7_cortexa9_0/lib/xemacps_hw.o ps7_cortexa9_0/lib/inbyte.o ps7_cortexa9_0/lib/xscutimer_selftest.o ps7_cor
TRACE::2025-03-26.16:29:40::SCWMssOS::texa9_0/lib/putnum.o ps7_cortexa9_0/lib/xqspips_hw.o ps7_cortexa9_0/lib/xgpiops_g.o ps7_cortexa9_0/lib/xsdps.o ps7_cortexa9_0/l
TRACE::2025-03-26.16:29:40::SCWMssOS::ib/close.o ps7_cortexa9_0/lib/xemacps_g.o ps7_cortexa9_0/lib/xgpiops_sinit.o ps7_cortexa9_0/lib/xgpiops_selftest.o ps7_cortexa9
TRACE::2025-03-26.16:29:40::SCWMssOS::_0/lib/xscuwdt.o ps7_cortexa9_0/lib/xaxivdma_g.o ps7_cortexa9_0/lib/xil_clocking.o ps7_cortexa9_0/lib/xiicps_intr.o ps7_cortexa
TRACE::2025-03-26.16:29:40::SCWMssOS::9_0/lib/xaxivdma_sinit.o ps7_cortexa9_0/lib/xuartps_sinit.o ps7_cortexa9_0/lib/time.o ps7_cortexa9_0/lib/xaxivdma_selftest.o ps
TRACE::2025-03-26.16:29:40::SCWMssOS::7_cortexa9_0/lib/xiicps_slave.o ps7_cortexa9_0/lib/xil_printf.o ps7_cortexa9_0/lib/kill.o ps7_cortexa9_0/lib/xadcps.o ps7_corte
TRACE::2025-03-26.16:29:40::SCWMssOS::xa9_0/lib/xiicps_options.o ps7_cortexa9_0/lib/xdmaps.o ps7_cortexa9_0/lib/xuartps_selftest.o ps7_cortexa9_0/lib/xuartps_g.o ps7
TRACE::2025-03-26.16:29:40::SCWMssOS::_cortexa9_0/lib/lseek.o ps7_cortexa9_0/lib/xil_testmem.o ps7_cortexa9_0/lib/xusbps_hw.o ps7_cortexa9_0/lib/xl2cc_counter.o ps7_
TRACE::2025-03-26.16:29:40::SCWMssOS::cortexa9_0/lib/xiicps_hw.o ps7_cortexa9_0/lib/asm_vectors.o ps7_cortexa9_0/lib/usleep.o ps7_cortexa9_0/lib/abort.o ps7_cortexa9
TRACE::2025-03-26.16:29:40::SCWMssOS::_0/lib/xscugic_intr.o ps7_cortexa9_0/lib/getpid.o ps7_cortexa9_0/lib/xiicps_selftest.o ps7_cortexa9_0/lib/xil_testcache.o ps7_c
TRACE::2025-03-26.16:29:40::SCWMssOS::ortexa9_0/lib/xdevcfg_sinit.o ps7_cortexa9_0/lib/xgpiops.o ps7_cortexa9_0/lib/xscutimer.o ps7_cortexa9_0/lib/xdevcfg_selftest.o
TRACE::2025-03-26.16:29:40::SCWMssOS:: ps7_cortexa9_0/lib/xpm_counter.o ps7_cortexa9_0/lib/xiicps.o ps7_cortexa9_0/lib/_sbrk.o ps7_cortexa9_0/lib/xiicps_master.o ps7
TRACE::2025-03-26.16:29:40::SCWMssOS::_cortexa9_0/lib/xqspips_g.o ps7_cortexa9_0/lib/xemacps_bdring.o ps7_cortexa9_0/lib/xusbps_endpoint.o ps7_cortexa9_0/lib/xqspips
TRACE::2025-03-26.16:29:40::SCWMssOS::_sinit.o ps7_cortexa9_0/lib/xqspips_selftest.o ps7_cortexa9_0/lib/xil_exception.o ps7_cortexa9_0/lib/sbrk.o ps7_cortexa9_0/lib/
TRACE::2025-03-26.16:29:40::SCWMssOS::xaxivdma.o ps7_cortexa9_0/lib/xemacps_control.o ps7_cortexa9_0/lib/open.o ps7_cortexa9_0/lib/xil_assert.o ps7_cortexa9_0/lib/xa
TRACE::2025-03-26.16:29:40::SCWMssOS::xivdma_intr.o ps7_cortexa9_0/lib/xusbps_intr.o ps7_cortexa9_0/lib/xsdps_host.o ps7_cortexa9_0/lib/xcoresightpsdcc.o ps7_cortexa
TRACE::2025-03-26.16:29:40::SCWMssOS::9_0/lib/xscugic_hw.o ps7_cortexa9_0/lib/sleep.o ps7_cortexa9_0/lib/xil-crt0.o ps7_cortexa9_0/lib/cpputest_time.o ps7_cortexa9_0
TRACE::2025-03-26.16:29:40::SCWMssOS::/lib/print.o ps7_cortexa9_0/lib/read.o ps7_cortexa9_0/lib/xiicps_g.o ps7_cortexa9_0/lib/xdevcfg.o ps7_cortexa9_0/lib/xadcps_int
TRACE::2025-03-26.16:29:40::SCWMssOS::r.o ps7_cortexa9_0/lib/xqspips.o ps7_cortexa9_0/lib/xemacps.o ps7_cortexa9_0/lib/xil_cache.o ps7_cortexa9_0/lib/xil_testio.o ps
TRACE::2025-03-26.16:29:40::SCWMssOS::7_cortexa9_0/lib/_open.o ps7_cortexa9_0/lib/unlink.o ps7_cortexa9_0/lib/xaxidma_g.o ps7_cortexa9_0/lib/xusbps.o ps7_cortexa9_0/
TRACE::2025-03-26.16:29:40::SCWMssOS::lib/xusbps_g.o ps7_cortexa9_0/lib/xdmaps_selftest.o ps7_cortexa9_0/lib/xaxidma_sinit.o ps7_cortexa9_0/lib/xil_spinlock.o ps7_co
TRACE::2025-03-26.16:29:40::SCWMssOS::rtexa9_0/lib/translation_table.o ps7_cortexa9_0/lib/xaxidma_selftest.o ps7_cortexa9_0/lib/write.o ps7_cortexa9_0/lib/xil_mmu.o 
TRACE::2025-03-26.16:29:40::SCWMssOS::ps7_cortexa9_0/lib/boot.o ps7_cortexa9_0/lib/xaxivdma_channel.o ps7_cortexa9_0/lib/cpu_init.o ps7_cortexa9_0/lib/xaxidma_bd.o p
TRACE::2025-03-26.16:29:40::SCWMssOS::s7_cortexa9_0/lib/xil_sleepcommon.o ps7_cortexa9_0/lib/xgpiops_intr.o ps7_cortexa9_0/lib/xscugic_sinit.o ps7_cortexa9_0/lib/fcn
TRACE::2025-03-26.16:29:40::SCWMssOS::tl.o ps7_cortexa9_0/lib/xdevcfg_g.o ps7_cortexa9_0/lib/outbyte.o ps7_cortexa9_0/lib/xinterrupt_wrap.o ps7_cortexa9_0/lib/xuartp
TRACE::2025-03-26.16:29:40::SCWMssOS::s_hw.o ps7_cortexa9_0/lib/xtime_l.o ps7_cortexa9_0/lib/xemacps_sinit.o ps7_cortexa9_0/lib/xscugic_selftest.o ps7_cortexa9_0/lib
TRACE::2025-03-26.16:29:40::SCWMssOS::/xil_util.o ps7_cortexa9_0/lib/xuartps_intr.o ps7_cortexa9_0/lib/xuartps.o ps7_cortexa9_0/lib/xsdps_card.o ps7_cortexa9_0/lib/x
TRACE::2025-03-26.16:29:40::SCWMssOS::dmaps_hw.o ps7_cortexa9_0/lib/xsdps_sinit.o ps7_cortexa9_0/lib/xgpiops_hw.o ps7_cortexa9_0/lib/xsdps_g.o ps7_cortexa9_0/lib/fst
TRACE::2025-03-26.16:29:40::SCWMssOS::at.o ps7_cortexa9_0/lib/xaxidma.o ps7_cortexa9_0/lib/errno.o ps7_cortexa9_0/lib/xdevcfg_intr.o ps7_cortexa9_0/lib/xuartps_optio
TRACE::2025-03-26.16:29:40::SCWMssOS::ns.o ps7_cortexa9_0/lib/vectors.o ps7_cortexa9_0/lib/xscuwdt_g.o ps7_cortexa9_0/lib/xscuwdt_sinit.o ps7_cortexa9_0/lib/xemacps_
TRACE::2025-03-26.16:29:40::SCWMssOS::intr.o ps7_cortexa9_0/lib/xscuwdt_selftest.o ps7_cortexa9_0/lib/xscugic_g.o ps7_cortexa9_0/lib/isatty.o ps7_cortexa9_0/lib/xscu
TRACE::2025-03-26.16:29:40::SCWMssOS::gic.o ps7_cortexa9_0/lib/xiicps_sinit.o ps7_cortexa9_0/lib/xadcps_g.o ps7_cortexa9_0/lib/xaxidma_bdring.o ps7_cortexa9_0/lib/xa
TRACE::2025-03-26.16:29:40::SCWMssOS::dcps_sinit.o ps7_cortexa9_0/lib/xiicps_xfer.o

TRACE::2025-03-26.16:29:40::SCWMssOS::'Finished building libraries'

TRACE::2025-03-26.16:29:41::SCWMssOS::Copying to export directory.
TRACE::2025-03-26.16:29:42::SCWMssOS:: Checking if to create the Supporting Applications
TRACE::2025-03-26.16:29:42::SCWMssOS:: No Linux domain exists, trying to generate FSBL 
LOG::2025-03-26.16:29:42::SCWSystem::Completed Processing the domain standalone_domain
LOG::2025-03-26.16:29:42::SCWSystem::Started Processing the domain standalone_ps7_cortexa9_1
TRACE::2025-03-26.16:29:42::SCWDomain::Generating domain artifcats
TRACE::2025-03-26.16:29:42::SCWMssOS::Generating standalone artifcats
TRACE::2025-03-26.16:29:42::SCWMssOS::Copying the qemu file from  C:/Users/j54mao/ECE423/ECE-423-Labs/workspace/Assignment3_platform/resources/Assignment3_platform/standalone_ps7_cortexa9_1/qemu_args.txt To C:/Users/j54mao/ECE423/ECE-423-Labs/workspace/Assignment3_platform/export/Assignment3_platform/sw/Assignment3_platform/standalone_ps7_cortexa9_1/qemu/
TRACE::2025-03-26.16:29:42::SCWMssOS:: Copying the user libraries. 
TRACE::2025-03-26.16:29:42::SCWPlatform::Trying to open the hw design at C:/Users/j54mao/ECE423/ECE-423-Labs/workspace/Assignment3_platform/hw/lab_prefab_wrapper.xsa
TRACE::2025-03-26.16:29:42::SCWPlatform::DSA given C:/Users/j54mao/ECE423/ECE-423-Labs/workspace/Assignment3_platform/hw/lab_prefab_wrapper.xsa
TRACE::2025-03-26.16:29:42::SCWPlatform::DSA absoulate path C:/Users/j54mao/ECE423/ECE-423-Labs/workspace/Assignment3_platform/hw/lab_prefab_wrapper.xsa
TRACE::2025-03-26.16:29:42::SCWPlatform::DSA directory C:/Users/j54mao/ECE423/ECE-423-Labs/workspace/Assignment3_platform/hw
TRACE::2025-03-26.16:29:42::SCWPlatform:: Platform Path C:/Users/j54mao/ECE423/ECE-423-Labs/workspace/Assignment3_platform/hw/lab_prefab_wrapper.xsa
TRACE::2025-03-26.16:29:42::SCWPlatform:: Unique name xilinx:pynq-z1::0.0
TRACE::2025-03-26.16:29:42::SCWPlatform::Trying to set the existing hwdb with name lab_prefab_wrapper_2
TRACE::2025-03-26.16:29:42::SCWPlatform::Opened existing hwdb lab_prefab_wrapper_2
TRACE::2025-03-26.16:29:42::SCWPlatform::Found the Hw Db part of the input DSA
TRACE::2025-03-26.16:29:42::SCWMssOS::Checking the sw design at  C:/Users/j54mao/ECE423/ECE-423-Labs/workspace/Assignment3_platform/ps7_cortexa9_1/standalone_ps7_cortexa9_1/bsp/system.mss
TRACE::2025-03-26.16:29:42::SCWMssOS::DEBUG:  swdes dump  C:/Users/j54mao/ECE423/ECE-423-Labs/workspace/Assignment3_platform/ps7_cortexa9_0/standalone_domain/bsp/system.mss|system_1||
C:/Users/j54mao/ECE423/ECE-423-Labs/workspace/Assignment3_platform/ps7_cortexa9_1/standalone_ps7_cortexa9_1/bsp/system.mss|system||
C:/Users/j54mao/ECE423/ECE-423-Labs/workspace/Assignment3_platform/zynq_fsbl/zynq_fsbl_bsp/system.mss|system_0||
C:/Users/j54mao/ECE423/ECE-423-Labs/workspace/lab_prefab_wrapper/ps7_cortexa9_0/standalone_ps7_cortexa9_0/bsp/system.mss|system_3||

TRACE::2025-03-26.16:29:42::SCWMssOS::Sw design exists and opened at  C:/Users/j54mao/ECE423/ECE-423-Labs/workspace/Assignment3_platform/ps7_cortexa9_1/standalone_ps7_cortexa9_1/bsp/system.mss
TRACE::2025-03-26.16:29:42::SCWMssOS::Completed writing the mss file at C:/Users/j54mao/ECE423/ECE-423-Labs/workspace/Assignment3_platform/ps7_cortexa9_1/standalone_ps7_cortexa9_1/bsp
TRACE::2025-03-26.16:29:42::SCWMssOS::Mss edits present, copying mssfile into export location C:/Users/j54mao/ECE423/ECE-423-Labs/workspace/Assignment3_platform/ps7_cortexa9_1/standalone_ps7_cortexa9_1/bsp/system.mss
TRACE::2025-03-26.16:29:42::SCWMssOS::bsp generated is upto date with the mss file. Skipping bsp generation.
TRACE::2025-03-26.16:29:42::SCWMssOS::BSP is already built. skipping the bsp build ... 
TRACE::2025-03-26.16:29:42::SCWDomain::Building the domain :  standalone_ps7_cortexa9_1
TRACE::2025-03-26.16:29:42::SCWMssOS::doing bsp build ... 
TRACE::2025-03-26.16:29:42::SCWMssOS::System Command Ran  C: & cd  C:/Users/j54mao/ECE423/ECE-423-Labs/workspace/Assignment3_platform/ps7_cortexa9_1/standalone_ps7_cortexa9_1/bsp & make 
TRACE::2025-03-26.16:29:42::SCWMssOS::make --no-print-directory seq_libs

TRACE::2025-03-26.16:29:42::SCWMssOS::'Finished building libraries sequentially.'

TRACE::2025-03-26.16:29:42::SCWMssOS::make -j 2 --no-print-directory par_libs

TRACE::2025-03-26.16:29:42::SCWMssOS::"Running Make include in ps7_cortexa9_1/libsrc/axidma_v9_14/src"

TRACE::2025-03-26.16:29:42::SCWMssOS::make -C ps7_cortexa9_1/libsrc/axidma_v9_14/src -s include  "SHELL=CMD" "COMPILER=arm-none-eabi-gcc" "ASSEMBLER=arm-none-eabi-as
TRACE::2025-03-26.16:29:42::SCWMssOS::" "ARCHIVER=arm-none-eabi-ar" "COMPILER_FLAGS=  -O2 -c" "EXTRA_COMPILER_FLAGS=-mcpu=cortex-a9 -mfpu=vfpv3 -mfloat-abi=hard -nos
TRACE::2025-03-26.16:29:42::SCWMssOS::tartfiles -g -Wall -Wextra -fno-tree-loop-distribute-patterns -DSHAREABLE_DRR -DUSE_AMP=1"

TRACE::2025-03-26.16:29:42::SCWMssOS::"Running Make include in ps7_cortexa9_1/libsrc/axivdma_v6_11/src"

TRACE::2025-03-26.16:29:42::SCWMssOS::make -C ps7_cortexa9_1/libsrc/axivdma_v6_11/src -s include  "SHELL=CMD" "COMPILER=arm-none-eabi-gcc" "ASSEMBLER=arm-none-eabi-a
TRACE::2025-03-26.16:29:42::SCWMssOS::s" "ARCHIVER=arm-none-eabi-ar" "COMPILER_FLAGS=  -O2 -c" "EXTRA_COMPILER_FLAGS=-mcpu=cortex-a9 -mfpu=vfpv3 -mfloat-abi=hard -no
TRACE::2025-03-26.16:29:42::SCWMssOS::startfiles -g -Wall -Wextra -fno-tree-loop-distribute-patterns -DSHAREABLE_DRR -DUSE_AMP=1"

TRACE::2025-03-26.16:29:43::SCWMssOS::"Running Make include in ps7_cortexa9_1/libsrc/coresightps_dcc_v1_8/src"

TRACE::2025-03-26.16:29:43::SCWMssOS::make -C ps7_cortexa9_1/libsrc/coresightps_dcc_v1_8/src -s include  "SHELL=CMD" "COMPILER=arm-none-eabi-gcc" "ASSEMBLER=arm-none
TRACE::2025-03-26.16:29:43::SCWMssOS::-eabi-as" "ARCHIVER=arm-none-eabi-ar" "COMPILER_FLAGS=  -O2 -c" "EXTRA_COMPILER_FLAGS=-mcpu=cortex-a9 -mfpu=vfpv3 -mfloat-abi=h
TRACE::2025-03-26.16:29:43::SCWMssOS::ard -nostartfiles -g -Wall -Wextra -fno-tree-loop-distribute-patterns -DSHAREABLE_DRR -DUSE_AMP=1"

TRACE::2025-03-26.16:29:43::SCWMssOS::"Running Make include in ps7_cortexa9_1/libsrc/cpu_cortexa9_v2_11/src"

TRACE::2025-03-26.16:29:43::SCWMssOS::make -C ps7_cortexa9_1/libsrc/cpu_cortexa9_v2_11/src -s include  "SHELL=CMD" "COMPILER=arm-none-eabi-gcc" "ASSEMBLER=arm-none-e
TRACE::2025-03-26.16:29:43::SCWMssOS::abi-as" "ARCHIVER=arm-none-eabi-ar" "COMPILER_FLAGS=  -O2 -c" "EXTRA_COMPILER_FLAGS=-mcpu=cortex-a9 -mfpu=vfpv3 -mfloat-abi=har
TRACE::2025-03-26.16:29:43::SCWMssOS::d -nostartfiles -g -Wall -Wextra -fno-tree-loop-distribute-patterns -DSHAREABLE_DRR -DUSE_AMP=1"

TRACE::2025-03-26.16:29:43::SCWMssOS::"Running Make include in ps7_cortexa9_1/libsrc/ddrps_v1_2/src"

TRACE::2025-03-26.16:29:43::SCWMssOS::make -C ps7_cortexa9_1/libsrc/ddrps_v1_2/src -s include  "SHELL=CMD" "COMPILER=arm-none-eabi-gcc" "ASSEMBLER=arm-none-eabi-as" 
TRACE::2025-03-26.16:29:43::SCWMssOS::"ARCHIVER=arm-none-eabi-ar" "COMPILER_FLAGS=  -O2 -c" "EXTRA_COMPILER_FLAGS=-mcpu=cortex-a9 -mfpu=vfpv3 -mfloat-abi=hard -nosta
TRACE::2025-03-26.16:29:43::SCWMssOS::rtfiles -g -Wall -Wextra -fno-tree-loop-distribute-patterns -DSHAREABLE_DRR -DUSE_AMP=1"

TRACE::2025-03-26.16:29:43::SCWMssOS::"Running Make include in ps7_cortexa9_1/libsrc/devcfg_v3_7/src"

TRACE::2025-03-26.16:29:43::SCWMssOS::make -C ps7_cortexa9_1/libsrc/devcfg_v3_7/src -s include  "SHELL=CMD" "COMPILER=arm-none-eabi-gcc" "ASSEMBLER=arm-none-eabi-as"
TRACE::2025-03-26.16:29:43::SCWMssOS:: "ARCHIVER=arm-none-eabi-ar" "COMPILER_FLAGS=  -O2 -c" "EXTRA_COMPILER_FLAGS=-mcpu=cortex-a9 -mfpu=vfpv3 -mfloat-abi=hard -nost
TRACE::2025-03-26.16:29:43::SCWMssOS::artfiles -g -Wall -Wextra -fno-tree-loop-distribute-patterns -DSHAREABLE_DRR -DUSE_AMP=1"

TRACE::2025-03-26.16:29:43::SCWMssOS::"Running Make include in ps7_cortexa9_1/libsrc/dmaps_v2_8/src"

TRACE::2025-03-26.16:29:43::SCWMssOS::make -C ps7_cortexa9_1/libsrc/dmaps_v2_8/src -s include  "SHELL=CMD" "COMPILER=arm-none-eabi-gcc" "ASSEMBLER=arm-none-eabi-as" 
TRACE::2025-03-26.16:29:43::SCWMssOS::"ARCHIVER=arm-none-eabi-ar" "COMPILER_FLAGS=  -O2 -c" "EXTRA_COMPILER_FLAGS=-mcpu=cortex-a9 -mfpu=vfpv3 -mfloat-abi=hard -nosta
TRACE::2025-03-26.16:29:43::SCWMssOS::rtfiles -g -Wall -Wextra -fno-tree-loop-distribute-patterns -DSHAREABLE_DRR -DUSE_AMP=1"

TRACE::2025-03-26.16:29:43::SCWMssOS::"Running Make include in ps7_cortexa9_1/libsrc/emacps_v3_16/src"

TRACE::2025-03-26.16:29:43::SCWMssOS::make -C ps7_cortexa9_1/libsrc/emacps_v3_16/src -s include  "SHELL=CMD" "COMPILER=arm-none-eabi-gcc" "ASSEMBLER=arm-none-eabi-as
TRACE::2025-03-26.16:29:43::SCWMssOS::" "ARCHIVER=arm-none-eabi-ar" "COMPILER_FLAGS=  -O2 -c" "EXTRA_COMPILER_FLAGS=-mcpu=cortex-a9 -mfpu=vfpv3 -mfloat-abi=hard -nos
TRACE::2025-03-26.16:29:43::SCWMssOS::tartfiles -g -Wall -Wextra -fno-tree-loop-distribute-patterns -DSHAREABLE_DRR -DUSE_AMP=1"

TRACE::2025-03-26.16:29:43::SCWMssOS::"Running Make include in ps7_cortexa9_1/libsrc/gpiops_v3_9/src"

TRACE::2025-03-26.16:29:43::SCWMssOS::make -C ps7_cortexa9_1/libsrc/gpiops_v3_9/src -s include  "SHELL=CMD" "COMPILER=arm-none-eabi-gcc" "ASSEMBLER=arm-none-eabi-as"
TRACE::2025-03-26.16:29:43::SCWMssOS:: "ARCHIVER=arm-none-eabi-ar" "COMPILER_FLAGS=  -O2 -c" "EXTRA_COMPILER_FLAGS=-mcpu=cortex-a9 -mfpu=vfpv3 -mfloat-abi=hard -nost
TRACE::2025-03-26.16:29:43::SCWMssOS::artfiles -g -Wall -Wextra -fno-tree-loop-distribute-patterns -DSHAREABLE_DRR -DUSE_AMP=1"

TRACE::2025-03-26.16:29:43::SCWMssOS::"Running Make include in ps7_cortexa9_1/libsrc/iicps_v3_15/src"

TRACE::2025-03-26.16:29:43::SCWMssOS::make -C ps7_cortexa9_1/libsrc/iicps_v3_15/src -s include  "SHELL=CMD" "COMPILER=arm-none-eabi-gcc" "ASSEMBLER=arm-none-eabi-as"
TRACE::2025-03-26.16:29:43::SCWMssOS:: "ARCHIVER=arm-none-eabi-ar" "COMPILER_FLAGS=  -O2 -c" "EXTRA_COMPILER_FLAGS=-mcpu=cortex-a9 -mfpu=vfpv3 -mfloat-abi=hard -nost
TRACE::2025-03-26.16:29:43::SCWMssOS::artfiles -g -Wall -Wextra -fno-tree-loop-distribute-patterns -DSHAREABLE_DRR -DUSE_AMP=1"

TRACE::2025-03-26.16:29:43::SCWMssOS::"Running Make include in ps7_cortexa9_1/libsrc/qspips_v3_9/src"

TRACE::2025-03-26.16:29:43::SCWMssOS::make -C ps7_cortexa9_1/libsrc/qspips_v3_9/src -s include  "SHELL=CMD" "COMPILER=arm-none-eabi-gcc" "ASSEMBLER=arm-none-eabi-as"
TRACE::2025-03-26.16:29:43::SCWMssOS:: "ARCHIVER=arm-none-eabi-ar" "COMPILER_FLAGS=  -O2 -c" "EXTRA_COMPILER_FLAGS=-mcpu=cortex-a9 -mfpu=vfpv3 -mfloat-abi=hard -nost
TRACE::2025-03-26.16:29:43::SCWMssOS::artfiles -g -Wall -Wextra -fno-tree-loop-distribute-patterns -DSHAREABLE_DRR -DUSE_AMP=1"

TRACE::2025-03-26.16:29:43::SCWMssOS::"Running Make include in ps7_cortexa9_1/libsrc/scugic_v4_7/src"

TRACE::2025-03-26.16:29:43::SCWMssOS::make -C ps7_cortexa9_1/libsrc/scugic_v4_7/src -s include  "SHELL=CMD" "COMPILER=arm-none-eabi-gcc" "ASSEMBLER=arm-none-eabi-as"
TRACE::2025-03-26.16:29:43::SCWMssOS:: "ARCHIVER=arm-none-eabi-ar" "COMPILER_FLAGS=  -O2 -c" "EXTRA_COMPILER_FLAGS=-mcpu=cortex-a9 -mfpu=vfpv3 -mfloat-abi=hard -nost
TRACE::2025-03-26.16:29:43::SCWMssOS::artfiles -g -Wall -Wextra -fno-tree-loop-distribute-patterns -DSHAREABLE_DRR -DUSE_AMP=1"

TRACE::2025-03-26.16:29:44::SCWMssOS::"Running Make include in ps7_cortexa9_1/libsrc/scutimer_v2_4/src"

TRACE::2025-03-26.16:29:44::SCWMssOS::make -C ps7_cortexa9_1/libsrc/scutimer_v2_4/src -s include  "SHELL=CMD" "COMPILER=arm-none-eabi-gcc" "ASSEMBLER=arm-none-eabi-a
TRACE::2025-03-26.16:29:44::SCWMssOS::s" "ARCHIVER=arm-none-eabi-ar" "COMPILER_FLAGS=  -O2 -c" "EXTRA_COMPILER_FLAGS=-mcpu=cortex-a9 -mfpu=vfpv3 -mfloat-abi=hard -no
TRACE::2025-03-26.16:29:44::SCWMssOS::startfiles -g -Wall -Wextra -fno-tree-loop-distribute-patterns -DSHAREABLE_DRR -DUSE_AMP=1"

TRACE::2025-03-26.16:29:44::SCWMssOS::"Running Make include in ps7_cortexa9_1/libsrc/scuwdt_v2_4/src"

TRACE::2025-03-26.16:29:44::SCWMssOS::make -C ps7_cortexa9_1/libsrc/scuwdt_v2_4/src -s include  "SHELL=CMD" "COMPILER=arm-none-eabi-gcc" "ASSEMBLER=arm-none-eabi-as"
TRACE::2025-03-26.16:29:44::SCWMssOS:: "ARCHIVER=arm-none-eabi-ar" "COMPILER_FLAGS=  -O2 -c" "EXTRA_COMPILER_FLAGS=-mcpu=cortex-a9 -mfpu=vfpv3 -mfloat-abi=hard -nost
TRACE::2025-03-26.16:29:44::SCWMssOS::artfiles -g -Wall -Wextra -fno-tree-loop-distribute-patterns -DSHAREABLE_DRR -DUSE_AMP=1"

TRACE::2025-03-26.16:29:44::SCWMssOS::"Running Make include in ps7_cortexa9_1/libsrc/sdps_v3_14/src"

TRACE::2025-03-26.16:29:44::SCWMssOS::make -C ps7_cortexa9_1/libsrc/sdps_v3_14/src -s include  "SHELL=CMD" "COMPILER=arm-none-eabi-gcc" "ASSEMBLER=arm-none-eabi-as" 
TRACE::2025-03-26.16:29:44::SCWMssOS::"ARCHIVER=arm-none-eabi-ar" "COMPILER_FLAGS=  -O2 -c" "EXTRA_COMPILER_FLAGS=-mcpu=cortex-a9 -mfpu=vfpv3 -mfloat-abi=hard -nosta
TRACE::2025-03-26.16:29:44::SCWMssOS::rtfiles -g -Wall -Wextra -fno-tree-loop-distribute-patterns -DSHAREABLE_DRR -DUSE_AMP=1"

TRACE::2025-03-26.16:29:44::SCWMssOS::"Running Make include in ps7_cortexa9_1/libsrc/standalone_v7_7/src"

TRACE::2025-03-26.16:29:44::SCWMssOS::make -C ps7_cortexa9_1/libsrc/standalone_v7_7/src -s include  "SHELL=CMD" "COMPILER=arm-none-eabi-gcc" "ASSEMBLER=arm-none-eabi
TRACE::2025-03-26.16:29:44::SCWMssOS::-as" "ARCHIVER=arm-none-eabi-ar" "COMPILER_FLAGS=  -O2 -c" "EXTRA_COMPILER_FLAGS=-mcpu=cortex-a9 -mfpu=vfpv3 -mfloat-abi=hard -
TRACE::2025-03-26.16:29:44::SCWMssOS::nostartfiles -g -Wall -Wextra -fno-tree-loop-distribute-patterns -DSHAREABLE_DRR -DUSE_AMP=1"

TRACE::2025-03-26.16:29:44::SCWMssOS::"Running Make include in ps7_cortexa9_1/libsrc/uartps_v3_11/src"

TRACE::2025-03-26.16:29:44::SCWMssOS::make -C ps7_cortexa9_1/libsrc/uartps_v3_11/src -s include  "SHELL=CMD" "COMPILER=arm-none-eabi-gcc" "ASSEMBLER=arm-none-eabi-as
TRACE::2025-03-26.16:29:44::SCWMssOS::" "ARCHIVER=arm-none-eabi-ar" "COMPILER_FLAGS=  -O2 -c" "EXTRA_COMPILER_FLAGS=-mcpu=cortex-a9 -mfpu=vfpv3 -mfloat-abi=hard -nos
TRACE::2025-03-26.16:29:44::SCWMssOS::tartfiles -g -Wall -Wextra -fno-tree-loop-distribute-patterns -DSHAREABLE_DRR -DUSE_AMP=1"

TRACE::2025-03-26.16:29:44::SCWMssOS::"Running Make include in ps7_cortexa9_1/libsrc/usbps_v2_7/src"

TRACE::2025-03-26.16:29:44::SCWMssOS::make -C ps7_cortexa9_1/libsrc/usbps_v2_7/src -s include  "SHELL=CMD" "COMPILER=arm-none-eabi-gcc" "ASSEMBLER=arm-none-eabi-as" 
TRACE::2025-03-26.16:29:44::SCWMssOS::"ARCHIVER=arm-none-eabi-ar" "COMPILER_FLAGS=  -O2 -c" "EXTRA_COMPILER_FLAGS=-mcpu=cortex-a9 -mfpu=vfpv3 -mfloat-abi=hard -nosta
TRACE::2025-03-26.16:29:44::SCWMssOS::rtfiles -g -Wall -Wextra -fno-tree-loop-distribute-patterns -DSHAREABLE_DRR -DUSE_AMP=1"

TRACE::2025-03-26.16:29:45::SCWMssOS::"Running Make include in ps7_cortexa9_1/libsrc/xadcps_v2_6/src"

TRACE::2025-03-26.16:29:45::SCWMssOS::make -C ps7_cortexa9_1/libsrc/xadcps_v2_6/src -s include  "SHELL=CMD" "COMPILER=arm-none-eabi-gcc" "ASSEMBLER=arm-none-eabi-as"
TRACE::2025-03-26.16:29:45::SCWMssOS:: "ARCHIVER=arm-none-eabi-ar" "COMPILER_FLAGS=  -O2 -c" "EXTRA_COMPILER_FLAGS=-mcpu=cortex-a9 -mfpu=vfpv3 -mfloat-abi=hard -nost
TRACE::2025-03-26.16:29:45::SCWMssOS::artfiles -g -Wall -Wextra -fno-tree-loop-distribute-patterns -DSHAREABLE_DRR -DUSE_AMP=1"

TRACE::2025-03-26.16:29:45::SCWMssOS::"Running Make include in ps7_cortexa9_1/libsrc/xilffs_v4_7/src"

TRACE::2025-03-26.16:29:45::SCWMssOS::make -C ps7_cortexa9_1/libsrc/xilffs_v4_7/src -s include  "SHELL=CMD" "COMPILER=arm-none-eabi-gcc" "ASSEMBLER=arm-none-eabi-as"
TRACE::2025-03-26.16:29:45::SCWMssOS:: "ARCHIVER=arm-none-eabi-ar" "COMPILER_FLAGS=  -O2 -c" "EXTRA_COMPILER_FLAGS=-mcpu=cortex-a9 -mfpu=vfpv3 -mfloat-abi=hard -nost
TRACE::2025-03-26.16:29:45::SCWMssOS::artfiles -g -Wall -Wextra -fno-tree-loop-distribute-patterns -DSHAREABLE_DRR -DUSE_AMP=1"

TRACE::2025-03-26.16:29:46::SCWMssOS::"Running Make libs in ps7_cortexa9_1/libsrc/axidma_v9_14/src"

TRACE::2025-03-26.16:29:46::SCWMssOS::make -C ps7_cortexa9_1/libsrc/axidma_v9_14/src -s libs  "SHELL=CMD" "COMPILER=arm-none-eabi-gcc" "ASSEMBLER=arm-none-eabi-as" "
TRACE::2025-03-26.16:29:46::SCWMssOS::ARCHIVER=arm-none-eabi-ar" "COMPILER_FLAGS=  -O2 -c" "EXTRA_COMPILER_FLAGS=-mcpu=cortex-a9 -mfpu=vfpv3 -mfloat-abi=hard -nostar
TRACE::2025-03-26.16:29:46::SCWMssOS::tfiles -g -Wall -Wextra -fno-tree-loop-distribute-patterns -DSHAREABLE_DRR -DUSE_AMP=1"

TRACE::2025-03-26.16:29:46::SCWMssOS::"Running Make libs in ps7_cortexa9_1/libsrc/axivdma_v6_11/src"

TRACE::2025-03-26.16:29:46::SCWMssOS::make -C ps7_cortexa9_1/libsrc/axivdma_v6_11/src -s libs  "SHELL=CMD" "COMPILER=arm-none-eabi-gcc" "ASSEMBLER=arm-none-eabi-as" 
TRACE::2025-03-26.16:29:46::SCWMssOS::"ARCHIVER=arm-none-eabi-ar" "COMPILER_FLAGS=  -O2 -c" "EXTRA_COMPILER_FLAGS=-mcpu=cortex-a9 -mfpu=vfpv3 -mfloat-abi=hard -nosta
TRACE::2025-03-26.16:29:46::SCWMssOS::rtfiles -g -Wall -Wextra -fno-tree-loop-distribute-patterns -DSHAREABLE_DRR -DUSE_AMP=1"

TRACE::2025-03-26.16:29:48::SCWMssOS::"Running Make libs in ps7_cortexa9_1/libsrc/coresightps_dcc_v1_8/src"

TRACE::2025-03-26.16:29:48::SCWMssOS::make -C ps7_cortexa9_1/libsrc/coresightps_dcc_v1_8/src -s libs  "SHELL=CMD" "COMPILER=arm-none-eabi-gcc" "ASSEMBLER=arm-none-ea
TRACE::2025-03-26.16:29:48::SCWMssOS::bi-as" "ARCHIVER=arm-none-eabi-ar" "COMPILER_FLAGS=  -O2 -c" "EXTRA_COMPILER_FLAGS=-mcpu=cortex-a9 -mfpu=vfpv3 -mfloat-abi=hard
TRACE::2025-03-26.16:29:48::SCWMssOS:: -nostartfiles -g -Wall -Wextra -fno-tree-loop-distribute-patterns -DSHAREABLE_DRR -DUSE_AMP=1"

TRACE::2025-03-26.16:29:48::SCWMssOS::"Running Make libs in ps7_cortexa9_1/libsrc/cpu_cortexa9_v2_11/src"

TRACE::2025-03-26.16:29:48::SCWMssOS::make -C ps7_cortexa9_1/libsrc/cpu_cortexa9_v2_11/src -s libs  "SHELL=CMD" "COMPILER=arm-none-eabi-gcc" "ASSEMBLER=arm-none-eabi
TRACE::2025-03-26.16:29:48::SCWMssOS::-as" "ARCHIVER=arm-none-eabi-ar" "COMPILER_FLAGS=  -O2 -c" "EXTRA_COMPILER_FLAGS=-mcpu=cortex-a9 -mfpu=vfpv3 -mfloat-abi=hard -
TRACE::2025-03-26.16:29:48::SCWMssOS::nostartfiles -g -Wall -Wextra -fno-tree-loop-distribute-patterns -DSHAREABLE_DRR -DUSE_AMP=1"

TRACE::2025-03-26.16:29:48::SCWMssOS::"Running Make libs in ps7_cortexa9_1/libsrc/ddrps_v1_2/src"

TRACE::2025-03-26.16:29:48::SCWMssOS::make -C ps7_cortexa9_1/libsrc/ddrps_v1_2/src -s libs  "SHELL=CMD" "COMPILER=arm-none-eabi-gcc" "ASSEMBLER=arm-none-eabi-as" "AR
TRACE::2025-03-26.16:29:48::SCWMssOS::CHIVER=arm-none-eabi-ar" "COMPILER_FLAGS=  -O2 -c" "EXTRA_COMPILER_FLAGS=-mcpu=cortex-a9 -mfpu=vfpv3 -mfloat-abi=hard -nostartf
TRACE::2025-03-26.16:29:48::SCWMssOS::iles -g -Wall -Wextra -fno-tree-loop-distribute-patterns -DSHAREABLE_DRR -DUSE_AMP=1"

TRACE::2025-03-26.16:29:48::SCWMssOS::"Running Make libs in ps7_cortexa9_1/libsrc/devcfg_v3_7/src"

TRACE::2025-03-26.16:29:48::SCWMssOS::make -C ps7_cortexa9_1/libsrc/devcfg_v3_7/src -s libs  "SHELL=CMD" "COMPILER=arm-none-eabi-gcc" "ASSEMBLER=arm-none-eabi-as" "A
TRACE::2025-03-26.16:29:48::SCWMssOS::RCHIVER=arm-none-eabi-ar" "COMPILER_FLAGS=  -O2 -c" "EXTRA_COMPILER_FLAGS=-mcpu=cortex-a9 -mfpu=vfpv3 -mfloat-abi=hard -nostart
TRACE::2025-03-26.16:29:48::SCWMssOS::files -g -Wall -Wextra -fno-tree-loop-distribute-patterns -DSHAREABLE_DRR -DUSE_AMP=1"

TRACE::2025-03-26.16:29:48::SCWMssOS::"Running Make libs in ps7_cortexa9_1/libsrc/dmaps_v2_8/src"

TRACE::2025-03-26.16:29:48::SCWMssOS::make -C ps7_cortexa9_1/libsrc/dmaps_v2_8/src -s libs  "SHELL=CMD" "COMPILER=arm-none-eabi-gcc" "ASSEMBLER=arm-none-eabi-as" "AR
TRACE::2025-03-26.16:29:48::SCWMssOS::CHIVER=arm-none-eabi-ar" "COMPILER_FLAGS=  -O2 -c" "EXTRA_COMPILER_FLAGS=-mcpu=cortex-a9 -mfpu=vfpv3 -mfloat-abi=hard -nostartf
TRACE::2025-03-26.16:29:48::SCWMssOS::iles -g -Wall -Wextra -fno-tree-loop-distribute-patterns -DSHAREABLE_DRR -DUSE_AMP=1"

TRACE::2025-03-26.16:29:50::SCWMssOS::"Running Make libs in ps7_cortexa9_1/libsrc/gpiops_v3_9/src"

TRACE::2025-03-26.16:29:50::SCWMssOS::"Running Make libs in ps7_cortexa9_1/libsrc/emacps_v3_16/src"

TRACE::2025-03-26.16:29:50::SCWMssOS::make -C ps7_cortexa9_1/libsrc/emacps_v3_16/src -s libs  "SHELL=CMD" "COMPILER=arm-none-eabi-gcc" "ASSEMBLER=arm-none-eabi-as" "
TRACE::2025-03-26.16:29:50::SCWMssOS::ARCHIVER=arm-none-eabi-ar" "COMPILER_FLAGS=  -O2 -c" "EXTRA_COMPILER_FLAGS=-mcpu=cortex-a9 -mfpu=vfpv3 -mfloat-abi=hard -nostar
TRACE::2025-03-26.16:29:50::SCWMssOS::tfiles -g -Wall -Wextra -fno-tree-loop-distribute-patterns -DSHAREABLE_DRR -DUSE_AMP=1"

TRACE::2025-03-26.16:29:50::SCWMssOS::make -C ps7_cortexa9_1/libsrc/gpiops_v3_9/src -s libs  "SHELL=CMD" "COMPILER=arm-none-eabi-gcc" "ASSEMBLER=arm-none-eabi-as" "A
TRACE::2025-03-26.16:29:50::SCWMssOS::RCHIVER=arm-none-eabi-ar" "COMPILER_FLAGS=  -O2 -c" "EXTRA_COMPILER_FLAGS=-mcpu=cortex-a9 -mfpu=vfpv3 -mfloat-abi=hard -nostart
TRACE::2025-03-26.16:29:50::SCWMssOS::files -g -Wall -Wextra -fno-tree-loop-distribute-patterns -DSHAREABLE_DRR -DUSE_AMP=1"

TRACE::2025-03-26.16:29:51::SCWMssOS::"Running Make libs in ps7_cortexa9_1/libsrc/iicps_v3_15/src"

TRACE::2025-03-26.16:29:51::SCWMssOS::make -C ps7_cortexa9_1/libsrc/iicps_v3_15/src -s libs  "SHELL=CMD" "COMPILER=arm-none-eabi-gcc" "ASSEMBLER=arm-none-eabi-as" "A
TRACE::2025-03-26.16:29:51::SCWMssOS::RCHIVER=arm-none-eabi-ar" "COMPILER_FLAGS=  -O2 -c" "EXTRA_COMPILER_FLAGS=-mcpu=cortex-a9 -mfpu=vfpv3 -mfloat-abi=hard -nostart
TRACE::2025-03-26.16:29:51::SCWMssOS::files -g -Wall -Wextra -fno-tree-loop-distribute-patterns -DSHAREABLE_DRR -DUSE_AMP=1"

TRACE::2025-03-26.16:29:52::SCWMssOS::"Running Make libs in ps7_cortexa9_1/libsrc/qspips_v3_9/src"

TRACE::2025-03-26.16:29:52::SCWMssOS::make -C ps7_cortexa9_1/libsrc/qspips_v3_9/src -s libs  "SHELL=CMD" "COMPILER=arm-none-eabi-gcc" "ASSEMBLER=arm-none-eabi-as" "A
TRACE::2025-03-26.16:29:52::SCWMssOS::RCHIVER=arm-none-eabi-ar" "COMPILER_FLAGS=  -O2 -c" "EXTRA_COMPILER_FLAGS=-mcpu=cortex-a9 -mfpu=vfpv3 -mfloat-abi=hard -nostart
TRACE::2025-03-26.16:29:52::SCWMssOS::files -g -Wall -Wextra -fno-tree-loop-distribute-patterns -DSHAREABLE_DRR -DUSE_AMP=1"

TRACE::2025-03-26.16:29:53::SCWMssOS::"Running Make libs in ps7_cortexa9_1/libsrc/scugic_v4_7/src"

TRACE::2025-03-26.16:29:53::SCWMssOS::make -C ps7_cortexa9_1/libsrc/scugic_v4_7/src -s libs  "SHELL=CMD" "COMPILER=arm-none-eabi-gcc" "ASSEMBLER=arm-none-eabi-as" "A
TRACE::2025-03-26.16:29:53::SCWMssOS::RCHIVER=arm-none-eabi-ar" "COMPILER_FLAGS=  -O2 -c" "EXTRA_COMPILER_FLAGS=-mcpu=cortex-a9 -mfpu=vfpv3 -mfloat-abi=hard -nostart
TRACE::2025-03-26.16:29:53::SCWMssOS::files -g -Wall -Wextra -fno-tree-loop-distribute-patterns -DSHAREABLE_DRR -DUSE_AMP=1"

TRACE::2025-03-26.16:29:54::SCWMssOS::"Running Make libs in ps7_cortexa9_1/libsrc/scutimer_v2_4/src"

TRACE::2025-03-26.16:29:54::SCWMssOS::make -C ps7_cortexa9_1/libsrc/scutimer_v2_4/src -s libs  "SHELL=CMD" "COMPILER=arm-none-eabi-gcc" "ASSEMBLER=arm-none-eabi-as" 
TRACE::2025-03-26.16:29:54::SCWMssOS::"ARCHIVER=arm-none-eabi-ar" "COMPILER_FLAGS=  -O2 -c" "EXTRA_COMPILER_FLAGS=-mcpu=cortex-a9 -mfpu=vfpv3 -mfloat-abi=hard -nosta
TRACE::2025-03-26.16:29:54::SCWMssOS::rtfiles -g -Wall -Wextra -fno-tree-loop-distribute-patterns -DSHAREABLE_DRR -DUSE_AMP=1"

TRACE::2025-03-26.16:29:55::SCWMssOS::"Running Make libs in ps7_cortexa9_1/libsrc/scuwdt_v2_4/src"

TRACE::2025-03-26.16:29:55::SCWMssOS::make -C ps7_cortexa9_1/libsrc/scuwdt_v2_4/src -s libs  "SHELL=CMD" "COMPILER=arm-none-eabi-gcc" "ASSEMBLER=arm-none-eabi-as" "A
TRACE::2025-03-26.16:29:55::SCWMssOS::RCHIVER=arm-none-eabi-ar" "COMPILER_FLAGS=  -O2 -c" "EXTRA_COMPILER_FLAGS=-mcpu=cortex-a9 -mfpu=vfpv3 -mfloat-abi=hard -nostart
TRACE::2025-03-26.16:29:55::SCWMssOS::files -g -Wall -Wextra -fno-tree-loop-distribute-patterns -DSHAREABLE_DRR -DUSE_AMP=1"

TRACE::2025-03-26.16:29:55::SCWMssOS::"Running Make libs in ps7_cortexa9_1/libsrc/sdps_v3_14/src"

TRACE::2025-03-26.16:29:55::SCWMssOS::make -C ps7_cortexa9_1/libsrc/sdps_v3_14/src -s libs  "SHELL=CMD" "COMPILER=arm-none-eabi-gcc" "ASSEMBLER=arm-none-eabi-as" "AR
TRACE::2025-03-26.16:29:55::SCWMssOS::CHIVER=arm-none-eabi-ar" "COMPILER_FLAGS=  -O2 -c" "EXTRA_COMPILER_FLAGS=-mcpu=cortex-a9 -mfpu=vfpv3 -mfloat-abi=hard -nostartf
TRACE::2025-03-26.16:29:55::SCWMssOS::iles -g -Wall -Wextra -fno-tree-loop-distribute-patterns -DSHAREABLE_DRR -DUSE_AMP=1"

TRACE::2025-03-26.16:29:56::SCWMssOS::"Running Make libs in ps7_cortexa9_1/libsrc/standalone_v7_7/src"

TRACE::2025-03-26.16:29:56::SCWMssOS::make -C ps7_cortexa9_1/libsrc/standalone_v7_7/src -s libs  "SHELL=CMD" "COMPILER=arm-none-eabi-gcc" "ASSEMBLER=arm-none-eabi-as
TRACE::2025-03-26.16:29:56::SCWMssOS::" "ARCHIVER=arm-none-eabi-ar" "COMPILER_FLAGS=  -O2 -c" "EXTRA_COMPILER_FLAGS=-mcpu=cortex-a9 -mfpu=vfpv3 -mfloat-abi=hard -nos
TRACE::2025-03-26.16:29:56::SCWMssOS::tartfiles -g -Wall -Wextra -fno-tree-loop-distribute-patterns -DSHAREABLE_DRR -DUSE_AMP=1"

TRACE::2025-03-26.16:29:57::SCWMssOS::"Running Make libs in ps7_cortexa9_1/libsrc/uartps_v3_11/src"

TRACE::2025-03-26.16:29:57::SCWMssOS::make -C ps7_cortexa9_1/libsrc/uartps_v3_11/src -s libs  "SHELL=CMD" "COMPILER=arm-none-eabi-gcc" "ASSEMBLER=arm-none-eabi-as" "
TRACE::2025-03-26.16:29:57::SCWMssOS::ARCHIVER=arm-none-eabi-ar" "COMPILER_FLAGS=  -O2 -c" "EXTRA_COMPILER_FLAGS=-mcpu=cortex-a9 -mfpu=vfpv3 -mfloat-abi=hard -nostar
TRACE::2025-03-26.16:29:57::SCWMssOS::tfiles -g -Wall -Wextra -fno-tree-loop-distribute-patterns -DSHAREABLE_DRR -DUSE_AMP=1"

TRACE::2025-03-26.16:29:59::SCWMssOS::"Running Make libs in ps7_cortexa9_1/libsrc/usbps_v2_7/src"

TRACE::2025-03-26.16:29:59::SCWMssOS::make -C ps7_cortexa9_1/libsrc/usbps_v2_7/src -s libs  "SHELL=CMD" "COMPILER=arm-none-eabi-gcc" "ASSEMBLER=arm-none-eabi-as" "AR
TRACE::2025-03-26.16:29:59::SCWMssOS::CHIVER=arm-none-eabi-ar" "COMPILER_FLAGS=  -O2 -c" "EXTRA_COMPILER_FLAGS=-mcpu=cortex-a9 -mfpu=vfpv3 -mfloat-abi=hard -nostartf
TRACE::2025-03-26.16:29:59::SCWMssOS::iles -g -Wall -Wextra -fno-tree-loop-distribute-patterns -DSHAREABLE_DRR -DUSE_AMP=1"

TRACE::2025-03-26.16:30:01::SCWMssOS::"Running Make libs in ps7_cortexa9_1/libsrc/xadcps_v2_6/src"

TRACE::2025-03-26.16:30:01::SCWMssOS::make -C ps7_cortexa9_1/libsrc/xadcps_v2_6/src -s libs  "SHELL=CMD" "COMPILER=arm-none-eabi-gcc" "ASSEMBLER=arm-none-eabi-as" "A
TRACE::2025-03-26.16:30:01::SCWMssOS::RCHIVER=arm-none-eabi-ar" "COMPILER_FLAGS=  -O2 -c" "EXTRA_COMPILER_FLAGS=-mcpu=cortex-a9 -mfpu=vfpv3 -mfloat-abi=hard -nostart
TRACE::2025-03-26.16:30:01::SCWMssOS::files -g -Wall -Wextra -fno-tree-loop-distribute-patterns -DSHAREABLE_DRR -DUSE_AMP=1"

TRACE::2025-03-26.16:30:03::SCWMssOS::"Running Make libs in ps7_cortexa9_1/libsrc/xilffs_v4_7/src"

TRACE::2025-03-26.16:30:03::SCWMssOS::make -C ps7_cortexa9_1/libsrc/xilffs_v4_7/src -s libs  "SHELL=CMD" "COMPILER=arm-none-eabi-gcc" "ASSEMBLER=arm-none-eabi-as" "A
TRACE::2025-03-26.16:30:03::SCWMssOS::RCHIVER=arm-none-eabi-ar" "COMPILER_FLAGS=  -O2 -c" "EXTRA_COMPILER_FLAGS=-mcpu=cortex-a9 -mfpu=vfpv3 -mfloat-abi=hard -nostart
TRACE::2025-03-26.16:30:03::SCWMssOS::files -g -Wall -Wextra -fno-tree-loop-distribute-patterns -DSHAREABLE_DRR -DUSE_AMP=1"

TRACE::2025-03-26.16:30:06::SCWMssOS::'Finished building libraries parallelly.'

TRACE::2025-03-26.16:30:06::SCWMssOS::make --no-print-directory archive

TRACE::2025-03-26.16:30:06::SCWMssOS::arm-none-eabi-ar -r  ps7_cortexa9_1/lib/libxil.a ps7_cortexa9_1/lib/xadcps_selftest.o ps7_cortexa9_1/lib/xplatform_info.o ps7_c
TRACE::2025-03-26.16:30:06::SCWMssOS::ortexa9_1/lib/xil_mem.o ps7_cortexa9_1/lib/_exit.o ps7_cortexa9_1/lib/xusbps_sinit.o ps7_cortexa9_1/lib/xdevcfg_hw.o ps7_cortex
TRACE::2025-03-26.16:30:06::SCWMssOS::a9_1/lib/xil_sleeptimer.o ps7_cortexa9_1/lib/xqspips_options.o ps7_cortexa9_1/lib/xdmaps_g.o ps7_cortexa9_1/lib/xscutimer_g.o p
TRACE::2025-03-26.16:30:06::SCWMssOS::s7_cortexa9_1/lib/xsdps_options.o ps7_cortexa9_1/lib/xil_misc_psreset_api.o ps7_cortexa9_1/lib/xdmaps_sinit.o ps7_cortexa9_1/li
TRACE::2025-03-26.16:30:06::SCWMssOS::b/xscutimer_sinit.o ps7_cortexa9_1/lib/xemacps_hw.o ps7_cortexa9_1/lib/inbyte.o ps7_cortexa9_1/lib/xscutimer_selftest.o ps7_cor
TRACE::2025-03-26.16:30:06::SCWMssOS::texa9_1/lib/putnum.o ps7_cortexa9_1/lib/xqspips_hw.o ps7_cortexa9_1/lib/xgpiops_g.o ps7_cortexa9_1/lib/xsdps.o ps7_cortexa9_1/l
TRACE::2025-03-26.16:30:06::SCWMssOS::ib/close.o ps7_cortexa9_1/lib/xemacps_g.o ps7_cortexa9_1/lib/xgpiops_sinit.o ps7_cortexa9_1/lib/xgpiops_selftest.o ps7_cortexa9
TRACE::2025-03-26.16:30:06::SCWMssOS::_1/lib/xscuwdt.o ps7_cortexa9_1/lib/xaxivdma_g.o ps7_cortexa9_1/lib/xil_clocking.o ps7_cortexa9_1/lib/xiicps_intr.o ps7_cortexa
TRACE::2025-03-26.16:30:06::SCWMssOS::9_1/lib/xaxivdma_sinit.o ps7_cortexa9_1/lib/xuartps_sinit.o ps7_cortexa9_1/lib/time.o ps7_cortexa9_1/lib/xaxivdma_selftest.o ps
TRACE::2025-03-26.16:30:06::SCWMssOS::7_cortexa9_1/lib/xiicps_slave.o ps7_cortexa9_1/lib/xil_printf.o ps7_cortexa9_1/lib/kill.o ps7_cortexa9_1/lib/xadcps.o ps7_corte
TRACE::2025-03-26.16:30:06::SCWMssOS::xa9_1/lib/xiicps_options.o ps7_cortexa9_1/lib/xdmaps.o ps7_cortexa9_1/lib/xuartps_selftest.o ps7_cortexa9_1/lib/xuartps_g.o ps7
TRACE::2025-03-26.16:30:06::SCWMssOS::_cortexa9_1/lib/lseek.o ps7_cortexa9_1/lib/xil_testmem.o ps7_cortexa9_1/lib/xusbps_hw.o ps7_cortexa9_1/lib/xl2cc_counter.o ps7_
TRACE::2025-03-26.16:30:06::SCWMssOS::cortexa9_1/lib/xiicps_hw.o ps7_cortexa9_1/lib/asm_vectors.o ps7_cortexa9_1/lib/usleep.o ps7_cortexa9_1/lib/abort.o ps7_cortexa9
TRACE::2025-03-26.16:30:06::SCWMssOS::_1/lib/xscugic_intr.o ps7_cortexa9_1/lib/getpid.o ps7_cortexa9_1/lib/xiicps_selftest.o ps7_cortexa9_1/lib/xil_testcache.o ps7_c
TRACE::2025-03-26.16:30:06::SCWMssOS::ortexa9_1/lib/xdevcfg_sinit.o ps7_cortexa9_1/lib/xgpiops.o ps7_cortexa9_1/lib/xscutimer.o ps7_cortexa9_1/lib/xdevcfg_selftest.o
TRACE::2025-03-26.16:30:06::SCWMssOS:: ps7_cortexa9_1/lib/xpm_counter.o ps7_cortexa9_1/lib/xiicps.o ps7_cortexa9_1/lib/_sbrk.o ps7_cortexa9_1/lib/xiicps_master.o ps7
TRACE::2025-03-26.16:30:06::SCWMssOS::_cortexa9_1/lib/xqspips_g.o ps7_cortexa9_1/lib/xemacps_bdring.o ps7_cortexa9_1/lib/xusbps_endpoint.o ps7_cortexa9_1/lib/xqspips
TRACE::2025-03-26.16:30:06::SCWMssOS::_sinit.o ps7_cortexa9_1/lib/xqspips_selftest.o ps7_cortexa9_1/lib/xil_exception.o ps7_cortexa9_1/lib/sbrk.o ps7_cortexa9_1/lib/
TRACE::2025-03-26.16:30:06::SCWMssOS::xaxivdma.o ps7_cortexa9_1/lib/xemacps_control.o ps7_cortexa9_1/lib/open.o ps7_cortexa9_1/lib/xil_assert.o ps7_cortexa9_1/lib/xa
TRACE::2025-03-26.16:30:06::SCWMssOS::xivdma_intr.o ps7_cortexa9_1/lib/xusbps_intr.o ps7_cortexa9_1/lib/xsdps_host.o ps7_cortexa9_1/lib/xcoresightpsdcc.o ps7_cortexa
TRACE::2025-03-26.16:30:06::SCWMssOS::9_1/lib/xscugic_hw.o ps7_cortexa9_1/lib/sleep.o ps7_cortexa9_1/lib/xil-crt0.o ps7_cortexa9_1/lib/cpputest_time.o ps7_cortexa9_1
TRACE::2025-03-26.16:30:06::SCWMssOS::/lib/print.o ps7_cortexa9_1/lib/read.o ps7_cortexa9_1/lib/xiicps_g.o ps7_cortexa9_1/lib/xdevcfg.o ps7_cortexa9_1/lib/xadcps_int
TRACE::2025-03-26.16:30:06::SCWMssOS::r.o ps7_cortexa9_1/lib/xqspips.o ps7_cortexa9_1/lib/xemacps.o ps7_cortexa9_1/lib/xil_cache.o ps7_cortexa9_1/lib/xil_testio.o ps
TRACE::2025-03-26.16:30:06::SCWMssOS::7_cortexa9_1/lib/_open.o ps7_cortexa9_1/lib/unlink.o ps7_cortexa9_1/lib/xaxidma_g.o ps7_cortexa9_1/lib/xusbps.o ps7_cortexa9_1/
TRACE::2025-03-26.16:30:06::SCWMssOS::lib/xusbps_g.o ps7_cortexa9_1/lib/xdmaps_selftest.o ps7_cortexa9_1/lib/xaxidma_sinit.o ps7_cortexa9_1/lib/xil_spinlock.o ps7_co
TRACE::2025-03-26.16:30:06::SCWMssOS::rtexa9_1/lib/translation_table.o ps7_cortexa9_1/lib/xaxidma_selftest.o ps7_cortexa9_1/lib/write.o ps7_cortexa9_1/lib/xil_mmu.o 
TRACE::2025-03-26.16:30:06::SCWMssOS::ps7_cortexa9_1/lib/boot.o ps7_cortexa9_1/lib/xaxivdma_channel.o ps7_cortexa9_1/lib/cpu_init.o ps7_cortexa9_1/lib/xaxidma_bd.o p
TRACE::2025-03-26.16:30:06::SCWMssOS::s7_cortexa9_1/lib/xil_sleepcommon.o ps7_cortexa9_1/lib/xgpiops_intr.o ps7_cortexa9_1/lib/xscugic_sinit.o ps7_cortexa9_1/lib/fcn
TRACE::2025-03-26.16:30:06::SCWMssOS::tl.o ps7_cortexa9_1/lib/xdevcfg_g.o ps7_cortexa9_1/lib/outbyte.o ps7_cortexa9_1/lib/xinterrupt_wrap.o ps7_cortexa9_1/lib/xuartp
TRACE::2025-03-26.16:30:06::SCWMssOS::s_hw.o ps7_cortexa9_1/lib/xtime_l.o ps7_cortexa9_1/lib/xemacps_sinit.o ps7_cortexa9_1/lib/xscugic_selftest.o ps7_cortexa9_1/lib
TRACE::2025-03-26.16:30:06::SCWMssOS::/xil_util.o ps7_cortexa9_1/lib/xuartps_intr.o ps7_cortexa9_1/lib/xuartps.o ps7_cortexa9_1/lib/xsdps_card.o ps7_cortexa9_1/lib/x
TRACE::2025-03-26.16:30:06::SCWMssOS::dmaps_hw.o ps7_cortexa9_1/lib/xsdps_sinit.o ps7_cortexa9_1/lib/xgpiops_hw.o ps7_cortexa9_1/lib/xsdps_g.o ps7_cortexa9_1/lib/fst
TRACE::2025-03-26.16:30:06::SCWMssOS::at.o ps7_cortexa9_1/lib/xaxidma.o ps7_cortexa9_1/lib/errno.o ps7_cortexa9_1/lib/xdevcfg_intr.o ps7_cortexa9_1/lib/xuartps_optio
TRACE::2025-03-26.16:30:06::SCWMssOS::ns.o ps7_cortexa9_1/lib/vectors.o ps7_cortexa9_1/lib/xscuwdt_g.o ps7_cortexa9_1/lib/xscuwdt_sinit.o ps7_cortexa9_1/lib/xemacps_
TRACE::2025-03-26.16:30:06::SCWMssOS::intr.o ps7_cortexa9_1/lib/xscuwdt_selftest.o ps7_cortexa9_1/lib/xscugic_g.o ps7_cortexa9_1/lib/isatty.o ps7_cortexa9_1/lib/xscu
TRACE::2025-03-26.16:30:06::SCWMssOS::gic.o ps7_cortexa9_1/lib/xiicps_sinit.o ps7_cortexa9_1/lib/xadcps_g.o ps7_cortexa9_1/lib/xaxidma_bdring.o ps7_cortexa9_1/lib/xa
TRACE::2025-03-26.16:30:06::SCWMssOS::dcps_sinit.o ps7_cortexa9_1/lib/xiicps_xfer.o

TRACE::2025-03-26.16:30:07::SCWMssOS::'Finished building libraries'

TRACE::2025-03-26.16:30:08::SCWMssOS::Copying to export directory.
TRACE::2025-03-26.16:30:09::SCWMssOS:: Checking if to create the Supporting Applications
TRACE::2025-03-26.16:30:09::SCWMssOS:: No Linux domain exists, trying to generate FSBL 
LOG::2025-03-26.16:30:09::SCWSystem::Completed Processing the domain standalone_ps7_cortexa9_1
LOG::2025-03-26.16:30:09::SCWSystem::Completed Processing the sysconfig Assignment3_platform
LOG::2025-03-26.16:30:09::SCWPlatform::Completed generating the artifacts for system configuration Assignment3_platform
TRACE::2025-03-26.16:30:09::SCWPlatform::Started preparing the platform 
TRACE::2025-03-26.16:30:09::SCWSystem::Writing the bif file for system config Assignment3_platform
TRACE::2025-03-26.16:30:09::SCWSystem::dir created 
TRACE::2025-03-26.16:30:09::SCWSystem::Writing the bif 
TRACE::2025-03-26.16:30:09::SCWPlatform::Started writing the spfm file 
TRACE::2025-03-26.16:30:09::SCWPlatform::Started writing the xpfm file 
TRACE::2025-03-26.16:30:09::SCWPlatform::Completed generating the platform
TRACE::2025-03-26.16:30:09::SCWMssOS::Saving the mss changes C:/Users/j54mao/ECE423/ECE-423-Labs/workspace/Assignment3_platform/zynq_fsbl/zynq_fsbl_bsp/system.mss
TRACE::2025-03-26.16:30:09::SCWMssOS::Found a swdesign opened with the mssfile.
TRACE::2025-03-26.16:30:09::SCWMssOS::Completed writemss as part of save.
TRACE::2025-03-26.16:30:09::SCWMssOS::Commit changes completed.
TRACE::2025-03-26.16:30:09::SCWMssOS::Saving the mss changes C:/Users/j54mao/ECE423/ECE-423-Labs/workspace/Assignment3_platform/ps7_cortexa9_0/standalone_domain/bsp/system.mss
TRACE::2025-03-26.16:30:09::SCWMssOS::Found a swdesign opened with the mssfile.
TRACE::2025-03-26.16:30:09::SCWMssOS::Completed writemss as part of save.
TRACE::2025-03-26.16:30:09::SCWMssOS::Commit changes completed.
TRACE::2025-03-26.16:30:09::SCWMssOS::Saving the mss changes C:/Users/j54mao/ECE423/ECE-423-Labs/workspace/Assignment3_platform/ps7_cortexa9_1/standalone_ps7_cortexa9_1/bsp/system.mss
TRACE::2025-03-26.16:30:09::SCWMssOS::Found a swdesign opened with the mssfile.
TRACE::2025-03-26.16:30:09::SCWMssOS::Completed writemss as part of save.
TRACE::2025-03-26.16:30:09::SCWMssOS::Commit changes completed.
TRACE::2025-03-26.16:30:09::SCWPlatform::Trying to open the hw design at C:/Users/j54mao/ECE423/ECE-423-Labs/workspace/Assignment3_platform/hw/lab_prefab_wrapper.xsa
TRACE::2025-03-26.16:30:09::SCWPlatform::DSA given C:/Users/j54mao/ECE423/ECE-423-Labs/workspace/Assignment3_platform/hw/lab_prefab_wrapper.xsa
TRACE::2025-03-26.16:30:09::SCWPlatform::DSA absoulate path C:/Users/j54mao/ECE423/ECE-423-Labs/workspace/Assignment3_platform/hw/lab_prefab_wrapper.xsa
TRACE::2025-03-26.16:30:09::SCWPlatform::DSA directory C:/Users/j54mao/ECE423/ECE-423-Labs/workspace/Assignment3_platform/hw
TRACE::2025-03-26.16:30:09::SCWPlatform:: Platform Path C:/Users/j54mao/ECE423/ECE-423-Labs/workspace/Assignment3_platform/hw/lab_prefab_wrapper.xsa
TRACE::2025-03-26.16:30:09::SCWPlatform:: Unique name xilinx:pynq-z1::0.0
TRACE::2025-03-26.16:30:09::SCWPlatform::Trying to set the existing hwdb with name lab_prefab_wrapper_2
TRACE::2025-03-26.16:30:09::SCWPlatform::Opened existing hwdb lab_prefab_wrapper_2
TRACE::2025-03-26.16:30:09::SCWPlatform::Found the Hw Db part of the input DSA
TRACE::2025-03-26.16:30:09::SCWMssOS::Checking the sw design at  C:/Users/j54mao/ECE423/ECE-423-Labs/workspace/Assignment3_platform/zynq_fsbl/zynq_fsbl_bsp/system.mss
TRACE::2025-03-26.16:30:09::SCWMssOS::DEBUG:  swdes dump  C:/Users/j54mao/ECE423/ECE-423-Labs/workspace/Assignment3_platform/ps7_cortexa9_0/standalone_domain/bsp/system.mss|system_1||
C:/Users/j54mao/ECE423/ECE-423-Labs/workspace/Assignment3_platform/ps7_cortexa9_1/standalone_ps7_cortexa9_1/bsp/system.mss|system||
C:/Users/j54mao/ECE423/ECE-423-Labs/workspace/Assignment3_platform/zynq_fsbl/zynq_fsbl_bsp/system.mss|system_0||
C:/Users/j54mao/ECE423/ECE-423-Labs/workspace/lab_prefab_wrapper/ps7_cortexa9_0/standalone_ps7_cortexa9_0/bsp/system.mss|system_3||

TRACE::2025-03-26.16:30:09::SCWMssOS::Sw design exists and opened at  C:/Users/j54mao/ECE423/ECE-423-Labs/workspace/Assignment3_platform/zynq_fsbl/zynq_fsbl_bsp/system.mss
TRACE::2025-03-26.16:30:09::SCWPlatform::Trying to open the hw design at C:/Users/j54mao/ECE423/ECE-423-Labs/workspace/Assignment3_platform/hw/lab_prefab_wrapper.xsa
TRACE::2025-03-26.16:30:09::SCWPlatform::DSA given C:/Users/j54mao/ECE423/ECE-423-Labs/workspace/Assignment3_platform/hw/lab_prefab_wrapper.xsa
TRACE::2025-03-26.16:30:09::SCWPlatform::DSA absoulate path C:/Users/j54mao/ECE423/ECE-423-Labs/workspace/Assignment3_platform/hw/lab_prefab_wrapper.xsa
TRACE::2025-03-26.16:30:09::SCWPlatform::DSA directory C:/Users/j54mao/ECE423/ECE-423-Labs/workspace/Assignment3_platform/hw
TRACE::2025-03-26.16:30:09::SCWPlatform:: Platform Path C:/Users/j54mao/ECE423/ECE-423-Labs/workspace/Assignment3_platform/hw/lab_prefab_wrapper.xsa
TRACE::2025-03-26.16:30:09::SCWPlatform:: Unique name xilinx:pynq-z1::0.0
TRACE::2025-03-26.16:30:09::SCWPlatform::Trying to set the existing hwdb with name lab_prefab_wrapper_2
TRACE::2025-03-26.16:30:09::SCWPlatform::Opened existing hwdb lab_prefab_wrapper_2
TRACE::2025-03-26.16:30:09::SCWPlatform::Found the Hw Db part of the input DSA
TRACE::2025-03-26.16:30:09::SCWMssOS::Checking the sw design at  C:/Users/j54mao/ECE423/ECE-423-Labs/workspace/Assignment3_platform/ps7_cortexa9_0/standalone_domain/bsp/system.mss
TRACE::2025-03-26.16:30:09::SCWMssOS::DEBUG:  swdes dump  C:/Users/j54mao/ECE423/ECE-423-Labs/workspace/Assignment3_platform/ps7_cortexa9_0/standalone_domain/bsp/system.mss|system_1||
C:/Users/j54mao/ECE423/ECE-423-Labs/workspace/Assignment3_platform/ps7_cortexa9_1/standalone_ps7_cortexa9_1/bsp/system.mss|system||
C:/Users/j54mao/ECE423/ECE-423-Labs/workspace/Assignment3_platform/zynq_fsbl/zynq_fsbl_bsp/system.mss|system_0||
C:/Users/j54mao/ECE423/ECE-423-Labs/workspace/lab_prefab_wrapper/ps7_cortexa9_0/standalone_ps7_cortexa9_0/bsp/system.mss|system_3||

TRACE::2025-03-26.16:30:09::SCWMssOS::Sw design exists and opened at  C:/Users/j54mao/ECE423/ECE-423-Labs/workspace/Assignment3_platform/ps7_cortexa9_0/standalone_domain/bsp/system.mss
TRACE::2025-03-26.16:30:09::SCWPlatform::Trying to open the hw design at C:/Users/j54mao/ECE423/ECE-423-Labs/workspace/Assignment3_platform/hw/lab_prefab_wrapper.xsa
TRACE::2025-03-26.16:30:09::SCWPlatform::DSA given C:/Users/j54mao/ECE423/ECE-423-Labs/workspace/Assignment3_platform/hw/lab_prefab_wrapper.xsa
TRACE::2025-03-26.16:30:09::SCWPlatform::DSA absoulate path C:/Users/j54mao/ECE423/ECE-423-Labs/workspace/Assignment3_platform/hw/lab_prefab_wrapper.xsa
TRACE::2025-03-26.16:30:09::SCWPlatform::DSA directory C:/Users/j54mao/ECE423/ECE-423-Labs/workspace/Assignment3_platform/hw
TRACE::2025-03-26.16:30:09::SCWPlatform:: Platform Path C:/Users/j54mao/ECE423/ECE-423-Labs/workspace/Assignment3_platform/hw/lab_prefab_wrapper.xsa
TRACE::2025-03-26.16:30:09::SCWPlatform:: Unique name xilinx:pynq-z1::0.0
TRACE::2025-03-26.16:30:09::SCWPlatform::Trying to set the existing hwdb with name lab_prefab_wrapper_2
TRACE::2025-03-26.16:30:09::SCWPlatform::Opened existing hwdb lab_prefab_wrapper_2
TRACE::2025-03-26.16:30:09::SCWPlatform::Found the Hw Db part of the input DSA
TRACE::2025-03-26.16:30:09::SCWMssOS::Checking the sw design at  C:/Users/j54mao/ECE423/ECE-423-Labs/workspace/Assignment3_platform/ps7_cortexa9_1/standalone_ps7_cortexa9_1/bsp/system.mss
TRACE::2025-03-26.16:30:09::SCWMssOS::DEBUG:  swdes dump  C:/Users/j54mao/ECE423/ECE-423-Labs/workspace/Assignment3_platform/ps7_cortexa9_0/standalone_domain/bsp/system.mss|system_1||
C:/Users/j54mao/ECE423/ECE-423-Labs/workspace/Assignment3_platform/ps7_cortexa9_1/standalone_ps7_cortexa9_1/bsp/system.mss|system||
C:/Users/j54mao/ECE423/ECE-423-Labs/workspace/Assignment3_platform/zynq_fsbl/zynq_fsbl_bsp/system.mss|system_0||
C:/Users/j54mao/ECE423/ECE-423-Labs/workspace/lab_prefab_wrapper/ps7_cortexa9_0/standalone_ps7_cortexa9_0/bsp/system.mss|system_3||

TRACE::2025-03-26.16:30:09::SCWMssOS::Sw design exists and opened at  C:/Users/j54mao/ECE423/ECE-423-Labs/workspace/Assignment3_platform/ps7_cortexa9_1/standalone_ps7_cortexa9_1/bsp/system.mss
TRACE::2025-03-26.16:30:09::SCWWriter::formatted JSON is {
	"platformName":	"Assignment3_platform",
	"sprVersion":	"2.0",
	"mode":	"gui",
	"dsaType":	"Fixed",
	"platformDesc":	"Assignment3_platform",
	"platHandOff":	"C:/Users/j54mao/ECE423/ECE-423-Labs/workspace/assignment2_hunter_test/hw/lab_prefab_wrapper.xsa",
	"platIntHandOff":	"<platformDir>/hw/lab_prefab_wrapper.xsa",
	"deviceType":	"zynq",
	"platIsPrebuiltAutogen":	"false",
	"platIsNoBootBsp":	"false",
	"hasFsblMakeHasChanges":	"false",
	"hasPmufwMakeHasChanges":	"false",
	"fsblExtraCompilerFlags":	"-MMD -MP       -mcpu=cortex-a9 -mfpu=vfpv3 -mfloat-abi=hard ",
	"platPreBuiltFlag":	false,
	"platformSamplesDir":	"",
	"platActiveSys":	"Assignment3_platform",
	"systems":	[{
			"systemName":	"Assignment3_platform",
			"systemDesc":	"Assignment3_platform",
			"sysIsBootAutoGen":	"true",
			"systemDispName":	"Assignment3_platform",
			"sysActiveDom":	"standalone_domain",
			"sysDefaultDom":	"standalone_ps7_cortexa9_1",
			"domains":	[{
					"domainName":	"zynq_fsbl",
					"domainDispName":	"zynq_fsbl",
					"domainDesc":	"FSBL Application BSP - Auto Generated.",
					"processors":	"ps7_cortexa9_0",
					"os":	"standalone",
					"sdxOs":	"standalone",
					"debugEnable":	"",
					"domRuntimes":	["cpp"],
					"swRepo":	"",
					"mssOsVer":	"7.7",
					"mssFile":	"",
					"md5Digest":	"461cb4c64d2f43abda4608f696ad182a",
					"compatibleApp":	"zynq_fsbl",
					"domType":	"bootDomain",
					"arch":	"32-bit",
					"appSettings":	{
						"appCompilerFlags":	"",
						"appLinkerFlags":	""
					},
					"addedLibs":	["xilffs:4.7", "xilrsa:1.6"],
					"libOptions":	{
						"ps7_cortexa9_0":	{
							"extra_compiler_flags":	"-mcpu=cortex-a9 -mfpu=vfpv3 -mfloat-abi=hard -nostartfiles -g -Wall -Wextra -fno-tree-loop-distribute-patterns -DSHAREABLE_DRR",
							"libOptionNames":	["extra_compiler_flags"]
						},
						"libsContainingOptions":	["ps7_cortexa9_0"]
					},
					"prebuiltLibs":	{
						"prebuiltIncPath":	[],
						"prebuiltLibPath":	[]
					},
					"isolation":	{
					}
				}, {
					"domainName":	"standalone_domain",
					"domainDispName":	"standalone on ps7_cortexa9_0",
					"domainDesc":	"standalone_domain",
					"processors":	"ps7_cortexa9_0",
					"os":	"standalone",
					"sdxOs":	"standalone",
					"qemuArgs":	"<platformDir>/resources/Assignment3_platform/standalone_domain/qemu_args.txt",
					"qemuData":	"<platformDir>/resources/Assignment3_platform/standalone_domain/qemu",
					"debugEnable":	"False",
					"domRuntimes":	["cpp"],
					"swRepo":	"",
					"mssOsVer":	"7.7",
					"mssFile":	"",
					"md5Digest":	"854dac6cc6088728a51018c4dfab2e79",
					"compatibleApp":	"",
					"domType":	"mssDomain",
					"appSettings":	{
						"appCompilerFlags":	"",
						"appLinkerFlags":	""
					},
					"addedLibs":	["xilffs:4.7"],
					"libOptions":	{
						"ps7_cortexa9_0":	{
							"extra_compiler_flags":	"-mcpu=cortex-a9 -mfpu=vfpv3 -mfloat-abi=hard -nostartfiles -g -Wall -Wextra -fno-tree-loop-distribute-patterns -DSHAREABLE_DRR",
							"libOptionNames":	["extra_compiler_flags"]
						},
						"xilffs":	{
							"enable_multi_partition":	"true",
							"num_logical_vol":	"10",
							"libOptionNames":	["enable_multi_partition", "num_logical_vol"]
						},
						"libsContainingOptions":	["ps7_cortexa9_0", "xilffs"]
					},
					"prebuiltLibs":	{
						"prebuiltIncPath":	[],
						"prebuiltLibPath":	[]
					},
					"isolation":	{
					}
				}, {
					"domainName":	"standalone_ps7_cortexa9_1",
					"domainDispName":	"standalone_ps7_cortexa9_1",
					"domainDesc":	"standalone_ps7_cortexa9_1",
					"processors":	"ps7_cortexa9_1",
					"os":	"standalone",
					"sdxOs":	"standalone",
					"qemuArgs":	"<platformDir>/resources/Assignment3_platform/standalone_ps7_cortexa9_1/qemu_args.txt",
					"qemuData":	"<platformDir>/resources/Assignment3_platform/standalone_ps7_cortexa9_1/qemu",
					"debugEnable":	"False",
					"domRuntimes":	["cpp"],
					"swRepo":	"",
					"mssOsVer":	"7.7",
					"mssFile":	"",
					"md5Digest":	"462f87de901c660a50a8f9a848be6d50",
					"compatibleApp":	"",
					"domType":	"mssDomain",
					"arch":	"32-bit",
					"appSettings":	{
						"appCompilerFlags":	"",
						"appLinkerFlags":	""
					},
					"addedLibs":	["xilffs:4.7"],
					"libOptions":	{
						"ps7_cortexa9_1":	{
							"extra_compiler_flags":	"-mcpu=cortex-a9 -mfpu=vfpv3 -mfloat-abi=hard -nostartfiles -g -Wall -Wextra -fno-tree-loop-distribute-patterns -DSHAREABLE_DRR -DUSE_AMP=1",
							"libOptionNames":	["extra_compiler_flags"]
						},
						"xilffs":	{
							"enable_multi_partition":	"true",
							"num_logical_vol":	"10",
							"libOptionNames":	["enable_multi_partition", "num_logical_vol"]
						},
						"libsContainingOptions":	["ps7_cortexa9_1", "xilffs"]
					},
					"prebuiltLibs":	{
						"prebuiltIncPath":	[],
						"prebuiltLibPath":	[]
					},
					"isolation":	{
					}
				}]
		}]
}
KEYINFO::2025-03-26.16:30:09::SCWPlatform::updated the xpfm file.
TRACE::2025-03-26.16:30:09::SCWPlatform::Trying to open the hw design at C:/Users/j54mao/ECE423/ECE-423-Labs/workspace/Assignment3_platform/hw/lab_prefab_wrapper.xsa
TRACE::2025-03-26.16:30:09::SCWPlatform::DSA given C:/Users/j54mao/ECE423/ECE-423-Labs/workspace/Assignment3_platform/hw/lab_prefab_wrapper.xsa
TRACE::2025-03-26.16:30:09::SCWPlatform::DSA absoulate path C:/Users/j54mao/ECE423/ECE-423-Labs/workspace/Assignment3_platform/hw/lab_prefab_wrapper.xsa
TRACE::2025-03-26.16:30:09::SCWPlatform::DSA directory C:/Users/j54mao/ECE423/ECE-423-Labs/workspace/Assignment3_platform/hw
TRACE::2025-03-26.16:30:09::SCWPlatform:: Platform Path C:/Users/j54mao/ECE423/ECE-423-Labs/workspace/Assignment3_platform/hw/lab_prefab_wrapper.xsa
TRACE::2025-03-26.16:30:09::SCWPlatform:: Unique name xilinx:pynq-z1::0.0
TRACE::2025-03-26.16:30:09::SCWPlatform::Trying to set the existing hwdb with name lab_prefab_wrapper_2
TRACE::2025-03-26.16:30:09::SCWPlatform::Opened existing hwdb lab_prefab_wrapper_2
TRACE::2025-03-26.16:30:09::SCWPlatform::Found the Hw Db part of the input DSA
TRACE::2025-03-26.16:30:09::SCWMssOS::Checking the sw design at  C:/Users/j54mao/ECE423/ECE-423-Labs/workspace/Assignment3_platform/ps7_cortexa9_0/standalone_domain/bsp/system.mss
TRACE::2025-03-26.16:30:09::SCWMssOS::DEBUG:  swdes dump  C:/Users/j54mao/ECE423/ECE-423-Labs/workspace/Assignment3_platform/ps7_cortexa9_0/standalone_domain/bsp/system.mss|system_1||
C:/Users/j54mao/ECE423/ECE-423-Labs/workspace/Assignment3_platform/ps7_cortexa9_1/standalone_ps7_cortexa9_1/bsp/system.mss|system||
C:/Users/j54mao/ECE423/ECE-423-Labs/workspace/Assignment3_platform/zynq_fsbl/zynq_fsbl_bsp/system.mss|system_0||
C:/Users/j54mao/ECE423/ECE-423-Labs/workspace/lab_prefab_wrapper/ps7_cortexa9_0/standalone_ps7_cortexa9_0/bsp/system.mss|system_3||

TRACE::2025-03-26.16:30:09::SCWMssOS::Sw design exists and opened at  C:/Users/j54mao/ECE423/ECE-423-Labs/workspace/Assignment3_platform/ps7_cortexa9_0/standalone_domain/bsp/system.mss
TRACE::2025-03-26.16:30:09::SCWPlatform::Trying to open the hw design at C:/Users/j54mao/ECE423/ECE-423-Labs/workspace/Assignment3_platform/hw/lab_prefab_wrapper.xsa
TRACE::2025-03-26.16:30:09::SCWPlatform::DSA given C:/Users/j54mao/ECE423/ECE-423-Labs/workspace/Assignment3_platform/hw/lab_prefab_wrapper.xsa
TRACE::2025-03-26.16:30:09::SCWPlatform::DSA absoulate path C:/Users/j54mao/ECE423/ECE-423-Labs/workspace/Assignment3_platform/hw/lab_prefab_wrapper.xsa
TRACE::2025-03-26.16:30:09::SCWPlatform::DSA directory C:/Users/j54mao/ECE423/ECE-423-Labs/workspace/Assignment3_platform/hw
TRACE::2025-03-26.16:30:09::SCWPlatform:: Platform Path C:/Users/j54mao/ECE423/ECE-423-Labs/workspace/Assignment3_platform/hw/lab_prefab_wrapper.xsa
TRACE::2025-03-26.16:30:09::SCWPlatform:: Unique name xilinx:pynq-z1::0.0
TRACE::2025-03-26.16:30:09::SCWPlatform::Trying to set the existing hwdb with name lab_prefab_wrapper_2
TRACE::2025-03-26.16:30:09::SCWPlatform::Opened existing hwdb lab_prefab_wrapper_2
TRACE::2025-03-26.16:30:09::SCWPlatform::Found the Hw Db part of the input DSA
TRACE::2025-03-26.16:30:09::SCWMssOS::Checking the sw design at  C:/Users/j54mao/ECE423/ECE-423-Labs/workspace/Assignment3_platform/ps7_cortexa9_1/standalone_ps7_cortexa9_1/bsp/system.mss
TRACE::2025-03-26.16:30:09::SCWMssOS::DEBUG:  swdes dump  C:/Users/j54mao/ECE423/ECE-423-Labs/workspace/Assignment3_platform/ps7_cortexa9_0/standalone_domain/bsp/system.mss|system_1||
C:/Users/j54mao/ECE423/ECE-423-Labs/workspace/Assignment3_platform/ps7_cortexa9_1/standalone_ps7_cortexa9_1/bsp/system.mss|system||
C:/Users/j54mao/ECE423/ECE-423-Labs/workspace/Assignment3_platform/zynq_fsbl/zynq_fsbl_bsp/system.mss|system_0||
C:/Users/j54mao/ECE423/ECE-423-Labs/workspace/lab_prefab_wrapper/ps7_cortexa9_0/standalone_ps7_cortexa9_0/bsp/system.mss|system_3||

TRACE::2025-03-26.16:30:09::SCWMssOS::Sw design exists and opened at  C:/Users/j54mao/ECE423/ECE-423-Labs/workspace/Assignment3_platform/ps7_cortexa9_1/standalone_ps7_cortexa9_1/bsp/system.mss
TRACE::2025-03-26.16:34:01::SCWBDomain::System Command Ran  C:&  cd  C:/Users/j54mao/ECE423/ECE-423-Labs/workspace/Assignment3_platform/zynq_fsbl & make clean
TRACE::2025-03-26.16:34:01::SCWBDomain::rm -rf  sd.o  nand.o  image_mover.o  md5.o  fsbl_hooks.o  main.o  nor.o  qspi.o  rsa.o  ps7_init.o  pcap.o  fsbl_handoff.o zynq
TRACE::2025-03-26.16:34:01::SCWBDomain::_fsbl_bsp/ps7_cortexa9_0/lib/libxil.a fsbl.elf *.o

TRACE::2025-03-26.16:34:01::SCWBDomain::System Command Ran  C:&  cd  C:/Users/j54mao/ECE423/ECE-423-Labs/workspace/Assignment3_platform/zynq_fsbl/zynq_fsbl_bsp & make clean
TRACE::2025-03-26.16:34:01::SCWBDomain::make -C ps7_cortexa9_0/libsrc/axidma_v9_14/src -s clean 

TRACE::2025-03-26.16:34:01::SCWBDomain::make -C ps7_cortexa9_0/libsrc/axivdma_v6_11/src -s clean 

TRACE::2025-03-26.16:34:01::SCWBDomain::make -C ps7_cortexa9_0/libsrc/coresightps_dcc_v1_8/src -s clean 

TRACE::2025-03-26.16:34:01::SCWBDomain::make -C ps7_cortexa9_0/libsrc/cpu_cortexa9_v2_11/src -s clean 

TRACE::2025-03-26.16:34:01::SCWBDomain::make -C ps7_cortexa9_0/libsrc/ddrps_v1_2/src -s clean 

TRACE::2025-03-26.16:34:02::SCWBDomain::make -C ps7_cortexa9_0/libsrc/devcfg_v3_7/src -s clean 

TRACE::2025-03-26.16:34:02::SCWBDomain::make -C ps7_cortexa9_0/libsrc/dmaps_v2_8/src -s clean 

TRACE::2025-03-26.16:34:02::SCWBDomain::make -C ps7_cortexa9_0/libsrc/emacps_v3_16/src -s clean 

TRACE::2025-03-26.16:34:02::SCWBDomain::make -C ps7_cortexa9_0/libsrc/gpiops_v3_9/src -s clean 

TRACE::2025-03-26.16:34:02::SCWBDomain::make -C ps7_cortexa9_0/libsrc/iicps_v3_15/src -s clean 

TRACE::2025-03-26.16:34:02::SCWBDomain::make -C ps7_cortexa9_0/libsrc/qspips_v3_9/src -s clean 

TRACE::2025-03-26.16:34:03::SCWBDomain::make -C ps7_cortexa9_0/libsrc/scugic_v4_7/src -s clean 

TRACE::2025-03-26.16:34:03::SCWBDomain::make -C ps7_cortexa9_0/libsrc/scutimer_v2_4/src -s clean 

TRACE::2025-03-26.16:34:03::SCWBDomain::make -C ps7_cortexa9_0/libsrc/scuwdt_v2_4/src -s clean 

TRACE::2025-03-26.16:34:03::SCWBDomain::make -C ps7_cortexa9_0/libsrc/sdps_v3_14/src -s clean 

TRACE::2025-03-26.16:34:03::SCWBDomain::make -C ps7_cortexa9_0/libsrc/standalone_v7_7/src -s clean 

TRACE::2025-03-26.16:34:04::SCWBDomain::make -C ps7_cortexa9_0/libsrc/uartps_v3_11/src -s clean 

TRACE::2025-03-26.16:34:04::SCWBDomain::make -C ps7_cortexa9_0/libsrc/usbps_v2_7/src -s clean 

TRACE::2025-03-26.16:34:04::SCWBDomain::make -C ps7_cortexa9_0/libsrc/xadcps_v2_6/src -s clean 

TRACE::2025-03-26.16:34:04::SCWBDomain::make -C ps7_cortexa9_0/libsrc/xilffs_v4_7/src -s clean 

TRACE::2025-03-26.16:34:04::SCWBDomain::make -C ps7_cortexa9_0/libsrc/xilrsa_v1_6/src -s clean 

TRACE::2025-03-26.16:34:04::SCWBDomain::rm -f ps7_cortexa9_0/lib/libxil.a

TRACE::2025-03-26.16:34:04::SCWMssOS::cleaning the bsp 
TRACE::2025-03-26.16:34:04::SCWMssOS::System Command Ran  C: & cd  C:/Users/j54mao/ECE423/ECE-423-Labs/workspace/Assignment3_platform/ps7_cortexa9_0/standalone_domain/bsp & make clean 
TRACE::2025-03-26.16:34:05::SCWMssOS::make -C ps7_cortexa9_0/libsrc/axidma_v9_14/src -s clean 

TRACE::2025-03-26.16:34:05::SCWMssOS::make -C ps7_cortexa9_0/libsrc/axivdma_v6_11/src -s clean 

TRACE::2025-03-26.16:34:05::SCWMssOS::make -C ps7_cortexa9_0/libsrc/coresightps_dcc_v1_8/src -s clean 

TRACE::2025-03-26.16:34:05::SCWMssOS::make -C ps7_cortexa9_0/libsrc/cpu_cortexa9_v2_11/src -s clean 

TRACE::2025-03-26.16:34:05::SCWMssOS::make -C ps7_cortexa9_0/libsrc/ddrps_v1_2/src -s clean 

TRACE::2025-03-26.16:34:05::SCWMssOS::make -C ps7_cortexa9_0/libsrc/devcfg_v3_7/src -s clean 

TRACE::2025-03-26.16:34:05::SCWMssOS::make -C ps7_cortexa9_0/libsrc/dmaps_v2_8/src -s clean 

TRACE::2025-03-26.16:34:05::SCWMssOS::make -C ps7_cortexa9_0/libsrc/emacps_v3_16/src -s clean 

TRACE::2025-03-26.16:34:06::SCWMssOS::make -C ps7_cortexa9_0/libsrc/gpiops_v3_9/src -s clean 

TRACE::2025-03-26.16:34:06::SCWMssOS::make -C ps7_cortexa9_0/libsrc/iicps_v3_15/src -s clean 

TRACE::2025-03-26.16:34:06::SCWMssOS::make -C ps7_cortexa9_0/libsrc/qspips_v3_9/src -s clean 

TRACE::2025-03-26.16:34:06::SCWMssOS::make -C ps7_cortexa9_0/libsrc/scugic_v4_7/src -s clean 

TRACE::2025-03-26.16:34:06::SCWMssOS::make -C ps7_cortexa9_0/libsrc/scutimer_v2_4/src -s clean 

TRACE::2025-03-26.16:34:06::SCWMssOS::make -C ps7_cortexa9_0/libsrc/scuwdt_v2_4/src -s clean 

TRACE::2025-03-26.16:34:06::SCWMssOS::make -C ps7_cortexa9_0/libsrc/sdps_v3_14/src -s clean 

TRACE::2025-03-26.16:34:07::SCWMssOS::make -C ps7_cortexa9_0/libsrc/standalone_v7_7/src -s clean 

TRACE::2025-03-26.16:34:07::SCWMssOS::make -C ps7_cortexa9_0/libsrc/uartps_v3_11/src -s clean 

TRACE::2025-03-26.16:34:07::SCWMssOS::make -C ps7_cortexa9_0/libsrc/usbps_v2_7/src -s clean 

TRACE::2025-03-26.16:34:07::SCWMssOS::make -C ps7_cortexa9_0/libsrc/xadcps_v2_6/src -s clean 

TRACE::2025-03-26.16:34:08::SCWMssOS::make -C ps7_cortexa9_0/libsrc/xilffs_v4_7/src -s clean 

TRACE::2025-03-26.16:34:08::SCWMssOS::rm -f ps7_cortexa9_0/lib/libxil.a

TRACE::2025-03-26.16:34:08::SCWMssOS::cleaning the bsp 
TRACE::2025-03-26.16:34:08::SCWMssOS::System Command Ran  C: & cd  C:/Users/j54mao/ECE423/ECE-423-Labs/workspace/Assignment3_platform/ps7_cortexa9_1/standalone_ps7_cortexa9_1/bsp & make clean 
TRACE::2025-03-26.16:34:08::SCWMssOS::make -C ps7_cortexa9_1/libsrc/axidma_v9_14/src -s clean 

TRACE::2025-03-26.16:34:08::SCWMssOS::make -C ps7_cortexa9_1/libsrc/axivdma_v6_11/src -s clean 

TRACE::2025-03-26.16:34:08::SCWMssOS::make -C ps7_cortexa9_1/libsrc/coresightps_dcc_v1_8/src -s clean 

TRACE::2025-03-26.16:34:08::SCWMssOS::make -C ps7_cortexa9_1/libsrc/cpu_cortexa9_v2_11/src -s clean 

TRACE::2025-03-26.16:34:08::SCWMssOS::make -C ps7_cortexa9_1/libsrc/ddrps_v1_2/src -s clean 

TRACE::2025-03-26.16:34:08::SCWMssOS::make -C ps7_cortexa9_1/libsrc/devcfg_v3_7/src -s clean 

TRACE::2025-03-26.16:34:09::SCWMssOS::make -C ps7_cortexa9_1/libsrc/dmaps_v2_8/src -s clean 

TRACE::2025-03-26.16:34:09::SCWMssOS::make -C ps7_cortexa9_1/libsrc/emacps_v3_16/src -s clean 

TRACE::2025-03-26.16:34:09::SCWMssOS::make -C ps7_cortexa9_1/libsrc/gpiops_v3_9/src -s clean 

TRACE::2025-03-26.16:34:09::SCWMssOS::make -C ps7_cortexa9_1/libsrc/iicps_v3_15/src -s clean 

TRACE::2025-03-26.16:34:09::SCWMssOS::make -C ps7_cortexa9_1/libsrc/qspips_v3_9/src -s clean 

TRACE::2025-03-26.16:34:09::SCWMssOS::make -C ps7_cortexa9_1/libsrc/scugic_v4_7/src -s clean 

TRACE::2025-03-26.16:34:09::SCWMssOS::make -C ps7_cortexa9_1/libsrc/scutimer_v2_4/src -s clean 

TRACE::2025-03-26.16:34:10::SCWMssOS::make -C ps7_cortexa9_1/libsrc/scuwdt_v2_4/src -s clean 

TRACE::2025-03-26.16:34:10::SCWMssOS::make -C ps7_cortexa9_1/libsrc/sdps_v3_14/src -s clean 

TRACE::2025-03-26.16:34:10::SCWMssOS::make -C ps7_cortexa9_1/libsrc/standalone_v7_7/src -s clean 

TRACE::2025-03-26.16:34:10::SCWMssOS::make -C ps7_cortexa9_1/libsrc/uartps_v3_11/src -s clean 

TRACE::2025-03-26.16:34:11::SCWMssOS::make -C ps7_cortexa9_1/libsrc/usbps_v2_7/src -s clean 

TRACE::2025-03-26.16:34:11::SCWMssOS::make -C ps7_cortexa9_1/libsrc/xadcps_v2_6/src -s clean 

TRACE::2025-03-26.16:34:11::SCWMssOS::make -C ps7_cortexa9_1/libsrc/xilffs_v4_7/src -s clean 

TRACE::2025-03-26.16:34:11::SCWMssOS::rm -f ps7_cortexa9_1/lib/libxil.a

LOG::2025-03-26.16:34:41::SCWPlatform::Started generating the artifacts platform Assignment3_platform
TRACE::2025-03-26.16:34:41::SCWPlatform::Sanity checking of platform is completed
LOG::2025-03-26.16:34:41::SCWPlatform::Started generating the artifacts for system configuration Assignment3_platform
LOG::2025-03-26.16:34:41::SCWSystem::Checking the domain zynq_fsbl
LOG::2025-03-26.16:34:41::SCWSystem::Doing application build for :  zynq_fsbl
TRACE::2025-03-26.16:34:41::SCWBDomain::Not a forced makefile updation, No changes are present. 
TRACE::2025-03-26.16:34:41::SCWDomain::Building the domain as part of full build :  zynq_fsbl
TRACE::2025-03-26.16:34:41::SCWPlatform::Trying to open the hw design at C:/Users/j54mao/ECE423/ECE-423-Labs/workspace/Assignment3_platform/hw/lab_prefab_wrapper.xsa
TRACE::2025-03-26.16:34:41::SCWPlatform::DSA given C:/Users/j54mao/ECE423/ECE-423-Labs/workspace/Assignment3_platform/hw/lab_prefab_wrapper.xsa
TRACE::2025-03-26.16:34:41::SCWPlatform::DSA absoulate path C:/Users/j54mao/ECE423/ECE-423-Labs/workspace/Assignment3_platform/hw/lab_prefab_wrapper.xsa
TRACE::2025-03-26.16:34:41::SCWPlatform::DSA directory C:/Users/j54mao/ECE423/ECE-423-Labs/workspace/Assignment3_platform/hw
TRACE::2025-03-26.16:34:41::SCWPlatform:: Platform Path C:/Users/j54mao/ECE423/ECE-423-Labs/workspace/Assignment3_platform/hw/lab_prefab_wrapper.xsa
TRACE::2025-03-26.16:34:41::SCWPlatform:: Unique name xilinx:pynq-z1::0.0
TRACE::2025-03-26.16:34:41::SCWPlatform::Trying to set the existing hwdb with name lab_prefab_wrapper_2
TRACE::2025-03-26.16:34:41::SCWPlatform::Opened existing hwdb lab_prefab_wrapper_2
TRACE::2025-03-26.16:34:41::SCWPlatform::Found the Hw Db part of the input DSA
TRACE::2025-03-26.16:34:41::SCWMssOS::Checking the sw design at  C:/Users/j54mao/ECE423/ECE-423-Labs/workspace/Assignment3_platform/zynq_fsbl/zynq_fsbl_bsp/system.mss
TRACE::2025-03-26.16:34:41::SCWMssOS::DEBUG:  swdes dump  C:/Users/j54mao/ECE423/ECE-423-Labs/workspace/Assignment3_platform/ps7_cortexa9_0/standalone_domain/bsp/system.mss|system_1||
C:/Users/j54mao/ECE423/ECE-423-Labs/workspace/Assignment3_platform/ps7_cortexa9_1/standalone_ps7_cortexa9_1/bsp/system.mss|system||
C:/Users/j54mao/ECE423/ECE-423-Labs/workspace/Assignment3_platform/zynq_fsbl/zynq_fsbl_bsp/system.mss|system_0||
C:/Users/j54mao/ECE423/ECE-423-Labs/workspace/assignment2_hunter_test/ps7_cortexa9_0/standalone_domain/bsp/system.mss|system_5||
C:/Users/j54mao/ECE423/ECE-423-Labs/workspace/assignment2_hunter_test/ps7_cortexa9_1/standalone_ps7_cortexa9_1/bsp/system.mss|system_6||
C:/Users/j54mao/ECE423/ECE-423-Labs/workspace/assignment2_hunter_test/zynq_fsbl/zynq_fsbl_bsp/system.mss|system_4||
C:/Users/j54mao/ECE423/ECE-423-Labs/workspace/lab_prefab_wrapper/ps7_cortexa9_0/standalone_ps7_cortexa9_0/bsp/system.mss|system_3||
C:/Users/j54mao/ECE423/ECE-423-Labs/workspace/lab_prefab_wrapper/zynq_fsbl/zynq_fsbl_bsp/system.mss|system_2||

TRACE::2025-03-26.16:34:41::SCWMssOS::Sw design exists and opened at  C:/Users/j54mao/ECE423/ECE-423-Labs/workspace/Assignment3_platform/zynq_fsbl/zynq_fsbl_bsp/system.mss
TRACE::2025-03-26.16:34:41::SCWBDomain::Completed writing the mss file at C:/Users/j54mao/ECE423/ECE-423-Labs/workspace/Assignment3_platform/zynq_fsbl/zynq_fsbl_bsp
TRACE::2025-03-26.16:34:41::SCWBDomain::bsp generated is upto date with the mss file. Skipping bsp generation.
TRACE::2025-03-26.16:34:41::SCWBDomain::Not a forced makefile updation, No changes are present. 
TRACE::2025-03-26.16:34:41::SCWBDomain::System Command Ran  C:&  cd  C:/Users/j54mao/ECE423/ECE-423-Labs/workspace/Assignment3_platform/zynq_fsbl& make -C  zynq_fsbl_bsp & make 
TRACE::2025-03-26.16:34:41::SCWBDomain::make: Entering directory 'C:/Users/j54mao/ECE423/ECE-423-Labs/workspace/Assignment3_platform/zynq_fsbl/zynq_fsbl_bsp'

TRACE::2025-03-26.16:34:41::SCWBDomain::make --no-print-directory seq_libs

TRACE::2025-03-26.16:34:41::SCWBDomain::"Running Make include in ps7_cortexa9_0/libsrc/axidma_v9_14/src"

TRACE::2025-03-26.16:34:41::SCWBDomain::make -C ps7_cortexa9_0/libsrc/axidma_v9_14/src -s include  "SHELL=CMD" "COMPILER=arm-none-eabi-gcc" "ASSEMBLER=arm-none-eabi-as
TRACE::2025-03-26.16:34:41::SCWBDomain::" "ARCHIVER=arm-none-eabi-ar" "COMPILER_FLAGS=  -O2 -c" "EXTRA_COMPILER_FLAGS=-mcpu=cortex-a9 -mfpu=vfpv3 -mfloat-abi=hard -nos
TRACE::2025-03-26.16:34:41::SCWBDomain::tartfiles -g -Wall -Wextra -fno-tree-loop-distribute-patterns -DSHAREABLE_DRR"

TRACE::2025-03-26.16:34:41::SCWBDomain::"Running Make include in ps7_cortexa9_0/libsrc/axivdma_v6_11/src"

TRACE::2025-03-26.16:34:41::SCWBDomain::make -C ps7_cortexa9_0/libsrc/axivdma_v6_11/src -s include  "SHELL=CMD" "COMPILER=arm-none-eabi-gcc" "ASSEMBLER=arm-none-eabi-a
TRACE::2025-03-26.16:34:41::SCWBDomain::s" "ARCHIVER=arm-none-eabi-ar" "COMPILER_FLAGS=  -O2 -c" "EXTRA_COMPILER_FLAGS=-mcpu=cortex-a9 -mfpu=vfpv3 -mfloat-abi=hard -no
TRACE::2025-03-26.16:34:41::SCWBDomain::startfiles -g -Wall -Wextra -fno-tree-loop-distribute-patterns -DSHAREABLE_DRR"

TRACE::2025-03-26.16:34:41::SCWBDomain::"Running Make include in ps7_cortexa9_0/libsrc/coresightps_dcc_v1_8/src"

TRACE::2025-03-26.16:34:41::SCWBDomain::make -C ps7_cortexa9_0/libsrc/coresightps_dcc_v1_8/src -s include  "SHELL=CMD" "COMPILER=arm-none-eabi-gcc" "ASSEMBLER=arm-none
TRACE::2025-03-26.16:34:41::SCWBDomain::-eabi-as" "ARCHIVER=arm-none-eabi-ar" "COMPILER_FLAGS=  -O2 -c" "EXTRA_COMPILER_FLAGS=-mcpu=cortex-a9 -mfpu=vfpv3 -mfloat-abi=h
TRACE::2025-03-26.16:34:41::SCWBDomain::ard -nostartfiles -g -Wall -Wextra -fno-tree-loop-distribute-patterns -DSHAREABLE_DRR"

TRACE::2025-03-26.16:34:41::SCWBDomain::"Running Make include in ps7_cortexa9_0/libsrc/cpu_cortexa9_v2_11/src"

TRACE::2025-03-26.16:34:41::SCWBDomain::make -C ps7_cortexa9_0/libsrc/cpu_cortexa9_v2_11/src -s include  "SHELL=CMD" "COMPILER=arm-none-eabi-gcc" "ASSEMBLER=arm-none-e
TRACE::2025-03-26.16:34:41::SCWBDomain::abi-as" "ARCHIVER=arm-none-eabi-ar" "COMPILER_FLAGS=  -O2 -c" "EXTRA_COMPILER_FLAGS=-mcpu=cortex-a9 -mfpu=vfpv3 -mfloat-abi=har
TRACE::2025-03-26.16:34:41::SCWBDomain::d -nostartfiles -g -Wall -Wextra -fno-tree-loop-distribute-patterns -DSHAREABLE_DRR"

TRACE::2025-03-26.16:34:41::SCWBDomain::"Running Make include in ps7_cortexa9_0/libsrc/ddrps_v1_2/src"

TRACE::2025-03-26.16:34:41::SCWBDomain::make -C ps7_cortexa9_0/libsrc/ddrps_v1_2/src -s include  "SHELL=CMD" "COMPILER=arm-none-eabi-gcc" "ASSEMBLER=arm-none-eabi-as" 
TRACE::2025-03-26.16:34:41::SCWBDomain::"ARCHIVER=arm-none-eabi-ar" "COMPILER_FLAGS=  -O2 -c" "EXTRA_COMPILER_FLAGS=-mcpu=cortex-a9 -mfpu=vfpv3 -mfloat-abi=hard -nosta
TRACE::2025-03-26.16:34:41::SCWBDomain::rtfiles -g -Wall -Wextra -fno-tree-loop-distribute-patterns -DSHAREABLE_DRR"

TRACE::2025-03-26.16:34:41::SCWBDomain::"Running Make include in ps7_cortexa9_0/libsrc/devcfg_v3_7/src"

TRACE::2025-03-26.16:34:41::SCWBDomain::make -C ps7_cortexa9_0/libsrc/devcfg_v3_7/src -s include  "SHELL=CMD" "COMPILER=arm-none-eabi-gcc" "ASSEMBLER=arm-none-eabi-as"
TRACE::2025-03-26.16:34:41::SCWBDomain:: "ARCHIVER=arm-none-eabi-ar" "COMPILER_FLAGS=  -O2 -c" "EXTRA_COMPILER_FLAGS=-mcpu=cortex-a9 -mfpu=vfpv3 -mfloat-abi=hard -nost
TRACE::2025-03-26.16:34:41::SCWBDomain::artfiles -g -Wall -Wextra -fno-tree-loop-distribute-patterns -DSHAREABLE_DRR"

TRACE::2025-03-26.16:34:41::SCWBDomain::"Running Make include in ps7_cortexa9_0/libsrc/dmaps_v2_8/src"

TRACE::2025-03-26.16:34:41::SCWBDomain::make -C ps7_cortexa9_0/libsrc/dmaps_v2_8/src -s include  "SHELL=CMD" "COMPILER=arm-none-eabi-gcc" "ASSEMBLER=arm-none-eabi-as" 
TRACE::2025-03-26.16:34:41::SCWBDomain::"ARCHIVER=arm-none-eabi-ar" "COMPILER_FLAGS=  -O2 -c" "EXTRA_COMPILER_FLAGS=-mcpu=cortex-a9 -mfpu=vfpv3 -mfloat-abi=hard -nosta
TRACE::2025-03-26.16:34:41::SCWBDomain::rtfiles -g -Wall -Wextra -fno-tree-loop-distribute-patterns -DSHAREABLE_DRR"

TRACE::2025-03-26.16:34:42::SCWBDomain::"Running Make include in ps7_cortexa9_0/libsrc/emacps_v3_16/src"

TRACE::2025-03-26.16:34:42::SCWBDomain::make -C ps7_cortexa9_0/libsrc/emacps_v3_16/src -s include  "SHELL=CMD" "COMPILER=arm-none-eabi-gcc" "ASSEMBLER=arm-none-eabi-as
TRACE::2025-03-26.16:34:42::SCWBDomain::" "ARCHIVER=arm-none-eabi-ar" "COMPILER_FLAGS=  -O2 -c" "EXTRA_COMPILER_FLAGS=-mcpu=cortex-a9 -mfpu=vfpv3 -mfloat-abi=hard -nos
TRACE::2025-03-26.16:34:42::SCWBDomain::tartfiles -g -Wall -Wextra -fno-tree-loop-distribute-patterns -DSHAREABLE_DRR"

TRACE::2025-03-26.16:34:42::SCWBDomain::"Running Make include in ps7_cortexa9_0/libsrc/gpiops_v3_9/src"

TRACE::2025-03-26.16:34:42::SCWBDomain::make -C ps7_cortexa9_0/libsrc/gpiops_v3_9/src -s include  "SHELL=CMD" "COMPILER=arm-none-eabi-gcc" "ASSEMBLER=arm-none-eabi-as"
TRACE::2025-03-26.16:34:42::SCWBDomain:: "ARCHIVER=arm-none-eabi-ar" "COMPILER_FLAGS=  -O2 -c" "EXTRA_COMPILER_FLAGS=-mcpu=cortex-a9 -mfpu=vfpv3 -mfloat-abi=hard -nost
TRACE::2025-03-26.16:34:42::SCWBDomain::artfiles -g -Wall -Wextra -fno-tree-loop-distribute-patterns -DSHAREABLE_DRR"

TRACE::2025-03-26.16:34:42::SCWBDomain::"Running Make include in ps7_cortexa9_0/libsrc/iicps_v3_15/src"

TRACE::2025-03-26.16:34:42::SCWBDomain::make -C ps7_cortexa9_0/libsrc/iicps_v3_15/src -s include  "SHELL=CMD" "COMPILER=arm-none-eabi-gcc" "ASSEMBLER=arm-none-eabi-as"
TRACE::2025-03-26.16:34:42::SCWBDomain:: "ARCHIVER=arm-none-eabi-ar" "COMPILER_FLAGS=  -O2 -c" "EXTRA_COMPILER_FLAGS=-mcpu=cortex-a9 -mfpu=vfpv3 -mfloat-abi=hard -nost
TRACE::2025-03-26.16:34:42::SCWBDomain::artfiles -g -Wall -Wextra -fno-tree-loop-distribute-patterns -DSHAREABLE_DRR"

TRACE::2025-03-26.16:34:42::SCWBDomain::"Running Make include in ps7_cortexa9_0/libsrc/qspips_v3_9/src"

TRACE::2025-03-26.16:34:42::SCWBDomain::make -C ps7_cortexa9_0/libsrc/qspips_v3_9/src -s include  "SHELL=CMD" "COMPILER=arm-none-eabi-gcc" "ASSEMBLER=arm-none-eabi-as"
TRACE::2025-03-26.16:34:42::SCWBDomain:: "ARCHIVER=arm-none-eabi-ar" "COMPILER_FLAGS=  -O2 -c" "EXTRA_COMPILER_FLAGS=-mcpu=cortex-a9 -mfpu=vfpv3 -mfloat-abi=hard -nost
TRACE::2025-03-26.16:34:42::SCWBDomain::artfiles -g -Wall -Wextra -fno-tree-loop-distribute-patterns -DSHAREABLE_DRR"

TRACE::2025-03-26.16:34:42::SCWBDomain::"Running Make include in ps7_cortexa9_0/libsrc/scugic_v4_7/src"

TRACE::2025-03-26.16:34:42::SCWBDomain::make -C ps7_cortexa9_0/libsrc/scugic_v4_7/src -s include  "SHELL=CMD" "COMPILER=arm-none-eabi-gcc" "ASSEMBLER=arm-none-eabi-as"
TRACE::2025-03-26.16:34:42::SCWBDomain:: "ARCHIVER=arm-none-eabi-ar" "COMPILER_FLAGS=  -O2 -c" "EXTRA_COMPILER_FLAGS=-mcpu=cortex-a9 -mfpu=vfpv3 -mfloat-abi=hard -nost
TRACE::2025-03-26.16:34:42::SCWBDomain::artfiles -g -Wall -Wextra -fno-tree-loop-distribute-patterns -DSHAREABLE_DRR"

TRACE::2025-03-26.16:34:42::SCWBDomain::"Running Make include in ps7_cortexa9_0/libsrc/scutimer_v2_4/src"

TRACE::2025-03-26.16:34:42::SCWBDomain::make -C ps7_cortexa9_0/libsrc/scutimer_v2_4/src -s include  "SHELL=CMD" "COMPILER=arm-none-eabi-gcc" "ASSEMBLER=arm-none-eabi-a
TRACE::2025-03-26.16:34:42::SCWBDomain::s" "ARCHIVER=arm-none-eabi-ar" "COMPILER_FLAGS=  -O2 -c" "EXTRA_COMPILER_FLAGS=-mcpu=cortex-a9 -mfpu=vfpv3 -mfloat-abi=hard -no
TRACE::2025-03-26.16:34:42::SCWBDomain::startfiles -g -Wall -Wextra -fno-tree-loop-distribute-patterns -DSHAREABLE_DRR"

TRACE::2025-03-26.16:34:42::SCWBDomain::"Running Make include in ps7_cortexa9_0/libsrc/scuwdt_v2_4/src"

TRACE::2025-03-26.16:34:42::SCWBDomain::make -C ps7_cortexa9_0/libsrc/scuwdt_v2_4/src -s include  "SHELL=CMD" "COMPILER=arm-none-eabi-gcc" "ASSEMBLER=arm-none-eabi-as"
TRACE::2025-03-26.16:34:42::SCWBDomain:: "ARCHIVER=arm-none-eabi-ar" "COMPILER_FLAGS=  -O2 -c" "EXTRA_COMPILER_FLAGS=-mcpu=cortex-a9 -mfpu=vfpv3 -mfloat-abi=hard -nost
TRACE::2025-03-26.16:34:42::SCWBDomain::artfiles -g -Wall -Wextra -fno-tree-loop-distribute-patterns -DSHAREABLE_DRR"

TRACE::2025-03-26.16:34:42::SCWBDomain::"Running Make include in ps7_cortexa9_0/libsrc/sdps_v3_14/src"

TRACE::2025-03-26.16:34:42::SCWBDomain::make -C ps7_cortexa9_0/libsrc/sdps_v3_14/src -s include  "SHELL=CMD" "COMPILER=arm-none-eabi-gcc" "ASSEMBLER=arm-none-eabi-as" 
TRACE::2025-03-26.16:34:42::SCWBDomain::"ARCHIVER=arm-none-eabi-ar" "COMPILER_FLAGS=  -O2 -c" "EXTRA_COMPILER_FLAGS=-mcpu=cortex-a9 -mfpu=vfpv3 -mfloat-abi=hard -nosta
TRACE::2025-03-26.16:34:42::SCWBDomain::rtfiles -g -Wall -Wextra -fno-tree-loop-distribute-patterns -DSHAREABLE_DRR"

TRACE::2025-03-26.16:34:42::SCWBDomain::"Running Make include in ps7_cortexa9_0/libsrc/standalone_v7_7/src"

TRACE::2025-03-26.16:34:42::SCWBDomain::make -C ps7_cortexa9_0/libsrc/standalone_v7_7/src -s include  "SHELL=CMD" "COMPILER=arm-none-eabi-gcc" "ASSEMBLER=arm-none-eabi
TRACE::2025-03-26.16:34:42::SCWBDomain::-as" "ARCHIVER=arm-none-eabi-ar" "COMPILER_FLAGS=  -O2 -c" "EXTRA_COMPILER_FLAGS=-mcpu=cortex-a9 -mfpu=vfpv3 -mfloat-abi=hard -
TRACE::2025-03-26.16:34:42::SCWBDomain::nostartfiles -g -Wall -Wextra -fno-tree-loop-distribute-patterns -DSHAREABLE_DRR"

TRACE::2025-03-26.16:34:43::SCWBDomain::"Running Make include in ps7_cortexa9_0/libsrc/uartps_v3_11/src"

TRACE::2025-03-26.16:34:43::SCWBDomain::make -C ps7_cortexa9_0/libsrc/uartps_v3_11/src -s include  "SHELL=CMD" "COMPILER=arm-none-eabi-gcc" "ASSEMBLER=arm-none-eabi-as
TRACE::2025-03-26.16:34:43::SCWBDomain::" "ARCHIVER=arm-none-eabi-ar" "COMPILER_FLAGS=  -O2 -c" "EXTRA_COMPILER_FLAGS=-mcpu=cortex-a9 -mfpu=vfpv3 -mfloat-abi=hard -nos
TRACE::2025-03-26.16:34:43::SCWBDomain::tartfiles -g -Wall -Wextra -fno-tree-loop-distribute-patterns -DSHAREABLE_DRR"

TRACE::2025-03-26.16:34:43::SCWBDomain::"Running Make include in ps7_cortexa9_0/libsrc/usbps_v2_7/src"

TRACE::2025-03-26.16:34:43::SCWBDomain::make -C ps7_cortexa9_0/libsrc/usbps_v2_7/src -s include  "SHELL=CMD" "COMPILER=arm-none-eabi-gcc" "ASSEMBLER=arm-none-eabi-as" 
TRACE::2025-03-26.16:34:43::SCWBDomain::"ARCHIVER=arm-none-eabi-ar" "COMPILER_FLAGS=  -O2 -c" "EXTRA_COMPILER_FLAGS=-mcpu=cortex-a9 -mfpu=vfpv3 -mfloat-abi=hard -nosta
TRACE::2025-03-26.16:34:43::SCWBDomain::rtfiles -g -Wall -Wextra -fno-tree-loop-distribute-patterns -DSHAREABLE_DRR"

TRACE::2025-03-26.16:34:43::SCWBDomain::"Running Make include in ps7_cortexa9_0/libsrc/xadcps_v2_6/src"

TRACE::2025-03-26.16:34:43::SCWBDomain::make -C ps7_cortexa9_0/libsrc/xadcps_v2_6/src -s include  "SHELL=CMD" "COMPILER=arm-none-eabi-gcc" "ASSEMBLER=arm-none-eabi-as"
TRACE::2025-03-26.16:34:43::SCWBDomain:: "ARCHIVER=arm-none-eabi-ar" "COMPILER_FLAGS=  -O2 -c" "EXTRA_COMPILER_FLAGS=-mcpu=cortex-a9 -mfpu=vfpv3 -mfloat-abi=hard -nost
TRACE::2025-03-26.16:34:43::SCWBDomain::artfiles -g -Wall -Wextra -fno-tree-loop-distribute-patterns -DSHAREABLE_DRR"

TRACE::2025-03-26.16:34:43::SCWBDomain::"Running Make include in ps7_cortexa9_0/libsrc/xilffs_v4_7/src"

TRACE::2025-03-26.16:34:43::SCWBDomain::make -C ps7_cortexa9_0/libsrc/xilffs_v4_7/src -s include  "SHELL=CMD" "COMPILER=arm-none-eabi-gcc" "ASSEMBLER=arm-none-eabi-as"
TRACE::2025-03-26.16:34:43::SCWBDomain:: "ARCHIVER=arm-none-eabi-ar" "COMPILER_FLAGS=  -O2 -c" "EXTRA_COMPILER_FLAGS=-mcpu=cortex-a9 -mfpu=vfpv3 -mfloat-abi=hard -nost
TRACE::2025-03-26.16:34:43::SCWBDomain::artfiles -g -Wall -Wextra -fno-tree-loop-distribute-patterns -DSHAREABLE_DRR"

TRACE::2025-03-26.16:34:43::SCWBDomain::"Running Make include in ps7_cortexa9_0/libsrc/xilrsa_v1_6/src"

TRACE::2025-03-26.16:34:43::SCWBDomain::make -C ps7_cortexa9_0/libsrc/xilrsa_v1_6/src -s include  "SHELL=CMD" "COMPILER=arm-none-eabi-gcc" "ASSEMBLER=arm-none-eabi-as"
TRACE::2025-03-26.16:34:43::SCWBDomain:: "ARCHIVER=arm-none-eabi-ar" "COMPILER_FLAGS=  -O2 -c" "EXTRA_COMPILER_FLAGS=-mcpu=cortex-a9 -mfpu=vfpv3 -mfloat-abi=hard -nost
TRACE::2025-03-26.16:34:43::SCWBDomain::artfiles -g -Wall -Wextra -fno-tree-loop-distribute-patterns -DSHAREABLE_DRR"

TRACE::2025-03-26.16:34:43::SCWBDomain::"Running Make libs in ps7_cortexa9_0/libsrc/xilrsa_v1_6/src"

TRACE::2025-03-26.16:34:43::SCWBDomain::make -C ps7_cortexa9_0/libsrc/xilrsa_v1_6/src -s libs  "SHELL=CMD" "COMPILER=arm-none-eabi-gcc" "ASSEMBLER=arm-none-eabi-as" "A
TRACE::2025-03-26.16:34:43::SCWBDomain::RCHIVER=arm-none-eabi-ar" "COMPILER_FLAGS=  -O2 -c" "EXTRA_COMPILER_FLAGS=-mcpu=cortex-a9 -mfpu=vfpv3 -mfloat-abi=hard -nostart
TRACE::2025-03-26.16:34:43::SCWBDomain::files -g -Wall -Wextra -fno-tree-loop-distribute-patterns -DSHAREABLE_DRR"

TRACE::2025-03-26.16:34:43::SCWBDomain::'Finished building libraries sequentially.'

TRACE::2025-03-26.16:34:43::SCWBDomain::make -j 2 --no-print-directory par_libs

TRACE::2025-03-26.16:34:43::SCWBDomain::"Running Make include in ps7_cortexa9_0/libsrc/axivdma_v6_11/src"

TRACE::2025-03-26.16:34:43::SCWBDomain::"Running Make include in ps7_cortexa9_0/libsrc/axidma_v9_14/src"

TRACE::2025-03-26.16:34:43::SCWBDomain::make -C ps7_cortexa9_0/libsrc/axidma_v9_14/src -s include  "SHELL=CMD" "COMPILER=arm-none-eabi-gcc" "ASSEMBLER=arm-none-eabi-as
TRACE::2025-03-26.16:34:43::SCWBDomain::" "ARCHIVER=arm-none-eabi-ar" "COMPILER_FLAGS=  -O2 -c" "EXTRA_COMPILER_FLAGS=-mcpu=cortex-a9 -mfpu=vfpv3 -mfloat-abi=hard -nos
TRACE::2025-03-26.16:34:43::SCWBDomain::tartfiles -g -Wall -Wextra -fno-tree-loop-distribute-patterns -DSHAREABLE_DRR"

TRACE::2025-03-26.16:34:43::SCWBDomain::make -C ps7_cortexa9_0/libsrc/axivdma_v6_11/src -s include  "SHELL=CMD" "COMPILER=arm-none-eabi-gcc" "ASSEMBLER=arm-none-eabi-a
TRACE::2025-03-26.16:34:43::SCWBDomain::s" "ARCHIVER=arm-none-eabi-ar" "COMPILER_FLAGS=  -O2 -c" "EXTRA_COMPILER_FLAGS=-mcpu=cortex-a9 -mfpu=vfpv3 -mfloat-abi=hard -no
TRACE::2025-03-26.16:34:43::SCWBDomain::startfiles -g -Wall -Wextra -fno-tree-loop-distribute-patterns -DSHAREABLE_DRR"

TRACE::2025-03-26.16:34:43::SCWBDomain::"Running Make include in ps7_cortexa9_0/libsrc/cpu_cortexa9_v2_11/src"

TRACE::2025-03-26.16:34:43::SCWBDomain::make -C ps7_cortexa9_0/libsrc/cpu_cortexa9_v2_11/src -s include  "SHELL=CMD" "COMPILER=arm-none-eabi-gcc" "ASSEMBLER=arm-none-e
TRACE::2025-03-26.16:34:43::SCWBDomain::abi-as" "ARCHIVER=arm-none-eabi-ar" "COMPILER_FLAGS=  -O2 -c" "EXTRA_COMPILER_FLAGS=-mcpu=cortex-a9 -mfpu=vfpv3 -mfloat-abi=har
TRACE::2025-03-26.16:34:43::SCWBDomain::d -nostartfiles -g -Wall -Wextra -fno-tree-loop-distribute-patterns -DSHAREABLE_DRR"

TRACE::2025-03-26.16:34:43::SCWBDomain::"Running Make include in ps7_cortexa9_0/libsrc/coresightps_dcc_v1_8/src"

TRACE::2025-03-26.16:34:43::SCWBDomain::make -C ps7_cortexa9_0/libsrc/coresightps_dcc_v1_8/src -s include  "SHELL=CMD" "COMPILER=arm-none-eabi-gcc" "ASSEMBLER=arm-none
TRACE::2025-03-26.16:34:43::SCWBDomain::-eabi-as" "ARCHIVER=arm-none-eabi-ar" "COMPILER_FLAGS=  -O2 -c" "EXTRA_COMPILER_FLAGS=-mcpu=cortex-a9 -mfpu=vfpv3 -mfloat-abi=h
TRACE::2025-03-26.16:34:43::SCWBDomain::ard -nostartfiles -g -Wall -Wextra -fno-tree-loop-distribute-patterns -DSHAREABLE_DRR"

TRACE::2025-03-26.16:34:44::SCWBDomain::"Running Make include in ps7_cortexa9_0/libsrc/ddrps_v1_2/src"

TRACE::2025-03-26.16:34:44::SCWBDomain::make -C ps7_cortexa9_0/libsrc/ddrps_v1_2/src -s include  "SHELL=CMD" "COMPILER=arm-none-eabi-gcc" "ASSEMBLER=arm-none-eabi-as" 
TRACE::2025-03-26.16:34:44::SCWBDomain::"ARCHIVER=arm-none-eabi-ar" "COMPILER_FLAGS=  -O2 -c" "EXTRA_COMPILER_FLAGS=-mcpu=cortex-a9 -mfpu=vfpv3 -mfloat-abi=hard -nosta
TRACE::2025-03-26.16:34:44::SCWBDomain::rtfiles -g -Wall -Wextra -fno-tree-loop-distribute-patterns -DSHAREABLE_DRR"

TRACE::2025-03-26.16:34:44::SCWBDomain::"Running Make include in ps7_cortexa9_0/libsrc/devcfg_v3_7/src"

TRACE::2025-03-26.16:34:44::SCWBDomain::make -C ps7_cortexa9_0/libsrc/devcfg_v3_7/src -s include  "SHELL=CMD" "COMPILER=arm-none-eabi-gcc" "ASSEMBLER=arm-none-eabi-as"
TRACE::2025-03-26.16:34:44::SCWBDomain:: "ARCHIVER=arm-none-eabi-ar" "COMPILER_FLAGS=  -O2 -c" "EXTRA_COMPILER_FLAGS=-mcpu=cortex-a9 -mfpu=vfpv3 -mfloat-abi=hard -nost
TRACE::2025-03-26.16:34:44::SCWBDomain::artfiles -g -Wall -Wextra -fno-tree-loop-distribute-patterns -DSHAREABLE_DRR"

TRACE::2025-03-26.16:34:44::SCWBDomain::"Running Make include in ps7_cortexa9_0/libsrc/dmaps_v2_8/src"

TRACE::2025-03-26.16:34:44::SCWBDomain::"Running Make include in ps7_cortexa9_0/libsrc/emacps_v3_16/src"

TRACE::2025-03-26.16:34:44::SCWBDomain::make -C ps7_cortexa9_0/libsrc/dmaps_v2_8/src -s include  "SHELL=CMD" "COMPILER=arm-none-eabi-gcc" "ASSEMBLER=arm-none-eabi-as" 
TRACE::2025-03-26.16:34:44::SCWBDomain::"ARCHIVER=arm-none-eabi-ar" "COMPILER_FLAGS=  -O2 -c" "EXTRA_COMPILER_FLAGS=-mcpu=cortex-a9 -mfpu=vfpv3 -mfloat-abi=hard -nosta
TRACE::2025-03-26.16:34:44::SCWBDomain::rtfiles -g -Wall -Wextra -fno-tree-loop-distribute-patterns -DSHAREABLE_DRR"

TRACE::2025-03-26.16:34:44::SCWBDomain::make -C ps7_cortexa9_0/libsrc/emacps_v3_16/src -s include  "SHELL=CMD" "COMPILER=arm-none-eabi-gcc" "ASSEMBLER=arm-none-eabi-as
TRACE::2025-03-26.16:34:44::SCWBDomain::" "ARCHIVER=arm-none-eabi-ar" "COMPILER_FLAGS=  -O2 -c" "EXTRA_COMPILER_FLAGS=-mcpu=cortex-a9 -mfpu=vfpv3 -mfloat-abi=hard -nos
TRACE::2025-03-26.16:34:44::SCWBDomain::tartfiles -g -Wall -Wextra -fno-tree-loop-distribute-patterns -DSHAREABLE_DRR"

TRACE::2025-03-26.16:34:44::SCWBDomain::"Running Make include in ps7_cortexa9_0/libsrc/gpiops_v3_9/src"

TRACE::2025-03-26.16:34:44::SCWBDomain::"Running Make include in ps7_cortexa9_0/libsrc/iicps_v3_15/src"

TRACE::2025-03-26.16:34:44::SCWBDomain::make -C ps7_cortexa9_0/libsrc/gpiops_v3_9/src -s include  "SHELL=CMD" "COMPILER=arm-none-eabi-gcc" "ASSEMBLER=arm-none-eabi-as"
TRACE::2025-03-26.16:34:44::SCWBDomain:: "ARCHIVER=arm-none-eabi-ar" "COMPILER_FLAGS=  -O2 -c" "EXTRA_COMPILER_FLAGS=-mcpu=cortex-a9 -mfpu=vfpv3 -mfloat-abi=hard -nost
TRACE::2025-03-26.16:34:44::SCWBDomain::artfiles -g -Wall -Wextra -fno-tree-loop-distribute-patterns -DSHAREABLE_DRR"

TRACE::2025-03-26.16:34:44::SCWBDomain::make -C ps7_cortexa9_0/libsrc/iicps_v3_15/src -s include  "SHELL=CMD" "COMPILER=arm-none-eabi-gcc" "ASSEMBLER=arm-none-eabi-as"
TRACE::2025-03-26.16:34:44::SCWBDomain:: "ARCHIVER=arm-none-eabi-ar" "COMPILER_FLAGS=  -O2 -c" "EXTRA_COMPILER_FLAGS=-mcpu=cortex-a9 -mfpu=vfpv3 -mfloat-abi=hard -nost
TRACE::2025-03-26.16:34:44::SCWBDomain::artfiles -g -Wall -Wextra -fno-tree-loop-distribute-patterns -DSHAREABLE_DRR"

TRACE::2025-03-26.16:34:44::SCWBDomain::"Running Make include in ps7_cortexa9_0/libsrc/qspips_v3_9/src"

TRACE::2025-03-26.16:34:44::SCWBDomain::make -C ps7_cortexa9_0/libsrc/qspips_v3_9/src -s include  "SHELL=CMD" "COMPILER=arm-none-eabi-gcc" "ASSEMBLER=arm-none-eabi-as"
TRACE::2025-03-26.16:34:44::SCWBDomain:: "ARCHIVER=arm-none-eabi-ar" "COMPILER_FLAGS=  -O2 -c" "EXTRA_COMPILER_FLAGS=-mcpu=cortex-a9 -mfpu=vfpv3 -mfloat-abi=hard -nost
TRACE::2025-03-26.16:34:44::SCWBDomain::artfiles -g -Wall -Wextra -fno-tree-loop-distribute-patterns -DSHAREABLE_DRR"

TRACE::2025-03-26.16:34:44::SCWBDomain::"Running Make include in ps7_cortexa9_0/libsrc/scugic_v4_7/src"

TRACE::2025-03-26.16:34:44::SCWBDomain::make -C ps7_cortexa9_0/libsrc/scugic_v4_7/src -s include  "SHELL=CMD" "COMPILER=arm-none-eabi-gcc" "ASSEMBLER=arm-none-eabi-as"
TRACE::2025-03-26.16:34:44::SCWBDomain:: "ARCHIVER=arm-none-eabi-ar" "COMPILER_FLAGS=  -O2 -c" "EXTRA_COMPILER_FLAGS=-mcpu=cortex-a9 -mfpu=vfpv3 -mfloat-abi=hard -nost
TRACE::2025-03-26.16:34:44::SCWBDomain::artfiles -g -Wall -Wextra -fno-tree-loop-distribute-patterns -DSHAREABLE_DRR"

TRACE::2025-03-26.16:34:44::SCWBDomain::"Running Make include in ps7_cortexa9_0/libsrc/scutimer_v2_4/src"

TRACE::2025-03-26.16:34:44::SCWBDomain::make -C ps7_cortexa9_0/libsrc/scutimer_v2_4/src -s include  "SHELL=CMD" "COMPILER=arm-none-eabi-gcc" "ASSEMBLER=arm-none-eabi-a
TRACE::2025-03-26.16:34:44::SCWBDomain::s" "ARCHIVER=arm-none-eabi-ar" "COMPILER_FLAGS=  -O2 -c" "EXTRA_COMPILER_FLAGS=-mcpu=cortex-a9 -mfpu=vfpv3 -mfloat-abi=hard -no
TRACE::2025-03-26.16:34:44::SCWBDomain::startfiles -g -Wall -Wextra -fno-tree-loop-distribute-patterns -DSHAREABLE_DRR"

TRACE::2025-03-26.16:34:44::SCWBDomain::"Running Make include in ps7_cortexa9_0/libsrc/scuwdt_v2_4/src"

TRACE::2025-03-26.16:34:44::SCWBDomain::make -C ps7_cortexa9_0/libsrc/scuwdt_v2_4/src -s include  "SHELL=CMD" "COMPILER=arm-none-eabi-gcc" "ASSEMBLER=arm-none-eabi-as"
TRACE::2025-03-26.16:34:44::SCWBDomain:: "ARCHIVER=arm-none-eabi-ar" "COMPILER_FLAGS=  -O2 -c" "EXTRA_COMPILER_FLAGS=-mcpu=cortex-a9 -mfpu=vfpv3 -mfloat-abi=hard -nost
TRACE::2025-03-26.16:34:44::SCWBDomain::artfiles -g -Wall -Wextra -fno-tree-loop-distribute-patterns -DSHAREABLE_DRR"

TRACE::2025-03-26.16:34:44::SCWBDomain::"Running Make include in ps7_cortexa9_0/libsrc/sdps_v3_14/src"

TRACE::2025-03-26.16:34:44::SCWBDomain::make -C ps7_cortexa9_0/libsrc/sdps_v3_14/src -s include  "SHELL=CMD" "COMPILER=arm-none-eabi-gcc" "ASSEMBLER=arm-none-eabi-as" 
TRACE::2025-03-26.16:34:44::SCWBDomain::"ARCHIVER=arm-none-eabi-ar" "COMPILER_FLAGS=  -O2 -c" "EXTRA_COMPILER_FLAGS=-mcpu=cortex-a9 -mfpu=vfpv3 -mfloat-abi=hard -nosta
TRACE::2025-03-26.16:34:44::SCWBDomain::rtfiles -g -Wall -Wextra -fno-tree-loop-distribute-patterns -DSHAREABLE_DRR"

TRACE::2025-03-26.16:34:44::SCWBDomain::"Running Make include in ps7_cortexa9_0/libsrc/standalone_v7_7/src"

TRACE::2025-03-26.16:34:44::SCWBDomain::make -C ps7_cortexa9_0/libsrc/standalone_v7_7/src -s include  "SHELL=CMD" "COMPILER=arm-none-eabi-gcc" "ASSEMBLER=arm-none-eabi
TRACE::2025-03-26.16:34:44::SCWBDomain::-as" "ARCHIVER=arm-none-eabi-ar" "COMPILER_FLAGS=  -O2 -c" "EXTRA_COMPILER_FLAGS=-mcpu=cortex-a9 -mfpu=vfpv3 -mfloat-abi=hard -
TRACE::2025-03-26.16:34:44::SCWBDomain::nostartfiles -g -Wall -Wextra -fno-tree-loop-distribute-patterns -DSHAREABLE_DRR"

TRACE::2025-03-26.16:34:44::SCWBDomain::"Running Make include in ps7_cortexa9_0/libsrc/uartps_v3_11/src"

TRACE::2025-03-26.16:34:44::SCWBDomain::make -C ps7_cortexa9_0/libsrc/uartps_v3_11/src -s include  "SHELL=CMD" "COMPILER=arm-none-eabi-gcc" "ASSEMBLER=arm-none-eabi-as
TRACE::2025-03-26.16:34:44::SCWBDomain::" "ARCHIVER=arm-none-eabi-ar" "COMPILER_FLAGS=  -O2 -c" "EXTRA_COMPILER_FLAGS=-mcpu=cortex-a9 -mfpu=vfpv3 -mfloat-abi=hard -nos
TRACE::2025-03-26.16:34:44::SCWBDomain::tartfiles -g -Wall -Wextra -fno-tree-loop-distribute-patterns -DSHAREABLE_DRR"

TRACE::2025-03-26.16:34:44::SCWBDomain::"Running Make include in ps7_cortexa9_0/libsrc/usbps_v2_7/src"

TRACE::2025-03-26.16:34:44::SCWBDomain::make -C ps7_cortexa9_0/libsrc/usbps_v2_7/src -s include  "SHELL=CMD" "COMPILER=arm-none-eabi-gcc" "ASSEMBLER=arm-none-eabi-as" 
TRACE::2025-03-26.16:34:44::SCWBDomain::"ARCHIVER=arm-none-eabi-ar" "COMPILER_FLAGS=  -O2 -c" "EXTRA_COMPILER_FLAGS=-mcpu=cortex-a9 -mfpu=vfpv3 -mfloat-abi=hard -nosta
TRACE::2025-03-26.16:34:44::SCWBDomain::rtfiles -g -Wall -Wextra -fno-tree-loop-distribute-patterns -DSHAREABLE_DRR"

TRACE::2025-03-26.16:34:44::SCWBDomain::"Running Make include in ps7_cortexa9_0/libsrc/xadcps_v2_6/src"

TRACE::2025-03-26.16:34:44::SCWBDomain::make -C ps7_cortexa9_0/libsrc/xadcps_v2_6/src -s include  "SHELL=CMD" "COMPILER=arm-none-eabi-gcc" "ASSEMBLER=arm-none-eabi-as"
TRACE::2025-03-26.16:34:44::SCWBDomain:: "ARCHIVER=arm-none-eabi-ar" "COMPILER_FLAGS=  -O2 -c" "EXTRA_COMPILER_FLAGS=-mcpu=cortex-a9 -mfpu=vfpv3 -mfloat-abi=hard -nost
TRACE::2025-03-26.16:34:44::SCWBDomain::artfiles -g -Wall -Wextra -fno-tree-loop-distribute-patterns -DSHAREABLE_DRR"

TRACE::2025-03-26.16:34:44::SCWBDomain::"Running Make include in ps7_cortexa9_0/libsrc/xilffs_v4_7/src"

TRACE::2025-03-26.16:34:44::SCWBDomain::make -C ps7_cortexa9_0/libsrc/xilffs_v4_7/src -s include  "SHELL=CMD" "COMPILER=arm-none-eabi-gcc" "ASSEMBLER=arm-none-eabi-as"
TRACE::2025-03-26.16:34:44::SCWBDomain:: "ARCHIVER=arm-none-eabi-ar" "COMPILER_FLAGS=  -O2 -c" "EXTRA_COMPILER_FLAGS=-mcpu=cortex-a9 -mfpu=vfpv3 -mfloat-abi=hard -nost
TRACE::2025-03-26.16:34:44::SCWBDomain::artfiles -g -Wall -Wextra -fno-tree-loop-distribute-patterns -DSHAREABLE_DRR"

TRACE::2025-03-26.16:34:44::SCWBDomain::"Running Make include in ps7_cortexa9_0/libsrc/xilrsa_v1_6/src"

TRACE::2025-03-26.16:34:44::SCWBDomain::make -C ps7_cortexa9_0/libsrc/xilrsa_v1_6/src -s include  "SHELL=CMD" "COMPILER=arm-none-eabi-gcc" "ASSEMBLER=arm-none-eabi-as"
TRACE::2025-03-26.16:34:44::SCWBDomain:: "ARCHIVER=arm-none-eabi-ar" "COMPILER_FLAGS=  -O2 -c" "EXTRA_COMPILER_FLAGS=-mcpu=cortex-a9 -mfpu=vfpv3 -mfloat-abi=hard -nost
TRACE::2025-03-26.16:34:44::SCWBDomain::artfiles -g -Wall -Wextra -fno-tree-loop-distribute-patterns -DSHAREABLE_DRR"

TRACE::2025-03-26.16:34:45::SCWBDomain::"Running Make libs in ps7_cortexa9_0/libsrc/axidma_v9_14/src"

TRACE::2025-03-26.16:34:45::SCWBDomain::make -C ps7_cortexa9_0/libsrc/axidma_v9_14/src -s libs  "SHELL=CMD" "COMPILER=arm-none-eabi-gcc" "ASSEMBLER=arm-none-eabi-as" "
TRACE::2025-03-26.16:34:45::SCWBDomain::ARCHIVER=arm-none-eabi-ar" "COMPILER_FLAGS=  -O2 -c" "EXTRA_COMPILER_FLAGS=-mcpu=cortex-a9 -mfpu=vfpv3 -mfloat-abi=hard -nostar
TRACE::2025-03-26.16:34:45::SCWBDomain::tfiles -g -Wall -Wextra -fno-tree-loop-distribute-patterns -DSHAREABLE_DRR"

TRACE::2025-03-26.16:34:45::SCWBDomain::"Running Make libs in ps7_cortexa9_0/libsrc/axivdma_v6_11/src"

TRACE::2025-03-26.16:34:45::SCWBDomain::make -C ps7_cortexa9_0/libsrc/axivdma_v6_11/src -s libs  "SHELL=CMD" "COMPILER=arm-none-eabi-gcc" "ASSEMBLER=arm-none-eabi-as" 
TRACE::2025-03-26.16:34:45::SCWBDomain::"ARCHIVER=arm-none-eabi-ar" "COMPILER_FLAGS=  -O2 -c" "EXTRA_COMPILER_FLAGS=-mcpu=cortex-a9 -mfpu=vfpv3 -mfloat-abi=hard -nosta
TRACE::2025-03-26.16:34:45::SCWBDomain::rtfiles -g -Wall -Wextra -fno-tree-loop-distribute-patterns -DSHAREABLE_DRR"

TRACE::2025-03-26.16:34:46::SCWBDomain::"Running Make libs in ps7_cortexa9_0/libsrc/coresightps_dcc_v1_8/src"

TRACE::2025-03-26.16:34:46::SCWBDomain::make -C ps7_cortexa9_0/libsrc/coresightps_dcc_v1_8/src -s libs  "SHELL=CMD" "COMPILER=arm-none-eabi-gcc" "ASSEMBLER=arm-none-ea
TRACE::2025-03-26.16:34:46::SCWBDomain::bi-as" "ARCHIVER=arm-none-eabi-ar" "COMPILER_FLAGS=  -O2 -c" "EXTRA_COMPILER_FLAGS=-mcpu=cortex-a9 -mfpu=vfpv3 -mfloat-abi=hard
TRACE::2025-03-26.16:34:46::SCWBDomain:: -nostartfiles -g -Wall -Wextra -fno-tree-loop-distribute-patterns -DSHAREABLE_DRR"

TRACE::2025-03-26.16:34:46::SCWBDomain::"Running Make libs in ps7_cortexa9_0/libsrc/cpu_cortexa9_v2_11/src"

TRACE::2025-03-26.16:34:46::SCWBDomain::make -C ps7_cortexa9_0/libsrc/cpu_cortexa9_v2_11/src -s libs  "SHELL=CMD" "COMPILER=arm-none-eabi-gcc" "ASSEMBLER=arm-none-eabi
TRACE::2025-03-26.16:34:46::SCWBDomain::-as" "ARCHIVER=arm-none-eabi-ar" "COMPILER_FLAGS=  -O2 -c" "EXTRA_COMPILER_FLAGS=-mcpu=cortex-a9 -mfpu=vfpv3 -mfloat-abi=hard -
TRACE::2025-03-26.16:34:46::SCWBDomain::nostartfiles -g -Wall -Wextra -fno-tree-loop-distribute-patterns -DSHAREABLE_DRR"

TRACE::2025-03-26.16:34:46::SCWBDomain::"Running Make libs in ps7_cortexa9_0/libsrc/ddrps_v1_2/src"

TRACE::2025-03-26.16:34:46::SCWBDomain::make -C ps7_cortexa9_0/libsrc/ddrps_v1_2/src -s libs  "SHELL=CMD" "COMPILER=arm-none-eabi-gcc" "ASSEMBLER=arm-none-eabi-as" "AR
TRACE::2025-03-26.16:34:46::SCWBDomain::CHIVER=arm-none-eabi-ar" "COMPILER_FLAGS=  -O2 -c" "EXTRA_COMPILER_FLAGS=-mcpu=cortex-a9 -mfpu=vfpv3 -mfloat-abi=hard -nostartf
TRACE::2025-03-26.16:34:46::SCWBDomain::iles -g -Wall -Wextra -fno-tree-loop-distribute-patterns -DSHAREABLE_DRR"

TRACE::2025-03-26.16:34:46::SCWBDomain::"Running Make libs in ps7_cortexa9_0/libsrc/devcfg_v3_7/src"

TRACE::2025-03-26.16:34:46::SCWBDomain::make -C ps7_cortexa9_0/libsrc/devcfg_v3_7/src -s libs  "SHELL=CMD" "COMPILER=arm-none-eabi-gcc" "ASSEMBLER=arm-none-eabi-as" "A
TRACE::2025-03-26.16:34:46::SCWBDomain::RCHIVER=arm-none-eabi-ar" "COMPILER_FLAGS=  -O2 -c" "EXTRA_COMPILER_FLAGS=-mcpu=cortex-a9 -mfpu=vfpv3 -mfloat-abi=hard -nostart
TRACE::2025-03-26.16:34:46::SCWBDomain::files -g -Wall -Wextra -fno-tree-loop-distribute-patterns -DSHAREABLE_DRR"

TRACE::2025-03-26.16:34:46::SCWBDomain::"Running Make libs in ps7_cortexa9_0/libsrc/dmaps_v2_8/src"

TRACE::2025-03-26.16:34:46::SCWBDomain::make -C ps7_cortexa9_0/libsrc/dmaps_v2_8/src -s libs  "SHELL=CMD" "COMPILER=arm-none-eabi-gcc" "ASSEMBLER=arm-none-eabi-as" "AR
TRACE::2025-03-26.16:34:46::SCWBDomain::CHIVER=arm-none-eabi-ar" "COMPILER_FLAGS=  -O2 -c" "EXTRA_COMPILER_FLAGS=-mcpu=cortex-a9 -mfpu=vfpv3 -mfloat-abi=hard -nostartf
TRACE::2025-03-26.16:34:46::SCWBDomain::iles -g -Wall -Wextra -fno-tree-loop-distribute-patterns -DSHAREABLE_DRR"

TRACE::2025-03-26.16:34:48::SCWBDomain::"Running Make libs in ps7_cortexa9_0/libsrc/emacps_v3_16/src"

TRACE::2025-03-26.16:34:48::SCWBDomain::make -C ps7_cortexa9_0/libsrc/emacps_v3_16/src -s libs  "SHELL=CMD" "COMPILER=arm-none-eabi-gcc" "ASSEMBLER=arm-none-eabi-as" "
TRACE::2025-03-26.16:34:48::SCWBDomain::ARCHIVER=arm-none-eabi-ar" "COMPILER_FLAGS=  -O2 -c" "EXTRA_COMPILER_FLAGS=-mcpu=cortex-a9 -mfpu=vfpv3 -mfloat-abi=hard -nostar
TRACE::2025-03-26.16:34:48::SCWBDomain::tfiles -g -Wall -Wextra -fno-tree-loop-distribute-patterns -DSHAREABLE_DRR"

TRACE::2025-03-26.16:34:48::SCWBDomain::"Running Make libs in ps7_cortexa9_0/libsrc/gpiops_v3_9/src"

TRACE::2025-03-26.16:34:48::SCWBDomain::make -C ps7_cortexa9_0/libsrc/gpiops_v3_9/src -s libs  "SHELL=CMD" "COMPILER=arm-none-eabi-gcc" "ASSEMBLER=arm-none-eabi-as" "A
TRACE::2025-03-26.16:34:48::SCWBDomain::RCHIVER=arm-none-eabi-ar" "COMPILER_FLAGS=  -O2 -c" "EXTRA_COMPILER_FLAGS=-mcpu=cortex-a9 -mfpu=vfpv3 -mfloat-abi=hard -nostart
TRACE::2025-03-26.16:34:48::SCWBDomain::files -g -Wall -Wextra -fno-tree-loop-distribute-patterns -DSHAREABLE_DRR"

TRACE::2025-03-26.16:34:49::SCWBDomain::"Running Make libs in ps7_cortexa9_0/libsrc/iicps_v3_15/src"

TRACE::2025-03-26.16:34:49::SCWBDomain::make -C ps7_cortexa9_0/libsrc/iicps_v3_15/src -s libs  "SHELL=CMD" "COMPILER=arm-none-eabi-gcc" "ASSEMBLER=arm-none-eabi-as" "A
TRACE::2025-03-26.16:34:49::SCWBDomain::RCHIVER=arm-none-eabi-ar" "COMPILER_FLAGS=  -O2 -c" "EXTRA_COMPILER_FLAGS=-mcpu=cortex-a9 -mfpu=vfpv3 -mfloat-abi=hard -nostart
TRACE::2025-03-26.16:34:49::SCWBDomain::files -g -Wall -Wextra -fno-tree-loop-distribute-patterns -DSHAREABLE_DRR"

TRACE::2025-03-26.16:34:49::SCWBDomain::"Running Make libs in ps7_cortexa9_0/libsrc/qspips_v3_9/src"

TRACE::2025-03-26.16:34:49::SCWBDomain::make -C ps7_cortexa9_0/libsrc/qspips_v3_9/src -s libs  "SHELL=CMD" "COMPILER=arm-none-eabi-gcc" "ASSEMBLER=arm-none-eabi-as" "A
TRACE::2025-03-26.16:34:49::SCWBDomain::RCHIVER=arm-none-eabi-ar" "COMPILER_FLAGS=  -O2 -c" "EXTRA_COMPILER_FLAGS=-mcpu=cortex-a9 -mfpu=vfpv3 -mfloat-abi=hard -nostart
TRACE::2025-03-26.16:34:49::SCWBDomain::files -g -Wall -Wextra -fno-tree-loop-distribute-patterns -DSHAREABLE_DRR"

TRACE::2025-03-26.16:34:51::SCWBDomain::"Running Make libs in ps7_cortexa9_0/libsrc/scugic_v4_7/src"

TRACE::2025-03-26.16:34:51::SCWBDomain::make -C ps7_cortexa9_0/libsrc/scugic_v4_7/src -s libs  "SHELL=CMD" "COMPILER=arm-none-eabi-gcc" "ASSEMBLER=arm-none-eabi-as" "A
TRACE::2025-03-26.16:34:51::SCWBDomain::RCHIVER=arm-none-eabi-ar" "COMPILER_FLAGS=  -O2 -c" "EXTRA_COMPILER_FLAGS=-mcpu=cortex-a9 -mfpu=vfpv3 -mfloat-abi=hard -nostart
TRACE::2025-03-26.16:34:51::SCWBDomain::files -g -Wall -Wextra -fno-tree-loop-distribute-patterns -DSHAREABLE_DRR"

TRACE::2025-03-26.16:34:52::SCWBDomain::"Running Make libs in ps7_cortexa9_0/libsrc/scutimer_v2_4/src"

TRACE::2025-03-26.16:34:52::SCWBDomain::make -C ps7_cortexa9_0/libsrc/scutimer_v2_4/src -s libs  "SHELL=CMD" "COMPILER=arm-none-eabi-gcc" "ASSEMBLER=arm-none-eabi-as" 
TRACE::2025-03-26.16:34:52::SCWBDomain::"ARCHIVER=arm-none-eabi-ar" "COMPILER_FLAGS=  -O2 -c" "EXTRA_COMPILER_FLAGS=-mcpu=cortex-a9 -mfpu=vfpv3 -mfloat-abi=hard -nosta
TRACE::2025-03-26.16:34:52::SCWBDomain::rtfiles -g -Wall -Wextra -fno-tree-loop-distribute-patterns -DSHAREABLE_DRR"

TRACE::2025-03-26.16:34:52::SCWBDomain::"Running Make libs in ps7_cortexa9_0/libsrc/scuwdt_v2_4/src"

TRACE::2025-03-26.16:34:52::SCWBDomain::make -C ps7_cortexa9_0/libsrc/scuwdt_v2_4/src -s libs  "SHELL=CMD" "COMPILER=arm-none-eabi-gcc" "ASSEMBLER=arm-none-eabi-as" "A
TRACE::2025-03-26.16:34:52::SCWBDomain::RCHIVER=arm-none-eabi-ar" "COMPILER_FLAGS=  -O2 -c" "EXTRA_COMPILER_FLAGS=-mcpu=cortex-a9 -mfpu=vfpv3 -mfloat-abi=hard -nostart
TRACE::2025-03-26.16:34:52::SCWBDomain::files -g -Wall -Wextra -fno-tree-loop-distribute-patterns -DSHAREABLE_DRR"

TRACE::2025-03-26.16:34:52::SCWBDomain::"Running Make libs in ps7_cortexa9_0/libsrc/sdps_v3_14/src"

TRACE::2025-03-26.16:34:52::SCWBDomain::make -C ps7_cortexa9_0/libsrc/sdps_v3_14/src -s libs  "SHELL=CMD" "COMPILER=arm-none-eabi-gcc" "ASSEMBLER=arm-none-eabi-as" "AR
TRACE::2025-03-26.16:34:52::SCWBDomain::CHIVER=arm-none-eabi-ar" "COMPILER_FLAGS=  -O2 -c" "EXTRA_COMPILER_FLAGS=-mcpu=cortex-a9 -mfpu=vfpv3 -mfloat-abi=hard -nostartf
TRACE::2025-03-26.16:34:52::SCWBDomain::iles -g -Wall -Wextra -fno-tree-loop-distribute-patterns -DSHAREABLE_DRR"

TRACE::2025-03-26.16:34:53::SCWBDomain::"Running Make libs in ps7_cortexa9_0/libsrc/standalone_v7_7/src"

TRACE::2025-03-26.16:34:53::SCWBDomain::make -C ps7_cortexa9_0/libsrc/standalone_v7_7/src -s libs  "SHELL=CMD" "COMPILER=arm-none-eabi-gcc" "ASSEMBLER=arm-none-eabi-as
TRACE::2025-03-26.16:34:53::SCWBDomain::" "ARCHIVER=arm-none-eabi-ar" "COMPILER_FLAGS=  -O2 -c" "EXTRA_COMPILER_FLAGS=-mcpu=cortex-a9 -mfpu=vfpv3 -mfloat-abi=hard -nos
TRACE::2025-03-26.16:34:53::SCWBDomain::tartfiles -g -Wall -Wextra -fno-tree-loop-distribute-patterns -DSHAREABLE_DRR"

TRACE::2025-03-26.16:34:54::SCWBDomain::"Running Make libs in ps7_cortexa9_0/libsrc/uartps_v3_11/src"

TRACE::2025-03-26.16:34:54::SCWBDomain::make -C ps7_cortexa9_0/libsrc/uartps_v3_11/src -s libs  "SHELL=CMD" "COMPILER=arm-none-eabi-gcc" "ASSEMBLER=arm-none-eabi-as" "
TRACE::2025-03-26.16:34:54::SCWBDomain::ARCHIVER=arm-none-eabi-ar" "COMPILER_FLAGS=  -O2 -c" "EXTRA_COMPILER_FLAGS=-mcpu=cortex-a9 -mfpu=vfpv3 -mfloat-abi=hard -nostar
TRACE::2025-03-26.16:34:54::SCWBDomain::tfiles -g -Wall -Wextra -fno-tree-loop-distribute-patterns -DSHAREABLE_DRR"

TRACE::2025-03-26.16:34:56::SCWBDomain::"Running Make libs in ps7_cortexa9_0/libsrc/usbps_v2_7/src"

TRACE::2025-03-26.16:34:56::SCWBDomain::make -C ps7_cortexa9_0/libsrc/usbps_v2_7/src -s libs  "SHELL=CMD" "COMPILER=arm-none-eabi-gcc" "ASSEMBLER=arm-none-eabi-as" "AR
TRACE::2025-03-26.16:34:56::SCWBDomain::CHIVER=arm-none-eabi-ar" "COMPILER_FLAGS=  -O2 -c" "EXTRA_COMPILER_FLAGS=-mcpu=cortex-a9 -mfpu=vfpv3 -mfloat-abi=hard -nostartf
TRACE::2025-03-26.16:34:56::SCWBDomain::iles -g -Wall -Wextra -fno-tree-loop-distribute-patterns -DSHAREABLE_DRR"

TRACE::2025-03-26.16:34:58::SCWBDomain::"Running Make libs in ps7_cortexa9_0/libsrc/xadcps_v2_6/src"

TRACE::2025-03-26.16:34:58::SCWBDomain::make -C ps7_cortexa9_0/libsrc/xadcps_v2_6/src -s libs  "SHELL=CMD" "COMPILER=arm-none-eabi-gcc" "ASSEMBLER=arm-none-eabi-as" "A
TRACE::2025-03-26.16:34:58::SCWBDomain::RCHIVER=arm-none-eabi-ar" "COMPILER_FLAGS=  -O2 -c" "EXTRA_COMPILER_FLAGS=-mcpu=cortex-a9 -mfpu=vfpv3 -mfloat-abi=hard -nostart
TRACE::2025-03-26.16:34:58::SCWBDomain::files -g -Wall -Wextra -fno-tree-loop-distribute-patterns -DSHAREABLE_DRR"

TRACE::2025-03-26.16:34:59::SCWBDomain::"Running Make libs in ps7_cortexa9_0/libsrc/xilffs_v4_7/src"

TRACE::2025-03-26.16:34:59::SCWBDomain::make -C ps7_cortexa9_0/libsrc/xilffs_v4_7/src -s libs  "SHELL=CMD" "COMPILER=arm-none-eabi-gcc" "ASSEMBLER=arm-none-eabi-as" "A
TRACE::2025-03-26.16:34:59::SCWBDomain::RCHIVER=arm-none-eabi-ar" "COMPILER_FLAGS=  -O2 -c" "EXTRA_COMPILER_FLAGS=-mcpu=cortex-a9 -mfpu=vfpv3 -mfloat-abi=hard -nostart
TRACE::2025-03-26.16:34:59::SCWBDomain::files -g -Wall -Wextra -fno-tree-loop-distribute-patterns -DSHAREABLE_DRR"

TRACE::2025-03-26.16:35:02::SCWBDomain::'Finished building libraries parallelly.'

TRACE::2025-03-26.16:35:02::SCWBDomain::make --no-print-directory archive

TRACE::2025-03-26.16:35:02::SCWBDomain::arm-none-eabi-ar -r  ps7_cortexa9_0/lib/libxil.a ps7_cortexa9_0/lib/xadcps_selftest.o ps7_cortexa9_0/lib/xplatform_info.o ps7_c
TRACE::2025-03-26.16:35:02::SCWBDomain::ortexa9_0/lib/xil_mem.o ps7_cortexa9_0/lib/_exit.o ps7_cortexa9_0/lib/xusbps_sinit.o ps7_cortexa9_0/lib/xdevcfg_hw.o ps7_cortex
TRACE::2025-03-26.16:35:02::SCWBDomain::a9_0/lib/xil_sleeptimer.o ps7_cortexa9_0/lib/xqspips_options.o ps7_cortexa9_0/lib/xdmaps_g.o ps7_cortexa9_0/lib/xscutimer_g.o p
TRACE::2025-03-26.16:35:02::SCWBDomain::s7_cortexa9_0/lib/xsdps_options.o ps7_cortexa9_0/lib/xil_misc_psreset_api.o ps7_cortexa9_0/lib/xdmaps_sinit.o ps7_cortexa9_0/li
TRACE::2025-03-26.16:35:02::SCWBDomain::b/xscutimer_sinit.o ps7_cortexa9_0/lib/xemacps_hw.o ps7_cortexa9_0/lib/inbyte.o ps7_cortexa9_0/lib/xscutimer_selftest.o ps7_cor
TRACE::2025-03-26.16:35:02::SCWBDomain::texa9_0/lib/putnum.o ps7_cortexa9_0/lib/xqspips_hw.o ps7_cortexa9_0/lib/xgpiops_g.o ps7_cortexa9_0/lib/xsdps.o ps7_cortexa9_0/l
TRACE::2025-03-26.16:35:02::SCWBDomain::ib/close.o ps7_cortexa9_0/lib/xemacps_g.o ps7_cortexa9_0/lib/xgpiops_sinit.o ps7_cortexa9_0/lib/xgpiops_selftest.o ps7_cortexa9
TRACE::2025-03-26.16:35:02::SCWBDomain::_0/lib/xscuwdt.o ps7_cortexa9_0/lib/xaxivdma_g.o ps7_cortexa9_0/lib/xiicps_intr.o ps7_cortexa9_0/lib/xaxivdma_sinit.o ps7_corte
TRACE::2025-03-26.16:35:02::SCWBDomain::xa9_0/lib/xuartps_sinit.o ps7_cortexa9_0/lib/time.o ps7_cortexa9_0/lib/xaxivdma_selftest.o ps7_cortexa9_0/lib/xiicps_slave.o ps
TRACE::2025-03-26.16:35:02::SCWBDomain::7_cortexa9_0/lib/xil_printf.o ps7_cortexa9_0/lib/kill.o ps7_cortexa9_0/lib/xadcps.o ps7_cortexa9_0/lib/xiicps_options.o ps7_cor
TRACE::2025-03-26.16:35:02::SCWBDomain::texa9_0/lib/xdmaps.o ps7_cortexa9_0/lib/xuartps_selftest.o ps7_cortexa9_0/lib/xuartps_g.o ps7_cortexa9_0/lib/lseek.o ps7_cortex
TRACE::2025-03-26.16:35:02::SCWBDomain::a9_0/lib/xil_testmem.o ps7_cortexa9_0/lib/xusbps_hw.o ps7_cortexa9_0/lib/xl2cc_counter.o ps7_cortexa9_0/lib/xiicps_hw.o ps7_cor
TRACE::2025-03-26.16:35:02::SCWBDomain::texa9_0/lib/asm_vectors.o ps7_cortexa9_0/lib/usleep.o ps7_cortexa9_0/lib/abort.o ps7_cortexa9_0/lib/xscugic_intr.o ps7_cortexa9
TRACE::2025-03-26.16:35:02::SCWBDomain::_0/lib/getpid.o ps7_cortexa9_0/lib/xiicps_selftest.o ps7_cortexa9_0/lib/xil_testcache.o ps7_cortexa9_0/lib/xdevcfg_sinit.o ps7_
TRACE::2025-03-26.16:35:02::SCWBDomain::cortexa9_0/lib/xgpiops.o ps7_cortexa9_0/lib/xscutimer.o ps7_cortexa9_0/lib/xdevcfg_selftest.o ps7_cortexa9_0/lib/xpm_counter.o 
TRACE::2025-03-26.16:35:02::SCWBDomain::ps7_cortexa9_0/lib/xiicps.o ps7_cortexa9_0/lib/_sbrk.o ps7_cortexa9_0/lib/xiicps_master.o ps7_cortexa9_0/lib/xqspips_g.o ps7_co
TRACE::2025-03-26.16:35:02::SCWBDomain::rtexa9_0/lib/xemacps_bdring.o ps7_cortexa9_0/lib/xusbps_endpoint.o ps7_cortexa9_0/lib/xqspips_sinit.o ps7_cortexa9_0/lib/xqspip
TRACE::2025-03-26.16:35:02::SCWBDomain::s_selftest.o ps7_cortexa9_0/lib/xil_exception.o ps7_cortexa9_0/lib/sbrk.o ps7_cortexa9_0/lib/xaxivdma.o ps7_cortexa9_0/lib/xema
TRACE::2025-03-26.16:35:02::SCWBDomain::cps_control.o ps7_cortexa9_0/lib/open.o ps7_cortexa9_0/lib/xil_assert.o ps7_cortexa9_0/lib/xaxivdma_intr.o ps7_cortexa9_0/lib/x
TRACE::2025-03-26.16:35:02::SCWBDomain::usbps_intr.o ps7_cortexa9_0/lib/xsdps_host.o ps7_cortexa9_0/lib/xcoresightpsdcc.o ps7_cortexa9_0/lib/xscugic_hw.o ps7_cortexa9_
TRACE::2025-03-26.16:35:02::SCWBDomain::0/lib/sleep.o ps7_cortexa9_0/lib/xil-crt0.o ps7_cortexa9_0/lib/cpputest_time.o ps7_cortexa9_0/lib/print.o ps7_cortexa9_0/lib/re
TRACE::2025-03-26.16:35:02::SCWBDomain::ad.o ps7_cortexa9_0/lib/xiicps_g.o ps7_cortexa9_0/lib/xdevcfg.o ps7_cortexa9_0/lib/xadcps_intr.o ps7_cortexa9_0/lib/xqspips.o p
TRACE::2025-03-26.16:35:02::SCWBDomain::s7_cortexa9_0/lib/xemacps.o ps7_cortexa9_0/lib/xil_cache.o ps7_cortexa9_0/lib/xil_testio.o ps7_cortexa9_0/lib/_open.o ps7_corte
TRACE::2025-03-26.16:35:02::SCWBDomain::xa9_0/lib/unlink.o ps7_cortexa9_0/lib/xaxidma_g.o ps7_cortexa9_0/lib/xusbps.o ps7_cortexa9_0/lib/xusbps_g.o ps7_cortexa9_0/lib/
TRACE::2025-03-26.16:35:02::SCWBDomain::xdmaps_selftest.o ps7_cortexa9_0/lib/xaxidma_sinit.o ps7_cortexa9_0/lib/xil_spinlock.o ps7_cortexa9_0/lib/translation_table.o p
TRACE::2025-03-26.16:35:02::SCWBDomain::s7_cortexa9_0/lib/xaxidma_selftest.o ps7_cortexa9_0/lib/write.o ps7_cortexa9_0/lib/xil_mmu.o ps7_cortexa9_0/lib/boot.o ps7_cort
TRACE::2025-03-26.16:35:02::SCWBDomain::exa9_0/lib/xaxivdma_channel.o ps7_cortexa9_0/lib/cpu_init.o ps7_cortexa9_0/lib/xaxidma_bd.o ps7_cortexa9_0/lib/xil_sleepcommon.
TRACE::2025-03-26.16:35:02::SCWBDomain::o ps7_cortexa9_0/lib/xgpiops_intr.o ps7_cortexa9_0/lib/xscugic_sinit.o ps7_cortexa9_0/lib/fcntl.o ps7_cortexa9_0/lib/xdevcfg_g.
TRACE::2025-03-26.16:35:02::SCWBDomain::o ps7_cortexa9_0/lib/outbyte.o ps7_cortexa9_0/lib/xinterrupt_wrap.o ps7_cortexa9_0/lib/xuartps_hw.o ps7_cortexa9_0/lib/xtime_l.
TRACE::2025-03-26.16:35:02::SCWBDomain::o ps7_cortexa9_0/lib/xemacps_sinit.o ps7_cortexa9_0/lib/xscugic_selftest.o ps7_cortexa9_0/lib/xil_util.o ps7_cortexa9_0/lib/xua
TRACE::2025-03-26.16:35:02::SCWBDomain::rtps_intr.o ps7_cortexa9_0/lib/xuartps.o ps7_cortexa9_0/lib/xsdps_card.o ps7_cortexa9_0/lib/xdmaps_hw.o ps7_cortexa9_0/lib/xsdp
TRACE::2025-03-26.16:35:02::SCWBDomain::s_sinit.o ps7_cortexa9_0/lib/xscuwdt_sinit.o ps7_cortexa9_0/lib/xgpiops_hw.o ps7_cortexa9_0/lib/xsdps_g.o ps7_cortexa9_0/lib/fs
TRACE::2025-03-26.16:35:02::SCWBDomain::tat.o ps7_cortexa9_0/lib/xaxidma.o ps7_cortexa9_0/lib/errno.o ps7_cortexa9_0/lib/xdevcfg_intr.o ps7_cortexa9_0/lib/xuartps_opti
TRACE::2025-03-26.16:35:02::SCWBDomain::ons.o ps7_cortexa9_0/lib/vectors.o ps7_cortexa9_0/lib/xscuwdt_g.o ps7_cortexa9_0/lib/xil_clocking.o ps7_cortexa9_0/lib/xemacps_
TRACE::2025-03-26.16:35:02::SCWBDomain::intr.o ps7_cortexa9_0/lib/xscuwdt_selftest.o ps7_cortexa9_0/lib/xscugic_g.o ps7_cortexa9_0/lib/isatty.o ps7_cortexa9_0/lib/xscu
TRACE::2025-03-26.16:35:02::SCWBDomain::gic.o ps7_cortexa9_0/lib/xiicps_sinit.o ps7_cortexa9_0/lib/xadcps_g.o ps7_cortexa9_0/lib/xaxidma_bdring.o ps7_cortexa9_0/lib/xa
TRACE::2025-03-26.16:35:02::SCWBDomain::dcps_sinit.o ps7_cortexa9_0/lib/xiicps_xfer.o

TRACE::2025-03-26.16:35:02::SCWBDomain::'Finished building libraries'

TRACE::2025-03-26.16:35:02::SCWBDomain::make: Leaving directory 'C:/Users/j54mao/ECE423/ECE-423-Labs/workspace/Assignment3_platform/zynq_fsbl/zynq_fsbl_bsp'

TRACE::2025-03-26.16:35:03::SCWBDomain::arm-none-eabi-gcc  -O2 -c -MMD -MP       -mcpu=cortex-a9 -mfpu=vfpv3 -mfloat-abi=hard  -c sd.c -o sd.o -Izynq_fsbl_bsp/ps7_cort
TRACE::2025-03-26.16:35:03::SCWBDomain::exa9_0/include -I.

TRACE::2025-03-26.16:35:03::SCWBDomain::arm-none-eabi-gcc  -O2 -c -MMD -MP       -mcpu=cortex-a9 -mfpu=vfpv3 -mfloat-abi=hard  -c nand.c -o nand.o -Izynq_fsbl_bsp/ps7_
TRACE::2025-03-26.16:35:03::SCWBDomain::cortexa9_0/include -I.

TRACE::2025-03-26.16:35:03::SCWBDomain::arm-none-eabi-gcc  -O2 -c -MMD -MP       -mcpu=cortex-a9 -mfpu=vfpv3 -mfloat-abi=hard  -c image_mover.c -o image_mover.o -Izynq
TRACE::2025-03-26.16:35:03::SCWBDomain::_fsbl_bsp/ps7_cortexa9_0/include -I.

TRACE::2025-03-26.16:35:03::SCWBDomain::arm-none-eabi-gcc  -O2 -c -MMD -MP       -mcpu=cortex-a9 -mfpu=vfpv3 -mfloat-abi=hard  -c md5.c -o md5.o -Izynq_fsbl_bsp/ps7_co
TRACE::2025-03-26.16:35:03::SCWBDomain::rtexa9_0/include -I.

TRACE::2025-03-26.16:35:03::SCWBDomain::arm-none-eabi-gcc  -O2 -c -MMD -MP       -mcpu=cortex-a9 -mfpu=vfpv3 -mfloat-abi=hard  -c fsbl_hooks.c -o fsbl_hooks.o -Izynq_f
TRACE::2025-03-26.16:35:03::SCWBDomain::sbl_bsp/ps7_cortexa9_0/include -I.

TRACE::2025-03-26.16:35:04::SCWBDomain::arm-none-eabi-gcc  -O2 -c -MMD -MP       -mcpu=cortex-a9 -mfpu=vfpv3 -mfloat-abi=hard  -c main.c -o main.o -Izynq_fsbl_bsp/ps7_
TRACE::2025-03-26.16:35:04::SCWBDomain::cortexa9_0/include -I.

TRACE::2025-03-26.16:35:04::SCWBDomain::arm-none-eabi-gcc  -O2 -c -MMD -MP       -mcpu=cortex-a9 -mfpu=vfpv3 -mfloat-abi=hard  -c rsa.c -o rsa.o -Izynq_fsbl_bsp/ps7_co
TRACE::2025-03-26.16:35:04::SCWBDomain::rtexa9_0/include -I.

TRACE::2025-03-26.16:35:04::SCWBDomain::arm-none-eabi-gcc  -O2 -c -MMD -MP       -mcpu=cortex-a9 -mfpu=vfpv3 -mfloat-abi=hard  -c nor.c -o nor.o -Izynq_fsbl_bsp/ps7_co
TRACE::2025-03-26.16:35:04::SCWBDomain::rtexa9_0/include -I.

TRACE::2025-03-26.16:35:04::SCWBDomain::arm-none-eabi-gcc  -O2 -c -MMD -MP       -mcpu=cortex-a9 -mfpu=vfpv3 -mfloat-abi=hard  -c qspi.c -o qspi.o -Izynq_fsbl_bsp/ps7_
TRACE::2025-03-26.16:35:04::SCWBDomain::cortexa9_0/include -I.

TRACE::2025-03-26.16:35:04::SCWBDomain::arm-none-eabi-gcc  -O2 -c -MMD -MP       -mcpu=cortex-a9 -mfpu=vfpv3 -mfloat-abi=hard  -c ps7_init.c -o ps7_init.o -Izynq_fsbl_
TRACE::2025-03-26.16:35:04::SCWBDomain::bsp/ps7_cortexa9_0/include -I.

TRACE::2025-03-26.16:35:04::SCWBDomain::arm-none-eabi-gcc  -O2 -c -MMD -MP       -mcpu=cortex-a9 -mfpu=vfpv3 -mfloat-abi=hard  -c pcap.c -o pcap.o -Izynq_fsbl_bsp/ps7_
TRACE::2025-03-26.16:35:04::SCWBDomain::cortexa9_0/include -I.

TRACE::2025-03-26.16:35:05::SCWBDomain::arm-none-eabi-gcc  -O2 -c -MMD -MP       -mcpu=cortex-a9 -mfpu=vfpv3 -mfloat-abi=hard  -c fsbl_handoff.S -o fsbl_handoff.o -Izy
TRACE::2025-03-26.16:35:05::SCWBDomain::nq_fsbl_bsp/ps7_cortexa9_0/include -I.

TRACE::2025-03-26.16:35:05::SCWBDomain::arm-none-eabi-gcc -o fsbl.elf fsbl_handoff.o fsbl_hooks.o image_mover.o main.o md5.o nand.o nor.o pcap.o ps7_init.o qspi.o rsa.
TRACE::2025-03-26.16:35:05::SCWBDomain::o sd.o -MMD -MP       -mcpu=cortex-a9 -mfpu=vfpv3 -mfloat-abi=hard   -mcpu=cortex-a9 -mfpu=vfpv3 -mfloat-abi=hard -Wl,-build-id
TRACE::2025-03-26.16:35:05::SCWBDomain::=none -specs=Xilinx.spec  -lrsa -Wl,--start-group,-lxil,-lgcc,-lc,--end-group -Wl,--start-group,-lxilffs,-lxil,-lgcc,-lc,--end-
TRACE::2025-03-26.16:35:05::SCWBDomain::group -Wl,--start-group,-lrsa,-lxil,-lgcc,-lc,--end-group                                      -Wl,--gc-sections -Lzynq_fsbl_bs
TRACE::2025-03-26.16:35:05::SCWBDomain::p/ps7_cortexa9_0/lib -L./ -Tlscript.ld

LOG::2025-03-26.16:35:05::SCWSystem::Checking the domain standalone_domain
LOG::2025-03-26.16:35:05::SCWSystem::Not a boot domain 
LOG::2025-03-26.16:35:05::SCWSystem::Checking the domain standalone_ps7_cortexa9_1
LOG::2025-03-26.16:35:05::SCWSystem::Not a boot domain 
LOG::2025-03-26.16:35:05::SCWSystem::Started Processing the domain standalone_domain
TRACE::2025-03-26.16:35:05::SCWDomain::Generating domain artifcats
TRACE::2025-03-26.16:35:05::SCWMssOS::Generating standalone artifcats
TRACE::2025-03-26.16:35:05::SCWMssOS::Copying the qemu file from  C:/Users/j54mao/ECE423/ECE-423-Labs/workspace/Assignment3_platform/resources/Assignment3_platform/standalone_domain/qemu_args.txt To C:/Users/j54mao/ECE423/ECE-423-Labs/workspace/Assignment3_platform/export/Assignment3_platform/sw/Assignment3_platform/qemu/
TRACE::2025-03-26.16:35:05::SCWMssOS::Copying the qemu file from  C:/Users/j54mao/ECE423/ECE-423-Labs/workspace/Assignment3_platform/resources/Assignment3_platform/standalone_domain/qemu_args.txt To C:/Users/j54mao/ECE423/ECE-423-Labs/workspace/Assignment3_platform/export/Assignment3_platform/sw/Assignment3_platform/standalone_domain/qemu/
TRACE::2025-03-26.16:35:05::SCWMssOS:: Copying the user libraries. 
TRACE::2025-03-26.16:35:05::SCWPlatform::Trying to open the hw design at C:/Users/j54mao/ECE423/ECE-423-Labs/workspace/Assignment3_platform/hw/lab_prefab_wrapper.xsa
TRACE::2025-03-26.16:35:05::SCWPlatform::DSA given C:/Users/j54mao/ECE423/ECE-423-Labs/workspace/Assignment3_platform/hw/lab_prefab_wrapper.xsa
TRACE::2025-03-26.16:35:05::SCWPlatform::DSA absoulate path C:/Users/j54mao/ECE423/ECE-423-Labs/workspace/Assignment3_platform/hw/lab_prefab_wrapper.xsa
TRACE::2025-03-26.16:35:05::SCWPlatform::DSA directory C:/Users/j54mao/ECE423/ECE-423-Labs/workspace/Assignment3_platform/hw
TRACE::2025-03-26.16:35:05::SCWPlatform:: Platform Path C:/Users/j54mao/ECE423/ECE-423-Labs/workspace/Assignment3_platform/hw/lab_prefab_wrapper.xsa
TRACE::2025-03-26.16:35:05::SCWPlatform:: Unique name xilinx:pynq-z1::0.0
TRACE::2025-03-26.16:35:05::SCWPlatform::Trying to set the existing hwdb with name lab_prefab_wrapper_2
TRACE::2025-03-26.16:35:05::SCWPlatform::Opened existing hwdb lab_prefab_wrapper_2
TRACE::2025-03-26.16:35:05::SCWPlatform::Found the Hw Db part of the input DSA
TRACE::2025-03-26.16:35:05::SCWMssOS::Checking the sw design at  C:/Users/j54mao/ECE423/ECE-423-Labs/workspace/Assignment3_platform/ps7_cortexa9_0/standalone_domain/bsp/system.mss
TRACE::2025-03-26.16:35:05::SCWMssOS::DEBUG:  swdes dump  C:/Users/j54mao/ECE423/ECE-423-Labs/workspace/Assignment3_platform/ps7_cortexa9_0/standalone_domain/bsp/system.mss|system_1||
C:/Users/j54mao/ECE423/ECE-423-Labs/workspace/Assignment3_platform/ps7_cortexa9_1/standalone_ps7_cortexa9_1/bsp/system.mss|system||
C:/Users/j54mao/ECE423/ECE-423-Labs/workspace/Assignment3_platform/zynq_fsbl/zynq_fsbl_bsp/system.mss|system_0||
C:/Users/j54mao/ECE423/ECE-423-Labs/workspace/assignment2_hunter_test/ps7_cortexa9_0/standalone_domain/bsp/system.mss|system_5||
C:/Users/j54mao/ECE423/ECE-423-Labs/workspace/assignment2_hunter_test/ps7_cortexa9_1/standalone_ps7_cortexa9_1/bsp/system.mss|system_6||
C:/Users/j54mao/ECE423/ECE-423-Labs/workspace/assignment2_hunter_test/zynq_fsbl/zynq_fsbl_bsp/system.mss|system_4||
C:/Users/j54mao/ECE423/ECE-423-Labs/workspace/lab_prefab_wrapper/ps7_cortexa9_0/standalone_ps7_cortexa9_0/bsp/system.mss|system_3||
C:/Users/j54mao/ECE423/ECE-423-Labs/workspace/lab_prefab_wrapper/zynq_fsbl/zynq_fsbl_bsp/system.mss|system_2||

TRACE::2025-03-26.16:35:05::SCWMssOS::Sw design exists and opened at  C:/Users/j54mao/ECE423/ECE-423-Labs/workspace/Assignment3_platform/ps7_cortexa9_0/standalone_domain/bsp/system.mss
TRACE::2025-03-26.16:35:05::SCWMssOS::Completed writing the mss file at C:/Users/j54mao/ECE423/ECE-423-Labs/workspace/Assignment3_platform/ps7_cortexa9_0/standalone_domain/bsp
TRACE::2025-03-26.16:35:05::SCWMssOS::Mss edits present, copying mssfile into export location C:/Users/j54mao/ECE423/ECE-423-Labs/workspace/Assignment3_platform/ps7_cortexa9_0/standalone_domain/bsp/system.mss
TRACE::2025-03-26.16:35:05::SCWMssOS::bsp generated is upto date with the mss file. Skipping bsp generation.
TRACE::2025-03-26.16:35:05::SCWMssOS::BSP is already built. skipping the bsp build ... 
TRACE::2025-03-26.16:35:05::SCWDomain::Building the domain as part of full build :  standalone_domain
TRACE::2025-03-26.16:35:05::SCWMssOS::doing bsp build ... 
TRACE::2025-03-26.16:35:05::SCWMssOS::System Command Ran  C: & cd  C:/Users/j54mao/ECE423/ECE-423-Labs/workspace/Assignment3_platform/ps7_cortexa9_0/standalone_domain/bsp & make 
TRACE::2025-03-26.16:35:05::SCWMssOS::make --no-print-directory seq_libs

TRACE::2025-03-26.16:35:05::SCWMssOS::'Finished building libraries sequentially.'

TRACE::2025-03-26.16:35:05::SCWMssOS::make -j 2 --no-print-directory par_libs

TRACE::2025-03-26.16:35:05::SCWMssOS::"Running Make include in ps7_cortexa9_0/libsrc/axidma_v9_14/src"

TRACE::2025-03-26.16:35:05::SCWMssOS::"Running Make include in ps7_cortexa9_0/libsrc/axivdma_v6_11/src"

TRACE::2025-03-26.16:35:05::SCWMssOS::make -C ps7_cortexa9_0/libsrc/axidma_v9_14/src -s include  "SHELL=CMD" "COMPILER=arm-none-eabi-gcc" "ASSEMBLER=arm-none-eabi-as
TRACE::2025-03-26.16:35:05::SCWMssOS::" "ARCHIVER=arm-none-eabi-ar" "COMPILER_FLAGS=  -O2 -c" "EXTRA_COMPILER_FLAGS=-mcpu=cortex-a9 -mfpu=vfpv3 -mfloat-abi=hard -nos
TRACE::2025-03-26.16:35:05::SCWMssOS::tartfiles -g -Wall -Wextra -fno-tree-loop-distribute-patterns -DSHAREABLE_DRR"

TRACE::2025-03-26.16:35:05::SCWMssOS::make -C ps7_cortexa9_0/libsrc/axivdma_v6_11/src -s include  "SHELL=CMD" "COMPILER=arm-none-eabi-gcc" "ASSEMBLER=arm-none-eabi-a
TRACE::2025-03-26.16:35:05::SCWMssOS::s" "ARCHIVER=arm-none-eabi-ar" "COMPILER_FLAGS=  -O2 -c" "EXTRA_COMPILER_FLAGS=-mcpu=cortex-a9 -mfpu=vfpv3 -mfloat-abi=hard -no
TRACE::2025-03-26.16:35:05::SCWMssOS::startfiles -g -Wall -Wextra -fno-tree-loop-distribute-patterns -DSHAREABLE_DRR"

TRACE::2025-03-26.16:35:05::SCWMssOS::"Running Make include in ps7_cortexa9_0/libsrc/coresightps_dcc_v1_8/src"

TRACE::2025-03-26.16:35:05::SCWMssOS::"Running Make include in ps7_cortexa9_0/libsrc/cpu_cortexa9_v2_11/src"

TRACE::2025-03-26.16:35:05::SCWMssOS::make -C ps7_cortexa9_0/libsrc/coresightps_dcc_v1_8/src -s include  "SHELL=CMD" "COMPILER=arm-none-eabi-gcc" "ASSEMBLER=arm-none
TRACE::2025-03-26.16:35:05::SCWMssOS::-eabi-as" "ARCHIVER=arm-none-eabi-ar" "COMPILER_FLAGS=  -O2 -c" "EXTRA_COMPILER_FLAGS=-mcpu=cortex-a9 -mfpu=vfpv3 -mfloat-abi=h
TRACE::2025-03-26.16:35:05::SCWMssOS::ard -nostartfiles -g -Wall -Wextra -fno-tree-loop-distribute-patterns -DSHAREABLE_DRR"

TRACE::2025-03-26.16:35:05::SCWMssOS::make -C ps7_cortexa9_0/libsrc/cpu_cortexa9_v2_11/src -s include  "SHELL=CMD" "COMPILER=arm-none-eabi-gcc" "ASSEMBLER=arm-none-e
TRACE::2025-03-26.16:35:05::SCWMssOS::abi-as" "ARCHIVER=arm-none-eabi-ar" "COMPILER_FLAGS=  -O2 -c" "EXTRA_COMPILER_FLAGS=-mcpu=cortex-a9 -mfpu=vfpv3 -mfloat-abi=har
TRACE::2025-03-26.16:35:05::SCWMssOS::d -nostartfiles -g -Wall -Wextra -fno-tree-loop-distribute-patterns -DSHAREABLE_DRR"

TRACE::2025-03-26.16:35:05::SCWMssOS::"Running Make include in ps7_cortexa9_0/libsrc/ddrps_v1_2/src"

TRACE::2025-03-26.16:35:05::SCWMssOS::make -C ps7_cortexa9_0/libsrc/ddrps_v1_2/src -s include  "SHELL=CMD" "COMPILER=arm-none-eabi-gcc" "ASSEMBLER=arm-none-eabi-as" 
TRACE::2025-03-26.16:35:05::SCWMssOS::"ARCHIVER=arm-none-eabi-ar" "COMPILER_FLAGS=  -O2 -c" "EXTRA_COMPILER_FLAGS=-mcpu=cortex-a9 -mfpu=vfpv3 -mfloat-abi=hard -nosta
TRACE::2025-03-26.16:35:05::SCWMssOS::rtfiles -g -Wall -Wextra -fno-tree-loop-distribute-patterns -DSHAREABLE_DRR"

TRACE::2025-03-26.16:35:05::SCWMssOS::"Running Make include in ps7_cortexa9_0/libsrc/devcfg_v3_7/src"

TRACE::2025-03-26.16:35:05::SCWMssOS::make -C ps7_cortexa9_0/libsrc/devcfg_v3_7/src -s include  "SHELL=CMD" "COMPILER=arm-none-eabi-gcc" "ASSEMBLER=arm-none-eabi-as"
TRACE::2025-03-26.16:35:05::SCWMssOS:: "ARCHIVER=arm-none-eabi-ar" "COMPILER_FLAGS=  -O2 -c" "EXTRA_COMPILER_FLAGS=-mcpu=cortex-a9 -mfpu=vfpv3 -mfloat-abi=hard -nost
TRACE::2025-03-26.16:35:05::SCWMssOS::artfiles -g -Wall -Wextra -fno-tree-loop-distribute-patterns -DSHAREABLE_DRR"

TRACE::2025-03-26.16:35:05::SCWMssOS::"Running Make include in ps7_cortexa9_0/libsrc/dmaps_v2_8/src"

TRACE::2025-03-26.16:35:05::SCWMssOS::make -C ps7_cortexa9_0/libsrc/dmaps_v2_8/src -s include  "SHELL=CMD" "COMPILER=arm-none-eabi-gcc" "ASSEMBLER=arm-none-eabi-as" 
TRACE::2025-03-26.16:35:05::SCWMssOS::"ARCHIVER=arm-none-eabi-ar" "COMPILER_FLAGS=  -O2 -c" "EXTRA_COMPILER_FLAGS=-mcpu=cortex-a9 -mfpu=vfpv3 -mfloat-abi=hard -nosta
TRACE::2025-03-26.16:35:05::SCWMssOS::rtfiles -g -Wall -Wextra -fno-tree-loop-distribute-patterns -DSHAREABLE_DRR"

TRACE::2025-03-26.16:35:05::SCWMssOS::"Running Make include in ps7_cortexa9_0/libsrc/emacps_v3_16/src"

TRACE::2025-03-26.16:35:05::SCWMssOS::make -C ps7_cortexa9_0/libsrc/emacps_v3_16/src -s include  "SHELL=CMD" "COMPILER=arm-none-eabi-gcc" "ASSEMBLER=arm-none-eabi-as
TRACE::2025-03-26.16:35:05::SCWMssOS::" "ARCHIVER=arm-none-eabi-ar" "COMPILER_FLAGS=  -O2 -c" "EXTRA_COMPILER_FLAGS=-mcpu=cortex-a9 -mfpu=vfpv3 -mfloat-abi=hard -nos
TRACE::2025-03-26.16:35:05::SCWMssOS::tartfiles -g -Wall -Wextra -fno-tree-loop-distribute-patterns -DSHAREABLE_DRR"

TRACE::2025-03-26.16:35:06::SCWMssOS::"Running Make include in ps7_cortexa9_0/libsrc/gpiops_v3_9/src"

TRACE::2025-03-26.16:35:06::SCWMssOS::make -C ps7_cortexa9_0/libsrc/gpiops_v3_9/src -s include  "SHELL=CMD" "COMPILER=arm-none-eabi-gcc" "ASSEMBLER=arm-none-eabi-as"
TRACE::2025-03-26.16:35:06::SCWMssOS:: "ARCHIVER=arm-none-eabi-ar" "COMPILER_FLAGS=  -O2 -c" "EXTRA_COMPILER_FLAGS=-mcpu=cortex-a9 -mfpu=vfpv3 -mfloat-abi=hard -nost
TRACE::2025-03-26.16:35:06::SCWMssOS::artfiles -g -Wall -Wextra -fno-tree-loop-distribute-patterns -DSHAREABLE_DRR"

TRACE::2025-03-26.16:35:06::SCWMssOS::"Running Make include in ps7_cortexa9_0/libsrc/iicps_v3_15/src"

TRACE::2025-03-26.16:35:06::SCWMssOS::make -C ps7_cortexa9_0/libsrc/iicps_v3_15/src -s include  "SHELL=CMD" "COMPILER=arm-none-eabi-gcc" "ASSEMBLER=arm-none-eabi-as"
TRACE::2025-03-26.16:35:06::SCWMssOS:: "ARCHIVER=arm-none-eabi-ar" "COMPILER_FLAGS=  -O2 -c" "EXTRA_COMPILER_FLAGS=-mcpu=cortex-a9 -mfpu=vfpv3 -mfloat-abi=hard -nost
TRACE::2025-03-26.16:35:06::SCWMssOS::artfiles -g -Wall -Wextra -fno-tree-loop-distribute-patterns -DSHAREABLE_DRR"

TRACE::2025-03-26.16:35:06::SCWMssOS::"Running Make include in ps7_cortexa9_0/libsrc/qspips_v3_9/src"

TRACE::2025-03-26.16:35:06::SCWMssOS::make -C ps7_cortexa9_0/libsrc/qspips_v3_9/src -s include  "SHELL=CMD" "COMPILER=arm-none-eabi-gcc" "ASSEMBLER=arm-none-eabi-as"
TRACE::2025-03-26.16:35:06::SCWMssOS:: "ARCHIVER=arm-none-eabi-ar" "COMPILER_FLAGS=  -O2 -c" "EXTRA_COMPILER_FLAGS=-mcpu=cortex-a9 -mfpu=vfpv3 -mfloat-abi=hard -nost
TRACE::2025-03-26.16:35:06::SCWMssOS::artfiles -g -Wall -Wextra -fno-tree-loop-distribute-patterns -DSHAREABLE_DRR"

TRACE::2025-03-26.16:35:06::SCWMssOS::"Running Make include in ps7_cortexa9_0/libsrc/scugic_v4_7/src"

TRACE::2025-03-26.16:35:06::SCWMssOS::make -C ps7_cortexa9_0/libsrc/scugic_v4_7/src -s include  "SHELL=CMD" "COMPILER=arm-none-eabi-gcc" "ASSEMBLER=arm-none-eabi-as"
TRACE::2025-03-26.16:35:06::SCWMssOS:: "ARCHIVER=arm-none-eabi-ar" "COMPILER_FLAGS=  -O2 -c" "EXTRA_COMPILER_FLAGS=-mcpu=cortex-a9 -mfpu=vfpv3 -mfloat-abi=hard -nost
TRACE::2025-03-26.16:35:06::SCWMssOS::artfiles -g -Wall -Wextra -fno-tree-loop-distribute-patterns -DSHAREABLE_DRR"

TRACE::2025-03-26.16:35:06::SCWMssOS::"Running Make include in ps7_cortexa9_0/libsrc/scutimer_v2_4/src"

TRACE::2025-03-26.16:35:06::SCWMssOS::make -C ps7_cortexa9_0/libsrc/scutimer_v2_4/src -s include  "SHELL=CMD" "COMPILER=arm-none-eabi-gcc" "ASSEMBLER=arm-none-eabi-a
TRACE::2025-03-26.16:35:06::SCWMssOS::s" "ARCHIVER=arm-none-eabi-ar" "COMPILER_FLAGS=  -O2 -c" "EXTRA_COMPILER_FLAGS=-mcpu=cortex-a9 -mfpu=vfpv3 -mfloat-abi=hard -no
TRACE::2025-03-26.16:35:06::SCWMssOS::startfiles -g -Wall -Wextra -fno-tree-loop-distribute-patterns -DSHAREABLE_DRR"

TRACE::2025-03-26.16:35:06::SCWMssOS::"Running Make include in ps7_cortexa9_0/libsrc/scuwdt_v2_4/src"

TRACE::2025-03-26.16:35:06::SCWMssOS::make -C ps7_cortexa9_0/libsrc/scuwdt_v2_4/src -s include  "SHELL=CMD" "COMPILER=arm-none-eabi-gcc" "ASSEMBLER=arm-none-eabi-as"
TRACE::2025-03-26.16:35:06::SCWMssOS:: "ARCHIVER=arm-none-eabi-ar" "COMPILER_FLAGS=  -O2 -c" "EXTRA_COMPILER_FLAGS=-mcpu=cortex-a9 -mfpu=vfpv3 -mfloat-abi=hard -nost
TRACE::2025-03-26.16:35:06::SCWMssOS::artfiles -g -Wall -Wextra -fno-tree-loop-distribute-patterns -DSHAREABLE_DRR"

TRACE::2025-03-26.16:35:06::SCWMssOS::"Running Make include in ps7_cortexa9_0/libsrc/sdps_v3_14/src"

TRACE::2025-03-26.16:35:06::SCWMssOS::make -C ps7_cortexa9_0/libsrc/sdps_v3_14/src -s include  "SHELL=CMD" "COMPILER=arm-none-eabi-gcc" "ASSEMBLER=arm-none-eabi-as" 
TRACE::2025-03-26.16:35:06::SCWMssOS::"ARCHIVER=arm-none-eabi-ar" "COMPILER_FLAGS=  -O2 -c" "EXTRA_COMPILER_FLAGS=-mcpu=cortex-a9 -mfpu=vfpv3 -mfloat-abi=hard -nosta
TRACE::2025-03-26.16:35:06::SCWMssOS::rtfiles -g -Wall -Wextra -fno-tree-loop-distribute-patterns -DSHAREABLE_DRR"

TRACE::2025-03-26.16:35:06::SCWMssOS::"Running Make include in ps7_cortexa9_0/libsrc/standalone_v7_7/src"

TRACE::2025-03-26.16:35:06::SCWMssOS::make -C ps7_cortexa9_0/libsrc/standalone_v7_7/src -s include  "SHELL=CMD" "COMPILER=arm-none-eabi-gcc" "ASSEMBLER=arm-none-eabi
TRACE::2025-03-26.16:35:06::SCWMssOS::-as" "ARCHIVER=arm-none-eabi-ar" "COMPILER_FLAGS=  -O2 -c" "EXTRA_COMPILER_FLAGS=-mcpu=cortex-a9 -mfpu=vfpv3 -mfloat-abi=hard -
TRACE::2025-03-26.16:35:06::SCWMssOS::nostartfiles -g -Wall -Wextra -fno-tree-loop-distribute-patterns -DSHAREABLE_DRR"

TRACE::2025-03-26.16:35:06::SCWMssOS::"Running Make include in ps7_cortexa9_0/libsrc/uartps_v3_11/src"

TRACE::2025-03-26.16:35:06::SCWMssOS::make -C ps7_cortexa9_0/libsrc/uartps_v3_11/src -s include  "SHELL=CMD" "COMPILER=arm-none-eabi-gcc" "ASSEMBLER=arm-none-eabi-as
TRACE::2025-03-26.16:35:06::SCWMssOS::" "ARCHIVER=arm-none-eabi-ar" "COMPILER_FLAGS=  -O2 -c" "EXTRA_COMPILER_FLAGS=-mcpu=cortex-a9 -mfpu=vfpv3 -mfloat-abi=hard -nos
TRACE::2025-03-26.16:35:06::SCWMssOS::tartfiles -g -Wall -Wextra -fno-tree-loop-distribute-patterns -DSHAREABLE_DRR"

TRACE::2025-03-26.16:35:06::SCWMssOS::"Running Make include in ps7_cortexa9_0/libsrc/usbps_v2_7/src"

TRACE::2025-03-26.16:35:06::SCWMssOS::make -C ps7_cortexa9_0/libsrc/usbps_v2_7/src -s include  "SHELL=CMD" "COMPILER=arm-none-eabi-gcc" "ASSEMBLER=arm-none-eabi-as" 
TRACE::2025-03-26.16:35:06::SCWMssOS::"ARCHIVER=arm-none-eabi-ar" "COMPILER_FLAGS=  -O2 -c" "EXTRA_COMPILER_FLAGS=-mcpu=cortex-a9 -mfpu=vfpv3 -mfloat-abi=hard -nosta
TRACE::2025-03-26.16:35:06::SCWMssOS::rtfiles -g -Wall -Wextra -fno-tree-loop-distribute-patterns -DSHAREABLE_DRR"

TRACE::2025-03-26.16:35:06::SCWMssOS::"Running Make include in ps7_cortexa9_0/libsrc/xadcps_v2_6/src"

TRACE::2025-03-26.16:35:06::SCWMssOS::make -C ps7_cortexa9_0/libsrc/xadcps_v2_6/src -s include  "SHELL=CMD" "COMPILER=arm-none-eabi-gcc" "ASSEMBLER=arm-none-eabi-as"
TRACE::2025-03-26.16:35:06::SCWMssOS:: "ARCHIVER=arm-none-eabi-ar" "COMPILER_FLAGS=  -O2 -c" "EXTRA_COMPILER_FLAGS=-mcpu=cortex-a9 -mfpu=vfpv3 -mfloat-abi=hard -nost
TRACE::2025-03-26.16:35:06::SCWMssOS::artfiles -g -Wall -Wextra -fno-tree-loop-distribute-patterns -DSHAREABLE_DRR"

TRACE::2025-03-26.16:35:06::SCWMssOS::"Running Make include in ps7_cortexa9_0/libsrc/xilffs_v4_7/src"

TRACE::2025-03-26.16:35:06::SCWMssOS::make -C ps7_cortexa9_0/libsrc/xilffs_v4_7/src -s include  "SHELL=CMD" "COMPILER=arm-none-eabi-gcc" "ASSEMBLER=arm-none-eabi-as"
TRACE::2025-03-26.16:35:06::SCWMssOS:: "ARCHIVER=arm-none-eabi-ar" "COMPILER_FLAGS=  -O2 -c" "EXTRA_COMPILER_FLAGS=-mcpu=cortex-a9 -mfpu=vfpv3 -mfloat-abi=hard -nost
TRACE::2025-03-26.16:35:06::SCWMssOS::artfiles -g -Wall -Wextra -fno-tree-loop-distribute-patterns -DSHAREABLE_DRR"

TRACE::2025-03-26.16:35:06::SCWMssOS::"Running Make libs in ps7_cortexa9_0/libsrc/axidma_v9_14/src"

TRACE::2025-03-26.16:35:06::SCWMssOS::make -C ps7_cortexa9_0/libsrc/axidma_v9_14/src -s libs  "SHELL=CMD" "COMPILER=arm-none-eabi-gcc" "ASSEMBLER=arm-none-eabi-as" "
TRACE::2025-03-26.16:35:06::SCWMssOS::ARCHIVER=arm-none-eabi-ar" "COMPILER_FLAGS=  -O2 -c" "EXTRA_COMPILER_FLAGS=-mcpu=cortex-a9 -mfpu=vfpv3 -mfloat-abi=hard -nostar
TRACE::2025-03-26.16:35:06::SCWMssOS::tfiles -g -Wall -Wextra -fno-tree-loop-distribute-patterns -DSHAREABLE_DRR"

TRACE::2025-03-26.16:35:06::SCWMssOS::"Running Make libs in ps7_cortexa9_0/libsrc/axivdma_v6_11/src"

TRACE::2025-03-26.16:35:06::SCWMssOS::make -C ps7_cortexa9_0/libsrc/axivdma_v6_11/src -s libs  "SHELL=CMD" "COMPILER=arm-none-eabi-gcc" "ASSEMBLER=arm-none-eabi-as" 
TRACE::2025-03-26.16:35:06::SCWMssOS::"ARCHIVER=arm-none-eabi-ar" "COMPILER_FLAGS=  -O2 -c" "EXTRA_COMPILER_FLAGS=-mcpu=cortex-a9 -mfpu=vfpv3 -mfloat-abi=hard -nosta
TRACE::2025-03-26.16:35:06::SCWMssOS::rtfiles -g -Wall -Wextra -fno-tree-loop-distribute-patterns -DSHAREABLE_DRR"

TRACE::2025-03-26.16:35:08::SCWMssOS::"Running Make libs in ps7_cortexa9_0/libsrc/coresightps_dcc_v1_8/src"

TRACE::2025-03-26.16:35:08::SCWMssOS::make -C ps7_cortexa9_0/libsrc/coresightps_dcc_v1_8/src -s libs  "SHELL=CMD" "COMPILER=arm-none-eabi-gcc" "ASSEMBLER=arm-none-ea
TRACE::2025-03-26.16:35:08::SCWMssOS::bi-as" "ARCHIVER=arm-none-eabi-ar" "COMPILER_FLAGS=  -O2 -c" "EXTRA_COMPILER_FLAGS=-mcpu=cortex-a9 -mfpu=vfpv3 -mfloat-abi=hard
TRACE::2025-03-26.16:35:08::SCWMssOS:: -nostartfiles -g -Wall -Wextra -fno-tree-loop-distribute-patterns -DSHAREABLE_DRR"

TRACE::2025-03-26.16:35:08::SCWMssOS::"Running Make libs in ps7_cortexa9_0/libsrc/cpu_cortexa9_v2_11/src"

TRACE::2025-03-26.16:35:08::SCWMssOS::make -C ps7_cortexa9_0/libsrc/cpu_cortexa9_v2_11/src -s libs  "SHELL=CMD" "COMPILER=arm-none-eabi-gcc" "ASSEMBLER=arm-none-eabi
TRACE::2025-03-26.16:35:08::SCWMssOS::-as" "ARCHIVER=arm-none-eabi-ar" "COMPILER_FLAGS=  -O2 -c" "EXTRA_COMPILER_FLAGS=-mcpu=cortex-a9 -mfpu=vfpv3 -mfloat-abi=hard -
TRACE::2025-03-26.16:35:08::SCWMssOS::nostartfiles -g -Wall -Wextra -fno-tree-loop-distribute-patterns -DSHAREABLE_DRR"

TRACE::2025-03-26.16:35:08::SCWMssOS::"Running Make libs in ps7_cortexa9_0/libsrc/ddrps_v1_2/src"

TRACE::2025-03-26.16:35:08::SCWMssOS::make -C ps7_cortexa9_0/libsrc/ddrps_v1_2/src -s libs  "SHELL=CMD" "COMPILER=arm-none-eabi-gcc" "ASSEMBLER=arm-none-eabi-as" "AR
TRACE::2025-03-26.16:35:08::SCWMssOS::CHIVER=arm-none-eabi-ar" "COMPILER_FLAGS=  -O2 -c" "EXTRA_COMPILER_FLAGS=-mcpu=cortex-a9 -mfpu=vfpv3 -mfloat-abi=hard -nostartf
TRACE::2025-03-26.16:35:08::SCWMssOS::iles -g -Wall -Wextra -fno-tree-loop-distribute-patterns -DSHAREABLE_DRR"

TRACE::2025-03-26.16:35:08::SCWMssOS::"Running Make libs in ps7_cortexa9_0/libsrc/devcfg_v3_7/src"

TRACE::2025-03-26.16:35:08::SCWMssOS::make -C ps7_cortexa9_0/libsrc/devcfg_v3_7/src -s libs  "SHELL=CMD" "COMPILER=arm-none-eabi-gcc" "ASSEMBLER=arm-none-eabi-as" "A
TRACE::2025-03-26.16:35:08::SCWMssOS::RCHIVER=arm-none-eabi-ar" "COMPILER_FLAGS=  -O2 -c" "EXTRA_COMPILER_FLAGS=-mcpu=cortex-a9 -mfpu=vfpv3 -mfloat-abi=hard -nostart
TRACE::2025-03-26.16:35:08::SCWMssOS::files -g -Wall -Wextra -fno-tree-loop-distribute-patterns -DSHAREABLE_DRR"

TRACE::2025-03-26.16:35:08::SCWMssOS::"Running Make libs in ps7_cortexa9_0/libsrc/dmaps_v2_8/src"

TRACE::2025-03-26.16:35:08::SCWMssOS::make -C ps7_cortexa9_0/libsrc/dmaps_v2_8/src -s libs  "SHELL=CMD" "COMPILER=arm-none-eabi-gcc" "ASSEMBLER=arm-none-eabi-as" "AR
TRACE::2025-03-26.16:35:08::SCWMssOS::CHIVER=arm-none-eabi-ar" "COMPILER_FLAGS=  -O2 -c" "EXTRA_COMPILER_FLAGS=-mcpu=cortex-a9 -mfpu=vfpv3 -mfloat-abi=hard -nostartf
TRACE::2025-03-26.16:35:08::SCWMssOS::iles -g -Wall -Wextra -fno-tree-loop-distribute-patterns -DSHAREABLE_DRR"

TRACE::2025-03-26.16:35:10::SCWMssOS::"Running Make libs in ps7_cortexa9_0/libsrc/emacps_v3_16/src"

TRACE::2025-03-26.16:35:10::SCWMssOS::make -C ps7_cortexa9_0/libsrc/emacps_v3_16/src -s libs  "SHELL=CMD" "COMPILER=arm-none-eabi-gcc" "ASSEMBLER=arm-none-eabi-as" "
TRACE::2025-03-26.16:35:10::SCWMssOS::ARCHIVER=arm-none-eabi-ar" "COMPILER_FLAGS=  -O2 -c" "EXTRA_COMPILER_FLAGS=-mcpu=cortex-a9 -mfpu=vfpv3 -mfloat-abi=hard -nostar
TRACE::2025-03-26.16:35:10::SCWMssOS::tfiles -g -Wall -Wextra -fno-tree-loop-distribute-patterns -DSHAREABLE_DRR"

TRACE::2025-03-26.16:35:10::SCWMssOS::"Running Make libs in ps7_cortexa9_0/libsrc/gpiops_v3_9/src"

TRACE::2025-03-26.16:35:10::SCWMssOS::make -C ps7_cortexa9_0/libsrc/gpiops_v3_9/src -s libs  "SHELL=CMD" "COMPILER=arm-none-eabi-gcc" "ASSEMBLER=arm-none-eabi-as" "A
TRACE::2025-03-26.16:35:10::SCWMssOS::RCHIVER=arm-none-eabi-ar" "COMPILER_FLAGS=  -O2 -c" "EXTRA_COMPILER_FLAGS=-mcpu=cortex-a9 -mfpu=vfpv3 -mfloat-abi=hard -nostart
TRACE::2025-03-26.16:35:10::SCWMssOS::files -g -Wall -Wextra -fno-tree-loop-distribute-patterns -DSHAREABLE_DRR"

TRACE::2025-03-26.16:35:12::SCWMssOS::"Running Make libs in ps7_cortexa9_0/libsrc/iicps_v3_15/src"

TRACE::2025-03-26.16:35:12::SCWMssOS::make -C ps7_cortexa9_0/libsrc/iicps_v3_15/src -s libs  "SHELL=CMD" "COMPILER=arm-none-eabi-gcc" "ASSEMBLER=arm-none-eabi-as" "A
TRACE::2025-03-26.16:35:12::SCWMssOS::RCHIVER=arm-none-eabi-ar" "COMPILER_FLAGS=  -O2 -c" "EXTRA_COMPILER_FLAGS=-mcpu=cortex-a9 -mfpu=vfpv3 -mfloat-abi=hard -nostart
TRACE::2025-03-26.16:35:12::SCWMssOS::files -g -Wall -Wextra -fno-tree-loop-distribute-patterns -DSHAREABLE_DRR"

TRACE::2025-03-26.16:35:12::SCWMssOS::"Running Make libs in ps7_cortexa9_0/libsrc/qspips_v3_9/src"

TRACE::2025-03-26.16:35:12::SCWMssOS::make -C ps7_cortexa9_0/libsrc/qspips_v3_9/src -s libs  "SHELL=CMD" "COMPILER=arm-none-eabi-gcc" "ASSEMBLER=arm-none-eabi-as" "A
TRACE::2025-03-26.16:35:12::SCWMssOS::RCHIVER=arm-none-eabi-ar" "COMPILER_FLAGS=  -O2 -c" "EXTRA_COMPILER_FLAGS=-mcpu=cortex-a9 -mfpu=vfpv3 -mfloat-abi=hard -nostart
TRACE::2025-03-26.16:35:12::SCWMssOS::files -g -Wall -Wextra -fno-tree-loop-distribute-patterns -DSHAREABLE_DRR"

TRACE::2025-03-26.16:35:14::SCWMssOS::"Running Make libs in ps7_cortexa9_0/libsrc/scugic_v4_7/src"

TRACE::2025-03-26.16:35:14::SCWMssOS::make -C ps7_cortexa9_0/libsrc/scugic_v4_7/src -s libs  "SHELL=CMD" "COMPILER=arm-none-eabi-gcc" "ASSEMBLER=arm-none-eabi-as" "A
TRACE::2025-03-26.16:35:14::SCWMssOS::RCHIVER=arm-none-eabi-ar" "COMPILER_FLAGS=  -O2 -c" "EXTRA_COMPILER_FLAGS=-mcpu=cortex-a9 -mfpu=vfpv3 -mfloat-abi=hard -nostart
TRACE::2025-03-26.16:35:14::SCWMssOS::files -g -Wall -Wextra -fno-tree-loop-distribute-patterns -DSHAREABLE_DRR"

TRACE::2025-03-26.16:35:15::SCWMssOS::"Running Make libs in ps7_cortexa9_0/libsrc/scutimer_v2_4/src"

TRACE::2025-03-26.16:35:15::SCWMssOS::make -C ps7_cortexa9_0/libsrc/scutimer_v2_4/src -s libs  "SHELL=CMD" "COMPILER=arm-none-eabi-gcc" "ASSEMBLER=arm-none-eabi-as" 
TRACE::2025-03-26.16:35:15::SCWMssOS::"ARCHIVER=arm-none-eabi-ar" "COMPILER_FLAGS=  -O2 -c" "EXTRA_COMPILER_FLAGS=-mcpu=cortex-a9 -mfpu=vfpv3 -mfloat-abi=hard -nosta
TRACE::2025-03-26.16:35:15::SCWMssOS::rtfiles -g -Wall -Wextra -fno-tree-loop-distribute-patterns -DSHAREABLE_DRR"

TRACE::2025-03-26.16:35:16::SCWMssOS::"Running Make libs in ps7_cortexa9_0/libsrc/scuwdt_v2_4/src"

TRACE::2025-03-26.16:35:16::SCWMssOS::"Running Make libs in ps7_cortexa9_0/libsrc/sdps_v3_14/src"

TRACE::2025-03-26.16:35:16::SCWMssOS::make -C ps7_cortexa9_0/libsrc/scuwdt_v2_4/src -s libs  "SHELL=CMD" "COMPILER=arm-none-eabi-gcc" "ASSEMBLER=arm-none-eabi-as" "A
TRACE::2025-03-26.16:35:16::SCWMssOS::RCHIVER=arm-none-eabi-ar" "COMPILER_FLAGS=  -O2 -c" "EXTRA_COMPILER_FLAGS=-mcpu=cortex-a9 -mfpu=vfpv3 -mfloat-abi=hard -nostart
TRACE::2025-03-26.16:35:16::SCWMssOS::files -g -Wall -Wextra -fno-tree-loop-distribute-patterns -DSHAREABLE_DRR"

TRACE::2025-03-26.16:35:16::SCWMssOS::make -C ps7_cortexa9_0/libsrc/sdps_v3_14/src -s libs  "SHELL=CMD" "COMPILER=arm-none-eabi-gcc" "ASSEMBLER=arm-none-eabi-as" "AR
TRACE::2025-03-26.16:35:16::SCWMssOS::CHIVER=arm-none-eabi-ar" "COMPILER_FLAGS=  -O2 -c" "EXTRA_COMPILER_FLAGS=-mcpu=cortex-a9 -mfpu=vfpv3 -mfloat-abi=hard -nostartf
TRACE::2025-03-26.16:35:16::SCWMssOS::iles -g -Wall -Wextra -fno-tree-loop-distribute-patterns -DSHAREABLE_DRR"

TRACE::2025-03-26.16:35:17::SCWMssOS::"Running Make libs in ps7_cortexa9_0/libsrc/standalone_v7_7/src"

TRACE::2025-03-26.16:35:17::SCWMssOS::make -C ps7_cortexa9_0/libsrc/standalone_v7_7/src -s libs  "SHELL=CMD" "COMPILER=arm-none-eabi-gcc" "ASSEMBLER=arm-none-eabi-as
TRACE::2025-03-26.16:35:17::SCWMssOS::" "ARCHIVER=arm-none-eabi-ar" "COMPILER_FLAGS=  -O2 -c" "EXTRA_COMPILER_FLAGS=-mcpu=cortex-a9 -mfpu=vfpv3 -mfloat-abi=hard -nos
TRACE::2025-03-26.16:35:17::SCWMssOS::tartfiles -g -Wall -Wextra -fno-tree-loop-distribute-patterns -DSHAREABLE_DRR"

TRACE::2025-03-26.16:35:18::SCWMssOS::"Running Make libs in ps7_cortexa9_0/libsrc/uartps_v3_11/src"

TRACE::2025-03-26.16:35:18::SCWMssOS::make -C ps7_cortexa9_0/libsrc/uartps_v3_11/src -s libs  "SHELL=CMD" "COMPILER=arm-none-eabi-gcc" "ASSEMBLER=arm-none-eabi-as" "
TRACE::2025-03-26.16:35:18::SCWMssOS::ARCHIVER=arm-none-eabi-ar" "COMPILER_FLAGS=  -O2 -c" "EXTRA_COMPILER_FLAGS=-mcpu=cortex-a9 -mfpu=vfpv3 -mfloat-abi=hard -nostar
TRACE::2025-03-26.16:35:18::SCWMssOS::tfiles -g -Wall -Wextra -fno-tree-loop-distribute-patterns -DSHAREABLE_DRR"

TRACE::2025-03-26.16:35:20::SCWMssOS::"Running Make libs in ps7_cortexa9_0/libsrc/usbps_v2_7/src"

TRACE::2025-03-26.16:35:20::SCWMssOS::make -C ps7_cortexa9_0/libsrc/usbps_v2_7/src -s libs  "SHELL=CMD" "COMPILER=arm-none-eabi-gcc" "ASSEMBLER=arm-none-eabi-as" "AR
TRACE::2025-03-26.16:35:20::SCWMssOS::CHIVER=arm-none-eabi-ar" "COMPILER_FLAGS=  -O2 -c" "EXTRA_COMPILER_FLAGS=-mcpu=cortex-a9 -mfpu=vfpv3 -mfloat-abi=hard -nostartf
TRACE::2025-03-26.16:35:20::SCWMssOS::iles -g -Wall -Wextra -fno-tree-loop-distribute-patterns -DSHAREABLE_DRR"

TRACE::2025-03-26.16:35:22::SCWMssOS::"Running Make libs in ps7_cortexa9_0/libsrc/xadcps_v2_6/src"

TRACE::2025-03-26.16:35:22::SCWMssOS::make -C ps7_cortexa9_0/libsrc/xadcps_v2_6/src -s libs  "SHELL=CMD" "COMPILER=arm-none-eabi-gcc" "ASSEMBLER=arm-none-eabi-as" "A
TRACE::2025-03-26.16:35:22::SCWMssOS::RCHIVER=arm-none-eabi-ar" "COMPILER_FLAGS=  -O2 -c" "EXTRA_COMPILER_FLAGS=-mcpu=cortex-a9 -mfpu=vfpv3 -mfloat-abi=hard -nostart
TRACE::2025-03-26.16:35:22::SCWMssOS::files -g -Wall -Wextra -fno-tree-loop-distribute-patterns -DSHAREABLE_DRR"

TRACE::2025-03-26.16:35:23::SCWMssOS::"Running Make libs in ps7_cortexa9_0/libsrc/xilffs_v4_7/src"

TRACE::2025-03-26.16:35:23::SCWMssOS::make -C ps7_cortexa9_0/libsrc/xilffs_v4_7/src -s libs  "SHELL=CMD" "COMPILER=arm-none-eabi-gcc" "ASSEMBLER=arm-none-eabi-as" "A
TRACE::2025-03-26.16:35:23::SCWMssOS::RCHIVER=arm-none-eabi-ar" "COMPILER_FLAGS=  -O2 -c" "EXTRA_COMPILER_FLAGS=-mcpu=cortex-a9 -mfpu=vfpv3 -mfloat-abi=hard -nostart
TRACE::2025-03-26.16:35:23::SCWMssOS::files -g -Wall -Wextra -fno-tree-loop-distribute-patterns -DSHAREABLE_DRR"

TRACE::2025-03-26.16:35:26::SCWMssOS::'Finished building libraries parallelly.'

TRACE::2025-03-26.16:35:26::SCWMssOS::make --no-print-directory archive

TRACE::2025-03-26.16:35:26::SCWMssOS::arm-none-eabi-ar -r  ps7_cortexa9_0/lib/libxil.a ps7_cortexa9_0/lib/xadcps_selftest.o ps7_cortexa9_0/lib/xplatform_info.o ps7_c
TRACE::2025-03-26.16:35:26::SCWMssOS::ortexa9_0/lib/xil_mem.o ps7_cortexa9_0/lib/_exit.o ps7_cortexa9_0/lib/xusbps_sinit.o ps7_cortexa9_0/lib/xdevcfg_hw.o ps7_cortex
TRACE::2025-03-26.16:35:26::SCWMssOS::a9_0/lib/xil_sleeptimer.o ps7_cortexa9_0/lib/xqspips_options.o ps7_cortexa9_0/lib/xdmaps_g.o ps7_cortexa9_0/lib/xscutimer_g.o p
TRACE::2025-03-26.16:35:26::SCWMssOS::s7_cortexa9_0/lib/xsdps_options.o ps7_cortexa9_0/lib/xil_misc_psreset_api.o ps7_cortexa9_0/lib/xdmaps_sinit.o ps7_cortexa9_0/li
TRACE::2025-03-26.16:35:26::SCWMssOS::b/xscutimer_sinit.o ps7_cortexa9_0/lib/xemacps_hw.o ps7_cortexa9_0/lib/inbyte.o ps7_cortexa9_0/lib/xscutimer_selftest.o ps7_cor
TRACE::2025-03-26.16:35:26::SCWMssOS::texa9_0/lib/putnum.o ps7_cortexa9_0/lib/xqspips_hw.o ps7_cortexa9_0/lib/xgpiops_g.o ps7_cortexa9_0/lib/xsdps.o ps7_cortexa9_0/l
TRACE::2025-03-26.16:35:26::SCWMssOS::ib/close.o ps7_cortexa9_0/lib/xemacps_g.o ps7_cortexa9_0/lib/xgpiops_sinit.o ps7_cortexa9_0/lib/xgpiops_selftest.o ps7_cortexa9
TRACE::2025-03-26.16:35:26::SCWMssOS::_0/lib/xscuwdt.o ps7_cortexa9_0/lib/xaxivdma_g.o ps7_cortexa9_0/lib/xil_clocking.o ps7_cortexa9_0/lib/xiicps_intr.o ps7_cortexa
TRACE::2025-03-26.16:35:26::SCWMssOS::9_0/lib/xaxivdma_sinit.o ps7_cortexa9_0/lib/xuartps_sinit.o ps7_cortexa9_0/lib/time.o ps7_cortexa9_0/lib/xaxivdma_selftest.o ps
TRACE::2025-03-26.16:35:26::SCWMssOS::7_cortexa9_0/lib/xiicps_slave.o ps7_cortexa9_0/lib/xil_printf.o ps7_cortexa9_0/lib/kill.o ps7_cortexa9_0/lib/xadcps.o ps7_corte
TRACE::2025-03-26.16:35:26::SCWMssOS::xa9_0/lib/xiicps_options.o ps7_cortexa9_0/lib/xdmaps.o ps7_cortexa9_0/lib/xuartps_selftest.o ps7_cortexa9_0/lib/xuartps_g.o ps7
TRACE::2025-03-26.16:35:26::SCWMssOS::_cortexa9_0/lib/lseek.o ps7_cortexa9_0/lib/xil_testmem.o ps7_cortexa9_0/lib/xusbps_hw.o ps7_cortexa9_0/lib/xl2cc_counter.o ps7_
TRACE::2025-03-26.16:35:26::SCWMssOS::cortexa9_0/lib/xiicps_hw.o ps7_cortexa9_0/lib/asm_vectors.o ps7_cortexa9_0/lib/usleep.o ps7_cortexa9_0/lib/abort.o ps7_cortexa9
TRACE::2025-03-26.16:35:26::SCWMssOS::_0/lib/xscugic_intr.o ps7_cortexa9_0/lib/getpid.o ps7_cortexa9_0/lib/xiicps_selftest.o ps7_cortexa9_0/lib/xil_testcache.o ps7_c
TRACE::2025-03-26.16:35:26::SCWMssOS::ortexa9_0/lib/xdevcfg_sinit.o ps7_cortexa9_0/lib/xgpiops.o ps7_cortexa9_0/lib/xscutimer.o ps7_cortexa9_0/lib/xdevcfg_selftest.o
TRACE::2025-03-26.16:35:26::SCWMssOS:: ps7_cortexa9_0/lib/xpm_counter.o ps7_cortexa9_0/lib/xiicps.o ps7_cortexa9_0/lib/_sbrk.o ps7_cortexa9_0/lib/xiicps_master.o ps7
TRACE::2025-03-26.16:35:26::SCWMssOS::_cortexa9_0/lib/xqspips_g.o ps7_cortexa9_0/lib/xemacps_bdring.o ps7_cortexa9_0/lib/xusbps_endpoint.o ps7_cortexa9_0/lib/xqspips
TRACE::2025-03-26.16:35:26::SCWMssOS::_sinit.o ps7_cortexa9_0/lib/xqspips_selftest.o ps7_cortexa9_0/lib/xil_exception.o ps7_cortexa9_0/lib/sbrk.o ps7_cortexa9_0/lib/
TRACE::2025-03-26.16:35:26::SCWMssOS::xaxivdma.o ps7_cortexa9_0/lib/xemacps_control.o ps7_cortexa9_0/lib/open.o ps7_cortexa9_0/lib/xil_assert.o ps7_cortexa9_0/lib/xa
TRACE::2025-03-26.16:35:26::SCWMssOS::xivdma_intr.o ps7_cortexa9_0/lib/xusbps_intr.o ps7_cortexa9_0/lib/xsdps_host.o ps7_cortexa9_0/lib/xcoresightpsdcc.o ps7_cortexa
TRACE::2025-03-26.16:35:26::SCWMssOS::9_0/lib/xscugic_hw.o ps7_cortexa9_0/lib/sleep.o ps7_cortexa9_0/lib/xil-crt0.o ps7_cortexa9_0/lib/cpputest_time.o ps7_cortexa9_0
TRACE::2025-03-26.16:35:26::SCWMssOS::/lib/print.o ps7_cortexa9_0/lib/read.o ps7_cortexa9_0/lib/xiicps_g.o ps7_cortexa9_0/lib/xdevcfg.o ps7_cortexa9_0/lib/xadcps_int
TRACE::2025-03-26.16:35:26::SCWMssOS::r.o ps7_cortexa9_0/lib/xqspips.o ps7_cortexa9_0/lib/xemacps.o ps7_cortexa9_0/lib/xil_cache.o ps7_cortexa9_0/lib/xil_testio.o ps
TRACE::2025-03-26.16:35:26::SCWMssOS::7_cortexa9_0/lib/_open.o ps7_cortexa9_0/lib/unlink.o ps7_cortexa9_0/lib/xaxidma_g.o ps7_cortexa9_0/lib/xusbps.o ps7_cortexa9_0/
TRACE::2025-03-26.16:35:26::SCWMssOS::lib/xusbps_g.o ps7_cortexa9_0/lib/xdmaps_selftest.o ps7_cortexa9_0/lib/xaxidma_sinit.o ps7_cortexa9_0/lib/xil_spinlock.o ps7_co
TRACE::2025-03-26.16:35:26::SCWMssOS::rtexa9_0/lib/translation_table.o ps7_cortexa9_0/lib/xaxidma_selftest.o ps7_cortexa9_0/lib/write.o ps7_cortexa9_0/lib/xil_mmu.o 
TRACE::2025-03-26.16:35:26::SCWMssOS::ps7_cortexa9_0/lib/boot.o ps7_cortexa9_0/lib/xaxivdma_channel.o ps7_cortexa9_0/lib/cpu_init.o ps7_cortexa9_0/lib/xaxidma_bd.o p
TRACE::2025-03-26.16:35:26::SCWMssOS::s7_cortexa9_0/lib/xil_sleepcommon.o ps7_cortexa9_0/lib/xgpiops_intr.o ps7_cortexa9_0/lib/xscugic_sinit.o ps7_cortexa9_0/lib/fcn
TRACE::2025-03-26.16:35:26::SCWMssOS::tl.o ps7_cortexa9_0/lib/xdevcfg_g.o ps7_cortexa9_0/lib/outbyte.o ps7_cortexa9_0/lib/xinterrupt_wrap.o ps7_cortexa9_0/lib/xuartp
TRACE::2025-03-26.16:35:26::SCWMssOS::s_hw.o ps7_cortexa9_0/lib/xtime_l.o ps7_cortexa9_0/lib/xemacps_sinit.o ps7_cortexa9_0/lib/xscugic_selftest.o ps7_cortexa9_0/lib
TRACE::2025-03-26.16:35:26::SCWMssOS::/xil_util.o ps7_cortexa9_0/lib/xuartps_intr.o ps7_cortexa9_0/lib/xuartps.o ps7_cortexa9_0/lib/xsdps_card.o ps7_cortexa9_0/lib/x
TRACE::2025-03-26.16:35:26::SCWMssOS::dmaps_hw.o ps7_cortexa9_0/lib/xsdps_sinit.o ps7_cortexa9_0/lib/xgpiops_hw.o ps7_cortexa9_0/lib/xsdps_g.o ps7_cortexa9_0/lib/fst
TRACE::2025-03-26.16:35:26::SCWMssOS::at.o ps7_cortexa9_0/lib/xaxidma.o ps7_cortexa9_0/lib/errno.o ps7_cortexa9_0/lib/xdevcfg_intr.o ps7_cortexa9_0/lib/xuartps_optio
TRACE::2025-03-26.16:35:26::SCWMssOS::ns.o ps7_cortexa9_0/lib/vectors.o ps7_cortexa9_0/lib/xscuwdt_g.o ps7_cortexa9_0/lib/xscuwdt_sinit.o ps7_cortexa9_0/lib/xemacps_
TRACE::2025-03-26.16:35:26::SCWMssOS::intr.o ps7_cortexa9_0/lib/xscuwdt_selftest.o ps7_cortexa9_0/lib/xscugic_g.o ps7_cortexa9_0/lib/isatty.o ps7_cortexa9_0/lib/xscu
TRACE::2025-03-26.16:35:26::SCWMssOS::gic.o ps7_cortexa9_0/lib/xiicps_sinit.o ps7_cortexa9_0/lib/xadcps_g.o ps7_cortexa9_0/lib/xaxidma_bdring.o ps7_cortexa9_0/lib/xa
TRACE::2025-03-26.16:35:26::SCWMssOS::dcps_sinit.o ps7_cortexa9_0/lib/xiicps_xfer.o

TRACE::2025-03-26.16:35:26::SCWMssOS::'Finished building libraries'

TRACE::2025-03-26.16:35:28::SCWMssOS::Copying to export directory.
TRACE::2025-03-26.16:35:29::SCWMssOS:: Checking if to create the Supporting Applications
TRACE::2025-03-26.16:35:29::SCWMssOS:: No Linux domain exists, trying to generate FSBL 
LOG::2025-03-26.16:35:29::SCWSystem::Completed Processing the domain standalone_domain
LOG::2025-03-26.16:35:29::SCWSystem::Started Processing the domain standalone_ps7_cortexa9_1
TRACE::2025-03-26.16:35:29::SCWDomain::Generating domain artifcats
TRACE::2025-03-26.16:35:29::SCWMssOS::Generating standalone artifcats
TRACE::2025-03-26.16:35:29::SCWMssOS::Copying the qemu file from  C:/Users/j54mao/ECE423/ECE-423-Labs/workspace/Assignment3_platform/resources/Assignment3_platform/standalone_ps7_cortexa9_1/qemu_args.txt To C:/Users/j54mao/ECE423/ECE-423-Labs/workspace/Assignment3_platform/export/Assignment3_platform/sw/Assignment3_platform/standalone_ps7_cortexa9_1/qemu/
TRACE::2025-03-26.16:35:29::SCWMssOS:: Copying the user libraries. 
TRACE::2025-03-26.16:35:29::SCWPlatform::Trying to open the hw design at C:/Users/j54mao/ECE423/ECE-423-Labs/workspace/Assignment3_platform/hw/lab_prefab_wrapper.xsa
TRACE::2025-03-26.16:35:29::SCWPlatform::DSA given C:/Users/j54mao/ECE423/ECE-423-Labs/workspace/Assignment3_platform/hw/lab_prefab_wrapper.xsa
TRACE::2025-03-26.16:35:29::SCWPlatform::DSA absoulate path C:/Users/j54mao/ECE423/ECE-423-Labs/workspace/Assignment3_platform/hw/lab_prefab_wrapper.xsa
TRACE::2025-03-26.16:35:29::SCWPlatform::DSA directory C:/Users/j54mao/ECE423/ECE-423-Labs/workspace/Assignment3_platform/hw
TRACE::2025-03-26.16:35:29::SCWPlatform:: Platform Path C:/Users/j54mao/ECE423/ECE-423-Labs/workspace/Assignment3_platform/hw/lab_prefab_wrapper.xsa
TRACE::2025-03-26.16:35:29::SCWPlatform:: Unique name xilinx:pynq-z1::0.0
TRACE::2025-03-26.16:35:29::SCWPlatform::Trying to set the existing hwdb with name lab_prefab_wrapper_2
TRACE::2025-03-26.16:35:29::SCWPlatform::Opened existing hwdb lab_prefab_wrapper_2
TRACE::2025-03-26.16:35:29::SCWPlatform::Found the Hw Db part of the input DSA
TRACE::2025-03-26.16:35:29::SCWMssOS::Checking the sw design at  C:/Users/j54mao/ECE423/ECE-423-Labs/workspace/Assignment3_platform/ps7_cortexa9_1/standalone_ps7_cortexa9_1/bsp/system.mss
TRACE::2025-03-26.16:35:29::SCWMssOS::DEBUG:  swdes dump  C:/Users/j54mao/ECE423/ECE-423-Labs/workspace/Assignment3_platform/ps7_cortexa9_0/standalone_domain/bsp/system.mss|system_1||
C:/Users/j54mao/ECE423/ECE-423-Labs/workspace/Assignment3_platform/ps7_cortexa9_1/standalone_ps7_cortexa9_1/bsp/system.mss|system||
C:/Users/j54mao/ECE423/ECE-423-Labs/workspace/Assignment3_platform/zynq_fsbl/zynq_fsbl_bsp/system.mss|system_0||
C:/Users/j54mao/ECE423/ECE-423-Labs/workspace/assignment2_hunter_test/ps7_cortexa9_0/standalone_domain/bsp/system.mss|system_5||
C:/Users/j54mao/ECE423/ECE-423-Labs/workspace/assignment2_hunter_test/ps7_cortexa9_1/standalone_ps7_cortexa9_1/bsp/system.mss|system_6||
C:/Users/j54mao/ECE423/ECE-423-Labs/workspace/assignment2_hunter_test/zynq_fsbl/zynq_fsbl_bsp/system.mss|system_4||
C:/Users/j54mao/ECE423/ECE-423-Labs/workspace/lab_prefab_wrapper/ps7_cortexa9_0/standalone_ps7_cortexa9_0/bsp/system.mss|system_3||
C:/Users/j54mao/ECE423/ECE-423-Labs/workspace/lab_prefab_wrapper/zynq_fsbl/zynq_fsbl_bsp/system.mss|system_2||

TRACE::2025-03-26.16:35:29::SCWMssOS::Sw design exists and opened at  C:/Users/j54mao/ECE423/ECE-423-Labs/workspace/Assignment3_platform/ps7_cortexa9_1/standalone_ps7_cortexa9_1/bsp/system.mss
TRACE::2025-03-26.16:35:29::SCWMssOS::Completed writing the mss file at C:/Users/j54mao/ECE423/ECE-423-Labs/workspace/Assignment3_platform/ps7_cortexa9_1/standalone_ps7_cortexa9_1/bsp
TRACE::2025-03-26.16:35:29::SCWMssOS::Mss edits present, copying mssfile into export location C:/Users/j54mao/ECE423/ECE-423-Labs/workspace/Assignment3_platform/ps7_cortexa9_1/standalone_ps7_cortexa9_1/bsp/system.mss
TRACE::2025-03-26.16:35:29::SCWMssOS::bsp generated is upto date with the mss file. Skipping bsp generation.
TRACE::2025-03-26.16:35:29::SCWMssOS::BSP is already built. skipping the bsp build ... 
TRACE::2025-03-26.16:35:29::SCWDomain::Building the domain as part of full build :  standalone_ps7_cortexa9_1
TRACE::2025-03-26.16:35:29::SCWMssOS::doing bsp build ... 
TRACE::2025-03-26.16:35:29::SCWMssOS::System Command Ran  C: & cd  C:/Users/j54mao/ECE423/ECE-423-Labs/workspace/Assignment3_platform/ps7_cortexa9_1/standalone_ps7_cortexa9_1/bsp & make 
TRACE::2025-03-26.16:35:29::SCWMssOS::make --no-print-directory seq_libs

TRACE::2025-03-26.16:35:29::SCWMssOS::'Finished building libraries sequentially.'

TRACE::2025-03-26.16:35:29::SCWMssOS::make -j 2 --no-print-directory par_libs

TRACE::2025-03-26.16:35:29::SCWMssOS::"Running Make include in ps7_cortexa9_1/libsrc/axidma_v9_14/src"

TRACE::2025-03-26.16:35:29::SCWMssOS::"Running Make include in ps7_cortexa9_1/libsrc/axivdma_v6_11/src"

TRACE::2025-03-26.16:35:29::SCWMssOS::make -C ps7_cortexa9_1/libsrc/axidma_v9_14/src -s include  "SHELL=CMD" "COMPILER=arm-none-eabi-gcc" "ASSEMBLER=arm-none-eabi-as
TRACE::2025-03-26.16:35:29::SCWMssOS::" "ARCHIVER=arm-none-eabi-ar" "COMPILER_FLAGS=  -O2 -c" "EXTRA_COMPILER_FLAGS=-mcpu=cortex-a9 -mfpu=vfpv3 -mfloat-abi=hard -nos
TRACE::2025-03-26.16:35:29::SCWMssOS::tartfiles -g -Wall -Wextra -fno-tree-loop-distribute-patterns -DSHAREABLE_DRR -DUSE_AMP=1"

TRACE::2025-03-26.16:35:29::SCWMssOS::make -C ps7_cortexa9_1/libsrc/axivdma_v6_11/src -s include  "SHELL=CMD" "COMPILER=arm-none-eabi-gcc" "ASSEMBLER=arm-none-eabi-a
TRACE::2025-03-26.16:35:29::SCWMssOS::s" "ARCHIVER=arm-none-eabi-ar" "COMPILER_FLAGS=  -O2 -c" "EXTRA_COMPILER_FLAGS=-mcpu=cortex-a9 -mfpu=vfpv3 -mfloat-abi=hard -no
TRACE::2025-03-26.16:35:29::SCWMssOS::startfiles -g -Wall -Wextra -fno-tree-loop-distribute-patterns -DSHAREABLE_DRR -DUSE_AMP=1"

TRACE::2025-03-26.16:35:29::SCWMssOS::"Running Make include in ps7_cortexa9_1/libsrc/coresightps_dcc_v1_8/src"

TRACE::2025-03-26.16:35:29::SCWMssOS::make -C ps7_cortexa9_1/libsrc/coresightps_dcc_v1_8/src -s include  "SHELL=CMD" "COMPILER=arm-none-eabi-gcc" "ASSEMBLER=arm-none
TRACE::2025-03-26.16:35:29::SCWMssOS::-eabi-as" "ARCHIVER=arm-none-eabi-ar" "COMPILER_FLAGS=  -O2 -c" "EXTRA_COMPILER_FLAGS=-mcpu=cortex-a9 -mfpu=vfpv3 -mfloat-abi=h
TRACE::2025-03-26.16:35:29::SCWMssOS::ard -nostartfiles -g -Wall -Wextra -fno-tree-loop-distribute-patterns -DSHAREABLE_DRR -DUSE_AMP=1"

TRACE::2025-03-26.16:35:29::SCWMssOS::"Running Make include in ps7_cortexa9_1/libsrc/cpu_cortexa9_v2_11/src"

TRACE::2025-03-26.16:35:29::SCWMssOS::make -C ps7_cortexa9_1/libsrc/cpu_cortexa9_v2_11/src -s include  "SHELL=CMD" "COMPILER=arm-none-eabi-gcc" "ASSEMBLER=arm-none-e
TRACE::2025-03-26.16:35:29::SCWMssOS::abi-as" "ARCHIVER=arm-none-eabi-ar" "COMPILER_FLAGS=  -O2 -c" "EXTRA_COMPILER_FLAGS=-mcpu=cortex-a9 -mfpu=vfpv3 -mfloat-abi=har
TRACE::2025-03-26.16:35:29::SCWMssOS::d -nostartfiles -g -Wall -Wextra -fno-tree-loop-distribute-patterns -DSHAREABLE_DRR -DUSE_AMP=1"

TRACE::2025-03-26.16:35:29::SCWMssOS::"Running Make include in ps7_cortexa9_1/libsrc/ddrps_v1_2/src"

TRACE::2025-03-26.16:35:29::SCWMssOS::make -C ps7_cortexa9_1/libsrc/ddrps_v1_2/src -s include  "SHELL=CMD" "COMPILER=arm-none-eabi-gcc" "ASSEMBLER=arm-none-eabi-as" 
TRACE::2025-03-26.16:35:29::SCWMssOS::"ARCHIVER=arm-none-eabi-ar" "COMPILER_FLAGS=  -O2 -c" "EXTRA_COMPILER_FLAGS=-mcpu=cortex-a9 -mfpu=vfpv3 -mfloat-abi=hard -nosta
TRACE::2025-03-26.16:35:29::SCWMssOS::rtfiles -g -Wall -Wextra -fno-tree-loop-distribute-patterns -DSHAREABLE_DRR -DUSE_AMP=1"

TRACE::2025-03-26.16:35:29::SCWMssOS::"Running Make include in ps7_cortexa9_1/libsrc/devcfg_v3_7/src"

TRACE::2025-03-26.16:35:29::SCWMssOS::make -C ps7_cortexa9_1/libsrc/devcfg_v3_7/src -s include  "SHELL=CMD" "COMPILER=arm-none-eabi-gcc" "ASSEMBLER=arm-none-eabi-as"
TRACE::2025-03-26.16:35:29::SCWMssOS:: "ARCHIVER=arm-none-eabi-ar" "COMPILER_FLAGS=  -O2 -c" "EXTRA_COMPILER_FLAGS=-mcpu=cortex-a9 -mfpu=vfpv3 -mfloat-abi=hard -nost
TRACE::2025-03-26.16:35:29::SCWMssOS::artfiles -g -Wall -Wextra -fno-tree-loop-distribute-patterns -DSHAREABLE_DRR -DUSE_AMP=1"

TRACE::2025-03-26.16:35:29::SCWMssOS::"Running Make include in ps7_cortexa9_1/libsrc/dmaps_v2_8/src"

TRACE::2025-03-26.16:35:29::SCWMssOS::make -C ps7_cortexa9_1/libsrc/dmaps_v2_8/src -s include  "SHELL=CMD" "COMPILER=arm-none-eabi-gcc" "ASSEMBLER=arm-none-eabi-as" 
TRACE::2025-03-26.16:35:29::SCWMssOS::"ARCHIVER=arm-none-eabi-ar" "COMPILER_FLAGS=  -O2 -c" "EXTRA_COMPILER_FLAGS=-mcpu=cortex-a9 -mfpu=vfpv3 -mfloat-abi=hard -nosta
TRACE::2025-03-26.16:35:29::SCWMssOS::rtfiles -g -Wall -Wextra -fno-tree-loop-distribute-patterns -DSHAREABLE_DRR -DUSE_AMP=1"

TRACE::2025-03-26.16:35:29::SCWMssOS::"Running Make include in ps7_cortexa9_1/libsrc/emacps_v3_16/src"

TRACE::2025-03-26.16:35:29::SCWMssOS::make -C ps7_cortexa9_1/libsrc/emacps_v3_16/src -s include  "SHELL=CMD" "COMPILER=arm-none-eabi-gcc" "ASSEMBLER=arm-none-eabi-as
TRACE::2025-03-26.16:35:29::SCWMssOS::" "ARCHIVER=arm-none-eabi-ar" "COMPILER_FLAGS=  -O2 -c" "EXTRA_COMPILER_FLAGS=-mcpu=cortex-a9 -mfpu=vfpv3 -mfloat-abi=hard -nos
TRACE::2025-03-26.16:35:29::SCWMssOS::tartfiles -g -Wall -Wextra -fno-tree-loop-distribute-patterns -DSHAREABLE_DRR -DUSE_AMP=1"

TRACE::2025-03-26.16:35:29::SCWMssOS::"Running Make include in ps7_cortexa9_1/libsrc/gpiops_v3_9/src"

TRACE::2025-03-26.16:35:29::SCWMssOS::make -C ps7_cortexa9_1/libsrc/gpiops_v3_9/src -s include  "SHELL=CMD" "COMPILER=arm-none-eabi-gcc" "ASSEMBLER=arm-none-eabi-as"
TRACE::2025-03-26.16:35:29::SCWMssOS:: "ARCHIVER=arm-none-eabi-ar" "COMPILER_FLAGS=  -O2 -c" "EXTRA_COMPILER_FLAGS=-mcpu=cortex-a9 -mfpu=vfpv3 -mfloat-abi=hard -nost
TRACE::2025-03-26.16:35:29::SCWMssOS::artfiles -g -Wall -Wextra -fno-tree-loop-distribute-patterns -DSHAREABLE_DRR -DUSE_AMP=1"

TRACE::2025-03-26.16:35:29::SCWMssOS::"Running Make include in ps7_cortexa9_1/libsrc/iicps_v3_15/src"

TRACE::2025-03-26.16:35:29::SCWMssOS::make -C ps7_cortexa9_1/libsrc/iicps_v3_15/src -s include  "SHELL=CMD" "COMPILER=arm-none-eabi-gcc" "ASSEMBLER=arm-none-eabi-as"
TRACE::2025-03-26.16:35:29::SCWMssOS:: "ARCHIVER=arm-none-eabi-ar" "COMPILER_FLAGS=  -O2 -c" "EXTRA_COMPILER_FLAGS=-mcpu=cortex-a9 -mfpu=vfpv3 -mfloat-abi=hard -nost
TRACE::2025-03-26.16:35:29::SCWMssOS::artfiles -g -Wall -Wextra -fno-tree-loop-distribute-patterns -DSHAREABLE_DRR -DUSE_AMP=1"

TRACE::2025-03-26.16:35:29::SCWMssOS::"Running Make include in ps7_cortexa9_1/libsrc/qspips_v3_9/src"

TRACE::2025-03-26.16:35:29::SCWMssOS::make -C ps7_cortexa9_1/libsrc/qspips_v3_9/src -s include  "SHELL=CMD" "COMPILER=arm-none-eabi-gcc" "ASSEMBLER=arm-none-eabi-as"
TRACE::2025-03-26.16:35:29::SCWMssOS:: "ARCHIVER=arm-none-eabi-ar" "COMPILER_FLAGS=  -O2 -c" "EXTRA_COMPILER_FLAGS=-mcpu=cortex-a9 -mfpu=vfpv3 -mfloat-abi=hard -nost
TRACE::2025-03-26.16:35:29::SCWMssOS::artfiles -g -Wall -Wextra -fno-tree-loop-distribute-patterns -DSHAREABLE_DRR -DUSE_AMP=1"

TRACE::2025-03-26.16:35:29::SCWMssOS::"Running Make include in ps7_cortexa9_1/libsrc/scugic_v4_7/src"

TRACE::2025-03-26.16:35:29::SCWMssOS::make -C ps7_cortexa9_1/libsrc/scugic_v4_7/src -s include  "SHELL=CMD" "COMPILER=arm-none-eabi-gcc" "ASSEMBLER=arm-none-eabi-as"
TRACE::2025-03-26.16:35:29::SCWMssOS:: "ARCHIVER=arm-none-eabi-ar" "COMPILER_FLAGS=  -O2 -c" "EXTRA_COMPILER_FLAGS=-mcpu=cortex-a9 -mfpu=vfpv3 -mfloat-abi=hard -nost
TRACE::2025-03-26.16:35:29::SCWMssOS::artfiles -g -Wall -Wextra -fno-tree-loop-distribute-patterns -DSHAREABLE_DRR -DUSE_AMP=1"

TRACE::2025-03-26.16:35:30::SCWMssOS::"Running Make include in ps7_cortexa9_1/libsrc/scutimer_v2_4/src"

TRACE::2025-03-26.16:35:30::SCWMssOS::make -C ps7_cortexa9_1/libsrc/scutimer_v2_4/src -s include  "SHELL=CMD" "COMPILER=arm-none-eabi-gcc" "ASSEMBLER=arm-none-eabi-a
TRACE::2025-03-26.16:35:30::SCWMssOS::s" "ARCHIVER=arm-none-eabi-ar" "COMPILER_FLAGS=  -O2 -c" "EXTRA_COMPILER_FLAGS=-mcpu=cortex-a9 -mfpu=vfpv3 -mfloat-abi=hard -no
TRACE::2025-03-26.16:35:30::SCWMssOS::startfiles -g -Wall -Wextra -fno-tree-loop-distribute-patterns -DSHAREABLE_DRR -DUSE_AMP=1"

TRACE::2025-03-26.16:35:30::SCWMssOS::"Running Make include in ps7_cortexa9_1/libsrc/scuwdt_v2_4/src"

TRACE::2025-03-26.16:35:30::SCWMssOS::make -C ps7_cortexa9_1/libsrc/scuwdt_v2_4/src -s include  "SHELL=CMD" "COMPILER=arm-none-eabi-gcc" "ASSEMBLER=arm-none-eabi-as"
TRACE::2025-03-26.16:35:30::SCWMssOS:: "ARCHIVER=arm-none-eabi-ar" "COMPILER_FLAGS=  -O2 -c" "EXTRA_COMPILER_FLAGS=-mcpu=cortex-a9 -mfpu=vfpv3 -mfloat-abi=hard -nost
TRACE::2025-03-26.16:35:30::SCWMssOS::artfiles -g -Wall -Wextra -fno-tree-loop-distribute-patterns -DSHAREABLE_DRR -DUSE_AMP=1"

TRACE::2025-03-26.16:35:30::SCWMssOS::"Running Make include in ps7_cortexa9_1/libsrc/sdps_v3_14/src"

TRACE::2025-03-26.16:35:30::SCWMssOS::make -C ps7_cortexa9_1/libsrc/sdps_v3_14/src -s include  "SHELL=CMD" "COMPILER=arm-none-eabi-gcc" "ASSEMBLER=arm-none-eabi-as" 
TRACE::2025-03-26.16:35:30::SCWMssOS::"ARCHIVER=arm-none-eabi-ar" "COMPILER_FLAGS=  -O2 -c" "EXTRA_COMPILER_FLAGS=-mcpu=cortex-a9 -mfpu=vfpv3 -mfloat-abi=hard -nosta
TRACE::2025-03-26.16:35:30::SCWMssOS::rtfiles -g -Wall -Wextra -fno-tree-loop-distribute-patterns -DSHAREABLE_DRR -DUSE_AMP=1"

TRACE::2025-03-26.16:35:30::SCWMssOS::"Running Make include in ps7_cortexa9_1/libsrc/standalone_v7_7/src"

TRACE::2025-03-26.16:35:30::SCWMssOS::make -C ps7_cortexa9_1/libsrc/standalone_v7_7/src -s include  "SHELL=CMD" "COMPILER=arm-none-eabi-gcc" "ASSEMBLER=arm-none-eabi
TRACE::2025-03-26.16:35:30::SCWMssOS::-as" "ARCHIVER=arm-none-eabi-ar" "COMPILER_FLAGS=  -O2 -c" "EXTRA_COMPILER_FLAGS=-mcpu=cortex-a9 -mfpu=vfpv3 -mfloat-abi=hard -
TRACE::2025-03-26.16:35:30::SCWMssOS::nostartfiles -g -Wall -Wextra -fno-tree-loop-distribute-patterns -DSHAREABLE_DRR -DUSE_AMP=1"

TRACE::2025-03-26.16:35:30::SCWMssOS::"Running Make include in ps7_cortexa9_1/libsrc/uartps_v3_11/src"

TRACE::2025-03-26.16:35:30::SCWMssOS::make -C ps7_cortexa9_1/libsrc/uartps_v3_11/src -s include  "SHELL=CMD" "COMPILER=arm-none-eabi-gcc" "ASSEMBLER=arm-none-eabi-as
TRACE::2025-03-26.16:35:30::SCWMssOS::" "ARCHIVER=arm-none-eabi-ar" "COMPILER_FLAGS=  -O2 -c" "EXTRA_COMPILER_FLAGS=-mcpu=cortex-a9 -mfpu=vfpv3 -mfloat-abi=hard -nos
TRACE::2025-03-26.16:35:30::SCWMssOS::tartfiles -g -Wall -Wextra -fno-tree-loop-distribute-patterns -DSHAREABLE_DRR -DUSE_AMP=1"

TRACE::2025-03-26.16:35:30::SCWMssOS::"Running Make include in ps7_cortexa9_1/libsrc/usbps_v2_7/src"

TRACE::2025-03-26.16:35:30::SCWMssOS::make -C ps7_cortexa9_1/libsrc/usbps_v2_7/src -s include  "SHELL=CMD" "COMPILER=arm-none-eabi-gcc" "ASSEMBLER=arm-none-eabi-as" 
TRACE::2025-03-26.16:35:30::SCWMssOS::"ARCHIVER=arm-none-eabi-ar" "COMPILER_FLAGS=  -O2 -c" "EXTRA_COMPILER_FLAGS=-mcpu=cortex-a9 -mfpu=vfpv3 -mfloat-abi=hard -nosta
TRACE::2025-03-26.16:35:30::SCWMssOS::rtfiles -g -Wall -Wextra -fno-tree-loop-distribute-patterns -DSHAREABLE_DRR -DUSE_AMP=1"

TRACE::2025-03-26.16:35:30::SCWMssOS::"Running Make include in ps7_cortexa9_1/libsrc/xadcps_v2_6/src"

TRACE::2025-03-26.16:35:30::SCWMssOS::make -C ps7_cortexa9_1/libsrc/xadcps_v2_6/src -s include  "SHELL=CMD" "COMPILER=arm-none-eabi-gcc" "ASSEMBLER=arm-none-eabi-as"
TRACE::2025-03-26.16:35:30::SCWMssOS:: "ARCHIVER=arm-none-eabi-ar" "COMPILER_FLAGS=  -O2 -c" "EXTRA_COMPILER_FLAGS=-mcpu=cortex-a9 -mfpu=vfpv3 -mfloat-abi=hard -nost
TRACE::2025-03-26.16:35:30::SCWMssOS::artfiles -g -Wall -Wextra -fno-tree-loop-distribute-patterns -DSHAREABLE_DRR -DUSE_AMP=1"

TRACE::2025-03-26.16:35:30::SCWMssOS::"Running Make include in ps7_cortexa9_1/libsrc/xilffs_v4_7/src"

TRACE::2025-03-26.16:35:30::SCWMssOS::make -C ps7_cortexa9_1/libsrc/xilffs_v4_7/src -s include  "SHELL=CMD" "COMPILER=arm-none-eabi-gcc" "ASSEMBLER=arm-none-eabi-as"
TRACE::2025-03-26.16:35:30::SCWMssOS:: "ARCHIVER=arm-none-eabi-ar" "COMPILER_FLAGS=  -O2 -c" "EXTRA_COMPILER_FLAGS=-mcpu=cortex-a9 -mfpu=vfpv3 -mfloat-abi=hard -nost
TRACE::2025-03-26.16:35:30::SCWMssOS::artfiles -g -Wall -Wextra -fno-tree-loop-distribute-patterns -DSHAREABLE_DRR -DUSE_AMP=1"

TRACE::2025-03-26.16:35:30::SCWMssOS::"Running Make libs in ps7_cortexa9_1/libsrc/axidma_v9_14/src"

TRACE::2025-03-26.16:35:30::SCWMssOS::"Running Make libs in ps7_cortexa9_1/libsrc/axivdma_v6_11/src"

TRACE::2025-03-26.16:35:30::SCWMssOS::make -C ps7_cortexa9_1/libsrc/axidma_v9_14/src -s libs  "SHELL=CMD" "COMPILER=arm-none-eabi-gcc" "ASSEMBLER=arm-none-eabi-as" "
TRACE::2025-03-26.16:35:30::SCWMssOS::ARCHIVER=arm-none-eabi-ar" "COMPILER_FLAGS=  -O2 -c" "EXTRA_COMPILER_FLAGS=-mcpu=cortex-a9 -mfpu=vfpv3 -mfloat-abi=hard -nostar
TRACE::2025-03-26.16:35:30::SCWMssOS::tfiles -g -Wall -Wextra -fno-tree-loop-distribute-patterns -DSHAREABLE_DRR -DUSE_AMP=1"

TRACE::2025-03-26.16:35:30::SCWMssOS::make -C ps7_cortexa9_1/libsrc/axivdma_v6_11/src -s libs  "SHELL=CMD" "COMPILER=arm-none-eabi-gcc" "ASSEMBLER=arm-none-eabi-as" 
TRACE::2025-03-26.16:35:30::SCWMssOS::"ARCHIVER=arm-none-eabi-ar" "COMPILER_FLAGS=  -O2 -c" "EXTRA_COMPILER_FLAGS=-mcpu=cortex-a9 -mfpu=vfpv3 -mfloat-abi=hard -nosta
TRACE::2025-03-26.16:35:30::SCWMssOS::rtfiles -g -Wall -Wextra -fno-tree-loop-distribute-patterns -DSHAREABLE_DRR -DUSE_AMP=1"

TRACE::2025-03-26.16:35:32::SCWMssOS::"Running Make libs in ps7_cortexa9_1/libsrc/coresightps_dcc_v1_8/src"

TRACE::2025-03-26.16:35:32::SCWMssOS::make -C ps7_cortexa9_1/libsrc/coresightps_dcc_v1_8/src -s libs  "SHELL=CMD" "COMPILER=arm-none-eabi-gcc" "ASSEMBLER=arm-none-ea
TRACE::2025-03-26.16:35:32::SCWMssOS::bi-as" "ARCHIVER=arm-none-eabi-ar" "COMPILER_FLAGS=  -O2 -c" "EXTRA_COMPILER_FLAGS=-mcpu=cortex-a9 -mfpu=vfpv3 -mfloat-abi=hard
TRACE::2025-03-26.16:35:32::SCWMssOS:: -nostartfiles -g -Wall -Wextra -fno-tree-loop-distribute-patterns -DSHAREABLE_DRR -DUSE_AMP=1"

TRACE::2025-03-26.16:35:32::SCWMssOS::"Running Make libs in ps7_cortexa9_1/libsrc/cpu_cortexa9_v2_11/src"

TRACE::2025-03-26.16:35:32::SCWMssOS::make -C ps7_cortexa9_1/libsrc/cpu_cortexa9_v2_11/src -s libs  "SHELL=CMD" "COMPILER=arm-none-eabi-gcc" "ASSEMBLER=arm-none-eabi
TRACE::2025-03-26.16:35:32::SCWMssOS::-as" "ARCHIVER=arm-none-eabi-ar" "COMPILER_FLAGS=  -O2 -c" "EXTRA_COMPILER_FLAGS=-mcpu=cortex-a9 -mfpu=vfpv3 -mfloat-abi=hard -
TRACE::2025-03-26.16:35:32::SCWMssOS::nostartfiles -g -Wall -Wextra -fno-tree-loop-distribute-patterns -DSHAREABLE_DRR -DUSE_AMP=1"

TRACE::2025-03-26.16:35:32::SCWMssOS::"Running Make libs in ps7_cortexa9_1/libsrc/ddrps_v1_2/src"

TRACE::2025-03-26.16:35:32::SCWMssOS::make -C ps7_cortexa9_1/libsrc/ddrps_v1_2/src -s libs  "SHELL=CMD" "COMPILER=arm-none-eabi-gcc" "ASSEMBLER=arm-none-eabi-as" "AR
TRACE::2025-03-26.16:35:32::SCWMssOS::CHIVER=arm-none-eabi-ar" "COMPILER_FLAGS=  -O2 -c" "EXTRA_COMPILER_FLAGS=-mcpu=cortex-a9 -mfpu=vfpv3 -mfloat-abi=hard -nostartf
TRACE::2025-03-26.16:35:32::SCWMssOS::iles -g -Wall -Wextra -fno-tree-loop-distribute-patterns -DSHAREABLE_DRR -DUSE_AMP=1"

TRACE::2025-03-26.16:35:32::SCWMssOS::"Running Make libs in ps7_cortexa9_1/libsrc/devcfg_v3_7/src"

TRACE::2025-03-26.16:35:32::SCWMssOS::make -C ps7_cortexa9_1/libsrc/devcfg_v3_7/src -s libs  "SHELL=CMD" "COMPILER=arm-none-eabi-gcc" "ASSEMBLER=arm-none-eabi-as" "A
TRACE::2025-03-26.16:35:32::SCWMssOS::RCHIVER=arm-none-eabi-ar" "COMPILER_FLAGS=  -O2 -c" "EXTRA_COMPILER_FLAGS=-mcpu=cortex-a9 -mfpu=vfpv3 -mfloat-abi=hard -nostart
TRACE::2025-03-26.16:35:32::SCWMssOS::files -g -Wall -Wextra -fno-tree-loop-distribute-patterns -DSHAREABLE_DRR -DUSE_AMP=1"

TRACE::2025-03-26.16:35:32::SCWMssOS::"Running Make libs in ps7_cortexa9_1/libsrc/dmaps_v2_8/src"

TRACE::2025-03-26.16:35:32::SCWMssOS::make -C ps7_cortexa9_1/libsrc/dmaps_v2_8/src -s libs  "SHELL=CMD" "COMPILER=arm-none-eabi-gcc" "ASSEMBLER=arm-none-eabi-as" "AR
TRACE::2025-03-26.16:35:32::SCWMssOS::CHIVER=arm-none-eabi-ar" "COMPILER_FLAGS=  -O2 -c" "EXTRA_COMPILER_FLAGS=-mcpu=cortex-a9 -mfpu=vfpv3 -mfloat-abi=hard -nostartf
TRACE::2025-03-26.16:35:32::SCWMssOS::iles -g -Wall -Wextra -fno-tree-loop-distribute-patterns -DSHAREABLE_DRR -DUSE_AMP=1"

TRACE::2025-03-26.16:35:34::SCWMssOS::"Running Make libs in ps7_cortexa9_1/libsrc/emacps_v3_16/src"

TRACE::2025-03-26.16:35:34::SCWMssOS::make -C ps7_cortexa9_1/libsrc/emacps_v3_16/src -s libs  "SHELL=CMD" "COMPILER=arm-none-eabi-gcc" "ASSEMBLER=arm-none-eabi-as" "
TRACE::2025-03-26.16:35:34::SCWMssOS::ARCHIVER=arm-none-eabi-ar" "COMPILER_FLAGS=  -O2 -c" "EXTRA_COMPILER_FLAGS=-mcpu=cortex-a9 -mfpu=vfpv3 -mfloat-abi=hard -nostar
TRACE::2025-03-26.16:35:34::SCWMssOS::tfiles -g -Wall -Wextra -fno-tree-loop-distribute-patterns -DSHAREABLE_DRR -DUSE_AMP=1"

TRACE::2025-03-26.16:35:34::SCWMssOS::"Running Make libs in ps7_cortexa9_1/libsrc/gpiops_v3_9/src"

TRACE::2025-03-26.16:35:34::SCWMssOS::make -C ps7_cortexa9_1/libsrc/gpiops_v3_9/src -s libs  "SHELL=CMD" "COMPILER=arm-none-eabi-gcc" "ASSEMBLER=arm-none-eabi-as" "A
TRACE::2025-03-26.16:35:34::SCWMssOS::RCHIVER=arm-none-eabi-ar" "COMPILER_FLAGS=  -O2 -c" "EXTRA_COMPILER_FLAGS=-mcpu=cortex-a9 -mfpu=vfpv3 -mfloat-abi=hard -nostart
TRACE::2025-03-26.16:35:34::SCWMssOS::files -g -Wall -Wextra -fno-tree-loop-distribute-patterns -DSHAREABLE_DRR -DUSE_AMP=1"

TRACE::2025-03-26.16:35:35::SCWMssOS::"Running Make libs in ps7_cortexa9_1/libsrc/iicps_v3_15/src"

TRACE::2025-03-26.16:35:35::SCWMssOS::make -C ps7_cortexa9_1/libsrc/iicps_v3_15/src -s libs  "SHELL=CMD" "COMPILER=arm-none-eabi-gcc" "ASSEMBLER=arm-none-eabi-as" "A
TRACE::2025-03-26.16:35:35::SCWMssOS::RCHIVER=arm-none-eabi-ar" "COMPILER_FLAGS=  -O2 -c" "EXTRA_COMPILER_FLAGS=-mcpu=cortex-a9 -mfpu=vfpv3 -mfloat-abi=hard -nostart
TRACE::2025-03-26.16:35:35::SCWMssOS::files -g -Wall -Wextra -fno-tree-loop-distribute-patterns -DSHAREABLE_DRR -DUSE_AMP=1"

TRACE::2025-03-26.16:35:36::SCWMssOS::"Running Make libs in ps7_cortexa9_1/libsrc/qspips_v3_9/src"

TRACE::2025-03-26.16:35:36::SCWMssOS::make -C ps7_cortexa9_1/libsrc/qspips_v3_9/src -s libs  "SHELL=CMD" "COMPILER=arm-none-eabi-gcc" "ASSEMBLER=arm-none-eabi-as" "A
TRACE::2025-03-26.16:35:36::SCWMssOS::RCHIVER=arm-none-eabi-ar" "COMPILER_FLAGS=  -O2 -c" "EXTRA_COMPILER_FLAGS=-mcpu=cortex-a9 -mfpu=vfpv3 -mfloat-abi=hard -nostart
TRACE::2025-03-26.16:35:36::SCWMssOS::files -g -Wall -Wextra -fno-tree-loop-distribute-patterns -DSHAREABLE_DRR -DUSE_AMP=1"

TRACE::2025-03-26.16:35:37::SCWMssOS::"Running Make libs in ps7_cortexa9_1/libsrc/scugic_v4_7/src"

TRACE::2025-03-26.16:35:37::SCWMssOS::make -C ps7_cortexa9_1/libsrc/scugic_v4_7/src -s libs  "SHELL=CMD" "COMPILER=arm-none-eabi-gcc" "ASSEMBLER=arm-none-eabi-as" "A
TRACE::2025-03-26.16:35:37::SCWMssOS::RCHIVER=arm-none-eabi-ar" "COMPILER_FLAGS=  -O2 -c" "EXTRA_COMPILER_FLAGS=-mcpu=cortex-a9 -mfpu=vfpv3 -mfloat-abi=hard -nostart
TRACE::2025-03-26.16:35:37::SCWMssOS::files -g -Wall -Wextra -fno-tree-loop-distribute-patterns -DSHAREABLE_DRR -DUSE_AMP=1"

TRACE::2025-03-26.16:35:38::SCWMssOS::"Running Make libs in ps7_cortexa9_1/libsrc/scutimer_v2_4/src"

TRACE::2025-03-26.16:35:38::SCWMssOS::make -C ps7_cortexa9_1/libsrc/scutimer_v2_4/src -s libs  "SHELL=CMD" "COMPILER=arm-none-eabi-gcc" "ASSEMBLER=arm-none-eabi-as" 
TRACE::2025-03-26.16:35:38::SCWMssOS::"ARCHIVER=arm-none-eabi-ar" "COMPILER_FLAGS=  -O2 -c" "EXTRA_COMPILER_FLAGS=-mcpu=cortex-a9 -mfpu=vfpv3 -mfloat-abi=hard -nosta
TRACE::2025-03-26.16:35:38::SCWMssOS::rtfiles -g -Wall -Wextra -fno-tree-loop-distribute-patterns -DSHAREABLE_DRR -DUSE_AMP=1"

TRACE::2025-03-26.16:35:38::SCWMssOS::"Running Make libs in ps7_cortexa9_1/libsrc/scuwdt_v2_4/src"

TRACE::2025-03-26.16:35:38::SCWMssOS::make -C ps7_cortexa9_1/libsrc/scuwdt_v2_4/src -s libs  "SHELL=CMD" "COMPILER=arm-none-eabi-gcc" "ASSEMBLER=arm-none-eabi-as" "A
TRACE::2025-03-26.16:35:38::SCWMssOS::RCHIVER=arm-none-eabi-ar" "COMPILER_FLAGS=  -O2 -c" "EXTRA_COMPILER_FLAGS=-mcpu=cortex-a9 -mfpu=vfpv3 -mfloat-abi=hard -nostart
TRACE::2025-03-26.16:35:38::SCWMssOS::files -g -Wall -Wextra -fno-tree-loop-distribute-patterns -DSHAREABLE_DRR -DUSE_AMP=1"

TRACE::2025-03-26.16:35:39::SCWMssOS::"Running Make libs in ps7_cortexa9_1/libsrc/sdps_v3_14/src"

TRACE::2025-03-26.16:35:39::SCWMssOS::make -C ps7_cortexa9_1/libsrc/sdps_v3_14/src -s libs  "SHELL=CMD" "COMPILER=arm-none-eabi-gcc" "ASSEMBLER=arm-none-eabi-as" "AR
TRACE::2025-03-26.16:35:39::SCWMssOS::CHIVER=arm-none-eabi-ar" "COMPILER_FLAGS=  -O2 -c" "EXTRA_COMPILER_FLAGS=-mcpu=cortex-a9 -mfpu=vfpv3 -mfloat-abi=hard -nostartf
TRACE::2025-03-26.16:35:39::SCWMssOS::iles -g -Wall -Wextra -fno-tree-loop-distribute-patterns -DSHAREABLE_DRR -DUSE_AMP=1"

TRACE::2025-03-26.16:35:40::SCWMssOS::"Running Make libs in ps7_cortexa9_1/libsrc/standalone_v7_7/src"

TRACE::2025-03-26.16:35:40::SCWMssOS::make -C ps7_cortexa9_1/libsrc/standalone_v7_7/src -s libs  "SHELL=CMD" "COMPILER=arm-none-eabi-gcc" "ASSEMBLER=arm-none-eabi-as
TRACE::2025-03-26.16:35:40::SCWMssOS::" "ARCHIVER=arm-none-eabi-ar" "COMPILER_FLAGS=  -O2 -c" "EXTRA_COMPILER_FLAGS=-mcpu=cortex-a9 -mfpu=vfpv3 -mfloat-abi=hard -nos
TRACE::2025-03-26.16:35:40::SCWMssOS::tartfiles -g -Wall -Wextra -fno-tree-loop-distribute-patterns -DSHAREABLE_DRR -DUSE_AMP=1"

TRACE::2025-03-26.16:35:41::SCWMssOS::"Running Make libs in ps7_cortexa9_1/libsrc/uartps_v3_11/src"

TRACE::2025-03-26.16:35:41::SCWMssOS::make -C ps7_cortexa9_1/libsrc/uartps_v3_11/src -s libs  "SHELL=CMD" "COMPILER=arm-none-eabi-gcc" "ASSEMBLER=arm-none-eabi-as" "
TRACE::2025-03-26.16:35:41::SCWMssOS::ARCHIVER=arm-none-eabi-ar" "COMPILER_FLAGS=  -O2 -c" "EXTRA_COMPILER_FLAGS=-mcpu=cortex-a9 -mfpu=vfpv3 -mfloat-abi=hard -nostar
TRACE::2025-03-26.16:35:41::SCWMssOS::tfiles -g -Wall -Wextra -fno-tree-loop-distribute-patterns -DSHAREABLE_DRR -DUSE_AMP=1"

TRACE::2025-03-26.16:35:42::SCWMssOS::"Running Make libs in ps7_cortexa9_1/libsrc/usbps_v2_7/src"

TRACE::2025-03-26.16:35:42::SCWMssOS::make -C ps7_cortexa9_1/libsrc/usbps_v2_7/src -s libs  "SHELL=CMD" "COMPILER=arm-none-eabi-gcc" "ASSEMBLER=arm-none-eabi-as" "AR
TRACE::2025-03-26.16:35:42::SCWMssOS::CHIVER=arm-none-eabi-ar" "COMPILER_FLAGS=  -O2 -c" "EXTRA_COMPILER_FLAGS=-mcpu=cortex-a9 -mfpu=vfpv3 -mfloat-abi=hard -nostartf
TRACE::2025-03-26.16:35:42::SCWMssOS::iles -g -Wall -Wextra -fno-tree-loop-distribute-patterns -DSHAREABLE_DRR -DUSE_AMP=1"

TRACE::2025-03-26.16:35:44::SCWMssOS::"Running Make libs in ps7_cortexa9_1/libsrc/xadcps_v2_6/src"

TRACE::2025-03-26.16:35:44::SCWMssOS::make -C ps7_cortexa9_1/libsrc/xadcps_v2_6/src -s libs  "SHELL=CMD" "COMPILER=arm-none-eabi-gcc" "ASSEMBLER=arm-none-eabi-as" "A
TRACE::2025-03-26.16:35:44::SCWMssOS::RCHIVER=arm-none-eabi-ar" "COMPILER_FLAGS=  -O2 -c" "EXTRA_COMPILER_FLAGS=-mcpu=cortex-a9 -mfpu=vfpv3 -mfloat-abi=hard -nostart
TRACE::2025-03-26.16:35:44::SCWMssOS::files -g -Wall -Wextra -fno-tree-loop-distribute-patterns -DSHAREABLE_DRR -DUSE_AMP=1"

TRACE::2025-03-26.16:35:46::SCWMssOS::"Running Make libs in ps7_cortexa9_1/libsrc/xilffs_v4_7/src"

TRACE::2025-03-26.16:35:46::SCWMssOS::make -C ps7_cortexa9_1/libsrc/xilffs_v4_7/src -s libs  "SHELL=CMD" "COMPILER=arm-none-eabi-gcc" "ASSEMBLER=arm-none-eabi-as" "A
TRACE::2025-03-26.16:35:46::SCWMssOS::RCHIVER=arm-none-eabi-ar" "COMPILER_FLAGS=  -O2 -c" "EXTRA_COMPILER_FLAGS=-mcpu=cortex-a9 -mfpu=vfpv3 -mfloat-abi=hard -nostart
TRACE::2025-03-26.16:35:46::SCWMssOS::files -g -Wall -Wextra -fno-tree-loop-distribute-patterns -DSHAREABLE_DRR -DUSE_AMP=1"

TRACE::2025-03-26.16:35:49::SCWMssOS::'Finished building libraries parallelly.'

TRACE::2025-03-26.16:35:49::SCWMssOS::make --no-print-directory archive

TRACE::2025-03-26.16:35:49::SCWMssOS::arm-none-eabi-ar -r  ps7_cortexa9_1/lib/libxil.a ps7_cortexa9_1/lib/xadcps_selftest.o ps7_cortexa9_1/lib/xplatform_info.o ps7_c
TRACE::2025-03-26.16:35:49::SCWMssOS::ortexa9_1/lib/xil_mem.o ps7_cortexa9_1/lib/_exit.o ps7_cortexa9_1/lib/xusbps_sinit.o ps7_cortexa9_1/lib/xdevcfg_hw.o ps7_cortex
TRACE::2025-03-26.16:35:49::SCWMssOS::a9_1/lib/xil_sleeptimer.o ps7_cortexa9_1/lib/xqspips_options.o ps7_cortexa9_1/lib/xdmaps_g.o ps7_cortexa9_1/lib/xscutimer_g.o p
TRACE::2025-03-26.16:35:49::SCWMssOS::s7_cortexa9_1/lib/xsdps_options.o ps7_cortexa9_1/lib/xil_misc_psreset_api.o ps7_cortexa9_1/lib/xdmaps_sinit.o ps7_cortexa9_1/li
TRACE::2025-03-26.16:35:49::SCWMssOS::b/xscutimer_sinit.o ps7_cortexa9_1/lib/xemacps_hw.o ps7_cortexa9_1/lib/inbyte.o ps7_cortexa9_1/lib/xscutimer_selftest.o ps7_cor
TRACE::2025-03-26.16:35:49::SCWMssOS::texa9_1/lib/putnum.o ps7_cortexa9_1/lib/xqspips_hw.o ps7_cortexa9_1/lib/xgpiops_g.o ps7_cortexa9_1/lib/xsdps.o ps7_cortexa9_1/l
TRACE::2025-03-26.16:35:49::SCWMssOS::ib/close.o ps7_cortexa9_1/lib/xemacps_g.o ps7_cortexa9_1/lib/xgpiops_sinit.o ps7_cortexa9_1/lib/xgpiops_selftest.o ps7_cortexa9
TRACE::2025-03-26.16:35:49::SCWMssOS::_1/lib/xscuwdt.o ps7_cortexa9_1/lib/xaxivdma_g.o ps7_cortexa9_1/lib/xil_clocking.o ps7_cortexa9_1/lib/xiicps_intr.o ps7_cortexa
TRACE::2025-03-26.16:35:49::SCWMssOS::9_1/lib/xaxivdma_sinit.o ps7_cortexa9_1/lib/xuartps_sinit.o ps7_cortexa9_1/lib/time.o ps7_cortexa9_1/lib/xaxivdma_selftest.o ps
TRACE::2025-03-26.16:35:49::SCWMssOS::7_cortexa9_1/lib/xiicps_slave.o ps7_cortexa9_1/lib/xil_printf.o ps7_cortexa9_1/lib/kill.o ps7_cortexa9_1/lib/xadcps.o ps7_corte
TRACE::2025-03-26.16:35:49::SCWMssOS::xa9_1/lib/xiicps_options.o ps7_cortexa9_1/lib/xdmaps.o ps7_cortexa9_1/lib/xuartps_selftest.o ps7_cortexa9_1/lib/xuartps_g.o ps7
TRACE::2025-03-26.16:35:49::SCWMssOS::_cortexa9_1/lib/lseek.o ps7_cortexa9_1/lib/xil_testmem.o ps7_cortexa9_1/lib/xusbps_hw.o ps7_cortexa9_1/lib/xl2cc_counter.o ps7_
TRACE::2025-03-26.16:35:49::SCWMssOS::cortexa9_1/lib/xiicps_hw.o ps7_cortexa9_1/lib/asm_vectors.o ps7_cortexa9_1/lib/usleep.o ps7_cortexa9_1/lib/abort.o ps7_cortexa9
TRACE::2025-03-26.16:35:49::SCWMssOS::_1/lib/xscugic_intr.o ps7_cortexa9_1/lib/getpid.o ps7_cortexa9_1/lib/xiicps_selftest.o ps7_cortexa9_1/lib/xil_testcache.o ps7_c
TRACE::2025-03-26.16:35:49::SCWMssOS::ortexa9_1/lib/xdevcfg_sinit.o ps7_cortexa9_1/lib/xgpiops.o ps7_cortexa9_1/lib/xscutimer.o ps7_cortexa9_1/lib/xdevcfg_selftest.o
TRACE::2025-03-26.16:35:49::SCWMssOS:: ps7_cortexa9_1/lib/xpm_counter.o ps7_cortexa9_1/lib/xiicps.o ps7_cortexa9_1/lib/_sbrk.o ps7_cortexa9_1/lib/xiicps_master.o ps7
TRACE::2025-03-26.16:35:49::SCWMssOS::_cortexa9_1/lib/xqspips_g.o ps7_cortexa9_1/lib/xemacps_bdring.o ps7_cortexa9_1/lib/xusbps_endpoint.o ps7_cortexa9_1/lib/xqspips
TRACE::2025-03-26.16:35:49::SCWMssOS::_sinit.o ps7_cortexa9_1/lib/xqspips_selftest.o ps7_cortexa9_1/lib/xil_exception.o ps7_cortexa9_1/lib/sbrk.o ps7_cortexa9_1/lib/
TRACE::2025-03-26.16:35:49::SCWMssOS::xaxivdma.o ps7_cortexa9_1/lib/xemacps_control.o ps7_cortexa9_1/lib/open.o ps7_cortexa9_1/lib/xil_assert.o ps7_cortexa9_1/lib/xa
TRACE::2025-03-26.16:35:49::SCWMssOS::xivdma_intr.o ps7_cortexa9_1/lib/xusbps_intr.o ps7_cortexa9_1/lib/xsdps_host.o ps7_cortexa9_1/lib/xcoresightpsdcc.o ps7_cortexa
TRACE::2025-03-26.16:35:49::SCWMssOS::9_1/lib/xscugic_hw.o ps7_cortexa9_1/lib/sleep.o ps7_cortexa9_1/lib/xil-crt0.o ps7_cortexa9_1/lib/cpputest_time.o ps7_cortexa9_1
TRACE::2025-03-26.16:35:49::SCWMssOS::/lib/print.o ps7_cortexa9_1/lib/read.o ps7_cortexa9_1/lib/xiicps_g.o ps7_cortexa9_1/lib/xdevcfg.o ps7_cortexa9_1/lib/xadcps_int
TRACE::2025-03-26.16:35:49::SCWMssOS::r.o ps7_cortexa9_1/lib/xqspips.o ps7_cortexa9_1/lib/xemacps.o ps7_cortexa9_1/lib/xil_cache.o ps7_cortexa9_1/lib/xil_testio.o ps
TRACE::2025-03-26.16:35:49::SCWMssOS::7_cortexa9_1/lib/_open.o ps7_cortexa9_1/lib/unlink.o ps7_cortexa9_1/lib/xaxidma_g.o ps7_cortexa9_1/lib/xusbps.o ps7_cortexa9_1/
TRACE::2025-03-26.16:35:49::SCWMssOS::lib/xusbps_g.o ps7_cortexa9_1/lib/xdmaps_selftest.o ps7_cortexa9_1/lib/xaxidma_sinit.o ps7_cortexa9_1/lib/xil_spinlock.o ps7_co
TRACE::2025-03-26.16:35:49::SCWMssOS::rtexa9_1/lib/translation_table.o ps7_cortexa9_1/lib/xaxidma_selftest.o ps7_cortexa9_1/lib/write.o ps7_cortexa9_1/lib/xil_mmu.o 
TRACE::2025-03-26.16:35:49::SCWMssOS::ps7_cortexa9_1/lib/boot.o ps7_cortexa9_1/lib/xaxivdma_channel.o ps7_cortexa9_1/lib/cpu_init.o ps7_cortexa9_1/lib/xaxidma_bd.o p
TRACE::2025-03-26.16:35:49::SCWMssOS::s7_cortexa9_1/lib/xil_sleepcommon.o ps7_cortexa9_1/lib/xgpiops_intr.o ps7_cortexa9_1/lib/xscugic_sinit.o ps7_cortexa9_1/lib/fcn
TRACE::2025-03-26.16:35:49::SCWMssOS::tl.o ps7_cortexa9_1/lib/xdevcfg_g.o ps7_cortexa9_1/lib/outbyte.o ps7_cortexa9_1/lib/xinterrupt_wrap.o ps7_cortexa9_1/lib/xuartp
TRACE::2025-03-26.16:35:49::SCWMssOS::s_hw.o ps7_cortexa9_1/lib/xtime_l.o ps7_cortexa9_1/lib/xemacps_sinit.o ps7_cortexa9_1/lib/xscugic_selftest.o ps7_cortexa9_1/lib
TRACE::2025-03-26.16:35:49::SCWMssOS::/xil_util.o ps7_cortexa9_1/lib/xuartps_intr.o ps7_cortexa9_1/lib/xuartps.o ps7_cortexa9_1/lib/xsdps_card.o ps7_cortexa9_1/lib/x
TRACE::2025-03-26.16:35:49::SCWMssOS::dmaps_hw.o ps7_cortexa9_1/lib/xsdps_sinit.o ps7_cortexa9_1/lib/xgpiops_hw.o ps7_cortexa9_1/lib/xsdps_g.o ps7_cortexa9_1/lib/fst
TRACE::2025-03-26.16:35:49::SCWMssOS::at.o ps7_cortexa9_1/lib/xaxidma.o ps7_cortexa9_1/lib/errno.o ps7_cortexa9_1/lib/xdevcfg_intr.o ps7_cortexa9_1/lib/xuartps_optio
TRACE::2025-03-26.16:35:49::SCWMssOS::ns.o ps7_cortexa9_1/lib/vectors.o ps7_cortexa9_1/lib/xscuwdt_g.o ps7_cortexa9_1/lib/xscuwdt_sinit.o ps7_cortexa9_1/lib/xemacps_
TRACE::2025-03-26.16:35:49::SCWMssOS::intr.o ps7_cortexa9_1/lib/xscuwdt_selftest.o ps7_cortexa9_1/lib/xscugic_g.o ps7_cortexa9_1/lib/isatty.o ps7_cortexa9_1/lib/xscu
TRACE::2025-03-26.16:35:49::SCWMssOS::gic.o ps7_cortexa9_1/lib/xiicps_sinit.o ps7_cortexa9_1/lib/xadcps_g.o ps7_cortexa9_1/lib/xaxidma_bdring.o ps7_cortexa9_1/lib/xa
TRACE::2025-03-26.16:35:49::SCWMssOS::dcps_sinit.o ps7_cortexa9_1/lib/xiicps_xfer.o

TRACE::2025-03-26.16:35:49::SCWMssOS::'Finished building libraries'

TRACE::2025-03-26.16:35:50::SCWMssOS::Copying to export directory.
TRACE::2025-03-26.16:35:51::SCWMssOS:: Checking if to create the Supporting Applications
TRACE::2025-03-26.16:35:51::SCWMssOS:: No Linux domain exists, trying to generate FSBL 
LOG::2025-03-26.16:35:51::SCWSystem::Completed Processing the domain standalone_ps7_cortexa9_1
LOG::2025-03-26.16:35:51::SCWSystem::Completed Processing the sysconfig Assignment3_platform
LOG::2025-03-26.16:35:51::SCWPlatform::Completed generating the artifacts for system configuration Assignment3_platform
TRACE::2025-03-26.16:35:51::SCWPlatform::Started preparing the platform 
TRACE::2025-03-26.16:35:51::SCWSystem::Writing the bif file for system config Assignment3_platform
TRACE::2025-03-26.16:35:51::SCWSystem::dir created 
TRACE::2025-03-26.16:35:51::SCWSystem::Writing the bif 
TRACE::2025-03-26.16:35:51::SCWPlatform::Started writing the spfm file 
TRACE::2025-03-26.16:35:51::SCWPlatform::Started writing the xpfm file 
TRACE::2025-03-26.16:35:51::SCWPlatform::Completed generating the platform
TRACE::2025-03-26.16:35:51::SCWMssOS::Saving the mss changes C:/Users/j54mao/ECE423/ECE-423-Labs/workspace/Assignment3_platform/zynq_fsbl/zynq_fsbl_bsp/system.mss
TRACE::2025-03-26.16:35:51::SCWMssOS::Found a swdesign opened with the mssfile.
TRACE::2025-03-26.16:35:51::SCWMssOS::Completed writemss as part of save.
TRACE::2025-03-26.16:35:51::SCWMssOS::Commit changes completed.
TRACE::2025-03-26.16:35:51::SCWMssOS::Saving the mss changes C:/Users/j54mao/ECE423/ECE-423-Labs/workspace/Assignment3_platform/ps7_cortexa9_0/standalone_domain/bsp/system.mss
TRACE::2025-03-26.16:35:51::SCWMssOS::Found a swdesign opened with the mssfile.
TRACE::2025-03-26.16:35:51::SCWMssOS::Completed writemss as part of save.
TRACE::2025-03-26.16:35:51::SCWMssOS::Commit changes completed.
TRACE::2025-03-26.16:35:51::SCWMssOS::Saving the mss changes C:/Users/j54mao/ECE423/ECE-423-Labs/workspace/Assignment3_platform/ps7_cortexa9_1/standalone_ps7_cortexa9_1/bsp/system.mss
TRACE::2025-03-26.16:35:51::SCWMssOS::Found a swdesign opened with the mssfile.
TRACE::2025-03-26.16:35:51::SCWMssOS::Completed writemss as part of save.
TRACE::2025-03-26.16:35:51::SCWMssOS::Commit changes completed.
TRACE::2025-03-26.16:35:51::SCWPlatform::Trying to open the hw design at C:/Users/j54mao/ECE423/ECE-423-Labs/workspace/Assignment3_platform/hw/lab_prefab_wrapper.xsa
TRACE::2025-03-26.16:35:51::SCWPlatform::DSA given C:/Users/j54mao/ECE423/ECE-423-Labs/workspace/Assignment3_platform/hw/lab_prefab_wrapper.xsa
TRACE::2025-03-26.16:35:51::SCWPlatform::DSA absoulate path C:/Users/j54mao/ECE423/ECE-423-Labs/workspace/Assignment3_platform/hw/lab_prefab_wrapper.xsa
TRACE::2025-03-26.16:35:51::SCWPlatform::DSA directory C:/Users/j54mao/ECE423/ECE-423-Labs/workspace/Assignment3_platform/hw
TRACE::2025-03-26.16:35:51::SCWPlatform:: Platform Path C:/Users/j54mao/ECE423/ECE-423-Labs/workspace/Assignment3_platform/hw/lab_prefab_wrapper.xsa
TRACE::2025-03-26.16:35:51::SCWPlatform:: Unique name xilinx:pynq-z1::0.0
TRACE::2025-03-26.16:35:51::SCWPlatform::Trying to set the existing hwdb with name lab_prefab_wrapper_2
TRACE::2025-03-26.16:35:51::SCWPlatform::Opened existing hwdb lab_prefab_wrapper_2
TRACE::2025-03-26.16:35:51::SCWPlatform::Found the Hw Db part of the input DSA
TRACE::2025-03-26.16:35:51::SCWMssOS::Checking the sw design at  C:/Users/j54mao/ECE423/ECE-423-Labs/workspace/Assignment3_platform/zynq_fsbl/zynq_fsbl_bsp/system.mss
TRACE::2025-03-26.16:35:51::SCWMssOS::DEBUG:  swdes dump  C:/Users/j54mao/ECE423/ECE-423-Labs/workspace/Assignment3_platform/ps7_cortexa9_0/standalone_domain/bsp/system.mss|system_1||
C:/Users/j54mao/ECE423/ECE-423-Labs/workspace/Assignment3_platform/ps7_cortexa9_1/standalone_ps7_cortexa9_1/bsp/system.mss|system||
C:/Users/j54mao/ECE423/ECE-423-Labs/workspace/Assignment3_platform/zynq_fsbl/zynq_fsbl_bsp/system.mss|system_0||
C:/Users/j54mao/ECE423/ECE-423-Labs/workspace/assignment2_hunter_test/ps7_cortexa9_0/standalone_domain/bsp/system.mss|system_5||
C:/Users/j54mao/ECE423/ECE-423-Labs/workspace/assignment2_hunter_test/ps7_cortexa9_1/standalone_ps7_cortexa9_1/bsp/system.mss|system_6||
C:/Users/j54mao/ECE423/ECE-423-Labs/workspace/assignment2_hunter_test/zynq_fsbl/zynq_fsbl_bsp/system.mss|system_4||
C:/Users/j54mao/ECE423/ECE-423-Labs/workspace/lab_prefab_wrapper/ps7_cortexa9_0/standalone_ps7_cortexa9_0/bsp/system.mss|system_3||
C:/Users/j54mao/ECE423/ECE-423-Labs/workspace/lab_prefab_wrapper/zynq_fsbl/zynq_fsbl_bsp/system.mss|system_2||

TRACE::2025-03-26.16:35:51::SCWMssOS::Sw design exists and opened at  C:/Users/j54mao/ECE423/ECE-423-Labs/workspace/Assignment3_platform/zynq_fsbl/zynq_fsbl_bsp/system.mss
TRACE::2025-03-26.16:35:51::SCWPlatform::Trying to open the hw design at C:/Users/j54mao/ECE423/ECE-423-Labs/workspace/Assignment3_platform/hw/lab_prefab_wrapper.xsa
TRACE::2025-03-26.16:35:51::SCWPlatform::DSA given C:/Users/j54mao/ECE423/ECE-423-Labs/workspace/Assignment3_platform/hw/lab_prefab_wrapper.xsa
TRACE::2025-03-26.16:35:51::SCWPlatform::DSA absoulate path C:/Users/j54mao/ECE423/ECE-423-Labs/workspace/Assignment3_platform/hw/lab_prefab_wrapper.xsa
TRACE::2025-03-26.16:35:51::SCWPlatform::DSA directory C:/Users/j54mao/ECE423/ECE-423-Labs/workspace/Assignment3_platform/hw
TRACE::2025-03-26.16:35:51::SCWPlatform:: Platform Path C:/Users/j54mao/ECE423/ECE-423-Labs/workspace/Assignment3_platform/hw/lab_prefab_wrapper.xsa
TRACE::2025-03-26.16:35:51::SCWPlatform:: Unique name xilinx:pynq-z1::0.0
TRACE::2025-03-26.16:35:51::SCWPlatform::Trying to set the existing hwdb with name lab_prefab_wrapper_2
TRACE::2025-03-26.16:35:51::SCWPlatform::Opened existing hwdb lab_prefab_wrapper_2
TRACE::2025-03-26.16:35:51::SCWPlatform::Found the Hw Db part of the input DSA
TRACE::2025-03-26.16:35:51::SCWMssOS::Checking the sw design at  C:/Users/j54mao/ECE423/ECE-423-Labs/workspace/Assignment3_platform/ps7_cortexa9_0/standalone_domain/bsp/system.mss
TRACE::2025-03-26.16:35:51::SCWMssOS::DEBUG:  swdes dump  C:/Users/j54mao/ECE423/ECE-423-Labs/workspace/Assignment3_platform/ps7_cortexa9_0/standalone_domain/bsp/system.mss|system_1||
C:/Users/j54mao/ECE423/ECE-423-Labs/workspace/Assignment3_platform/ps7_cortexa9_1/standalone_ps7_cortexa9_1/bsp/system.mss|system||
C:/Users/j54mao/ECE423/ECE-423-Labs/workspace/Assignment3_platform/zynq_fsbl/zynq_fsbl_bsp/system.mss|system_0||
C:/Users/j54mao/ECE423/ECE-423-Labs/workspace/assignment2_hunter_test/ps7_cortexa9_0/standalone_domain/bsp/system.mss|system_5||
C:/Users/j54mao/ECE423/ECE-423-Labs/workspace/assignment2_hunter_test/ps7_cortexa9_1/standalone_ps7_cortexa9_1/bsp/system.mss|system_6||
C:/Users/j54mao/ECE423/ECE-423-Labs/workspace/assignment2_hunter_test/zynq_fsbl/zynq_fsbl_bsp/system.mss|system_4||
C:/Users/j54mao/ECE423/ECE-423-Labs/workspace/lab_prefab_wrapper/ps7_cortexa9_0/standalone_ps7_cortexa9_0/bsp/system.mss|system_3||
C:/Users/j54mao/ECE423/ECE-423-Labs/workspace/lab_prefab_wrapper/zynq_fsbl/zynq_fsbl_bsp/system.mss|system_2||

TRACE::2025-03-26.16:35:51::SCWMssOS::Sw design exists and opened at  C:/Users/j54mao/ECE423/ECE-423-Labs/workspace/Assignment3_platform/ps7_cortexa9_0/standalone_domain/bsp/system.mss
TRACE::2025-03-26.16:35:51::SCWPlatform::Trying to open the hw design at C:/Users/j54mao/ECE423/ECE-423-Labs/workspace/Assignment3_platform/hw/lab_prefab_wrapper.xsa
TRACE::2025-03-26.16:35:51::SCWPlatform::DSA given C:/Users/j54mao/ECE423/ECE-423-Labs/workspace/Assignment3_platform/hw/lab_prefab_wrapper.xsa
TRACE::2025-03-26.16:35:51::SCWPlatform::DSA absoulate path C:/Users/j54mao/ECE423/ECE-423-Labs/workspace/Assignment3_platform/hw/lab_prefab_wrapper.xsa
TRACE::2025-03-26.16:35:51::SCWPlatform::DSA directory C:/Users/j54mao/ECE423/ECE-423-Labs/workspace/Assignment3_platform/hw
TRACE::2025-03-26.16:35:51::SCWPlatform:: Platform Path C:/Users/j54mao/ECE423/ECE-423-Labs/workspace/Assignment3_platform/hw/lab_prefab_wrapper.xsa
TRACE::2025-03-26.16:35:51::SCWPlatform:: Unique name xilinx:pynq-z1::0.0
TRACE::2025-03-26.16:35:51::SCWPlatform::Trying to set the existing hwdb with name lab_prefab_wrapper_2
TRACE::2025-03-26.16:35:51::SCWPlatform::Opened existing hwdb lab_prefab_wrapper_2
TRACE::2025-03-26.16:35:51::SCWPlatform::Found the Hw Db part of the input DSA
TRACE::2025-03-26.16:35:51::SCWMssOS::Checking the sw design at  C:/Users/j54mao/ECE423/ECE-423-Labs/workspace/Assignment3_platform/ps7_cortexa9_1/standalone_ps7_cortexa9_1/bsp/system.mss
TRACE::2025-03-26.16:35:51::SCWMssOS::DEBUG:  swdes dump  C:/Users/j54mao/ECE423/ECE-423-Labs/workspace/Assignment3_platform/ps7_cortexa9_0/standalone_domain/bsp/system.mss|system_1||
C:/Users/j54mao/ECE423/ECE-423-Labs/workspace/Assignment3_platform/ps7_cortexa9_1/standalone_ps7_cortexa9_1/bsp/system.mss|system||
C:/Users/j54mao/ECE423/ECE-423-Labs/workspace/Assignment3_platform/zynq_fsbl/zynq_fsbl_bsp/system.mss|system_0||
C:/Users/j54mao/ECE423/ECE-423-Labs/workspace/assignment2_hunter_test/ps7_cortexa9_0/standalone_domain/bsp/system.mss|system_5||
C:/Users/j54mao/ECE423/ECE-423-Labs/workspace/assignment2_hunter_test/ps7_cortexa9_1/standalone_ps7_cortexa9_1/bsp/system.mss|system_6||
C:/Users/j54mao/ECE423/ECE-423-Labs/workspace/assignment2_hunter_test/zynq_fsbl/zynq_fsbl_bsp/system.mss|system_4||
C:/Users/j54mao/ECE423/ECE-423-Labs/workspace/lab_prefab_wrapper/ps7_cortexa9_0/standalone_ps7_cortexa9_0/bsp/system.mss|system_3||
C:/Users/j54mao/ECE423/ECE-423-Labs/workspace/lab_prefab_wrapper/zynq_fsbl/zynq_fsbl_bsp/system.mss|system_2||

TRACE::2025-03-26.16:35:51::SCWMssOS::Sw design exists and opened at  C:/Users/j54mao/ECE423/ECE-423-Labs/workspace/Assignment3_platform/ps7_cortexa9_1/standalone_ps7_cortexa9_1/bsp/system.mss
TRACE::2025-03-26.16:35:51::SCWWriter::formatted JSON is {
	"platformName":	"Assignment3_platform",
	"sprVersion":	"2.0",
	"mode":	"gui",
	"dsaType":	"Fixed",
	"platformDesc":	"Assignment3_platform",
	"platHandOff":	"C:/Users/j54mao/ECE423/ECE-423-Labs/workspace/assignment2_hunter_test/hw/lab_prefab_wrapper.xsa",
	"platIntHandOff":	"<platformDir>/hw/lab_prefab_wrapper.xsa",
	"deviceType":	"zynq",
	"platIsPrebuiltAutogen":	"false",
	"platIsNoBootBsp":	"false",
	"hasFsblMakeHasChanges":	"false",
	"hasPmufwMakeHasChanges":	"false",
	"fsblExtraCompilerFlags":	"-MMD -MP       -mcpu=cortex-a9 -mfpu=vfpv3 -mfloat-abi=hard ",
	"platPreBuiltFlag":	false,
	"platformSamplesDir":	"",
	"platActiveSys":	"Assignment3_platform",
	"systems":	[{
			"systemName":	"Assignment3_platform",
			"systemDesc":	"Assignment3_platform",
			"sysIsBootAutoGen":	"true",
			"systemDispName":	"Assignment3_platform",
			"sysActiveDom":	"standalone_domain",
			"sysDefaultDom":	"standalone_ps7_cortexa9_1",
			"domains":	[{
					"domainName":	"zynq_fsbl",
					"domainDispName":	"zynq_fsbl",
					"domainDesc":	"FSBL Application BSP - Auto Generated.",
					"processors":	"ps7_cortexa9_0",
					"os":	"standalone",
					"sdxOs":	"standalone",
					"debugEnable":	"",
					"domRuntimes":	["cpp"],
					"swRepo":	"",
					"mssOsVer":	"7.7",
					"mssFile":	"",
					"md5Digest":	"461cb4c64d2f43abda4608f696ad182a",
					"compatibleApp":	"zynq_fsbl",
					"domType":	"bootDomain",
					"arch":	"32-bit",
					"appSettings":	{
						"appCompilerFlags":	"",
						"appLinkerFlags":	""
					},
					"addedLibs":	["xilffs:4.7", "xilrsa:1.6"],
					"libOptions":	{
						"ps7_cortexa9_0":	{
							"extra_compiler_flags":	"-mcpu=cortex-a9 -mfpu=vfpv3 -mfloat-abi=hard -nostartfiles -g -Wall -Wextra -fno-tree-loop-distribute-patterns -DSHAREABLE_DRR",
							"libOptionNames":	["extra_compiler_flags"]
						},
						"libsContainingOptions":	["ps7_cortexa9_0"]
					},
					"prebuiltLibs":	{
						"prebuiltIncPath":	[],
						"prebuiltLibPath":	[]
					},
					"isolation":	{
					}
				}, {
					"domainName":	"standalone_domain",
					"domainDispName":	"standalone on ps7_cortexa9_0",
					"domainDesc":	"standalone_domain",
					"processors":	"ps7_cortexa9_0",
					"os":	"standalone",
					"sdxOs":	"standalone",
					"qemuArgs":	"<platformDir>/resources/Assignment3_platform/standalone_domain/qemu_args.txt",
					"qemuData":	"<platformDir>/resources/Assignment3_platform/standalone_domain/qemu",
					"debugEnable":	"False",
					"domRuntimes":	["cpp"],
					"swRepo":	"",
					"mssOsVer":	"7.7",
					"mssFile":	"",
					"md5Digest":	"854dac6cc6088728a51018c4dfab2e79",
					"compatibleApp":	"",
					"domType":	"mssDomain",
					"appSettings":	{
						"appCompilerFlags":	"",
						"appLinkerFlags":	""
					},
					"addedLibs":	["xilffs:4.7"],
					"libOptions":	{
						"ps7_cortexa9_0":	{
							"extra_compiler_flags":	"-mcpu=cortex-a9 -mfpu=vfpv3 -mfloat-abi=hard -nostartfiles -g -Wall -Wextra -fno-tree-loop-distribute-patterns -DSHAREABLE_DRR",
							"libOptionNames":	["extra_compiler_flags"]
						},
						"xilffs":	{
							"enable_multi_partition":	"true",
							"num_logical_vol":	"10",
							"libOptionNames":	["enable_multi_partition", "num_logical_vol"]
						},
						"libsContainingOptions":	["ps7_cortexa9_0", "xilffs"]
					},
					"prebuiltLibs":	{
						"prebuiltIncPath":	[],
						"prebuiltLibPath":	[]
					},
					"isolation":	{
					}
				}, {
					"domainName":	"standalone_ps7_cortexa9_1",
					"domainDispName":	"standalone_ps7_cortexa9_1",
					"domainDesc":	"standalone_ps7_cortexa9_1",
					"processors":	"ps7_cortexa9_1",
					"os":	"standalone",
					"sdxOs":	"standalone",
					"qemuArgs":	"<platformDir>/resources/Assignment3_platform/standalone_ps7_cortexa9_1/qemu_args.txt",
					"qemuData":	"<platformDir>/resources/Assignment3_platform/standalone_ps7_cortexa9_1/qemu",
					"debugEnable":	"False",
					"domRuntimes":	["cpp"],
					"swRepo":	"",
					"mssOsVer":	"7.7",
					"mssFile":	"",
					"md5Digest":	"462f87de901c660a50a8f9a848be6d50",
					"compatibleApp":	"",
					"domType":	"mssDomain",
					"arch":	"32-bit",
					"appSettings":	{
						"appCompilerFlags":	"",
						"appLinkerFlags":	""
					},
					"addedLibs":	["xilffs:4.7"],
					"libOptions":	{
						"ps7_cortexa9_1":	{
							"extra_compiler_flags":	"-mcpu=cortex-a9 -mfpu=vfpv3 -mfloat-abi=hard -nostartfiles -g -Wall -Wextra -fno-tree-loop-distribute-patterns -DSHAREABLE_DRR -DUSE_AMP=1",
							"libOptionNames":	["extra_compiler_flags"]
						},
						"xilffs":	{
							"enable_multi_partition":	"true",
							"num_logical_vol":	"10",
							"libOptionNames":	["enable_multi_partition", "num_logical_vol"]
						},
						"libsContainingOptions":	["ps7_cortexa9_1", "xilffs"]
					},
					"prebuiltLibs":	{
						"prebuiltIncPath":	[],
						"prebuiltLibPath":	[]
					},
					"isolation":	{
					}
				}]
		}]
}
KEYINFO::2025-03-26.16:35:51::SCWPlatform::updated the xpfm file.
TRACE::2025-03-26.16:35:51::SCWPlatform::Trying to open the hw design at C:/Users/j54mao/ECE423/ECE-423-Labs/workspace/Assignment3_platform/hw/lab_prefab_wrapper.xsa
TRACE::2025-03-26.16:35:51::SCWPlatform::DSA given C:/Users/j54mao/ECE423/ECE-423-Labs/workspace/Assignment3_platform/hw/lab_prefab_wrapper.xsa
TRACE::2025-03-26.16:35:51::SCWPlatform::DSA absoulate path C:/Users/j54mao/ECE423/ECE-423-Labs/workspace/Assignment3_platform/hw/lab_prefab_wrapper.xsa
TRACE::2025-03-26.16:35:51::SCWPlatform::DSA directory C:/Users/j54mao/ECE423/ECE-423-Labs/workspace/Assignment3_platform/hw
TRACE::2025-03-26.16:35:51::SCWPlatform:: Platform Path C:/Users/j54mao/ECE423/ECE-423-Labs/workspace/Assignment3_platform/hw/lab_prefab_wrapper.xsa
TRACE::2025-03-26.16:35:51::SCWPlatform:: Unique name xilinx:pynq-z1::0.0
TRACE::2025-03-26.16:35:51::SCWPlatform::Trying to set the existing hwdb with name lab_prefab_wrapper_2
TRACE::2025-03-26.16:35:51::SCWPlatform::Opened existing hwdb lab_prefab_wrapper_2
TRACE::2025-03-26.16:35:51::SCWPlatform::Found the Hw Db part of the input DSA
TRACE::2025-03-26.16:35:51::SCWMssOS::Checking the sw design at  C:/Users/j54mao/ECE423/ECE-423-Labs/workspace/Assignment3_platform/ps7_cortexa9_0/standalone_domain/bsp/system.mss
TRACE::2025-03-26.16:35:51::SCWMssOS::DEBUG:  swdes dump  C:/Users/j54mao/ECE423/ECE-423-Labs/workspace/Assignment3_platform/ps7_cortexa9_0/standalone_domain/bsp/system.mss|system_1||
C:/Users/j54mao/ECE423/ECE-423-Labs/workspace/Assignment3_platform/ps7_cortexa9_1/standalone_ps7_cortexa9_1/bsp/system.mss|system||
C:/Users/j54mao/ECE423/ECE-423-Labs/workspace/Assignment3_platform/zynq_fsbl/zynq_fsbl_bsp/system.mss|system_0||
C:/Users/j54mao/ECE423/ECE-423-Labs/workspace/assignment2_hunter_test/ps7_cortexa9_0/standalone_domain/bsp/system.mss|system_5||
C:/Users/j54mao/ECE423/ECE-423-Labs/workspace/assignment2_hunter_test/ps7_cortexa9_1/standalone_ps7_cortexa9_1/bsp/system.mss|system_6||
C:/Users/j54mao/ECE423/ECE-423-Labs/workspace/assignment2_hunter_test/zynq_fsbl/zynq_fsbl_bsp/system.mss|system_4||
C:/Users/j54mao/ECE423/ECE-423-Labs/workspace/lab_prefab_wrapper/ps7_cortexa9_0/standalone_ps7_cortexa9_0/bsp/system.mss|system_3||
C:/Users/j54mao/ECE423/ECE-423-Labs/workspace/lab_prefab_wrapper/zynq_fsbl/zynq_fsbl_bsp/system.mss|system_2||

TRACE::2025-03-26.16:35:51::SCWMssOS::Sw design exists and opened at  C:/Users/j54mao/ECE423/ECE-423-Labs/workspace/Assignment3_platform/ps7_cortexa9_0/standalone_domain/bsp/system.mss
TRACE::2025-03-26.16:35:51::SCWPlatform::Trying to open the hw design at C:/Users/j54mao/ECE423/ECE-423-Labs/workspace/Assignment3_platform/hw/lab_prefab_wrapper.xsa
TRACE::2025-03-26.16:35:51::SCWPlatform::DSA given C:/Users/j54mao/ECE423/ECE-423-Labs/workspace/Assignment3_platform/hw/lab_prefab_wrapper.xsa
TRACE::2025-03-26.16:35:51::SCWPlatform::DSA absoulate path C:/Users/j54mao/ECE423/ECE-423-Labs/workspace/Assignment3_platform/hw/lab_prefab_wrapper.xsa
TRACE::2025-03-26.16:35:51::SCWPlatform::DSA directory C:/Users/j54mao/ECE423/ECE-423-Labs/workspace/Assignment3_platform/hw
TRACE::2025-03-26.16:35:51::SCWPlatform:: Platform Path C:/Users/j54mao/ECE423/ECE-423-Labs/workspace/Assignment3_platform/hw/lab_prefab_wrapper.xsa
TRACE::2025-03-26.16:35:51::SCWPlatform:: Unique name xilinx:pynq-z1::0.0
TRACE::2025-03-26.16:35:51::SCWPlatform::Trying to set the existing hwdb with name lab_prefab_wrapper_2
TRACE::2025-03-26.16:35:51::SCWPlatform::Opened existing hwdb lab_prefab_wrapper_2
TRACE::2025-03-26.16:35:51::SCWPlatform::Found the Hw Db part of the input DSA
TRACE::2025-03-26.16:35:51::SCWMssOS::Checking the sw design at  C:/Users/j54mao/ECE423/ECE-423-Labs/workspace/Assignment3_platform/ps7_cortexa9_1/standalone_ps7_cortexa9_1/bsp/system.mss
TRACE::2025-03-26.16:35:51::SCWMssOS::DEBUG:  swdes dump  C:/Users/j54mao/ECE423/ECE-423-Labs/workspace/Assignment3_platform/ps7_cortexa9_0/standalone_domain/bsp/system.mss|system_1||
C:/Users/j54mao/ECE423/ECE-423-Labs/workspace/Assignment3_platform/ps7_cortexa9_1/standalone_ps7_cortexa9_1/bsp/system.mss|system||
C:/Users/j54mao/ECE423/ECE-423-Labs/workspace/Assignment3_platform/zynq_fsbl/zynq_fsbl_bsp/system.mss|system_0||
C:/Users/j54mao/ECE423/ECE-423-Labs/workspace/assignment2_hunter_test/ps7_cortexa9_0/standalone_domain/bsp/system.mss|system_5||
C:/Users/j54mao/ECE423/ECE-423-Labs/workspace/assignment2_hunter_test/ps7_cortexa9_1/standalone_ps7_cortexa9_1/bsp/system.mss|system_6||
C:/Users/j54mao/ECE423/ECE-423-Labs/workspace/assignment2_hunter_test/zynq_fsbl/zynq_fsbl_bsp/system.mss|system_4||
C:/Users/j54mao/ECE423/ECE-423-Labs/workspace/lab_prefab_wrapper/ps7_cortexa9_0/standalone_ps7_cortexa9_0/bsp/system.mss|system_3||
C:/Users/j54mao/ECE423/ECE-423-Labs/workspace/lab_prefab_wrapper/zynq_fsbl/zynq_fsbl_bsp/system.mss|system_2||

TRACE::2025-03-26.16:35:51::SCWMssOS::Sw design exists and opened at  C:/Users/j54mao/ECE423/ECE-423-Labs/workspace/Assignment3_platform/ps7_cortexa9_1/standalone_ps7_cortexa9_1/bsp/system.mss
