
*** Running vivado
    with args -log lab_prefab_idct_0_2.vds -m64 -product Vivado -mode batch -messageDb vivado.pb -notrace -source lab_prefab_idct_0_2.tcl



****** Vivado v2022.1 (64-bit)
  **** SW Build 3526262 on Mon Apr 18 15:48:16 MDT 2022
  **** IP Build 3524634 on Mon Apr 18 20:55:01 MDT 2022
    ** Copyright 1986-2022 Xilinx, Inc. All Rights Reserved.

source lab_prefab_idct_0_2.tcl -notrace
create_project: Time (s): cpu = 00:00:09 ; elapsed = 00:00:09 . Memory (MB): peak = 1278.852 ; gain = 27.891
INFO: [IP_Flow 19-234] Refreshing IP repositories
INFO: [IP_Flow 19-1700] Loaded user IP repository 'c:/Users/hmcculla/ECE423/ECE-423-Labs/ece423_prefab/ece423_prefab/ip/vivado-library-master/ip'.
INFO: [IP_Flow 19-1700] Loaded user IP repository 'c:/Users/hmcculla/ECE423/ECE-423-Labs/ece423_prefab/ece423_prefab/ip/color_swap_1.1'.
INFO: [IP_Flow 19-1700] Loaded user IP repository 'c:/Users/hmcculla/ECE423/ECE-423-Labs/ece423_prefab/ece423_prefab/ip/vivado-library-master/module'.
INFO: [IP_Flow 19-1700] Loaded user IP repository 'c:/Users/hmcculla/ECE423/ECE-423-Labs/IDCT_Accel_IP_Block/export_hunter_test/export'.
INFO: [IP_Flow 19-1700] Loaded user IP repository 'c:/Users/hmcculla/ECE423/ECE-423-Labs/ece423_prefab/ece423_prefab/ip/vivado-library-master/if'.
INFO: [IP_Flow 19-2313] Loaded Vivado IP repository 'C:/Software/Xilinx/Vivado/2022.1/data/ip'.
WARNING: [IP_Flow 19-4995] The host OS only allows 260 characters in a normal path. The IP cache path is more than 80 characters. If you experience issues with IP caching, please consider changing the IP cache to a location with a shorter path. Alternately consider using the OS subst command to map part of the path to a drive letter. 
Current IP cache path is c:/Users/hmcculla/ECE423/ECE-423-Labs/IDCT_Accel_IP_Block/export_hunter_test/export/ip 
Command: synth_design -top lab_prefab_idct_0_2 -part xc7z020clg400-1 -incremental_mode off -mode out_of_context
Starting synth_design
Attempting to get a license for feature 'Synthesis' and/or device 'xc7z020'
INFO: [Common 17-349] Got license for feature 'Synthesis' and/or device 'xc7z020'
INFO: [Device 21-403] Loading part xc7z020clg400-1
INFO: [Synth 8-7079] Multithreading enabled for synth_design using a maximum of 2 processes.
INFO: [Synth 8-7078] Launching helper process for spawning children vivado processes
INFO: [Synth 8-7075] Helper process launched with PID 10884
WARNING: [Synth 8-9501] generate block is allowed only inside loop and conditional generate in SystemVerilog mode [C:/Software/Xilinx/Vivado/2022.1/data/ip/xpm/xpm_fifo/hdl/xpm_fifo.sv:4023]
---------------------------------------------------------------------------------
Starting RTL Elaboration : Time (s): cpu = 00:00:06 ; elapsed = 00:00:07 . Memory (MB): peak = 1278.852 ; gain = 0.000
---------------------------------------------------------------------------------
INFO: [Synth 8-6157] synthesizing module 'lab_prefab_idct_0_2' [c:/Users/hmcculla/ECE423/ECE-423-Labs/ece423_prefab/ece423_prefab/lab_prefab/lab_prefab.gen/sources_1/bd/lab_prefab/ip/lab_prefab_idct_0_2/synth/lab_prefab_idct_0_2.v:53]
INFO: [Synth 8-6157] synthesizing module 'idct' [c:/Users/hmcculla/ECE423/ECE-423-Labs/ece423_prefab/ece423_prefab/lab_prefab/lab_prefab.gen/sources_1/bd/lab_prefab/ipshared/5491/hdl/verilog/idct.v:10]
INFO: [Synth 8-6157] synthesizing module 'idct_Block_entry687_proc1' [c:/Users/hmcculla/ECE423/ECE-423-Labs/ece423_prefab/ece423_prefab/lab_prefab/lab_prefab.gen/sources_1/bd/lab_prefab/ipshared/5491/hdl/verilog/idct_Block_entry687_proc1.v:10]
WARNING: [Synth 8-5974] attribute "use_dsp48" has been deprecated, please use "use_dsp" instead 
WARNING: [Synth 8-5974] attribute "use_dsp48" has been deprecated, please use "use_dsp" instead 
WARNING: [Synth 8-5974] attribute "use_dsp48" has been deprecated, please use "use_dsp" instead 
WARNING: [Synth 8-5974] attribute "use_dsp48" has been deprecated, please use "use_dsp" instead 
WARNING: [Synth 8-5974] attribute "use_dsp48" has been deprecated, please use "use_dsp" instead 
WARNING: [Synth 8-5974] attribute "use_dsp48" has been deprecated, please use "use_dsp" instead 
WARNING: [Synth 8-5974] attribute "use_dsp48" has been deprecated, please use "use_dsp" instead 
WARNING: [Synth 8-5974] attribute "use_dsp48" has been deprecated, please use "use_dsp" instead 
WARNING: [Synth 8-5974] attribute "use_dsp48" has been deprecated, please use "use_dsp" instead 
WARNING: [Synth 8-5974] attribute "use_dsp48" has been deprecated, please use "use_dsp" instead 
WARNING: [Synth 8-5974] attribute "use_dsp48" has been deprecated, please use "use_dsp" instead 
WARNING: [Synth 8-5974] attribute "use_dsp48" has been deprecated, please use "use_dsp" instead 
WARNING: [Synth 8-5974] attribute "use_dsp48" has been deprecated, please use "use_dsp" instead 
WARNING: [Synth 8-5974] attribute "use_dsp48" has been deprecated, please use "use_dsp" instead 
WARNING: [Synth 8-5974] attribute "use_dsp48" has been deprecated, please use "use_dsp" instead 
WARNING: [Synth 8-5974] attribute "use_dsp48" has been deprecated, please use "use_dsp" instead 
WARNING: [Synth 8-5974] attribute "use_dsp48" has been deprecated, please use "use_dsp" instead 
WARNING: [Synth 8-5974] attribute "use_dsp48" has been deprecated, please use "use_dsp" instead 
WARNING: [Synth 8-5974] attribute "use_dsp48" has been deprecated, please use "use_dsp" instead 
WARNING: [Synth 8-5974] attribute "use_dsp48" has been deprecated, please use "use_dsp" instead 
WARNING: [Synth 8-5974] attribute "use_dsp48" has been deprecated, please use "use_dsp" instead 
WARNING: [Synth 8-5974] attribute "use_dsp48" has been deprecated, please use "use_dsp" instead 
WARNING: [Synth 8-5974] attribute "use_dsp48" has been deprecated, please use "use_dsp" instead 
WARNING: [Synth 8-5974] attribute "use_dsp48" has been deprecated, please use "use_dsp" instead 
WARNING: [Synth 8-5974] attribute "use_dsp48" has been deprecated, please use "use_dsp" instead 
WARNING: [Synth 8-5974] attribute "use_dsp48" has been deprecated, please use "use_dsp" instead 
WARNING: [Synth 8-5974] attribute "use_dsp48" has been deprecated, please use "use_dsp" instead 
WARNING: [Synth 8-5974] attribute "use_dsp48" has been deprecated, please use "use_dsp" instead 
WARNING: [Synth 8-5974] attribute "use_dsp48" has been deprecated, please use "use_dsp" instead 
WARNING: [Synth 8-5974] attribute "use_dsp48" has been deprecated, please use "use_dsp" instead 
WARNING: [Synth 8-5974] attribute "use_dsp48" has been deprecated, please use "use_dsp" instead 
WARNING: [Synth 8-5974] attribute "use_dsp48" has been deprecated, please use "use_dsp" instead 
WARNING: [Synth 8-5974] attribute "use_dsp48" has been deprecated, please use "use_dsp" instead 
WARNING: [Synth 8-5974] attribute "use_dsp48" has been deprecated, please use "use_dsp" instead 
WARNING: [Synth 8-5974] attribute "use_dsp48" has been deprecated, please use "use_dsp" instead 
WARNING: [Synth 8-5974] attribute "use_dsp48" has been deprecated, please use "use_dsp" instead 
WARNING: [Synth 8-5974] attribute "use_dsp48" has been deprecated, please use "use_dsp" instead 
WARNING: [Synth 8-5974] attribute "use_dsp48" has been deprecated, please use "use_dsp" instead 
WARNING: [Synth 8-5974] attribute "use_dsp48" has been deprecated, please use "use_dsp" instead 
WARNING: [Synth 8-5974] attribute "use_dsp48" has been deprecated, please use "use_dsp" instead 
WARNING: [Synth 8-5974] attribute "use_dsp48" has been deprecated, please use "use_dsp" instead 
WARNING: [Synth 8-5974] attribute "use_dsp48" has been deprecated, please use "use_dsp" instead 
WARNING: [Synth 8-5974] attribute "use_dsp48" has been deprecated, please use "use_dsp" instead 
WARNING: [Synth 8-5974] attribute "use_dsp48" has been deprecated, please use "use_dsp" instead 
WARNING: [Synth 8-5974] attribute "use_dsp48" has been deprecated, please use "use_dsp" instead 
WARNING: [Synth 8-5974] attribute "use_dsp48" has been deprecated, please use "use_dsp" instead 
WARNING: [Synth 8-5974] attribute "use_dsp48" has been deprecated, please use "use_dsp" instead 
WARNING: [Synth 8-5974] attribute "use_dsp48" has been deprecated, please use "use_dsp" instead 
WARNING: [Synth 8-5974] attribute "use_dsp48" has been deprecated, please use "use_dsp" instead 
WARNING: [Synth 8-5974] attribute "use_dsp48" has been deprecated, please use "use_dsp" instead 
WARNING: [Synth 8-5974] attribute "use_dsp48" has been deprecated, please use "use_dsp" instead 
WARNING: [Synth 8-5974] attribute "use_dsp48" has been deprecated, please use "use_dsp" instead 
WARNING: [Synth 8-5974] attribute "use_dsp48" has been deprecated, please use "use_dsp" instead 
WARNING: [Synth 8-5974] attribute "use_dsp48" has been deprecated, please use "use_dsp" instead 
WARNING: [Synth 8-5974] attribute "use_dsp48" has been deprecated, please use "use_dsp" instead 
WARNING: [Synth 8-5974] attribute "use_dsp48" has been deprecated, please use "use_dsp" instead 
WARNING: [Synth 8-5974] attribute "use_dsp48" has been deprecated, please use "use_dsp" instead 
WARNING: [Synth 8-5974] attribute "use_dsp48" has been deprecated, please use "use_dsp" instead 
WARNING: [Synth 8-5974] attribute "use_dsp48" has been deprecated, please use "use_dsp" instead 
WARNING: [Synth 8-5974] attribute "use_dsp48" has been deprecated, please use "use_dsp" instead 
WARNING: [Synth 8-5974] attribute "use_dsp48" has been deprecated, please use "use_dsp" instead 
WARNING: [Synth 8-5974] attribute "use_dsp48" has been deprecated, please use "use_dsp" instead 
WARNING: [Synth 8-5974] attribute "use_dsp48" has been deprecated, please use "use_dsp" instead 
WARNING: [Synth 8-5974] attribute "use_dsp48" has been deprecated, please use "use_dsp" instead 
WARNING: [Synth 8-5974] attribute "use_dsp48" has been deprecated, please use "use_dsp" instead 
WARNING: [Synth 8-5974] attribute "use_dsp48" has been deprecated, please use "use_dsp" instead 
WARNING: [Synth 8-5974] attribute "use_dsp48" has been deprecated, please use "use_dsp" instead 
WARNING: [Synth 8-5974] attribute "use_dsp48" has been deprecated, please use "use_dsp" instead 
WARNING: [Synth 8-5974] attribute "use_dsp48" has been deprecated, please use "use_dsp" instead 
WARNING: [Synth 8-5974] attribute "use_dsp48" has been deprecated, please use "use_dsp" instead 
WARNING: [Synth 8-5974] attribute "use_dsp48" has been deprecated, please use "use_dsp" instead 
WARNING: [Synth 8-5974] attribute "use_dsp48" has been deprecated, please use "use_dsp" instead 
WARNING: [Synth 8-5974] attribute "use_dsp48" has been deprecated, please use "use_dsp" instead 
WARNING: [Synth 8-5974] attribute "use_dsp48" has been deprecated, please use "use_dsp" instead 
WARNING: [Synth 8-5974] attribute "use_dsp48" has been deprecated, please use "use_dsp" instead 
WARNING: [Synth 8-5974] attribute "use_dsp48" has been deprecated, please use "use_dsp" instead 
WARNING: [Synth 8-5974] attribute "use_dsp48" has been deprecated, please use "use_dsp" instead 
WARNING: [Synth 8-5974] attribute "use_dsp48" has been deprecated, please use "use_dsp" instead 
WARNING: [Synth 8-5974] attribute "use_dsp48" has been deprecated, please use "use_dsp" instead 
WARNING: [Synth 8-5974] attribute "use_dsp48" has been deprecated, please use "use_dsp" instead 
WARNING: [Synth 8-5974] attribute "use_dsp48" has been deprecated, please use "use_dsp" instead 
WARNING: [Synth 8-5974] attribute "use_dsp48" has been deprecated, please use "use_dsp" instead 
WARNING: [Synth 8-5974] attribute "use_dsp48" has been deprecated, please use "use_dsp" instead 
WARNING: [Synth 8-5974] attribute "use_dsp48" has been deprecated, please use "use_dsp" instead 
WARNING: [Synth 8-5974] attribute "use_dsp48" has been deprecated, please use "use_dsp" instead 
WARNING: [Synth 8-5974] attribute "use_dsp48" has been deprecated, please use "use_dsp" instead 
WARNING: [Synth 8-5974] attribute "use_dsp48" has been deprecated, please use "use_dsp" instead 
WARNING: [Synth 8-5974] attribute "use_dsp48" has been deprecated, please use "use_dsp" instead 
WARNING: [Synth 8-5974] attribute "use_dsp48" has been deprecated, please use "use_dsp" instead 
WARNING: [Synth 8-5974] attribute "use_dsp48" has been deprecated, please use "use_dsp" instead 
WARNING: [Synth 8-5974] attribute "use_dsp48" has been deprecated, please use "use_dsp" instead 
WARNING: [Synth 8-5974] attribute "use_dsp48" has been deprecated, please use "use_dsp" instead 
WARNING: [Synth 8-5974] attribute "use_dsp48" has been deprecated, please use "use_dsp" instead 
WARNING: [Synth 8-5974] attribute "use_dsp48" has been deprecated, please use "use_dsp" instead 
WARNING: [Synth 8-5974] attribute "use_dsp48" has been deprecated, please use "use_dsp" instead 
WARNING: [Synth 8-5974] attribute "use_dsp48" has been deprecated, please use "use_dsp" instead 
WARNING: [Synth 8-5974] attribute "use_dsp48" has been deprecated, please use "use_dsp" instead 
WARNING: [Synth 8-5974] attribute "use_dsp48" has been deprecated, please use "use_dsp" instead 
WARNING: [Synth 8-5974] attribute "use_dsp48" has been deprecated, please use "use_dsp" instead 
WARNING: [Synth 8-5974] attribute "use_dsp48" has been deprecated, please use "use_dsp" instead 
INFO: [Common 17-14] Message 'Synth 8-5974' appears 100 times and further instances of the messages will be disabled. Use the Tcl command set_msg_config to change the current settings.
INFO: [Synth 8-6157] synthesizing module 'idct_am_addmul_16s_16s_13ns_31_4_1' [c:/Users/hmcculla/ECE423/ECE-423-Labs/ece423_prefab/ece423_prefab/lab_prefab/lab_prefab.gen/sources_1/bd/lab_prefab/ipshared/5491/hdl/verilog/idct_am_addmul_16s_16s_13ns_31_4_1.v:47]
INFO: [Synth 8-6157] synthesizing module 'idct_am_addmul_16s_16s_13ns_31_4_1_DSP48_0' [c:/Users/hmcculla/ECE423/ECE-423-Labs/ece423_prefab/ece423_prefab/lab_prefab/lab_prefab.gen/sources_1/bd/lab_prefab/ipshared/5491/hdl/verilog/idct_am_addmul_16s_16s_13ns_31_4_1.v:8]
INFO: [Synth 8-6155] done synthesizing module 'idct_am_addmul_16s_16s_13ns_31_4_1_DSP48_0' (0#1) [c:/Users/hmcculla/ECE423/ECE-423-Labs/ece423_prefab/ece423_prefab/lab_prefab/lab_prefab.gen/sources_1/bd/lab_prefab/ipshared/5491/hdl/verilog/idct_am_addmul_16s_16s_13ns_31_4_1.v:8]
INFO: [Synth 8-6155] done synthesizing module 'idct_am_addmul_16s_16s_13ns_31_4_1' (0#1) [c:/Users/hmcculla/ECE423/ECE-423-Labs/ece423_prefab/ece423_prefab/lab_prefab/lab_prefab.gen/sources_1/bd/lab_prefab/ipshared/5491/hdl/verilog/idct_am_addmul_16s_16s_13ns_31_4_1.v:47]
INFO: [Synth 8-6157] synthesizing module 'idct_am_addmul_16s_16s_16s_32_4_1' [c:/Users/hmcculla/ECE423/ECE-423-Labs/ece423_prefab/ece423_prefab/lab_prefab/lab_prefab.gen/sources_1/bd/lab_prefab/ipshared/5491/hdl/verilog/idct_am_addmul_16s_16s_16s_32_4_1.v:47]
INFO: [Synth 8-6157] synthesizing module 'idct_am_addmul_16s_16s_16s_32_4_1_DSP48_1' [c:/Users/hmcculla/ECE423/ECE-423-Labs/ece423_prefab/ece423_prefab/lab_prefab/lab_prefab.gen/sources_1/bd/lab_prefab/ipshared/5491/hdl/verilog/idct_am_addmul_16s_16s_16s_32_4_1.v:8]
INFO: [Synth 8-6155] done synthesizing module 'idct_am_addmul_16s_16s_16s_32_4_1_DSP48_1' (0#1) [c:/Users/hmcculla/ECE423/ECE-423-Labs/ece423_prefab/ece423_prefab/lab_prefab/lab_prefab.gen/sources_1/bd/lab_prefab/ipshared/5491/hdl/verilog/idct_am_addmul_16s_16s_16s_32_4_1.v:8]
INFO: [Synth 8-6155] done synthesizing module 'idct_am_addmul_16s_16s_16s_32_4_1' (0#1) [c:/Users/hmcculla/ECE423/ECE-423-Labs/ece423_prefab/ece423_prefab/lab_prefab/lab_prefab.gen/sources_1/bd/lab_prefab/ipshared/5491/hdl/verilog/idct_am_addmul_16s_16s_16s_32_4_1.v:47]
INFO: [Synth 8-6157] synthesizing module 'idct_am_addmul_17s_17s_14ns_32_4_1' [c:/Users/hmcculla/ECE423/ECE-423-Labs/ece423_prefab/ece423_prefab/lab_prefab/lab_prefab.gen/sources_1/bd/lab_prefab/ipshared/5491/hdl/verilog/idct_am_addmul_17s_17s_14ns_32_4_1.v:47]
INFO: [Synth 8-6157] synthesizing module 'idct_am_addmul_17s_17s_14ns_32_4_1_DSP48_2' [c:/Users/hmcculla/ECE423/ECE-423-Labs/ece423_prefab/ece423_prefab/lab_prefab/lab_prefab.gen/sources_1/bd/lab_prefab/ipshared/5491/hdl/verilog/idct_am_addmul_17s_17s_14ns_32_4_1.v:8]
INFO: [Synth 8-6155] done synthesizing module 'idct_am_addmul_17s_17s_14ns_32_4_1_DSP48_2' (0#1) [c:/Users/hmcculla/ECE423/ECE-423-Labs/ece423_prefab/ece423_prefab/lab_prefab/lab_prefab.gen/sources_1/bd/lab_prefab/ipshared/5491/hdl/verilog/idct_am_addmul_17s_17s_14ns_32_4_1.v:8]
INFO: [Synth 8-6155] done synthesizing module 'idct_am_addmul_17s_17s_14ns_32_4_1' (0#1) [c:/Users/hmcculla/ECE423/ECE-423-Labs/ece423_prefab/ece423_prefab/lab_prefab/lab_prefab.gen/sources_1/bd/lab_prefab/ipshared/5491/hdl/verilog/idct_am_addmul_17s_17s_14ns_32_4_1.v:47]
INFO: [Synth 8-6157] synthesizing module 'idct_am_addmul_16s_16s_14s_31_4_1' [c:/Users/hmcculla/ECE423/ECE-423-Labs/ece423_prefab/ece423_prefab/lab_prefab/lab_prefab.gen/sources_1/bd/lab_prefab/ipshared/5491/hdl/verilog/idct_am_addmul_16s_16s_14s_31_4_1.v:47]
INFO: [Synth 8-6157] synthesizing module 'idct_am_addmul_16s_16s_14s_31_4_1_DSP48_3' [c:/Users/hmcculla/ECE423/ECE-423-Labs/ece423_prefab/ece423_prefab/lab_prefab/lab_prefab.gen/sources_1/bd/lab_prefab/ipshared/5491/hdl/verilog/idct_am_addmul_16s_16s_14s_31_4_1.v:8]
INFO: [Synth 8-6155] done synthesizing module 'idct_am_addmul_16s_16s_14s_31_4_1_DSP48_3' (0#1) [c:/Users/hmcculla/ECE423/ECE-423-Labs/ece423_prefab/ece423_prefab/lab_prefab/lab_prefab.gen/sources_1/bd/lab_prefab/ipshared/5491/hdl/verilog/idct_am_addmul_16s_16s_14s_31_4_1.v:8]
INFO: [Synth 8-6155] done synthesizing module 'idct_am_addmul_16s_16s_14s_31_4_1' (0#1) [c:/Users/hmcculla/ECE423/ECE-423-Labs/ece423_prefab/ece423_prefab/lab_prefab/lab_prefab.gen/sources_1/bd/lab_prefab/ipshared/5491/hdl/verilog/idct_am_addmul_16s_16s_14s_31_4_1.v:47]
INFO: [Synth 8-6157] synthesizing module 'idct_mac_muladd_16s_15s_31s_31_4_1' [c:/Users/hmcculla/ECE423/ECE-423-Labs/ece423_prefab/ece423_prefab/lab_prefab/lab_prefab.gen/sources_1/bd/lab_prefab/ipshared/5491/hdl/verilog/idct_mac_muladd_16s_15s_31s_31_4_1.v:47]
INFO: [Synth 8-6157] synthesizing module 'idct_mac_muladd_16s_15s_31s_31_4_1_DSP48_4' [c:/Users/hmcculla/ECE423/ECE-423-Labs/ece423_prefab/ece423_prefab/lab_prefab/lab_prefab.gen/sources_1/bd/lab_prefab/ipshared/5491/hdl/verilog/idct_mac_muladd_16s_15s_31s_31_4_1.v:8]
INFO: [Synth 8-6155] done synthesizing module 'idct_mac_muladd_16s_15s_31s_31_4_1_DSP48_4' (0#1) [c:/Users/hmcculla/ECE423/ECE-423-Labs/ece423_prefab/ece423_prefab/lab_prefab/lab_prefab.gen/sources_1/bd/lab_prefab/ipshared/5491/hdl/verilog/idct_mac_muladd_16s_15s_31s_31_4_1.v:8]
INFO: [Synth 8-6155] done synthesizing module 'idct_mac_muladd_16s_15s_31s_31_4_1' (0#1) [c:/Users/hmcculla/ECE423/ECE-423-Labs/ece423_prefab/ece423_prefab/lab_prefab/lab_prefab.gen/sources_1/bd/lab_prefab/ipshared/5491/hdl/verilog/idct_mac_muladd_16s_15s_31s_31_4_1.v:47]
INFO: [Synth 8-6157] synthesizing module 'idct_mac_muladd_16s_13ns_30ns_30_4_1' [c:/Users/hmcculla/ECE423/ECE-423-Labs/ece423_prefab/ece423_prefab/lab_prefab/lab_prefab.gen/sources_1/bd/lab_prefab/ipshared/5491/hdl/verilog/idct_mac_muladd_16s_13ns_30ns_30_4_1.v:47]
INFO: [Synth 8-6157] synthesizing module 'idct_mac_muladd_16s_13ns_30ns_30_4_1_DSP48_5' [c:/Users/hmcculla/ECE423/ECE-423-Labs/ece423_prefab/ece423_prefab/lab_prefab/lab_prefab.gen/sources_1/bd/lab_prefab/ipshared/5491/hdl/verilog/idct_mac_muladd_16s_13ns_30ns_30_4_1.v:8]
INFO: [Synth 8-6155] done synthesizing module 'idct_mac_muladd_16s_13ns_30ns_30_4_1_DSP48_5' (0#1) [c:/Users/hmcculla/ECE423/ECE-423-Labs/ece423_prefab/ece423_prefab/lab_prefab/lab_prefab.gen/sources_1/bd/lab_prefab/ipshared/5491/hdl/verilog/idct_mac_muladd_16s_13ns_30ns_30_4_1.v:8]
INFO: [Synth 8-6155] done synthesizing module 'idct_mac_muladd_16s_13ns_30ns_30_4_1' (0#1) [c:/Users/hmcculla/ECE423/ECE-423-Labs/ece423_prefab/ece423_prefab/lab_prefab/lab_prefab.gen/sources_1/bd/lab_prefab/ipshared/5491/hdl/verilog/idct_mac_muladd_16s_13ns_30ns_30_4_1.v:47]
INFO: [Synth 8-6157] synthesizing module 'idct_mac_muladd_16s_12ns_31s_31_4_1' [c:/Users/hmcculla/ECE423/ECE-423-Labs/ece423_prefab/ece423_prefab/lab_prefab/lab_prefab.gen/sources_1/bd/lab_prefab/ipshared/5491/hdl/verilog/idct_mac_muladd_16s_12ns_31s_31_4_1.v:47]
INFO: [Synth 8-6157] synthesizing module 'idct_mac_muladd_16s_12ns_31s_31_4_1_DSP48_6' [c:/Users/hmcculla/ECE423/ECE-423-Labs/ece423_prefab/ece423_prefab/lab_prefab/lab_prefab.gen/sources_1/bd/lab_prefab/ipshared/5491/hdl/verilog/idct_mac_muladd_16s_12ns_31s_31_4_1.v:8]
INFO: [Synth 8-6155] done synthesizing module 'idct_mac_muladd_16s_12ns_31s_31_4_1_DSP48_6' (0#1) [c:/Users/hmcculla/ECE423/ECE-423-Labs/ece423_prefab/ece423_prefab/lab_prefab/lab_prefab.gen/sources_1/bd/lab_prefab/ipshared/5491/hdl/verilog/idct_mac_muladd_16s_12ns_31s_31_4_1.v:8]
INFO: [Synth 8-6155] done synthesizing module 'idct_mac_muladd_16s_12ns_31s_31_4_1' (0#1) [c:/Users/hmcculla/ECE423/ECE-423-Labs/ece423_prefab/ece423_prefab/lab_prefab/lab_prefab.gen/sources_1/bd/lab_prefab/ipshared/5491/hdl/verilog/idct_mac_muladd_16s_12ns_31s_31_4_1.v:47]
INFO: [Synth 8-6157] synthesizing module 'idct_mac_muladd_16s_14ns_31s_31_4_1' [c:/Users/hmcculla/ECE423/ECE-423-Labs/ece423_prefab/ece423_prefab/lab_prefab/lab_prefab.gen/sources_1/bd/lab_prefab/ipshared/5491/hdl/verilog/idct_mac_muladd_16s_14ns_31s_31_4_1.v:47]
INFO: [Synth 8-6157] synthesizing module 'idct_mac_muladd_16s_14ns_31s_31_4_1_DSP48_7' [c:/Users/hmcculla/ECE423/ECE-423-Labs/ece423_prefab/ece423_prefab/lab_prefab/lab_prefab.gen/sources_1/bd/lab_prefab/ipshared/5491/hdl/verilog/idct_mac_muladd_16s_14ns_31s_31_4_1.v:8]
INFO: [Synth 8-6155] done synthesizing module 'idct_mac_muladd_16s_14ns_31s_31_4_1_DSP48_7' (0#1) [c:/Users/hmcculla/ECE423/ECE-423-Labs/ece423_prefab/ece423_prefab/lab_prefab/lab_prefab.gen/sources_1/bd/lab_prefab/ipshared/5491/hdl/verilog/idct_mac_muladd_16s_14ns_31s_31_4_1.v:8]
INFO: [Synth 8-6155] done synthesizing module 'idct_mac_muladd_16s_14ns_31s_31_4_1' (0#1) [c:/Users/hmcculla/ECE423/ECE-423-Labs/ece423_prefab/ece423_prefab/lab_prefab/lab_prefab.gen/sources_1/bd/lab_prefab/ipshared/5491/hdl/verilog/idct_mac_muladd_16s_14ns_31s_31_4_1.v:47]
INFO: [Synth 8-6157] synthesizing module 'idct_mac_muladd_17s_15s_32s_32_4_1' [c:/Users/hmcculla/ECE423/ECE-423-Labs/ece423_prefab/ece423_prefab/lab_prefab/lab_prefab.gen/sources_1/bd/lab_prefab/ipshared/5491/hdl/verilog/idct_mac_muladd_17s_15s_32s_32_4_1.v:47]
INFO: [Synth 8-6157] synthesizing module 'idct_mac_muladd_17s_15s_32s_32_4_1_DSP48_8' [c:/Users/hmcculla/ECE423/ECE-423-Labs/ece423_prefab/ece423_prefab/lab_prefab/lab_prefab.gen/sources_1/bd/lab_prefab/ipshared/5491/hdl/verilog/idct_mac_muladd_17s_15s_32s_32_4_1.v:8]
INFO: [Synth 8-6155] done synthesizing module 'idct_mac_muladd_17s_15s_32s_32_4_1_DSP48_8' (0#1) [c:/Users/hmcculla/ECE423/ECE-423-Labs/ece423_prefab/ece423_prefab/lab_prefab/lab_prefab.gen/sources_1/bd/lab_prefab/ipshared/5491/hdl/verilog/idct_mac_muladd_17s_15s_32s_32_4_1.v:8]
INFO: [Synth 8-6155] done synthesizing module 'idct_mac_muladd_17s_15s_32s_32_4_1' (0#1) [c:/Users/hmcculla/ECE423/ECE-423-Labs/ece423_prefab/ece423_prefab/lab_prefab/lab_prefab.gen/sources_1/bd/lab_prefab/ipshared/5491/hdl/verilog/idct_mac_muladd_17s_15s_32s_32_4_1.v:47]
INFO: [Synth 8-6157] synthesizing module 'idct_mac_muladd_17s_13s_32s_32_4_1' [c:/Users/hmcculla/ECE423/ECE-423-Labs/ece423_prefab/ece423_prefab/lab_prefab/lab_prefab.gen/sources_1/bd/lab_prefab/ipshared/5491/hdl/verilog/idct_mac_muladd_17s_13s_32s_32_4_1.v:47]
INFO: [Synth 8-6157] synthesizing module 'idct_mac_muladd_17s_13s_32s_32_4_1_DSP48_9' [c:/Users/hmcculla/ECE423/ECE-423-Labs/ece423_prefab/ece423_prefab/lab_prefab/lab_prefab.gen/sources_1/bd/lab_prefab/ipshared/5491/hdl/verilog/idct_mac_muladd_17s_13s_32s_32_4_1.v:8]
INFO: [Synth 8-6155] done synthesizing module 'idct_mac_muladd_17s_13s_32s_32_4_1_DSP48_9' (0#1) [c:/Users/hmcculla/ECE423/ECE-423-Labs/ece423_prefab/ece423_prefab/lab_prefab/lab_prefab.gen/sources_1/bd/lab_prefab/ipshared/5491/hdl/verilog/idct_mac_muladd_17s_13s_32s_32_4_1.v:8]
INFO: [Synth 8-6155] done synthesizing module 'idct_mac_muladd_17s_13s_32s_32_4_1' (0#1) [c:/Users/hmcculla/ECE423/ECE-423-Labs/ece423_prefab/ece423_prefab/lab_prefab/lab_prefab.gen/sources_1/bd/lab_prefab/ipshared/5491/hdl/verilog/idct_mac_muladd_17s_13s_32s_32_4_1.v:47]
INFO: [Synth 8-6157] synthesizing module 'idct_mac_muladd_16s_15ns_32s_32_4_1' [c:/Users/hmcculla/ECE423/ECE-423-Labs/ece423_prefab/ece423_prefab/lab_prefab/lab_prefab.gen/sources_1/bd/lab_prefab/ipshared/5491/hdl/verilog/idct_mac_muladd_16s_15ns_32s_32_4_1.v:47]
INFO: [Synth 8-6157] synthesizing module 'idct_mac_muladd_16s_15ns_32s_32_4_1_DSP48_10' [c:/Users/hmcculla/ECE423/ECE-423-Labs/ece423_prefab/ece423_prefab/lab_prefab/lab_prefab.gen/sources_1/bd/lab_prefab/ipshared/5491/hdl/verilog/idct_mac_muladd_16s_15ns_32s_32_4_1.v:8]
INFO: [Synth 8-6155] done synthesizing module 'idct_mac_muladd_16s_15ns_32s_32_4_1_DSP48_10' (0#1) [c:/Users/hmcculla/ECE423/ECE-423-Labs/ece423_prefab/ece423_prefab/lab_prefab/lab_prefab.gen/sources_1/bd/lab_prefab/ipshared/5491/hdl/verilog/idct_mac_muladd_16s_15ns_32s_32_4_1.v:8]
INFO: [Synth 8-6155] done synthesizing module 'idct_mac_muladd_16s_15ns_32s_32_4_1' (0#1) [c:/Users/hmcculla/ECE423/ECE-423-Labs/ece423_prefab/ece423_prefab/lab_prefab/lab_prefab.gen/sources_1/bd/lab_prefab/ipshared/5491/hdl/verilog/idct_mac_muladd_16s_15ns_32s_32_4_1.v:47]
INFO: [Synth 8-6157] synthesizing module 'idct_am_addmul_16s_16s_16s_30_4_1' [c:/Users/hmcculla/ECE423/ECE-423-Labs/ece423_prefab/ece423_prefab/lab_prefab/lab_prefab.gen/sources_1/bd/lab_prefab/ipshared/5491/hdl/verilog/idct_am_addmul_16s_16s_16s_30_4_1.v:47]
INFO: [Synth 8-6157] synthesizing module 'idct_am_addmul_16s_16s_16s_30_4_1_DSP48_11' [c:/Users/hmcculla/ECE423/ECE-423-Labs/ece423_prefab/ece423_prefab/lab_prefab/lab_prefab.gen/sources_1/bd/lab_prefab/ipshared/5491/hdl/verilog/idct_am_addmul_16s_16s_16s_30_4_1.v:8]
INFO: [Synth 8-6155] done synthesizing module 'idct_am_addmul_16s_16s_16s_30_4_1_DSP48_11' (0#1) [c:/Users/hmcculla/ECE423/ECE-423-Labs/ece423_prefab/ece423_prefab/lab_prefab/lab_prefab.gen/sources_1/bd/lab_prefab/ipshared/5491/hdl/verilog/idct_am_addmul_16s_16s_16s_30_4_1.v:8]
INFO: [Synth 8-6155] done synthesizing module 'idct_am_addmul_16s_16s_16s_30_4_1' (0#1) [c:/Users/hmcculla/ECE423/ECE-423-Labs/ece423_prefab/ece423_prefab/lab_prefab/lab_prefab.gen/sources_1/bd/lab_prefab/ipshared/5491/hdl/verilog/idct_am_addmul_16s_16s_16s_30_4_1.v:47]
INFO: [Synth 8-6157] synthesizing module 'idct_am_addmul_16s_16s_13ns_30_4_1' [c:/Users/hmcculla/ECE423/ECE-423-Labs/ece423_prefab/ece423_prefab/lab_prefab/lab_prefab.gen/sources_1/bd/lab_prefab/ipshared/5491/hdl/verilog/idct_am_addmul_16s_16s_13ns_30_4_1.v:47]
INFO: [Synth 8-6157] synthesizing module 'idct_am_addmul_16s_16s_13ns_30_4_1_DSP48_12' [c:/Users/hmcculla/ECE423/ECE-423-Labs/ece423_prefab/ece423_prefab/lab_prefab/lab_prefab.gen/sources_1/bd/lab_prefab/ipshared/5491/hdl/verilog/idct_am_addmul_16s_16s_13ns_30_4_1.v:8]
INFO: [Synth 8-6155] done synthesizing module 'idct_am_addmul_16s_16s_13ns_30_4_1_DSP48_12' (0#1) [c:/Users/hmcculla/ECE423/ECE-423-Labs/ece423_prefab/ece423_prefab/lab_prefab/lab_prefab.gen/sources_1/bd/lab_prefab/ipshared/5491/hdl/verilog/idct_am_addmul_16s_16s_13ns_30_4_1.v:8]
INFO: [Synth 8-6155] done synthesizing module 'idct_am_addmul_16s_16s_13ns_30_4_1' (0#1) [c:/Users/hmcculla/ECE423/ECE-423-Labs/ece423_prefab/ece423_prefab/lab_prefab/lab_prefab.gen/sources_1/bd/lab_prefab/ipshared/5491/hdl/verilog/idct_am_addmul_16s_16s_13ns_30_4_1.v:47]
INFO: [Synth 8-6157] synthesizing module 'idct_am_addmul_17s_17s_14ns_30_4_1' [c:/Users/hmcculla/ECE423/ECE-423-Labs/ece423_prefab/ece423_prefab/lab_prefab/lab_prefab.gen/sources_1/bd/lab_prefab/ipshared/5491/hdl/verilog/idct_am_addmul_17s_17s_14ns_30_4_1.v:47]
INFO: [Synth 8-6157] synthesizing module 'idct_am_addmul_17s_17s_14ns_30_4_1_DSP48_13' [c:/Users/hmcculla/ECE423/ECE-423-Labs/ece423_prefab/ece423_prefab/lab_prefab/lab_prefab.gen/sources_1/bd/lab_prefab/ipshared/5491/hdl/verilog/idct_am_addmul_17s_17s_14ns_30_4_1.v:8]
INFO: [Synth 8-6155] done synthesizing module 'idct_am_addmul_17s_17s_14ns_30_4_1_DSP48_13' (0#1) [c:/Users/hmcculla/ECE423/ECE-423-Labs/ece423_prefab/ece423_prefab/lab_prefab/lab_prefab.gen/sources_1/bd/lab_prefab/ipshared/5491/hdl/verilog/idct_am_addmul_17s_17s_14ns_30_4_1.v:8]
INFO: [Synth 8-6155] done synthesizing module 'idct_am_addmul_17s_17s_14ns_30_4_1' (0#1) [c:/Users/hmcculla/ECE423/ECE-423-Labs/ece423_prefab/ece423_prefab/lab_prefab/lab_prefab.gen/sources_1/bd/lab_prefab/ipshared/5491/hdl/verilog/idct_am_addmul_17s_17s_14ns_30_4_1.v:47]
INFO: [Synth 8-6157] synthesizing module 'idct_am_addmul_16s_16s_14s_30_4_1' [c:/Users/hmcculla/ECE423/ECE-423-Labs/ece423_prefab/ece423_prefab/lab_prefab/lab_prefab.gen/sources_1/bd/lab_prefab/ipshared/5491/hdl/verilog/idct_am_addmul_16s_16s_14s_30_4_1.v:47]
INFO: [Synth 8-6157] synthesizing module 'idct_am_addmul_16s_16s_14s_30_4_1_DSP48_14' [c:/Users/hmcculla/ECE423/ECE-423-Labs/ece423_prefab/ece423_prefab/lab_prefab/lab_prefab.gen/sources_1/bd/lab_prefab/ipshared/5491/hdl/verilog/idct_am_addmul_16s_16s_14s_30_4_1.v:8]
INFO: [Synth 8-6155] done synthesizing module 'idct_am_addmul_16s_16s_14s_30_4_1_DSP48_14' (0#1) [c:/Users/hmcculla/ECE423/ECE-423-Labs/ece423_prefab/ece423_prefab/lab_prefab/lab_prefab.gen/sources_1/bd/lab_prefab/ipshared/5491/hdl/verilog/idct_am_addmul_16s_16s_14s_30_4_1.v:8]
INFO: [Synth 8-6155] done synthesizing module 'idct_am_addmul_16s_16s_14s_30_4_1' (0#1) [c:/Users/hmcculla/ECE423/ECE-423-Labs/ece423_prefab/ece423_prefab/lab_prefab/lab_prefab.gen/sources_1/bd/lab_prefab/ipshared/5491/hdl/verilog/idct_am_addmul_16s_16s_14s_30_4_1.v:47]
INFO: [Synth 8-6157] synthesizing module 'idct_mac_muladd_16s_15s_30s_30_4_1' [c:/Users/hmcculla/ECE423/ECE-423-Labs/ece423_prefab/ece423_prefab/lab_prefab/lab_prefab.gen/sources_1/bd/lab_prefab/ipshared/5491/hdl/verilog/idct_mac_muladd_16s_15s_30s_30_4_1.v:47]
INFO: [Synth 8-6157] synthesizing module 'idct_mac_muladd_16s_15s_30s_30_4_1_DSP48_15' [c:/Users/hmcculla/ECE423/ECE-423-Labs/ece423_prefab/ece423_prefab/lab_prefab/lab_prefab.gen/sources_1/bd/lab_prefab/ipshared/5491/hdl/verilog/idct_mac_muladd_16s_15s_30s_30_4_1.v:8]
INFO: [Synth 8-6155] done synthesizing module 'idct_mac_muladd_16s_15s_30s_30_4_1_DSP48_15' (0#1) [c:/Users/hmcculla/ECE423/ECE-423-Labs/ece423_prefab/ece423_prefab/lab_prefab/lab_prefab.gen/sources_1/bd/lab_prefab/ipshared/5491/hdl/verilog/idct_mac_muladd_16s_15s_30s_30_4_1.v:8]
INFO: [Synth 8-6155] done synthesizing module 'idct_mac_muladd_16s_15s_30s_30_4_1' (0#1) [c:/Users/hmcculla/ECE423/ECE-423-Labs/ece423_prefab/ece423_prefab/lab_prefab/lab_prefab.gen/sources_1/bd/lab_prefab/ipshared/5491/hdl/verilog/idct_mac_muladd_16s_15s_30s_30_4_1.v:47]
INFO: [Synth 8-6157] synthesizing module 'idct_mac_muladd_16s_13ns_30s_30_4_1' [c:/Users/hmcculla/ECE423/ECE-423-Labs/ece423_prefab/ece423_prefab/lab_prefab/lab_prefab.gen/sources_1/bd/lab_prefab/ipshared/5491/hdl/verilog/idct_mac_muladd_16s_13ns_30s_30_4_1.v:47]
INFO: [Synth 8-6157] synthesizing module 'idct_mac_muladd_16s_13ns_30s_30_4_1_DSP48_16' [c:/Users/hmcculla/ECE423/ECE-423-Labs/ece423_prefab/ece423_prefab/lab_prefab/lab_prefab.gen/sources_1/bd/lab_prefab/ipshared/5491/hdl/verilog/idct_mac_muladd_16s_13ns_30s_30_4_1.v:8]
INFO: [Synth 8-6155] done synthesizing module 'idct_mac_muladd_16s_13ns_30s_30_4_1_DSP48_16' (0#1) [c:/Users/hmcculla/ECE423/ECE-423-Labs/ece423_prefab/ece423_prefab/lab_prefab/lab_prefab.gen/sources_1/bd/lab_prefab/ipshared/5491/hdl/verilog/idct_mac_muladd_16s_13ns_30s_30_4_1.v:8]
INFO: [Synth 8-6155] done synthesizing module 'idct_mac_muladd_16s_13ns_30s_30_4_1' (0#1) [c:/Users/hmcculla/ECE423/ECE-423-Labs/ece423_prefab/ece423_prefab/lab_prefab/lab_prefab.gen/sources_1/bd/lab_prefab/ipshared/5491/hdl/verilog/idct_mac_muladd_16s_13ns_30s_30_4_1.v:47]
INFO: [Synth 8-6157] synthesizing module 'idct_mac_muladd_17s_15s_30s_30_4_1' [c:/Users/hmcculla/ECE423/ECE-423-Labs/ece423_prefab/ece423_prefab/lab_prefab/lab_prefab.gen/sources_1/bd/lab_prefab/ipshared/5491/hdl/verilog/idct_mac_muladd_17s_15s_30s_30_4_1.v:47]
INFO: [Synth 8-6157] synthesizing module 'idct_mac_muladd_17s_15s_30s_30_4_1_DSP48_17' [c:/Users/hmcculla/ECE423/ECE-423-Labs/ece423_prefab/ece423_prefab/lab_prefab/lab_prefab.gen/sources_1/bd/lab_prefab/ipshared/5491/hdl/verilog/idct_mac_muladd_17s_15s_30s_30_4_1.v:8]
INFO: [Synth 8-6155] done synthesizing module 'idct_mac_muladd_17s_15s_30s_30_4_1_DSP48_17' (0#1) [c:/Users/hmcculla/ECE423/ECE-423-Labs/ece423_prefab/ece423_prefab/lab_prefab/lab_prefab.gen/sources_1/bd/lab_prefab/ipshared/5491/hdl/verilog/idct_mac_muladd_17s_15s_30s_30_4_1.v:8]
INFO: [Synth 8-6155] done synthesizing module 'idct_mac_muladd_17s_15s_30s_30_4_1' (0#1) [c:/Users/hmcculla/ECE423/ECE-423-Labs/ece423_prefab/ece423_prefab/lab_prefab/lab_prefab.gen/sources_1/bd/lab_prefab/ipshared/5491/hdl/verilog/idct_mac_muladd_17s_15s_30s_30_4_1.v:47]
INFO: [Synth 8-6157] synthesizing module 'idct_mac_muladd_17s_13s_30s_30_4_1' [c:/Users/hmcculla/ECE423/ECE-423-Labs/ece423_prefab/ece423_prefab/lab_prefab/lab_prefab.gen/sources_1/bd/lab_prefab/ipshared/5491/hdl/verilog/idct_mac_muladd_17s_13s_30s_30_4_1.v:47]
INFO: [Synth 8-6157] synthesizing module 'idct_mac_muladd_17s_13s_30s_30_4_1_DSP48_18' [c:/Users/hmcculla/ECE423/ECE-423-Labs/ece423_prefab/ece423_prefab/lab_prefab/lab_prefab.gen/sources_1/bd/lab_prefab/ipshared/5491/hdl/verilog/idct_mac_muladd_17s_13s_30s_30_4_1.v:8]
INFO: [Synth 8-6155] done synthesizing module 'idct_mac_muladd_17s_13s_30s_30_4_1_DSP48_18' (0#1) [c:/Users/hmcculla/ECE423/ECE-423-Labs/ece423_prefab/ece423_prefab/lab_prefab/lab_prefab.gen/sources_1/bd/lab_prefab/ipshared/5491/hdl/verilog/idct_mac_muladd_17s_13s_30s_30_4_1.v:8]
INFO: [Synth 8-6155] done synthesizing module 'idct_mac_muladd_17s_13s_30s_30_4_1' (0#1) [c:/Users/hmcculla/ECE423/ECE-423-Labs/ece423_prefab/ece423_prefab/lab_prefab/lab_prefab.gen/sources_1/bd/lab_prefab/ipshared/5491/hdl/verilog/idct_mac_muladd_17s_13s_30s_30_4_1.v:47]
INFO: [Synth 8-6157] synthesizing module 'idct_am_addmul_21s_21s_16s_32_4_1' [c:/Users/hmcculla/ECE423/ECE-423-Labs/ece423_prefab/ece423_prefab/lab_prefab/lab_prefab.gen/sources_1/bd/lab_prefab/ipshared/5491/hdl/verilog/idct_am_addmul_21s_21s_16s_32_4_1.v:47]
INFO: [Synth 8-6157] synthesizing module 'idct_am_addmul_21s_21s_16s_32_4_1_DSP48_19' [c:/Users/hmcculla/ECE423/ECE-423-Labs/ece423_prefab/ece423_prefab/lab_prefab/lab_prefab.gen/sources_1/bd/lab_prefab/ipshared/5491/hdl/verilog/idct_am_addmul_21s_21s_16s_32_4_1.v:8]
INFO: [Synth 8-6155] done synthesizing module 'idct_am_addmul_21s_21s_16s_32_4_1_DSP48_19' (0#1) [c:/Users/hmcculla/ECE423/ECE-423-Labs/ece423_prefab/ece423_prefab/lab_prefab/lab_prefab.gen/sources_1/bd/lab_prefab/ipshared/5491/hdl/verilog/idct_am_addmul_21s_21s_16s_32_4_1.v:8]
INFO: [Synth 8-6155] done synthesizing module 'idct_am_addmul_21s_21s_16s_32_4_1' (0#1) [c:/Users/hmcculla/ECE423/ECE-423-Labs/ece423_prefab/ece423_prefab/lab_prefab/lab_prefab.gen/sources_1/bd/lab_prefab/ipshared/5491/hdl/verilog/idct_am_addmul_21s_21s_16s_32_4_1.v:47]
INFO: [Synth 8-6157] synthesizing module 'idct_am_addmul_22s_22s_14ns_32_4_1' [c:/Users/hmcculla/ECE423/ECE-423-Labs/ece423_prefab/ece423_prefab/lab_prefab/lab_prefab.gen/sources_1/bd/lab_prefab/ipshared/5491/hdl/verilog/idct_am_addmul_22s_22s_14ns_32_4_1.v:47]
INFO: [Synth 8-6157] synthesizing module 'idct_am_addmul_22s_22s_14ns_32_4_1_DSP48_20' [c:/Users/hmcculla/ECE423/ECE-423-Labs/ece423_prefab/ece423_prefab/lab_prefab/lab_prefab.gen/sources_1/bd/lab_prefab/ipshared/5491/hdl/verilog/idct_am_addmul_22s_22s_14ns_32_4_1.v:8]
INFO: [Synth 8-6155] done synthesizing module 'idct_am_addmul_22s_22s_14ns_32_4_1_DSP48_20' (0#1) [c:/Users/hmcculla/ECE423/ECE-423-Labs/ece423_prefab/ece423_prefab/lab_prefab/lab_prefab.gen/sources_1/bd/lab_prefab/ipshared/5491/hdl/verilog/idct_am_addmul_22s_22s_14ns_32_4_1.v:8]
INFO: [Synth 8-6155] done synthesizing module 'idct_am_addmul_22s_22s_14ns_32_4_1' (0#1) [c:/Users/hmcculla/ECE423/ECE-423-Labs/ece423_prefab/ece423_prefab/lab_prefab/lab_prefab.gen/sources_1/bd/lab_prefab/ipshared/5491/hdl/verilog/idct_am_addmul_22s_22s_14ns_32_4_1.v:47]
INFO: [Synth 8-6157] synthesizing module 'idct_am_addmul_21s_21s_14s_32_4_1' [c:/Users/hmcculla/ECE423/ECE-423-Labs/ece423_prefab/ece423_prefab/lab_prefab/lab_prefab.gen/sources_1/bd/lab_prefab/ipshared/5491/hdl/verilog/idct_am_addmul_21s_21s_14s_32_4_1.v:47]
INFO: [Synth 8-6157] synthesizing module 'idct_am_addmul_21s_21s_14s_32_4_1_DSP48_21' [c:/Users/hmcculla/ECE423/ECE-423-Labs/ece423_prefab/ece423_prefab/lab_prefab/lab_prefab.gen/sources_1/bd/lab_prefab/ipshared/5491/hdl/verilog/idct_am_addmul_21s_21s_14s_32_4_1.v:8]
INFO: [Synth 8-6155] done synthesizing module 'idct_am_addmul_21s_21s_14s_32_4_1_DSP48_21' (0#1) [c:/Users/hmcculla/ECE423/ECE-423-Labs/ece423_prefab/ece423_prefab/lab_prefab/lab_prefab.gen/sources_1/bd/lab_prefab/ipshared/5491/hdl/verilog/idct_am_addmul_21s_21s_14s_32_4_1.v:8]
INFO: [Synth 8-6155] done synthesizing module 'idct_am_addmul_21s_21s_14s_32_4_1' (0#1) [c:/Users/hmcculla/ECE423/ECE-423-Labs/ece423_prefab/ece423_prefab/lab_prefab/lab_prefab.gen/sources_1/bd/lab_prefab/ipshared/5491/hdl/verilog/idct_am_addmul_21s_21s_14s_32_4_1.v:47]
INFO: [Synth 8-6157] synthesizing module 'idct_mac_muladd_16s_12ns_30s_30_4_1' [c:/Users/hmcculla/ECE423/ECE-423-Labs/ece423_prefab/ece423_prefab/lab_prefab/lab_prefab.gen/sources_1/bd/lab_prefab/ipshared/5491/hdl/verilog/idct_mac_muladd_16s_12ns_30s_30_4_1.v:47]
INFO: [Synth 8-6157] synthesizing module 'idct_mac_muladd_16s_12ns_30s_30_4_1_DSP48_22' [c:/Users/hmcculla/ECE423/ECE-423-Labs/ece423_prefab/ece423_prefab/lab_prefab/lab_prefab.gen/sources_1/bd/lab_prefab/ipshared/5491/hdl/verilog/idct_mac_muladd_16s_12ns_30s_30_4_1.v:8]
INFO: [Synth 8-6155] done synthesizing module 'idct_mac_muladd_16s_12ns_30s_30_4_1_DSP48_22' (0#1) [c:/Users/hmcculla/ECE423/ECE-423-Labs/ece423_prefab/ece423_prefab/lab_prefab/lab_prefab.gen/sources_1/bd/lab_prefab/ipshared/5491/hdl/verilog/idct_mac_muladd_16s_12ns_30s_30_4_1.v:8]
INFO: [Synth 8-6155] done synthesizing module 'idct_mac_muladd_16s_12ns_30s_30_4_1' (0#1) [c:/Users/hmcculla/ECE423/ECE-423-Labs/ece423_prefab/ece423_prefab/lab_prefab/lab_prefab.gen/sources_1/bd/lab_prefab/ipshared/5491/hdl/verilog/idct_mac_muladd_16s_12ns_30s_30_4_1.v:47]
INFO: [Synth 8-6157] synthesizing module 'idct_mac_muladd_16s_15ns_30ns_30_4_1' [c:/Users/hmcculla/ECE423/ECE-423-Labs/ece423_prefab/ece423_prefab/lab_prefab/lab_prefab.gen/sources_1/bd/lab_prefab/ipshared/5491/hdl/verilog/idct_mac_muladd_16s_15ns_30ns_30_4_1.v:47]
INFO: [Synth 8-6157] synthesizing module 'idct_mac_muladd_16s_15ns_30ns_30_4_1_DSP48_23' [c:/Users/hmcculla/ECE423/ECE-423-Labs/ece423_prefab/ece423_prefab/lab_prefab/lab_prefab.gen/sources_1/bd/lab_prefab/ipshared/5491/hdl/verilog/idct_mac_muladd_16s_15ns_30ns_30_4_1.v:8]
INFO: [Synth 8-6155] done synthesizing module 'idct_mac_muladd_16s_15ns_30ns_30_4_1_DSP48_23' (0#1) [c:/Users/hmcculla/ECE423/ECE-423-Labs/ece423_prefab/ece423_prefab/lab_prefab/lab_prefab.gen/sources_1/bd/lab_prefab/ipshared/5491/hdl/verilog/idct_mac_muladd_16s_15ns_30ns_30_4_1.v:8]
INFO: [Synth 8-6155] done synthesizing module 'idct_mac_muladd_16s_15ns_30ns_30_4_1' (0#1) [c:/Users/hmcculla/ECE423/ECE-423-Labs/ece423_prefab/ece423_prefab/lab_prefab/lab_prefab.gen/sources_1/bd/lab_prefab/ipshared/5491/hdl/verilog/idct_mac_muladd_16s_15ns_30ns_30_4_1.v:47]
INFO: [Synth 8-6157] synthesizing module 'idct_mac_muladd_16s_15ns_30s_30_4_1' [c:/Users/hmcculla/ECE423/ECE-423-Labs/ece423_prefab/ece423_prefab/lab_prefab/lab_prefab.gen/sources_1/bd/lab_prefab/ipshared/5491/hdl/verilog/idct_mac_muladd_16s_15ns_30s_30_4_1.v:47]
INFO: [Synth 8-6157] synthesizing module 'idct_mac_muladd_16s_15ns_30s_30_4_1_DSP48_24' [c:/Users/hmcculla/ECE423/ECE-423-Labs/ece423_prefab/ece423_prefab/lab_prefab/lab_prefab.gen/sources_1/bd/lab_prefab/ipshared/5491/hdl/verilog/idct_mac_muladd_16s_15ns_30s_30_4_1.v:8]
INFO: [Synth 8-6155] done synthesizing module 'idct_mac_muladd_16s_15ns_30s_30_4_1_DSP48_24' (0#1) [c:/Users/hmcculla/ECE423/ECE-423-Labs/ece423_prefab/ece423_prefab/lab_prefab/lab_prefab.gen/sources_1/bd/lab_prefab/ipshared/5491/hdl/verilog/idct_mac_muladd_16s_15ns_30s_30_4_1.v:8]
INFO: [Synth 8-6155] done synthesizing module 'idct_mac_muladd_16s_15ns_30s_30_4_1' (0#1) [c:/Users/hmcculla/ECE423/ECE-423-Labs/ece423_prefab/ece423_prefab/lab_prefab/lab_prefab.gen/sources_1/bd/lab_prefab/ipshared/5491/hdl/verilog/idct_mac_muladd_16s_15ns_30s_30_4_1.v:47]
INFO: [Synth 8-6157] synthesizing module 'idct_mac_muladd_16s_14ns_30ns_30_4_1' [c:/Users/hmcculla/ECE423/ECE-423-Labs/ece423_prefab/ece423_prefab/lab_prefab/lab_prefab.gen/sources_1/bd/lab_prefab/ipshared/5491/hdl/verilog/idct_mac_muladd_16s_14ns_30ns_30_4_1.v:47]
INFO: [Synth 8-6157] synthesizing module 'idct_mac_muladd_16s_14ns_30ns_30_4_1_DSP48_25' [c:/Users/hmcculla/ECE423/ECE-423-Labs/ece423_prefab/ece423_prefab/lab_prefab/lab_prefab.gen/sources_1/bd/lab_prefab/ipshared/5491/hdl/verilog/idct_mac_muladd_16s_14ns_30ns_30_4_1.v:8]
INFO: [Synth 8-6155] done synthesizing module 'idct_mac_muladd_16s_14ns_30ns_30_4_1_DSP48_25' (0#1) [c:/Users/hmcculla/ECE423/ECE-423-Labs/ece423_prefab/ece423_prefab/lab_prefab/lab_prefab.gen/sources_1/bd/lab_prefab/ipshared/5491/hdl/verilog/idct_mac_muladd_16s_14ns_30ns_30_4_1.v:8]
INFO: [Synth 8-6155] done synthesizing module 'idct_mac_muladd_16s_14ns_30ns_30_4_1' (0#1) [c:/Users/hmcculla/ECE423/ECE-423-Labs/ece423_prefab/ece423_prefab/lab_prefab/lab_prefab.gen/sources_1/bd/lab_prefab/ipshared/5491/hdl/verilog/idct_mac_muladd_16s_14ns_30ns_30_4_1.v:47]
INFO: [Synth 8-6157] synthesizing module 'idct_am_addmul_21s_21s_13ns_32_4_1' [c:/Users/hmcculla/ECE423/ECE-423-Labs/ece423_prefab/ece423_prefab/lab_prefab/lab_prefab.gen/sources_1/bd/lab_prefab/ipshared/5491/hdl/verilog/idct_am_addmul_21s_21s_13ns_32_4_1.v:47]
INFO: [Synth 8-6157] synthesizing module 'idct_am_addmul_21s_21s_13ns_32_4_1_DSP48_26' [c:/Users/hmcculla/ECE423/ECE-423-Labs/ece423_prefab/ece423_prefab/lab_prefab/lab_prefab.gen/sources_1/bd/lab_prefab/ipshared/5491/hdl/verilog/idct_am_addmul_21s_21s_13ns_32_4_1.v:8]
INFO: [Synth 8-6155] done synthesizing module 'idct_am_addmul_21s_21s_13ns_32_4_1_DSP48_26' (0#1) [c:/Users/hmcculla/ECE423/ECE-423-Labs/ece423_prefab/ece423_prefab/lab_prefab/lab_prefab.gen/sources_1/bd/lab_prefab/ipshared/5491/hdl/verilog/idct_am_addmul_21s_21s_13ns_32_4_1.v:8]
INFO: [Synth 8-6155] done synthesizing module 'idct_am_addmul_21s_21s_13ns_32_4_1' (0#1) [c:/Users/hmcculla/ECE423/ECE-423-Labs/ece423_prefab/ece423_prefab/lab_prefab/lab_prefab.gen/sources_1/bd/lab_prefab/ipshared/5491/hdl/verilog/idct_am_addmul_21s_21s_13ns_32_4_1.v:47]
INFO: [Synth 8-6157] synthesizing module 'idct_mac_muladd_22s_15s_32s_32_4_1' [c:/Users/hmcculla/ECE423/ECE-423-Labs/ece423_prefab/ece423_prefab/lab_prefab/lab_prefab.gen/sources_1/bd/lab_prefab/ipshared/5491/hdl/verilog/idct_mac_muladd_22s_15s_32s_32_4_1.v:47]
INFO: [Synth 8-6157] synthesizing module 'idct_mac_muladd_22s_15s_32s_32_4_1_DSP48_27' [c:/Users/hmcculla/ECE423/ECE-423-Labs/ece423_prefab/ece423_prefab/lab_prefab/lab_prefab.gen/sources_1/bd/lab_prefab/ipshared/5491/hdl/verilog/idct_mac_muladd_22s_15s_32s_32_4_1.v:8]
INFO: [Synth 8-6155] done synthesizing module 'idct_mac_muladd_22s_15s_32s_32_4_1_DSP48_27' (0#1) [c:/Users/hmcculla/ECE423/ECE-423-Labs/ece423_prefab/ece423_prefab/lab_prefab/lab_prefab.gen/sources_1/bd/lab_prefab/ipshared/5491/hdl/verilog/idct_mac_muladd_22s_15s_32s_32_4_1.v:8]
INFO: [Synth 8-6155] done synthesizing module 'idct_mac_muladd_22s_15s_32s_32_4_1' (0#1) [c:/Users/hmcculla/ECE423/ECE-423-Labs/ece423_prefab/ece423_prefab/lab_prefab/lab_prefab.gen/sources_1/bd/lab_prefab/ipshared/5491/hdl/verilog/idct_mac_muladd_22s_15s_32s_32_4_1.v:47]
INFO: [Synth 8-6157] synthesizing module 'idct_mac_muladd_22s_13s_32s_32_4_1' [c:/Users/hmcculla/ECE423/ECE-423-Labs/ece423_prefab/ece423_prefab/lab_prefab/lab_prefab.gen/sources_1/bd/lab_prefab/ipshared/5491/hdl/verilog/idct_mac_muladd_22s_13s_32s_32_4_1.v:47]
INFO: [Synth 8-6157] synthesizing module 'idct_mac_muladd_22s_13s_32s_32_4_1_DSP48_28' [c:/Users/hmcculla/ECE423/ECE-423-Labs/ece423_prefab/ece423_prefab/lab_prefab/lab_prefab.gen/sources_1/bd/lab_prefab/ipshared/5491/hdl/verilog/idct_mac_muladd_22s_13s_32s_32_4_1.v:8]
INFO: [Synth 8-6155] done synthesizing module 'idct_mac_muladd_22s_13s_32s_32_4_1_DSP48_28' (0#1) [c:/Users/hmcculla/ECE423/ECE-423-Labs/ece423_prefab/ece423_prefab/lab_prefab/lab_prefab.gen/sources_1/bd/lab_prefab/ipshared/5491/hdl/verilog/idct_mac_muladd_22s_13s_32s_32_4_1.v:8]
INFO: [Synth 8-6155] done synthesizing module 'idct_mac_muladd_22s_13s_32s_32_4_1' (0#1) [c:/Users/hmcculla/ECE423/ECE-423-Labs/ece423_prefab/ece423_prefab/lab_prefab/lab_prefab.gen/sources_1/bd/lab_prefab/ipshared/5491/hdl/verilog/idct_mac_muladd_22s_13s_32s_32_4_1.v:47]
INFO: [Synth 8-6157] synthesizing module 'idct_mac_muladd_21s_15s_32s_32_4_1' [c:/Users/hmcculla/ECE423/ECE-423-Labs/ece423_prefab/ece423_prefab/lab_prefab/lab_prefab.gen/sources_1/bd/lab_prefab/ipshared/5491/hdl/verilog/idct_mac_muladd_21s_15s_32s_32_4_1.v:47]
INFO: [Synth 8-6157] synthesizing module 'idct_mac_muladd_21s_15s_32s_32_4_1_DSP48_29' [c:/Users/hmcculla/ECE423/ECE-423-Labs/ece423_prefab/ece423_prefab/lab_prefab/lab_prefab.gen/sources_1/bd/lab_prefab/ipshared/5491/hdl/verilog/idct_mac_muladd_21s_15s_32s_32_4_1.v:8]
INFO: [Synth 8-6155] done synthesizing module 'idct_mac_muladd_21s_15s_32s_32_4_1_DSP48_29' (0#1) [c:/Users/hmcculla/ECE423/ECE-423-Labs/ece423_prefab/ece423_prefab/lab_prefab/lab_prefab.gen/sources_1/bd/lab_prefab/ipshared/5491/hdl/verilog/idct_mac_muladd_21s_15s_32s_32_4_1.v:8]
INFO: [Synth 8-6155] done synthesizing module 'idct_mac_muladd_21s_15s_32s_32_4_1' (0#1) [c:/Users/hmcculla/ECE423/ECE-423-Labs/ece423_prefab/ece423_prefab/lab_prefab/lab_prefab.gen/sources_1/bd/lab_prefab/ipshared/5491/hdl/verilog/idct_mac_muladd_21s_15s_32s_32_4_1.v:47]
INFO: [Synth 8-6157] synthesizing module 'idct_mac_muladd_21s_13ns_32s_32_4_1' [c:/Users/hmcculla/ECE423/ECE-423-Labs/ece423_prefab/ece423_prefab/lab_prefab/lab_prefab.gen/sources_1/bd/lab_prefab/ipshared/5491/hdl/verilog/idct_mac_muladd_21s_13ns_32s_32_4_1.v:47]
INFO: [Synth 8-6157] synthesizing module 'idct_mac_muladd_21s_13ns_32s_32_4_1_DSP48_30' [c:/Users/hmcculla/ECE423/ECE-423-Labs/ece423_prefab/ece423_prefab/lab_prefab/lab_prefab.gen/sources_1/bd/lab_prefab/ipshared/5491/hdl/verilog/idct_mac_muladd_21s_13ns_32s_32_4_1.v:8]
INFO: [Synth 8-6155] done synthesizing module 'idct_mac_muladd_21s_13ns_32s_32_4_1_DSP48_30' (0#1) [c:/Users/hmcculla/ECE423/ECE-423-Labs/ece423_prefab/ece423_prefab/lab_prefab/lab_prefab.gen/sources_1/bd/lab_prefab/ipshared/5491/hdl/verilog/idct_mac_muladd_21s_13ns_32s_32_4_1.v:8]
INFO: [Synth 8-6155] done synthesizing module 'idct_mac_muladd_21s_13ns_32s_32_4_1' (0#1) [c:/Users/hmcculla/ECE423/ECE-423-Labs/ece423_prefab/ece423_prefab/lab_prefab/lab_prefab.gen/sources_1/bd/lab_prefab/ipshared/5491/hdl/verilog/idct_mac_muladd_21s_13ns_32s_32_4_1.v:47]
INFO: [Synth 8-6157] synthesizing module 'idct_mac_muladd_21s_12ns_32ns_32_4_1' [c:/Users/hmcculla/ECE423/ECE-423-Labs/ece423_prefab/ece423_prefab/lab_prefab/lab_prefab.gen/sources_1/bd/lab_prefab/ipshared/5491/hdl/verilog/idct_mac_muladd_21s_12ns_32ns_32_4_1.v:47]
INFO: [Synth 8-6157] synthesizing module 'idct_mac_muladd_21s_12ns_32ns_32_4_1_DSP48_31' [c:/Users/hmcculla/ECE423/ECE-423-Labs/ece423_prefab/ece423_prefab/lab_prefab/lab_prefab.gen/sources_1/bd/lab_prefab/ipshared/5491/hdl/verilog/idct_mac_muladd_21s_12ns_32ns_32_4_1.v:8]
INFO: [Synth 8-6155] done synthesizing module 'idct_mac_muladd_21s_12ns_32ns_32_4_1_DSP48_31' (0#1) [c:/Users/hmcculla/ECE423/ECE-423-Labs/ece423_prefab/ece423_prefab/lab_prefab/lab_prefab.gen/sources_1/bd/lab_prefab/ipshared/5491/hdl/verilog/idct_mac_muladd_21s_12ns_32ns_32_4_1.v:8]
INFO: [Synth 8-6155] done synthesizing module 'idct_mac_muladd_21s_12ns_32ns_32_4_1' (0#1) [c:/Users/hmcculla/ECE423/ECE-423-Labs/ece423_prefab/ece423_prefab/lab_prefab/lab_prefab.gen/sources_1/bd/lab_prefab/ipshared/5491/hdl/verilog/idct_mac_muladd_21s_12ns_32ns_32_4_1.v:47]
INFO: [Synth 8-6157] synthesizing module 'idct_mac_muladd_21s_15ns_32ns_32_4_1' [c:/Users/hmcculla/ECE423/ECE-423-Labs/ece423_prefab/ece423_prefab/lab_prefab/lab_prefab.gen/sources_1/bd/lab_prefab/ipshared/5491/hdl/verilog/idct_mac_muladd_21s_15ns_32ns_32_4_1.v:47]
INFO: [Synth 8-6157] synthesizing module 'idct_mac_muladd_21s_15ns_32ns_32_4_1_DSP48_32' [c:/Users/hmcculla/ECE423/ECE-423-Labs/ece423_prefab/ece423_prefab/lab_prefab/lab_prefab.gen/sources_1/bd/lab_prefab/ipshared/5491/hdl/verilog/idct_mac_muladd_21s_15ns_32ns_32_4_1.v:8]
INFO: [Synth 8-6155] done synthesizing module 'idct_mac_muladd_21s_15ns_32ns_32_4_1_DSP48_32' (0#1) [c:/Users/hmcculla/ECE423/ECE-423-Labs/ece423_prefab/ece423_prefab/lab_prefab/lab_prefab.gen/sources_1/bd/lab_prefab/ipshared/5491/hdl/verilog/idct_mac_muladd_21s_15ns_32ns_32_4_1.v:8]
INFO: [Synth 8-6155] done synthesizing module 'idct_mac_muladd_21s_15ns_32ns_32_4_1' (0#1) [c:/Users/hmcculla/ECE423/ECE-423-Labs/ece423_prefab/ece423_prefab/lab_prefab/lab_prefab.gen/sources_1/bd/lab_prefab/ipshared/5491/hdl/verilog/idct_mac_muladd_21s_15ns_32ns_32_4_1.v:47]
INFO: [Synth 8-6157] synthesizing module 'idct_mac_muladd_21s_14ns_32ns_32_4_1' [c:/Users/hmcculla/ECE423/ECE-423-Labs/ece423_prefab/ece423_prefab/lab_prefab/lab_prefab.gen/sources_1/bd/lab_prefab/ipshared/5491/hdl/verilog/idct_mac_muladd_21s_14ns_32ns_32_4_1.v:47]
INFO: [Synth 8-6157] synthesizing module 'idct_mac_muladd_21s_14ns_32ns_32_4_1_DSP48_33' [c:/Users/hmcculla/ECE423/ECE-423-Labs/ece423_prefab/ece423_prefab/lab_prefab/lab_prefab.gen/sources_1/bd/lab_prefab/ipshared/5491/hdl/verilog/idct_mac_muladd_21s_14ns_32ns_32_4_1.v:8]
INFO: [Synth 8-6155] done synthesizing module 'idct_mac_muladd_21s_14ns_32ns_32_4_1_DSP48_33' (0#1) [c:/Users/hmcculla/ECE423/ECE-423-Labs/ece423_prefab/ece423_prefab/lab_prefab/lab_prefab.gen/sources_1/bd/lab_prefab/ipshared/5491/hdl/verilog/idct_mac_muladd_21s_14ns_32ns_32_4_1.v:8]
INFO: [Synth 8-6155] done synthesizing module 'idct_mac_muladd_21s_14ns_32ns_32_4_1' (0#1) [c:/Users/hmcculla/ECE423/ECE-423-Labs/ece423_prefab/ece423_prefab/lab_prefab/lab_prefab.gen/sources_1/bd/lab_prefab/ipshared/5491/hdl/verilog/idct_mac_muladd_21s_14ns_32ns_32_4_1.v:47]
INFO: [Synth 8-6157] synthesizing module 'idct_regslice_both' [c:/Users/hmcculla/ECE423/ECE-423-Labs/ece423_prefab/ece423_prefab/lab_prefab/lab_prefab.gen/sources_1/bd/lab_prefab/ipshared/5491/hdl/verilog/idct_regslice_both.v:9]
INFO: [Synth 8-6155] done synthesizing module 'idct_regslice_both' (0#1) [c:/Users/hmcculla/ECE423/ECE-423-Labs/ece423_prefab/ece423_prefab/lab_prefab/lab_prefab.gen/sources_1/bd/lab_prefab/ipshared/5491/hdl/verilog/idct_regslice_both.v:9]
INFO: [Synth 8-6155] done synthesizing module 'idct_Block_entry687_proc1' (0#1) [c:/Users/hmcculla/ECE423/ECE-423-Labs/ece423_prefab/ece423_prefab/lab_prefab/lab_prefab.gen/sources_1/bd/lab_prefab/ipshared/5491/hdl/verilog/idct_Block_entry687_proc1.v:10]
INFO: [Synth 8-6155] done synthesizing module 'idct' (0#1) [c:/Users/hmcculla/ECE423/ECE-423-Labs/ece423_prefab/ece423_prefab/lab_prefab/lab_prefab.gen/sources_1/bd/lab_prefab/ipshared/5491/hdl/verilog/idct.v:10]
INFO: [Synth 8-6155] done synthesizing module 'lab_prefab_idct_0_2' (0#1) [c:/Users/hmcculla/ECE423/ECE-423-Labs/ece423_prefab/ece423_prefab/lab_prefab/lab_prefab.gen/sources_1/bd/lab_prefab/ip/lab_prefab_idct_0_2/synth/lab_prefab_idct_0_2.v:53]
WARNING: [Synth 8-7129] Port rst in module idct_mac_muladd_21s_14ns_32ns_32_4_1_DSP48_33 is either unconnected or has no load
WARNING: [Synth 8-7129] Port rst in module idct_mac_muladd_21s_15ns_32ns_32_4_1_DSP48_32 is either unconnected or has no load
WARNING: [Synth 8-7129] Port rst in module idct_mac_muladd_21s_12ns_32ns_32_4_1_DSP48_31 is either unconnected or has no load
WARNING: [Synth 8-7129] Port rst in module idct_mac_muladd_21s_13ns_32s_32_4_1_DSP48_30 is either unconnected or has no load
WARNING: [Synth 8-7129] Port rst in module idct_mac_muladd_21s_15s_32s_32_4_1_DSP48_29 is either unconnected or has no load
WARNING: [Synth 8-7129] Port rst in module idct_mac_muladd_22s_13s_32s_32_4_1_DSP48_28 is either unconnected or has no load
WARNING: [Synth 8-7129] Port rst in module idct_mac_muladd_22s_15s_32s_32_4_1_DSP48_27 is either unconnected or has no load
WARNING: [Synth 8-7129] Port rst in module idct_am_addmul_21s_21s_13ns_32_4_1_DSP48_26 is either unconnected or has no load
WARNING: [Synth 8-7129] Port rst in module idct_am_addmul_21s_21s_14s_32_4_1_DSP48_21 is either unconnected or has no load
WARNING: [Synth 8-7129] Port rst in module idct_am_addmul_22s_22s_14ns_32_4_1_DSP48_20 is either unconnected or has no load
WARNING: [Synth 8-7129] Port rst in module idct_am_addmul_21s_21s_16s_32_4_1_DSP48_19 is either unconnected or has no load
WARNING: [Synth 8-7129] Port rst in module idct_mac_muladd_16s_14ns_30ns_30_4_1_DSP48_25 is either unconnected or has no load
WARNING: [Synth 8-7129] Port rst in module idct_mac_muladd_16s_15ns_30s_30_4_1_DSP48_24 is either unconnected or has no load
WARNING: [Synth 8-7129] Port rst in module idct_mac_muladd_16s_15ns_30ns_30_4_1_DSP48_23 is either unconnected or has no load
WARNING: [Synth 8-7129] Port rst in module idct_mac_muladd_16s_12ns_30s_30_4_1_DSP48_22 is either unconnected or has no load
WARNING: [Synth 8-7129] Port rst in module idct_mac_muladd_17s_13s_30s_30_4_1_DSP48_18 is either unconnected or has no load
WARNING: [Synth 8-7129] Port rst in module idct_mac_muladd_17s_15s_30s_30_4_1_DSP48_17 is either unconnected or has no load
WARNING: [Synth 8-7129] Port rst in module idct_mac_muladd_16s_13ns_30s_30_4_1_DSP48_16 is either unconnected or has no load
WARNING: [Synth 8-7129] Port rst in module idct_mac_muladd_16s_15s_30s_30_4_1_DSP48_15 is either unconnected or has no load
WARNING: [Synth 8-7129] Port rst in module idct_am_addmul_16s_16s_14s_30_4_1_DSP48_14 is either unconnected or has no load
WARNING: [Synth 8-7129] Port rst in module idct_am_addmul_17s_17s_14ns_30_4_1_DSP48_13 is either unconnected or has no load
WARNING: [Synth 8-7129] Port rst in module idct_am_addmul_16s_16s_13ns_30_4_1_DSP48_12 is either unconnected or has no load
WARNING: [Synth 8-7129] Port rst in module idct_am_addmul_16s_16s_16s_30_4_1_DSP48_11 is either unconnected or has no load
WARNING: [Synth 8-7129] Port rst in module idct_mac_muladd_16s_15ns_32s_32_4_1_DSP48_10 is either unconnected or has no load
WARNING: [Synth 8-7129] Port rst in module idct_mac_muladd_17s_13s_32s_32_4_1_DSP48_9 is either unconnected or has no load
WARNING: [Synth 8-7129] Port rst in module idct_mac_muladd_17s_15s_32s_32_4_1_DSP48_8 is either unconnected or has no load
WARNING: [Synth 8-7129] Port rst in module idct_mac_muladd_16s_14ns_31s_31_4_1_DSP48_7 is either unconnected or has no load
WARNING: [Synth 8-7129] Port rst in module idct_mac_muladd_16s_12ns_31s_31_4_1_DSP48_6 is either unconnected or has no load
WARNING: [Synth 8-7129] Port rst in module idct_mac_muladd_16s_13ns_30ns_30_4_1_DSP48_5 is either unconnected or has no load
WARNING: [Synth 8-7129] Port rst in module idct_mac_muladd_16s_15s_31s_31_4_1_DSP48_4 is either unconnected or has no load
WARNING: [Synth 8-7129] Port rst in module idct_am_addmul_16s_16s_14s_31_4_1_DSP48_3 is either unconnected or has no load
WARNING: [Synth 8-7129] Port rst in module idct_am_addmul_17s_17s_14ns_32_4_1_DSP48_2 is either unconnected or has no load
WARNING: [Synth 8-7129] Port rst in module idct_am_addmul_16s_16s_16s_32_4_1_DSP48_1 is either unconnected or has no load
WARNING: [Synth 8-7129] Port rst in module idct_am_addmul_16s_16s_13ns_31_4_1_DSP48_0 is either unconnected or has no load
---------------------------------------------------------------------------------
Finished RTL Elaboration : Time (s): cpu = 00:00:09 ; elapsed = 00:00:10 . Memory (MB): peak = 1309.191 ; gain = 30.340
---------------------------------------------------------------------------------
---------------------------------------------------------------------------------
Start Handling Custom Attributes
---------------------------------------------------------------------------------
---------------------------------------------------------------------------------
Finished Handling Custom Attributes : Time (s): cpu = 00:00:10 ; elapsed = 00:00:10 . Memory (MB): peak = 1309.191 ; gain = 30.340
---------------------------------------------------------------------------------
---------------------------------------------------------------------------------
Finished RTL Optimization Phase 1 : Time (s): cpu = 00:00:10 ; elapsed = 00:00:10 . Memory (MB): peak = 1309.191 ; gain = 30.340
---------------------------------------------------------------------------------
Netlist sorting complete. Time (s): cpu = 00:00:01 ; elapsed = 00:00:00.721 . Memory (MB): peak = 1309.191 ; gain = 0.000
INFO: [Project 1-570] Preparing netlist for logic optimization

Processing XDC Constraints
Initializing timing engine
Parsing XDC File [c:/Users/hmcculla/ECE423/ECE-423-Labs/ece423_prefab/ece423_prefab/lab_prefab/lab_prefab.gen/sources_1/bd/lab_prefab/ip/lab_prefab_idct_0_2/constraints/idct_ooc.xdc] for cell 'inst'
Finished Parsing XDC File [c:/Users/hmcculla/ECE423/ECE-423-Labs/ece423_prefab/ece423_prefab/lab_prefab/lab_prefab.gen/sources_1/bd/lab_prefab/ip/lab_prefab_idct_0_2/constraints/idct_ooc.xdc] for cell 'inst'
Parsing XDC File [C:/Users/hmcculla/ECE423/ECE-423-Labs/ece423_prefab/ece423_prefab/lab_prefab/lab_prefab.runs/lab_prefab_idct_0_2_synth_1/dont_touch.xdc]
Finished Parsing XDC File [C:/Users/hmcculla/ECE423/ECE-423-Labs/ece423_prefab/ece423_prefab/lab_prefab/lab_prefab.runs/lab_prefab_idct_0_2_synth_1/dont_touch.xdc]
Completed Processing XDC Constraints

Netlist sorting complete. Time (s): cpu = 00:00:00 ; elapsed = 00:00:00.010 . Memory (MB): peak = 1417.520 ; gain = 0.000
INFO: [Project 1-111] Unisim Transformation Summary:
No Unisim elements were transformed.

Constraint Validation Runtime : Time (s): cpu = 00:00:00 ; elapsed = 00:00:00.604 . Memory (MB): peak = 1434.785 ; gain = 17.266
INFO: [Designutils 20-5008] Incremental synthesis strategy off
---------------------------------------------------------------------------------
Finished Constraint Validation : Time (s): cpu = 00:00:25 ; elapsed = 00:00:25 . Memory (MB): peak = 1434.785 ; gain = 155.934
---------------------------------------------------------------------------------
---------------------------------------------------------------------------------
Start Loading Part and Timing Information
---------------------------------------------------------------------------------
Loading part: xc7z020clg400-1
---------------------------------------------------------------------------------
Finished Loading Part and Timing Information : Time (s): cpu = 00:00:25 ; elapsed = 00:00:25 . Memory (MB): peak = 1434.785 ; gain = 155.934
---------------------------------------------------------------------------------
---------------------------------------------------------------------------------
Start Applying 'set_property' XDC Constraints
---------------------------------------------------------------------------------
Applied set_property KEEP_HIERARCHY = SOFT for inst. (constraint file  C:/Users/hmcculla/ECE423/ECE-423-Labs/ece423_prefab/ece423_prefab/lab_prefab/lab_prefab.runs/lab_prefab_idct_0_2_synth_1/dont_touch.xdc, line 9).
---------------------------------------------------------------------------------
Finished applying 'set_property' XDC Constraints : Time (s): cpu = 00:00:25 ; elapsed = 00:00:25 . Memory (MB): peak = 1434.785 ; gain = 155.934
---------------------------------------------------------------------------------
INFO: [Synth 8-4490] FSM extraction disabled for register 'ap_CS_fsm_reg' through user attribute
---------------------------------------------------------------------------------
Finished RTL Optimization Phase 2 : Time (s): cpu = 00:00:27 ; elapsed = 00:00:28 . Memory (MB): peak = 1434.785 ; gain = 155.934
---------------------------------------------------------------------------------
---------------------------------------------------------------------------------
Start RTL Component Statistics 
---------------------------------------------------------------------------------
Detailed RTL Component Info : 
+---Adders : 
	   2 Input   32 Bit       Adders := 94    
	   3 Input   32 Bit       Adders := 88    
	   4 Input   32 Bit       Adders := 18    
	   2 Input   31 Bit       Adders := 12    
	   3 Input   31 Bit       Adders := 6     
	   2 Input   30 Bit       Adders := 14    
	   4 Input   30 Bit       Adders := 12    
	   3 Input   30 Bit       Adders := 4     
	   2 Input   22 Bit       Adders := 16    
	   2 Input   19 Bit       Adders := 8     
	   3 Input   19 Bit       Adders := 8     
	   2 Input   17 Bit       Adders := 24    
	   3 Input   17 Bit       Adders := 8     
+---XORs : 
	   2 Input      1 Bit         XORs := 64    
+---Registers : 
	               59 Bit    Registers := 1     
	               32 Bit    Registers := 90    
	               31 Bit    Registers := 6     
	               30 Bit    Registers := 14    
	               22 Bit    Registers := 16    
	               21 Bit    Registers := 48    
	               19 Bit    Registers := 16    
	               18 Bit    Registers := 128   
	               17 Bit    Registers := 32    
	               16 Bit    Registers := 63    
	                8 Bit    Registers := 60    
	                2 Bit    Registers := 2     
	                1 Bit    Registers := 5     
+---Muxes : 
	   2 Input   59 Bit        Muxes := 2     
	   2 Input   58 Bit        Muxes := 1     
	   2 Input   57 Bit        Muxes := 1     
	   2 Input   56 Bit        Muxes := 1     
	   2 Input   55 Bit        Muxes := 1     
	   2 Input   54 Bit        Muxes := 1     
	   2 Input   53 Bit        Muxes := 1     
	   2 Input   52 Bit        Muxes := 1     
	   2 Input   51 Bit        Muxes := 1     
	   2 Input   50 Bit        Muxes := 1     
	   2 Input   49 Bit        Muxes := 1     
	   2 Input   48 Bit        Muxes := 1     
	   2 Input   47 Bit        Muxes := 1     
	   2 Input   46 Bit        Muxes := 1     
	   2 Input   45 Bit        Muxes := 1     
	   2 Input   44 Bit        Muxes := 1     
	   2 Input   33 Bit        Muxes := 1     
	   2 Input   32 Bit        Muxes := 3     
	   2 Input   31 Bit        Muxes := 1     
	   2 Input   30 Bit        Muxes := 1     
	   2 Input   29 Bit        Muxes := 1     
	   2 Input   28 Bit        Muxes := 1     
	   2 Input   27 Bit        Muxes := 1     
	   2 Input   26 Bit        Muxes := 1     
	   2 Input   25 Bit        Muxes := 1     
	   2 Input   24 Bit        Muxes := 1     
	   2 Input   23 Bit        Muxes := 1     
	   2 Input   22 Bit        Muxes := 1     
	   2 Input   21 Bit        Muxes := 1     
	   2 Input   20 Bit        Muxes := 1     
	   2 Input   19 Bit        Muxes := 1     
	   2 Input   18 Bit        Muxes := 1     
	   2 Input   17 Bit        Muxes := 1     
	   2 Input   16 Bit        Muxes := 1     
	   2 Input   15 Bit        Muxes := 1     
	   2 Input   14 Bit        Muxes := 1     
	   2 Input   13 Bit        Muxes := 1     
	   2 Input   12 Bit        Muxes := 1     
	   2 Input   11 Bit        Muxes := 1     
	   2 Input   10 Bit        Muxes := 1     
	   2 Input    9 Bit        Muxes := 1     
	   2 Input    8 Bit        Muxes := 65    
	   2 Input    7 Bit        Muxes := 1     
	   2 Input    6 Bit        Muxes := 1     
	   2 Input    5 Bit        Muxes := 1     
	   2 Input    4 Bit        Muxes := 1     
	   2 Input    3 Bit        Muxes := 1     
	   2 Input    2 Bit        Muxes := 3     
	   4 Input    2 Bit        Muxes := 2     
	   2 Input    1 Bit        Muxes := 4     
---------------------------------------------------------------------------------
Finished RTL Component Statistics 
---------------------------------------------------------------------------------
---------------------------------------------------------------------------------
Start Part Resource Summary
---------------------------------------------------------------------------------
Part Resources:
DSPs: 220 (col length:60)
BRAMs: 280 (col length: RAMB18 60 RAMB36 30)
---------------------------------------------------------------------------------
Finished Part Resource Summary
---------------------------------------------------------------------------------
---------------------------------------------------------------------------------
Start Cross Boundary and Area Optimization
---------------------------------------------------------------------------------
WARNING: [Synth 8-7080] Parallel synthesis criteria is not met
WARNING: [Synth 8-3936] Found unconnected internal register 'am_addmul_21s_21s_14s_32_4_1_U122/idct_am_addmul_21s_21s_14s_32_4_1_DSP48_21_U/p_reg_reg' and it is trimmed from '43' to '32' bits. [c:/Users/hmcculla/ECE423/ECE-423-Labs/ece423_prefab/ece423_prefab/lab_prefab/lab_prefab.gen/sources_1/bd/lab_prefab/ipshared/5491/hdl/verilog/idct_am_addmul_21s_21s_14s_32_4_1.v:39]
WARNING: [Synth 8-3936] Found unconnected internal register 'am_addmul_21s_21s_14s_32_4_1_U122/idct_am_addmul_21s_21s_14s_32_4_1_DSP48_21_U/m_reg_reg' and it is trimmed from '43' to '32' bits. [c:/Users/hmcculla/ECE423/ECE-423-Labs/ece423_prefab/ece423_prefab/lab_prefab/lab_prefab.gen/sources_1/bd/lab_prefab/ipshared/5491/hdl/verilog/idct_am_addmul_21s_21s_14s_32_4_1.v:36]
WARNING: [Synth 8-3936] Found unconnected internal register 'mac_muladd_21s_12ns_32ns_32_4_1_U177/idct_mac_muladd_21s_12ns_32ns_32_4_1_DSP48_31_U/p_reg_reg' and it is trimmed from '44' to '32' bits. [c:/Users/hmcculla/ECE423/ECE-423-Labs/ece423_prefab/ece423_prefab/lab_prefab/lab_prefab.gen/sources_1/bd/lab_prefab/ipshared/5491/hdl/verilog/idct_mac_muladd_21s_12ns_32ns_32_4_1.v:39]
WARNING: [Synth 8-3936] Found unconnected internal register 'mac_muladd_21s_12ns_32ns_32_4_1_U177/idct_mac_muladd_21s_12ns_32ns_32_4_1_DSP48_31_U/m_reg_reg' and it is trimmed from '43' to '32' bits. [c:/Users/hmcculla/ECE423/ECE-423-Labs/ece423_prefab/ece423_prefab/lab_prefab/lab_prefab.gen/sources_1/bd/lab_prefab/ipshared/5491/hdl/verilog/idct_mac_muladd_21s_12ns_32ns_32_4_1.v:32]
WARNING: [Synth 8-3936] Found unconnected internal register 'mac_muladd_21s_14ns_32ns_32_4_1_U180/idct_mac_muladd_21s_14ns_32ns_32_4_1_DSP48_33_U/p_reg_reg' and it is trimmed from '44' to '32' bits. [c:/Users/hmcculla/ECE423/ECE-423-Labs/ece423_prefab/ece423_prefab/lab_prefab/lab_prefab.gen/sources_1/bd/lab_prefab/ipshared/5491/hdl/verilog/idct_mac_muladd_21s_14ns_32ns_32_4_1.v:39]
WARNING: [Synth 8-3936] Found unconnected internal register 'mac_muladd_21s_15ns_32ns_32_4_1_U178/idct_mac_muladd_21s_15ns_32ns_32_4_1_DSP48_32_U/p_reg_reg' and it is trimmed from '44' to '32' bits. [c:/Users/hmcculla/ECE423/ECE-423-Labs/ece423_prefab/ece423_prefab/lab_prefab/lab_prefab.gen/sources_1/bd/lab_prefab/ipshared/5491/hdl/verilog/idct_mac_muladd_21s_15ns_32ns_32_4_1.v:39]
WARNING: [Synth 8-3936] Found unconnected internal register 'mac_muladd_22s_13s_32s_32_4_1_U146/idct_mac_muladd_22s_13s_32s_32_4_1_DSP48_28_U/p_reg_reg' and it is trimmed from '44' to '32' bits. [c:/Users/hmcculla/ECE423/ECE-423-Labs/ece423_prefab/ece423_prefab/lab_prefab/lab_prefab.gen/sources_1/bd/lab_prefab/ipshared/5491/hdl/verilog/idct_mac_muladd_22s_13s_32s_32_4_1.v:39]
WARNING: [Synth 8-3936] Found unconnected internal register 'mac_muladd_21s_15ns_32ns_32_4_1_U179/idct_mac_muladd_21s_15ns_32ns_32_4_1_DSP48_32_U/p_reg_reg' and it is trimmed from '44' to '32' bits. [c:/Users/hmcculla/ECE423/ECE-423-Labs/ece423_prefab/ece423_prefab/lab_prefab/lab_prefab.gen/sources_1/bd/lab_prefab/ipshared/5491/hdl/verilog/idct_mac_muladd_21s_15ns_32ns_32_4_1.v:39]
WARNING: [Synth 8-3936] Found unconnected internal register 'mac_muladd_22s_15s_32s_32_4_1_U145/idct_mac_muladd_22s_15s_32s_32_4_1_DSP48_27_U/p_reg_reg' and it is trimmed from '44' to '32' bits. [c:/Users/hmcculla/ECE423/ECE-423-Labs/ece423_prefab/ece423_prefab/lab_prefab/lab_prefab.gen/sources_1/bd/lab_prefab/ipshared/5491/hdl/verilog/idct_mac_muladd_22s_15s_32s_32_4_1.v:39]
WARNING: [Synth 8-3936] Found unconnected internal register 'am_addmul_22s_22s_14ns_32_4_1_U121/idct_am_addmul_22s_22s_14ns_32_4_1_DSP48_20_U/p_reg_reg' and it is trimmed from '43' to '32' bits. [c:/Users/hmcculla/ECE423/ECE-423-Labs/ece423_prefab/ece423_prefab/lab_prefab/lab_prefab.gen/sources_1/bd/lab_prefab/ipshared/5491/hdl/verilog/idct_am_addmul_22s_22s_14ns_32_4_1.v:39]
WARNING: [Synth 8-3936] Found unconnected internal register 'am_addmul_22s_22s_14ns_32_4_1_U121/idct_am_addmul_22s_22s_14ns_32_4_1_DSP48_20_U/m_reg_reg' and it is trimmed from '43' to '32' bits. [c:/Users/hmcculla/ECE423/ECE-423-Labs/ece423_prefab/ece423_prefab/lab_prefab/lab_prefab.gen/sources_1/bd/lab_prefab/ipshared/5491/hdl/verilog/idct_am_addmul_22s_22s_14ns_32_4_1.v:36]
WARNING: [Synth 8-3936] Found unconnected internal register 'mac_muladd_22s_15s_32s_32_4_1_U145/idct_mac_muladd_22s_15s_32s_32_4_1_DSP48_27_U/m_reg_reg' and it is trimmed from '43' to '32' bits. [c:/Users/hmcculla/ECE423/ECE-423-Labs/ece423_prefab/ece423_prefab/lab_prefab/lab_prefab.gen/sources_1/bd/lab_prefab/ipshared/5491/hdl/verilog/idct_mac_muladd_22s_15s_32s_32_4_1.v:32]
WARNING: [Synth 8-3936] Found unconnected internal register 'am_addmul_21s_21s_14s_32_4_1_U124/idct_am_addmul_21s_21s_14s_32_4_1_DSP48_21_U/p_reg_reg' and it is trimmed from '43' to '32' bits. [c:/Users/hmcculla/ECE423/ECE-423-Labs/ece423_prefab/ece423_prefab/lab_prefab/lab_prefab.gen/sources_1/bd/lab_prefab/ipshared/5491/hdl/verilog/idct_am_addmul_21s_21s_14s_32_4_1.v:39]
WARNING: [Synth 8-3936] Found unconnected internal register 'am_addmul_21s_21s_14s_32_4_1_U124/idct_am_addmul_21s_21s_14s_32_4_1_DSP48_21_U/m_reg_reg' and it is trimmed from '43' to '32' bits. [c:/Users/hmcculla/ECE423/ECE-423-Labs/ece423_prefab/ece423_prefab/lab_prefab/lab_prefab.gen/sources_1/bd/lab_prefab/ipshared/5491/hdl/verilog/idct_am_addmul_21s_21s_14s_32_4_1.v:36]
WARNING: [Synth 8-3936] Found unconnected internal register 'mac_muladd_21s_12ns_32ns_32_4_1_U183/idct_mac_muladd_21s_12ns_32ns_32_4_1_DSP48_31_U/p_reg_reg' and it is trimmed from '44' to '32' bits. [c:/Users/hmcculla/ECE423/ECE-423-Labs/ece423_prefab/ece423_prefab/lab_prefab/lab_prefab.gen/sources_1/bd/lab_prefab/ipshared/5491/hdl/verilog/idct_mac_muladd_21s_12ns_32ns_32_4_1.v:39]
WARNING: [Synth 8-3936] Found unconnected internal register 'mac_muladd_21s_12ns_32ns_32_4_1_U183/idct_mac_muladd_21s_12ns_32ns_32_4_1_DSP48_31_U/m_reg_reg' and it is trimmed from '43' to '32' bits. [c:/Users/hmcculla/ECE423/ECE-423-Labs/ece423_prefab/ece423_prefab/lab_prefab/lab_prefab.gen/sources_1/bd/lab_prefab/ipshared/5491/hdl/verilog/idct_mac_muladd_21s_12ns_32ns_32_4_1.v:32]
WARNING: [Synth 8-3936] Found unconnected internal register 'mac_muladd_21s_14ns_32ns_32_4_1_U186/idct_mac_muladd_21s_14ns_32ns_32_4_1_DSP48_33_U/p_reg_reg' and it is trimmed from '44' to '32' bits. [c:/Users/hmcculla/ECE423/ECE-423-Labs/ece423_prefab/ece423_prefab/lab_prefab/lab_prefab.gen/sources_1/bd/lab_prefab/ipshared/5491/hdl/verilog/idct_mac_muladd_21s_14ns_32ns_32_4_1.v:39]
WARNING: [Synth 8-3936] Found unconnected internal register 'mac_muladd_21s_15ns_32ns_32_4_1_U184/idct_mac_muladd_21s_15ns_32ns_32_4_1_DSP48_32_U/p_reg_reg' and it is trimmed from '44' to '32' bits. [c:/Users/hmcculla/ECE423/ECE-423-Labs/ece423_prefab/ece423_prefab/lab_prefab/lab_prefab.gen/sources_1/bd/lab_prefab/ipshared/5491/hdl/verilog/idct_mac_muladd_21s_15ns_32ns_32_4_1.v:39]
WARNING: [Synth 8-3936] Found unconnected internal register 'mac_muladd_22s_13s_32s_32_4_1_U160/idct_mac_muladd_22s_13s_32s_32_4_1_DSP48_28_U/p_reg_reg' and it is trimmed from '44' to '32' bits. [c:/Users/hmcculla/ECE423/ECE-423-Labs/ece423_prefab/ece423_prefab/lab_prefab/lab_prefab.gen/sources_1/bd/lab_prefab/ipshared/5491/hdl/verilog/idct_mac_muladd_22s_13s_32s_32_4_1.v:39]
WARNING: [Synth 8-3936] Found unconnected internal register 'mac_muladd_21s_15ns_32ns_32_4_1_U185/idct_mac_muladd_21s_15ns_32ns_32_4_1_DSP48_32_U/p_reg_reg' and it is trimmed from '44' to '32' bits. [c:/Users/hmcculla/ECE423/ECE-423-Labs/ece423_prefab/ece423_prefab/lab_prefab/lab_prefab.gen/sources_1/bd/lab_prefab/ipshared/5491/hdl/verilog/idct_mac_muladd_21s_15ns_32ns_32_4_1.v:39]
WARNING: [Synth 8-3936] Found unconnected internal register 'mac_muladd_22s_15s_32s_32_4_1_U159/idct_mac_muladd_22s_15s_32s_32_4_1_DSP48_27_U/p_reg_reg' and it is trimmed from '44' to '32' bits. [c:/Users/hmcculla/ECE423/ECE-423-Labs/ece423_prefab/ece423_prefab/lab_prefab/lab_prefab.gen/sources_1/bd/lab_prefab/ipshared/5491/hdl/verilog/idct_mac_muladd_22s_15s_32s_32_4_1.v:39]
WARNING: [Synth 8-3936] Found unconnected internal register 'am_addmul_22s_22s_14ns_32_4_1_U123/idct_am_addmul_22s_22s_14ns_32_4_1_DSP48_20_U/p_reg_reg' and it is trimmed from '43' to '32' bits. [c:/Users/hmcculla/ECE423/ECE-423-Labs/ece423_prefab/ece423_prefab/lab_prefab/lab_prefab.gen/sources_1/bd/lab_prefab/ipshared/5491/hdl/verilog/idct_am_addmul_22s_22s_14ns_32_4_1.v:39]
WARNING: [Synth 8-3936] Found unconnected internal register 'am_addmul_22s_22s_14ns_32_4_1_U123/idct_am_addmul_22s_22s_14ns_32_4_1_DSP48_20_U/m_reg_reg' and it is trimmed from '43' to '32' bits. [c:/Users/hmcculla/ECE423/ECE-423-Labs/ece423_prefab/ece423_prefab/lab_prefab/lab_prefab.gen/sources_1/bd/lab_prefab/ipshared/5491/hdl/verilog/idct_am_addmul_22s_22s_14ns_32_4_1.v:36]
WARNING: [Synth 8-3936] Found unconnected internal register 'mac_muladd_22s_15s_32s_32_4_1_U159/idct_mac_muladd_22s_15s_32s_32_4_1_DSP48_27_U/m_reg_reg' and it is trimmed from '43' to '32' bits. [c:/Users/hmcculla/ECE423/ECE-423-Labs/ece423_prefab/ece423_prefab/lab_prefab/lab_prefab.gen/sources_1/bd/lab_prefab/ipshared/5491/hdl/verilog/idct_mac_muladd_22s_15s_32s_32_4_1.v:32]
WARNING: [Synth 8-3936] Found unconnected internal register 'am_addmul_21s_21s_14s_32_4_1_U118/idct_am_addmul_21s_21s_14s_32_4_1_DSP48_21_U/p_reg_reg' and it is trimmed from '43' to '32' bits. [c:/Users/hmcculla/ECE423/ECE-423-Labs/ece423_prefab/ece423_prefab/lab_prefab/lab_prefab.gen/sources_1/bd/lab_prefab/ipshared/5491/hdl/verilog/idct_am_addmul_21s_21s_14s_32_4_1.v:39]
WARNING: [Synth 8-3936] Found unconnected internal register 'am_addmul_21s_21s_14s_32_4_1_U118/idct_am_addmul_21s_21s_14s_32_4_1_DSP48_21_U/m_reg_reg' and it is trimmed from '43' to '32' bits. [c:/Users/hmcculla/ECE423/ECE-423-Labs/ece423_prefab/ece423_prefab/lab_prefab/lab_prefab.gen/sources_1/bd/lab_prefab/ipshared/5491/hdl/verilog/idct_am_addmul_21s_21s_14s_32_4_1.v:36]
WARNING: [Synth 8-3936] Found unconnected internal register 'mac_muladd_21s_12ns_32ns_32_4_1_U171/idct_mac_muladd_21s_12ns_32ns_32_4_1_DSP48_31_U/p_reg_reg' and it is trimmed from '44' to '32' bits. [c:/Users/hmcculla/ECE423/ECE-423-Labs/ece423_prefab/ece423_prefab/lab_prefab/lab_prefab.gen/sources_1/bd/lab_prefab/ipshared/5491/hdl/verilog/idct_mac_muladd_21s_12ns_32ns_32_4_1.v:39]
WARNING: [Synth 8-3936] Found unconnected internal register 'mac_muladd_21s_12ns_32ns_32_4_1_U171/idct_mac_muladd_21s_12ns_32ns_32_4_1_DSP48_31_U/m_reg_reg' and it is trimmed from '43' to '32' bits. [c:/Users/hmcculla/ECE423/ECE-423-Labs/ece423_prefab/ece423_prefab/lab_prefab/lab_prefab.gen/sources_1/bd/lab_prefab/ipshared/5491/hdl/verilog/idct_mac_muladd_21s_12ns_32ns_32_4_1.v:32]
WARNING: [Synth 8-3936] Found unconnected internal register 'mac_muladd_21s_14ns_32ns_32_4_1_U174/idct_mac_muladd_21s_14ns_32ns_32_4_1_DSP48_33_U/p_reg_reg' and it is trimmed from '44' to '32' bits. [c:/Users/hmcculla/ECE423/ECE-423-Labs/ece423_prefab/ece423_prefab/lab_prefab/lab_prefab.gen/sources_1/bd/lab_prefab/ipshared/5491/hdl/verilog/idct_mac_muladd_21s_14ns_32ns_32_4_1.v:39]
WARNING: [Synth 8-3936] Found unconnected internal register 'mac_muladd_21s_15ns_32ns_32_4_1_U172/idct_mac_muladd_21s_15ns_32ns_32_4_1_DSP48_32_U/p_reg_reg' and it is trimmed from '44' to '32' bits. [c:/Users/hmcculla/ECE423/ECE-423-Labs/ece423_prefab/ece423_prefab/lab_prefab/lab_prefab.gen/sources_1/bd/lab_prefab/ipshared/5491/hdl/verilog/idct_mac_muladd_21s_15ns_32ns_32_4_1.v:39]
WARNING: [Synth 8-3936] Found unconnected internal register 'mac_muladd_22s_13s_32s_32_4_1_U144/idct_mac_muladd_22s_13s_32s_32_4_1_DSP48_28_U/p_reg_reg' and it is trimmed from '44' to '32' bits. [c:/Users/hmcculla/ECE423/ECE-423-Labs/ece423_prefab/ece423_prefab/lab_prefab/lab_prefab.gen/sources_1/bd/lab_prefab/ipshared/5491/hdl/verilog/idct_mac_muladd_22s_13s_32s_32_4_1.v:39]
WARNING: [Synth 8-3936] Found unconnected internal register 'mac_muladd_21s_15ns_32ns_32_4_1_U173/idct_mac_muladd_21s_15ns_32ns_32_4_1_DSP48_32_U/p_reg_reg' and it is trimmed from '44' to '32' bits. [c:/Users/hmcculla/ECE423/ECE-423-Labs/ece423_prefab/ece423_prefab/lab_prefab/lab_prefab.gen/sources_1/bd/lab_prefab/ipshared/5491/hdl/verilog/idct_mac_muladd_21s_15ns_32ns_32_4_1.v:39]
WARNING: [Synth 8-3936] Found unconnected internal register 'mac_muladd_22s_15s_32s_32_4_1_U143/idct_mac_muladd_22s_15s_32s_32_4_1_DSP48_27_U/p_reg_reg' and it is trimmed from '44' to '32' bits. [c:/Users/hmcculla/ECE423/ECE-423-Labs/ece423_prefab/ece423_prefab/lab_prefab/lab_prefab.gen/sources_1/bd/lab_prefab/ipshared/5491/hdl/verilog/idct_mac_muladd_22s_15s_32s_32_4_1.v:39]
WARNING: [Synth 8-3936] Found unconnected internal register 'am_addmul_22s_22s_14ns_32_4_1_U117/idct_am_addmul_22s_22s_14ns_32_4_1_DSP48_20_U/p_reg_reg' and it is trimmed from '43' to '32' bits. [c:/Users/hmcculla/ECE423/ECE-423-Labs/ece423_prefab/ece423_prefab/lab_prefab/lab_prefab.gen/sources_1/bd/lab_prefab/ipshared/5491/hdl/verilog/idct_am_addmul_22s_22s_14ns_32_4_1.v:39]
WARNING: [Synth 8-3936] Found unconnected internal register 'am_addmul_22s_22s_14ns_32_4_1_U117/idct_am_addmul_22s_22s_14ns_32_4_1_DSP48_20_U/m_reg_reg' and it is trimmed from '43' to '32' bits. [c:/Users/hmcculla/ECE423/ECE-423-Labs/ece423_prefab/ece423_prefab/lab_prefab/lab_prefab.gen/sources_1/bd/lab_prefab/ipshared/5491/hdl/verilog/idct_am_addmul_22s_22s_14ns_32_4_1.v:36]
WARNING: [Synth 8-3936] Found unconnected internal register 'mac_muladd_22s_15s_32s_32_4_1_U143/idct_mac_muladd_22s_15s_32s_32_4_1_DSP48_27_U/m_reg_reg' and it is trimmed from '43' to '32' bits. [c:/Users/hmcculla/ECE423/ECE-423-Labs/ece423_prefab/ece423_prefab/lab_prefab/lab_prefab.gen/sources_1/bd/lab_prefab/ipshared/5491/hdl/verilog/idct_mac_muladd_22s_15s_32s_32_4_1.v:32]
WARNING: [Synth 8-3936] Found unconnected internal register 'am_addmul_21s_21s_14s_32_4_1_U120/idct_am_addmul_21s_21s_14s_32_4_1_DSP48_21_U/p_reg_reg' and it is trimmed from '43' to '32' bits. [c:/Users/hmcculla/ECE423/ECE-423-Labs/ece423_prefab/ece423_prefab/lab_prefab/lab_prefab.gen/sources_1/bd/lab_prefab/ipshared/5491/hdl/verilog/idct_am_addmul_21s_21s_14s_32_4_1.v:39]
WARNING: [Synth 8-3936] Found unconnected internal register 'am_addmul_21s_21s_14s_32_4_1_U120/idct_am_addmul_21s_21s_14s_32_4_1_DSP48_21_U/m_reg_reg' and it is trimmed from '43' to '32' bits. [c:/Users/hmcculla/ECE423/ECE-423-Labs/ece423_prefab/ece423_prefab/lab_prefab/lab_prefab.gen/sources_1/bd/lab_prefab/ipshared/5491/hdl/verilog/idct_am_addmul_21s_21s_14s_32_4_1.v:36]
WARNING: [Synth 8-3936] Found unconnected internal register 'mac_muladd_21s_12ns_32ns_32_4_1_U189/idct_mac_muladd_21s_12ns_32ns_32_4_1_DSP48_31_U/p_reg_reg' and it is trimmed from '44' to '32' bits. [c:/Users/hmcculla/ECE423/ECE-423-Labs/ece423_prefab/ece423_prefab/lab_prefab/lab_prefab.gen/sources_1/bd/lab_prefab/ipshared/5491/hdl/verilog/idct_mac_muladd_21s_12ns_32ns_32_4_1.v:39]
WARNING: [Synth 8-3936] Found unconnected internal register 'mac_muladd_21s_12ns_32ns_32_4_1_U189/idct_mac_muladd_21s_12ns_32ns_32_4_1_DSP48_31_U/m_reg_reg' and it is trimmed from '43' to '32' bits. [c:/Users/hmcculla/ECE423/ECE-423-Labs/ece423_prefab/ece423_prefab/lab_prefab/lab_prefab.gen/sources_1/bd/lab_prefab/ipshared/5491/hdl/verilog/idct_mac_muladd_21s_12ns_32ns_32_4_1.v:32]
WARNING: [Synth 8-3936] Found unconnected internal register 'mac_muladd_21s_14ns_32ns_32_4_1_U192/idct_mac_muladd_21s_14ns_32ns_32_4_1_DSP48_33_U/p_reg_reg' and it is trimmed from '44' to '32' bits. [c:/Users/hmcculla/ECE423/ECE-423-Labs/ece423_prefab/ece423_prefab/lab_prefab/lab_prefab.gen/sources_1/bd/lab_prefab/ipshared/5491/hdl/verilog/idct_mac_muladd_21s_14ns_32ns_32_4_1.v:39]
WARNING: [Synth 8-3936] Found unconnected internal register 'mac_muladd_21s_15ns_32ns_32_4_1_U190/idct_mac_muladd_21s_15ns_32ns_32_4_1_DSP48_32_U/p_reg_reg' and it is trimmed from '44' to '32' bits. [c:/Users/hmcculla/ECE423/ECE-423-Labs/ece423_prefab/ece423_prefab/lab_prefab/lab_prefab.gen/sources_1/bd/lab_prefab/ipshared/5491/hdl/verilog/idct_mac_muladd_21s_15ns_32ns_32_4_1.v:39]
WARNING: [Synth 8-3936] Found unconnected internal register 'mac_muladd_22s_13s_32s_32_4_1_U162/idct_mac_muladd_22s_13s_32s_32_4_1_DSP48_28_U/p_reg_reg' and it is trimmed from '44' to '32' bits. [c:/Users/hmcculla/ECE423/ECE-423-Labs/ece423_prefab/ece423_prefab/lab_prefab/lab_prefab.gen/sources_1/bd/lab_prefab/ipshared/5491/hdl/verilog/idct_mac_muladd_22s_13s_32s_32_4_1.v:39]
WARNING: [Synth 8-3936] Found unconnected internal register 'mac_muladd_21s_15ns_32ns_32_4_1_U191/idct_mac_muladd_21s_15ns_32ns_32_4_1_DSP48_32_U/p_reg_reg' and it is trimmed from '44' to '32' bits. [c:/Users/hmcculla/ECE423/ECE-423-Labs/ece423_prefab/ece423_prefab/lab_prefab/lab_prefab.gen/sources_1/bd/lab_prefab/ipshared/5491/hdl/verilog/idct_mac_muladd_21s_15ns_32ns_32_4_1.v:39]
WARNING: [Synth 8-3936] Found unconnected internal register 'mac_muladd_22s_15s_32s_32_4_1_U161/idct_mac_muladd_22s_15s_32s_32_4_1_DSP48_27_U/p_reg_reg' and it is trimmed from '44' to '32' bits. [c:/Users/hmcculla/ECE423/ECE-423-Labs/ece423_prefab/ece423_prefab/lab_prefab/lab_prefab.gen/sources_1/bd/lab_prefab/ipshared/5491/hdl/verilog/idct_mac_muladd_22s_15s_32s_32_4_1.v:39]
WARNING: [Synth 8-3936] Found unconnected internal register 'am_addmul_22s_22s_14ns_32_4_1_U119/idct_am_addmul_22s_22s_14ns_32_4_1_DSP48_20_U/p_reg_reg' and it is trimmed from '43' to '32' bits. [c:/Users/hmcculla/ECE423/ECE-423-Labs/ece423_prefab/ece423_prefab/lab_prefab/lab_prefab.gen/sources_1/bd/lab_prefab/ipshared/5491/hdl/verilog/idct_am_addmul_22s_22s_14ns_32_4_1.v:39]
WARNING: [Synth 8-3936] Found unconnected internal register 'am_addmul_22s_22s_14ns_32_4_1_U119/idct_am_addmul_22s_22s_14ns_32_4_1_DSP48_20_U/m_reg_reg' and it is trimmed from '43' to '32' bits. [c:/Users/hmcculla/ECE423/ECE-423-Labs/ece423_prefab/ece423_prefab/lab_prefab/lab_prefab.gen/sources_1/bd/lab_prefab/ipshared/5491/hdl/verilog/idct_am_addmul_22s_22s_14ns_32_4_1.v:36]
WARNING: [Synth 8-3936] Found unconnected internal register 'mac_muladd_22s_15s_32s_32_4_1_U161/idct_mac_muladd_22s_15s_32s_32_4_1_DSP48_27_U/m_reg_reg' and it is trimmed from '43' to '32' bits. [c:/Users/hmcculla/ECE423/ECE-423-Labs/ece423_prefab/ece423_prefab/lab_prefab/lab_prefab.gen/sources_1/bd/lab_prefab/ipshared/5491/hdl/verilog/idct_mac_muladd_22s_15s_32s_32_4_1.v:32]
WARNING: [Synth 8-3936] Found unconnected internal register 'mac_muladd_16s_15s_31s_31_4_1_U25/idct_mac_muladd_16s_15s_31s_31_4_1_DSP48_4_U/p_reg_reg' and it is trimmed from '44' to '31' bits. [c:/Users/hmcculla/ECE423/ECE-423-Labs/ece423_prefab/ece423_prefab/lab_prefab/lab_prefab.gen/sources_1/bd/lab_prefab/ipshared/5491/hdl/verilog/idct_mac_muladd_16s_15s_31s_31_4_1.v:39]
WARNING: [Synth 8-3936] Found unconnected internal register 'am_addmul_21s_21s_14s_32_4_1_U98/idct_am_addmul_21s_21s_14s_32_4_1_DSP48_21_U/p_reg_reg' and it is trimmed from '43' to '32' bits. [c:/Users/hmcculla/ECE423/ECE-423-Labs/ece423_prefab/ece423_prefab/lab_prefab/lab_prefab.gen/sources_1/bd/lab_prefab/ipshared/5491/hdl/verilog/idct_am_addmul_21s_21s_14s_32_4_1.v:39]
WARNING: [Synth 8-3936] Found unconnected internal register 'am_addmul_21s_21s_14s_32_4_1_U98/idct_am_addmul_21s_21s_14s_32_4_1_DSP48_21_U/m_reg_reg' and it is trimmed from '43' to '32' bits. [c:/Users/hmcculla/ECE423/ECE-423-Labs/ece423_prefab/ece423_prefab/lab_prefab/lab_prefab.gen/sources_1/bd/lab_prefab/ipshared/5491/hdl/verilog/idct_am_addmul_21s_21s_14s_32_4_1.v:36]
WARNING: [Synth 8-3936] Found unconnected internal register 'mac_muladd_21s_12ns_32ns_32_4_1_U149/idct_mac_muladd_21s_12ns_32ns_32_4_1_DSP48_31_U/p_reg_reg' and it is trimmed from '44' to '32' bits. [c:/Users/hmcculla/ECE423/ECE-423-Labs/ece423_prefab/ece423_prefab/lab_prefab/lab_prefab.gen/sources_1/bd/lab_prefab/ipshared/5491/hdl/verilog/idct_mac_muladd_21s_12ns_32ns_32_4_1.v:39]
WARNING: [Synth 8-3936] Found unconnected internal register 'mac_muladd_21s_12ns_32ns_32_4_1_U149/idct_mac_muladd_21s_12ns_32ns_32_4_1_DSP48_31_U/m_reg_reg' and it is trimmed from '43' to '32' bits. [c:/Users/hmcculla/ECE423/ECE-423-Labs/ece423_prefab/ece423_prefab/lab_prefab/lab_prefab.gen/sources_1/bd/lab_prefab/ipshared/5491/hdl/verilog/idct_mac_muladd_21s_12ns_32ns_32_4_1.v:32]
WARNING: [Synth 8-3936] Found unconnected internal register 'mac_muladd_21s_14ns_32ns_32_4_1_U152/idct_mac_muladd_21s_14ns_32ns_32_4_1_DSP48_33_U/p_reg_reg' and it is trimmed from '44' to '32' bits. [c:/Users/hmcculla/ECE423/ECE-423-Labs/ece423_prefab/ece423_prefab/lab_prefab/lab_prefab.gen/sources_1/bd/lab_prefab/ipshared/5491/hdl/verilog/idct_mac_muladd_21s_14ns_32ns_32_4_1.v:39]
WARNING: [Synth 8-3936] Found unconnected internal register 'mac_muladd_21s_15ns_32ns_32_4_1_U150/idct_mac_muladd_21s_15ns_32ns_32_4_1_DSP48_32_U/p_reg_reg' and it is trimmed from '44' to '32' bits. [c:/Users/hmcculla/ECE423/ECE-423-Labs/ece423_prefab/ece423_prefab/lab_prefab/lab_prefab.gen/sources_1/bd/lab_prefab/ipshared/5491/hdl/verilog/idct_mac_muladd_21s_15ns_32ns_32_4_1.v:39]
WARNING: [Synth 8-3936] Found unconnected internal register 'mac_muladd_22s_13s_32s_32_4_1_U128/idct_mac_muladd_22s_13s_32s_32_4_1_DSP48_28_U/p_reg_reg' and it is trimmed from '44' to '32' bits. [c:/Users/hmcculla/ECE423/ECE-423-Labs/ece423_prefab/ece423_prefab/lab_prefab/lab_prefab.gen/sources_1/bd/lab_prefab/ipshared/5491/hdl/verilog/idct_mac_muladd_22s_13s_32s_32_4_1.v:39]
WARNING: [Synth 8-3936] Found unconnected internal register 'mac_muladd_21s_15ns_32ns_32_4_1_U151/idct_mac_muladd_21s_15ns_32ns_32_4_1_DSP48_32_U/p_reg_reg' and it is trimmed from '44' to '32' bits. [c:/Users/hmcculla/ECE423/ECE-423-Labs/ece423_prefab/ece423_prefab/lab_prefab/lab_prefab.gen/sources_1/bd/lab_prefab/ipshared/5491/hdl/verilog/idct_mac_muladd_21s_15ns_32ns_32_4_1.v:39]
WARNING: [Synth 8-3936] Found unconnected internal register 'mac_muladd_22s_15s_32s_32_4_1_U127/idct_mac_muladd_22s_15s_32s_32_4_1_DSP48_27_U/p_reg_reg' and it is trimmed from '44' to '32' bits. [c:/Users/hmcculla/ECE423/ECE-423-Labs/ece423_prefab/ece423_prefab/lab_prefab/lab_prefab.gen/sources_1/bd/lab_prefab/ipshared/5491/hdl/verilog/idct_mac_muladd_22s_15s_32s_32_4_1.v:39]
WARNING: [Synth 8-3936] Found unconnected internal register 'am_addmul_22s_22s_14ns_32_4_1_U97/idct_am_addmul_22s_22s_14ns_32_4_1_DSP48_20_U/p_reg_reg' and it is trimmed from '43' to '32' bits. [c:/Users/hmcculla/ECE423/ECE-423-Labs/ece423_prefab/ece423_prefab/lab_prefab/lab_prefab.gen/sources_1/bd/lab_prefab/ipshared/5491/hdl/verilog/idct_am_addmul_22s_22s_14ns_32_4_1.v:39]
WARNING: [Synth 8-3936] Found unconnected internal register 'am_addmul_22s_22s_14ns_32_4_1_U97/idct_am_addmul_22s_22s_14ns_32_4_1_DSP48_20_U/m_reg_reg' and it is trimmed from '43' to '32' bits. [c:/Users/hmcculla/ECE423/ECE-423-Labs/ece423_prefab/ece423_prefab/lab_prefab/lab_prefab.gen/sources_1/bd/lab_prefab/ipshared/5491/hdl/verilog/idct_am_addmul_22s_22s_14ns_32_4_1.v:36]
WARNING: [Synth 8-3936] Found unconnected internal register 'mac_muladd_22s_15s_32s_32_4_1_U127/idct_mac_muladd_22s_15s_32s_32_4_1_DSP48_27_U/m_reg_reg' and it is trimmed from '43' to '32' bits. [c:/Users/hmcculla/ECE423/ECE-423-Labs/ece423_prefab/ece423_prefab/lab_prefab/lab_prefab.gen/sources_1/bd/lab_prefab/ipshared/5491/hdl/verilog/idct_mac_muladd_22s_15s_32s_32_4_1.v:32]
WARNING: [Synth 8-3936] Found unconnected internal register 'am_addmul_21s_21s_14s_32_4_1_U100/idct_am_addmul_21s_21s_14s_32_4_1_DSP48_21_U/p_reg_reg' and it is trimmed from '43' to '32' bits. [c:/Users/hmcculla/ECE423/ECE-423-Labs/ece423_prefab/ece423_prefab/lab_prefab/lab_prefab.gen/sources_1/bd/lab_prefab/ipshared/5491/hdl/verilog/idct_am_addmul_21s_21s_14s_32_4_1.v:39]
WARNING: [Synth 8-3936] Found unconnected internal register 'am_addmul_21s_21s_14s_32_4_1_U100/idct_am_addmul_21s_21s_14s_32_4_1_DSP48_21_U/m_reg_reg' and it is trimmed from '43' to '32' bits. [c:/Users/hmcculla/ECE423/ECE-423-Labs/ece423_prefab/ece423_prefab/lab_prefab/lab_prefab.gen/sources_1/bd/lab_prefab/ipshared/5491/hdl/verilog/idct_am_addmul_21s_21s_14s_32_4_1.v:36]
WARNING: [Synth 8-3936] Found unconnected internal register 'mac_muladd_21s_12ns_32ns_32_4_1_U155/idct_mac_muladd_21s_12ns_32ns_32_4_1_DSP48_31_U/p_reg_reg' and it is trimmed from '44' to '32' bits. [c:/Users/hmcculla/ECE423/ECE-423-Labs/ece423_prefab/ece423_prefab/lab_prefab/lab_prefab.gen/sources_1/bd/lab_prefab/ipshared/5491/hdl/verilog/idct_mac_muladd_21s_12ns_32ns_32_4_1.v:39]
WARNING: [Synth 8-3936] Found unconnected internal register 'mac_muladd_21s_12ns_32ns_32_4_1_U155/idct_mac_muladd_21s_12ns_32ns_32_4_1_DSP48_31_U/m_reg_reg' and it is trimmed from '43' to '32' bits. [c:/Users/hmcculla/ECE423/ECE-423-Labs/ece423_prefab/ece423_prefab/lab_prefab/lab_prefab.gen/sources_1/bd/lab_prefab/ipshared/5491/hdl/verilog/idct_mac_muladd_21s_12ns_32ns_32_4_1.v:32]
WARNING: [Synth 8-3936] Found unconnected internal register 'mac_muladd_21s_14ns_32ns_32_4_1_U158/idct_mac_muladd_21s_14ns_32ns_32_4_1_DSP48_33_U/p_reg_reg' and it is trimmed from '44' to '32' bits. [c:/Users/hmcculla/ECE423/ECE-423-Labs/ece423_prefab/ece423_prefab/lab_prefab/lab_prefab.gen/sources_1/bd/lab_prefab/ipshared/5491/hdl/verilog/idct_mac_muladd_21s_14ns_32ns_32_4_1.v:39]
WARNING: [Synth 8-3936] Found unconnected internal register 'mac_muladd_21s_15ns_32ns_32_4_1_U156/idct_mac_muladd_21s_15ns_32ns_32_4_1_DSP48_32_U/p_reg_reg' and it is trimmed from '44' to '32' bits. [c:/Users/hmcculla/ECE423/ECE-423-Labs/ece423_prefab/ece423_prefab/lab_prefab/lab_prefab.gen/sources_1/bd/lab_prefab/ipshared/5491/hdl/verilog/idct_mac_muladd_21s_15ns_32ns_32_4_1.v:39]
WARNING: [Synth 8-3936] Found unconnected internal register 'mac_muladd_22s_13s_32s_32_4_1_U130/idct_mac_muladd_22s_13s_32s_32_4_1_DSP48_28_U/p_reg_reg' and it is trimmed from '44' to '32' bits. [c:/Users/hmcculla/ECE423/ECE-423-Labs/ece423_prefab/ece423_prefab/lab_prefab/lab_prefab.gen/sources_1/bd/lab_prefab/ipshared/5491/hdl/verilog/idct_mac_muladd_22s_13s_32s_32_4_1.v:39]
WARNING: [Synth 8-3936] Found unconnected internal register 'mac_muladd_21s_15ns_32ns_32_4_1_U157/idct_mac_muladd_21s_15ns_32ns_32_4_1_DSP48_32_U/p_reg_reg' and it is trimmed from '44' to '32' bits. [c:/Users/hmcculla/ECE423/ECE-423-Labs/ece423_prefab/ece423_prefab/lab_prefab/lab_prefab.gen/sources_1/bd/lab_prefab/ipshared/5491/hdl/verilog/idct_mac_muladd_21s_15ns_32ns_32_4_1.v:39]
WARNING: [Synth 8-3936] Found unconnected internal register 'mac_muladd_22s_15s_32s_32_4_1_U129/idct_mac_muladd_22s_15s_32s_32_4_1_DSP48_27_U/p_reg_reg' and it is trimmed from '44' to '32' bits. [c:/Users/hmcculla/ECE423/ECE-423-Labs/ece423_prefab/ece423_prefab/lab_prefab/lab_prefab.gen/sources_1/bd/lab_prefab/ipshared/5491/hdl/verilog/idct_mac_muladd_22s_15s_32s_32_4_1.v:39]
WARNING: [Synth 8-3936] Found unconnected internal register 'am_addmul_22s_22s_14ns_32_4_1_U99/idct_am_addmul_22s_22s_14ns_32_4_1_DSP48_20_U/p_reg_reg' and it is trimmed from '43' to '32' bits. [c:/Users/hmcculla/ECE423/ECE-423-Labs/ece423_prefab/ece423_prefab/lab_prefab/lab_prefab.gen/sources_1/bd/lab_prefab/ipshared/5491/hdl/verilog/idct_am_addmul_22s_22s_14ns_32_4_1.v:39]
WARNING: [Synth 8-3936] Found unconnected internal register 'am_addmul_22s_22s_14ns_32_4_1_U99/idct_am_addmul_22s_22s_14ns_32_4_1_DSP48_20_U/m_reg_reg' and it is trimmed from '43' to '32' bits. [c:/Users/hmcculla/ECE423/ECE-423-Labs/ece423_prefab/ece423_prefab/lab_prefab/lab_prefab.gen/sources_1/bd/lab_prefab/ipshared/5491/hdl/verilog/idct_am_addmul_22s_22s_14ns_32_4_1.v:36]
WARNING: [Synth 8-3936] Found unconnected internal register 'mac_muladd_22s_15s_32s_32_4_1_U129/idct_mac_muladd_22s_15s_32s_32_4_1_DSP48_27_U/m_reg_reg' and it is trimmed from '43' to '32' bits. [c:/Users/hmcculla/ECE423/ECE-423-Labs/ece423_prefab/ece423_prefab/lab_prefab/lab_prefab.gen/sources_1/bd/lab_prefab/ipshared/5491/hdl/verilog/idct_mac_muladd_22s_15s_32s_32_4_1.v:32]
WARNING: [Synth 8-3936] Found unconnected internal register 'am_addmul_21s_21s_14s_32_4_1_U94/idct_am_addmul_21s_21s_14s_32_4_1_DSP48_21_U/p_reg_reg' and it is trimmed from '43' to '32' bits. [c:/Users/hmcculla/ECE423/ECE-423-Labs/ece423_prefab/ece423_prefab/lab_prefab/lab_prefab.gen/sources_1/bd/lab_prefab/ipshared/5491/hdl/verilog/idct_am_addmul_21s_21s_14s_32_4_1.v:39]
WARNING: [Synth 8-3936] Found unconnected internal register 'am_addmul_21s_21s_14s_32_4_1_U94/idct_am_addmul_21s_21s_14s_32_4_1_DSP48_21_U/m_reg_reg' and it is trimmed from '43' to '32' bits. [c:/Users/hmcculla/ECE423/ECE-423-Labs/ece423_prefab/ece423_prefab/lab_prefab/lab_prefab.gen/sources_1/bd/lab_prefab/ipshared/5491/hdl/verilog/idct_am_addmul_21s_21s_14s_32_4_1.v:36]
WARNING: [Synth 8-3936] Found unconnected internal register 'mac_muladd_21s_12ns_32ns_32_4_1_U139/idct_mac_muladd_21s_12ns_32ns_32_4_1_DSP48_31_U/p_reg_reg' and it is trimmed from '44' to '32' bits. [c:/Users/hmcculla/ECE423/ECE-423-Labs/ece423_prefab/ece423_prefab/lab_prefab/lab_prefab.gen/sources_1/bd/lab_prefab/ipshared/5491/hdl/verilog/idct_mac_muladd_21s_12ns_32ns_32_4_1.v:39]
WARNING: [Synth 8-3936] Found unconnected internal register 'mac_muladd_21s_12ns_32ns_32_4_1_U139/idct_mac_muladd_21s_12ns_32ns_32_4_1_DSP48_31_U/m_reg_reg' and it is trimmed from '43' to '32' bits. [c:/Users/hmcculla/ECE423/ECE-423-Labs/ece423_prefab/ece423_prefab/lab_prefab/lab_prefab.gen/sources_1/bd/lab_prefab/ipshared/5491/hdl/verilog/idct_mac_muladd_21s_12ns_32ns_32_4_1.v:32]
WARNING: [Synth 8-3936] Found unconnected internal register 'mac_muladd_21s_14ns_32ns_32_4_1_U142/idct_mac_muladd_21s_14ns_32ns_32_4_1_DSP48_33_U/p_reg_reg' and it is trimmed from '44' to '32' bits. [c:/Users/hmcculla/ECE423/ECE-423-Labs/ece423_prefab/ece423_prefab/lab_prefab/lab_prefab.gen/sources_1/bd/lab_prefab/ipshared/5491/hdl/verilog/idct_mac_muladd_21s_14ns_32ns_32_4_1.v:39]
WARNING: [Synth 8-3936] Found unconnected internal register 'mac_muladd_21s_15ns_32ns_32_4_1_U140/idct_mac_muladd_21s_15ns_32ns_32_4_1_DSP48_32_U/p_reg_reg' and it is trimmed from '44' to '32' bits. [c:/Users/hmcculla/ECE423/ECE-423-Labs/ece423_prefab/ece423_prefab/lab_prefab/lab_prefab.gen/sources_1/bd/lab_prefab/ipshared/5491/hdl/verilog/idct_mac_muladd_21s_15ns_32ns_32_4_1.v:39]
WARNING: [Synth 8-3936] Found unconnected internal register 'mac_muladd_22s_13s_32s_32_4_1_U126/idct_mac_muladd_22s_13s_32s_32_4_1_DSP48_28_U/p_reg_reg' and it is trimmed from '44' to '32' bits. [c:/Users/hmcculla/ECE423/ECE-423-Labs/ece423_prefab/ece423_prefab/lab_prefab/lab_prefab.gen/sources_1/bd/lab_prefab/ipshared/5491/hdl/verilog/idct_mac_muladd_22s_13s_32s_32_4_1.v:39]
WARNING: [Synth 8-3936] Found unconnected internal register 'mac_muladd_21s_15ns_32ns_32_4_1_U141/idct_mac_muladd_21s_15ns_32ns_32_4_1_DSP48_32_U/p_reg_reg' and it is trimmed from '44' to '32' bits. [c:/Users/hmcculla/ECE423/ECE-423-Labs/ece423_prefab/ece423_prefab/lab_prefab/lab_prefab.gen/sources_1/bd/lab_prefab/ipshared/5491/hdl/verilog/idct_mac_muladd_21s_15ns_32ns_32_4_1.v:39]
WARNING: [Synth 8-3936] Found unconnected internal register 'mac_muladd_22s_15s_32s_32_4_1_U125/idct_mac_muladd_22s_15s_32s_32_4_1_DSP48_27_U/p_reg_reg' and it is trimmed from '44' to '32' bits. [c:/Users/hmcculla/ECE423/ECE-423-Labs/ece423_prefab/ece423_prefab/lab_prefab/lab_prefab.gen/sources_1/bd/lab_prefab/ipshared/5491/hdl/verilog/idct_mac_muladd_22s_15s_32s_32_4_1.v:39]
WARNING: [Synth 8-3936] Found unconnected internal register 'am_addmul_22s_22s_14ns_32_4_1_U93/idct_am_addmul_22s_22s_14ns_32_4_1_DSP48_20_U/p_reg_reg' and it is trimmed from '43' to '32' bits. [c:/Users/hmcculla/ECE423/ECE-423-Labs/ece423_prefab/ece423_prefab/lab_prefab/lab_prefab.gen/sources_1/bd/lab_prefab/ipshared/5491/hdl/verilog/idct_am_addmul_22s_22s_14ns_32_4_1.v:39]
WARNING: [Synth 8-3936] Found unconnected internal register 'am_addmul_22s_22s_14ns_32_4_1_U93/idct_am_addmul_22s_22s_14ns_32_4_1_DSP48_20_U/m_reg_reg' and it is trimmed from '43' to '32' bits. [c:/Users/hmcculla/ECE423/ECE-423-Labs/ece423_prefab/ece423_prefab/lab_prefab/lab_prefab.gen/sources_1/bd/lab_prefab/ipshared/5491/hdl/verilog/idct_am_addmul_22s_22s_14ns_32_4_1.v:36]
WARNING: [Synth 8-3936] Found unconnected internal register 'mac_muladd_22s_15s_32s_32_4_1_U125/idct_mac_muladd_22s_15s_32s_32_4_1_DSP48_27_U/m_reg_reg' and it is trimmed from '43' to '32' bits. [c:/Users/hmcculla/ECE423/ECE-423-Labs/ece423_prefab/ece423_prefab/lab_prefab/lab_prefab.gen/sources_1/bd/lab_prefab/ipshared/5491/hdl/verilog/idct_mac_muladd_22s_15s_32s_32_4_1.v:32]
WARNING: [Synth 8-3936] Found unconnected internal register 'am_addmul_21s_21s_14s_32_4_1_U96/idct_am_addmul_21s_21s_14s_32_4_1_DSP48_21_U/p_reg_reg' and it is trimmed from '43' to '32' bits. [c:/Users/hmcculla/ECE423/ECE-423-Labs/ece423_prefab/ece423_prefab/lab_prefab/lab_prefab.gen/sources_1/bd/lab_prefab/ipshared/5491/hdl/verilog/idct_am_addmul_21s_21s_14s_32_4_1.v:39]
WARNING: [Synth 8-3936] Found unconnected internal register 'am_addmul_21s_21s_14s_32_4_1_U96/idct_am_addmul_21s_21s_14s_32_4_1_DSP48_21_U/m_reg_reg' and it is trimmed from '43' to '32' bits. [c:/Users/hmcculla/ECE423/ECE-423-Labs/ece423_prefab/ece423_prefab/lab_prefab/lab_prefab.gen/sources_1/bd/lab_prefab/ipshared/5491/hdl/verilog/idct_am_addmul_21s_21s_14s_32_4_1.v:36]
WARNING: [Synth 8-3936] Found unconnected internal register 'mac_muladd_21s_12ns_32ns_32_4_1_U165/idct_mac_muladd_21s_12ns_32ns_32_4_1_DSP48_31_U/p_reg_reg' and it is trimmed from '44' to '32' bits. [c:/Users/hmcculla/ECE423/ECE-423-Labs/ece423_prefab/ece423_prefab/lab_prefab/lab_prefab.gen/sources_1/bd/lab_prefab/ipshared/5491/hdl/verilog/idct_mac_muladd_21s_12ns_32ns_32_4_1.v:39]
WARNING: [Synth 8-3936] Found unconnected internal register 'mac_muladd_21s_12ns_32ns_32_4_1_U165/idct_mac_muladd_21s_12ns_32ns_32_4_1_DSP48_31_U/m_reg_reg' and it is trimmed from '43' to '32' bits. [c:/Users/hmcculla/ECE423/ECE-423-Labs/ece423_prefab/ece423_prefab/lab_prefab/lab_prefab.gen/sources_1/bd/lab_prefab/ipshared/5491/hdl/verilog/idct_mac_muladd_21s_12ns_32ns_32_4_1.v:32]
WARNING: [Synth 8-3936] Found unconnected internal register 'mac_muladd_21s_14ns_32ns_32_4_1_U168/idct_mac_muladd_21s_14ns_32ns_32_4_1_DSP48_33_U/p_reg_reg' and it is trimmed from '44' to '32' bits. [c:/Users/hmcculla/ECE423/ECE-423-Labs/ece423_prefab/ece423_prefab/lab_prefab/lab_prefab.gen/sources_1/bd/lab_prefab/ipshared/5491/hdl/verilog/idct_mac_muladd_21s_14ns_32ns_32_4_1.v:39]
WARNING: [Synth 8-3936] Found unconnected internal register 'mac_muladd_21s_15ns_32ns_32_4_1_U166/idct_mac_muladd_21s_15ns_32ns_32_4_1_DSP48_32_U/p_reg_reg' and it is trimmed from '44' to '32' bits. [c:/Users/hmcculla/ECE423/ECE-423-Labs/ece423_prefab/ece423_prefab/lab_prefab/lab_prefab.gen/sources_1/bd/lab_prefab/ipshared/5491/hdl/verilog/idct_mac_muladd_21s_15ns_32ns_32_4_1.v:39]
WARNING: [Synth 8-3936] Found unconnected internal register 'mac_muladd_22s_13s_32s_32_4_1_U132/idct_mac_muladd_22s_13s_32s_32_4_1_DSP48_28_U/p_reg_reg' and it is trimmed from '44' to '32' bits. [c:/Users/hmcculla/ECE423/ECE-423-Labs/ece423_prefab/ece423_prefab/lab_prefab/lab_prefab.gen/sources_1/bd/lab_prefab/ipshared/5491/hdl/verilog/idct_mac_muladd_22s_13s_32s_32_4_1.v:39]
WARNING: [Synth 8-3936] Found unconnected internal register 'mac_muladd_21s_15ns_32ns_32_4_1_U167/idct_mac_muladd_21s_15ns_32ns_32_4_1_DSP48_32_U/p_reg_reg' and it is trimmed from '44' to '32' bits. [c:/Users/hmcculla/ECE423/ECE-423-Labs/ece423_prefab/ece423_prefab/lab_prefab/lab_prefab.gen/sources_1/bd/lab_prefab/ipshared/5491/hdl/verilog/idct_mac_muladd_21s_15ns_32ns_32_4_1.v:39]
WARNING: [Synth 8-3936] Found unconnected internal register 'mac_muladd_22s_15s_32s_32_4_1_U131/idct_mac_muladd_22s_15s_32s_32_4_1_DSP48_27_U/p_reg_reg' and it is trimmed from '44' to '32' bits. [c:/Users/hmcculla/ECE423/ECE-423-Labs/ece423_prefab/ece423_prefab/lab_prefab/lab_prefab.gen/sources_1/bd/lab_prefab/ipshared/5491/hdl/verilog/idct_mac_muladd_22s_15s_32s_32_4_1.v:39]
WARNING: [Synth 8-3936] Found unconnected internal register 'am_addmul_22s_22s_14ns_32_4_1_U95/idct_am_addmul_22s_22s_14ns_32_4_1_DSP48_20_U/p_reg_reg' and it is trimmed from '43' to '32' bits. [c:/Users/hmcculla/ECE423/ECE-423-Labs/ece423_prefab/ece423_prefab/lab_prefab/lab_prefab.gen/sources_1/bd/lab_prefab/ipshared/5491/hdl/verilog/idct_am_addmul_22s_22s_14ns_32_4_1.v:39]
WARNING: [Synth 8-3936] Found unconnected internal register 'am_addmul_22s_22s_14ns_32_4_1_U95/idct_am_addmul_22s_22s_14ns_32_4_1_DSP48_20_U/m_reg_reg' and it is trimmed from '43' to '32' bits. [c:/Users/hmcculla/ECE423/ECE-423-Labs/ece423_prefab/ece423_prefab/lab_prefab/lab_prefab.gen/sources_1/bd/lab_prefab/ipshared/5491/hdl/verilog/idct_am_addmul_22s_22s_14ns_32_4_1.v:36]
WARNING: [Synth 8-3936] Found unconnected internal register 'mac_muladd_22s_15s_32s_32_4_1_U131/idct_mac_muladd_22s_15s_32s_32_4_1_DSP48_27_U/m_reg_reg' and it is trimmed from '43' to '32' bits. [c:/Users/hmcculla/ECE423/ECE-423-Labs/ece423_prefab/ece423_prefab/lab_prefab/lab_prefab.gen/sources_1/bd/lab_prefab/ipshared/5491/hdl/verilog/idct_mac_muladd_22s_15s_32s_32_4_1.v:32]
WARNING: [Synth 8-3936] Found unconnected internal register 'mac_muladd_16s_13ns_30ns_30_4_1_U26/idct_mac_muladd_16s_13ns_30ns_30_4_1_DSP48_5_U/p_reg_reg' and it is trimmed from '44' to '30' bits. [c:/Users/hmcculla/ECE423/ECE-423-Labs/ece423_prefab/ece423_prefab/lab_prefab/lab_prefab.gen/sources_1/bd/lab_prefab/ipshared/5491/hdl/verilog/idct_mac_muladd_16s_13ns_30ns_30_4_1.v:39]
WARNING: [Synth 8-3936] Found unconnected internal register 'am_addmul_16s_16s_13ns_31_4_1_U4/idct_am_addmul_16s_16s_13ns_31_4_1_DSP48_0_U/p_reg_reg' and it is trimmed from '43' to '31' bits. [c:/Users/hmcculla/ECE423/ECE-423-Labs/ece423_prefab/ece423_prefab/lab_prefab/lab_prefab.gen/sources_1/bd/lab_prefab/ipshared/5491/hdl/verilog/idct_am_addmul_16s_16s_13ns_31_4_1.v:39]
WARNING: [Synth 8-3936] Found unconnected internal register 'am_addmul_16s_16s_13ns_31_4_1_U4/idct_am_addmul_16s_16s_13ns_31_4_1_DSP48_0_U/m_reg_reg' and it is trimmed from '43' to '31' bits. [c:/Users/hmcculla/ECE423/ECE-423-Labs/ece423_prefab/ece423_prefab/lab_prefab/lab_prefab.gen/sources_1/bd/lab_prefab/ipshared/5491/hdl/verilog/idct_am_addmul_16s_16s_13ns_31_4_1.v:36]
INFO: [Common 17-14] Message 'Synth 8-3936' appears 100 times and further instances of the messages will be disabled. Use the Tcl command set_msg_config to change the current settings.
DSP Report: Generating DSP am_addmul_16s_16s_14s_31_4_1_U18/idct_am_addmul_16s_16s_14s_31_4_1_DSP48_3_U/p_reg_reg, operation Mode is: ((D'+A)*(B:0x3e333)')'.
DSP Report: register am_addmul_16s_16s_14s_31_4_1_U12/idct_am_addmul_16s_16s_14s_31_4_1_DSP48_3_U/b_reg_reg is absorbed into DSP am_addmul_16s_16s_14s_31_4_1_U18/idct_am_addmul_16s_16s_14s_31_4_1_DSP48_3_U/p_reg_reg.
DSP Report: register tmp3_3_reg_10073_reg is absorbed into DSP am_addmul_16s_16s_14s_31_4_1_U18/idct_am_addmul_16s_16s_14s_31_4_1_DSP48_3_U/p_reg_reg.
DSP Report: register am_addmul_16s_16s_14s_31_4_1_U18/idct_am_addmul_16s_16s_14s_31_4_1_DSP48_3_U/p_reg_reg is absorbed into DSP am_addmul_16s_16s_14s_31_4_1_U18/idct_am_addmul_16s_16s_14s_31_4_1_DSP48_3_U/p_reg_reg.
DSP Report: register am_addmul_16s_16s_14s_31_4_1_U18/idct_am_addmul_16s_16s_14s_31_4_1_DSP48_3_U/m_reg_reg is absorbed into DSP am_addmul_16s_16s_14s_31_4_1_U18/idct_am_addmul_16s_16s_14s_31_4_1_DSP48_3_U/p_reg_reg.
DSP Report: register am_addmul_16s_16s_14s_31_4_1_U18/idct_am_addmul_16s_16s_14s_31_4_1_DSP48_3_U/ad_reg_reg is absorbed into DSP am_addmul_16s_16s_14s_31_4_1_U18/idct_am_addmul_16s_16s_14s_31_4_1_DSP48_3_U/p_reg_reg.
DSP Report: operator am_addmul_16s_16s_14s_31_4_1_U18/idct_am_addmul_16s_16s_14s_31_4_1_DSP48_3_U/m is absorbed into DSP am_addmul_16s_16s_14s_31_4_1_U18/idct_am_addmul_16s_16s_14s_31_4_1_DSP48_3_U/p_reg_reg.
DSP Report: operator am_addmul_16s_16s_14s_31_4_1_U18/idct_am_addmul_16s_16s_14s_31_4_1_DSP48_3_U/ad is absorbed into DSP am_addmul_16s_16s_14s_31_4_1_U18/idct_am_addmul_16s_16s_14s_31_4_1_DSP48_3_U/p_reg_reg.
DSP Report: Generating DSP mac_muladd_16s_14ns_31s_31_4_1_U50/idct_mac_muladd_16s_14ns_31s_31_4_1_DSP48_7_U/p_reg_reg, operation Mode is: (PCIN+((A:0x300b)'*B'')')'.
DSP Report: register mac_muladd_16s_14ns_31s_31_4_1_U50/idct_mac_muladd_16s_14ns_31s_31_4_1_DSP48_7_U/p_reg_reg is absorbed into DSP mac_muladd_16s_14ns_31s_31_4_1_U50/idct_mac_muladd_16s_14ns_31s_31_4_1_DSP48_7_U/p_reg_reg.
DSP Report: register mac_muladd_16s_14ns_31s_31_4_1_U50/idct_mac_muladd_16s_14ns_31s_31_4_1_DSP48_7_U/p_reg_reg is absorbed into DSP mac_muladd_16s_14ns_31s_31_4_1_U50/idct_mac_muladd_16s_14ns_31s_31_4_1_DSP48_7_U/p_reg_reg.
DSP Report: register mac_muladd_16s_14ns_31s_31_4_1_U34/idct_mac_muladd_16s_14ns_31s_31_4_1_DSP48_7_U/b_reg_reg is absorbed into DSP mac_muladd_16s_14ns_31s_31_4_1_U50/idct_mac_muladd_16s_14ns_31s_31_4_1_DSP48_7_U/p_reg_reg.
DSP Report: register mac_muladd_16s_14ns_31s_31_4_1_U50/idct_mac_muladd_16s_14ns_31s_31_4_1_DSP48_7_U/p_reg_reg is absorbed into DSP mac_muladd_16s_14ns_31s_31_4_1_U50/idct_mac_muladd_16s_14ns_31s_31_4_1_DSP48_7_U/p_reg_reg.
DSP Report: register mac_muladd_16s_14ns_31s_31_4_1_U50/idct_mac_muladd_16s_14ns_31s_31_4_1_DSP48_7_U/m_reg_reg is absorbed into DSP mac_muladd_16s_14ns_31s_31_4_1_U50/idct_mac_muladd_16s_14ns_31s_31_4_1_DSP48_7_U/p_reg_reg.
DSP Report: operator mac_muladd_16s_14ns_31s_31_4_1_U50/idct_mac_muladd_16s_14ns_31s_31_4_1_DSP48_7_U/p is absorbed into DSP mac_muladd_16s_14ns_31s_31_4_1_U50/idct_mac_muladd_16s_14ns_31s_31_4_1_DSP48_7_U/p_reg_reg.
DSP Report: operator mac_muladd_16s_14ns_31s_31_4_1_U50/idct_mac_muladd_16s_14ns_31s_31_4_1_DSP48_7_U/m is absorbed into DSP mac_muladd_16s_14ns_31s_31_4_1_U50/idct_mac_muladd_16s_14ns_31s_31_4_1_DSP48_7_U/p_reg_reg.
DSP Report: Generating DSP am_addmul_17s_17s_14ns_32_4_1_U17/idct_am_addmul_17s_17s_14ns_32_4_1_DSP48_2_U/p_reg_reg, operation Mode is: ((D+A)*(B:0x25a1)')'.
DSP Report: register am_addmul_17s_17s_14ns_32_4_1_U11/idct_am_addmul_17s_17s_14ns_32_4_1_DSP48_2_U/b_reg_reg is absorbed into DSP am_addmul_17s_17s_14ns_32_4_1_U17/idct_am_addmul_17s_17s_14ns_32_4_1_DSP48_2_U/p_reg_reg.
DSP Report: register am_addmul_17s_17s_14ns_32_4_1_U17/idct_am_addmul_17s_17s_14ns_32_4_1_DSP48_2_U/p_reg_reg is absorbed into DSP am_addmul_17s_17s_14ns_32_4_1_U17/idct_am_addmul_17s_17s_14ns_32_4_1_DSP48_2_U/p_reg_reg.
DSP Report: register am_addmul_17s_17s_14ns_32_4_1_U17/idct_am_addmul_17s_17s_14ns_32_4_1_DSP48_2_U/m_reg_reg is absorbed into DSP am_addmul_17s_17s_14ns_32_4_1_U17/idct_am_addmul_17s_17s_14ns_32_4_1_DSP48_2_U/p_reg_reg.
DSP Report: register am_addmul_17s_17s_14ns_32_4_1_U17/idct_am_addmul_17s_17s_14ns_32_4_1_DSP48_2_U/ad_reg_reg is absorbed into DSP am_addmul_17s_17s_14ns_32_4_1_U17/idct_am_addmul_17s_17s_14ns_32_4_1_DSP48_2_U/p_reg_reg.
DSP Report: operator am_addmul_17s_17s_14ns_32_4_1_U17/idct_am_addmul_17s_17s_14ns_32_4_1_DSP48_2_U/m is absorbed into DSP am_addmul_17s_17s_14ns_32_4_1_U17/idct_am_addmul_17s_17s_14ns_32_4_1_DSP48_2_U/p_reg_reg.
DSP Report: operator am_addmul_17s_17s_14ns_32_4_1_U17/idct_am_addmul_17s_17s_14ns_32_4_1_DSP48_2_U/ad is absorbed into DSP am_addmul_17s_17s_14ns_32_4_1_U17/idct_am_addmul_17s_17s_14ns_32_4_1_DSP48_2_U/p_reg_reg.
DSP Report: Generating DSP mac_muladd_17s_13s_32s_32_4_1_U52/idct_mac_muladd_17s_13s_32s_32_4_1_DSP48_9_U/p_reg_reg, operation Mode is: (PCIN+(A''*(B:0x3f384)')')'.
DSP Report: register mac_muladd_17s_13s_32s_32_4_1_U52/idct_mac_muladd_17s_13s_32s_32_4_1_DSP48_9_U/p_reg_reg is absorbed into DSP mac_muladd_17s_13s_32s_32_4_1_U52/idct_mac_muladd_17s_13s_32s_32_4_1_DSP48_9_U/p_reg_reg.
DSP Report: register mac_muladd_17s_13s_32s_32_4_1_U52/idct_mac_muladd_17s_13s_32s_32_4_1_DSP48_9_U/p_reg_reg is absorbed into DSP mac_muladd_17s_13s_32s_32_4_1_U52/idct_mac_muladd_17s_13s_32s_32_4_1_DSP48_9_U/p_reg_reg.
DSP Report: register mac_muladd_17s_13s_32s_32_4_1_U36/idct_mac_muladd_17s_13s_32s_32_4_1_DSP48_9_U/b_reg_reg is absorbed into DSP mac_muladd_17s_13s_32s_32_4_1_U52/idct_mac_muladd_17s_13s_32s_32_4_1_DSP48_9_U/p_reg_reg.
DSP Report: register mac_muladd_17s_13s_32s_32_4_1_U52/idct_mac_muladd_17s_13s_32s_32_4_1_DSP48_9_U/p_reg_reg is absorbed into DSP mac_muladd_17s_13s_32s_32_4_1_U52/idct_mac_muladd_17s_13s_32s_32_4_1_DSP48_9_U/p_reg_reg.
DSP Report: register mac_muladd_17s_13s_32s_32_4_1_U52/idct_mac_muladd_17s_13s_32s_32_4_1_DSP48_9_U/m_reg_reg is absorbed into DSP mac_muladd_17s_13s_32s_32_4_1_U52/idct_mac_muladd_17s_13s_32s_32_4_1_DSP48_9_U/p_reg_reg.
DSP Report: operator mac_muladd_17s_13s_32s_32_4_1_U52/idct_mac_muladd_17s_13s_32s_32_4_1_DSP48_9_U/p is absorbed into DSP mac_muladd_17s_13s_32s_32_4_1_U52/idct_mac_muladd_17s_13s_32s_32_4_1_DSP48_9_U/p_reg_reg.
DSP Report: operator mac_muladd_17s_13s_32s_32_4_1_U52/idct_mac_muladd_17s_13s_32s_32_4_1_DSP48_9_U/m is absorbed into DSP mac_muladd_17s_13s_32s_32_4_1_U52/idct_mac_muladd_17s_13s_32s_32_4_1_DSP48_9_U/p_reg_reg.
DSP Report: Generating DSP am_addmul_16s_16s_13ns_31_4_1_U4/idct_am_addmul_16s_16s_13ns_31_4_1_DSP48_0_U/p_reg_reg, operation Mode is: ((D'+A2)*(B:0x1151)')'.
DSP Report: register z2_6_reg_10115_reg is absorbed into DSP am_addmul_16s_16s_13ns_31_4_1_U4/idct_am_addmul_16s_16s_13ns_31_4_1_DSP48_0_U/p_reg_reg.
DSP Report: register am_addmul_16s_16s_13ns_31_4_1_U1/idct_am_addmul_16s_16s_13ns_31_4_1_DSP48_0_U/b_reg_reg is absorbed into DSP am_addmul_16s_16s_13ns_31_4_1_U4/idct_am_addmul_16s_16s_13ns_31_4_1_DSP48_0_U/p_reg_reg.
DSP Report: register z3_8_reg_10299_reg is absorbed into DSP am_addmul_16s_16s_13ns_31_4_1_U4/idct_am_addmul_16s_16s_13ns_31_4_1_DSP48_0_U/p_reg_reg.
DSP Report: register am_addmul_16s_16s_13ns_31_4_1_U4/idct_am_addmul_16s_16s_13ns_31_4_1_DSP48_0_U/p_reg_reg is absorbed into DSP am_addmul_16s_16s_13ns_31_4_1_U4/idct_am_addmul_16s_16s_13ns_31_4_1_DSP48_0_U/p_reg_reg.
DSP Report: register am_addmul_16s_16s_13ns_31_4_1_U4/idct_am_addmul_16s_16s_13ns_31_4_1_DSP48_0_U/m_reg_reg is absorbed into DSP am_addmul_16s_16s_13ns_31_4_1_U4/idct_am_addmul_16s_16s_13ns_31_4_1_DSP48_0_U/p_reg_reg.
DSP Report: register am_addmul_16s_16s_13ns_31_4_1_U4/idct_am_addmul_16s_16s_13ns_31_4_1_DSP48_0_U/ad_reg_reg is absorbed into DSP am_addmul_16s_16s_13ns_31_4_1_U4/idct_am_addmul_16s_16s_13ns_31_4_1_DSP48_0_U/p_reg_reg.
DSP Report: operator am_addmul_16s_16s_13ns_31_4_1_U4/idct_am_addmul_16s_16s_13ns_31_4_1_DSP48_0_U/m is absorbed into DSP am_addmul_16s_16s_13ns_31_4_1_U4/idct_am_addmul_16s_16s_13ns_31_4_1_DSP48_0_U/p_reg_reg.
DSP Report: operator am_addmul_16s_16s_13ns_31_4_1_U4/idct_am_addmul_16s_16s_13ns_31_4_1_DSP48_0_U/ad is absorbed into DSP am_addmul_16s_16s_13ns_31_4_1_U4/idct_am_addmul_16s_16s_13ns_31_4_1_DSP48_0_U/p_reg_reg.
DSP Report: Generating DSP mac_muladd_16s_13ns_30ns_30_4_1_U26/idct_mac_muladd_16s_13ns_30ns_30_4_1_DSP48_5_U/p_reg_reg, operation Mode is: (C+((A:0x187e)'*B'')')'.
DSP Report: register mac_muladd_16s_13ns_30ns_30_4_1_U26/idct_mac_muladd_16s_13ns_30ns_30_4_1_DSP48_5_U/p_reg_reg is absorbed into DSP mac_muladd_16s_13ns_30ns_30_4_1_U26/idct_mac_muladd_16s_13ns_30ns_30_4_1_DSP48_5_U/p_reg_reg.
DSP Report: register mac_muladd_16s_13ns_30ns_30_4_1_U26/idct_mac_muladd_16s_13ns_30ns_30_4_1_DSP48_5_U/p_reg_reg is absorbed into DSP mac_muladd_16s_13ns_30ns_30_4_1_U26/idct_mac_muladd_16s_13ns_30ns_30_4_1_DSP48_5_U/p_reg_reg.
DSP Report: register mac_muladd_16s_13ns_30ns_30_4_1_U20/idct_mac_muladd_16s_13ns_30ns_30_4_1_DSP48_5_U/b_reg_reg is absorbed into DSP mac_muladd_16s_13ns_30ns_30_4_1_U26/idct_mac_muladd_16s_13ns_30ns_30_4_1_DSP48_5_U/p_reg_reg.
DSP Report: register mac_muladd_16s_13ns_30ns_30_4_1_U26/idct_mac_muladd_16s_13ns_30ns_30_4_1_DSP48_5_U/p_reg_reg is absorbed into DSP mac_muladd_16s_13ns_30ns_30_4_1_U26/idct_mac_muladd_16s_13ns_30ns_30_4_1_DSP48_5_U/p_reg_reg.
DSP Report: register mac_muladd_16s_13ns_30ns_30_4_1_U26/idct_mac_muladd_16s_13ns_30ns_30_4_1_DSP48_5_U/m_reg_reg is absorbed into DSP mac_muladd_16s_13ns_30ns_30_4_1_U26/idct_mac_muladd_16s_13ns_30ns_30_4_1_DSP48_5_U/p_reg_reg.
DSP Report: operator mac_muladd_16s_13ns_30ns_30_4_1_U26/idct_mac_muladd_16s_13ns_30ns_30_4_1_DSP48_5_U/p is absorbed into DSP mac_muladd_16s_13ns_30ns_30_4_1_U26/idct_mac_muladd_16s_13ns_30ns_30_4_1_DSP48_5_U/p_reg_reg.
DSP Report: operator mac_muladd_16s_13ns_30ns_30_4_1_U26/idct_mac_muladd_16s_13ns_30ns_30_4_1_DSP48_5_U/m is absorbed into DSP mac_muladd_16s_13ns_30ns_30_4_1_U26/idct_mac_muladd_16s_13ns_30ns_30_4_1_DSP48_5_U/p_reg_reg.
DSP Report: Generating DSP am_addmul_16s_16s_14s_31_4_1_U12/idct_am_addmul_16s_16s_14s_31_4_1_DSP48_3_U/p_reg_reg, operation Mode is: ((D'+A2)*(B:0x3e333)')'.
DSP Report: register tmp0_8_reg_10311_reg is absorbed into DSP am_addmul_16s_16s_14s_31_4_1_U12/idct_am_addmul_16s_16s_14s_31_4_1_DSP48_3_U/p_reg_reg.
DSP Report: register am_addmul_16s_16s_14s_31_4_1_U12/idct_am_addmul_16s_16s_14s_31_4_1_DSP48_3_U/b_reg_reg is absorbed into DSP am_addmul_16s_16s_14s_31_4_1_U12/idct_am_addmul_16s_16s_14s_31_4_1_DSP48_3_U/p_reg_reg.
DSP Report: register tmp3_7_reg_10037_reg is absorbed into DSP am_addmul_16s_16s_14s_31_4_1_U12/idct_am_addmul_16s_16s_14s_31_4_1_DSP48_3_U/p_reg_reg.
DSP Report: register am_addmul_16s_16s_14s_31_4_1_U12/idct_am_addmul_16s_16s_14s_31_4_1_DSP48_3_U/p_reg_reg is absorbed into DSP am_addmul_16s_16s_14s_31_4_1_U12/idct_am_addmul_16s_16s_14s_31_4_1_DSP48_3_U/p_reg_reg.
DSP Report: register am_addmul_16s_16s_14s_31_4_1_U12/idct_am_addmul_16s_16s_14s_31_4_1_DSP48_3_U/m_reg_reg is absorbed into DSP am_addmul_16s_16s_14s_31_4_1_U12/idct_am_addmul_16s_16s_14s_31_4_1_DSP48_3_U/p_reg_reg.
DSP Report: register am_addmul_16s_16s_14s_31_4_1_U12/idct_am_addmul_16s_16s_14s_31_4_1_DSP48_3_U/ad_reg_reg is absorbed into DSP am_addmul_16s_16s_14s_31_4_1_U12/idct_am_addmul_16s_16s_14s_31_4_1_DSP48_3_U/p_reg_reg.
DSP Report: operator am_addmul_16s_16s_14s_31_4_1_U12/idct_am_addmul_16s_16s_14s_31_4_1_DSP48_3_U/m is absorbed into DSP am_addmul_16s_16s_14s_31_4_1_U12/idct_am_addmul_16s_16s_14s_31_4_1_DSP48_3_U/p_reg_reg.
DSP Report: operator am_addmul_16s_16s_14s_31_4_1_U12/idct_am_addmul_16s_16s_14s_31_4_1_DSP48_3_U/ad is absorbed into DSP am_addmul_16s_16s_14s_31_4_1_U12/idct_am_addmul_16s_16s_14s_31_4_1_DSP48_3_U/p_reg_reg.
DSP Report: Generating DSP mac_muladd_16s_14ns_31s_31_4_1_U34/idct_mac_muladd_16s_14ns_31s_31_4_1_DSP48_7_U/p_reg_reg, operation Mode is: (PCIN+((A:0x300b)'*B'')')'.
DSP Report: register mac_muladd_16s_14ns_31s_31_4_1_U34/idct_mac_muladd_16s_14ns_31s_31_4_1_DSP48_7_U/p_reg_reg is absorbed into DSP mac_muladd_16s_14ns_31s_31_4_1_U34/idct_mac_muladd_16s_14ns_31s_31_4_1_DSP48_7_U/p_reg_reg.
DSP Report: register mac_muladd_16s_14ns_31s_31_4_1_U34/idct_mac_muladd_16s_14ns_31s_31_4_1_DSP48_7_U/p_reg_reg is absorbed into DSP mac_muladd_16s_14ns_31s_31_4_1_U34/idct_mac_muladd_16s_14ns_31s_31_4_1_DSP48_7_U/p_reg_reg.
DSP Report: register mac_muladd_16s_14ns_31s_31_4_1_U34/idct_mac_muladd_16s_14ns_31s_31_4_1_DSP48_7_U/b_reg_reg is absorbed into DSP mac_muladd_16s_14ns_31s_31_4_1_U34/idct_mac_muladd_16s_14ns_31s_31_4_1_DSP48_7_U/p_reg_reg.
DSP Report: register mac_muladd_16s_14ns_31s_31_4_1_U34/idct_mac_muladd_16s_14ns_31s_31_4_1_DSP48_7_U/p_reg_reg is absorbed into DSP mac_muladd_16s_14ns_31s_31_4_1_U34/idct_mac_muladd_16s_14ns_31s_31_4_1_DSP48_7_U/p_reg_reg.
DSP Report: register mac_muladd_16s_14ns_31s_31_4_1_U34/idct_mac_muladd_16s_14ns_31s_31_4_1_DSP48_7_U/m_reg_reg is absorbed into DSP mac_muladd_16s_14ns_31s_31_4_1_U34/idct_mac_muladd_16s_14ns_31s_31_4_1_DSP48_7_U/p_reg_reg.
DSP Report: operator mac_muladd_16s_14ns_31s_31_4_1_U34/idct_mac_muladd_16s_14ns_31s_31_4_1_DSP48_7_U/p is absorbed into DSP mac_muladd_16s_14ns_31s_31_4_1_U34/idct_mac_muladd_16s_14ns_31s_31_4_1_DSP48_7_U/p_reg_reg.
DSP Report: operator mac_muladd_16s_14ns_31s_31_4_1_U34/idct_mac_muladd_16s_14ns_31s_31_4_1_DSP48_7_U/m is absorbed into DSP mac_muladd_16s_14ns_31s_31_4_1_U34/idct_mac_muladd_16s_14ns_31s_31_4_1_DSP48_7_U/p_reg_reg.
DSP Report: Generating DSP am_addmul_17s_17s_14ns_32_4_1_U11/idct_am_addmul_17s_17s_14ns_32_4_1_DSP48_2_U/p_reg_reg, operation Mode is: ((D+A)*(B:0x25a1)')'.
DSP Report: register am_addmul_17s_17s_14ns_32_4_1_U11/idct_am_addmul_17s_17s_14ns_32_4_1_DSP48_2_U/b_reg_reg is absorbed into DSP am_addmul_17s_17s_14ns_32_4_1_U11/idct_am_addmul_17s_17s_14ns_32_4_1_DSP48_2_U/p_reg_reg.
DSP Report: register am_addmul_17s_17s_14ns_32_4_1_U11/idct_am_addmul_17s_17s_14ns_32_4_1_DSP48_2_U/p_reg_reg is absorbed into DSP am_addmul_17s_17s_14ns_32_4_1_U11/idct_am_addmul_17s_17s_14ns_32_4_1_DSP48_2_U/p_reg_reg.
DSP Report: register am_addmul_17s_17s_14ns_32_4_1_U11/idct_am_addmul_17s_17s_14ns_32_4_1_DSP48_2_U/m_reg_reg is absorbed into DSP am_addmul_17s_17s_14ns_32_4_1_U11/idct_am_addmul_17s_17s_14ns_32_4_1_DSP48_2_U/p_reg_reg.
DSP Report: register am_addmul_17s_17s_14ns_32_4_1_U11/idct_am_addmul_17s_17s_14ns_32_4_1_DSP48_2_U/ad_reg_reg is absorbed into DSP am_addmul_17s_17s_14ns_32_4_1_U11/idct_am_addmul_17s_17s_14ns_32_4_1_DSP48_2_U/p_reg_reg.
DSP Report: operator am_addmul_17s_17s_14ns_32_4_1_U11/idct_am_addmul_17s_17s_14ns_32_4_1_DSP48_2_U/m is absorbed into DSP am_addmul_17s_17s_14ns_32_4_1_U11/idct_am_addmul_17s_17s_14ns_32_4_1_DSP48_2_U/p_reg_reg.
DSP Report: operator am_addmul_17s_17s_14ns_32_4_1_U11/idct_am_addmul_17s_17s_14ns_32_4_1_DSP48_2_U/ad is absorbed into DSP am_addmul_17s_17s_14ns_32_4_1_U11/idct_am_addmul_17s_17s_14ns_32_4_1_DSP48_2_U/p_reg_reg.
DSP Report: Generating DSP mac_muladd_17s_13s_32s_32_4_1_U36/idct_mac_muladd_17s_13s_32s_32_4_1_DSP48_9_U/p_reg_reg, operation Mode is: (PCIN+(A''*(B:0x3f384)')')'.
DSP Report: register mac_muladd_17s_13s_32s_32_4_1_U36/idct_mac_muladd_17s_13s_32s_32_4_1_DSP48_9_U/b_reg_reg is absorbed into DSP mac_muladd_17s_13s_32s_32_4_1_U36/idct_mac_muladd_17s_13s_32s_32_4_1_DSP48_9_U/p_reg_reg.
DSP Report: register mac_muladd_17s_13s_32s_32_4_1_U36/idct_mac_muladd_17s_13s_32s_32_4_1_DSP48_9_U/p_reg_reg is absorbed into DSP mac_muladd_17s_13s_32s_32_4_1_U36/idct_mac_muladd_17s_13s_32s_32_4_1_DSP48_9_U/p_reg_reg.
DSP Report: register mac_muladd_17s_13s_32s_32_4_1_U36/idct_mac_muladd_17s_13s_32s_32_4_1_DSP48_9_U/p_reg_reg is absorbed into DSP mac_muladd_17s_13s_32s_32_4_1_U36/idct_mac_muladd_17s_13s_32s_32_4_1_DSP48_9_U/p_reg_reg.
DSP Report: register mac_muladd_17s_13s_32s_32_4_1_U36/idct_mac_muladd_17s_13s_32s_32_4_1_DSP48_9_U/p_reg_reg is absorbed into DSP mac_muladd_17s_13s_32s_32_4_1_U36/idct_mac_muladd_17s_13s_32s_32_4_1_DSP48_9_U/p_reg_reg.
DSP Report: register mac_muladd_17s_13s_32s_32_4_1_U36/idct_mac_muladd_17s_13s_32s_32_4_1_DSP48_9_U/m_reg_reg is absorbed into DSP mac_muladd_17s_13s_32s_32_4_1_U36/idct_mac_muladd_17s_13s_32s_32_4_1_DSP48_9_U/p_reg_reg.
DSP Report: operator mac_muladd_17s_13s_32s_32_4_1_U36/idct_mac_muladd_17s_13s_32s_32_4_1_DSP48_9_U/p is absorbed into DSP mac_muladd_17s_13s_32s_32_4_1_U36/idct_mac_muladd_17s_13s_32s_32_4_1_DSP48_9_U/p_reg_reg.
DSP Report: operator mac_muladd_17s_13s_32s_32_4_1_U36/idct_mac_muladd_17s_13s_32s_32_4_1_DSP48_9_U/m is absorbed into DSP mac_muladd_17s_13s_32s_32_4_1_U36/idct_mac_muladd_17s_13s_32s_32_4_1_DSP48_9_U/p_reg_reg.
DSP Report: Generating DSP am_addmul_16s_16s_13ns_31_4_1_U1/idct_am_addmul_16s_16s_13ns_31_4_1_DSP48_0_U/p_reg_reg, operation Mode is: ((D'+A2)*(B:0x1151)')'.
DSP Report: register reg_151_reg is absorbed into DSP am_addmul_16s_16s_13ns_31_4_1_U1/idct_am_addmul_16s_16s_13ns_31_4_1_DSP48_0_U/p_reg_reg.
DSP Report: register am_addmul_16s_16s_13ns_31_4_1_U1/idct_am_addmul_16s_16s_13ns_31_4_1_DSP48_0_U/b_reg_reg is absorbed into DSP am_addmul_16s_16s_13ns_31_4_1_U1/idct_am_addmul_16s_16s_13ns_31_4_1_DSP48_0_U/p_reg_reg.
DSP Report: register z3_4_reg_10263_reg is absorbed into DSP am_addmul_16s_16s_13ns_31_4_1_U1/idct_am_addmul_16s_16s_13ns_31_4_1_DSP48_0_U/p_reg_reg.
DSP Report: register am_addmul_16s_16s_13ns_31_4_1_U1/idct_am_addmul_16s_16s_13ns_31_4_1_DSP48_0_U/p_reg_reg is absorbed into DSP am_addmul_16s_16s_13ns_31_4_1_U1/idct_am_addmul_16s_16s_13ns_31_4_1_DSP48_0_U/p_reg_reg.
DSP Report: register am_addmul_16s_16s_13ns_31_4_1_U1/idct_am_addmul_16s_16s_13ns_31_4_1_DSP48_0_U/m_reg_reg is absorbed into DSP am_addmul_16s_16s_13ns_31_4_1_U1/idct_am_addmul_16s_16s_13ns_31_4_1_DSP48_0_U/p_reg_reg.
DSP Report: register am_addmul_16s_16s_13ns_31_4_1_U1/idct_am_addmul_16s_16s_13ns_31_4_1_DSP48_0_U/ad_reg_reg is absorbed into DSP am_addmul_16s_16s_13ns_31_4_1_U1/idct_am_addmul_16s_16s_13ns_31_4_1_DSP48_0_U/p_reg_reg.
DSP Report: operator am_addmul_16s_16s_13ns_31_4_1_U1/idct_am_addmul_16s_16s_13ns_31_4_1_DSP48_0_U/m is absorbed into DSP am_addmul_16s_16s_13ns_31_4_1_U1/idct_am_addmul_16s_16s_13ns_31_4_1_DSP48_0_U/p_reg_reg.
DSP Report: operator am_addmul_16s_16s_13ns_31_4_1_U1/idct_am_addmul_16s_16s_13ns_31_4_1_DSP48_0_U/ad is absorbed into DSP am_addmul_16s_16s_13ns_31_4_1_U1/idct_am_addmul_16s_16s_13ns_31_4_1_DSP48_0_U/p_reg_reg.
DSP Report: Generating DSP mac_muladd_16s_13ns_30ns_30_4_1_U20/idct_mac_muladd_16s_13ns_30ns_30_4_1_DSP48_5_U/p_reg_reg, operation Mode is: (C+((A:0x187e)'*B'')')'.
DSP Report: register mac_muladd_16s_13ns_30ns_30_4_1_U20/idct_mac_muladd_16s_13ns_30ns_30_4_1_DSP48_5_U/p_reg_reg is absorbed into DSP mac_muladd_16s_13ns_30ns_30_4_1_U20/idct_mac_muladd_16s_13ns_30ns_30_4_1_DSP48_5_U/p_reg_reg.
DSP Report: register mac_muladd_16s_13ns_30ns_30_4_1_U20/idct_mac_muladd_16s_13ns_30ns_30_4_1_DSP48_5_U/p_reg_reg is absorbed into DSP mac_muladd_16s_13ns_30ns_30_4_1_U20/idct_mac_muladd_16s_13ns_30ns_30_4_1_DSP48_5_U/p_reg_reg.
DSP Report: register mac_muladd_16s_13ns_30ns_30_4_1_U20/idct_mac_muladd_16s_13ns_30ns_30_4_1_DSP48_5_U/b_reg_reg is absorbed into DSP mac_muladd_16s_13ns_30ns_30_4_1_U20/idct_mac_muladd_16s_13ns_30ns_30_4_1_DSP48_5_U/p_reg_reg.
DSP Report: register mac_muladd_16s_13ns_30ns_30_4_1_U20/idct_mac_muladd_16s_13ns_30ns_30_4_1_DSP48_5_U/p_reg_reg is absorbed into DSP mac_muladd_16s_13ns_30ns_30_4_1_U20/idct_mac_muladd_16s_13ns_30ns_30_4_1_DSP48_5_U/p_reg_reg.
DSP Report: register mac_muladd_16s_13ns_30ns_30_4_1_U20/idct_mac_muladd_16s_13ns_30ns_30_4_1_DSP48_5_U/m_reg_reg is absorbed into DSP mac_muladd_16s_13ns_30ns_30_4_1_U20/idct_mac_muladd_16s_13ns_30ns_30_4_1_DSP48_5_U/p_reg_reg.
DSP Report: operator mac_muladd_16s_13ns_30ns_30_4_1_U20/idct_mac_muladd_16s_13ns_30ns_30_4_1_DSP48_5_U/p is absorbed into DSP mac_muladd_16s_13ns_30ns_30_4_1_U20/idct_mac_muladd_16s_13ns_30ns_30_4_1_DSP48_5_U/p_reg_reg.
DSP Report: operator mac_muladd_16s_13ns_30ns_30_4_1_U20/idct_mac_muladd_16s_13ns_30ns_30_4_1_DSP48_5_U/m is absorbed into DSP mac_muladd_16s_13ns_30ns_30_4_1_U20/idct_mac_muladd_16s_13ns_30ns_30_4_1_DSP48_5_U/p_reg_reg.
DSP Report: Generating DSP am_addmul_21s_21s_14s_32_4_1_U96/idct_am_addmul_21s_21s_14s_32_4_1_DSP48_21_U/p_reg_reg, operation Mode is: ((D'+A2)*(B:0x3e333)')'.
DSP Report: register workspace_48_reg_10923_reg is absorbed into DSP am_addmul_21s_21s_14s_32_4_1_U96/idct_am_addmul_21s_21s_14s_32_4_1_DSP48_21_U/p_reg_reg.
DSP Report: register am_addmul_16s_16s_14s_31_4_1_U30/idct_am_addmul_16s_16s_14s_31_4_1_DSP48_3_U/b_reg_reg is absorbed into DSP am_addmul_21s_21s_14s_32_4_1_U96/idct_am_addmul_21s_21s_14s_32_4_1_DSP48_21_U/p_reg_reg.
DSP Report: register workspace_88_reg_11085_reg is absorbed into DSP am_addmul_21s_21s_14s_32_4_1_U96/idct_am_addmul_21s_21s_14s_32_4_1_DSP48_21_U/p_reg_reg.
DSP Report: register am_addmul_21s_21s_14s_32_4_1_U96/idct_am_addmul_21s_21s_14s_32_4_1_DSP48_21_U/p_reg_reg is absorbed into DSP am_addmul_21s_21s_14s_32_4_1_U96/idct_am_addmul_21s_21s_14s_32_4_1_DSP48_21_U/p_reg_reg.
DSP Report: register am_addmul_21s_21s_14s_32_4_1_U96/idct_am_addmul_21s_21s_14s_32_4_1_DSP48_21_U/m_reg_reg is absorbed into DSP am_addmul_21s_21s_14s_32_4_1_U96/idct_am_addmul_21s_21s_14s_32_4_1_DSP48_21_U/p_reg_reg.
DSP Report: register am_addmul_21s_21s_14s_32_4_1_U96/idct_am_addmul_21s_21s_14s_32_4_1_DSP48_21_U/ad_reg_reg is absorbed into DSP am_addmul_21s_21s_14s_32_4_1_U96/idct_am_addmul_21s_21s_14s_32_4_1_DSP48_21_U/p_reg_reg.
DSP Report: operator am_addmul_21s_21s_14s_32_4_1_U96/idct_am_addmul_21s_21s_14s_32_4_1_DSP48_21_U/m is absorbed into DSP am_addmul_21s_21s_14s_32_4_1_U96/idct_am_addmul_21s_21s_14s_32_4_1_DSP48_21_U/p_reg_reg.
DSP Report: operator am_addmul_21s_21s_14s_32_4_1_U96/idct_am_addmul_21s_21s_14s_32_4_1_DSP48_21_U/ad is absorbed into DSP am_addmul_21s_21s_14s_32_4_1_U96/idct_am_addmul_21s_21s_14s_32_4_1_DSP48_21_U/p_reg_reg.
DSP Report: Generating DSP am_addmul_16s_16s_14s_31_4_1_U14/idct_am_addmul_16s_16s_14s_31_4_1_DSP48_3_U/p_reg_reg, operation Mode is: ((D'+A2)*(B:0x3e333)')'.
DSP Report: register tmp0_1_reg_10323_reg is absorbed into DSP am_addmul_16s_16s_14s_31_4_1_U14/idct_am_addmul_16s_16s_14s_31_4_1_DSP48_3_U/p_reg_reg.
DSP Report: register tmp3_1_reg_10049_reg is absorbed into DSP am_addmul_16s_16s_14s_31_4_1_U14/idct_am_addmul_16s_16s_14s_31_4_1_DSP48_3_U/p_reg_reg.
DSP Report: register am_addmul_16s_16s_14s_31_4_1_U12/idct_am_addmul_16s_16s_14s_31_4_1_DSP48_3_U/b_reg_reg is absorbed into DSP am_addmul_16s_16s_14s_31_4_1_U14/idct_am_addmul_16s_16s_14s_31_4_1_DSP48_3_U/p_reg_reg.
DSP Report: register am_addmul_16s_16s_14s_31_4_1_U14/idct_am_addmul_16s_16s_14s_31_4_1_DSP48_3_U/p_reg_reg is absorbed into DSP am_addmul_16s_16s_14s_31_4_1_U14/idct_am_addmul_16s_16s_14s_31_4_1_DSP48_3_U/p_reg_reg.
DSP Report: register am_addmul_16s_16s_14s_31_4_1_U14/idct_am_addmul_16s_16s_14s_31_4_1_DSP48_3_U/m_reg_reg is absorbed into DSP am_addmul_16s_16s_14s_31_4_1_U14/idct_am_addmul_16s_16s_14s_31_4_1_DSP48_3_U/p_reg_reg.
DSP Report: register am_addmul_16s_16s_14s_31_4_1_U14/idct_am_addmul_16s_16s_14s_31_4_1_DSP48_3_U/ad_reg_reg is absorbed into DSP am_addmul_16s_16s_14s_31_4_1_U14/idct_am_addmul_16s_16s_14s_31_4_1_DSP48_3_U/p_reg_reg.
DSP Report: operator am_addmul_16s_16s_14s_31_4_1_U14/idct_am_addmul_16s_16s_14s_31_4_1_DSP48_3_U/m is absorbed into DSP am_addmul_16s_16s_14s_31_4_1_U14/idct_am_addmul_16s_16s_14s_31_4_1_DSP48_3_U/p_reg_reg.
DSP Report: operator am_addmul_16s_16s_14s_31_4_1_U14/idct_am_addmul_16s_16s_14s_31_4_1_DSP48_3_U/ad is absorbed into DSP am_addmul_16s_16s_14s_31_4_1_U14/idct_am_addmul_16s_16s_14s_31_4_1_DSP48_3_U/p_reg_reg.
DSP Report: Generating DSP mac_muladd_16s_14ns_31s_31_4_1_U40/idct_mac_muladd_16s_14ns_31s_31_4_1_DSP48_7_U/p_reg_reg, operation Mode is: (PCIN+((A:0x300b)'*B'')')'.
DSP Report: register mac_muladd_16s_14ns_31s_31_4_1_U40/idct_mac_muladd_16s_14ns_31s_31_4_1_DSP48_7_U/p_reg_reg is absorbed into DSP mac_muladd_16s_14ns_31s_31_4_1_U40/idct_mac_muladd_16s_14ns_31s_31_4_1_DSP48_7_U/p_reg_reg.
DSP Report: register mac_muladd_16s_14ns_31s_31_4_1_U40/idct_mac_muladd_16s_14ns_31s_31_4_1_DSP48_7_U/p_reg_reg is absorbed into DSP mac_muladd_16s_14ns_31s_31_4_1_U40/idct_mac_muladd_16s_14ns_31s_31_4_1_DSP48_7_U/p_reg_reg.
DSP Report: register mac_muladd_16s_14ns_31s_31_4_1_U34/idct_mac_muladd_16s_14ns_31s_31_4_1_DSP48_7_U/b_reg_reg is absorbed into DSP mac_muladd_16s_14ns_31s_31_4_1_U40/idct_mac_muladd_16s_14ns_31s_31_4_1_DSP48_7_U/p_reg_reg.
DSP Report: register mac_muladd_16s_14ns_31s_31_4_1_U40/idct_mac_muladd_16s_14ns_31s_31_4_1_DSP48_7_U/p_reg_reg is absorbed into DSP mac_muladd_16s_14ns_31s_31_4_1_U40/idct_mac_muladd_16s_14ns_31s_31_4_1_DSP48_7_U/p_reg_reg.
DSP Report: register mac_muladd_16s_14ns_31s_31_4_1_U40/idct_mac_muladd_16s_14ns_31s_31_4_1_DSP48_7_U/m_reg_reg is absorbed into DSP mac_muladd_16s_14ns_31s_31_4_1_U40/idct_mac_muladd_16s_14ns_31s_31_4_1_DSP48_7_U/p_reg_reg.
DSP Report: operator mac_muladd_16s_14ns_31s_31_4_1_U40/idct_mac_muladd_16s_14ns_31s_31_4_1_DSP48_7_U/p is absorbed into DSP mac_muladd_16s_14ns_31s_31_4_1_U40/idct_mac_muladd_16s_14ns_31s_31_4_1_DSP48_7_U/p_reg_reg.
DSP Report: operator mac_muladd_16s_14ns_31s_31_4_1_U40/idct_mac_muladd_16s_14ns_31s_31_4_1_DSP48_7_U/m is absorbed into DSP mac_muladd_16s_14ns_31s_31_4_1_U40/idct_mac_muladd_16s_14ns_31s_31_4_1_DSP48_7_U/p_reg_reg.
DSP Report: Generating DSP am_addmul_17s_17s_14ns_32_4_1_U13/idct_am_addmul_17s_17s_14ns_32_4_1_DSP48_2_U/p_reg_reg, operation Mode is: ((D+A)*(B:0x25a1)')'.
DSP Report: register am_addmul_17s_17s_14ns_32_4_1_U11/idct_am_addmul_17s_17s_14ns_32_4_1_DSP48_2_U/b_reg_reg is absorbed into DSP am_addmul_17s_17s_14ns_32_4_1_U13/idct_am_addmul_17s_17s_14ns_32_4_1_DSP48_2_U/p_reg_reg.
DSP Report: register am_addmul_17s_17s_14ns_32_4_1_U13/idct_am_addmul_17s_17s_14ns_32_4_1_DSP48_2_U/p_reg_reg is absorbed into DSP am_addmul_17s_17s_14ns_32_4_1_U13/idct_am_addmul_17s_17s_14ns_32_4_1_DSP48_2_U/p_reg_reg.
DSP Report: register am_addmul_17s_17s_14ns_32_4_1_U13/idct_am_addmul_17s_17s_14ns_32_4_1_DSP48_2_U/m_reg_reg is absorbed into DSP am_addmul_17s_17s_14ns_32_4_1_U13/idct_am_addmul_17s_17s_14ns_32_4_1_DSP48_2_U/p_reg_reg.
DSP Report: register am_addmul_17s_17s_14ns_32_4_1_U13/idct_am_addmul_17s_17s_14ns_32_4_1_DSP48_2_U/ad_reg_reg is absorbed into DSP am_addmul_17s_17s_14ns_32_4_1_U13/idct_am_addmul_17s_17s_14ns_32_4_1_DSP48_2_U/p_reg_reg.
DSP Report: operator am_addmul_17s_17s_14ns_32_4_1_U13/idct_am_addmul_17s_17s_14ns_32_4_1_DSP48_2_U/m is absorbed into DSP am_addmul_17s_17s_14ns_32_4_1_U13/idct_am_addmul_17s_17s_14ns_32_4_1_DSP48_2_U/p_reg_reg.
DSP Report: operator am_addmul_17s_17s_14ns_32_4_1_U13/idct_am_addmul_17s_17s_14ns_32_4_1_DSP48_2_U/ad is absorbed into DSP am_addmul_17s_17s_14ns_32_4_1_U13/idct_am_addmul_17s_17s_14ns_32_4_1_DSP48_2_U/p_reg_reg.
DSP Report: Generating DSP mac_muladd_17s_13s_32s_32_4_1_U42/idct_mac_muladd_17s_13s_32s_32_4_1_DSP48_9_U/p_reg_reg, operation Mode is: (PCIN+(A''*(B:0x3f384)')')'.
DSP Report: register mac_muladd_17s_13s_32s_32_4_1_U42/idct_mac_muladd_17s_13s_32s_32_4_1_DSP48_9_U/p_reg_reg is absorbed into DSP mac_muladd_17s_13s_32s_32_4_1_U42/idct_mac_muladd_17s_13s_32s_32_4_1_DSP48_9_U/p_reg_reg.
DSP Report: register mac_muladd_17s_13s_32s_32_4_1_U42/idct_mac_muladd_17s_13s_32s_32_4_1_DSP48_9_U/p_reg_reg is absorbed into DSP mac_muladd_17s_13s_32s_32_4_1_U42/idct_mac_muladd_17s_13s_32s_32_4_1_DSP48_9_U/p_reg_reg.
DSP Report: register mac_muladd_17s_13s_32s_32_4_1_U36/idct_mac_muladd_17s_13s_32s_32_4_1_DSP48_9_U/b_reg_reg is absorbed into DSP mac_muladd_17s_13s_32s_32_4_1_U42/idct_mac_muladd_17s_13s_32s_32_4_1_DSP48_9_U/p_reg_reg.
DSP Report: register mac_muladd_17s_13s_32s_32_4_1_U42/idct_mac_muladd_17s_13s_32s_32_4_1_DSP48_9_U/p_reg_reg is absorbed into DSP mac_muladd_17s_13s_32s_32_4_1_U42/idct_mac_muladd_17s_13s_32s_32_4_1_DSP48_9_U/p_reg_reg.
DSP Report: register mac_muladd_17s_13s_32s_32_4_1_U42/idct_mac_muladd_17s_13s_32s_32_4_1_DSP48_9_U/m_reg_reg is absorbed into DSP mac_muladd_17s_13s_32s_32_4_1_U42/idct_mac_muladd_17s_13s_32s_32_4_1_DSP48_9_U/p_reg_reg.
DSP Report: operator mac_muladd_17s_13s_32s_32_4_1_U42/idct_mac_muladd_17s_13s_32s_32_4_1_DSP48_9_U/p is absorbed into DSP mac_muladd_17s_13s_32s_32_4_1_U42/idct_mac_muladd_17s_13s_32s_32_4_1_DSP48_9_U/p_reg_reg.
DSP Report: operator mac_muladd_17s_13s_32s_32_4_1_U42/idct_mac_muladd_17s_13s_32s_32_4_1_DSP48_9_U/m is absorbed into DSP mac_muladd_17s_13s_32s_32_4_1_U42/idct_mac_muladd_17s_13s_32s_32_4_1_DSP48_9_U/p_reg_reg.
DSP Report: Generating DSP am_addmul_16s_16s_13ns_31_4_1_U2/idct_am_addmul_16s_16s_13ns_31_4_1_DSP48_0_U/p_reg_reg, operation Mode is: ((D'+A2)*(B:0x1151)')'.
DSP Report: register z2_2_reg_10091_reg is absorbed into DSP am_addmul_16s_16s_13ns_31_4_1_U2/idct_am_addmul_16s_16s_13ns_31_4_1_DSP48_0_U/p_reg_reg.
DSP Report: register z3_3_reg_10275_reg is absorbed into DSP am_addmul_16s_16s_13ns_31_4_1_U2/idct_am_addmul_16s_16s_13ns_31_4_1_DSP48_0_U/p_reg_reg.
DSP Report: register am_addmul_16s_16s_13ns_31_4_1_U1/idct_am_addmul_16s_16s_13ns_31_4_1_DSP48_0_U/b_reg_reg is absorbed into DSP am_addmul_16s_16s_13ns_31_4_1_U2/idct_am_addmul_16s_16s_13ns_31_4_1_DSP48_0_U/p_reg_reg.
DSP Report: register am_addmul_16s_16s_13ns_31_4_1_U2/idct_am_addmul_16s_16s_13ns_31_4_1_DSP48_0_U/p_reg_reg is absorbed into DSP am_addmul_16s_16s_13ns_31_4_1_U2/idct_am_addmul_16s_16s_13ns_31_4_1_DSP48_0_U/p_reg_reg.
DSP Report: register am_addmul_16s_16s_13ns_31_4_1_U2/idct_am_addmul_16s_16s_13ns_31_4_1_DSP48_0_U/m_reg_reg is absorbed into DSP am_addmul_16s_16s_13ns_31_4_1_U2/idct_am_addmul_16s_16s_13ns_31_4_1_DSP48_0_U/p_reg_reg.
DSP Report: register am_addmul_16s_16s_13ns_31_4_1_U2/idct_am_addmul_16s_16s_13ns_31_4_1_DSP48_0_U/ad_reg_reg is absorbed into DSP am_addmul_16s_16s_13ns_31_4_1_U2/idct_am_addmul_16s_16s_13ns_31_4_1_DSP48_0_U/p_reg_reg.
DSP Report: operator am_addmul_16s_16s_13ns_31_4_1_U2/idct_am_addmul_16s_16s_13ns_31_4_1_DSP48_0_U/m is absorbed into DSP am_addmul_16s_16s_13ns_31_4_1_U2/idct_am_addmul_16s_16s_13ns_31_4_1_DSP48_0_U/p_reg_reg.
DSP Report: operator am_addmul_16s_16s_13ns_31_4_1_U2/idct_am_addmul_16s_16s_13ns_31_4_1_DSP48_0_U/ad is absorbed into DSP am_addmul_16s_16s_13ns_31_4_1_U2/idct_am_addmul_16s_16s_13ns_31_4_1_DSP48_0_U/p_reg_reg.
DSP Report: Generating DSP mac_muladd_16s_13ns_30ns_30_4_1_U22/idct_mac_muladd_16s_13ns_30ns_30_4_1_DSP48_5_U/p_reg_reg, operation Mode is: (C+((A:0x187e)'*B'')')'.
DSP Report: register mac_muladd_16s_13ns_30ns_30_4_1_U22/idct_mac_muladd_16s_13ns_30ns_30_4_1_DSP48_5_U/p_reg_reg is absorbed into DSP mac_muladd_16s_13ns_30ns_30_4_1_U22/idct_mac_muladd_16s_13ns_30ns_30_4_1_DSP48_5_U/p_reg_reg.
DSP Report: register mac_muladd_16s_13ns_30ns_30_4_1_U22/idct_mac_muladd_16s_13ns_30ns_30_4_1_DSP48_5_U/p_reg_reg is absorbed into DSP mac_muladd_16s_13ns_30ns_30_4_1_U22/idct_mac_muladd_16s_13ns_30ns_30_4_1_DSP48_5_U/p_reg_reg.
DSP Report: register mac_muladd_16s_13ns_30ns_30_4_1_U20/idct_mac_muladd_16s_13ns_30ns_30_4_1_DSP48_5_U/b_reg_reg is absorbed into DSP mac_muladd_16s_13ns_30ns_30_4_1_U22/idct_mac_muladd_16s_13ns_30ns_30_4_1_DSP48_5_U/p_reg_reg.
DSP Report: register mac_muladd_16s_13ns_30ns_30_4_1_U22/idct_mac_muladd_16s_13ns_30ns_30_4_1_DSP48_5_U/p_reg_reg is absorbed into DSP mac_muladd_16s_13ns_30ns_30_4_1_U22/idct_mac_muladd_16s_13ns_30ns_30_4_1_DSP48_5_U/p_reg_reg.
DSP Report: register mac_muladd_16s_13ns_30ns_30_4_1_U22/idct_mac_muladd_16s_13ns_30ns_30_4_1_DSP48_5_U/m_reg_reg is absorbed into DSP mac_muladd_16s_13ns_30ns_30_4_1_U22/idct_mac_muladd_16s_13ns_30ns_30_4_1_DSP48_5_U/p_reg_reg.
DSP Report: operator mac_muladd_16s_13ns_30ns_30_4_1_U22/idct_mac_muladd_16s_13ns_30ns_30_4_1_DSP48_5_U/p is absorbed into DSP mac_muladd_16s_13ns_30ns_30_4_1_U22/idct_mac_muladd_16s_13ns_30ns_30_4_1_DSP48_5_U/p_reg_reg.
DSP Report: operator mac_muladd_16s_13ns_30ns_30_4_1_U22/idct_mac_muladd_16s_13ns_30ns_30_4_1_DSP48_5_U/m is absorbed into DSP mac_muladd_16s_13ns_30ns_30_4_1_U22/idct_mac_muladd_16s_13ns_30ns_30_4_1_DSP48_5_U/p_reg_reg.
DSP Report: Generating DSP am_addmul_16s_16s_14s_31_4_1_U16/idct_am_addmul_16s_16s_14s_31_4_1_DSP48_3_U/p_reg_reg, operation Mode is: ((D'+A2)*(B:0x3e333)')'.
DSP Report: register tmp0_2_reg_10335_reg is absorbed into DSP am_addmul_16s_16s_14s_31_4_1_U16/idct_am_addmul_16s_16s_14s_31_4_1_DSP48_3_U/p_reg_reg.
DSP Report: register tmp3_2_reg_10061_reg is absorbed into DSP am_addmul_16s_16s_14s_31_4_1_U16/idct_am_addmul_16s_16s_14s_31_4_1_DSP48_3_U/p_reg_reg.
DSP Report: register am_addmul_16s_16s_14s_31_4_1_U12/idct_am_addmul_16s_16s_14s_31_4_1_DSP48_3_U/b_reg_reg is absorbed into DSP am_addmul_16s_16s_14s_31_4_1_U16/idct_am_addmul_16s_16s_14s_31_4_1_DSP48_3_U/p_reg_reg.
DSP Report: register am_addmul_16s_16s_14s_31_4_1_U16/idct_am_addmul_16s_16s_14s_31_4_1_DSP48_3_U/p_reg_reg is absorbed into DSP am_addmul_16s_16s_14s_31_4_1_U16/idct_am_addmul_16s_16s_14s_31_4_1_DSP48_3_U/p_reg_reg.
DSP Report: register am_addmul_16s_16s_14s_31_4_1_U16/idct_am_addmul_16s_16s_14s_31_4_1_DSP48_3_U/m_reg_reg is absorbed into DSP am_addmul_16s_16s_14s_31_4_1_U16/idct_am_addmul_16s_16s_14s_31_4_1_DSP48_3_U/p_reg_reg.
DSP Report: register am_addmul_16s_16s_14s_31_4_1_U16/idct_am_addmul_16s_16s_14s_31_4_1_DSP48_3_U/ad_reg_reg is absorbed into DSP am_addmul_16s_16s_14s_31_4_1_U16/idct_am_addmul_16s_16s_14s_31_4_1_DSP48_3_U/p_reg_reg.
DSP Report: operator am_addmul_16s_16s_14s_31_4_1_U16/idct_am_addmul_16s_16s_14s_31_4_1_DSP48_3_U/m is absorbed into DSP am_addmul_16s_16s_14s_31_4_1_U16/idct_am_addmul_16s_16s_14s_31_4_1_DSP48_3_U/p_reg_reg.
DSP Report: operator am_addmul_16s_16s_14s_31_4_1_U16/idct_am_addmul_16s_16s_14s_31_4_1_DSP48_3_U/ad is absorbed into DSP am_addmul_16s_16s_14s_31_4_1_U16/idct_am_addmul_16s_16s_14s_31_4_1_DSP48_3_U/p_reg_reg.
DSP Report: Generating DSP mac_muladd_16s_14ns_31s_31_4_1_U44/idct_mac_muladd_16s_14ns_31s_31_4_1_DSP48_7_U/p_reg_reg, operation Mode is: (PCIN+((A:0x300b)'*B'')')'.
DSP Report: register mac_muladd_16s_14ns_31s_31_4_1_U44/idct_mac_muladd_16s_14ns_31s_31_4_1_DSP48_7_U/p_reg_reg is absorbed into DSP mac_muladd_16s_14ns_31s_31_4_1_U44/idct_mac_muladd_16s_14ns_31s_31_4_1_DSP48_7_U/p_reg_reg.
DSP Report: register mac_muladd_16s_14ns_31s_31_4_1_U44/idct_mac_muladd_16s_14ns_31s_31_4_1_DSP48_7_U/p_reg_reg is absorbed into DSP mac_muladd_16s_14ns_31s_31_4_1_U44/idct_mac_muladd_16s_14ns_31s_31_4_1_DSP48_7_U/p_reg_reg.
DSP Report: register mac_muladd_16s_14ns_31s_31_4_1_U34/idct_mac_muladd_16s_14ns_31s_31_4_1_DSP48_7_U/b_reg_reg is absorbed into DSP mac_muladd_16s_14ns_31s_31_4_1_U44/idct_mac_muladd_16s_14ns_31s_31_4_1_DSP48_7_U/p_reg_reg.
DSP Report: register mac_muladd_16s_14ns_31s_31_4_1_U44/idct_mac_muladd_16s_14ns_31s_31_4_1_DSP48_7_U/p_reg_reg is absorbed into DSP mac_muladd_16s_14ns_31s_31_4_1_U44/idct_mac_muladd_16s_14ns_31s_31_4_1_DSP48_7_U/p_reg_reg.
DSP Report: register mac_muladd_16s_14ns_31s_31_4_1_U44/idct_mac_muladd_16s_14ns_31s_31_4_1_DSP48_7_U/m_reg_reg is absorbed into DSP mac_muladd_16s_14ns_31s_31_4_1_U44/idct_mac_muladd_16s_14ns_31s_31_4_1_DSP48_7_U/p_reg_reg.
DSP Report: operator mac_muladd_16s_14ns_31s_31_4_1_U44/idct_mac_muladd_16s_14ns_31s_31_4_1_DSP48_7_U/p is absorbed into DSP mac_muladd_16s_14ns_31s_31_4_1_U44/idct_mac_muladd_16s_14ns_31s_31_4_1_DSP48_7_U/p_reg_reg.
DSP Report: operator mac_muladd_16s_14ns_31s_31_4_1_U44/idct_mac_muladd_16s_14ns_31s_31_4_1_DSP48_7_U/m is absorbed into DSP mac_muladd_16s_14ns_31s_31_4_1_U44/idct_mac_muladd_16s_14ns_31s_31_4_1_DSP48_7_U/p_reg_reg.
DSP Report: Generating DSP am_addmul_17s_17s_14ns_32_4_1_U15/idct_am_addmul_17s_17s_14ns_32_4_1_DSP48_2_U/p_reg_reg, operation Mode is: ((D+A)*(B:0x25a1)')'.
DSP Report: register am_addmul_17s_17s_14ns_32_4_1_U11/idct_am_addmul_17s_17s_14ns_32_4_1_DSP48_2_U/b_reg_reg is absorbed into DSP am_addmul_17s_17s_14ns_32_4_1_U15/idct_am_addmul_17s_17s_14ns_32_4_1_DSP48_2_U/p_reg_reg.
DSP Report: register am_addmul_17s_17s_14ns_32_4_1_U15/idct_am_addmul_17s_17s_14ns_32_4_1_DSP48_2_U/p_reg_reg is absorbed into DSP am_addmul_17s_17s_14ns_32_4_1_U15/idct_am_addmul_17s_17s_14ns_32_4_1_DSP48_2_U/p_reg_reg.
DSP Report: register am_addmul_17s_17s_14ns_32_4_1_U15/idct_am_addmul_17s_17s_14ns_32_4_1_DSP48_2_U/m_reg_reg is absorbed into DSP am_addmul_17s_17s_14ns_32_4_1_U15/idct_am_addmul_17s_17s_14ns_32_4_1_DSP48_2_U/p_reg_reg.
DSP Report: register am_addmul_17s_17s_14ns_32_4_1_U15/idct_am_addmul_17s_17s_14ns_32_4_1_DSP48_2_U/ad_reg_reg is absorbed into DSP am_addmul_17s_17s_14ns_32_4_1_U15/idct_am_addmul_17s_17s_14ns_32_4_1_DSP48_2_U/p_reg_reg.
DSP Report: operator am_addmul_17s_17s_14ns_32_4_1_U15/idct_am_addmul_17s_17s_14ns_32_4_1_DSP48_2_U/m is absorbed into DSP am_addmul_17s_17s_14ns_32_4_1_U15/idct_am_addmul_17s_17s_14ns_32_4_1_DSP48_2_U/p_reg_reg.
DSP Report: operator am_addmul_17s_17s_14ns_32_4_1_U15/idct_am_addmul_17s_17s_14ns_32_4_1_DSP48_2_U/ad is absorbed into DSP am_addmul_17s_17s_14ns_32_4_1_U15/idct_am_addmul_17s_17s_14ns_32_4_1_DSP48_2_U/p_reg_reg.
DSP Report: Generating DSP mac_muladd_17s_13s_32s_32_4_1_U46/idct_mac_muladd_17s_13s_32s_32_4_1_DSP48_9_U/p_reg_reg, operation Mode is: (PCIN+(A''*(B:0x3f384)')')'.
DSP Report: register mac_muladd_17s_13s_32s_32_4_1_U46/idct_mac_muladd_17s_13s_32s_32_4_1_DSP48_9_U/p_reg_reg is absorbed into DSP mac_muladd_17s_13s_32s_32_4_1_U46/idct_mac_muladd_17s_13s_32s_32_4_1_DSP48_9_U/p_reg_reg.
DSP Report: register mac_muladd_17s_13s_32s_32_4_1_U46/idct_mac_muladd_17s_13s_32s_32_4_1_DSP48_9_U/p_reg_reg is absorbed into DSP mac_muladd_17s_13s_32s_32_4_1_U46/idct_mac_muladd_17s_13s_32s_32_4_1_DSP48_9_U/p_reg_reg.
DSP Report: register mac_muladd_17s_13s_32s_32_4_1_U36/idct_mac_muladd_17s_13s_32s_32_4_1_DSP48_9_U/b_reg_reg is absorbed into DSP mac_muladd_17s_13s_32s_32_4_1_U46/idct_mac_muladd_17s_13s_32s_32_4_1_DSP48_9_U/p_reg_reg.
DSP Report: register mac_muladd_17s_13s_32s_32_4_1_U46/idct_mac_muladd_17s_13s_32s_32_4_1_DSP48_9_U/p_reg_reg is absorbed into DSP mac_muladd_17s_13s_32s_32_4_1_U46/idct_mac_muladd_17s_13s_32s_32_4_1_DSP48_9_U/p_reg_reg.
DSP Report: register mac_muladd_17s_13s_32s_32_4_1_U46/idct_mac_muladd_17s_13s_32s_32_4_1_DSP48_9_U/m_reg_reg is absorbed into DSP mac_muladd_17s_13s_32s_32_4_1_U46/idct_mac_muladd_17s_13s_32s_32_4_1_DSP48_9_U/p_reg_reg.
DSP Report: operator mac_muladd_17s_13s_32s_32_4_1_U46/idct_mac_muladd_17s_13s_32s_32_4_1_DSP48_9_U/p is absorbed into DSP mac_muladd_17s_13s_32s_32_4_1_U46/idct_mac_muladd_17s_13s_32s_32_4_1_DSP48_9_U/p_reg_reg.
DSP Report: operator mac_muladd_17s_13s_32s_32_4_1_U46/idct_mac_muladd_17s_13s_32s_32_4_1_DSP48_9_U/m is absorbed into DSP mac_muladd_17s_13s_32s_32_4_1_U46/idct_mac_muladd_17s_13s_32s_32_4_1_DSP48_9_U/p_reg_reg.
DSP Report: Generating DSP am_addmul_16s_16s_13ns_31_4_1_U3/idct_am_addmul_16s_16s_13ns_31_4_1_DSP48_0_U/p_reg_reg, operation Mode is: ((D'+A2)*(B:0x1151)')'.
DSP Report: register z2_5_reg_10103_reg is absorbed into DSP am_addmul_16s_16s_13ns_31_4_1_U3/idct_am_addmul_16s_16s_13ns_31_4_1_DSP48_0_U/p_reg_reg.
DSP Report: register z3_7_reg_10287_reg is absorbed into DSP am_addmul_16s_16s_13ns_31_4_1_U3/idct_am_addmul_16s_16s_13ns_31_4_1_DSP48_0_U/p_reg_reg.
DSP Report: register am_addmul_16s_16s_13ns_31_4_1_U1/idct_am_addmul_16s_16s_13ns_31_4_1_DSP48_0_U/b_reg_reg is absorbed into DSP am_addmul_16s_16s_13ns_31_4_1_U3/idct_am_addmul_16s_16s_13ns_31_4_1_DSP48_0_U/p_reg_reg.
DSP Report: register am_addmul_16s_16s_13ns_31_4_1_U3/idct_am_addmul_16s_16s_13ns_31_4_1_DSP48_0_U/p_reg_reg is absorbed into DSP am_addmul_16s_16s_13ns_31_4_1_U3/idct_am_addmul_16s_16s_13ns_31_4_1_DSP48_0_U/p_reg_reg.
DSP Report: register am_addmul_16s_16s_13ns_31_4_1_U3/idct_am_addmul_16s_16s_13ns_31_4_1_DSP48_0_U/m_reg_reg is absorbed into DSP am_addmul_16s_16s_13ns_31_4_1_U3/idct_am_addmul_16s_16s_13ns_31_4_1_DSP48_0_U/p_reg_reg.
DSP Report: register am_addmul_16s_16s_13ns_31_4_1_U3/idct_am_addmul_16s_16s_13ns_31_4_1_DSP48_0_U/ad_reg_reg is absorbed into DSP am_addmul_16s_16s_13ns_31_4_1_U3/idct_am_addmul_16s_16s_13ns_31_4_1_DSP48_0_U/p_reg_reg.
DSP Report: operator am_addmul_16s_16s_13ns_31_4_1_U3/idct_am_addmul_16s_16s_13ns_31_4_1_DSP48_0_U/m is absorbed into DSP am_addmul_16s_16s_13ns_31_4_1_U3/idct_am_addmul_16s_16s_13ns_31_4_1_DSP48_0_U/p_reg_reg.
DSP Report: operator am_addmul_16s_16s_13ns_31_4_1_U3/idct_am_addmul_16s_16s_13ns_31_4_1_DSP48_0_U/ad is absorbed into DSP am_addmul_16s_16s_13ns_31_4_1_U3/idct_am_addmul_16s_16s_13ns_31_4_1_DSP48_0_U/p_reg_reg.
DSP Report: Generating DSP mac_muladd_16s_13ns_30ns_30_4_1_U24/idct_mac_muladd_16s_13ns_30ns_30_4_1_DSP48_5_U/p_reg_reg, operation Mode is: (C+((A:0x187e)'*B'')')'.
DSP Report: register mac_muladd_16s_13ns_30ns_30_4_1_U24/idct_mac_muladd_16s_13ns_30ns_30_4_1_DSP48_5_U/p_reg_reg is absorbed into DSP mac_muladd_16s_13ns_30ns_30_4_1_U24/idct_mac_muladd_16s_13ns_30ns_30_4_1_DSP48_5_U/p_reg_reg.
DSP Report: register mac_muladd_16s_13ns_30ns_30_4_1_U24/idct_mac_muladd_16s_13ns_30ns_30_4_1_DSP48_5_U/p_reg_reg is absorbed into DSP mac_muladd_16s_13ns_30ns_30_4_1_U24/idct_mac_muladd_16s_13ns_30ns_30_4_1_DSP48_5_U/p_reg_reg.
DSP Report: register mac_muladd_16s_13ns_30ns_30_4_1_U20/idct_mac_muladd_16s_13ns_30ns_30_4_1_DSP48_5_U/b_reg_reg is absorbed into DSP mac_muladd_16s_13ns_30ns_30_4_1_U24/idct_mac_muladd_16s_13ns_30ns_30_4_1_DSP48_5_U/p_reg_reg.
DSP Report: register mac_muladd_16s_13ns_30ns_30_4_1_U24/idct_mac_muladd_16s_13ns_30ns_30_4_1_DSP48_5_U/p_reg_reg is absorbed into DSP mac_muladd_16s_13ns_30ns_30_4_1_U24/idct_mac_muladd_16s_13ns_30ns_30_4_1_DSP48_5_U/p_reg_reg.
DSP Report: register mac_muladd_16s_13ns_30ns_30_4_1_U24/idct_mac_muladd_16s_13ns_30ns_30_4_1_DSP48_5_U/m_reg_reg is absorbed into DSP mac_muladd_16s_13ns_30ns_30_4_1_U24/idct_mac_muladd_16s_13ns_30ns_30_4_1_DSP48_5_U/p_reg_reg.
DSP Report: operator mac_muladd_16s_13ns_30ns_30_4_1_U24/idct_mac_muladd_16s_13ns_30ns_30_4_1_DSP48_5_U/p is absorbed into DSP mac_muladd_16s_13ns_30ns_30_4_1_U24/idct_mac_muladd_16s_13ns_30ns_30_4_1_DSP48_5_U/p_reg_reg.
DSP Report: operator mac_muladd_16s_13ns_30ns_30_4_1_U24/idct_mac_muladd_16s_13ns_30ns_30_4_1_DSP48_5_U/m is absorbed into DSP mac_muladd_16s_13ns_30ns_30_4_1_U24/idct_mac_muladd_16s_13ns_30ns_30_4_1_DSP48_5_U/p_reg_reg.
DSP Report: Generating DSP am_addmul_22s_22s_14ns_32_4_1_U95/idct_am_addmul_22s_22s_14ns_32_4_1_DSP48_20_U/p_reg_reg, operation Mode is: ((D+A)*(B:0x25a1)')'.
DSP Report: register am_addmul_17s_17s_14ns_32_4_1_U29/idct_am_addmul_17s_17s_14ns_32_4_1_DSP48_2_U/b_reg_reg is absorbed into DSP am_addmul_22s_22s_14ns_32_4_1_U95/idct_am_addmul_22s_22s_14ns_32_4_1_DSP48_20_U/p_reg_reg.
DSP Report: register am_addmul_22s_22s_14ns_32_4_1_U95/idct_am_addmul_22s_22s_14ns_32_4_1_DSP48_20_U/p_reg_reg is absorbed into DSP am_addmul_22s_22s_14ns_32_4_1_U95/idct_am_addmul_22s_22s_14ns_32_4_1_DSP48_20_U/p_reg_reg.
DSP Report: register am_addmul_22s_22s_14ns_32_4_1_U95/idct_am_addmul_22s_22s_14ns_32_4_1_DSP48_20_U/m_reg_reg is absorbed into DSP am_addmul_22s_22s_14ns_32_4_1_U95/idct_am_addmul_22s_22s_14ns_32_4_1_DSP48_20_U/p_reg_reg.
DSP Report: register am_addmul_22s_22s_14ns_32_4_1_U95/idct_am_addmul_22s_22s_14ns_32_4_1_DSP48_20_U/ad_reg_reg is absorbed into DSP am_addmul_22s_22s_14ns_32_4_1_U95/idct_am_addmul_22s_22s_14ns_32_4_1_DSP48_20_U/p_reg_reg.
DSP Report: operator am_addmul_22s_22s_14ns_32_4_1_U95/idct_am_addmul_22s_22s_14ns_32_4_1_DSP48_20_U/m is absorbed into DSP am_addmul_22s_22s_14ns_32_4_1_U95/idct_am_addmul_22s_22s_14ns_32_4_1_DSP48_20_U/p_reg_reg.
DSP Report: operator am_addmul_22s_22s_14ns_32_4_1_U95/idct_am_addmul_22s_22s_14ns_32_4_1_DSP48_20_U/ad is absorbed into DSP am_addmul_22s_22s_14ns_32_4_1_U95/idct_am_addmul_22s_22s_14ns_32_4_1_DSP48_20_U/p_reg_reg.
DSP Report: Generating DSP mac_muladd_22s_15s_32s_32_4_1_U131/idct_mac_muladd_22s_15s_32s_32_4_1_DSP48_27_U/p_reg_reg, operation Mode is: (PCIN+(A''*(B:0x3c13b)')')'.
DSP Report: register mac_muladd_17s_15s_32s_32_4_1_U35/idct_mac_muladd_17s_15s_32s_32_4_1_DSP48_8_U/b_reg_reg is absorbed into DSP mac_muladd_22s_15s_32s_32_4_1_U131/idct_mac_muladd_22s_15s_32s_32_4_1_DSP48_27_U/p_reg_reg.
DSP Report: register mac_muladd_22s_15s_32s_32_4_1_U131/idct_mac_muladd_22s_15s_32s_32_4_1_DSP48_27_U/p_reg_reg is absorbed into DSP mac_muladd_22s_15s_32s_32_4_1_U131/idct_mac_muladd_22s_15s_32s_32_4_1_DSP48_27_U/p_reg_reg.
DSP Report: register mac_muladd_22s_15s_32s_32_4_1_U131/idct_mac_muladd_22s_15s_32s_32_4_1_DSP48_27_U/p_reg_reg is absorbed into DSP mac_muladd_22s_15s_32s_32_4_1_U131/idct_mac_muladd_22s_15s_32s_32_4_1_DSP48_27_U/p_reg_reg.
DSP Report: register mac_muladd_22s_15s_32s_32_4_1_U131/idct_mac_muladd_22s_15s_32s_32_4_1_DSP48_27_U/p_reg_reg is absorbed into DSP mac_muladd_22s_15s_32s_32_4_1_U131/idct_mac_muladd_22s_15s_32s_32_4_1_DSP48_27_U/p_reg_reg.
DSP Report: register mac_muladd_22s_15s_32s_32_4_1_U131/idct_mac_muladd_22s_15s_32s_32_4_1_DSP48_27_U/m_reg_reg is absorbed into DSP mac_muladd_22s_15s_32s_32_4_1_U131/idct_mac_muladd_22s_15s_32s_32_4_1_DSP48_27_U/p_reg_reg.
DSP Report: operator mac_muladd_22s_15s_32s_32_4_1_U131/idct_mac_muladd_22s_15s_32s_32_4_1_DSP48_27_U/p is absorbed into DSP mac_muladd_22s_15s_32s_32_4_1_U131/idct_mac_muladd_22s_15s_32s_32_4_1_DSP48_27_U/p_reg_reg.
DSP Report: operator mac_muladd_22s_15s_32s_32_4_1_U131/idct_mac_muladd_22s_15s_32s_32_4_1_DSP48_27_U/m is absorbed into DSP mac_muladd_22s_15s_32s_32_4_1_U131/idct_mac_muladd_22s_15s_32s_32_4_1_DSP48_27_U/p_reg_reg.
DSP Report: Generating DSP mac_muladd_21s_12ns_32ns_32_4_1_U165/idct_mac_muladd_21s_12ns_32ns_32_4_1_DSP48_31_U/p_reg_reg, operation Mode is: (PCIN+(A''*(B:0x98e)')')'.
DSP Report: register mac_muladd_16s_12ns_31s_31_4_1_U33/idct_mac_muladd_16s_12ns_31s_31_4_1_DSP48_6_U/b_reg_reg is absorbed into DSP mac_muladd_21s_12ns_32ns_32_4_1_U165/idct_mac_muladd_21s_12ns_32ns_32_4_1_DSP48_31_U/p_reg_reg.
DSP Report: register mac_muladd_21s_12ns_32ns_32_4_1_U165/idct_mac_muladd_21s_12ns_32ns_32_4_1_DSP48_31_U/p_reg_reg is absorbed into DSP mac_muladd_21s_12ns_32ns_32_4_1_U165/idct_mac_muladd_21s_12ns_32ns_32_4_1_DSP48_31_U/p_reg_reg.
DSP Report: register mac_muladd_21s_12ns_32ns_32_4_1_U165/idct_mac_muladd_21s_12ns_32ns_32_4_1_DSP48_31_U/p_reg_reg is absorbed into DSP mac_muladd_21s_12ns_32ns_32_4_1_U165/idct_mac_muladd_21s_12ns_32ns_32_4_1_DSP48_31_U/p_reg_reg.
DSP Report: register mac_muladd_21s_12ns_32ns_32_4_1_U165/idct_mac_muladd_21s_12ns_32ns_32_4_1_DSP48_31_U/p_reg_reg is absorbed into DSP mac_muladd_21s_12ns_32ns_32_4_1_U165/idct_mac_muladd_21s_12ns_32ns_32_4_1_DSP48_31_U/p_reg_reg.
DSP Report: register mac_muladd_21s_12ns_32ns_32_4_1_U165/idct_mac_muladd_21s_12ns_32ns_32_4_1_DSP48_31_U/m_reg_reg is absorbed into DSP mac_muladd_21s_12ns_32ns_32_4_1_U165/idct_mac_muladd_21s_12ns_32ns_32_4_1_DSP48_31_U/p_reg_reg.
DSP Report: operator mac_muladd_21s_12ns_32ns_32_4_1_U165/idct_mac_muladd_21s_12ns_32ns_32_4_1_DSP48_31_U/p is absorbed into DSP mac_muladd_21s_12ns_32ns_32_4_1_U165/idct_mac_muladd_21s_12ns_32ns_32_4_1_DSP48_31_U/p_reg_reg.
DSP Report: operator mac_muladd_21s_12ns_32ns_32_4_1_U165/idct_mac_muladd_21s_12ns_32ns_32_4_1_DSP48_31_U/m is absorbed into DSP mac_muladd_21s_12ns_32ns_32_4_1_U165/idct_mac_muladd_21s_12ns_32ns_32_4_1_DSP48_31_U/p_reg_reg.
DSP Report: Generating DSP am_addmul_16s_16s_14s_31_4_1_U32/idct_am_addmul_16s_16s_14s_31_4_1_DSP48_3_U/p_reg_reg, operation Mode is: ((D'+A2)*(B:0x3e333)')'.
DSP Report: register tmp0_26_reg_10416_reg is absorbed into DSP am_addmul_16s_16s_14s_31_4_1_U32/idct_am_addmul_16s_16s_14s_31_4_1_DSP48_3_U/p_reg_reg.
DSP Report: register tmp3_24_reg_10067_reg is absorbed into DSP am_addmul_16s_16s_14s_31_4_1_U32/idct_am_addmul_16s_16s_14s_31_4_1_DSP48_3_U/p_reg_reg.
DSP Report: register am_addmul_16s_16s_14s_31_4_1_U30/idct_am_addmul_16s_16s_14s_31_4_1_DSP48_3_U/b_reg_reg is absorbed into DSP am_addmul_16s_16s_14s_31_4_1_U32/idct_am_addmul_16s_16s_14s_31_4_1_DSP48_3_U/p_reg_reg.
DSP Report: register am_addmul_16s_16s_14s_31_4_1_U32/idct_am_addmul_16s_16s_14s_31_4_1_DSP48_3_U/p_reg_reg is absorbed into DSP am_addmul_16s_16s_14s_31_4_1_U32/idct_am_addmul_16s_16s_14s_31_4_1_DSP48_3_U/p_reg_reg.
DSP Report: register am_addmul_16s_16s_14s_31_4_1_U32/idct_am_addmul_16s_16s_14s_31_4_1_DSP48_3_U/m_reg_reg is absorbed into DSP am_addmul_16s_16s_14s_31_4_1_U32/idct_am_addmul_16s_16s_14s_31_4_1_DSP48_3_U/p_reg_reg.
DSP Report: register am_addmul_16s_16s_14s_31_4_1_U32/idct_am_addmul_16s_16s_14s_31_4_1_DSP48_3_U/ad_reg_reg is absorbed into DSP am_addmul_16s_16s_14s_31_4_1_U32/idct_am_addmul_16s_16s_14s_31_4_1_DSP48_3_U/p_reg_reg.
DSP Report: operator am_addmul_16s_16s_14s_31_4_1_U32/idct_am_addmul_16s_16s_14s_31_4_1_DSP48_3_U/m is absorbed into DSP am_addmul_16s_16s_14s_31_4_1_U32/idct_am_addmul_16s_16s_14s_31_4_1_DSP48_3_U/p_reg_reg.
DSP Report: operator am_addmul_16s_16s_14s_31_4_1_U32/idct_am_addmul_16s_16s_14s_31_4_1_DSP48_3_U/ad is absorbed into DSP am_addmul_16s_16s_14s_31_4_1_U32/idct_am_addmul_16s_16s_14s_31_4_1_DSP48_3_U/p_reg_reg.
DSP Report: Generating DSP mac_muladd_16s_14ns_31s_31_4_1_U64/idct_mac_muladd_16s_14ns_31s_31_4_1_DSP48_7_U/p_reg_reg, operation Mode is: (PCIN+((A:0x300b)'*B'')')'.
DSP Report: register mac_muladd_16s_14ns_31s_31_4_1_U64/idct_mac_muladd_16s_14ns_31s_31_4_1_DSP48_7_U/p_reg_reg is absorbed into DSP mac_muladd_16s_14ns_31s_31_4_1_U64/idct_mac_muladd_16s_14ns_31s_31_4_1_DSP48_7_U/p_reg_reg.
DSP Report: register mac_muladd_16s_14ns_31s_31_4_1_U64/idct_mac_muladd_16s_14ns_31s_31_4_1_DSP48_7_U/p_reg_reg is absorbed into DSP mac_muladd_16s_14ns_31s_31_4_1_U64/idct_mac_muladd_16s_14ns_31s_31_4_1_DSP48_7_U/p_reg_reg.
DSP Report: register mac_muladd_16s_14ns_31s_31_4_1_U34/idct_mac_muladd_16s_14ns_31s_31_4_1_DSP48_7_U/b_reg_reg is absorbed into DSP mac_muladd_16s_14ns_31s_31_4_1_U64/idct_mac_muladd_16s_14ns_31s_31_4_1_DSP48_7_U/p_reg_reg.
DSP Report: register mac_muladd_16s_14ns_31s_31_4_1_U64/idct_mac_muladd_16s_14ns_31s_31_4_1_DSP48_7_U/p_reg_reg is absorbed into DSP mac_muladd_16s_14ns_31s_31_4_1_U64/idct_mac_muladd_16s_14ns_31s_31_4_1_DSP48_7_U/p_reg_reg.
DSP Report: register mac_muladd_16s_14ns_31s_31_4_1_U64/idct_mac_muladd_16s_14ns_31s_31_4_1_DSP48_7_U/m_reg_reg is absorbed into DSP mac_muladd_16s_14ns_31s_31_4_1_U64/idct_mac_muladd_16s_14ns_31s_31_4_1_DSP48_7_U/p_reg_reg.
DSP Report: operator mac_muladd_16s_14ns_31s_31_4_1_U64/idct_mac_muladd_16s_14ns_31s_31_4_1_DSP48_7_U/p is absorbed into DSP mac_muladd_16s_14ns_31s_31_4_1_U64/idct_mac_muladd_16s_14ns_31s_31_4_1_DSP48_7_U/p_reg_reg.
DSP Report: operator mac_muladd_16s_14ns_31s_31_4_1_U64/idct_mac_muladd_16s_14ns_31s_31_4_1_DSP48_7_U/m is absorbed into DSP mac_muladd_16s_14ns_31s_31_4_1_U64/idct_mac_muladd_16s_14ns_31s_31_4_1_DSP48_7_U/p_reg_reg.
DSP Report: Generating DSP am_addmul_17s_17s_14ns_32_4_1_U31/idct_am_addmul_17s_17s_14ns_32_4_1_DSP48_2_U/p_reg_reg, operation Mode is: ((D+A)*(B:0x25a1)')'.
DSP Report: register am_addmul_17s_17s_14ns_32_4_1_U29/idct_am_addmul_17s_17s_14ns_32_4_1_DSP48_2_U/b_reg_reg is absorbed into DSP am_addmul_17s_17s_14ns_32_4_1_U31/idct_am_addmul_17s_17s_14ns_32_4_1_DSP48_2_U/p_reg_reg.
DSP Report: register am_addmul_17s_17s_14ns_32_4_1_U31/idct_am_addmul_17s_17s_14ns_32_4_1_DSP48_2_U/p_reg_reg is absorbed into DSP am_addmul_17s_17s_14ns_32_4_1_U31/idct_am_addmul_17s_17s_14ns_32_4_1_DSP48_2_U/p_reg_reg.
DSP Report: register am_addmul_17s_17s_14ns_32_4_1_U31/idct_am_addmul_17s_17s_14ns_32_4_1_DSP48_2_U/m_reg_reg is absorbed into DSP am_addmul_17s_17s_14ns_32_4_1_U31/idct_am_addmul_17s_17s_14ns_32_4_1_DSP48_2_U/p_reg_reg.
DSP Report: register am_addmul_17s_17s_14ns_32_4_1_U31/idct_am_addmul_17s_17s_14ns_32_4_1_DSP48_2_U/ad_reg_reg is absorbed into DSP am_addmul_17s_17s_14ns_32_4_1_U31/idct_am_addmul_17s_17s_14ns_32_4_1_DSP48_2_U/p_reg_reg.
DSP Report: operator am_addmul_17s_17s_14ns_32_4_1_U31/idct_am_addmul_17s_17s_14ns_32_4_1_DSP48_2_U/m is absorbed into DSP am_addmul_17s_17s_14ns_32_4_1_U31/idct_am_addmul_17s_17s_14ns_32_4_1_DSP48_2_U/p_reg_reg.
DSP Report: operator am_addmul_17s_17s_14ns_32_4_1_U31/idct_am_addmul_17s_17s_14ns_32_4_1_DSP48_2_U/ad is absorbed into DSP am_addmul_17s_17s_14ns_32_4_1_U31/idct_am_addmul_17s_17s_14ns_32_4_1_DSP48_2_U/p_reg_reg.
DSP Report: Generating DSP mac_muladd_17s_13s_32s_32_4_1_U66/idct_mac_muladd_17s_13s_32s_32_4_1_DSP48_9_U/p_reg_reg, operation Mode is: (PCIN+(A''*(B:0x3f384)')')'.
DSP Report: register mac_muladd_17s_13s_32s_32_4_1_U66/idct_mac_muladd_17s_13s_32s_32_4_1_DSP48_9_U/p_reg_reg is absorbed into DSP mac_muladd_17s_13s_32s_32_4_1_U66/idct_mac_muladd_17s_13s_32s_32_4_1_DSP48_9_U/p_reg_reg.
DSP Report: register mac_muladd_17s_13s_32s_32_4_1_U66/idct_mac_muladd_17s_13s_32s_32_4_1_DSP48_9_U/p_reg_reg is absorbed into DSP mac_muladd_17s_13s_32s_32_4_1_U66/idct_mac_muladd_17s_13s_32s_32_4_1_DSP48_9_U/p_reg_reg.
DSP Report: register mac_muladd_17s_13s_32s_32_4_1_U36/idct_mac_muladd_17s_13s_32s_32_4_1_DSP48_9_U/b_reg_reg is absorbed into DSP mac_muladd_17s_13s_32s_32_4_1_U66/idct_mac_muladd_17s_13s_32s_32_4_1_DSP48_9_U/p_reg_reg.
DSP Report: register mac_muladd_17s_13s_32s_32_4_1_U66/idct_mac_muladd_17s_13s_32s_32_4_1_DSP48_9_U/p_reg_reg is absorbed into DSP mac_muladd_17s_13s_32s_32_4_1_U66/idct_mac_muladd_17s_13s_32s_32_4_1_DSP48_9_U/p_reg_reg.
DSP Report: register mac_muladd_17s_13s_32s_32_4_1_U66/idct_mac_muladd_17s_13s_32s_32_4_1_DSP48_9_U/m_reg_reg is absorbed into DSP mac_muladd_17s_13s_32s_32_4_1_U66/idct_mac_muladd_17s_13s_32s_32_4_1_DSP48_9_U/p_reg_reg.
DSP Report: operator mac_muladd_17s_13s_32s_32_4_1_U66/idct_mac_muladd_17s_13s_32s_32_4_1_DSP48_9_U/p is absorbed into DSP mac_muladd_17s_13s_32s_32_4_1_U66/idct_mac_muladd_17s_13s_32s_32_4_1_DSP48_9_U/p_reg_reg.
DSP Report: operator mac_muladd_17s_13s_32s_32_4_1_U66/idct_mac_muladd_17s_13s_32s_32_4_1_DSP48_9_U/m is absorbed into DSP mac_muladd_17s_13s_32s_32_4_1_U66/idct_mac_muladd_17s_13s_32s_32_4_1_DSP48_9_U/p_reg_reg.
DSP Report: Generating DSP am_addmul_16s_16s_13ns_31_4_1_U10/idct_am_addmul_16s_16s_13ns_31_4_1_DSP48_0_U/p_reg_reg, operation Mode is: ((D'+A2)*(B:0x1151)')'.
DSP Report: register z2_18_reg_10109_reg is absorbed into DSP am_addmul_16s_16s_13ns_31_4_1_U10/idct_am_addmul_16s_16s_13ns_31_4_1_DSP48_0_U/p_reg_reg.
DSP Report: register am_addmul_16s_16s_13ns_31_4_1_U9/idct_am_addmul_16s_16s_13ns_31_4_1_DSP48_0_U/b_reg_reg is absorbed into DSP am_addmul_16s_16s_13ns_31_4_1_U10/idct_am_addmul_16s_16s_13ns_31_4_1_DSP48_0_U/p_reg_reg.
DSP Report: register z3_54_reg_10293_reg is absorbed into DSP am_addmul_16s_16s_13ns_31_4_1_U10/idct_am_addmul_16s_16s_13ns_31_4_1_DSP48_0_U/p_reg_reg.
DSP Report: register am_addmul_16s_16s_13ns_31_4_1_U10/idct_am_addmul_16s_16s_13ns_31_4_1_DSP48_0_U/p_reg_reg is absorbed into DSP am_addmul_16s_16s_13ns_31_4_1_U10/idct_am_addmul_16s_16s_13ns_31_4_1_DSP48_0_U/p_reg_reg.
DSP Report: register am_addmul_16s_16s_13ns_31_4_1_U10/idct_am_addmul_16s_16s_13ns_31_4_1_DSP48_0_U/m_reg_reg is absorbed into DSP am_addmul_16s_16s_13ns_31_4_1_U10/idct_am_addmul_16s_16s_13ns_31_4_1_DSP48_0_U/p_reg_reg.
DSP Report: register am_addmul_16s_16s_13ns_31_4_1_U10/idct_am_addmul_16s_16s_13ns_31_4_1_DSP48_0_U/ad_reg_reg is absorbed into DSP am_addmul_16s_16s_13ns_31_4_1_U10/idct_am_addmul_16s_16s_13ns_31_4_1_DSP48_0_U/p_reg_reg.
DSP Report: operator am_addmul_16s_16s_13ns_31_4_1_U10/idct_am_addmul_16s_16s_13ns_31_4_1_DSP48_0_U/m is absorbed into DSP am_addmul_16s_16s_13ns_31_4_1_U10/idct_am_addmul_16s_16s_13ns_31_4_1_DSP48_0_U/p_reg_reg.
DSP Report: operator am_addmul_16s_16s_13ns_31_4_1_U10/idct_am_addmul_16s_16s_13ns_31_4_1_DSP48_0_U/ad is absorbed into DSP am_addmul_16s_16s_13ns_31_4_1_U10/idct_am_addmul_16s_16s_13ns_31_4_1_DSP48_0_U/p_reg_reg.
DSP Report: Generating DSP mac_muladd_16s_13ns_30ns_30_4_1_U48/idct_mac_muladd_16s_13ns_30ns_30_4_1_DSP48_5_U/p_reg_reg, operation Mode is: (C+((A:0x187e)'*B'')')'.
DSP Report: register mac_muladd_16s_13ns_30ns_30_4_1_U48/idct_mac_muladd_16s_13ns_30ns_30_4_1_DSP48_5_U/p_reg_reg is absorbed into DSP mac_muladd_16s_13ns_30ns_30_4_1_U48/idct_mac_muladd_16s_13ns_30ns_30_4_1_DSP48_5_U/p_reg_reg.
DSP Report: register mac_muladd_16s_13ns_30ns_30_4_1_U48/idct_mac_muladd_16s_13ns_30ns_30_4_1_DSP48_5_U/p_reg_reg is absorbed into DSP mac_muladd_16s_13ns_30ns_30_4_1_U48/idct_mac_muladd_16s_13ns_30ns_30_4_1_DSP48_5_U/p_reg_reg.
DSP Report: register mac_muladd_16s_13ns_30ns_30_4_1_U38/idct_mac_muladd_16s_13ns_30ns_30_4_1_DSP48_5_U/b_reg_reg is absorbed into DSP mac_muladd_16s_13ns_30ns_30_4_1_U48/idct_mac_muladd_16s_13ns_30ns_30_4_1_DSP48_5_U/p_reg_reg.
DSP Report: register mac_muladd_16s_13ns_30ns_30_4_1_U48/idct_mac_muladd_16s_13ns_30ns_30_4_1_DSP48_5_U/p_reg_reg is absorbed into DSP mac_muladd_16s_13ns_30ns_30_4_1_U48/idct_mac_muladd_16s_13ns_30ns_30_4_1_DSP48_5_U/p_reg_reg.
DSP Report: register mac_muladd_16s_13ns_30ns_30_4_1_U48/idct_mac_muladd_16s_13ns_30ns_30_4_1_DSP48_5_U/m_reg_reg is absorbed into DSP mac_muladd_16s_13ns_30ns_30_4_1_U48/idct_mac_muladd_16s_13ns_30ns_30_4_1_DSP48_5_U/p_reg_reg.
DSP Report: operator mac_muladd_16s_13ns_30ns_30_4_1_U48/idct_mac_muladd_16s_13ns_30ns_30_4_1_DSP48_5_U/p is absorbed into DSP mac_muladd_16s_13ns_30ns_30_4_1_U48/idct_mac_muladd_16s_13ns_30ns_30_4_1_DSP48_5_U/p_reg_reg.
DSP Report: operator mac_muladd_16s_13ns_30ns_30_4_1_U48/idct_mac_muladd_16s_13ns_30ns_30_4_1_DSP48_5_U/m is absorbed into DSP mac_muladd_16s_13ns_30ns_30_4_1_U48/idct_mac_muladd_16s_13ns_30ns_30_4_1_DSP48_5_U/p_reg_reg.
DSP Report: Generating DSP am_addmul_16s_16s_14s_31_4_1_U30/idct_am_addmul_16s_16s_14s_31_4_1_DSP48_3_U/p_reg_reg, operation Mode is: ((D'+A2)*(B:0x3e333)')'.
DSP Report: register tmp0_12_reg_10317_reg is absorbed into DSP am_addmul_16s_16s_14s_31_4_1_U30/idct_am_addmul_16s_16s_14s_31_4_1_DSP48_3_U/p_reg_reg.
DSP Report: register tmp3_11_reg_10043_reg is absorbed into DSP am_addmul_16s_16s_14s_31_4_1_U30/idct_am_addmul_16s_16s_14s_31_4_1_DSP48_3_U/p_reg_reg.
DSP Report: register am_addmul_16s_16s_14s_31_4_1_U30/idct_am_addmul_16s_16s_14s_31_4_1_DSP48_3_U/b_reg_reg is absorbed into DSP am_addmul_16s_16s_14s_31_4_1_U30/idct_am_addmul_16s_16s_14s_31_4_1_DSP48_3_U/p_reg_reg.
DSP Report: register am_addmul_16s_16s_14s_31_4_1_U30/idct_am_addmul_16s_16s_14s_31_4_1_DSP48_3_U/p_reg_reg is absorbed into DSP am_addmul_16s_16s_14s_31_4_1_U30/idct_am_addmul_16s_16s_14s_31_4_1_DSP48_3_U/p_reg_reg.
DSP Report: register am_addmul_16s_16s_14s_31_4_1_U30/idct_am_addmul_16s_16s_14s_31_4_1_DSP48_3_U/m_reg_reg is absorbed into DSP am_addmul_16s_16s_14s_31_4_1_U30/idct_am_addmul_16s_16s_14s_31_4_1_DSP48_3_U/p_reg_reg.
DSP Report: register am_addmul_16s_16s_14s_31_4_1_U30/idct_am_addmul_16s_16s_14s_31_4_1_DSP48_3_U/ad_reg_reg is absorbed into DSP am_addmul_16s_16s_14s_31_4_1_U30/idct_am_addmul_16s_16s_14s_31_4_1_DSP48_3_U/p_reg_reg.
DSP Report: operator am_addmul_16s_16s_14s_31_4_1_U30/idct_am_addmul_16s_16s_14s_31_4_1_DSP48_3_U/m is absorbed into DSP am_addmul_16s_16s_14s_31_4_1_U30/idct_am_addmul_16s_16s_14s_31_4_1_DSP48_3_U/p_reg_reg.
DSP Report: operator am_addmul_16s_16s_14s_31_4_1_U30/idct_am_addmul_16s_16s_14s_31_4_1_DSP48_3_U/ad is absorbed into DSP am_addmul_16s_16s_14s_31_4_1_U30/idct_am_addmul_16s_16s_14s_31_4_1_DSP48_3_U/p_reg_reg.
DSP Report: Generating DSP mac_muladd_16s_14ns_31s_31_4_1_U56/idct_mac_muladd_16s_14ns_31s_31_4_1_DSP48_7_U/p_reg_reg, operation Mode is: (PCIN+((A:0x300b)'*B'')')'.
DSP Report: register mac_muladd_16s_14ns_31s_31_4_1_U56/idct_mac_muladd_16s_14ns_31s_31_4_1_DSP48_7_U/p_reg_reg is absorbed into DSP mac_muladd_16s_14ns_31s_31_4_1_U56/idct_mac_muladd_16s_14ns_31s_31_4_1_DSP48_7_U/p_reg_reg.
DSP Report: register mac_muladd_16s_14ns_31s_31_4_1_U56/idct_mac_muladd_16s_14ns_31s_31_4_1_DSP48_7_U/p_reg_reg is absorbed into DSP mac_muladd_16s_14ns_31s_31_4_1_U56/idct_mac_muladd_16s_14ns_31s_31_4_1_DSP48_7_U/p_reg_reg.
DSP Report: register mac_muladd_16s_14ns_31s_31_4_1_U34/idct_mac_muladd_16s_14ns_31s_31_4_1_DSP48_7_U/b_reg_reg is absorbed into DSP mac_muladd_16s_14ns_31s_31_4_1_U56/idct_mac_muladd_16s_14ns_31s_31_4_1_DSP48_7_U/p_reg_reg.
DSP Report: register mac_muladd_16s_14ns_31s_31_4_1_U56/idct_mac_muladd_16s_14ns_31s_31_4_1_DSP48_7_U/p_reg_reg is absorbed into DSP mac_muladd_16s_14ns_31s_31_4_1_U56/idct_mac_muladd_16s_14ns_31s_31_4_1_DSP48_7_U/p_reg_reg.
DSP Report: register mac_muladd_16s_14ns_31s_31_4_1_U56/idct_mac_muladd_16s_14ns_31s_31_4_1_DSP48_7_U/m_reg_reg is absorbed into DSP mac_muladd_16s_14ns_31s_31_4_1_U56/idct_mac_muladd_16s_14ns_31s_31_4_1_DSP48_7_U/p_reg_reg.
DSP Report: operator mac_muladd_16s_14ns_31s_31_4_1_U56/idct_mac_muladd_16s_14ns_31s_31_4_1_DSP48_7_U/p is absorbed into DSP mac_muladd_16s_14ns_31s_31_4_1_U56/idct_mac_muladd_16s_14ns_31s_31_4_1_DSP48_7_U/p_reg_reg.
DSP Report: operator mac_muladd_16s_14ns_31s_31_4_1_U56/idct_mac_muladd_16s_14ns_31s_31_4_1_DSP48_7_U/m is absorbed into DSP mac_muladd_16s_14ns_31s_31_4_1_U56/idct_mac_muladd_16s_14ns_31s_31_4_1_DSP48_7_U/p_reg_reg.
DSP Report: Generating DSP am_addmul_17s_17s_14ns_32_4_1_U29/idct_am_addmul_17s_17s_14ns_32_4_1_DSP48_2_U/p_reg_reg, operation Mode is: ((D+A)*(B:0x25a1)')'.
DSP Report: register am_addmul_17s_17s_14ns_32_4_1_U29/idct_am_addmul_17s_17s_14ns_32_4_1_DSP48_2_U/b_reg_reg is absorbed into DSP am_addmul_17s_17s_14ns_32_4_1_U29/idct_am_addmul_17s_17s_14ns_32_4_1_DSP48_2_U/p_reg_reg.
DSP Report: register am_addmul_17s_17s_14ns_32_4_1_U29/idct_am_addmul_17s_17s_14ns_32_4_1_DSP48_2_U/p_reg_reg is absorbed into DSP am_addmul_17s_17s_14ns_32_4_1_U29/idct_am_addmul_17s_17s_14ns_32_4_1_DSP48_2_U/p_reg_reg.
DSP Report: register am_addmul_17s_17s_14ns_32_4_1_U29/idct_am_addmul_17s_17s_14ns_32_4_1_DSP48_2_U/m_reg_reg is absorbed into DSP am_addmul_17s_17s_14ns_32_4_1_U29/idct_am_addmul_17s_17s_14ns_32_4_1_DSP48_2_U/p_reg_reg.
DSP Report: register am_addmul_17s_17s_14ns_32_4_1_U29/idct_am_addmul_17s_17s_14ns_32_4_1_DSP48_2_U/ad_reg_reg is absorbed into DSP am_addmul_17s_17s_14ns_32_4_1_U29/idct_am_addmul_17s_17s_14ns_32_4_1_DSP48_2_U/p_reg_reg.
DSP Report: operator am_addmul_17s_17s_14ns_32_4_1_U29/idct_am_addmul_17s_17s_14ns_32_4_1_DSP48_2_U/m is absorbed into DSP am_addmul_17s_17s_14ns_32_4_1_U29/idct_am_addmul_17s_17s_14ns_32_4_1_DSP48_2_U/p_reg_reg.
DSP Report: operator am_addmul_17s_17s_14ns_32_4_1_U29/idct_am_addmul_17s_17s_14ns_32_4_1_DSP48_2_U/ad is absorbed into DSP am_addmul_17s_17s_14ns_32_4_1_U29/idct_am_addmul_17s_17s_14ns_32_4_1_DSP48_2_U/p_reg_reg.
DSP Report: Generating DSP mac_muladd_17s_13s_32s_32_4_1_U58/idct_mac_muladd_17s_13s_32s_32_4_1_DSP48_9_U/p_reg_reg, operation Mode is: (PCIN+(A''*(B:0x3f384)')')'.
DSP Report: register mac_muladd_17s_13s_32s_32_4_1_U58/idct_mac_muladd_17s_13s_32s_32_4_1_DSP48_9_U/p_reg_reg is absorbed into DSP mac_muladd_17s_13s_32s_32_4_1_U58/idct_mac_muladd_17s_13s_32s_32_4_1_DSP48_9_U/p_reg_reg.
DSP Report: register mac_muladd_17s_13s_32s_32_4_1_U58/idct_mac_muladd_17s_13s_32s_32_4_1_DSP48_9_U/p_reg_reg is absorbed into DSP mac_muladd_17s_13s_32s_32_4_1_U58/idct_mac_muladd_17s_13s_32s_32_4_1_DSP48_9_U/p_reg_reg.
DSP Report: register mac_muladd_17s_13s_32s_32_4_1_U36/idct_mac_muladd_17s_13s_32s_32_4_1_DSP48_9_U/b_reg_reg is absorbed into DSP mac_muladd_17s_13s_32s_32_4_1_U58/idct_mac_muladd_17s_13s_32s_32_4_1_DSP48_9_U/p_reg_reg.
DSP Report: register mac_muladd_17s_13s_32s_32_4_1_U58/idct_mac_muladd_17s_13s_32s_32_4_1_DSP48_9_U/p_reg_reg is absorbed into DSP mac_muladd_17s_13s_32s_32_4_1_U58/idct_mac_muladd_17s_13s_32s_32_4_1_DSP48_9_U/p_reg_reg.
DSP Report: register mac_muladd_17s_13s_32s_32_4_1_U58/idct_mac_muladd_17s_13s_32s_32_4_1_DSP48_9_U/m_reg_reg is absorbed into DSP mac_muladd_17s_13s_32s_32_4_1_U58/idct_mac_muladd_17s_13s_32s_32_4_1_DSP48_9_U/p_reg_reg.
DSP Report: operator mac_muladd_17s_13s_32s_32_4_1_U58/idct_mac_muladd_17s_13s_32s_32_4_1_DSP48_9_U/p is absorbed into DSP mac_muladd_17s_13s_32s_32_4_1_U58/idct_mac_muladd_17s_13s_32s_32_4_1_DSP48_9_U/p_reg_reg.
DSP Report: operator mac_muladd_17s_13s_32s_32_4_1_U58/idct_mac_muladd_17s_13s_32s_32_4_1_DSP48_9_U/m is absorbed into DSP mac_muladd_17s_13s_32s_32_4_1_U58/idct_mac_muladd_17s_13s_32s_32_4_1_DSP48_9_U/p_reg_reg.
DSP Report: Generating DSP am_addmul_16s_16s_13ns_31_4_1_U9/idct_am_addmul_16s_16s_13ns_31_4_1_DSP48_0_U/p_reg_reg, operation Mode is: ((D'+A2)*(B:0x1151)')'.
DSP Report: register z2_9_reg_10085_reg is absorbed into DSP am_addmul_16s_16s_13ns_31_4_1_U9/idct_am_addmul_16s_16s_13ns_31_4_1_DSP48_0_U/p_reg_reg.
DSP Report: register am_addmul_16s_16s_13ns_31_4_1_U9/idct_am_addmul_16s_16s_13ns_31_4_1_DSP48_0_U/b_reg_reg is absorbed into DSP am_addmul_16s_16s_13ns_31_4_1_U9/idct_am_addmul_16s_16s_13ns_31_4_1_DSP48_0_U/p_reg_reg.
DSP Report: register z3_12_reg_10269_reg is absorbed into DSP am_addmul_16s_16s_13ns_31_4_1_U9/idct_am_addmul_16s_16s_13ns_31_4_1_DSP48_0_U/p_reg_reg.
DSP Report: register am_addmul_16s_16s_13ns_31_4_1_U9/idct_am_addmul_16s_16s_13ns_31_4_1_DSP48_0_U/p_reg_reg is absorbed into DSP am_addmul_16s_16s_13ns_31_4_1_U9/idct_am_addmul_16s_16s_13ns_31_4_1_DSP48_0_U/p_reg_reg.
DSP Report: register am_addmul_16s_16s_13ns_31_4_1_U9/idct_am_addmul_16s_16s_13ns_31_4_1_DSP48_0_U/m_reg_reg is absorbed into DSP am_addmul_16s_16s_13ns_31_4_1_U9/idct_am_addmul_16s_16s_13ns_31_4_1_DSP48_0_U/p_reg_reg.
DSP Report: register am_addmul_16s_16s_13ns_31_4_1_U9/idct_am_addmul_16s_16s_13ns_31_4_1_DSP48_0_U/ad_reg_reg is absorbed into DSP am_addmul_16s_16s_13ns_31_4_1_U9/idct_am_addmul_16s_16s_13ns_31_4_1_DSP48_0_U/p_reg_reg.
DSP Report: operator am_addmul_16s_16s_13ns_31_4_1_U9/idct_am_addmul_16s_16s_13ns_31_4_1_DSP48_0_U/m is absorbed into DSP am_addmul_16s_16s_13ns_31_4_1_U9/idct_am_addmul_16s_16s_13ns_31_4_1_DSP48_0_U/p_reg_reg.
DSP Report: operator am_addmul_16s_16s_13ns_31_4_1_U9/idct_am_addmul_16s_16s_13ns_31_4_1_DSP48_0_U/ad is absorbed into DSP am_addmul_16s_16s_13ns_31_4_1_U9/idct_am_addmul_16s_16s_13ns_31_4_1_DSP48_0_U/p_reg_reg.
DSP Report: Generating DSP mac_muladd_16s_13ns_30ns_30_4_1_U38/idct_mac_muladd_16s_13ns_30ns_30_4_1_DSP48_5_U/p_reg_reg, operation Mode is: (C+((A:0x187e)'*B'')')'.
DSP Report: register mac_muladd_16s_13ns_30ns_30_4_1_U38/idct_mac_muladd_16s_13ns_30ns_30_4_1_DSP48_5_U/p_reg_reg is absorbed into DSP mac_muladd_16s_13ns_30ns_30_4_1_U38/idct_mac_muladd_16s_13ns_30ns_30_4_1_DSP48_5_U/p_reg_reg.
DSP Report: register mac_muladd_16s_13ns_30ns_30_4_1_U38/idct_mac_muladd_16s_13ns_30ns_30_4_1_DSP48_5_U/p_reg_reg is absorbed into DSP mac_muladd_16s_13ns_30ns_30_4_1_U38/idct_mac_muladd_16s_13ns_30ns_30_4_1_DSP48_5_U/p_reg_reg.
DSP Report: register mac_muladd_16s_13ns_30ns_30_4_1_U38/idct_mac_muladd_16s_13ns_30ns_30_4_1_DSP48_5_U/b_reg_reg is absorbed into DSP mac_muladd_16s_13ns_30ns_30_4_1_U38/idct_mac_muladd_16s_13ns_30ns_30_4_1_DSP48_5_U/p_reg_reg.
DSP Report: register mac_muladd_16s_13ns_30ns_30_4_1_U38/idct_mac_muladd_16s_13ns_30ns_30_4_1_DSP48_5_U/p_reg_reg is absorbed into DSP mac_muladd_16s_13ns_30ns_30_4_1_U38/idct_mac_muladd_16s_13ns_30ns_30_4_1_DSP48_5_U/p_reg_reg.
DSP Report: register mac_muladd_16s_13ns_30ns_30_4_1_U38/idct_mac_muladd_16s_13ns_30ns_30_4_1_DSP48_5_U/m_reg_reg is absorbed into DSP mac_muladd_16s_13ns_30ns_30_4_1_U38/idct_mac_muladd_16s_13ns_30ns_30_4_1_DSP48_5_U/p_reg_reg.
DSP Report: operator mac_muladd_16s_13ns_30ns_30_4_1_U38/idct_mac_muladd_16s_13ns_30ns_30_4_1_DSP48_5_U/p is absorbed into DSP mac_muladd_16s_13ns_30ns_30_4_1_U38/idct_mac_muladd_16s_13ns_30ns_30_4_1_DSP48_5_U/p_reg_reg.
DSP Report: operator mac_muladd_16s_13ns_30ns_30_4_1_U38/idct_mac_muladd_16s_13ns_30ns_30_4_1_DSP48_5_U/m is absorbed into DSP mac_muladd_16s_13ns_30ns_30_4_1_U38/idct_mac_muladd_16s_13ns_30ns_30_4_1_DSP48_5_U/p_reg_reg.
DSP Report: Generating DSP am_addmul_21s_21s_13ns_32_4_1_U114/idct_am_addmul_21s_21s_13ns_32_4_1_DSP48_26_U/p_reg_reg, operation Mode is: ((D'+A2)*(B:0x1151)')'.
DSP Report: register workspace_56_reg_11183_reg is absorbed into DSP am_addmul_21s_21s_13ns_32_4_1_U114/idct_am_addmul_21s_21s_13ns_32_4_1_DSP48_26_U/p_reg_reg.
DSP Report: register am_addmul_16s_16s_13ns_30_4_1_U75/idct_am_addmul_16s_16s_13ns_30_4_1_DSP48_12_U/b_reg_reg is absorbed into DSP am_addmul_21s_21s_13ns_32_4_1_U114/idct_am_addmul_21s_21s_13ns_32_4_1_DSP48_26_U/p_reg_reg.
DSP Report: register workspace_80_reg_11285_reg is absorbed into DSP am_addmul_21s_21s_13ns_32_4_1_U114/idct_am_addmul_21s_21s_13ns_32_4_1_DSP48_26_U/p_reg_reg.
DSP Report: register am_addmul_21s_21s_13ns_32_4_1_U114/idct_am_addmul_21s_21s_13ns_32_4_1_DSP48_26_U/p_reg_reg is absorbed into DSP am_addmul_21s_21s_13ns_32_4_1_U114/idct_am_addmul_21s_21s_13ns_32_4_1_DSP48_26_U/p_reg_reg.
DSP Report: register am_addmul_21s_21s_13ns_32_4_1_U114/idct_am_addmul_21s_21s_13ns_32_4_1_DSP48_26_U/m_reg_reg is absorbed into DSP am_addmul_21s_21s_13ns_32_4_1_U114/idct_am_addmul_21s_21s_13ns_32_4_1_DSP48_26_U/p_reg_reg.
DSP Report: register am_addmul_21s_21s_13ns_32_4_1_U114/idct_am_addmul_21s_21s_13ns_32_4_1_DSP48_26_U/ad_reg_reg is absorbed into DSP am_addmul_21s_21s_13ns_32_4_1_U114/idct_am_addmul_21s_21s_13ns_32_4_1_DSP48_26_U/p_reg_reg.
DSP Report: operator am_addmul_21s_21s_13ns_32_4_1_U114/idct_am_addmul_21s_21s_13ns_32_4_1_DSP48_26_U/m is absorbed into DSP am_addmul_21s_21s_13ns_32_4_1_U114/idct_am_addmul_21s_21s_13ns_32_4_1_DSP48_26_U/p_reg_reg.
DSP Report: operator am_addmul_21s_21s_13ns_32_4_1_U114/idct_am_addmul_21s_21s_13ns_32_4_1_DSP48_26_U/ad is absorbed into DSP am_addmul_21s_21s_13ns_32_4_1_U114/idct_am_addmul_21s_21s_13ns_32_4_1_DSP48_26_U/p_reg_reg.
DSP Report: Generating DSP mac_muladd_21s_13ns_32s_32_4_1_U164/idct_mac_muladd_21s_13ns_32s_32_4_1_DSP48_30_U/p_reg_reg, operation Mode is: (PCIN+(A''*(B:0x187e)')')'.
DSP Report: register mac_muladd_16s_13ns_30ns_30_4_1_U38/idct_mac_muladd_16s_13ns_30ns_30_4_1_DSP48_5_U/b_reg_reg is absorbed into DSP mac_muladd_21s_13ns_32s_32_4_1_U164/idct_mac_muladd_21s_13ns_32s_32_4_1_DSP48_30_U/p_reg_reg.
DSP Report: register mac_muladd_21s_13ns_32s_32_4_1_U164/idct_mac_muladd_21s_13ns_32s_32_4_1_DSP48_30_U/p_reg_reg is absorbed into DSP mac_muladd_21s_13ns_32s_32_4_1_U164/idct_mac_muladd_21s_13ns_32s_32_4_1_DSP48_30_U/p_reg_reg.
DSP Report: register mac_muladd_21s_13ns_32s_32_4_1_U164/idct_mac_muladd_21s_13ns_32s_32_4_1_DSP48_30_U/p_reg_reg is absorbed into DSP mac_muladd_21s_13ns_32s_32_4_1_U164/idct_mac_muladd_21s_13ns_32s_32_4_1_DSP48_30_U/p_reg_reg.
DSP Report: register mac_muladd_21s_13ns_32s_32_4_1_U164/idct_mac_muladd_21s_13ns_32s_32_4_1_DSP48_30_U/p_reg_reg is absorbed into DSP mac_muladd_21s_13ns_32s_32_4_1_U164/idct_mac_muladd_21s_13ns_32s_32_4_1_DSP48_30_U/p_reg_reg.
DSP Report: register mac_muladd_21s_13ns_32s_32_4_1_U164/idct_mac_muladd_21s_13ns_32s_32_4_1_DSP48_30_U/m_reg_reg is absorbed into DSP mac_muladd_21s_13ns_32s_32_4_1_U164/idct_mac_muladd_21s_13ns_32s_32_4_1_DSP48_30_U/p_reg_reg.
DSP Report: operator mac_muladd_21s_13ns_32s_32_4_1_U164/idct_mac_muladd_21s_13ns_32s_32_4_1_DSP48_30_U/p is absorbed into DSP mac_muladd_21s_13ns_32s_32_4_1_U164/idct_mac_muladd_21s_13ns_32s_32_4_1_DSP48_30_U/p_reg_reg.
DSP Report: operator mac_muladd_21s_13ns_32s_32_4_1_U164/idct_mac_muladd_21s_13ns_32s_32_4_1_DSP48_30_U/m is absorbed into DSP mac_muladd_21s_13ns_32s_32_4_1_U164/idct_mac_muladd_21s_13ns_32s_32_4_1_DSP48_30_U/p_reg_reg.
DSP Report: Generating DSP am_addmul_16s_16s_13ns_30_4_1_U75/idct_am_addmul_16s_16s_13ns_30_4_1_DSP48_12_U/p_reg_reg, operation Mode is: ((D'+A2)*(B:0x1151)')'.
DSP Report: register z3_reg_10257_reg is absorbed into DSP am_addmul_16s_16s_13ns_30_4_1_U75/idct_am_addmul_16s_16s_13ns_30_4_1_DSP48_12_U/p_reg_reg.
DSP Report: register am_addmul_16s_16s_13ns_30_4_1_U75/idct_am_addmul_16s_16s_13ns_30_4_1_DSP48_12_U/b_reg_reg is absorbed into DSP am_addmul_16s_16s_13ns_30_4_1_U75/idct_am_addmul_16s_16s_13ns_30_4_1_DSP48_12_U/p_reg_reg.
DSP Report: register z2_reg_10079_reg is absorbed into DSP am_addmul_16s_16s_13ns_30_4_1_U75/idct_am_addmul_16s_16s_13ns_30_4_1_DSP48_12_U/p_reg_reg.
DSP Report: register am_addmul_16s_16s_13ns_30_4_1_U75/idct_am_addmul_16s_16s_13ns_30_4_1_DSP48_12_U/p_reg_reg is absorbed into DSP am_addmul_16s_16s_13ns_30_4_1_U75/idct_am_addmul_16s_16s_13ns_30_4_1_DSP48_12_U/p_reg_reg.
DSP Report: register am_addmul_16s_16s_13ns_30_4_1_U75/idct_am_addmul_16s_16s_13ns_30_4_1_DSP48_12_U/m_reg_reg is absorbed into DSP am_addmul_16s_16s_13ns_30_4_1_U75/idct_am_addmul_16s_16s_13ns_30_4_1_DSP48_12_U/p_reg_reg.
DSP Report: register am_addmul_16s_16s_13ns_30_4_1_U75/idct_am_addmul_16s_16s_13ns_30_4_1_DSP48_12_U/ad_reg_reg is absorbed into DSP am_addmul_16s_16s_13ns_30_4_1_U75/idct_am_addmul_16s_16s_13ns_30_4_1_DSP48_12_U/p_reg_reg.
DSP Report: operator am_addmul_16s_16s_13ns_30_4_1_U75/idct_am_addmul_16s_16s_13ns_30_4_1_DSP48_12_U/m is absorbed into DSP am_addmul_16s_16s_13ns_30_4_1_U75/idct_am_addmul_16s_16s_13ns_30_4_1_DSP48_12_U/p_reg_reg.
DSP Report: operator am_addmul_16s_16s_13ns_30_4_1_U75/idct_am_addmul_16s_16s_13ns_30_4_1_DSP48_12_U/ad is absorbed into DSP am_addmul_16s_16s_13ns_30_4_1_U75/idct_am_addmul_16s_16s_13ns_30_4_1_DSP48_12_U/p_reg_reg.
DSP Report: Generating DSP mac_muladd_16s_13ns_30s_30_4_1_U82/idct_mac_muladd_16s_13ns_30s_30_4_1_DSP48_16_U/p_reg_reg, operation Mode is: (PCIN+((A:0x187e)'*B'')')'.
DSP Report: register mac_muladd_16s_13ns_30s_30_4_1_U82/idct_mac_muladd_16s_13ns_30s_30_4_1_DSP48_16_U/p_reg_reg is absorbed into DSP mac_muladd_16s_13ns_30s_30_4_1_U82/idct_mac_muladd_16s_13ns_30s_30_4_1_DSP48_16_U/p_reg_reg.
DSP Report: register mac_muladd_16s_13ns_30s_30_4_1_U82/idct_mac_muladd_16s_13ns_30s_30_4_1_DSP48_16_U/p_reg_reg is absorbed into DSP mac_muladd_16s_13ns_30s_30_4_1_U82/idct_mac_muladd_16s_13ns_30s_30_4_1_DSP48_16_U/p_reg_reg.
DSP Report: register mac_muladd_16s_13ns_30ns_30_4_1_U38/idct_mac_muladd_16s_13ns_30ns_30_4_1_DSP48_5_U/b_reg_reg is absorbed into DSP mac_muladd_16s_13ns_30s_30_4_1_U82/idct_mac_muladd_16s_13ns_30s_30_4_1_DSP48_16_U/p_reg_reg.
DSP Report: register mac_muladd_16s_13ns_30s_30_4_1_U82/idct_mac_muladd_16s_13ns_30s_30_4_1_DSP48_16_U/p_reg_reg is absorbed into DSP mac_muladd_16s_13ns_30s_30_4_1_U82/idct_mac_muladd_16s_13ns_30s_30_4_1_DSP48_16_U/p_reg_reg.
DSP Report: register mac_muladd_16s_13ns_30s_30_4_1_U82/idct_mac_muladd_16s_13ns_30s_30_4_1_DSP48_16_U/m_reg_reg is absorbed into DSP mac_muladd_16s_13ns_30s_30_4_1_U82/idct_mac_muladd_16s_13ns_30s_30_4_1_DSP48_16_U/p_reg_reg.
DSP Report: operator mac_muladd_16s_13ns_30s_30_4_1_U82/idct_mac_muladd_16s_13ns_30s_30_4_1_DSP48_16_U/p is absorbed into DSP mac_muladd_16s_13ns_30s_30_4_1_U82/idct_mac_muladd_16s_13ns_30s_30_4_1_DSP48_16_U/p_reg_reg.
DSP Report: operator mac_muladd_16s_13ns_30s_30_4_1_U82/idct_mac_muladd_16s_13ns_30s_30_4_1_DSP48_16_U/m is absorbed into DSP mac_muladd_16s_13ns_30s_30_4_1_U82/idct_mac_muladd_16s_13ns_30s_30_4_1_DSP48_16_U/p_reg_reg.
DSP Report: Generating DSP am_addmul_16s_16s_14s_30_4_1_U78/idct_am_addmul_16s_16s_14s_30_4_1_DSP48_14_U/p_reg_reg, operation Mode is: ((D'+A2)*(B:0x3e333)')'.
DSP Report: register tmp0_4_reg_10305_reg is absorbed into DSP am_addmul_16s_16s_14s_30_4_1_U78/idct_am_addmul_16s_16s_14s_30_4_1_DSP48_14_U/p_reg_reg.
DSP Report: register tmp3_4_reg_10031_reg is absorbed into DSP am_addmul_16s_16s_14s_30_4_1_U78/idct_am_addmul_16s_16s_14s_30_4_1_DSP48_14_U/p_reg_reg.
DSP Report: register am_addmul_16s_16s_14s_31_4_1_U30/idct_am_addmul_16s_16s_14s_31_4_1_DSP48_3_U/b_reg_reg is absorbed into DSP am_addmul_16s_16s_14s_30_4_1_U78/idct_am_addmul_16s_16s_14s_30_4_1_DSP48_14_U/p_reg_reg.
DSP Report: register am_addmul_16s_16s_14s_30_4_1_U78/idct_am_addmul_16s_16s_14s_30_4_1_DSP48_14_U/p_reg_reg is absorbed into DSP am_addmul_16s_16s_14s_30_4_1_U78/idct_am_addmul_16s_16s_14s_30_4_1_DSP48_14_U/p_reg_reg.
DSP Report: register am_addmul_16s_16s_14s_30_4_1_U78/idct_am_addmul_16s_16s_14s_30_4_1_DSP48_14_U/m_reg_reg is absorbed into DSP am_addmul_16s_16s_14s_30_4_1_U78/idct_am_addmul_16s_16s_14s_30_4_1_DSP48_14_U/p_reg_reg.
DSP Report: register am_addmul_16s_16s_14s_30_4_1_U78/idct_am_addmul_16s_16s_14s_30_4_1_DSP48_14_U/ad_reg_reg is absorbed into DSP am_addmul_16s_16s_14s_30_4_1_U78/idct_am_addmul_16s_16s_14s_30_4_1_DSP48_14_U/p_reg_reg.
DSP Report: operator am_addmul_16s_16s_14s_30_4_1_U78/idct_am_addmul_16s_16s_14s_30_4_1_DSP48_14_U/m is absorbed into DSP am_addmul_16s_16s_14s_30_4_1_U78/idct_am_addmul_16s_16s_14s_30_4_1_DSP48_14_U/p_reg_reg.
DSP Report: operator am_addmul_16s_16s_14s_30_4_1_U78/idct_am_addmul_16s_16s_14s_30_4_1_DSP48_14_U/ad is absorbed into DSP am_addmul_16s_16s_14s_30_4_1_U78/idct_am_addmul_16s_16s_14s_30_4_1_DSP48_14_U/p_reg_reg.
DSP Report: Generating DSP am_addmul_17s_17s_14ns_30_4_1_U77/idct_am_addmul_17s_17s_14ns_30_4_1_DSP48_13_U/p_reg_reg, operation Mode is: ((D+A)*(B:0x25a1)')'.
DSP Report: register am_addmul_17s_17s_14ns_32_4_1_U29/idct_am_addmul_17s_17s_14ns_32_4_1_DSP48_2_U/b_reg_reg is absorbed into DSP am_addmul_17s_17s_14ns_30_4_1_U77/idct_am_addmul_17s_17s_14ns_30_4_1_DSP48_13_U/p_reg_reg.
DSP Report: register am_addmul_17s_17s_14ns_30_4_1_U77/idct_am_addmul_17s_17s_14ns_30_4_1_DSP48_13_U/p_reg_reg is absorbed into DSP am_addmul_17s_17s_14ns_30_4_1_U77/idct_am_addmul_17s_17s_14ns_30_4_1_DSP48_13_U/p_reg_reg.
DSP Report: register am_addmul_17s_17s_14ns_30_4_1_U77/idct_am_addmul_17s_17s_14ns_30_4_1_DSP48_13_U/m_reg_reg is absorbed into DSP am_addmul_17s_17s_14ns_30_4_1_U77/idct_am_addmul_17s_17s_14ns_30_4_1_DSP48_13_U/p_reg_reg.
DSP Report: register am_addmul_17s_17s_14ns_30_4_1_U77/idct_am_addmul_17s_17s_14ns_30_4_1_DSP48_13_U/ad_reg_reg is absorbed into DSP am_addmul_17s_17s_14ns_30_4_1_U77/idct_am_addmul_17s_17s_14ns_30_4_1_DSP48_13_U/p_reg_reg.
DSP Report: operator am_addmul_17s_17s_14ns_30_4_1_U77/idct_am_addmul_17s_17s_14ns_30_4_1_DSP48_13_U/m is absorbed into DSP am_addmul_17s_17s_14ns_30_4_1_U77/idct_am_addmul_17s_17s_14ns_30_4_1_DSP48_13_U/p_reg_reg.
DSP Report: operator am_addmul_17s_17s_14ns_30_4_1_U77/idct_am_addmul_17s_17s_14ns_30_4_1_DSP48_13_U/ad is absorbed into DSP am_addmul_17s_17s_14ns_30_4_1_U77/idct_am_addmul_17s_17s_14ns_30_4_1_DSP48_13_U/p_reg_reg.
DSP Report: Generating DSP mac_muladd_17s_13s_30s_30_4_1_U84/idct_mac_muladd_17s_13s_30s_30_4_1_DSP48_18_U/p_reg_reg, operation Mode is: (PCIN+(A''*(B:0x3f384)')')'.
DSP Report: register mac_muladd_17s_13s_30s_30_4_1_U84/idct_mac_muladd_17s_13s_30s_30_4_1_DSP48_18_U/p_reg_reg is absorbed into DSP mac_muladd_17s_13s_30s_30_4_1_U84/idct_mac_muladd_17s_13s_30s_30_4_1_DSP48_18_U/p_reg_reg.
DSP Report: register mac_muladd_17s_13s_30s_30_4_1_U84/idct_mac_muladd_17s_13s_30s_30_4_1_DSP48_18_U/p_reg_reg is absorbed into DSP mac_muladd_17s_13s_30s_30_4_1_U84/idct_mac_muladd_17s_13s_30s_30_4_1_DSP48_18_U/p_reg_reg.
DSP Report: register mac_muladd_17s_13s_32s_32_4_1_U36/idct_mac_muladd_17s_13s_32s_32_4_1_DSP48_9_U/b_reg_reg is absorbed into DSP mac_muladd_17s_13s_30s_30_4_1_U84/idct_mac_muladd_17s_13s_30s_30_4_1_DSP48_18_U/p_reg_reg.
DSP Report: register mac_muladd_17s_13s_30s_30_4_1_U84/idct_mac_muladd_17s_13s_30s_30_4_1_DSP48_18_U/p_reg_reg is absorbed into DSP mac_muladd_17s_13s_30s_30_4_1_U84/idct_mac_muladd_17s_13s_30s_30_4_1_DSP48_18_U/p_reg_reg.
DSP Report: register mac_muladd_17s_13s_30s_30_4_1_U84/idct_mac_muladd_17s_13s_30s_30_4_1_DSP48_18_U/m_reg_reg is absorbed into DSP mac_muladd_17s_13s_30s_30_4_1_U84/idct_mac_muladd_17s_13s_30s_30_4_1_DSP48_18_U/p_reg_reg.
DSP Report: operator mac_muladd_17s_13s_30s_30_4_1_U84/idct_mac_muladd_17s_13s_30s_30_4_1_DSP48_18_U/p is absorbed into DSP mac_muladd_17s_13s_30s_30_4_1_U84/idct_mac_muladd_17s_13s_30s_30_4_1_DSP48_18_U/p_reg_reg.
DSP Report: operator mac_muladd_17s_13s_30s_30_4_1_U84/idct_mac_muladd_17s_13s_30s_30_4_1_DSP48_18_U/m is absorbed into DSP mac_muladd_17s_13s_30s_30_4_1_U84/idct_mac_muladd_17s_13s_30s_30_4_1_DSP48_18_U/p_reg_reg.
DSP Report: Generating DSP mac_muladd_16s_14ns_30ns_30_4_1_U104/idct_mac_muladd_16s_14ns_30ns_30_4_1_DSP48_25_U/p_reg_reg, operation Mode is: (PCIN+((A:0x300b)'*B'')')'.
DSP Report: register mac_muladd_16s_14ns_30ns_30_4_1_U104/idct_mac_muladd_16s_14ns_30ns_30_4_1_DSP48_25_U/p_reg_reg is absorbed into DSP mac_muladd_16s_14ns_30ns_30_4_1_U104/idct_mac_muladd_16s_14ns_30ns_30_4_1_DSP48_25_U/p_reg_reg.
DSP Report: register mac_muladd_16s_14ns_30ns_30_4_1_U104/idct_mac_muladd_16s_14ns_30ns_30_4_1_DSP48_25_U/p_reg_reg is absorbed into DSP mac_muladd_16s_14ns_30ns_30_4_1_U104/idct_mac_muladd_16s_14ns_30ns_30_4_1_DSP48_25_U/p_reg_reg.
DSP Report: register mac_muladd_16s_14ns_31s_31_4_1_U34/idct_mac_muladd_16s_14ns_31s_31_4_1_DSP48_7_U/b_reg_reg is absorbed into DSP mac_muladd_16s_14ns_30ns_30_4_1_U104/idct_mac_muladd_16s_14ns_30ns_30_4_1_DSP48_25_U/p_reg_reg.
DSP Report: register mac_muladd_16s_14ns_30ns_30_4_1_U104/idct_mac_muladd_16s_14ns_30ns_30_4_1_DSP48_25_U/p_reg_reg is absorbed into DSP mac_muladd_16s_14ns_30ns_30_4_1_U104/idct_mac_muladd_16s_14ns_30ns_30_4_1_DSP48_25_U/p_reg_reg.
DSP Report: register mac_muladd_16s_14ns_30ns_30_4_1_U104/idct_mac_muladd_16s_14ns_30ns_30_4_1_DSP48_25_U/m_reg_reg is absorbed into DSP mac_muladd_16s_14ns_30ns_30_4_1_U104/idct_mac_muladd_16s_14ns_30ns_30_4_1_DSP48_25_U/p_reg_reg.
DSP Report: operator mac_muladd_16s_14ns_30ns_30_4_1_U104/idct_mac_muladd_16s_14ns_30ns_30_4_1_DSP48_25_U/p is absorbed into DSP mac_muladd_16s_14ns_30ns_30_4_1_U104/idct_mac_muladd_16s_14ns_30ns_30_4_1_DSP48_25_U/p_reg_reg.
DSP Report: operator mac_muladd_16s_14ns_30ns_30_4_1_U104/idct_mac_muladd_16s_14ns_30ns_30_4_1_DSP48_25_U/m is absorbed into DSP mac_muladd_16s_14ns_30ns_30_4_1_U104/idct_mac_muladd_16s_14ns_30ns_30_4_1_DSP48_25_U/p_reg_reg.
DSP Report: Generating DSP am_addmul_16s_16s_13ns_30_4_1_U76/idct_am_addmul_16s_16s_13ns_30_4_1_DSP48_12_U/p_reg_reg, operation Mode is: ((D'+A2)*(B:0x1151)')'.
DSP Report: register z2_14_reg_10097_reg is absorbed into DSP am_addmul_16s_16s_13ns_30_4_1_U76/idct_am_addmul_16s_16s_13ns_30_4_1_DSP48_12_U/p_reg_reg.
DSP Report: register z3_30_reg_10281_reg is absorbed into DSP am_addmul_16s_16s_13ns_30_4_1_U76/idct_am_addmul_16s_16s_13ns_30_4_1_DSP48_12_U/p_reg_reg.
DSP Report: register am_addmul_16s_16s_13ns_30_4_1_U75/idct_am_addmul_16s_16s_13ns_30_4_1_DSP48_12_U/b_reg_reg is absorbed into DSP am_addmul_16s_16s_13ns_30_4_1_U76/idct_am_addmul_16s_16s_13ns_30_4_1_DSP48_12_U/p_reg_reg.
DSP Report: register am_addmul_16s_16s_13ns_30_4_1_U76/idct_am_addmul_16s_16s_13ns_30_4_1_DSP48_12_U/p_reg_reg is absorbed into DSP am_addmul_16s_16s_13ns_30_4_1_U76/idct_am_addmul_16s_16s_13ns_30_4_1_DSP48_12_U/p_reg_reg.
DSP Report: register am_addmul_16s_16s_13ns_30_4_1_U76/idct_am_addmul_16s_16s_13ns_30_4_1_DSP48_12_U/m_reg_reg is absorbed into DSP am_addmul_16s_16s_13ns_30_4_1_U76/idct_am_addmul_16s_16s_13ns_30_4_1_DSP48_12_U/p_reg_reg.
DSP Report: register am_addmul_16s_16s_13ns_30_4_1_U76/idct_am_addmul_16s_16s_13ns_30_4_1_DSP48_12_U/ad_reg_reg is absorbed into DSP am_addmul_16s_16s_13ns_30_4_1_U76/idct_am_addmul_16s_16s_13ns_30_4_1_DSP48_12_U/p_reg_reg.
DSP Report: operator am_addmul_16s_16s_13ns_30_4_1_U76/idct_am_addmul_16s_16s_13ns_30_4_1_DSP48_12_U/m is absorbed into DSP am_addmul_16s_16s_13ns_30_4_1_U76/idct_am_addmul_16s_16s_13ns_30_4_1_DSP48_12_U/p_reg_reg.
DSP Report: operator am_addmul_16s_16s_13ns_30_4_1_U76/idct_am_addmul_16s_16s_13ns_30_4_1_DSP48_12_U/ad is absorbed into DSP am_addmul_16s_16s_13ns_30_4_1_U76/idct_am_addmul_16s_16s_13ns_30_4_1_DSP48_12_U/p_reg_reg.
DSP Report: Generating DSP mac_muladd_16s_13ns_30s_30_4_1_U86/idct_mac_muladd_16s_13ns_30s_30_4_1_DSP48_16_U/p_reg_reg, operation Mode is: (PCIN+((A:0x187e)'*B'')')'.
DSP Report: register mac_muladd_16s_13ns_30s_30_4_1_U86/idct_mac_muladd_16s_13ns_30s_30_4_1_DSP48_16_U/p_reg_reg is absorbed into DSP mac_muladd_16s_13ns_30s_30_4_1_U86/idct_mac_muladd_16s_13ns_30s_30_4_1_DSP48_16_U/p_reg_reg.
DSP Report: register mac_muladd_16s_13ns_30s_30_4_1_U86/idct_mac_muladd_16s_13ns_30s_30_4_1_DSP48_16_U/p_reg_reg is absorbed into DSP mac_muladd_16s_13ns_30s_30_4_1_U86/idct_mac_muladd_16s_13ns_30s_30_4_1_DSP48_16_U/p_reg_reg.
DSP Report: register mac_muladd_16s_13ns_30ns_30_4_1_U38/idct_mac_muladd_16s_13ns_30ns_30_4_1_DSP48_5_U/b_reg_reg is absorbed into DSP mac_muladd_16s_13ns_30s_30_4_1_U86/idct_mac_muladd_16s_13ns_30s_30_4_1_DSP48_16_U/p_reg_reg.
DSP Report: register mac_muladd_16s_13ns_30s_30_4_1_U86/idct_mac_muladd_16s_13ns_30s_30_4_1_DSP48_16_U/p_reg_reg is absorbed into DSP mac_muladd_16s_13ns_30s_30_4_1_U86/idct_mac_muladd_16s_13ns_30s_30_4_1_DSP48_16_U/p_reg_reg.
DSP Report: register mac_muladd_16s_13ns_30s_30_4_1_U86/idct_mac_muladd_16s_13ns_30s_30_4_1_DSP48_16_U/m_reg_reg is absorbed into DSP mac_muladd_16s_13ns_30s_30_4_1_U86/idct_mac_muladd_16s_13ns_30s_30_4_1_DSP48_16_U/p_reg_reg.
DSP Report: operator mac_muladd_16s_13ns_30s_30_4_1_U86/idct_mac_muladd_16s_13ns_30s_30_4_1_DSP48_16_U/p is absorbed into DSP mac_muladd_16s_13ns_30s_30_4_1_U86/idct_mac_muladd_16s_13ns_30s_30_4_1_DSP48_16_U/p_reg_reg.
DSP Report: operator mac_muladd_16s_13ns_30s_30_4_1_U86/idct_mac_muladd_16s_13ns_30s_30_4_1_DSP48_16_U/m is absorbed into DSP mac_muladd_16s_13ns_30s_30_4_1_U86/idct_mac_muladd_16s_13ns_30s_30_4_1_DSP48_16_U/p_reg_reg.
DSP Report: Generating DSP am_addmul_16s_16s_14s_30_4_1_U80/idct_am_addmul_16s_16s_14s_30_4_1_DSP48_14_U/p_reg_reg, operation Mode is: ((D'+A2)*(B:0x3e333)')'.
DSP Report: register tmp0_19_reg_10329_reg is absorbed into DSP am_addmul_16s_16s_14s_30_4_1_U80/idct_am_addmul_16s_16s_14s_30_4_1_DSP48_14_U/p_reg_reg.
DSP Report: register tmp3_18_reg_10055_reg is absorbed into DSP am_addmul_16s_16s_14s_30_4_1_U80/idct_am_addmul_16s_16s_14s_30_4_1_DSP48_14_U/p_reg_reg.
DSP Report: register am_addmul_16s_16s_14s_31_4_1_U30/idct_am_addmul_16s_16s_14s_31_4_1_DSP48_3_U/b_reg_reg is absorbed into DSP am_addmul_16s_16s_14s_30_4_1_U80/idct_am_addmul_16s_16s_14s_30_4_1_DSP48_14_U/p_reg_reg.
DSP Report: register am_addmul_16s_16s_14s_30_4_1_U80/idct_am_addmul_16s_16s_14s_30_4_1_DSP48_14_U/p_reg_reg is absorbed into DSP am_addmul_16s_16s_14s_30_4_1_U80/idct_am_addmul_16s_16s_14s_30_4_1_DSP48_14_U/p_reg_reg.
DSP Report: register am_addmul_16s_16s_14s_30_4_1_U80/idct_am_addmul_16s_16s_14s_30_4_1_DSP48_14_U/m_reg_reg is absorbed into DSP am_addmul_16s_16s_14s_30_4_1_U80/idct_am_addmul_16s_16s_14s_30_4_1_DSP48_14_U/p_reg_reg.
DSP Report: register am_addmul_16s_16s_14s_30_4_1_U80/idct_am_addmul_16s_16s_14s_30_4_1_DSP48_14_U/ad_reg_reg is absorbed into DSP am_addmul_16s_16s_14s_30_4_1_U80/idct_am_addmul_16s_16s_14s_30_4_1_DSP48_14_U/p_reg_reg.
DSP Report: operator am_addmul_16s_16s_14s_30_4_1_U80/idct_am_addmul_16s_16s_14s_30_4_1_DSP48_14_U/m is absorbed into DSP am_addmul_16s_16s_14s_30_4_1_U80/idct_am_addmul_16s_16s_14s_30_4_1_DSP48_14_U/p_reg_reg.
DSP Report: operator am_addmul_16s_16s_14s_30_4_1_U80/idct_am_addmul_16s_16s_14s_30_4_1_DSP48_14_U/ad is absorbed into DSP am_addmul_16s_16s_14s_30_4_1_U80/idct_am_addmul_16s_16s_14s_30_4_1_DSP48_14_U/p_reg_reg.
DSP Report: Generating DSP am_addmul_17s_17s_14ns_30_4_1_U79/idct_am_addmul_17s_17s_14ns_30_4_1_DSP48_13_U/p_reg_reg, operation Mode is: ((D+A)*(B:0x25a1)')'.
DSP Report: register am_addmul_17s_17s_14ns_32_4_1_U29/idct_am_addmul_17s_17s_14ns_32_4_1_DSP48_2_U/b_reg_reg is absorbed into DSP am_addmul_17s_17s_14ns_30_4_1_U79/idct_am_addmul_17s_17s_14ns_30_4_1_DSP48_13_U/p_reg_reg.
DSP Report: register am_addmul_17s_17s_14ns_30_4_1_U79/idct_am_addmul_17s_17s_14ns_30_4_1_DSP48_13_U/p_reg_reg is absorbed into DSP am_addmul_17s_17s_14ns_30_4_1_U79/idct_am_addmul_17s_17s_14ns_30_4_1_DSP48_13_U/p_reg_reg.
DSP Report: register am_addmul_17s_17s_14ns_30_4_1_U79/idct_am_addmul_17s_17s_14ns_30_4_1_DSP48_13_U/m_reg_reg is absorbed into DSP am_addmul_17s_17s_14ns_30_4_1_U79/idct_am_addmul_17s_17s_14ns_30_4_1_DSP48_13_U/p_reg_reg.
DSP Report: register am_addmul_17s_17s_14ns_30_4_1_U79/idct_am_addmul_17s_17s_14ns_30_4_1_DSP48_13_U/ad_reg_reg is absorbed into DSP am_addmul_17s_17s_14ns_30_4_1_U79/idct_am_addmul_17s_17s_14ns_30_4_1_DSP48_13_U/p_reg_reg.
DSP Report: operator am_addmul_17s_17s_14ns_30_4_1_U79/idct_am_addmul_17s_17s_14ns_30_4_1_DSP48_13_U/m is absorbed into DSP am_addmul_17s_17s_14ns_30_4_1_U79/idct_am_addmul_17s_17s_14ns_30_4_1_DSP48_13_U/p_reg_reg.
DSP Report: operator am_addmul_17s_17s_14ns_30_4_1_U79/idct_am_addmul_17s_17s_14ns_30_4_1_DSP48_13_U/ad is absorbed into DSP am_addmul_17s_17s_14ns_30_4_1_U79/idct_am_addmul_17s_17s_14ns_30_4_1_DSP48_13_U/p_reg_reg.
DSP Report: Generating DSP mac_muladd_17s_13s_30s_30_4_1_U88/idct_mac_muladd_17s_13s_30s_30_4_1_DSP48_18_U/p_reg_reg, operation Mode is: (PCIN+(A''*(B:0x3f384)')')'.
DSP Report: register mac_muladd_17s_13s_32s_32_4_1_U36/idct_mac_muladd_17s_13s_32s_32_4_1_DSP48_9_U/b_reg_reg is absorbed into DSP mac_muladd_17s_13s_30s_30_4_1_U88/idct_mac_muladd_17s_13s_30s_30_4_1_DSP48_18_U/p_reg_reg.
DSP Report: register mac_muladd_17s_13s_30s_30_4_1_U88/idct_mac_muladd_17s_13s_30s_30_4_1_DSP48_18_U/p_reg_reg is absorbed into DSP mac_muladd_17s_13s_30s_30_4_1_U88/idct_mac_muladd_17s_13s_30s_30_4_1_DSP48_18_U/p_reg_reg.
DSP Report: register mac_muladd_17s_13s_30s_30_4_1_U88/idct_mac_muladd_17s_13s_30s_30_4_1_DSP48_18_U/p_reg_reg is absorbed into DSP mac_muladd_17s_13s_30s_30_4_1_U88/idct_mac_muladd_17s_13s_30s_30_4_1_DSP48_18_U/p_reg_reg.
DSP Report: register mac_muladd_17s_13s_30s_30_4_1_U88/idct_mac_muladd_17s_13s_30s_30_4_1_DSP48_18_U/p_reg_reg is absorbed into DSP mac_muladd_17s_13s_30s_30_4_1_U88/idct_mac_muladd_17s_13s_30s_30_4_1_DSP48_18_U/p_reg_reg.
DSP Report: register mac_muladd_17s_13s_30s_30_4_1_U88/idct_mac_muladd_17s_13s_30s_30_4_1_DSP48_18_U/m_reg_reg is absorbed into DSP mac_muladd_17s_13s_30s_30_4_1_U88/idct_mac_muladd_17s_13s_30s_30_4_1_DSP48_18_U/p_reg_reg.
DSP Report: operator mac_muladd_17s_13s_30s_30_4_1_U88/idct_mac_muladd_17s_13s_30s_30_4_1_DSP48_18_U/p is absorbed into DSP mac_muladd_17s_13s_30s_30_4_1_U88/idct_mac_muladd_17s_13s_30s_30_4_1_DSP48_18_U/p_reg_reg.
DSP Report: operator mac_muladd_17s_13s_30s_30_4_1_U88/idct_mac_muladd_17s_13s_30s_30_4_1_DSP48_18_U/m is absorbed into DSP mac_muladd_17s_13s_30s_30_4_1_U88/idct_mac_muladd_17s_13s_30s_30_4_1_DSP48_18_U/p_reg_reg.
DSP Report: Generating DSP mac_muladd_16s_14ns_30ns_30_4_1_U108/idct_mac_muladd_16s_14ns_30ns_30_4_1_DSP48_25_U/p_reg_reg, operation Mode is: (PCIN+((A:0x300b)'*B'')')'.
DSP Report: register mac_muladd_16s_14ns_30ns_30_4_1_U108/idct_mac_muladd_16s_14ns_30ns_30_4_1_DSP48_25_U/p_reg_reg is absorbed into DSP mac_muladd_16s_14ns_30ns_30_4_1_U108/idct_mac_muladd_16s_14ns_30ns_30_4_1_DSP48_25_U/p_reg_reg.
DSP Report: register mac_muladd_16s_14ns_30ns_30_4_1_U108/idct_mac_muladd_16s_14ns_30ns_30_4_1_DSP48_25_U/p_reg_reg is absorbed into DSP mac_muladd_16s_14ns_30ns_30_4_1_U108/idct_mac_muladd_16s_14ns_30ns_30_4_1_DSP48_25_U/p_reg_reg.
DSP Report: register mac_muladd_16s_14ns_31s_31_4_1_U34/idct_mac_muladd_16s_14ns_31s_31_4_1_DSP48_7_U/b_reg_reg is absorbed into DSP mac_muladd_16s_14ns_30ns_30_4_1_U108/idct_mac_muladd_16s_14ns_30ns_30_4_1_DSP48_25_U/p_reg_reg.
DSP Report: register mac_muladd_16s_14ns_30ns_30_4_1_U108/idct_mac_muladd_16s_14ns_30ns_30_4_1_DSP48_25_U/p_reg_reg is absorbed into DSP mac_muladd_16s_14ns_30ns_30_4_1_U108/idct_mac_muladd_16s_14ns_30ns_30_4_1_DSP48_25_U/p_reg_reg.
DSP Report: register mac_muladd_16s_14ns_30ns_30_4_1_U108/idct_mac_muladd_16s_14ns_30ns_30_4_1_DSP48_25_U/m_reg_reg is absorbed into DSP mac_muladd_16s_14ns_30ns_30_4_1_U108/idct_mac_muladd_16s_14ns_30ns_30_4_1_DSP48_25_U/p_reg_reg.
DSP Report: operator mac_muladd_16s_14ns_30ns_30_4_1_U108/idct_mac_muladd_16s_14ns_30ns_30_4_1_DSP48_25_U/p is absorbed into DSP mac_muladd_16s_14ns_30ns_30_4_1_U108/idct_mac_muladd_16s_14ns_30ns_30_4_1_DSP48_25_U/p_reg_reg.
DSP Report: operator mac_muladd_16s_14ns_30ns_30_4_1_U108/idct_mac_muladd_16s_14ns_30ns_30_4_1_DSP48_25_U/m is absorbed into DSP mac_muladd_16s_14ns_30ns_30_4_1_U108/idct_mac_muladd_16s_14ns_30ns_30_4_1_DSP48_25_U/p_reg_reg.
DSP Report: Generating DSP am_addmul_21s_21s_16s_32_4_1_U90/idct_am_addmul_21s_21s_16s_32_4_1_DSP48_19_U/p_reg_reg, operation Mode is: ((D'+A2)*(B:0x3adfd)')'.
DSP Report: register workspace_64_reg_10987_reg is absorbed into DSP am_addmul_21s_21s_16s_32_4_1_U90/idct_am_addmul_21s_21s_16s_32_4_1_DSP48_19_U/p_reg_reg.
DSP Report: register am_addmul_16s_16s_16s_32_4_1_U27/idct_am_addmul_16s_16s_16s_32_4_1_DSP48_1_U/b_reg_reg is absorbed into DSP am_addmul_21s_21s_16s_32_4_1_U90/idct_am_addmul_21s_21s_16s_32_4_1_DSP48_19_U/p_reg_reg.
DSP Report: register workspace_72_reg_11021_reg is absorbed into DSP am_addmul_21s_21s_16s_32_4_1_U90/idct_am_addmul_21s_21s_16s_32_4_1_DSP48_19_U/p_reg_reg.
DSP Report: register am_addmul_21s_21s_16s_32_4_1_U90/idct_am_addmul_21s_21s_16s_32_4_1_DSP48_19_U/p_reg_reg is absorbed into DSP am_addmul_21s_21s_16s_32_4_1_U90/idct_am_addmul_21s_21s_16s_32_4_1_DSP48_19_U/p_reg_reg.
DSP Report: register am_addmul_21s_21s_16s_32_4_1_U90/idct_am_addmul_21s_21s_16s_32_4_1_DSP48_19_U/m_reg_reg is absorbed into DSP am_addmul_21s_21s_16s_32_4_1_U90/idct_am_addmul_21s_21s_16s_32_4_1_DSP48_19_U/p_reg_reg.
DSP Report: register am_addmul_21s_21s_16s_32_4_1_U90/idct_am_addmul_21s_21s_16s_32_4_1_DSP48_19_U/ad_reg_reg is absorbed into DSP am_addmul_21s_21s_16s_32_4_1_U90/idct_am_addmul_21s_21s_16s_32_4_1_DSP48_19_U/p_reg_reg.
DSP Report: operator am_addmul_21s_21s_16s_32_4_1_U90/idct_am_addmul_21s_21s_16s_32_4_1_DSP48_19_U/m is absorbed into DSP am_addmul_21s_21s_16s_32_4_1_U90/idct_am_addmul_21s_21s_16s_32_4_1_DSP48_19_U/p_reg_reg.
DSP Report: operator am_addmul_21s_21s_16s_32_4_1_U90/idct_am_addmul_21s_21s_16s_32_4_1_DSP48_19_U/ad is absorbed into DSP am_addmul_21s_21s_16s_32_4_1_U90/idct_am_addmul_21s_21s_16s_32_4_1_DSP48_19_U/p_reg_reg.
DSP Report: Generating DSP mac_muladd_22s_13s_32s_32_4_1_U132/idct_mac_muladd_22s_13s_32s_32_4_1_DSP48_28_U/p_reg_reg, operation Mode is: (C+(A''*(B:0x3f384)')')'.
DSP Report: register mac_muladd_17s_13s_32s_32_4_1_U36/idct_mac_muladd_17s_13s_32s_32_4_1_DSP48_9_U/b_reg_reg is absorbed into DSP mac_muladd_22s_13s_32s_32_4_1_U132/idct_mac_muladd_22s_13s_32s_32_4_1_DSP48_28_U/p_reg_reg.
DSP Report: register mac_muladd_22s_13s_32s_32_4_1_U132/idct_mac_muladd_22s_13s_32s_32_4_1_DSP48_28_U/p_reg_reg is absorbed into DSP mac_muladd_22s_13s_32s_32_4_1_U132/idct_mac_muladd_22s_13s_32s_32_4_1_DSP48_28_U/p_reg_reg.
DSP Report: register mac_muladd_22s_13s_32s_32_4_1_U132/idct_mac_muladd_22s_13s_32s_32_4_1_DSP48_28_U/p_reg_reg is absorbed into DSP mac_muladd_22s_13s_32s_32_4_1_U132/idct_mac_muladd_22s_13s_32s_32_4_1_DSP48_28_U/p_reg_reg.
DSP Report: register mac_muladd_22s_13s_32s_32_4_1_U132/idct_mac_muladd_22s_13s_32s_32_4_1_DSP48_28_U/p_reg_reg is absorbed into DSP mac_muladd_22s_13s_32s_32_4_1_U132/idct_mac_muladd_22s_13s_32s_32_4_1_DSP48_28_U/p_reg_reg.
DSP Report: register mac_muladd_22s_13s_32s_32_4_1_U132/idct_mac_muladd_22s_13s_32s_32_4_1_DSP48_28_U/m_reg_reg is absorbed into DSP mac_muladd_22s_13s_32s_32_4_1_U132/idct_mac_muladd_22s_13s_32s_32_4_1_DSP48_28_U/p_reg_reg.
DSP Report: operator mac_muladd_22s_13s_32s_32_4_1_U132/idct_mac_muladd_22s_13s_32s_32_4_1_DSP48_28_U/p is absorbed into DSP mac_muladd_22s_13s_32s_32_4_1_U132/idct_mac_muladd_22s_13s_32s_32_4_1_DSP48_28_U/p_reg_reg.
DSP Report: operator mac_muladd_22s_13s_32s_32_4_1_U132/idct_mac_muladd_22s_13s_32s_32_4_1_DSP48_28_U/m is absorbed into DSP mac_muladd_22s_13s_32s_32_4_1_U132/idct_mac_muladd_22s_13s_32s_32_4_1_DSP48_28_U/p_reg_reg.
DSP Report: Generating DSP mac_muladd_21s_15ns_32ns_32_4_1_U166/idct_mac_muladd_21s_15ns_32ns_32_4_1_DSP48_32_U/p_reg_reg, operation Mode is: (PCIN+(A''*(B:0x41b3)')')'.
DSP Report: register mac_muladd_16s_15ns_32s_32_4_1_U53/idct_mac_muladd_16s_15ns_32s_32_4_1_DSP48_10_U/b_reg_reg is absorbed into DSP mac_muladd_21s_15ns_32ns_32_4_1_U166/idct_mac_muladd_21s_15ns_32ns_32_4_1_DSP48_32_U/p_reg_reg.
DSP Report: register mac_muladd_21s_15ns_32ns_32_4_1_U166/idct_mac_muladd_21s_15ns_32ns_32_4_1_DSP48_32_U/p_reg_reg is absorbed into DSP mac_muladd_21s_15ns_32ns_32_4_1_U166/idct_mac_muladd_21s_15ns_32ns_32_4_1_DSP48_32_U/p_reg_reg.
DSP Report: register mac_muladd_21s_15ns_32ns_32_4_1_U166/idct_mac_muladd_21s_15ns_32ns_32_4_1_DSP48_32_U/p_reg_reg is absorbed into DSP mac_muladd_21s_15ns_32ns_32_4_1_U166/idct_mac_muladd_21s_15ns_32ns_32_4_1_DSP48_32_U/p_reg_reg.
DSP Report: register mac_muladd_21s_15ns_32ns_32_4_1_U166/idct_mac_muladd_21s_15ns_32ns_32_4_1_DSP48_32_U/p_reg_reg is absorbed into DSP mac_muladd_21s_15ns_32ns_32_4_1_U166/idct_mac_muladd_21s_15ns_32ns_32_4_1_DSP48_32_U/p_reg_reg.
DSP Report: register mac_muladd_21s_15ns_32ns_32_4_1_U166/idct_mac_muladd_21s_15ns_32ns_32_4_1_DSP48_32_U/m_reg_reg is absorbed into DSP mac_muladd_21s_15ns_32ns_32_4_1_U166/idct_mac_muladd_21s_15ns_32ns_32_4_1_DSP48_32_U/p_reg_reg.
DSP Report: operator mac_muladd_21s_15ns_32ns_32_4_1_U166/idct_mac_muladd_21s_15ns_32ns_32_4_1_DSP48_32_U/p is absorbed into DSP mac_muladd_21s_15ns_32ns_32_4_1_U166/idct_mac_muladd_21s_15ns_32ns_32_4_1_DSP48_32_U/p_reg_reg.
DSP Report: operator mac_muladd_21s_15ns_32ns_32_4_1_U166/idct_mac_muladd_21s_15ns_32ns_32_4_1_DSP48_32_U/m is absorbed into DSP mac_muladd_21s_15ns_32ns_32_4_1_U166/idct_mac_muladd_21s_15ns_32ns_32_4_1_DSP48_32_U/p_reg_reg.
DSP Report: Generating DSP mac_muladd_21s_15s_32s_32_4_1_U163/idct_mac_muladd_21s_15s_32s_32_4_1_DSP48_29_U/p_reg_reg, operation Mode is: (C+(A''*(B:0x3c4df)')')'.
DSP Report: register mac_muladd_16s_15s_31s_31_4_1_U37/idct_mac_muladd_16s_15s_31s_31_4_1_DSP48_4_U/b_reg_reg is absorbed into DSP mac_muladd_21s_15s_32s_32_4_1_U163/idct_mac_muladd_21s_15s_32s_32_4_1_DSP48_29_U/p_reg_reg.
DSP Report: register mac_muladd_21s_15s_32s_32_4_1_U163/idct_mac_muladd_21s_15s_32s_32_4_1_DSP48_29_U/p_reg_reg is absorbed into DSP mac_muladd_21s_15s_32s_32_4_1_U163/idct_mac_muladd_21s_15s_32s_32_4_1_DSP48_29_U/p_reg_reg.
DSP Report: register mac_muladd_21s_15s_32s_32_4_1_U163/idct_mac_muladd_21s_15s_32s_32_4_1_DSP48_29_U/p_reg_reg is absorbed into DSP mac_muladd_21s_15s_32s_32_4_1_U163/idct_mac_muladd_21s_15s_32s_32_4_1_DSP48_29_U/p_reg_reg.
DSP Report: register mac_muladd_21s_15s_32s_32_4_1_U163/idct_mac_muladd_21s_15s_32s_32_4_1_DSP48_29_U/p_reg_reg is absorbed into DSP mac_muladd_21s_15s_32s_32_4_1_U163/idct_mac_muladd_21s_15s_32s_32_4_1_DSP48_29_U/p_reg_reg.
DSP Report: register mac_muladd_21s_15s_32s_32_4_1_U163/idct_mac_muladd_21s_15s_32s_32_4_1_DSP48_29_U/m_reg_reg is absorbed into DSP mac_muladd_21s_15s_32s_32_4_1_U163/idct_mac_muladd_21s_15s_32s_32_4_1_DSP48_29_U/p_reg_reg.
DSP Report: operator mac_muladd_21s_15s_32s_32_4_1_U163/idct_mac_muladd_21s_15s_32s_32_4_1_DSP48_29_U/p is absorbed into DSP mac_muladd_21s_15s_32s_32_4_1_U163/idct_mac_muladd_21s_15s_32s_32_4_1_DSP48_29_U/p_reg_reg.
DSP Report: operator mac_muladd_21s_15s_32s_32_4_1_U163/idct_mac_muladd_21s_15s_32s_32_4_1_DSP48_29_U/m is absorbed into DSP mac_muladd_21s_15s_32s_32_4_1_U163/idct_mac_muladd_21s_15s_32s_32_4_1_DSP48_29_U/p_reg_reg.
DSP Report: Generating DSP mac_muladd_21s_15ns_32ns_32_4_1_U167/idct_mac_muladd_21s_15ns_32ns_32_4_1_DSP48_32_U/p_reg_reg, operation Mode is: (C+(A''*(B:0x6254)')')'.
DSP Report: register mac_muladd_16s_15ns_32s_32_4_1_U54/idct_mac_muladd_16s_15ns_32s_32_4_1_DSP48_10_U/b_reg_reg is absorbed into DSP mac_muladd_21s_15ns_32ns_32_4_1_U167/idct_mac_muladd_21s_15ns_32ns_32_4_1_DSP48_32_U/p_reg_reg.
DSP Report: register mac_muladd_21s_15ns_32ns_32_4_1_U167/idct_mac_muladd_21s_15ns_32ns_32_4_1_DSP48_32_U/p_reg_reg is absorbed into DSP mac_muladd_21s_15ns_32ns_32_4_1_U167/idct_mac_muladd_21s_15ns_32ns_32_4_1_DSP48_32_U/p_reg_reg.
DSP Report: register mac_muladd_21s_15ns_32ns_32_4_1_U167/idct_mac_muladd_21s_15ns_32ns_32_4_1_DSP48_32_U/p_reg_reg is absorbed into DSP mac_muladd_21s_15ns_32ns_32_4_1_U167/idct_mac_muladd_21s_15ns_32ns_32_4_1_DSP48_32_U/p_reg_reg.
DSP Report: register mac_muladd_21s_15ns_32ns_32_4_1_U167/idct_mac_muladd_21s_15ns_32ns_32_4_1_DSP48_32_U/p_reg_reg is absorbed into DSP mac_muladd_21s_15ns_32ns_32_4_1_U167/idct_mac_muladd_21s_15ns_32ns_32_4_1_DSP48_32_U/p_reg_reg.
DSP Report: register mac_muladd_21s_15ns_32ns_32_4_1_U167/idct_mac_muladd_21s_15ns_32ns_32_4_1_DSP48_32_U/m_reg_reg is absorbed into DSP mac_muladd_21s_15ns_32ns_32_4_1_U167/idct_mac_muladd_21s_15ns_32ns_32_4_1_DSP48_32_U/p_reg_reg.
DSP Report: operator mac_muladd_21s_15ns_32ns_32_4_1_U167/idct_mac_muladd_21s_15ns_32ns_32_4_1_DSP48_32_U/p is absorbed into DSP mac_muladd_21s_15ns_32ns_32_4_1_U167/idct_mac_muladd_21s_15ns_32ns_32_4_1_DSP48_32_U/p_reg_reg.
DSP Report: operator mac_muladd_21s_15ns_32ns_32_4_1_U167/idct_mac_muladd_21s_15ns_32ns_32_4_1_DSP48_32_U/m is absorbed into DSP mac_muladd_21s_15ns_32ns_32_4_1_U167/idct_mac_muladd_21s_15ns_32ns_32_4_1_DSP48_32_U/p_reg_reg.
DSP Report: Generating DSP mac_muladd_21s_14ns_32ns_32_4_1_U168/idct_mac_muladd_21s_14ns_32ns_32_4_1_DSP48_33_U/p_reg_reg, operation Mode is: (C+(A''*(B:0x300b)')')'.
DSP Report: register mac_muladd_16s_14ns_31s_31_4_1_U34/idct_mac_muladd_16s_14ns_31s_31_4_1_DSP48_7_U/b_reg_reg is absorbed into DSP mac_muladd_21s_14ns_32ns_32_4_1_U168/idct_mac_muladd_21s_14ns_32ns_32_4_1_DSP48_33_U/p_reg_reg.
DSP Report: register mac_muladd_21s_14ns_32ns_32_4_1_U168/idct_mac_muladd_21s_14ns_32ns_32_4_1_DSP48_33_U/p_reg_reg is absorbed into DSP mac_muladd_21s_14ns_32ns_32_4_1_U168/idct_mac_muladd_21s_14ns_32ns_32_4_1_DSP48_33_U/p_reg_reg.
DSP Report: register mac_muladd_21s_14ns_32ns_32_4_1_U168/idct_mac_muladd_21s_14ns_32ns_32_4_1_DSP48_33_U/p_reg_reg is absorbed into DSP mac_muladd_21s_14ns_32ns_32_4_1_U168/idct_mac_muladd_21s_14ns_32ns_32_4_1_DSP48_33_U/p_reg_reg.
DSP Report: register mac_muladd_21s_14ns_32ns_32_4_1_U168/idct_mac_muladd_21s_14ns_32ns_32_4_1_DSP48_33_U/p_reg_reg is absorbed into DSP mac_muladd_21s_14ns_32ns_32_4_1_U168/idct_mac_muladd_21s_14ns_32ns_32_4_1_DSP48_33_U/p_reg_reg.
DSP Report: register mac_muladd_21s_14ns_32ns_32_4_1_U168/idct_mac_muladd_21s_14ns_32ns_32_4_1_DSP48_33_U/m_reg_reg is absorbed into DSP mac_muladd_21s_14ns_32ns_32_4_1_U168/idct_mac_muladd_21s_14ns_32ns_32_4_1_DSP48_33_U/p_reg_reg.
DSP Report: operator mac_muladd_21s_14ns_32ns_32_4_1_U168/idct_mac_muladd_21s_14ns_32ns_32_4_1_DSP48_33_U/p is absorbed into DSP mac_muladd_21s_14ns_32ns_32_4_1_U168/idct_mac_muladd_21s_14ns_32ns_32_4_1_DSP48_33_U/p_reg_reg.
DSP Report: operator mac_muladd_21s_14ns_32ns_32_4_1_U168/idct_mac_muladd_21s_14ns_32ns_32_4_1_DSP48_33_U/m is absorbed into DSP mac_muladd_21s_14ns_32ns_32_4_1_U168/idct_mac_muladd_21s_14ns_32ns_32_4_1_DSP48_33_U/p_reg_reg.
DSP Report: Generating DSP mac_muladd_16s_15s_31s_31_4_1_U25/idct_mac_muladd_16s_15s_31s_31_4_1_DSP48_4_U/p_reg_reg, operation Mode is: (PCIN+((A:0x3fffc4df)'*B'')')'.
DSP Report: register mac_muladd_16s_15s_31s_31_4_1_U25/idct_mac_muladd_16s_15s_31s_31_4_1_DSP48_4_U/p_reg_reg is absorbed into DSP mac_muladd_16s_15s_31s_31_4_1_U25/idct_mac_muladd_16s_15s_31s_31_4_1_DSP48_4_U/p_reg_reg.
DSP Report: register mac_muladd_16s_15s_31s_31_4_1_U25/idct_mac_muladd_16s_15s_31s_31_4_1_DSP48_4_U/p_reg_reg is absorbed into DSP mac_muladd_16s_15s_31s_31_4_1_U25/idct_mac_muladd_16s_15s_31s_31_4_1_DSP48_4_U/p_reg_reg.
DSP Report: register mac_muladd_16s_15s_31s_31_4_1_U19/idct_mac_muladd_16s_15s_31s_31_4_1_DSP48_4_U/b_reg_reg is absorbed into DSP mac_muladd_16s_15s_31s_31_4_1_U25/idct_mac_muladd_16s_15s_31s_31_4_1_DSP48_4_U/p_reg_reg.
DSP Report: register mac_muladd_16s_15s_31s_31_4_1_U25/idct_mac_muladd_16s_15s_31s_31_4_1_DSP48_4_U/p_reg_reg is absorbed into DSP mac_muladd_16s_15s_31s_31_4_1_U25/idct_mac_muladd_16s_15s_31s_31_4_1_DSP48_4_U/p_reg_reg.
DSP Report: register mac_muladd_16s_15s_31s_31_4_1_U25/idct_mac_muladd_16s_15s_31s_31_4_1_DSP48_4_U/m_reg_reg is absorbed into DSP mac_muladd_16s_15s_31s_31_4_1_U25/idct_mac_muladd_16s_15s_31s_31_4_1_DSP48_4_U/p_reg_reg.
DSP Report: operator mac_muladd_16s_15s_31s_31_4_1_U25/idct_mac_muladd_16s_15s_31s_31_4_1_DSP48_4_U/p is absorbed into DSP mac_muladd_16s_15s_31s_31_4_1_U25/idct_mac_muladd_16s_15s_31s_31_4_1_DSP48_4_U/p_reg_reg.
DSP Report: operator mac_muladd_16s_15s_31s_31_4_1_U25/idct_mac_muladd_16s_15s_31s_31_4_1_DSP48_4_U/m is absorbed into DSP mac_muladd_16s_15s_31s_31_4_1_U25/idct_mac_muladd_16s_15s_31s_31_4_1_DSP48_4_U/p_reg_reg.
DSP Report: Generating DSP am_addmul_16s_16s_16s_32_4_1_U8/idct_am_addmul_16s_16s_16s_32_4_1_DSP48_1_U/p_reg_reg, operation Mode is: ((D'+A2)*(B:0x3adfd)')'.
DSP Report: register tmp1_3_reg_10251_reg is absorbed into DSP am_addmul_16s_16s_16s_32_4_1_U8/idct_am_addmul_16s_16s_16s_32_4_1_DSP48_1_U/p_reg_reg.
DSP Report: register am_addmul_16s_16s_16s_32_4_1_U5/idct_am_addmul_16s_16s_16s_32_4_1_DSP48_1_U/b_reg_reg is absorbed into DSP am_addmul_16s_16s_16s_32_4_1_U8/idct_am_addmul_16s_16s_16s_32_4_1_DSP48_1_U/p_reg_reg.
DSP Report: register tmp2_3_reg_10163_reg is absorbed into DSP am_addmul_16s_16s_16s_32_4_1_U8/idct_am_addmul_16s_16s_16s_32_4_1_DSP48_1_U/p_reg_reg.
DSP Report: register am_addmul_16s_16s_16s_32_4_1_U8/idct_am_addmul_16s_16s_16s_32_4_1_DSP48_1_U/p_reg_reg is absorbed into DSP am_addmul_16s_16s_16s_32_4_1_U8/idct_am_addmul_16s_16s_16s_32_4_1_DSP48_1_U/p_reg_reg.
DSP Report: register am_addmul_16s_16s_16s_32_4_1_U8/idct_am_addmul_16s_16s_16s_32_4_1_DSP48_1_U/m_reg_reg is absorbed into DSP am_addmul_16s_16s_16s_32_4_1_U8/idct_am_addmul_16s_16s_16s_32_4_1_DSP48_1_U/p_reg_reg.
DSP Report: register am_addmul_16s_16s_16s_32_4_1_U8/idct_am_addmul_16s_16s_16s_32_4_1_DSP48_1_U/ad_reg_reg is absorbed into DSP am_addmul_16s_16s_16s_32_4_1_U8/idct_am_addmul_16s_16s_16s_32_4_1_DSP48_1_U/p_reg_reg.
DSP Report: operator am_addmul_16s_16s_16s_32_4_1_U8/idct_am_addmul_16s_16s_16s_32_4_1_DSP48_1_U/m is absorbed into DSP am_addmul_16s_16s_16s_32_4_1_U8/idct_am_addmul_16s_16s_16s_32_4_1_DSP48_1_U/p_reg_reg.
DSP Report: operator am_addmul_16s_16s_16s_32_4_1_U8/idct_am_addmul_16s_16s_16s_32_4_1_DSP48_1_U/ad is absorbed into DSP am_addmul_16s_16s_16s_32_4_1_U8/idct_am_addmul_16s_16s_16s_32_4_1_DSP48_1_U/p_reg_reg.
DSP Report: Generating DSP mac_muladd_17s_15s_32s_32_4_1_U51/idct_mac_muladd_17s_15s_32s_32_4_1_DSP48_8_U/p_reg_reg, operation Mode is: (C+(A''*(B:0x3c13b)')')'.
DSP Report: register mac_muladd_17s_15s_32s_32_4_1_U51/idct_mac_muladd_17s_15s_32s_32_4_1_DSP48_8_U/p_reg_reg is absorbed into DSP mac_muladd_17s_15s_32s_32_4_1_U51/idct_mac_muladd_17s_15s_32s_32_4_1_DSP48_8_U/p_reg_reg.
DSP Report: register mac_muladd_17s_15s_32s_32_4_1_U51/idct_mac_muladd_17s_15s_32s_32_4_1_DSP48_8_U/p_reg_reg is absorbed into DSP mac_muladd_17s_15s_32s_32_4_1_U51/idct_mac_muladd_17s_15s_32s_32_4_1_DSP48_8_U/p_reg_reg.
DSP Report: register mac_muladd_17s_15s_32s_32_4_1_U35/idct_mac_muladd_17s_15s_32s_32_4_1_DSP48_8_U/b_reg_reg is absorbed into DSP mac_muladd_17s_15s_32s_32_4_1_U51/idct_mac_muladd_17s_15s_32s_32_4_1_DSP48_8_U/p_reg_reg.
DSP Report: register mac_muladd_17s_15s_32s_32_4_1_U51/idct_mac_muladd_17s_15s_32s_32_4_1_DSP48_8_U/p_reg_reg is absorbed into DSP mac_muladd_17s_15s_32s_32_4_1_U51/idct_mac_muladd_17s_15s_32s_32_4_1_DSP48_8_U/p_reg_reg.
DSP Report: register mac_muladd_17s_15s_32s_32_4_1_U51/idct_mac_muladd_17s_15s_32s_32_4_1_DSP48_8_U/m_reg_reg is absorbed into DSP mac_muladd_17s_15s_32s_32_4_1_U51/idct_mac_muladd_17s_15s_32s_32_4_1_DSP48_8_U/p_reg_reg.
DSP Report: operator mac_muladd_17s_15s_32s_32_4_1_U51/idct_mac_muladd_17s_15s_32s_32_4_1_DSP48_8_U/p is absorbed into DSP mac_muladd_17s_15s_32s_32_4_1_U51/idct_mac_muladd_17s_15s_32s_32_4_1_DSP48_8_U/p_reg_reg.
DSP Report: operator mac_muladd_17s_15s_32s_32_4_1_U51/idct_mac_muladd_17s_15s_32s_32_4_1_DSP48_8_U/m is absorbed into DSP mac_muladd_17s_15s_32s_32_4_1_U51/idct_mac_muladd_17s_15s_32s_32_4_1_DSP48_8_U/p_reg_reg.
DSP Report: Generating DSP mac_muladd_16s_15ns_32s_32_4_1_U68/idct_mac_muladd_16s_15ns_32s_32_4_1_DSP48_10_U/p_reg_reg, operation Mode is: (PCIN+((A:0x6254)'*B'')')'.
DSP Report: register mac_muladd_16s_15ns_32s_32_4_1_U68/idct_mac_muladd_16s_15ns_32s_32_4_1_DSP48_10_U/p_reg_reg is absorbed into DSP mac_muladd_16s_15ns_32s_32_4_1_U68/idct_mac_muladd_16s_15ns_32s_32_4_1_DSP48_10_U/p_reg_reg.
DSP Report: register mac_muladd_16s_15ns_32s_32_4_1_U68/idct_mac_muladd_16s_15ns_32s_32_4_1_DSP48_10_U/p_reg_reg is absorbed into DSP mac_muladd_16s_15ns_32s_32_4_1_U68/idct_mac_muladd_16s_15ns_32s_32_4_1_DSP48_10_U/p_reg_reg.
DSP Report: register mac_muladd_16s_15ns_32s_32_4_1_U54/idct_mac_muladd_16s_15ns_32s_32_4_1_DSP48_10_U/b_reg_reg is absorbed into DSP mac_muladd_16s_15ns_32s_32_4_1_U68/idct_mac_muladd_16s_15ns_32s_32_4_1_DSP48_10_U/p_reg_reg.
DSP Report: register mac_muladd_16s_15ns_32s_32_4_1_U68/idct_mac_muladd_16s_15ns_32s_32_4_1_DSP48_10_U/p_reg_reg is absorbed into DSP mac_muladd_16s_15ns_32s_32_4_1_U68/idct_mac_muladd_16s_15ns_32s_32_4_1_DSP48_10_U/p_reg_reg.
DSP Report: register mac_muladd_16s_15ns_32s_32_4_1_U68/idct_mac_muladd_16s_15ns_32s_32_4_1_DSP48_10_U/m_reg_reg is absorbed into DSP mac_muladd_16s_15ns_32s_32_4_1_U68/idct_mac_muladd_16s_15ns_32s_32_4_1_DSP48_10_U/p_reg_reg.
DSP Report: operator mac_muladd_16s_15ns_32s_32_4_1_U68/idct_mac_muladd_16s_15ns_32s_32_4_1_DSP48_10_U/p is absorbed into DSP mac_muladd_16s_15ns_32s_32_4_1_U68/idct_mac_muladd_16s_15ns_32s_32_4_1_DSP48_10_U/p_reg_reg.
DSP Report: operator mac_muladd_16s_15ns_32s_32_4_1_U68/idct_mac_muladd_16s_15ns_32s_32_4_1_DSP48_10_U/m is absorbed into DSP mac_muladd_16s_15ns_32s_32_4_1_U68/idct_mac_muladd_16s_15ns_32s_32_4_1_DSP48_10_U/p_reg_reg.
DSP Report: Generating DSP mac_muladd_16s_15s_31s_31_4_1_U19/idct_mac_muladd_16s_15s_31s_31_4_1_DSP48_4_U/p_reg_reg, operation Mode is: (PCIN+((A:0x3fffc4df)'*B'')')'.
DSP Report: register mac_muladd_16s_15s_31s_31_4_1_U19/idct_mac_muladd_16s_15s_31s_31_4_1_DSP48_4_U/p_reg_reg is absorbed into DSP mac_muladd_16s_15s_31s_31_4_1_U19/idct_mac_muladd_16s_15s_31s_31_4_1_DSP48_4_U/p_reg_reg.
DSP Report: register mac_muladd_16s_15s_31s_31_4_1_U19/idct_mac_muladd_16s_15s_31s_31_4_1_DSP48_4_U/p_reg_reg is absorbed into DSP mac_muladd_16s_15s_31s_31_4_1_U19/idct_mac_muladd_16s_15s_31s_31_4_1_DSP48_4_U/p_reg_reg.
DSP Report: register mac_muladd_16s_15s_31s_31_4_1_U19/idct_mac_muladd_16s_15s_31s_31_4_1_DSP48_4_U/b_reg_reg is absorbed into DSP mac_muladd_16s_15s_31s_31_4_1_U19/idct_mac_muladd_16s_15s_31s_31_4_1_DSP48_4_U/p_reg_reg.
DSP Report: register mac_muladd_16s_15s_31s_31_4_1_U19/idct_mac_muladd_16s_15s_31s_31_4_1_DSP48_4_U/p_reg_reg is absorbed into DSP mac_muladd_16s_15s_31s_31_4_1_U19/idct_mac_muladd_16s_15s_31s_31_4_1_DSP48_4_U/p_reg_reg.
DSP Report: register mac_muladd_16s_15s_31s_31_4_1_U19/idct_mac_muladd_16s_15s_31s_31_4_1_DSP48_4_U/m_reg_reg is absorbed into DSP mac_muladd_16s_15s_31s_31_4_1_U19/idct_mac_muladd_16s_15s_31s_31_4_1_DSP48_4_U/p_reg_reg.
DSP Report: operator mac_muladd_16s_15s_31s_31_4_1_U19/idct_mac_muladd_16s_15s_31s_31_4_1_DSP48_4_U/p is absorbed into DSP mac_muladd_16s_15s_31s_31_4_1_U19/idct_mac_muladd_16s_15s_31s_31_4_1_DSP48_4_U/p_reg_reg.
DSP Report: operator mac_muladd_16s_15s_31s_31_4_1_U19/idct_mac_muladd_16s_15s_31s_31_4_1_DSP48_4_U/m is absorbed into DSP mac_muladd_16s_15s_31s_31_4_1_U19/idct_mac_muladd_16s_15s_31s_31_4_1_DSP48_4_U/p_reg_reg.
DSP Report: Generating DSP am_addmul_16s_16s_16s_32_4_1_U5/idct_am_addmul_16s_16s_16s_32_4_1_DSP48_1_U/p_reg_reg, operation Mode is: ((D'+A2)*(B:0x3adfd)')'.
DSP Report: register tmp1_7_reg_10215_reg is absorbed into DSP am_addmul_16s_16s_16s_32_4_1_U5/idct_am_addmul_16s_16s_16s_32_4_1_DSP48_1_U/p_reg_reg.
DSP Report: register am_addmul_16s_16s_16s_32_4_1_U5/idct_am_addmul_16s_16s_16s_32_4_1_DSP48_1_U/b_reg_reg is absorbed into DSP am_addmul_16s_16s_16s_32_4_1_U5/idct_am_addmul_16s_16s_16s_32_4_1_DSP48_1_U/p_reg_reg.
DSP Report: register tmp2_7_reg_10127_reg is absorbed into DSP am_addmul_16s_16s_16s_32_4_1_U5/idct_am_addmul_16s_16s_16s_32_4_1_DSP48_1_U/p_reg_reg.
DSP Report: register am_addmul_16s_16s_16s_32_4_1_U5/idct_am_addmul_16s_16s_16s_32_4_1_DSP48_1_U/p_reg_reg is absorbed into DSP am_addmul_16s_16s_16s_32_4_1_U5/idct_am_addmul_16s_16s_16s_32_4_1_DSP48_1_U/p_reg_reg.
DSP Report: register am_addmul_16s_16s_16s_32_4_1_U5/idct_am_addmul_16s_16s_16s_32_4_1_DSP48_1_U/m_reg_reg is absorbed into DSP am_addmul_16s_16s_16s_32_4_1_U5/idct_am_addmul_16s_16s_16s_32_4_1_DSP48_1_U/p_reg_reg.
DSP Report: register am_addmul_16s_16s_16s_32_4_1_U5/idct_am_addmul_16s_16s_16s_32_4_1_DSP48_1_U/ad_reg_reg is absorbed into DSP am_addmul_16s_16s_16s_32_4_1_U5/idct_am_addmul_16s_16s_16s_32_4_1_DSP48_1_U/p_reg_reg.
DSP Report: operator am_addmul_16s_16s_16s_32_4_1_U5/idct_am_addmul_16s_16s_16s_32_4_1_DSP48_1_U/m is absorbed into DSP am_addmul_16s_16s_16s_32_4_1_U5/idct_am_addmul_16s_16s_16s_32_4_1_DSP48_1_U/p_reg_reg.
DSP Report: operator am_addmul_16s_16s_16s_32_4_1_U5/idct_am_addmul_16s_16s_16s_32_4_1_DSP48_1_U/ad is absorbed into DSP am_addmul_16s_16s_16s_32_4_1_U5/idct_am_addmul_16s_16s_16s_32_4_1_DSP48_1_U/p_reg_reg.
DSP Report: Generating DSP mac_muladd_17s_15s_32s_32_4_1_U35/idct_mac_muladd_17s_15s_32s_32_4_1_DSP48_8_U/p_reg_reg, operation Mode is: (C+(A''*(B:0x3c13b)')')'.
DSP Report: register mac_muladd_17s_15s_32s_32_4_1_U35/idct_mac_muladd_17s_15s_32s_32_4_1_DSP48_8_U/b_reg_reg is absorbed into DSP mac_muladd_17s_15s_32s_32_4_1_U35/idct_mac_muladd_17s_15s_32s_32_4_1_DSP48_8_U/p_reg_reg.
DSP Report: register mac_muladd_17s_15s_32s_32_4_1_U35/idct_mac_muladd_17s_15s_32s_32_4_1_DSP48_8_U/p_reg_reg is absorbed into DSP mac_muladd_17s_15s_32s_32_4_1_U35/idct_mac_muladd_17s_15s_32s_32_4_1_DSP48_8_U/p_reg_reg.
DSP Report: register mac_muladd_17s_15s_32s_32_4_1_U35/idct_mac_muladd_17s_15s_32s_32_4_1_DSP48_8_U/p_reg_reg is absorbed into DSP mac_muladd_17s_15s_32s_32_4_1_U35/idct_mac_muladd_17s_15s_32s_32_4_1_DSP48_8_U/p_reg_reg.
DSP Report: register mac_muladd_17s_15s_32s_32_4_1_U35/idct_mac_muladd_17s_15s_32s_32_4_1_DSP48_8_U/p_reg_reg is absorbed into DSP mac_muladd_17s_15s_32s_32_4_1_U35/idct_mac_muladd_17s_15s_32s_32_4_1_DSP48_8_U/p_reg_reg.
DSP Report: register mac_muladd_17s_15s_32s_32_4_1_U35/idct_mac_muladd_17s_15s_32s_32_4_1_DSP48_8_U/m_reg_reg is absorbed into DSP mac_muladd_17s_15s_32s_32_4_1_U35/idct_mac_muladd_17s_15s_32s_32_4_1_DSP48_8_U/p_reg_reg.
DSP Report: operator mac_muladd_17s_15s_32s_32_4_1_U35/idct_mac_muladd_17s_15s_32s_32_4_1_DSP48_8_U/p is absorbed into DSP mac_muladd_17s_15s_32s_32_4_1_U35/idct_mac_muladd_17s_15s_32s_32_4_1_DSP48_8_U/p_reg_reg.
DSP Report: operator mac_muladd_17s_15s_32s_32_4_1_U35/idct_mac_muladd_17s_15s_32s_32_4_1_DSP48_8_U/m is absorbed into DSP mac_muladd_17s_15s_32s_32_4_1_U35/idct_mac_muladd_17s_15s_32s_32_4_1_DSP48_8_U/p_reg_reg.
DSP Report: Generating DSP mac_muladd_16s_15ns_32s_32_4_1_U54/idct_mac_muladd_16s_15ns_32s_32_4_1_DSP48_10_U/p_reg_reg, operation Mode is: (PCIN+((A:0x6254)'*B'')')'.
DSP Report: register mac_muladd_16s_15ns_32s_32_4_1_U54/idct_mac_muladd_16s_15ns_32s_32_4_1_DSP48_10_U/p_reg_reg is absorbed into DSP mac_muladd_16s_15ns_32s_32_4_1_U54/idct_mac_muladd_16s_15ns_32s_32_4_1_DSP48_10_U/p_reg_reg.
DSP Report: register mac_muladd_16s_15ns_32s_32_4_1_U54/idct_mac_muladd_16s_15ns_32s_32_4_1_DSP48_10_U/p_reg_reg is absorbed into DSP mac_muladd_16s_15ns_32s_32_4_1_U54/idct_mac_muladd_16s_15ns_32s_32_4_1_DSP48_10_U/p_reg_reg.
DSP Report: register mac_muladd_16s_15ns_32s_32_4_1_U54/idct_mac_muladd_16s_15ns_32s_32_4_1_DSP48_10_U/b_reg_reg is absorbed into DSP mac_muladd_16s_15ns_32s_32_4_1_U54/idct_mac_muladd_16s_15ns_32s_32_4_1_DSP48_10_U/p_reg_reg.
DSP Report: register mac_muladd_16s_15ns_32s_32_4_1_U54/idct_mac_muladd_16s_15ns_32s_32_4_1_DSP48_10_U/p_reg_reg is absorbed into DSP mac_muladd_16s_15ns_32s_32_4_1_U54/idct_mac_muladd_16s_15ns_32s_32_4_1_DSP48_10_U/p_reg_reg.
DSP Report: register mac_muladd_16s_15ns_32s_32_4_1_U54/idct_mac_muladd_16s_15ns_32s_32_4_1_DSP48_10_U/m_reg_reg is absorbed into DSP mac_muladd_16s_15ns_32s_32_4_1_U54/idct_mac_muladd_16s_15ns_32s_32_4_1_DSP48_10_U/p_reg_reg.
DSP Report: operator mac_muladd_16s_15ns_32s_32_4_1_U54/idct_mac_muladd_16s_15ns_32s_32_4_1_DSP48_10_U/p is absorbed into DSP mac_muladd_16s_15ns_32s_32_4_1_U54/idct_mac_muladd_16s_15ns_32s_32_4_1_DSP48_10_U/p_reg_reg.
DSP Report: operator mac_muladd_16s_15ns_32s_32_4_1_U54/idct_mac_muladd_16s_15ns_32s_32_4_1_DSP48_10_U/m is absorbed into DSP mac_muladd_16s_15ns_32s_32_4_1_U54/idct_mac_muladd_16s_15ns_32s_32_4_1_DSP48_10_U/p_reg_reg.
DSP Report: Generating DSP am_addmul_21s_21s_14s_32_4_1_U120/idct_am_addmul_21s_21s_14s_32_4_1_DSP48_21_U/p_reg_reg, operation Mode is: ((D'+A2)*(B:0x3e333)')'.
DSP Report: register workspace_50_reg_11149_reg is absorbed into DSP am_addmul_21s_21s_14s_32_4_1_U120/idct_am_addmul_21s_21s_14s_32_4_1_DSP48_21_U/p_reg_reg.
DSP Report: register workspace_90_reg_11319_reg is absorbed into DSP am_addmul_21s_21s_14s_32_4_1_U120/idct_am_addmul_21s_21s_14s_32_4_1_DSP48_21_U/p_reg_reg.
DSP Report: register am_addmul_16s_16s_14s_31_4_1_U30/idct_am_addmul_16s_16s_14s_31_4_1_DSP48_3_U/b_reg_reg is absorbed into DSP am_addmul_21s_21s_14s_32_4_1_U120/idct_am_addmul_21s_21s_14s_32_4_1_DSP48_21_U/p_reg_reg.
DSP Report: register am_addmul_21s_21s_14s_32_4_1_U120/idct_am_addmul_21s_21s_14s_32_4_1_DSP48_21_U/p_reg_reg is absorbed into DSP am_addmul_21s_21s_14s_32_4_1_U120/idct_am_addmul_21s_21s_14s_32_4_1_DSP48_21_U/p_reg_reg.
DSP Report: register am_addmul_21s_21s_14s_32_4_1_U120/idct_am_addmul_21s_21s_14s_32_4_1_DSP48_21_U/m_reg_reg is absorbed into DSP am_addmul_21s_21s_14s_32_4_1_U120/idct_am_addmul_21s_21s_14s_32_4_1_DSP48_21_U/p_reg_reg.
DSP Report: register am_addmul_21s_21s_14s_32_4_1_U120/idct_am_addmul_21s_21s_14s_32_4_1_DSP48_21_U/ad_reg_reg is absorbed into DSP am_addmul_21s_21s_14s_32_4_1_U120/idct_am_addmul_21s_21s_14s_32_4_1_DSP48_21_U/p_reg_reg.
DSP Report: operator am_addmul_21s_21s_14s_32_4_1_U120/idct_am_addmul_21s_21s_14s_32_4_1_DSP48_21_U/m is absorbed into DSP am_addmul_21s_21s_14s_32_4_1_U120/idct_am_addmul_21s_21s_14s_32_4_1_DSP48_21_U/p_reg_reg.
DSP Report: operator am_addmul_21s_21s_14s_32_4_1_U120/idct_am_addmul_21s_21s_14s_32_4_1_DSP48_21_U/ad is absorbed into DSP am_addmul_21s_21s_14s_32_4_1_U120/idct_am_addmul_21s_21s_14s_32_4_1_DSP48_21_U/p_reg_reg.
DSP Report: Generating DSP mac_muladd_16s_15s_31s_31_4_1_U21/idct_mac_muladd_16s_15s_31s_31_4_1_DSP48_4_U/p_reg_reg, operation Mode is: (PCIN+((A:0x3fffc4df)'*B'')')'.
DSP Report: register mac_muladd_16s_15s_31s_31_4_1_U21/idct_mac_muladd_16s_15s_31s_31_4_1_DSP48_4_U/p_reg_reg is absorbed into DSP mac_muladd_16s_15s_31s_31_4_1_U21/idct_mac_muladd_16s_15s_31s_31_4_1_DSP48_4_U/p_reg_reg.
DSP Report: register mac_muladd_16s_15s_31s_31_4_1_U21/idct_mac_muladd_16s_15s_31s_31_4_1_DSP48_4_U/p_reg_reg is absorbed into DSP mac_muladd_16s_15s_31s_31_4_1_U21/idct_mac_muladd_16s_15s_31s_31_4_1_DSP48_4_U/p_reg_reg.
DSP Report: register mac_muladd_16s_15s_31s_31_4_1_U19/idct_mac_muladd_16s_15s_31s_31_4_1_DSP48_4_U/b_reg_reg is absorbed into DSP mac_muladd_16s_15s_31s_31_4_1_U21/idct_mac_muladd_16s_15s_31s_31_4_1_DSP48_4_U/p_reg_reg.
DSP Report: register mac_muladd_16s_15s_31s_31_4_1_U21/idct_mac_muladd_16s_15s_31s_31_4_1_DSP48_4_U/p_reg_reg is absorbed into DSP mac_muladd_16s_15s_31s_31_4_1_U21/idct_mac_muladd_16s_15s_31s_31_4_1_DSP48_4_U/p_reg_reg.
DSP Report: register mac_muladd_16s_15s_31s_31_4_1_U21/idct_mac_muladd_16s_15s_31s_31_4_1_DSP48_4_U/m_reg_reg is absorbed into DSP mac_muladd_16s_15s_31s_31_4_1_U21/idct_mac_muladd_16s_15s_31s_31_4_1_DSP48_4_U/p_reg_reg.
DSP Report: operator mac_muladd_16s_15s_31s_31_4_1_U21/idct_mac_muladd_16s_15s_31s_31_4_1_DSP48_4_U/p is absorbed into DSP mac_muladd_16s_15s_31s_31_4_1_U21/idct_mac_muladd_16s_15s_31s_31_4_1_DSP48_4_U/p_reg_reg.
DSP Report: operator mac_muladd_16s_15s_31s_31_4_1_U21/idct_mac_muladd_16s_15s_31s_31_4_1_DSP48_4_U/m is absorbed into DSP mac_muladd_16s_15s_31s_31_4_1_U21/idct_mac_muladd_16s_15s_31s_31_4_1_DSP48_4_U/p_reg_reg.
DSP Report: Generating DSP am_addmul_16s_16s_16s_32_4_1_U6/idct_am_addmul_16s_16s_16s_32_4_1_DSP48_1_U/p_reg_reg, operation Mode is: ((D'+A2)*(B:0x3adfd)')'.
DSP Report: register tmp1_1_reg_10227_reg is absorbed into DSP am_addmul_16s_16s_16s_32_4_1_U6/idct_am_addmul_16s_16s_16s_32_4_1_DSP48_1_U/p_reg_reg.
DSP Report: register tmp2_1_reg_10139_reg is absorbed into DSP am_addmul_16s_16s_16s_32_4_1_U6/idct_am_addmul_16s_16s_16s_32_4_1_DSP48_1_U/p_reg_reg.
DSP Report: register am_addmul_16s_16s_16s_32_4_1_U5/idct_am_addmul_16s_16s_16s_32_4_1_DSP48_1_U/b_reg_reg is absorbed into DSP am_addmul_16s_16s_16s_32_4_1_U6/idct_am_addmul_16s_16s_16s_32_4_1_DSP48_1_U/p_reg_reg.
DSP Report: register am_addmul_16s_16s_16s_32_4_1_U6/idct_am_addmul_16s_16s_16s_32_4_1_DSP48_1_U/p_reg_reg is absorbed into DSP am_addmul_16s_16s_16s_32_4_1_U6/idct_am_addmul_16s_16s_16s_32_4_1_DSP48_1_U/p_reg_reg.
DSP Report: register am_addmul_16s_16s_16s_32_4_1_U6/idct_am_addmul_16s_16s_16s_32_4_1_DSP48_1_U/m_reg_reg is absorbed into DSP am_addmul_16s_16s_16s_32_4_1_U6/idct_am_addmul_16s_16s_16s_32_4_1_DSP48_1_U/p_reg_reg.
DSP Report: register am_addmul_16s_16s_16s_32_4_1_U6/idct_am_addmul_16s_16s_16s_32_4_1_DSP48_1_U/ad_reg_reg is absorbed into DSP am_addmul_16s_16s_16s_32_4_1_U6/idct_am_addmul_16s_16s_16s_32_4_1_DSP48_1_U/p_reg_reg.
DSP Report: operator am_addmul_16s_16s_16s_32_4_1_U6/idct_am_addmul_16s_16s_16s_32_4_1_DSP48_1_U/m is absorbed into DSP am_addmul_16s_16s_16s_32_4_1_U6/idct_am_addmul_16s_16s_16s_32_4_1_DSP48_1_U/p_reg_reg.
DSP Report: operator am_addmul_16s_16s_16s_32_4_1_U6/idct_am_addmul_16s_16s_16s_32_4_1_DSP48_1_U/ad is absorbed into DSP am_addmul_16s_16s_16s_32_4_1_U6/idct_am_addmul_16s_16s_16s_32_4_1_DSP48_1_U/p_reg_reg.
DSP Report: Generating DSP mac_muladd_17s_15s_32s_32_4_1_U41/idct_mac_muladd_17s_15s_32s_32_4_1_DSP48_8_U/p_reg_reg, operation Mode is: (C+(A''*(B:0x3c13b)')')'.
DSP Report: register mac_muladd_17s_15s_32s_32_4_1_U41/idct_mac_muladd_17s_15s_32s_32_4_1_DSP48_8_U/p_reg_reg is absorbed into DSP mac_muladd_17s_15s_32s_32_4_1_U41/idct_mac_muladd_17s_15s_32s_32_4_1_DSP48_8_U/p_reg_reg.
DSP Report: register mac_muladd_17s_15s_32s_32_4_1_U41/idct_mac_muladd_17s_15s_32s_32_4_1_DSP48_8_U/p_reg_reg is absorbed into DSP mac_muladd_17s_15s_32s_32_4_1_U41/idct_mac_muladd_17s_15s_32s_32_4_1_DSP48_8_U/p_reg_reg.
DSP Report: register mac_muladd_17s_15s_32s_32_4_1_U35/idct_mac_muladd_17s_15s_32s_32_4_1_DSP48_8_U/b_reg_reg is absorbed into DSP mac_muladd_17s_15s_32s_32_4_1_U41/idct_mac_muladd_17s_15s_32s_32_4_1_DSP48_8_U/p_reg_reg.
DSP Report: register mac_muladd_17s_15s_32s_32_4_1_U41/idct_mac_muladd_17s_15s_32s_32_4_1_DSP48_8_U/p_reg_reg is absorbed into DSP mac_muladd_17s_15s_32s_32_4_1_U41/idct_mac_muladd_17s_15s_32s_32_4_1_DSP48_8_U/p_reg_reg.
DSP Report: register mac_muladd_17s_15s_32s_32_4_1_U41/idct_mac_muladd_17s_15s_32s_32_4_1_DSP48_8_U/m_reg_reg is absorbed into DSP mac_muladd_17s_15s_32s_32_4_1_U41/idct_mac_muladd_17s_15s_32s_32_4_1_DSP48_8_U/p_reg_reg.
DSP Report: operator mac_muladd_17s_15s_32s_32_4_1_U41/idct_mac_muladd_17s_15s_32s_32_4_1_DSP48_8_U/p is absorbed into DSP mac_muladd_17s_15s_32s_32_4_1_U41/idct_mac_muladd_17s_15s_32s_32_4_1_DSP48_8_U/p_reg_reg.
DSP Report: operator mac_muladd_17s_15s_32s_32_4_1_U41/idct_mac_muladd_17s_15s_32s_32_4_1_DSP48_8_U/m is absorbed into DSP mac_muladd_17s_15s_32s_32_4_1_U41/idct_mac_muladd_17s_15s_32s_32_4_1_DSP48_8_U/p_reg_reg.
DSP Report: Generating DSP mac_muladd_16s_15ns_32s_32_4_1_U60/idct_mac_muladd_16s_15ns_32s_32_4_1_DSP48_10_U/p_reg_reg, operation Mode is: (PCIN+((A:0x6254)'*B'')')'.
DSP Report: register mac_muladd_16s_15ns_32s_32_4_1_U60/idct_mac_muladd_16s_15ns_32s_32_4_1_DSP48_10_U/p_reg_reg is absorbed into DSP mac_muladd_16s_15ns_32s_32_4_1_U60/idct_mac_muladd_16s_15ns_32s_32_4_1_DSP48_10_U/p_reg_reg.
DSP Report: register mac_muladd_16s_15ns_32s_32_4_1_U60/idct_mac_muladd_16s_15ns_32s_32_4_1_DSP48_10_U/p_reg_reg is absorbed into DSP mac_muladd_16s_15ns_32s_32_4_1_U60/idct_mac_muladd_16s_15ns_32s_32_4_1_DSP48_10_U/p_reg_reg.
DSP Report: register mac_muladd_16s_15ns_32s_32_4_1_U54/idct_mac_muladd_16s_15ns_32s_32_4_1_DSP48_10_U/b_reg_reg is absorbed into DSP mac_muladd_16s_15ns_32s_32_4_1_U60/idct_mac_muladd_16s_15ns_32s_32_4_1_DSP48_10_U/p_reg_reg.
DSP Report: register mac_muladd_16s_15ns_32s_32_4_1_U60/idct_mac_muladd_16s_15ns_32s_32_4_1_DSP48_10_U/p_reg_reg is absorbed into DSP mac_muladd_16s_15ns_32s_32_4_1_U60/idct_mac_muladd_16s_15ns_32s_32_4_1_DSP48_10_U/p_reg_reg.
DSP Report: register mac_muladd_16s_15ns_32s_32_4_1_U60/idct_mac_muladd_16s_15ns_32s_32_4_1_DSP48_10_U/m_reg_reg is absorbed into DSP mac_muladd_16s_15ns_32s_32_4_1_U60/idct_mac_muladd_16s_15ns_32s_32_4_1_DSP48_10_U/p_reg_reg.
DSP Report: operator mac_muladd_16s_15ns_32s_32_4_1_U60/idct_mac_muladd_16s_15ns_32s_32_4_1_DSP48_10_U/p is absorbed into DSP mac_muladd_16s_15ns_32s_32_4_1_U60/idct_mac_muladd_16s_15ns_32s_32_4_1_DSP48_10_U/p_reg_reg.
DSP Report: operator mac_muladd_16s_15ns_32s_32_4_1_U60/idct_mac_muladd_16s_15ns_32s_32_4_1_DSP48_10_U/m is absorbed into DSP mac_muladd_16s_15ns_32s_32_4_1_U60/idct_mac_muladd_16s_15ns_32s_32_4_1_DSP48_10_U/p_reg_reg.
DSP Report: Generating DSP mac_muladd_16s_15s_31s_31_4_1_U23/idct_mac_muladd_16s_15s_31s_31_4_1_DSP48_4_U/p_reg_reg, operation Mode is: (PCIN+((A:0x3fffc4df)'*B'')')'.
DSP Report: register mac_muladd_16s_15s_31s_31_4_1_U23/idct_mac_muladd_16s_15s_31s_31_4_1_DSP48_4_U/p_reg_reg is absorbed into DSP mac_muladd_16s_15s_31s_31_4_1_U23/idct_mac_muladd_16s_15s_31s_31_4_1_DSP48_4_U/p_reg_reg.
DSP Report: register mac_muladd_16s_15s_31s_31_4_1_U23/idct_mac_muladd_16s_15s_31s_31_4_1_DSP48_4_U/p_reg_reg is absorbed into DSP mac_muladd_16s_15s_31s_31_4_1_U23/idct_mac_muladd_16s_15s_31s_31_4_1_DSP48_4_U/p_reg_reg.
DSP Report: register mac_muladd_16s_15s_31s_31_4_1_U19/idct_mac_muladd_16s_15s_31s_31_4_1_DSP48_4_U/b_reg_reg is absorbed into DSP mac_muladd_16s_15s_31s_31_4_1_U23/idct_mac_muladd_16s_15s_31s_31_4_1_DSP48_4_U/p_reg_reg.
DSP Report: register mac_muladd_16s_15s_31s_31_4_1_U23/idct_mac_muladd_16s_15s_31s_31_4_1_DSP48_4_U/p_reg_reg is absorbed into DSP mac_muladd_16s_15s_31s_31_4_1_U23/idct_mac_muladd_16s_15s_31s_31_4_1_DSP48_4_U/p_reg_reg.
DSP Report: register mac_muladd_16s_15s_31s_31_4_1_U23/idct_mac_muladd_16s_15s_31s_31_4_1_DSP48_4_U/m_reg_reg is absorbed into DSP mac_muladd_16s_15s_31s_31_4_1_U23/idct_mac_muladd_16s_15s_31s_31_4_1_DSP48_4_U/p_reg_reg.
DSP Report: operator mac_muladd_16s_15s_31s_31_4_1_U23/idct_mac_muladd_16s_15s_31s_31_4_1_DSP48_4_U/p is absorbed into DSP mac_muladd_16s_15s_31s_31_4_1_U23/idct_mac_muladd_16s_15s_31s_31_4_1_DSP48_4_U/p_reg_reg.
DSP Report: operator mac_muladd_16s_15s_31s_31_4_1_U23/idct_mac_muladd_16s_15s_31s_31_4_1_DSP48_4_U/m is absorbed into DSP mac_muladd_16s_15s_31s_31_4_1_U23/idct_mac_muladd_16s_15s_31s_31_4_1_DSP48_4_U/p_reg_reg.
DSP Report: Generating DSP am_addmul_16s_16s_16s_32_4_1_U7/idct_am_addmul_16s_16s_16s_32_4_1_DSP48_1_U/p_reg_reg, operation Mode is: ((D'+A2)*(B:0x3adfd)')'.
DSP Report: register tmp1_2_reg_10239_reg is absorbed into DSP am_addmul_16s_16s_16s_32_4_1_U7/idct_am_addmul_16s_16s_16s_32_4_1_DSP48_1_U/p_reg_reg.
DSP Report: register tmp2_2_reg_10151_reg is absorbed into DSP am_addmul_16s_16s_16s_32_4_1_U7/idct_am_addmul_16s_16s_16s_32_4_1_DSP48_1_U/p_reg_reg.
DSP Report: register am_addmul_16s_16s_16s_32_4_1_U5/idct_am_addmul_16s_16s_16s_32_4_1_DSP48_1_U/b_reg_reg is absorbed into DSP am_addmul_16s_16s_16s_32_4_1_U7/idct_am_addmul_16s_16s_16s_32_4_1_DSP48_1_U/p_reg_reg.
DSP Report: register am_addmul_16s_16s_16s_32_4_1_U7/idct_am_addmul_16s_16s_16s_32_4_1_DSP48_1_U/p_reg_reg is absorbed into DSP am_addmul_16s_16s_16s_32_4_1_U7/idct_am_addmul_16s_16s_16s_32_4_1_DSP48_1_U/p_reg_reg.
DSP Report: register am_addmul_16s_16s_16s_32_4_1_U7/idct_am_addmul_16s_16s_16s_32_4_1_DSP48_1_U/m_reg_reg is absorbed into DSP am_addmul_16s_16s_16s_32_4_1_U7/idct_am_addmul_16s_16s_16s_32_4_1_DSP48_1_U/p_reg_reg.
DSP Report: register am_addmul_16s_16s_16s_32_4_1_U7/idct_am_addmul_16s_16s_16s_32_4_1_DSP48_1_U/ad_reg_reg is absorbed into DSP am_addmul_16s_16s_16s_32_4_1_U7/idct_am_addmul_16s_16s_16s_32_4_1_DSP48_1_U/p_reg_reg.
DSP Report: operator am_addmul_16s_16s_16s_32_4_1_U7/idct_am_addmul_16s_16s_16s_32_4_1_DSP48_1_U/m is absorbed into DSP am_addmul_16s_16s_16s_32_4_1_U7/idct_am_addmul_16s_16s_16s_32_4_1_DSP48_1_U/p_reg_reg.
DSP Report: operator am_addmul_16s_16s_16s_32_4_1_U7/idct_am_addmul_16s_16s_16s_32_4_1_DSP48_1_U/ad is absorbed into DSP am_addmul_16s_16s_16s_32_4_1_U7/idct_am_addmul_16s_16s_16s_32_4_1_DSP48_1_U/p_reg_reg.
DSP Report: Generating DSP mac_muladd_17s_15s_32s_32_4_1_U45/idct_mac_muladd_17s_15s_32s_32_4_1_DSP48_8_U/p_reg_reg, operation Mode is: (C+(A''*(B:0x3c13b)')')'.
DSP Report: register mac_muladd_17s_15s_32s_32_4_1_U45/idct_mac_muladd_17s_15s_32s_32_4_1_DSP48_8_U/p_reg_reg is absorbed into DSP mac_muladd_17s_15s_32s_32_4_1_U45/idct_mac_muladd_17s_15s_32s_32_4_1_DSP48_8_U/p_reg_reg.
DSP Report: register mac_muladd_17s_15s_32s_32_4_1_U45/idct_mac_muladd_17s_15s_32s_32_4_1_DSP48_8_U/p_reg_reg is absorbed into DSP mac_muladd_17s_15s_32s_32_4_1_U45/idct_mac_muladd_17s_15s_32s_32_4_1_DSP48_8_U/p_reg_reg.
DSP Report: register mac_muladd_17s_15s_32s_32_4_1_U35/idct_mac_muladd_17s_15s_32s_32_4_1_DSP48_8_U/b_reg_reg is absorbed into DSP mac_muladd_17s_15s_32s_32_4_1_U45/idct_mac_muladd_17s_15s_32s_32_4_1_DSP48_8_U/p_reg_reg.
DSP Report: register mac_muladd_17s_15s_32s_32_4_1_U45/idct_mac_muladd_17s_15s_32s_32_4_1_DSP48_8_U/p_reg_reg is absorbed into DSP mac_muladd_17s_15s_32s_32_4_1_U45/idct_mac_muladd_17s_15s_32s_32_4_1_DSP48_8_U/p_reg_reg.
DSP Report: register mac_muladd_17s_15s_32s_32_4_1_U45/idct_mac_muladd_17s_15s_32s_32_4_1_DSP48_8_U/m_reg_reg is absorbed into DSP mac_muladd_17s_15s_32s_32_4_1_U45/idct_mac_muladd_17s_15s_32s_32_4_1_DSP48_8_U/p_reg_reg.
DSP Report: operator mac_muladd_17s_15s_32s_32_4_1_U45/idct_mac_muladd_17s_15s_32s_32_4_1_DSP48_8_U/p is absorbed into DSP mac_muladd_17s_15s_32s_32_4_1_U45/idct_mac_muladd_17s_15s_32s_32_4_1_DSP48_8_U/p_reg_reg.
DSP Report: operator mac_muladd_17s_15s_32s_32_4_1_U45/idct_mac_muladd_17s_15s_32s_32_4_1_DSP48_8_U/m is absorbed into DSP mac_muladd_17s_15s_32s_32_4_1_U45/idct_mac_muladd_17s_15s_32s_32_4_1_DSP48_8_U/p_reg_reg.
DSP Report: Generating DSP mac_muladd_16s_15ns_32s_32_4_1_U62/idct_mac_muladd_16s_15ns_32s_32_4_1_DSP48_10_U/p_reg_reg, operation Mode is: (PCIN+((A:0x6254)'*B'')')'.
DSP Report: register mac_muladd_16s_15ns_32s_32_4_1_U62/idct_mac_muladd_16s_15ns_32s_32_4_1_DSP48_10_U/p_reg_reg is absorbed into DSP mac_muladd_16s_15ns_32s_32_4_1_U62/idct_mac_muladd_16s_15ns_32s_32_4_1_DSP48_10_U/p_reg_reg.
DSP Report: register mac_muladd_16s_15ns_32s_32_4_1_U62/idct_mac_muladd_16s_15ns_32s_32_4_1_DSP48_10_U/p_reg_reg is absorbed into DSP mac_muladd_16s_15ns_32s_32_4_1_U62/idct_mac_muladd_16s_15ns_32s_32_4_1_DSP48_10_U/p_reg_reg.
DSP Report: register mac_muladd_16s_15ns_32s_32_4_1_U54/idct_mac_muladd_16s_15ns_32s_32_4_1_DSP48_10_U/b_reg_reg is absorbed into DSP mac_muladd_16s_15ns_32s_32_4_1_U62/idct_mac_muladd_16s_15ns_32s_32_4_1_DSP48_10_U/p_reg_reg.
DSP Report: register mac_muladd_16s_15ns_32s_32_4_1_U62/idct_mac_muladd_16s_15ns_32s_32_4_1_DSP48_10_U/p_reg_reg is absorbed into DSP mac_muladd_16s_15ns_32s_32_4_1_U62/idct_mac_muladd_16s_15ns_32s_32_4_1_DSP48_10_U/p_reg_reg.
DSP Report: register mac_muladd_16s_15ns_32s_32_4_1_U62/idct_mac_muladd_16s_15ns_32s_32_4_1_DSP48_10_U/m_reg_reg is absorbed into DSP mac_muladd_16s_15ns_32s_32_4_1_U62/idct_mac_muladd_16s_15ns_32s_32_4_1_DSP48_10_U/p_reg_reg.
DSP Report: operator mac_muladd_16s_15ns_32s_32_4_1_U62/idct_mac_muladd_16s_15ns_32s_32_4_1_DSP48_10_U/p is absorbed into DSP mac_muladd_16s_15ns_32s_32_4_1_U62/idct_mac_muladd_16s_15ns_32s_32_4_1_DSP48_10_U/p_reg_reg.
DSP Report: operator mac_muladd_16s_15ns_32s_32_4_1_U62/idct_mac_muladd_16s_15ns_32s_32_4_1_DSP48_10_U/m is absorbed into DSP mac_muladd_16s_15ns_32s_32_4_1_U62/idct_mac_muladd_16s_15ns_32s_32_4_1_DSP48_10_U/p_reg_reg.
DSP Report: Generating DSP am_addmul_22s_22s_14ns_32_4_1_U119/idct_am_addmul_22s_22s_14ns_32_4_1_DSP48_20_U/p_reg_reg, operation Mode is: ((D+A)*(B:0x25a1)')'.
DSP Report: register am_addmul_17s_17s_14ns_32_4_1_U29/idct_am_addmul_17s_17s_14ns_32_4_1_DSP48_2_U/b_reg_reg is absorbed into DSP am_addmul_22s_22s_14ns_32_4_1_U119/idct_am_addmul_22s_22s_14ns_32_4_1_DSP48_20_U/p_reg_reg.
DSP Report: register am_addmul_22s_22s_14ns_32_4_1_U119/idct_am_addmul_22s_22s_14ns_32_4_1_DSP48_20_U/p_reg_reg is absorbed into DSP am_addmul_22s_22s_14ns_32_4_1_U119/idct_am_addmul_22s_22s_14ns_32_4_1_DSP48_20_U/p_reg_reg.
DSP Report: register am_addmul_22s_22s_14ns_32_4_1_U119/idct_am_addmul_22s_22s_14ns_32_4_1_DSP48_20_U/m_reg_reg is absorbed into DSP am_addmul_22s_22s_14ns_32_4_1_U119/idct_am_addmul_22s_22s_14ns_32_4_1_DSP48_20_U/p_reg_reg.
DSP Report: register am_addmul_22s_22s_14ns_32_4_1_U119/idct_am_addmul_22s_22s_14ns_32_4_1_DSP48_20_U/ad_reg_reg is absorbed into DSP am_addmul_22s_22s_14ns_32_4_1_U119/idct_am_addmul_22s_22s_14ns_32_4_1_DSP48_20_U/p_reg_reg.
DSP Report: operator am_addmul_22s_22s_14ns_32_4_1_U119/idct_am_addmul_22s_22s_14ns_32_4_1_DSP48_20_U/m is absorbed into DSP am_addmul_22s_22s_14ns_32_4_1_U119/idct_am_addmul_22s_22s_14ns_32_4_1_DSP48_20_U/p_reg_reg.
DSP Report: operator am_addmul_22s_22s_14ns_32_4_1_U119/idct_am_addmul_22s_22s_14ns_32_4_1_DSP48_20_U/ad is absorbed into DSP am_addmul_22s_22s_14ns_32_4_1_U119/idct_am_addmul_22s_22s_14ns_32_4_1_DSP48_20_U/p_reg_reg.
DSP Report: Generating DSP mac_muladd_22s_15s_32s_32_4_1_U161/idct_mac_muladd_22s_15s_32s_32_4_1_DSP48_27_U/p_reg_reg, operation Mode is: (PCIN+(A''*(B:0x3c13b)')')'.
DSP Report: register mac_muladd_22s_15s_32s_32_4_1_U161/idct_mac_muladd_22s_15s_32s_32_4_1_DSP48_27_U/p_reg_reg is absorbed into DSP mac_muladd_22s_15s_32s_32_4_1_U161/idct_mac_muladd_22s_15s_32s_32_4_1_DSP48_27_U/p_reg_reg.
DSP Report: register mac_muladd_22s_15s_32s_32_4_1_U161/idct_mac_muladd_22s_15s_32s_32_4_1_DSP48_27_U/p_reg_reg is absorbed into DSP mac_muladd_22s_15s_32s_32_4_1_U161/idct_mac_muladd_22s_15s_32s_32_4_1_DSP48_27_U/p_reg_reg.
DSP Report: register mac_muladd_17s_15s_32s_32_4_1_U35/idct_mac_muladd_17s_15s_32s_32_4_1_DSP48_8_U/b_reg_reg is absorbed into DSP mac_muladd_22s_15s_32s_32_4_1_U161/idct_mac_muladd_22s_15s_32s_32_4_1_DSP48_27_U/p_reg_reg.
DSP Report: register mac_muladd_22s_15s_32s_32_4_1_U161/idct_mac_muladd_22s_15s_32s_32_4_1_DSP48_27_U/p_reg_reg is absorbed into DSP mac_muladd_22s_15s_32s_32_4_1_U161/idct_mac_muladd_22s_15s_32s_32_4_1_DSP48_27_U/p_reg_reg.
DSP Report: register mac_muladd_22s_15s_32s_32_4_1_U161/idct_mac_muladd_22s_15s_32s_32_4_1_DSP48_27_U/m_reg_reg is absorbed into DSP mac_muladd_22s_15s_32s_32_4_1_U161/idct_mac_muladd_22s_15s_32s_32_4_1_DSP48_27_U/p_reg_reg.
DSP Report: operator mac_muladd_22s_15s_32s_32_4_1_U161/idct_mac_muladd_22s_15s_32s_32_4_1_DSP48_27_U/p is absorbed into DSP mac_muladd_22s_15s_32s_32_4_1_U161/idct_mac_muladd_22s_15s_32s_32_4_1_DSP48_27_U/p_reg_reg.
DSP Report: operator mac_muladd_22s_15s_32s_32_4_1_U161/idct_mac_muladd_22s_15s_32s_32_4_1_DSP48_27_U/m is absorbed into DSP mac_muladd_22s_15s_32s_32_4_1_U161/idct_mac_muladd_22s_15s_32s_32_4_1_DSP48_27_U/p_reg_reg.
DSP Report: Generating DSP mac_muladd_21s_12ns_32ns_32_4_1_U189/idct_mac_muladd_21s_12ns_32ns_32_4_1_DSP48_31_U/p_reg_reg, operation Mode is: (PCIN+(A''*(B:0x98e)')')'.
DSP Report: register mac_muladd_21s_12ns_32ns_32_4_1_U171/idct_mac_muladd_21s_12ns_32ns_32_4_1_DSP48_31_U/b_reg_reg is absorbed into DSP mac_muladd_21s_12ns_32ns_32_4_1_U189/idct_mac_muladd_21s_12ns_32ns_32_4_1_DSP48_31_U/p_reg_reg.
DSP Report: register mac_muladd_21s_12ns_32ns_32_4_1_U189/idct_mac_muladd_21s_12ns_32ns_32_4_1_DSP48_31_U/p_reg_reg is absorbed into DSP mac_muladd_21s_12ns_32ns_32_4_1_U189/idct_mac_muladd_21s_12ns_32ns_32_4_1_DSP48_31_U/p_reg_reg.
DSP Report: register mac_muladd_21s_12ns_32ns_32_4_1_U189/idct_mac_muladd_21s_12ns_32ns_32_4_1_DSP48_31_U/p_reg_reg is absorbed into DSP mac_muladd_21s_12ns_32ns_32_4_1_U189/idct_mac_muladd_21s_12ns_32ns_32_4_1_DSP48_31_U/p_reg_reg.
DSP Report: register mac_muladd_21s_12ns_32ns_32_4_1_U189/idct_mac_muladd_21s_12ns_32ns_32_4_1_DSP48_31_U/p_reg_reg is absorbed into DSP mac_muladd_21s_12ns_32ns_32_4_1_U189/idct_mac_muladd_21s_12ns_32ns_32_4_1_DSP48_31_U/p_reg_reg.
DSP Report: register mac_muladd_21s_12ns_32ns_32_4_1_U189/idct_mac_muladd_21s_12ns_32ns_32_4_1_DSP48_31_U/m_reg_reg is absorbed into DSP mac_muladd_21s_12ns_32ns_32_4_1_U189/idct_mac_muladd_21s_12ns_32ns_32_4_1_DSP48_31_U/p_reg_reg.
DSP Report: operator mac_muladd_21s_12ns_32ns_32_4_1_U189/idct_mac_muladd_21s_12ns_32ns_32_4_1_DSP48_31_U/p is absorbed into DSP mac_muladd_21s_12ns_32ns_32_4_1_U189/idct_mac_muladd_21s_12ns_32ns_32_4_1_DSP48_31_U/p_reg_reg.
DSP Report: operator mac_muladd_21s_12ns_32ns_32_4_1_U189/idct_mac_muladd_21s_12ns_32ns_32_4_1_DSP48_31_U/m is absorbed into DSP mac_muladd_21s_12ns_32ns_32_4_1_U189/idct_mac_muladd_21s_12ns_32ns_32_4_1_DSP48_31_U/p_reg_reg.
DSP Report: Generating DSP mac_muladd_16s_15s_31s_31_4_1_U47/idct_mac_muladd_16s_15s_31s_31_4_1_DSP48_4_U/p_reg_reg, operation Mode is: (PCIN+((A:0x3fffc4df)'*B'')')'.
DSP Report: register mac_muladd_16s_15s_31s_31_4_1_U47/idct_mac_muladd_16s_15s_31s_31_4_1_DSP48_4_U/p_reg_reg is absorbed into DSP mac_muladd_16s_15s_31s_31_4_1_U47/idct_mac_muladd_16s_15s_31s_31_4_1_DSP48_4_U/p_reg_reg.
DSP Report: register mac_muladd_16s_15s_31s_31_4_1_U47/idct_mac_muladd_16s_15s_31s_31_4_1_DSP48_4_U/p_reg_reg is absorbed into DSP mac_muladd_16s_15s_31s_31_4_1_U47/idct_mac_muladd_16s_15s_31s_31_4_1_DSP48_4_U/p_reg_reg.
DSP Report: register mac_muladd_16s_15s_31s_31_4_1_U37/idct_mac_muladd_16s_15s_31s_31_4_1_DSP48_4_U/b_reg_reg is absorbed into DSP mac_muladd_16s_15s_31s_31_4_1_U47/idct_mac_muladd_16s_15s_31s_31_4_1_DSP48_4_U/p_reg_reg.
DSP Report: register mac_muladd_16s_15s_31s_31_4_1_U47/idct_mac_muladd_16s_15s_31s_31_4_1_DSP48_4_U/p_reg_reg is absorbed into DSP mac_muladd_16s_15s_31s_31_4_1_U47/idct_mac_muladd_16s_15s_31s_31_4_1_DSP48_4_U/p_reg_reg.
DSP Report: register mac_muladd_16s_15s_31s_31_4_1_U47/idct_mac_muladd_16s_15s_31s_31_4_1_DSP48_4_U/m_reg_reg is absorbed into DSP mac_muladd_16s_15s_31s_31_4_1_U47/idct_mac_muladd_16s_15s_31s_31_4_1_DSP48_4_U/p_reg_reg.
DSP Report: operator mac_muladd_16s_15s_31s_31_4_1_U47/idct_mac_muladd_16s_15s_31s_31_4_1_DSP48_4_U/p is absorbed into DSP mac_muladd_16s_15s_31s_31_4_1_U47/idct_mac_muladd_16s_15s_31s_31_4_1_DSP48_4_U/p_reg_reg.
DSP Report: operator mac_muladd_16s_15s_31s_31_4_1_U47/idct_mac_muladd_16s_15s_31s_31_4_1_DSP48_4_U/m is absorbed into DSP mac_muladd_16s_15s_31s_31_4_1_U47/idct_mac_muladd_16s_15s_31s_31_4_1_DSP48_4_U/p_reg_reg.
DSP Report: Generating DSP am_addmul_16s_16s_16s_32_4_1_U28/idct_am_addmul_16s_16s_16s_32_4_1_DSP48_1_U/p_reg_reg, operation Mode is: ((D'+A2)*(B:0x3adfd)')'.
DSP Report: register tmp1_24_reg_10245_reg is absorbed into DSP am_addmul_16s_16s_16s_32_4_1_U28/idct_am_addmul_16s_16s_16s_32_4_1_DSP48_1_U/p_reg_reg.
DSP Report: register tmp2_24_reg_10157_reg is absorbed into DSP am_addmul_16s_16s_16s_32_4_1_U28/idct_am_addmul_16s_16s_16s_32_4_1_DSP48_1_U/p_reg_reg.
DSP Report: register am_addmul_16s_16s_16s_32_4_1_U27/idct_am_addmul_16s_16s_16s_32_4_1_DSP48_1_U/b_reg_reg is absorbed into DSP am_addmul_16s_16s_16s_32_4_1_U28/idct_am_addmul_16s_16s_16s_32_4_1_DSP48_1_U/p_reg_reg.
DSP Report: register am_addmul_16s_16s_16s_32_4_1_U28/idct_am_addmul_16s_16s_16s_32_4_1_DSP48_1_U/p_reg_reg is absorbed into DSP am_addmul_16s_16s_16s_32_4_1_U28/idct_am_addmul_16s_16s_16s_32_4_1_DSP48_1_U/p_reg_reg.
DSP Report: register am_addmul_16s_16s_16s_32_4_1_U28/idct_am_addmul_16s_16s_16s_32_4_1_DSP48_1_U/m_reg_reg is absorbed into DSP am_addmul_16s_16s_16s_32_4_1_U28/idct_am_addmul_16s_16s_16s_32_4_1_DSP48_1_U/p_reg_reg.
DSP Report: register am_addmul_16s_16s_16s_32_4_1_U28/idct_am_addmul_16s_16s_16s_32_4_1_DSP48_1_U/ad_reg_reg is absorbed into DSP am_addmul_16s_16s_16s_32_4_1_U28/idct_am_addmul_16s_16s_16s_32_4_1_DSP48_1_U/p_reg_reg.
DSP Report: operator am_addmul_16s_16s_16s_32_4_1_U28/idct_am_addmul_16s_16s_16s_32_4_1_DSP48_1_U/m is absorbed into DSP am_addmul_16s_16s_16s_32_4_1_U28/idct_am_addmul_16s_16s_16s_32_4_1_DSP48_1_U/p_reg_reg.
DSP Report: operator am_addmul_16s_16s_16s_32_4_1_U28/idct_am_addmul_16s_16s_16s_32_4_1_DSP48_1_U/ad is absorbed into DSP am_addmul_16s_16s_16s_32_4_1_U28/idct_am_addmul_16s_16s_16s_32_4_1_DSP48_1_U/p_reg_reg.
DSP Report: Generating DSP mac_muladd_17s_15s_32s_32_4_1_U65/idct_mac_muladd_17s_15s_32s_32_4_1_DSP48_8_U/p_reg_reg, operation Mode is: (C+(A''*(B:0x3c13b)')')'.
DSP Report: register mac_muladd_17s_15s_32s_32_4_1_U65/idct_mac_muladd_17s_15s_32s_32_4_1_DSP48_8_U/p_reg_reg is absorbed into DSP mac_muladd_17s_15s_32s_32_4_1_U65/idct_mac_muladd_17s_15s_32s_32_4_1_DSP48_8_U/p_reg_reg.
DSP Report: register mac_muladd_17s_15s_32s_32_4_1_U65/idct_mac_muladd_17s_15s_32s_32_4_1_DSP48_8_U/p_reg_reg is absorbed into DSP mac_muladd_17s_15s_32s_32_4_1_U65/idct_mac_muladd_17s_15s_32s_32_4_1_DSP48_8_U/p_reg_reg.
DSP Report: register mac_muladd_17s_15s_32s_32_4_1_U35/idct_mac_muladd_17s_15s_32s_32_4_1_DSP48_8_U/b_reg_reg is absorbed into DSP mac_muladd_17s_15s_32s_32_4_1_U65/idct_mac_muladd_17s_15s_32s_32_4_1_DSP48_8_U/p_reg_reg.
DSP Report: register mac_muladd_17s_15s_32s_32_4_1_U65/idct_mac_muladd_17s_15s_32s_32_4_1_DSP48_8_U/p_reg_reg is absorbed into DSP mac_muladd_17s_15s_32s_32_4_1_U65/idct_mac_muladd_17s_15s_32s_32_4_1_DSP48_8_U/p_reg_reg.
DSP Report: register mac_muladd_17s_15s_32s_32_4_1_U65/idct_mac_muladd_17s_15s_32s_32_4_1_DSP48_8_U/m_reg_reg is absorbed into DSP mac_muladd_17s_15s_32s_32_4_1_U65/idct_mac_muladd_17s_15s_32s_32_4_1_DSP48_8_U/p_reg_reg.
DSP Report: operator mac_muladd_17s_15s_32s_32_4_1_U65/idct_mac_muladd_17s_15s_32s_32_4_1_DSP48_8_U/p is absorbed into DSP mac_muladd_17s_15s_32s_32_4_1_U65/idct_mac_muladd_17s_15s_32s_32_4_1_DSP48_8_U/p_reg_reg.
DSP Report: operator mac_muladd_17s_15s_32s_32_4_1_U65/idct_mac_muladd_17s_15s_32s_32_4_1_DSP48_8_U/m is absorbed into DSP mac_muladd_17s_15s_32s_32_4_1_U65/idct_mac_muladd_17s_15s_32s_32_4_1_DSP48_8_U/p_reg_reg.
DSP Report: Generating DSP mac_muladd_16s_15ns_32s_32_4_1_U72/idct_mac_muladd_16s_15ns_32s_32_4_1_DSP48_10_U/p_reg_reg, operation Mode is: (PCIN+((A:0x6254)'*B'')')'.
DSP Report: register mac_muladd_16s_15ns_32s_32_4_1_U72/idct_mac_muladd_16s_15ns_32s_32_4_1_DSP48_10_U/p_reg_reg is absorbed into DSP mac_muladd_16s_15ns_32s_32_4_1_U72/idct_mac_muladd_16s_15ns_32s_32_4_1_DSP48_10_U/p_reg_reg.
DSP Report: register mac_muladd_16s_15ns_32s_32_4_1_U72/idct_mac_muladd_16s_15ns_32s_32_4_1_DSP48_10_U/p_reg_reg is absorbed into DSP mac_muladd_16s_15ns_32s_32_4_1_U72/idct_mac_muladd_16s_15ns_32s_32_4_1_DSP48_10_U/p_reg_reg.
DSP Report: register mac_muladd_16s_15ns_32s_32_4_1_U54/idct_mac_muladd_16s_15ns_32s_32_4_1_DSP48_10_U/b_reg_reg is absorbed into DSP mac_muladd_16s_15ns_32s_32_4_1_U72/idct_mac_muladd_16s_15ns_32s_32_4_1_DSP48_10_U/p_reg_reg.
DSP Report: register mac_muladd_16s_15ns_32s_32_4_1_U72/idct_mac_muladd_16s_15ns_32s_32_4_1_DSP48_10_U/p_reg_reg is absorbed into DSP mac_muladd_16s_15ns_32s_32_4_1_U72/idct_mac_muladd_16s_15ns_32s_32_4_1_DSP48_10_U/p_reg_reg.
DSP Report: register mac_muladd_16s_15ns_32s_32_4_1_U72/idct_mac_muladd_16s_15ns_32s_32_4_1_DSP48_10_U/m_reg_reg is absorbed into DSP mac_muladd_16s_15ns_32s_32_4_1_U72/idct_mac_muladd_16s_15ns_32s_32_4_1_DSP48_10_U/p_reg_reg.
DSP Report: operator mac_muladd_16s_15ns_32s_32_4_1_U72/idct_mac_muladd_16s_15ns_32s_32_4_1_DSP48_10_U/p is absorbed into DSP mac_muladd_16s_15ns_32s_32_4_1_U72/idct_mac_muladd_16s_15ns_32s_32_4_1_DSP48_10_U/p_reg_reg.
DSP Report: operator mac_muladd_16s_15ns_32s_32_4_1_U72/idct_mac_muladd_16s_15ns_32s_32_4_1_DSP48_10_U/m is absorbed into DSP mac_muladd_16s_15ns_32s_32_4_1_U72/idct_mac_muladd_16s_15ns_32s_32_4_1_DSP48_10_U/p_reg_reg.
DSP Report: Generating DSP mac_muladd_16s_15s_31s_31_4_1_U37/idct_mac_muladd_16s_15s_31s_31_4_1_DSP48_4_U/p_reg_reg, operation Mode is: (PCIN+((A:0x3fffc4df)'*B'')')'.
DSP Report: register mac_muladd_16s_15s_31s_31_4_1_U37/idct_mac_muladd_16s_15s_31s_31_4_1_DSP48_4_U/p_reg_reg is absorbed into DSP mac_muladd_16s_15s_31s_31_4_1_U37/idct_mac_muladd_16s_15s_31s_31_4_1_DSP48_4_U/p_reg_reg.
DSP Report: register mac_muladd_16s_15s_31s_31_4_1_U37/idct_mac_muladd_16s_15s_31s_31_4_1_DSP48_4_U/p_reg_reg is absorbed into DSP mac_muladd_16s_15s_31s_31_4_1_U37/idct_mac_muladd_16s_15s_31s_31_4_1_DSP48_4_U/p_reg_reg.
DSP Report: register mac_muladd_16s_15s_31s_31_4_1_U37/idct_mac_muladd_16s_15s_31s_31_4_1_DSP48_4_U/b_reg_reg is absorbed into DSP mac_muladd_16s_15s_31s_31_4_1_U37/idct_mac_muladd_16s_15s_31s_31_4_1_DSP48_4_U/p_reg_reg.
DSP Report: register mac_muladd_16s_15s_31s_31_4_1_U37/idct_mac_muladd_16s_15s_31s_31_4_1_DSP48_4_U/p_reg_reg is absorbed into DSP mac_muladd_16s_15s_31s_31_4_1_U37/idct_mac_muladd_16s_15s_31s_31_4_1_DSP48_4_U/p_reg_reg.
DSP Report: register mac_muladd_16s_15s_31s_31_4_1_U37/idct_mac_muladd_16s_15s_31s_31_4_1_DSP48_4_U/m_reg_reg is absorbed into DSP mac_muladd_16s_15s_31s_31_4_1_U37/idct_mac_muladd_16s_15s_31s_31_4_1_DSP48_4_U/p_reg_reg.
DSP Report: operator mac_muladd_16s_15s_31s_31_4_1_U37/idct_mac_muladd_16s_15s_31s_31_4_1_DSP48_4_U/p is absorbed into DSP mac_muladd_16s_15s_31s_31_4_1_U37/idct_mac_muladd_16s_15s_31s_31_4_1_DSP48_4_U/p_reg_reg.
DSP Report: operator mac_muladd_16s_15s_31s_31_4_1_U37/idct_mac_muladd_16s_15s_31s_31_4_1_DSP48_4_U/m is absorbed into DSP mac_muladd_16s_15s_31s_31_4_1_U37/idct_mac_muladd_16s_15s_31s_31_4_1_DSP48_4_U/p_reg_reg.
DSP Report: Generating DSP am_addmul_16s_16s_16s_32_4_1_U27/idct_am_addmul_16s_16s_16s_32_4_1_DSP48_1_U/p_reg_reg, operation Mode is: ((D'+A2)*(B:0x3adfd)')'.
DSP Report: register tmp1_11_reg_10221_reg is absorbed into DSP am_addmul_16s_16s_16s_32_4_1_U27/idct_am_addmul_16s_16s_16s_32_4_1_DSP48_1_U/p_reg_reg.
DSP Report: register am_addmul_16s_16s_16s_32_4_1_U27/idct_am_addmul_16s_16s_16s_32_4_1_DSP48_1_U/b_reg_reg is absorbed into DSP am_addmul_16s_16s_16s_32_4_1_U27/idct_am_addmul_16s_16s_16s_32_4_1_DSP48_1_U/p_reg_reg.
DSP Report: register tmp2_11_reg_10133_reg is absorbed into DSP am_addmul_16s_16s_16s_32_4_1_U27/idct_am_addmul_16s_16s_16s_32_4_1_DSP48_1_U/p_reg_reg.
DSP Report: register am_addmul_16s_16s_16s_32_4_1_U27/idct_am_addmul_16s_16s_16s_32_4_1_DSP48_1_U/p_reg_reg is absorbed into DSP am_addmul_16s_16s_16s_32_4_1_U27/idct_am_addmul_16s_16s_16s_32_4_1_DSP48_1_U/p_reg_reg.
DSP Report: register am_addmul_16s_16s_16s_32_4_1_U27/idct_am_addmul_16s_16s_16s_32_4_1_DSP48_1_U/m_reg_reg is absorbed into DSP am_addmul_16s_16s_16s_32_4_1_U27/idct_am_addmul_16s_16s_16s_32_4_1_DSP48_1_U/p_reg_reg.
DSP Report: register am_addmul_16s_16s_16s_32_4_1_U27/idct_am_addmul_16s_16s_16s_32_4_1_DSP48_1_U/ad_reg_reg is absorbed into DSP am_addmul_16s_16s_16s_32_4_1_U27/idct_am_addmul_16s_16s_16s_32_4_1_DSP48_1_U/p_reg_reg.
DSP Report: operator am_addmul_16s_16s_16s_32_4_1_U27/idct_am_addmul_16s_16s_16s_32_4_1_DSP48_1_U/m is absorbed into DSP am_addmul_16s_16s_16s_32_4_1_U27/idct_am_addmul_16s_16s_16s_32_4_1_DSP48_1_U/p_reg_reg.
DSP Report: operator am_addmul_16s_16s_16s_32_4_1_U27/idct_am_addmul_16s_16s_16s_32_4_1_DSP48_1_U/ad is absorbed into DSP am_addmul_16s_16s_16s_32_4_1_U27/idct_am_addmul_16s_16s_16s_32_4_1_DSP48_1_U/p_reg_reg.
DSP Report: Generating DSP mac_muladd_17s_15s_32s_32_4_1_U57/idct_mac_muladd_17s_15s_32s_32_4_1_DSP48_8_U/p_reg_reg, operation Mode is: (C+(A''*(B:0x3c13b)')')'.
DSP Report: register mac_muladd_17s_15s_32s_32_4_1_U57/idct_mac_muladd_17s_15s_32s_32_4_1_DSP48_8_U/p_reg_reg is absorbed into DSP mac_muladd_17s_15s_32s_32_4_1_U57/idct_mac_muladd_17s_15s_32s_32_4_1_DSP48_8_U/p_reg_reg.
DSP Report: register mac_muladd_17s_15s_32s_32_4_1_U57/idct_mac_muladd_17s_15s_32s_32_4_1_DSP48_8_U/p_reg_reg is absorbed into DSP mac_muladd_17s_15s_32s_32_4_1_U57/idct_mac_muladd_17s_15s_32s_32_4_1_DSP48_8_U/p_reg_reg.
DSP Report: register mac_muladd_17s_15s_32s_32_4_1_U35/idct_mac_muladd_17s_15s_32s_32_4_1_DSP48_8_U/b_reg_reg is absorbed into DSP mac_muladd_17s_15s_32s_32_4_1_U57/idct_mac_muladd_17s_15s_32s_32_4_1_DSP48_8_U/p_reg_reg.
DSP Report: register mac_muladd_17s_15s_32s_32_4_1_U57/idct_mac_muladd_17s_15s_32s_32_4_1_DSP48_8_U/p_reg_reg is absorbed into DSP mac_muladd_17s_15s_32s_32_4_1_U57/idct_mac_muladd_17s_15s_32s_32_4_1_DSP48_8_U/p_reg_reg.
DSP Report: register mac_muladd_17s_15s_32s_32_4_1_U57/idct_mac_muladd_17s_15s_32s_32_4_1_DSP48_8_U/m_reg_reg is absorbed into DSP mac_muladd_17s_15s_32s_32_4_1_U57/idct_mac_muladd_17s_15s_32s_32_4_1_DSP48_8_U/p_reg_reg.
DSP Report: operator mac_muladd_17s_15s_32s_32_4_1_U57/idct_mac_muladd_17s_15s_32s_32_4_1_DSP48_8_U/p is absorbed into DSP mac_muladd_17s_15s_32s_32_4_1_U57/idct_mac_muladd_17s_15s_32s_32_4_1_DSP48_8_U/p_reg_reg.
DSP Report: operator mac_muladd_17s_15s_32s_32_4_1_U57/idct_mac_muladd_17s_15s_32s_32_4_1_DSP48_8_U/m is absorbed into DSP mac_muladd_17s_15s_32s_32_4_1_U57/idct_mac_muladd_17s_15s_32s_32_4_1_DSP48_8_U/p_reg_reg.
DSP Report: Generating DSP mac_muladd_16s_15ns_32s_32_4_1_U70/idct_mac_muladd_16s_15ns_32s_32_4_1_DSP48_10_U/p_reg_reg, operation Mode is: (PCIN+((A:0x6254)'*B'')')'.
DSP Report: register mac_muladd_16s_15ns_32s_32_4_1_U70/idct_mac_muladd_16s_15ns_32s_32_4_1_DSP48_10_U/p_reg_reg is absorbed into DSP mac_muladd_16s_15ns_32s_32_4_1_U70/idct_mac_muladd_16s_15ns_32s_32_4_1_DSP48_10_U/p_reg_reg.
DSP Report: register mac_muladd_16s_15ns_32s_32_4_1_U70/idct_mac_muladd_16s_15ns_32s_32_4_1_DSP48_10_U/p_reg_reg is absorbed into DSP mac_muladd_16s_15ns_32s_32_4_1_U70/idct_mac_muladd_16s_15ns_32s_32_4_1_DSP48_10_U/p_reg_reg.
DSP Report: register mac_muladd_16s_15ns_32s_32_4_1_U54/idct_mac_muladd_16s_15ns_32s_32_4_1_DSP48_10_U/b_reg_reg is absorbed into DSP mac_muladd_16s_15ns_32s_32_4_1_U70/idct_mac_muladd_16s_15ns_32s_32_4_1_DSP48_10_U/p_reg_reg.
DSP Report: register mac_muladd_16s_15ns_32s_32_4_1_U70/idct_mac_muladd_16s_15ns_32s_32_4_1_DSP48_10_U/p_reg_reg is absorbed into DSP mac_muladd_16s_15ns_32s_32_4_1_U70/idct_mac_muladd_16s_15ns_32s_32_4_1_DSP48_10_U/p_reg_reg.
DSP Report: register mac_muladd_16s_15ns_32s_32_4_1_U70/idct_mac_muladd_16s_15ns_32s_32_4_1_DSP48_10_U/m_reg_reg is absorbed into DSP mac_muladd_16s_15ns_32s_32_4_1_U70/idct_mac_muladd_16s_15ns_32s_32_4_1_DSP48_10_U/p_reg_reg.
DSP Report: operator mac_muladd_16s_15ns_32s_32_4_1_U70/idct_mac_muladd_16s_15ns_32s_32_4_1_DSP48_10_U/p is absorbed into DSP mac_muladd_16s_15ns_32s_32_4_1_U70/idct_mac_muladd_16s_15ns_32s_32_4_1_DSP48_10_U/p_reg_reg.
DSP Report: operator mac_muladd_16s_15ns_32s_32_4_1_U70/idct_mac_muladd_16s_15ns_32s_32_4_1_DSP48_10_U/m is absorbed into DSP mac_muladd_16s_15ns_32s_32_4_1_U70/idct_mac_muladd_16s_15ns_32s_32_4_1_DSP48_10_U/p_reg_reg.
DSP Report: Generating DSP am_addmul_21s_21s_13ns_32_4_1_U134/idct_am_addmul_21s_21s_13ns_32_4_1_DSP48_26_U/p_reg_reg, operation Mode is: ((D'+A2)*(B:0x1151)')'.
DSP Report: register workspace_58_reg_11393_reg is absorbed into DSP am_addmul_21s_21s_13ns_32_4_1_U134/idct_am_addmul_21s_21s_13ns_32_4_1_DSP48_26_U/p_reg_reg.
DSP Report: register workspace_82_reg_11457_reg is absorbed into DSP am_addmul_21s_21s_13ns_32_4_1_U134/idct_am_addmul_21s_21s_13ns_32_4_1_DSP48_26_U/p_reg_reg.
DSP Report: register am_addmul_16s_16s_13ns_30_4_1_U75/idct_am_addmul_16s_16s_13ns_30_4_1_DSP48_12_U/b_reg_reg is absorbed into DSP am_addmul_21s_21s_13ns_32_4_1_U134/idct_am_addmul_21s_21s_13ns_32_4_1_DSP48_26_U/p_reg_reg.
DSP Report: register am_addmul_21s_21s_13ns_32_4_1_U134/idct_am_addmul_21s_21s_13ns_32_4_1_DSP48_26_U/p_reg_reg is absorbed into DSP am_addmul_21s_21s_13ns_32_4_1_U134/idct_am_addmul_21s_21s_13ns_32_4_1_DSP48_26_U/p_reg_reg.
DSP Report: register am_addmul_21s_21s_13ns_32_4_1_U134/idct_am_addmul_21s_21s_13ns_32_4_1_DSP48_26_U/m_reg_reg is absorbed into DSP am_addmul_21s_21s_13ns_32_4_1_U134/idct_am_addmul_21s_21s_13ns_32_4_1_DSP48_26_U/p_reg_reg.
DSP Report: register am_addmul_21s_21s_13ns_32_4_1_U134/idct_am_addmul_21s_21s_13ns_32_4_1_DSP48_26_U/ad_reg_reg is absorbed into DSP am_addmul_21s_21s_13ns_32_4_1_U134/idct_am_addmul_21s_21s_13ns_32_4_1_DSP48_26_U/p_reg_reg.
DSP Report: operator am_addmul_21s_21s_13ns_32_4_1_U134/idct_am_addmul_21s_21s_13ns_32_4_1_DSP48_26_U/m is absorbed into DSP am_addmul_21s_21s_13ns_32_4_1_U134/idct_am_addmul_21s_21s_13ns_32_4_1_DSP48_26_U/p_reg_reg.
DSP Report: operator am_addmul_21s_21s_13ns_32_4_1_U134/idct_am_addmul_21s_21s_13ns_32_4_1_DSP48_26_U/ad is absorbed into DSP am_addmul_21s_21s_13ns_32_4_1_U134/idct_am_addmul_21s_21s_13ns_32_4_1_DSP48_26_U/p_reg_reg.
DSP Report: Generating DSP mac_muladd_21s_13ns_32s_32_4_1_U188/idct_mac_muladd_21s_13ns_32s_32_4_1_DSP48_30_U/p_reg_reg, operation Mode is: (PCIN+(A''*(B:0x187e)')')'.
DSP Report: register mac_muladd_21s_13ns_32s_32_4_1_U170/idct_mac_muladd_21s_13ns_32s_32_4_1_DSP48_30_U/b_reg_reg is absorbed into DSP mac_muladd_21s_13ns_32s_32_4_1_U188/idct_mac_muladd_21s_13ns_32s_32_4_1_DSP48_30_U/p_reg_reg.
DSP Report: register mac_muladd_21s_13ns_32s_32_4_1_U188/idct_mac_muladd_21s_13ns_32s_32_4_1_DSP48_30_U/p_reg_reg is absorbed into DSP mac_muladd_21s_13ns_32s_32_4_1_U188/idct_mac_muladd_21s_13ns_32s_32_4_1_DSP48_30_U/p_reg_reg.
DSP Report: register mac_muladd_21s_13ns_32s_32_4_1_U188/idct_mac_muladd_21s_13ns_32s_32_4_1_DSP48_30_U/p_reg_reg is absorbed into DSP mac_muladd_21s_13ns_32s_32_4_1_U188/idct_mac_muladd_21s_13ns_32s_32_4_1_DSP48_30_U/p_reg_reg.
DSP Report: register mac_muladd_21s_13ns_32s_32_4_1_U188/idct_mac_muladd_21s_13ns_32s_32_4_1_DSP48_30_U/p_reg_reg is absorbed into DSP mac_muladd_21s_13ns_32s_32_4_1_U188/idct_mac_muladd_21s_13ns_32s_32_4_1_DSP48_30_U/p_reg_reg.
DSP Report: register mac_muladd_21s_13ns_32s_32_4_1_U188/idct_mac_muladd_21s_13ns_32s_32_4_1_DSP48_30_U/m_reg_reg is absorbed into DSP mac_muladd_21s_13ns_32s_32_4_1_U188/idct_mac_muladd_21s_13ns_32s_32_4_1_DSP48_30_U/p_reg_reg.
DSP Report: operator mac_muladd_21s_13ns_32s_32_4_1_U188/idct_mac_muladd_21s_13ns_32s_32_4_1_DSP48_30_U/p is absorbed into DSP mac_muladd_21s_13ns_32s_32_4_1_U188/idct_mac_muladd_21s_13ns_32s_32_4_1_DSP48_30_U/p_reg_reg.
DSP Report: operator mac_muladd_21s_13ns_32s_32_4_1_U188/idct_mac_muladd_21s_13ns_32s_32_4_1_DSP48_30_U/m is absorbed into DSP mac_muladd_21s_13ns_32s_32_4_1_U188/idct_mac_muladd_21s_13ns_32s_32_4_1_DSP48_30_U/p_reg_reg.
DSP Report: Generating DSP mac_muladd_16s_15s_30s_30_4_1_U81/idct_mac_muladd_16s_15s_30s_30_4_1_DSP48_15_U/p_reg_reg, operation Mode is: (C+((A:0x3fffc4df)'*B'')')'.
DSP Report: register mac_muladd_16s_15s_30s_30_4_1_U81/idct_mac_muladd_16s_15s_30s_30_4_1_DSP48_15_U/p_reg_reg is absorbed into DSP mac_muladd_16s_15s_30s_30_4_1_U81/idct_mac_muladd_16s_15s_30s_30_4_1_DSP48_15_U/p_reg_reg.
DSP Report: register mac_muladd_16s_15s_30s_30_4_1_U81/idct_mac_muladd_16s_15s_30s_30_4_1_DSP48_15_U/p_reg_reg is absorbed into DSP mac_muladd_16s_15s_30s_30_4_1_U81/idct_mac_muladd_16s_15s_30s_30_4_1_DSP48_15_U/p_reg_reg.
DSP Report: register mac_muladd_16s_15s_31s_31_4_1_U37/idct_mac_muladd_16s_15s_31s_31_4_1_DSP48_4_U/b_reg_reg is absorbed into DSP mac_muladd_16s_15s_30s_30_4_1_U81/idct_mac_muladd_16s_15s_30s_30_4_1_DSP48_15_U/p_reg_reg.
DSP Report: register mac_muladd_16s_15s_30s_30_4_1_U81/idct_mac_muladd_16s_15s_30s_30_4_1_DSP48_15_U/p_reg_reg is absorbed into DSP mac_muladd_16s_15s_30s_30_4_1_U81/idct_mac_muladd_16s_15s_30s_30_4_1_DSP48_15_U/p_reg_reg.
DSP Report: register mac_muladd_16s_15s_30s_30_4_1_U81/idct_mac_muladd_16s_15s_30s_30_4_1_DSP48_15_U/m_reg_reg is absorbed into DSP mac_muladd_16s_15s_30s_30_4_1_U81/idct_mac_muladd_16s_15s_30s_30_4_1_DSP48_15_U/p_reg_reg.
DSP Report: operator mac_muladd_16s_15s_30s_30_4_1_U81/idct_mac_muladd_16s_15s_30s_30_4_1_DSP48_15_U/p is absorbed into DSP mac_muladd_16s_15s_30s_30_4_1_U81/idct_mac_muladd_16s_15s_30s_30_4_1_DSP48_15_U/p_reg_reg.
DSP Report: operator mac_muladd_16s_15s_30s_30_4_1_U81/idct_mac_muladd_16s_15s_30s_30_4_1_DSP48_15_U/m is absorbed into DSP mac_muladd_16s_15s_30s_30_4_1_U81/idct_mac_muladd_16s_15s_30s_30_4_1_DSP48_15_U/p_reg_reg.
DSP Report: Generating DSP am_addmul_16s_16s_16s_30_4_1_U73/idct_am_addmul_16s_16s_16s_30_4_1_DSP48_11_U/p_reg_reg, operation Mode is: ((D'+A2)*(B:0x3adfd)')'.
DSP Report: register tmp1_4_reg_10209_reg is absorbed into DSP am_addmul_16s_16s_16s_30_4_1_U73/idct_am_addmul_16s_16s_16s_30_4_1_DSP48_11_U/p_reg_reg.
DSP Report: register tmp2_4_reg_10121_reg is absorbed into DSP am_addmul_16s_16s_16s_30_4_1_U73/idct_am_addmul_16s_16s_16s_30_4_1_DSP48_11_U/p_reg_reg.
DSP Report: register am_addmul_16s_16s_16s_32_4_1_U27/idct_am_addmul_16s_16s_16s_32_4_1_DSP48_1_U/b_reg_reg is absorbed into DSP am_addmul_16s_16s_16s_30_4_1_U73/idct_am_addmul_16s_16s_16s_30_4_1_DSP48_11_U/p_reg_reg.
DSP Report: register am_addmul_16s_16s_16s_30_4_1_U73/idct_am_addmul_16s_16s_16s_30_4_1_DSP48_11_U/p_reg_reg is absorbed into DSP am_addmul_16s_16s_16s_30_4_1_U73/idct_am_addmul_16s_16s_16s_30_4_1_DSP48_11_U/p_reg_reg.
DSP Report: register am_addmul_16s_16s_16s_30_4_1_U73/idct_am_addmul_16s_16s_16s_30_4_1_DSP48_11_U/m_reg_reg is absorbed into DSP am_addmul_16s_16s_16s_30_4_1_U73/idct_am_addmul_16s_16s_16s_30_4_1_DSP48_11_U/p_reg_reg.
DSP Report: register am_addmul_16s_16s_16s_30_4_1_U73/idct_am_addmul_16s_16s_16s_30_4_1_DSP48_11_U/ad_reg_reg is absorbed into DSP am_addmul_16s_16s_16s_30_4_1_U73/idct_am_addmul_16s_16s_16s_30_4_1_DSP48_11_U/p_reg_reg.
DSP Report: operator am_addmul_16s_16s_16s_30_4_1_U73/idct_am_addmul_16s_16s_16s_30_4_1_DSP48_11_U/m is absorbed into DSP am_addmul_16s_16s_16s_30_4_1_U73/idct_am_addmul_16s_16s_16s_30_4_1_DSP48_11_U/p_reg_reg.
DSP Report: operator am_addmul_16s_16s_16s_30_4_1_U73/idct_am_addmul_16s_16s_16s_30_4_1_DSP48_11_U/ad is absorbed into DSP am_addmul_16s_16s_16s_30_4_1_U73/idct_am_addmul_16s_16s_16s_30_4_1_DSP48_11_U/p_reg_reg.
DSP Report: Generating DSP mac_muladd_17s_15s_30s_30_4_1_U83/idct_mac_muladd_17s_15s_30s_30_4_1_DSP48_17_U/p_reg_reg, operation Mode is: (C+(A''*(B:0x3c13b)')')'.
DSP Report: register mac_muladd_17s_15s_30s_30_4_1_U83/idct_mac_muladd_17s_15s_30s_30_4_1_DSP48_17_U/p_reg_reg is absorbed into DSP mac_muladd_17s_15s_30s_30_4_1_U83/idct_mac_muladd_17s_15s_30s_30_4_1_DSP48_17_U/p_reg_reg.
DSP Report: register mac_muladd_17s_15s_30s_30_4_1_U83/idct_mac_muladd_17s_15s_30s_30_4_1_DSP48_17_U/p_reg_reg is absorbed into DSP mac_muladd_17s_15s_30s_30_4_1_U83/idct_mac_muladd_17s_15s_30s_30_4_1_DSP48_17_U/p_reg_reg.
DSP Report: register mac_muladd_17s_15s_32s_32_4_1_U35/idct_mac_muladd_17s_15s_32s_32_4_1_DSP48_8_U/b_reg_reg is absorbed into DSP mac_muladd_17s_15s_30s_30_4_1_U83/idct_mac_muladd_17s_15s_30s_30_4_1_DSP48_17_U/p_reg_reg.
DSP Report: register mac_muladd_17s_15s_30s_30_4_1_U83/idct_mac_muladd_17s_15s_30s_30_4_1_DSP48_17_U/p_reg_reg is absorbed into DSP mac_muladd_17s_15s_30s_30_4_1_U83/idct_mac_muladd_17s_15s_30s_30_4_1_DSP48_17_U/p_reg_reg.
DSP Report: register mac_muladd_17s_15s_30s_30_4_1_U83/idct_mac_muladd_17s_15s_30s_30_4_1_DSP48_17_U/m_reg_reg is absorbed into DSP mac_muladd_17s_15s_30s_30_4_1_U83/idct_mac_muladd_17s_15s_30s_30_4_1_DSP48_17_U/p_reg_reg.
DSP Report: operator mac_muladd_17s_15s_30s_30_4_1_U83/idct_mac_muladd_17s_15s_30s_30_4_1_DSP48_17_U/p is absorbed into DSP mac_muladd_17s_15s_30s_30_4_1_U83/idct_mac_muladd_17s_15s_30s_30_4_1_DSP48_17_U/p_reg_reg.
DSP Report: operator mac_muladd_17s_15s_30s_30_4_1_U83/idct_mac_muladd_17s_15s_30s_30_4_1_DSP48_17_U/m is absorbed into DSP mac_muladd_17s_15s_30s_30_4_1_U83/idct_mac_muladd_17s_15s_30s_30_4_1_DSP48_17_U/p_reg_reg.
DSP Report: Generating DSP mac_muladd_16s_15ns_30s_30_4_1_U103/idct_mac_muladd_16s_15ns_30s_30_4_1_DSP48_24_U/p_reg_reg, operation Mode is: (PCIN+((A:0x6254)'*B'')')'.
DSP Report: register mac_muladd_16s_15ns_30s_30_4_1_U103/idct_mac_muladd_16s_15ns_30s_30_4_1_DSP48_24_U/p_reg_reg is absorbed into DSP mac_muladd_16s_15ns_30s_30_4_1_U103/idct_mac_muladd_16s_15ns_30s_30_4_1_DSP48_24_U/p_reg_reg.
DSP Report: register mac_muladd_16s_15ns_30s_30_4_1_U103/idct_mac_muladd_16s_15ns_30s_30_4_1_DSP48_24_U/p_reg_reg is absorbed into DSP mac_muladd_16s_15ns_30s_30_4_1_U103/idct_mac_muladd_16s_15ns_30s_30_4_1_DSP48_24_U/p_reg_reg.
DSP Report: register mac_muladd_16s_15ns_32s_32_4_1_U54/idct_mac_muladd_16s_15ns_32s_32_4_1_DSP48_10_U/b_reg_reg is absorbed into DSP mac_muladd_16s_15ns_30s_30_4_1_U103/idct_mac_muladd_16s_15ns_30s_30_4_1_DSP48_24_U/p_reg_reg.
DSP Report: register mac_muladd_16s_15ns_30s_30_4_1_U103/idct_mac_muladd_16s_15ns_30s_30_4_1_DSP48_24_U/p_reg_reg is absorbed into DSP mac_muladd_16s_15ns_30s_30_4_1_U103/idct_mac_muladd_16s_15ns_30s_30_4_1_DSP48_24_U/p_reg_reg.
DSP Report: register mac_muladd_16s_15ns_30s_30_4_1_U103/idct_mac_muladd_16s_15ns_30s_30_4_1_DSP48_24_U/m_reg_reg is absorbed into DSP mac_muladd_16s_15ns_30s_30_4_1_U103/idct_mac_muladd_16s_15ns_30s_30_4_1_DSP48_24_U/p_reg_reg.
DSP Report: operator mac_muladd_16s_15ns_30s_30_4_1_U103/idct_mac_muladd_16s_15ns_30s_30_4_1_DSP48_24_U/p is absorbed into DSP mac_muladd_16s_15ns_30s_30_4_1_U103/idct_mac_muladd_16s_15ns_30s_30_4_1_DSP48_24_U/p_reg_reg.
DSP Report: operator mac_muladd_16s_15ns_30s_30_4_1_U103/idct_mac_muladd_16s_15ns_30s_30_4_1_DSP48_24_U/m is absorbed into DSP mac_muladd_16s_15ns_30s_30_4_1_U103/idct_mac_muladd_16s_15ns_30s_30_4_1_DSP48_24_U/p_reg_reg.
DSP Report: Generating DSP mac_muladd_16s_15s_30s_30_4_1_U85/idct_mac_muladd_16s_15s_30s_30_4_1_DSP48_15_U/p_reg_reg, operation Mode is: (C+((A:0x3fffc4df)'*B'')')'.
DSP Report: register mac_muladd_16s_15s_30s_30_4_1_U85/idct_mac_muladd_16s_15s_30s_30_4_1_DSP48_15_U/p_reg_reg is absorbed into DSP mac_muladd_16s_15s_30s_30_4_1_U85/idct_mac_muladd_16s_15s_30s_30_4_1_DSP48_15_U/p_reg_reg.
DSP Report: register mac_muladd_16s_15s_30s_30_4_1_U85/idct_mac_muladd_16s_15s_30s_30_4_1_DSP48_15_U/p_reg_reg is absorbed into DSP mac_muladd_16s_15s_30s_30_4_1_U85/idct_mac_muladd_16s_15s_30s_30_4_1_DSP48_15_U/p_reg_reg.
DSP Report: register mac_muladd_16s_15s_31s_31_4_1_U37/idct_mac_muladd_16s_15s_31s_31_4_1_DSP48_4_U/b_reg_reg is absorbed into DSP mac_muladd_16s_15s_30s_30_4_1_U85/idct_mac_muladd_16s_15s_30s_30_4_1_DSP48_15_U/p_reg_reg.
DSP Report: register mac_muladd_16s_15s_30s_30_4_1_U85/idct_mac_muladd_16s_15s_30s_30_4_1_DSP48_15_U/p_reg_reg is absorbed into DSP mac_muladd_16s_15s_30s_30_4_1_U85/idct_mac_muladd_16s_15s_30s_30_4_1_DSP48_15_U/p_reg_reg.
DSP Report: register mac_muladd_16s_15s_30s_30_4_1_U85/idct_mac_muladd_16s_15s_30s_30_4_1_DSP48_15_U/m_reg_reg is absorbed into DSP mac_muladd_16s_15s_30s_30_4_1_U85/idct_mac_muladd_16s_15s_30s_30_4_1_DSP48_15_U/p_reg_reg.
DSP Report: operator mac_muladd_16s_15s_30s_30_4_1_U85/idct_mac_muladd_16s_15s_30s_30_4_1_DSP48_15_U/p is absorbed into DSP mac_muladd_16s_15s_30s_30_4_1_U85/idct_mac_muladd_16s_15s_30s_30_4_1_DSP48_15_U/p_reg_reg.
DSP Report: operator mac_muladd_16s_15s_30s_30_4_1_U85/idct_mac_muladd_16s_15s_30s_30_4_1_DSP48_15_U/m is absorbed into DSP mac_muladd_16s_15s_30s_30_4_1_U85/idct_mac_muladd_16s_15s_30s_30_4_1_DSP48_15_U/p_reg_reg.
DSP Report: Generating DSP am_addmul_16s_16s_16s_30_4_1_U74/idct_am_addmul_16s_16s_16s_30_4_1_DSP48_11_U/p_reg_reg, operation Mode is: ((D'+A2)*(B:0x3adfd)')'.
DSP Report: register tmp1_18_reg_10233_reg is absorbed into DSP am_addmul_16s_16s_16s_30_4_1_U74/idct_am_addmul_16s_16s_16s_30_4_1_DSP48_11_U/p_reg_reg.
DSP Report: register tmp2_18_reg_10145_reg is absorbed into DSP am_addmul_16s_16s_16s_30_4_1_U74/idct_am_addmul_16s_16s_16s_30_4_1_DSP48_11_U/p_reg_reg.
DSP Report: register am_addmul_16s_16s_16s_32_4_1_U27/idct_am_addmul_16s_16s_16s_32_4_1_DSP48_1_U/b_reg_reg is absorbed into DSP am_addmul_16s_16s_16s_30_4_1_U74/idct_am_addmul_16s_16s_16s_30_4_1_DSP48_11_U/p_reg_reg.
DSP Report: register am_addmul_16s_16s_16s_30_4_1_U74/idct_am_addmul_16s_16s_16s_30_4_1_DSP48_11_U/p_reg_reg is absorbed into DSP am_addmul_16s_16s_16s_30_4_1_U74/idct_am_addmul_16s_16s_16s_30_4_1_DSP48_11_U/p_reg_reg.
DSP Report: register am_addmul_16s_16s_16s_30_4_1_U74/idct_am_addmul_16s_16s_16s_30_4_1_DSP48_11_U/m_reg_reg is absorbed into DSP am_addmul_16s_16s_16s_30_4_1_U74/idct_am_addmul_16s_16s_16s_30_4_1_DSP48_11_U/p_reg_reg.
DSP Report: register am_addmul_16s_16s_16s_30_4_1_U74/idct_am_addmul_16s_16s_16s_30_4_1_DSP48_11_U/ad_reg_reg is absorbed into DSP am_addmul_16s_16s_16s_30_4_1_U74/idct_am_addmul_16s_16s_16s_30_4_1_DSP48_11_U/p_reg_reg.
DSP Report: operator am_addmul_16s_16s_16s_30_4_1_U74/idct_am_addmul_16s_16s_16s_30_4_1_DSP48_11_U/m is absorbed into DSP am_addmul_16s_16s_16s_30_4_1_U74/idct_am_addmul_16s_16s_16s_30_4_1_DSP48_11_U/p_reg_reg.
DSP Report: operator am_addmul_16s_16s_16s_30_4_1_U74/idct_am_addmul_16s_16s_16s_30_4_1_DSP48_11_U/ad is absorbed into DSP am_addmul_16s_16s_16s_30_4_1_U74/idct_am_addmul_16s_16s_16s_30_4_1_DSP48_11_U/p_reg_reg.
DSP Report: Generating DSP mac_muladd_17s_15s_30s_30_4_1_U87/idct_mac_muladd_17s_15s_30s_30_4_1_DSP48_17_U/p_reg_reg, operation Mode is: (C+(A''*(B:0x3c13b)')')'.
DSP Report: register mac_muladd_17s_15s_30s_30_4_1_U87/idct_mac_muladd_17s_15s_30s_30_4_1_DSP48_17_U/p_reg_reg is absorbed into DSP mac_muladd_17s_15s_30s_30_4_1_U87/idct_mac_muladd_17s_15s_30s_30_4_1_DSP48_17_U/p_reg_reg.
DSP Report: register mac_muladd_17s_15s_30s_30_4_1_U87/idct_mac_muladd_17s_15s_30s_30_4_1_DSP48_17_U/p_reg_reg is absorbed into DSP mac_muladd_17s_15s_30s_30_4_1_U87/idct_mac_muladd_17s_15s_30s_30_4_1_DSP48_17_U/p_reg_reg.
DSP Report: register mac_muladd_17s_15s_32s_32_4_1_U35/idct_mac_muladd_17s_15s_32s_32_4_1_DSP48_8_U/b_reg_reg is absorbed into DSP mac_muladd_17s_15s_30s_30_4_1_U87/idct_mac_muladd_17s_15s_30s_30_4_1_DSP48_17_U/p_reg_reg.
DSP Report: register mac_muladd_17s_15s_30s_30_4_1_U87/idct_mac_muladd_17s_15s_30s_30_4_1_DSP48_17_U/p_reg_reg is absorbed into DSP mac_muladd_17s_15s_30s_30_4_1_U87/idct_mac_muladd_17s_15s_30s_30_4_1_DSP48_17_U/p_reg_reg.
DSP Report: register mac_muladd_17s_15s_30s_30_4_1_U87/idct_mac_muladd_17s_15s_30s_30_4_1_DSP48_17_U/m_reg_reg is absorbed into DSP mac_muladd_17s_15s_30s_30_4_1_U87/idct_mac_muladd_17s_15s_30s_30_4_1_DSP48_17_U/p_reg_reg.
DSP Report: operator mac_muladd_17s_15s_30s_30_4_1_U87/idct_mac_muladd_17s_15s_30s_30_4_1_DSP48_17_U/p is absorbed into DSP mac_muladd_17s_15s_30s_30_4_1_U87/idct_mac_muladd_17s_15s_30s_30_4_1_DSP48_17_U/p_reg_reg.
DSP Report: operator mac_muladd_17s_15s_30s_30_4_1_U87/idct_mac_muladd_17s_15s_30s_30_4_1_DSP48_17_U/m is absorbed into DSP mac_muladd_17s_15s_30s_30_4_1_U87/idct_mac_muladd_17s_15s_30s_30_4_1_DSP48_17_U/p_reg_reg.
DSP Report: Generating DSP mac_muladd_16s_15ns_30s_30_4_1_U107/idct_mac_muladd_16s_15ns_30s_30_4_1_DSP48_24_U/p_reg_reg, operation Mode is: (PCIN+((A:0x6254)'*B'')')'.
DSP Report: register mac_muladd_16s_15ns_30s_30_4_1_U107/idct_mac_muladd_16s_15ns_30s_30_4_1_DSP48_24_U/p_reg_reg is absorbed into DSP mac_muladd_16s_15ns_30s_30_4_1_U107/idct_mac_muladd_16s_15ns_30s_30_4_1_DSP48_24_U/p_reg_reg.
DSP Report: register mac_muladd_16s_15ns_30s_30_4_1_U107/idct_mac_muladd_16s_15ns_30s_30_4_1_DSP48_24_U/p_reg_reg is absorbed into DSP mac_muladd_16s_15ns_30s_30_4_1_U107/idct_mac_muladd_16s_15ns_30s_30_4_1_DSP48_24_U/p_reg_reg.
DSP Report: register mac_muladd_16s_15ns_32s_32_4_1_U54/idct_mac_muladd_16s_15ns_32s_32_4_1_DSP48_10_U/b_reg_reg is absorbed into DSP mac_muladd_16s_15ns_30s_30_4_1_U107/idct_mac_muladd_16s_15ns_30s_30_4_1_DSP48_24_U/p_reg_reg.
DSP Report: register mac_muladd_16s_15ns_30s_30_4_1_U107/idct_mac_muladd_16s_15ns_30s_30_4_1_DSP48_24_U/p_reg_reg is absorbed into DSP mac_muladd_16s_15ns_30s_30_4_1_U107/idct_mac_muladd_16s_15ns_30s_30_4_1_DSP48_24_U/p_reg_reg.
DSP Report: register mac_muladd_16s_15ns_30s_30_4_1_U107/idct_mac_muladd_16s_15ns_30s_30_4_1_DSP48_24_U/m_reg_reg is absorbed into DSP mac_muladd_16s_15ns_30s_30_4_1_U107/idct_mac_muladd_16s_15ns_30s_30_4_1_DSP48_24_U/p_reg_reg.
DSP Report: operator mac_muladd_16s_15ns_30s_30_4_1_U107/idct_mac_muladd_16s_15ns_30s_30_4_1_DSP48_24_U/p is absorbed into DSP mac_muladd_16s_15ns_30s_30_4_1_U107/idct_mac_muladd_16s_15ns_30s_30_4_1_DSP48_24_U/p_reg_reg.
DSP Report: operator mac_muladd_16s_15ns_30s_30_4_1_U107/idct_mac_muladd_16s_15ns_30s_30_4_1_DSP48_24_U/m is absorbed into DSP mac_muladd_16s_15ns_30s_30_4_1_U107/idct_mac_muladd_16s_15ns_30s_30_4_1_DSP48_24_U/p_reg_reg.
DSP Report: Generating DSP am_addmul_21s_21s_16s_32_4_1_U110/idct_am_addmul_21s_21s_16s_32_4_1_DSP48_19_U/p_reg_reg, operation Mode is: ((D'+A2)*(B:0x3adfd)')'.
DSP Report: register workspace_66_reg_11207_reg is absorbed into DSP am_addmul_21s_21s_16s_32_4_1_U110/idct_am_addmul_21s_21s_16s_32_4_1_DSP48_19_U/p_reg_reg.
DSP Report: register workspace_74_reg_11241_reg is absorbed into DSP am_addmul_21s_21s_16s_32_4_1_U110/idct_am_addmul_21s_21s_16s_32_4_1_DSP48_19_U/p_reg_reg.
DSP Report: register am_addmul_16s_16s_16s_32_4_1_U27/idct_am_addmul_16s_16s_16s_32_4_1_DSP48_1_U/b_reg_reg is absorbed into DSP am_addmul_21s_21s_16s_32_4_1_U110/idct_am_addmul_21s_21s_16s_32_4_1_DSP48_19_U/p_reg_reg.
DSP Report: register am_addmul_21s_21s_16s_32_4_1_U110/idct_am_addmul_21s_21s_16s_32_4_1_DSP48_19_U/p_reg_reg is absorbed into DSP am_addmul_21s_21s_16s_32_4_1_U110/idct_am_addmul_21s_21s_16s_32_4_1_DSP48_19_U/p_reg_reg.
DSP Report: register am_addmul_21s_21s_16s_32_4_1_U110/idct_am_addmul_21s_21s_16s_32_4_1_DSP48_19_U/m_reg_reg is absorbed into DSP am_addmul_21s_21s_16s_32_4_1_U110/idct_am_addmul_21s_21s_16s_32_4_1_DSP48_19_U/p_reg_reg.
DSP Report: register am_addmul_21s_21s_16s_32_4_1_U110/idct_am_addmul_21s_21s_16s_32_4_1_DSP48_19_U/ad_reg_reg is absorbed into DSP am_addmul_21s_21s_16s_32_4_1_U110/idct_am_addmul_21s_21s_16s_32_4_1_DSP48_19_U/p_reg_reg.
DSP Report: operator am_addmul_21s_21s_16s_32_4_1_U110/idct_am_addmul_21s_21s_16s_32_4_1_DSP48_19_U/m is absorbed into DSP am_addmul_21s_21s_16s_32_4_1_U110/idct_am_addmul_21s_21s_16s_32_4_1_DSP48_19_U/p_reg_reg.
DSP Report: operator am_addmul_21s_21s_16s_32_4_1_U110/idct_am_addmul_21s_21s_16s_32_4_1_DSP48_19_U/ad is absorbed into DSP am_addmul_21s_21s_16s_32_4_1_U110/idct_am_addmul_21s_21s_16s_32_4_1_DSP48_19_U/p_reg_reg.
DSP Report: Generating DSP mac_muladd_22s_13s_32s_32_4_1_U162/idct_mac_muladd_22s_13s_32s_32_4_1_DSP48_28_U/p_reg_reg, operation Mode is: (C+(A''*(B:0x3f384)')')'.
DSP Report: register mac_muladd_22s_13s_32s_32_4_1_U162/idct_mac_muladd_22s_13s_32s_32_4_1_DSP48_28_U/p_reg_reg is absorbed into DSP mac_muladd_22s_13s_32s_32_4_1_U162/idct_mac_muladd_22s_13s_32s_32_4_1_DSP48_28_U/p_reg_reg.
DSP Report: register mac_muladd_22s_13s_32s_32_4_1_U162/idct_mac_muladd_22s_13s_32s_32_4_1_DSP48_28_U/p_reg_reg is absorbed into DSP mac_muladd_22s_13s_32s_32_4_1_U162/idct_mac_muladd_22s_13s_32s_32_4_1_DSP48_28_U/p_reg_reg.
DSP Report: register mac_muladd_17s_13s_32s_32_4_1_U36/idct_mac_muladd_17s_13s_32s_32_4_1_DSP48_9_U/b_reg_reg is absorbed into DSP mac_muladd_22s_13s_32s_32_4_1_U162/idct_mac_muladd_22s_13s_32s_32_4_1_DSP48_28_U/p_reg_reg.
DSP Report: register mac_muladd_22s_13s_32s_32_4_1_U162/idct_mac_muladd_22s_13s_32s_32_4_1_DSP48_28_U/p_reg_reg is absorbed into DSP mac_muladd_22s_13s_32s_32_4_1_U162/idct_mac_muladd_22s_13s_32s_32_4_1_DSP48_28_U/p_reg_reg.
DSP Report: register mac_muladd_22s_13s_32s_32_4_1_U162/idct_mac_muladd_22s_13s_32s_32_4_1_DSP48_28_U/m_reg_reg is absorbed into DSP mac_muladd_22s_13s_32s_32_4_1_U162/idct_mac_muladd_22s_13s_32s_32_4_1_DSP48_28_U/p_reg_reg.
DSP Report: operator mac_muladd_22s_13s_32s_32_4_1_U162/idct_mac_muladd_22s_13s_32s_32_4_1_DSP48_28_U/p is absorbed into DSP mac_muladd_22s_13s_32s_32_4_1_U162/idct_mac_muladd_22s_13s_32s_32_4_1_DSP48_28_U/p_reg_reg.
DSP Report: operator mac_muladd_22s_13s_32s_32_4_1_U162/idct_mac_muladd_22s_13s_32s_32_4_1_DSP48_28_U/m is absorbed into DSP mac_muladd_22s_13s_32s_32_4_1_U162/idct_mac_muladd_22s_13s_32s_32_4_1_DSP48_28_U/p_reg_reg.
DSP Report: Generating DSP mac_muladd_21s_15ns_32ns_32_4_1_U190/idct_mac_muladd_21s_15ns_32ns_32_4_1_DSP48_32_U/p_reg_reg, operation Mode is: (PCIN+(A''*(B:0x41b3)')')'.
DSP Report: register mac_muladd_21s_15ns_32ns_32_4_1_U172/idct_mac_muladd_21s_15ns_32ns_32_4_1_DSP48_32_U/b_reg_reg is absorbed into DSP mac_muladd_21s_15ns_32ns_32_4_1_U190/idct_mac_muladd_21s_15ns_32ns_32_4_1_DSP48_32_U/p_reg_reg.
DSP Report: register mac_muladd_21s_15ns_32ns_32_4_1_U190/idct_mac_muladd_21s_15ns_32ns_32_4_1_DSP48_32_U/p_reg_reg is absorbed into DSP mac_muladd_21s_15ns_32ns_32_4_1_U190/idct_mac_muladd_21s_15ns_32ns_32_4_1_DSP48_32_U/p_reg_reg.
DSP Report: register mac_muladd_21s_15ns_32ns_32_4_1_U190/idct_mac_muladd_21s_15ns_32ns_32_4_1_DSP48_32_U/p_reg_reg is absorbed into DSP mac_muladd_21s_15ns_32ns_32_4_1_U190/idct_mac_muladd_21s_15ns_32ns_32_4_1_DSP48_32_U/p_reg_reg.
DSP Report: register mac_muladd_21s_15ns_32ns_32_4_1_U190/idct_mac_muladd_21s_15ns_32ns_32_4_1_DSP48_32_U/p_reg_reg is absorbed into DSP mac_muladd_21s_15ns_32ns_32_4_1_U190/idct_mac_muladd_21s_15ns_32ns_32_4_1_DSP48_32_U/p_reg_reg.
DSP Report: register mac_muladd_21s_15ns_32ns_32_4_1_U190/idct_mac_muladd_21s_15ns_32ns_32_4_1_DSP48_32_U/m_reg_reg is absorbed into DSP mac_muladd_21s_15ns_32ns_32_4_1_U190/idct_mac_muladd_21s_15ns_32ns_32_4_1_DSP48_32_U/p_reg_reg.
DSP Report: operator mac_muladd_21s_15ns_32ns_32_4_1_U190/idct_mac_muladd_21s_15ns_32ns_32_4_1_DSP48_32_U/p is absorbed into DSP mac_muladd_21s_15ns_32ns_32_4_1_U190/idct_mac_muladd_21s_15ns_32ns_32_4_1_DSP48_32_U/p_reg_reg.
DSP Report: operator mac_muladd_21s_15ns_32ns_32_4_1_U190/idct_mac_muladd_21s_15ns_32ns_32_4_1_DSP48_32_U/m is absorbed into DSP mac_muladd_21s_15ns_32ns_32_4_1_U190/idct_mac_muladd_21s_15ns_32ns_32_4_1_DSP48_32_U/p_reg_reg.
DSP Report: Generating DSP mac_muladd_21s_15s_32s_32_4_1_U187/idct_mac_muladd_21s_15s_32s_32_4_1_DSP48_29_U/p_reg_reg, operation Mode is: (C+(A''*(B:0x3c4df)')')'.
DSP Report: register mac_muladd_21s_15s_32s_32_4_1_U169/idct_mac_muladd_21s_15s_32s_32_4_1_DSP48_29_U/b_reg_reg is absorbed into DSP mac_muladd_21s_15s_32s_32_4_1_U187/idct_mac_muladd_21s_15s_32s_32_4_1_DSP48_29_U/p_reg_reg.
DSP Report: register mac_muladd_21s_15s_32s_32_4_1_U187/idct_mac_muladd_21s_15s_32s_32_4_1_DSP48_29_U/p_reg_reg is absorbed into DSP mac_muladd_21s_15s_32s_32_4_1_U187/idct_mac_muladd_21s_15s_32s_32_4_1_DSP48_29_U/p_reg_reg.
DSP Report: register mac_muladd_21s_15s_32s_32_4_1_U187/idct_mac_muladd_21s_15s_32s_32_4_1_DSP48_29_U/p_reg_reg is absorbed into DSP mac_muladd_21s_15s_32s_32_4_1_U187/idct_mac_muladd_21s_15s_32s_32_4_1_DSP48_29_U/p_reg_reg.
DSP Report: register mac_muladd_21s_15s_32s_32_4_1_U187/idct_mac_muladd_21s_15s_32s_32_4_1_DSP48_29_U/p_reg_reg is absorbed into DSP mac_muladd_21s_15s_32s_32_4_1_U187/idct_mac_muladd_21s_15s_32s_32_4_1_DSP48_29_U/p_reg_reg.
DSP Report: register mac_muladd_21s_15s_32s_32_4_1_U187/idct_mac_muladd_21s_15s_32s_32_4_1_DSP48_29_U/m_reg_reg is absorbed into DSP mac_muladd_21s_15s_32s_32_4_1_U187/idct_mac_muladd_21s_15s_32s_32_4_1_DSP48_29_U/p_reg_reg.
DSP Report: operator mac_muladd_21s_15s_32s_32_4_1_U187/idct_mac_muladd_21s_15s_32s_32_4_1_DSP48_29_U/p is absorbed into DSP mac_muladd_21s_15s_32s_32_4_1_U187/idct_mac_muladd_21s_15s_32s_32_4_1_DSP48_29_U/p_reg_reg.
DSP Report: operator mac_muladd_21s_15s_32s_32_4_1_U187/idct_mac_muladd_21s_15s_32s_32_4_1_DSP48_29_U/m is absorbed into DSP mac_muladd_21s_15s_32s_32_4_1_U187/idct_mac_muladd_21s_15s_32s_32_4_1_DSP48_29_U/p_reg_reg.
DSP Report: Generating DSP mac_muladd_21s_15ns_32ns_32_4_1_U191/idct_mac_muladd_21s_15ns_32ns_32_4_1_DSP48_32_U/p_reg_reg, operation Mode is: (C+(A''*(B:0x6254)')')'.
DSP Report: register mac_muladd_21s_15ns_32ns_32_4_1_U173/idct_mac_muladd_21s_15ns_32ns_32_4_1_DSP48_32_U/b_reg_reg is absorbed into DSP mac_muladd_21s_15ns_32ns_32_4_1_U191/idct_mac_muladd_21s_15ns_32ns_32_4_1_DSP48_32_U/p_reg_reg.
DSP Report: register mac_muladd_21s_15ns_32ns_32_4_1_U191/idct_mac_muladd_21s_15ns_32ns_32_4_1_DSP48_32_U/p_reg_reg is absorbed into DSP mac_muladd_21s_15ns_32ns_32_4_1_U191/idct_mac_muladd_21s_15ns_32ns_32_4_1_DSP48_32_U/p_reg_reg.
DSP Report: register mac_muladd_21s_15ns_32ns_32_4_1_U191/idct_mac_muladd_21s_15ns_32ns_32_4_1_DSP48_32_U/p_reg_reg is absorbed into DSP mac_muladd_21s_15ns_32ns_32_4_1_U191/idct_mac_muladd_21s_15ns_32ns_32_4_1_DSP48_32_U/p_reg_reg.
DSP Report: register mac_muladd_21s_15ns_32ns_32_4_1_U191/idct_mac_muladd_21s_15ns_32ns_32_4_1_DSP48_32_U/p_reg_reg is absorbed into DSP mac_muladd_21s_15ns_32ns_32_4_1_U191/idct_mac_muladd_21s_15ns_32ns_32_4_1_DSP48_32_U/p_reg_reg.
DSP Report: register mac_muladd_21s_15ns_32ns_32_4_1_U191/idct_mac_muladd_21s_15ns_32ns_32_4_1_DSP48_32_U/m_reg_reg is absorbed into DSP mac_muladd_21s_15ns_32ns_32_4_1_U191/idct_mac_muladd_21s_15ns_32ns_32_4_1_DSP48_32_U/p_reg_reg.
DSP Report: operator mac_muladd_21s_15ns_32ns_32_4_1_U191/idct_mac_muladd_21s_15ns_32ns_32_4_1_DSP48_32_U/p is absorbed into DSP mac_muladd_21s_15ns_32ns_32_4_1_U191/idct_mac_muladd_21s_15ns_32ns_32_4_1_DSP48_32_U/p_reg_reg.
DSP Report: operator mac_muladd_21s_15ns_32ns_32_4_1_U191/idct_mac_muladd_21s_15ns_32ns_32_4_1_DSP48_32_U/m is absorbed into DSP mac_muladd_21s_15ns_32ns_32_4_1_U191/idct_mac_muladd_21s_15ns_32ns_32_4_1_DSP48_32_U/p_reg_reg.
DSP Report: Generating DSP mac_muladd_21s_14ns_32ns_32_4_1_U192/idct_mac_muladd_21s_14ns_32ns_32_4_1_DSP48_33_U/p_reg_reg, operation Mode is: (C+(A''*(B:0x300b)')')'.
DSP Report: register mac_muladd_21s_14ns_32ns_32_4_1_U174/idct_mac_muladd_21s_14ns_32ns_32_4_1_DSP48_33_U/b_reg_reg is absorbed into DSP mac_muladd_21s_14ns_32ns_32_4_1_U192/idct_mac_muladd_21s_14ns_32ns_32_4_1_DSP48_33_U/p_reg_reg.
DSP Report: register mac_muladd_21s_14ns_32ns_32_4_1_U192/idct_mac_muladd_21s_14ns_32ns_32_4_1_DSP48_33_U/p_reg_reg is absorbed into DSP mac_muladd_21s_14ns_32ns_32_4_1_U192/idct_mac_muladd_21s_14ns_32ns_32_4_1_DSP48_33_U/p_reg_reg.
DSP Report: register mac_muladd_21s_14ns_32ns_32_4_1_U192/idct_mac_muladd_21s_14ns_32ns_32_4_1_DSP48_33_U/p_reg_reg is absorbed into DSP mac_muladd_21s_14ns_32ns_32_4_1_U192/idct_mac_muladd_21s_14ns_32ns_32_4_1_DSP48_33_U/p_reg_reg.
DSP Report: register mac_muladd_21s_14ns_32ns_32_4_1_U192/idct_mac_muladd_21s_14ns_32ns_32_4_1_DSP48_33_U/p_reg_reg is absorbed into DSP mac_muladd_21s_14ns_32ns_32_4_1_U192/idct_mac_muladd_21s_14ns_32ns_32_4_1_DSP48_33_U/p_reg_reg.
DSP Report: register mac_muladd_21s_14ns_32ns_32_4_1_U192/idct_mac_muladd_21s_14ns_32ns_32_4_1_DSP48_33_U/m_reg_reg is absorbed into DSP mac_muladd_21s_14ns_32ns_32_4_1_U192/idct_mac_muladd_21s_14ns_32ns_32_4_1_DSP48_33_U/p_reg_reg.
DSP Report: operator mac_muladd_21s_14ns_32ns_32_4_1_U192/idct_mac_muladd_21s_14ns_32ns_32_4_1_DSP48_33_U/p is absorbed into DSP mac_muladd_21s_14ns_32ns_32_4_1_U192/idct_mac_muladd_21s_14ns_32ns_32_4_1_DSP48_33_U/p_reg_reg.
DSP Report: operator mac_muladd_21s_14ns_32ns_32_4_1_U192/idct_mac_muladd_21s_14ns_32ns_32_4_1_DSP48_33_U/m is absorbed into DSP mac_muladd_21s_14ns_32ns_32_4_1_U192/idct_mac_muladd_21s_14ns_32ns_32_4_1_DSP48_33_U/p_reg_reg.
DSP Report: Generating DSP mac_muladd_16s_15ns_32s_32_4_1_U67/idct_mac_muladd_16s_15ns_32s_32_4_1_DSP48_10_U/p_reg_reg, operation Mode is: (PCIN+((A:0x41b3)'*B'')')'.
DSP Report: register mac_muladd_16s_15ns_32s_32_4_1_U67/idct_mac_muladd_16s_15ns_32s_32_4_1_DSP48_10_U/p_reg_reg is absorbed into DSP mac_muladd_16s_15ns_32s_32_4_1_U67/idct_mac_muladd_16s_15ns_32s_32_4_1_DSP48_10_U/p_reg_reg.
DSP Report: register mac_muladd_16s_15ns_32s_32_4_1_U67/idct_mac_muladd_16s_15ns_32s_32_4_1_DSP48_10_U/p_reg_reg is absorbed into DSP mac_muladd_16s_15ns_32s_32_4_1_U67/idct_mac_muladd_16s_15ns_32s_32_4_1_DSP48_10_U/p_reg_reg.
DSP Report: register mac_muladd_16s_15ns_32s_32_4_1_U53/idct_mac_muladd_16s_15ns_32s_32_4_1_DSP48_10_U/b_reg_reg is absorbed into DSP mac_muladd_16s_15ns_32s_32_4_1_U67/idct_mac_muladd_16s_15ns_32s_32_4_1_DSP48_10_U/p_reg_reg.
DSP Report: register mac_muladd_16s_15ns_32s_32_4_1_U67/idct_mac_muladd_16s_15ns_32s_32_4_1_DSP48_10_U/p_reg_reg is absorbed into DSP mac_muladd_16s_15ns_32s_32_4_1_U67/idct_mac_muladd_16s_15ns_32s_32_4_1_DSP48_10_U/p_reg_reg.
DSP Report: register mac_muladd_16s_15ns_32s_32_4_1_U67/idct_mac_muladd_16s_15ns_32s_32_4_1_DSP48_10_U/m_reg_reg is absorbed into DSP mac_muladd_16s_15ns_32s_32_4_1_U67/idct_mac_muladd_16s_15ns_32s_32_4_1_DSP48_10_U/p_reg_reg.
DSP Report: operator mac_muladd_16s_15ns_32s_32_4_1_U67/idct_mac_muladd_16s_15ns_32s_32_4_1_DSP48_10_U/p is absorbed into DSP mac_muladd_16s_15ns_32s_32_4_1_U67/idct_mac_muladd_16s_15ns_32s_32_4_1_DSP48_10_U/p_reg_reg.
DSP Report: operator mac_muladd_16s_15ns_32s_32_4_1_U67/idct_mac_muladd_16s_15ns_32s_32_4_1_DSP48_10_U/m is absorbed into DSP mac_muladd_16s_15ns_32s_32_4_1_U67/idct_mac_muladd_16s_15ns_32s_32_4_1_DSP48_10_U/p_reg_reg.
DSP Report: Generating DSP mac_muladd_16s_15ns_32s_32_4_1_U53/idct_mac_muladd_16s_15ns_32s_32_4_1_DSP48_10_U/p_reg_reg, operation Mode is: (PCIN+((A:0x41b3)'*B'')')'.
DSP Report: register mac_muladd_16s_15ns_32s_32_4_1_U53/idct_mac_muladd_16s_15ns_32s_32_4_1_DSP48_10_U/p_reg_reg is absorbed into DSP mac_muladd_16s_15ns_32s_32_4_1_U53/idct_mac_muladd_16s_15ns_32s_32_4_1_DSP48_10_U/p_reg_reg.
DSP Report: register mac_muladd_16s_15ns_32s_32_4_1_U53/idct_mac_muladd_16s_15ns_32s_32_4_1_DSP48_10_U/p_reg_reg is absorbed into DSP mac_muladd_16s_15ns_32s_32_4_1_U53/idct_mac_muladd_16s_15ns_32s_32_4_1_DSP48_10_U/p_reg_reg.
DSP Report: register mac_muladd_16s_15ns_32s_32_4_1_U53/idct_mac_muladd_16s_15ns_32s_32_4_1_DSP48_10_U/b_reg_reg is absorbed into DSP mac_muladd_16s_15ns_32s_32_4_1_U53/idct_mac_muladd_16s_15ns_32s_32_4_1_DSP48_10_U/p_reg_reg.
DSP Report: register mac_muladd_16s_15ns_32s_32_4_1_U53/idct_mac_muladd_16s_15ns_32s_32_4_1_DSP48_10_U/p_reg_reg is absorbed into DSP mac_muladd_16s_15ns_32s_32_4_1_U53/idct_mac_muladd_16s_15ns_32s_32_4_1_DSP48_10_U/p_reg_reg.
DSP Report: register mac_muladd_16s_15ns_32s_32_4_1_U53/idct_mac_muladd_16s_15ns_32s_32_4_1_DSP48_10_U/m_reg_reg is absorbed into DSP mac_muladd_16s_15ns_32s_32_4_1_U53/idct_mac_muladd_16s_15ns_32s_32_4_1_DSP48_10_U/p_reg_reg.
DSP Report: operator mac_muladd_16s_15ns_32s_32_4_1_U53/idct_mac_muladd_16s_15ns_32s_32_4_1_DSP48_10_U/p is absorbed into DSP mac_muladd_16s_15ns_32s_32_4_1_U53/idct_mac_muladd_16s_15ns_32s_32_4_1_DSP48_10_U/p_reg_reg.
DSP Report: operator mac_muladd_16s_15ns_32s_32_4_1_U53/idct_mac_muladd_16s_15ns_32s_32_4_1_DSP48_10_U/m is absorbed into DSP mac_muladd_16s_15ns_32s_32_4_1_U53/idct_mac_muladd_16s_15ns_32s_32_4_1_DSP48_10_U/p_reg_reg.
DSP Report: Generating DSP am_addmul_21s_21s_14s_32_4_1_U124/idct_am_addmul_21s_21s_14s_32_4_1_DSP48_21_U/p_reg_reg, operation Mode is: ((D'+A2)*(B:0x3e333)')'.
DSP Report: register workspace_52_reg_11161_reg is absorbed into DSP am_addmul_21s_21s_14s_32_4_1_U124/idct_am_addmul_21s_21s_14s_32_4_1_DSP48_21_U/p_reg_reg.
DSP Report: register workspace_92_reg_11331_reg is absorbed into DSP am_addmul_21s_21s_14s_32_4_1_U124/idct_am_addmul_21s_21s_14s_32_4_1_DSP48_21_U/p_reg_reg.
DSP Report: register am_addmul_16s_16s_14s_31_4_1_U30/idct_am_addmul_16s_16s_14s_31_4_1_DSP48_3_U/b_reg_reg is absorbed into DSP am_addmul_21s_21s_14s_32_4_1_U124/idct_am_addmul_21s_21s_14s_32_4_1_DSP48_21_U/p_reg_reg.
DSP Report: register am_addmul_21s_21s_14s_32_4_1_U124/idct_am_addmul_21s_21s_14s_32_4_1_DSP48_21_U/p_reg_reg is absorbed into DSP am_addmul_21s_21s_14s_32_4_1_U124/idct_am_addmul_21s_21s_14s_32_4_1_DSP48_21_U/p_reg_reg.
DSP Report: register am_addmul_21s_21s_14s_32_4_1_U124/idct_am_addmul_21s_21s_14s_32_4_1_DSP48_21_U/m_reg_reg is absorbed into DSP am_addmul_21s_21s_14s_32_4_1_U124/idct_am_addmul_21s_21s_14s_32_4_1_DSP48_21_U/p_reg_reg.
DSP Report: register am_addmul_21s_21s_14s_32_4_1_U124/idct_am_addmul_21s_21s_14s_32_4_1_DSP48_21_U/ad_reg_reg is absorbed into DSP am_addmul_21s_21s_14s_32_4_1_U124/idct_am_addmul_21s_21s_14s_32_4_1_DSP48_21_U/p_reg_reg.
DSP Report: operator am_addmul_21s_21s_14s_32_4_1_U124/idct_am_addmul_21s_21s_14s_32_4_1_DSP48_21_U/m is absorbed into DSP am_addmul_21s_21s_14s_32_4_1_U124/idct_am_addmul_21s_21s_14s_32_4_1_DSP48_21_U/p_reg_reg.
DSP Report: operator am_addmul_21s_21s_14s_32_4_1_U124/idct_am_addmul_21s_21s_14s_32_4_1_DSP48_21_U/ad is absorbed into DSP am_addmul_21s_21s_14s_32_4_1_U124/idct_am_addmul_21s_21s_14s_32_4_1_DSP48_21_U/p_reg_reg.
DSP Report: Generating DSP mac_muladd_16s_15ns_32s_32_4_1_U59/idct_mac_muladd_16s_15ns_32s_32_4_1_DSP48_10_U/p_reg_reg, operation Mode is: (PCIN+((A:0x41b3)'*B'')')'.
DSP Report: register mac_muladd_16s_15ns_32s_32_4_1_U59/idct_mac_muladd_16s_15ns_32s_32_4_1_DSP48_10_U/p_reg_reg is absorbed into DSP mac_muladd_16s_15ns_32s_32_4_1_U59/idct_mac_muladd_16s_15ns_32s_32_4_1_DSP48_10_U/p_reg_reg.
DSP Report: register mac_muladd_16s_15ns_32s_32_4_1_U59/idct_mac_muladd_16s_15ns_32s_32_4_1_DSP48_10_U/p_reg_reg is absorbed into DSP mac_muladd_16s_15ns_32s_32_4_1_U59/idct_mac_muladd_16s_15ns_32s_32_4_1_DSP48_10_U/p_reg_reg.
DSP Report: register mac_muladd_16s_15ns_32s_32_4_1_U53/idct_mac_muladd_16s_15ns_32s_32_4_1_DSP48_10_U/b_reg_reg is absorbed into DSP mac_muladd_16s_15ns_32s_32_4_1_U59/idct_mac_muladd_16s_15ns_32s_32_4_1_DSP48_10_U/p_reg_reg.
DSP Report: register mac_muladd_16s_15ns_32s_32_4_1_U59/idct_mac_muladd_16s_15ns_32s_32_4_1_DSP48_10_U/p_reg_reg is absorbed into DSP mac_muladd_16s_15ns_32s_32_4_1_U59/idct_mac_muladd_16s_15ns_32s_32_4_1_DSP48_10_U/p_reg_reg.
DSP Report: register mac_muladd_16s_15ns_32s_32_4_1_U59/idct_mac_muladd_16s_15ns_32s_32_4_1_DSP48_10_U/m_reg_reg is absorbed into DSP mac_muladd_16s_15ns_32s_32_4_1_U59/idct_mac_muladd_16s_15ns_32s_32_4_1_DSP48_10_U/p_reg_reg.
DSP Report: operator mac_muladd_16s_15ns_32s_32_4_1_U59/idct_mac_muladd_16s_15ns_32s_32_4_1_DSP48_10_U/p is absorbed into DSP mac_muladd_16s_15ns_32s_32_4_1_U59/idct_mac_muladd_16s_15ns_32s_32_4_1_DSP48_10_U/p_reg_reg.
DSP Report: operator mac_muladd_16s_15ns_32s_32_4_1_U59/idct_mac_muladd_16s_15ns_32s_32_4_1_DSP48_10_U/m is absorbed into DSP mac_muladd_16s_15ns_32s_32_4_1_U59/idct_mac_muladd_16s_15ns_32s_32_4_1_DSP48_10_U/p_reg_reg.
DSP Report: Generating DSP mac_muladd_16s_15ns_32s_32_4_1_U61/idct_mac_muladd_16s_15ns_32s_32_4_1_DSP48_10_U/p_reg_reg, operation Mode is: (PCIN+((A:0x41b3)'*B'')')'.
DSP Report: register mac_muladd_16s_15ns_32s_32_4_1_U61/idct_mac_muladd_16s_15ns_32s_32_4_1_DSP48_10_U/p_reg_reg is absorbed into DSP mac_muladd_16s_15ns_32s_32_4_1_U61/idct_mac_muladd_16s_15ns_32s_32_4_1_DSP48_10_U/p_reg_reg.
DSP Report: register mac_muladd_16s_15ns_32s_32_4_1_U61/idct_mac_muladd_16s_15ns_32s_32_4_1_DSP48_10_U/p_reg_reg is absorbed into DSP mac_muladd_16s_15ns_32s_32_4_1_U61/idct_mac_muladd_16s_15ns_32s_32_4_1_DSP48_10_U/p_reg_reg.
DSP Report: register mac_muladd_16s_15ns_32s_32_4_1_U53/idct_mac_muladd_16s_15ns_32s_32_4_1_DSP48_10_U/b_reg_reg is absorbed into DSP mac_muladd_16s_15ns_32s_32_4_1_U61/idct_mac_muladd_16s_15ns_32s_32_4_1_DSP48_10_U/p_reg_reg.
DSP Report: register mac_muladd_16s_15ns_32s_32_4_1_U61/idct_mac_muladd_16s_15ns_32s_32_4_1_DSP48_10_U/p_reg_reg is absorbed into DSP mac_muladd_16s_15ns_32s_32_4_1_U61/idct_mac_muladd_16s_15ns_32s_32_4_1_DSP48_10_U/p_reg_reg.
DSP Report: register mac_muladd_16s_15ns_32s_32_4_1_U61/idct_mac_muladd_16s_15ns_32s_32_4_1_DSP48_10_U/m_reg_reg is absorbed into DSP mac_muladd_16s_15ns_32s_32_4_1_U61/idct_mac_muladd_16s_15ns_32s_32_4_1_DSP48_10_U/p_reg_reg.
DSP Report: operator mac_muladd_16s_15ns_32s_32_4_1_U61/idct_mac_muladd_16s_15ns_32s_32_4_1_DSP48_10_U/p is absorbed into DSP mac_muladd_16s_15ns_32s_32_4_1_U61/idct_mac_muladd_16s_15ns_32s_32_4_1_DSP48_10_U/p_reg_reg.
DSP Report: operator mac_muladd_16s_15ns_32s_32_4_1_U61/idct_mac_muladd_16s_15ns_32s_32_4_1_DSP48_10_U/m is absorbed into DSP mac_muladd_16s_15ns_32s_32_4_1_U61/idct_mac_muladd_16s_15ns_32s_32_4_1_DSP48_10_U/p_reg_reg.
DSP Report: Generating DSP am_addmul_22s_22s_14ns_32_4_1_U123/idct_am_addmul_22s_22s_14ns_32_4_1_DSP48_20_U/p_reg_reg, operation Mode is: ((D+A)*(B:0x25a1)')'.
DSP Report: register am_addmul_17s_17s_14ns_32_4_1_U29/idct_am_addmul_17s_17s_14ns_32_4_1_DSP48_2_U/b_reg_reg is absorbed into DSP am_addmul_22s_22s_14ns_32_4_1_U123/idct_am_addmul_22s_22s_14ns_32_4_1_DSP48_20_U/p_reg_reg.
DSP Report: register am_addmul_22s_22s_14ns_32_4_1_U123/idct_am_addmul_22s_22s_14ns_32_4_1_DSP48_20_U/p_reg_reg is absorbed into DSP am_addmul_22s_22s_14ns_32_4_1_U123/idct_am_addmul_22s_22s_14ns_32_4_1_DSP48_20_U/p_reg_reg.
DSP Report: register am_addmul_22s_22s_14ns_32_4_1_U123/idct_am_addmul_22s_22s_14ns_32_4_1_DSP48_20_U/m_reg_reg is absorbed into DSP am_addmul_22s_22s_14ns_32_4_1_U123/idct_am_addmul_22s_22s_14ns_32_4_1_DSP48_20_U/p_reg_reg.
DSP Report: register am_addmul_22s_22s_14ns_32_4_1_U123/idct_am_addmul_22s_22s_14ns_32_4_1_DSP48_20_U/ad_reg_reg is absorbed into DSP am_addmul_22s_22s_14ns_32_4_1_U123/idct_am_addmul_22s_22s_14ns_32_4_1_DSP48_20_U/p_reg_reg.
DSP Report: operator am_addmul_22s_22s_14ns_32_4_1_U123/idct_am_addmul_22s_22s_14ns_32_4_1_DSP48_20_U/m is absorbed into DSP am_addmul_22s_22s_14ns_32_4_1_U123/idct_am_addmul_22s_22s_14ns_32_4_1_DSP48_20_U/p_reg_reg.
DSP Report: operator am_addmul_22s_22s_14ns_32_4_1_U123/idct_am_addmul_22s_22s_14ns_32_4_1_DSP48_20_U/ad is absorbed into DSP am_addmul_22s_22s_14ns_32_4_1_U123/idct_am_addmul_22s_22s_14ns_32_4_1_DSP48_20_U/p_reg_reg.
DSP Report: Generating DSP mac_muladd_22s_15s_32s_32_4_1_U159/idct_mac_muladd_22s_15s_32s_32_4_1_DSP48_27_U/p_reg_reg, operation Mode is: (PCIN+(A''*(B:0x3c13b)')')'.
DSP Report: register mac_muladd_22s_15s_32s_32_4_1_U159/idct_mac_muladd_22s_15s_32s_32_4_1_DSP48_27_U/p_reg_reg is absorbed into DSP mac_muladd_22s_15s_32s_32_4_1_U159/idct_mac_muladd_22s_15s_32s_32_4_1_DSP48_27_U/p_reg_reg.
DSP Report: register mac_muladd_22s_15s_32s_32_4_1_U159/idct_mac_muladd_22s_15s_32s_32_4_1_DSP48_27_U/p_reg_reg is absorbed into DSP mac_muladd_22s_15s_32s_32_4_1_U159/idct_mac_muladd_22s_15s_32s_32_4_1_DSP48_27_U/p_reg_reg.
DSP Report: register mac_muladd_17s_15s_32s_32_4_1_U35/idct_mac_muladd_17s_15s_32s_32_4_1_DSP48_8_U/b_reg_reg is absorbed into DSP mac_muladd_22s_15s_32s_32_4_1_U159/idct_mac_muladd_22s_15s_32s_32_4_1_DSP48_27_U/p_reg_reg.
DSP Report: register mac_muladd_22s_15s_32s_32_4_1_U159/idct_mac_muladd_22s_15s_32s_32_4_1_DSP48_27_U/p_reg_reg is absorbed into DSP mac_muladd_22s_15s_32s_32_4_1_U159/idct_mac_muladd_22s_15s_32s_32_4_1_DSP48_27_U/p_reg_reg.
DSP Report: register mac_muladd_22s_15s_32s_32_4_1_U159/idct_mac_muladd_22s_15s_32s_32_4_1_DSP48_27_U/m_reg_reg is absorbed into DSP mac_muladd_22s_15s_32s_32_4_1_U159/idct_mac_muladd_22s_15s_32s_32_4_1_DSP48_27_U/p_reg_reg.
DSP Report: operator mac_muladd_22s_15s_32s_32_4_1_U159/idct_mac_muladd_22s_15s_32s_32_4_1_DSP48_27_U/p is absorbed into DSP mac_muladd_22s_15s_32s_32_4_1_U159/idct_mac_muladd_22s_15s_32s_32_4_1_DSP48_27_U/p_reg_reg.
DSP Report: operator mac_muladd_22s_15s_32s_32_4_1_U159/idct_mac_muladd_22s_15s_32s_32_4_1_DSP48_27_U/m is absorbed into DSP mac_muladd_22s_15s_32s_32_4_1_U159/idct_mac_muladd_22s_15s_32s_32_4_1_DSP48_27_U/p_reg_reg.
DSP Report: Generating DSP mac_muladd_21s_12ns_32ns_32_4_1_U183/idct_mac_muladd_21s_12ns_32ns_32_4_1_DSP48_31_U/p_reg_reg, operation Mode is: (PCIN+(A''*(B:0x98e)')')'.
DSP Report: register mac_muladd_21s_12ns_32ns_32_4_1_U171/idct_mac_muladd_21s_12ns_32ns_32_4_1_DSP48_31_U/b_reg_reg is absorbed into DSP mac_muladd_21s_12ns_32ns_32_4_1_U183/idct_mac_muladd_21s_12ns_32ns_32_4_1_DSP48_31_U/p_reg_reg.
DSP Report: register mac_muladd_21s_12ns_32ns_32_4_1_U183/idct_mac_muladd_21s_12ns_32ns_32_4_1_DSP48_31_U/p_reg_reg is absorbed into DSP mac_muladd_21s_12ns_32ns_32_4_1_U183/idct_mac_muladd_21s_12ns_32ns_32_4_1_DSP48_31_U/p_reg_reg.
DSP Report: register mac_muladd_21s_12ns_32ns_32_4_1_U183/idct_mac_muladd_21s_12ns_32ns_32_4_1_DSP48_31_U/p_reg_reg is absorbed into DSP mac_muladd_21s_12ns_32ns_32_4_1_U183/idct_mac_muladd_21s_12ns_32ns_32_4_1_DSP48_31_U/p_reg_reg.
DSP Report: register mac_muladd_21s_12ns_32ns_32_4_1_U183/idct_mac_muladd_21s_12ns_32ns_32_4_1_DSP48_31_U/p_reg_reg is absorbed into DSP mac_muladd_21s_12ns_32ns_32_4_1_U183/idct_mac_muladd_21s_12ns_32ns_32_4_1_DSP48_31_U/p_reg_reg.
DSP Report: register mac_muladd_21s_12ns_32ns_32_4_1_U183/idct_mac_muladd_21s_12ns_32ns_32_4_1_DSP48_31_U/m_reg_reg is absorbed into DSP mac_muladd_21s_12ns_32ns_32_4_1_U183/idct_mac_muladd_21s_12ns_32ns_32_4_1_DSP48_31_U/p_reg_reg.
DSP Report: operator mac_muladd_21s_12ns_32ns_32_4_1_U183/idct_mac_muladd_21s_12ns_32ns_32_4_1_DSP48_31_U/p is absorbed into DSP mac_muladd_21s_12ns_32ns_32_4_1_U183/idct_mac_muladd_21s_12ns_32ns_32_4_1_DSP48_31_U/p_reg_reg.
DSP Report: operator mac_muladd_21s_12ns_32ns_32_4_1_U183/idct_mac_muladd_21s_12ns_32ns_32_4_1_DSP48_31_U/m is absorbed into DSP mac_muladd_21s_12ns_32ns_32_4_1_U183/idct_mac_muladd_21s_12ns_32ns_32_4_1_DSP48_31_U/p_reg_reg.
DSP Report: Generating DSP mac_muladd_16s_15ns_32s_32_4_1_U71/idct_mac_muladd_16s_15ns_32s_32_4_1_DSP48_10_U/p_reg_reg, operation Mode is: (PCIN+((A:0x41b3)'*B'')')'.
DSP Report: register mac_muladd_16s_15ns_32s_32_4_1_U71/idct_mac_muladd_16s_15ns_32s_32_4_1_DSP48_10_U/p_reg_reg is absorbed into DSP mac_muladd_16s_15ns_32s_32_4_1_U71/idct_mac_muladd_16s_15ns_32s_32_4_1_DSP48_10_U/p_reg_reg.
DSP Report: register mac_muladd_16s_15ns_32s_32_4_1_U71/idct_mac_muladd_16s_15ns_32s_32_4_1_DSP48_10_U/p_reg_reg is absorbed into DSP mac_muladd_16s_15ns_32s_32_4_1_U71/idct_mac_muladd_16s_15ns_32s_32_4_1_DSP48_10_U/p_reg_reg.
DSP Report: register mac_muladd_16s_15ns_32s_32_4_1_U53/idct_mac_muladd_16s_15ns_32s_32_4_1_DSP48_10_U/b_reg_reg is absorbed into DSP mac_muladd_16s_15ns_32s_32_4_1_U71/idct_mac_muladd_16s_15ns_32s_32_4_1_DSP48_10_U/p_reg_reg.
DSP Report: register mac_muladd_16s_15ns_32s_32_4_1_U71/idct_mac_muladd_16s_15ns_32s_32_4_1_DSP48_10_U/p_reg_reg is absorbed into DSP mac_muladd_16s_15ns_32s_32_4_1_U71/idct_mac_muladd_16s_15ns_32s_32_4_1_DSP48_10_U/p_reg_reg.
DSP Report: register mac_muladd_16s_15ns_32s_32_4_1_U71/idct_mac_muladd_16s_15ns_32s_32_4_1_DSP48_10_U/m_reg_reg is absorbed into DSP mac_muladd_16s_15ns_32s_32_4_1_U71/idct_mac_muladd_16s_15ns_32s_32_4_1_DSP48_10_U/p_reg_reg.
DSP Report: operator mac_muladd_16s_15ns_32s_32_4_1_U71/idct_mac_muladd_16s_15ns_32s_32_4_1_DSP48_10_U/p is absorbed into DSP mac_muladd_16s_15ns_32s_32_4_1_U71/idct_mac_muladd_16s_15ns_32s_32_4_1_DSP48_10_U/p_reg_reg.
DSP Report: operator mac_muladd_16s_15ns_32s_32_4_1_U71/idct_mac_muladd_16s_15ns_32s_32_4_1_DSP48_10_U/m is absorbed into DSP mac_muladd_16s_15ns_32s_32_4_1_U71/idct_mac_muladd_16s_15ns_32s_32_4_1_DSP48_10_U/p_reg_reg.
DSP Report: Generating DSP mac_muladd_16s_15ns_32s_32_4_1_U69/idct_mac_muladd_16s_15ns_32s_32_4_1_DSP48_10_U/p_reg_reg, operation Mode is: (PCIN+((A:0x41b3)'*B'')')'.
DSP Report: register mac_muladd_16s_15ns_32s_32_4_1_U69/idct_mac_muladd_16s_15ns_32s_32_4_1_DSP48_10_U/p_reg_reg is absorbed into DSP mac_muladd_16s_15ns_32s_32_4_1_U69/idct_mac_muladd_16s_15ns_32s_32_4_1_DSP48_10_U/p_reg_reg.
DSP Report: register mac_muladd_16s_15ns_32s_32_4_1_U69/idct_mac_muladd_16s_15ns_32s_32_4_1_DSP48_10_U/p_reg_reg is absorbed into DSP mac_muladd_16s_15ns_32s_32_4_1_U69/idct_mac_muladd_16s_15ns_32s_32_4_1_DSP48_10_U/p_reg_reg.
DSP Report: register mac_muladd_16s_15ns_32s_32_4_1_U53/idct_mac_muladd_16s_15ns_32s_32_4_1_DSP48_10_U/b_reg_reg is absorbed into DSP mac_muladd_16s_15ns_32s_32_4_1_U69/idct_mac_muladd_16s_15ns_32s_32_4_1_DSP48_10_U/p_reg_reg.
DSP Report: register mac_muladd_16s_15ns_32s_32_4_1_U69/idct_mac_muladd_16s_15ns_32s_32_4_1_DSP48_10_U/p_reg_reg is absorbed into DSP mac_muladd_16s_15ns_32s_32_4_1_U69/idct_mac_muladd_16s_15ns_32s_32_4_1_DSP48_10_U/p_reg_reg.
DSP Report: register mac_muladd_16s_15ns_32s_32_4_1_U69/idct_mac_muladd_16s_15ns_32s_32_4_1_DSP48_10_U/m_reg_reg is absorbed into DSP mac_muladd_16s_15ns_32s_32_4_1_U69/idct_mac_muladd_16s_15ns_32s_32_4_1_DSP48_10_U/p_reg_reg.
DSP Report: operator mac_muladd_16s_15ns_32s_32_4_1_U69/idct_mac_muladd_16s_15ns_32s_32_4_1_DSP48_10_U/p is absorbed into DSP mac_muladd_16s_15ns_32s_32_4_1_U69/idct_mac_muladd_16s_15ns_32s_32_4_1_DSP48_10_U/p_reg_reg.
DSP Report: operator mac_muladd_16s_15ns_32s_32_4_1_U69/idct_mac_muladd_16s_15ns_32s_32_4_1_DSP48_10_U/m is absorbed into DSP mac_muladd_16s_15ns_32s_32_4_1_U69/idct_mac_muladd_16s_15ns_32s_32_4_1_DSP48_10_U/p_reg_reg.
DSP Report: Generating DSP am_addmul_21s_21s_13ns_32_4_1_U136/idct_am_addmul_21s_21s_13ns_32_4_1_DSP48_26_U/p_reg_reg, operation Mode is: ((D'+A2)*(B:0x1151)')'.
DSP Report: register workspace_60_reg_11405_reg is absorbed into DSP am_addmul_21s_21s_13ns_32_4_1_U136/idct_am_addmul_21s_21s_13ns_32_4_1_DSP48_26_U/p_reg_reg.
DSP Report: register workspace_84_reg_11469_reg is absorbed into DSP am_addmul_21s_21s_13ns_32_4_1_U136/idct_am_addmul_21s_21s_13ns_32_4_1_DSP48_26_U/p_reg_reg.
DSP Report: register am_addmul_16s_16s_13ns_30_4_1_U75/idct_am_addmul_16s_16s_13ns_30_4_1_DSP48_12_U/b_reg_reg is absorbed into DSP am_addmul_21s_21s_13ns_32_4_1_U136/idct_am_addmul_21s_21s_13ns_32_4_1_DSP48_26_U/p_reg_reg.
DSP Report: register am_addmul_21s_21s_13ns_32_4_1_U136/idct_am_addmul_21s_21s_13ns_32_4_1_DSP48_26_U/p_reg_reg is absorbed into DSP am_addmul_21s_21s_13ns_32_4_1_U136/idct_am_addmul_21s_21s_13ns_32_4_1_DSP48_26_U/p_reg_reg.
DSP Report: register am_addmul_21s_21s_13ns_32_4_1_U136/idct_am_addmul_21s_21s_13ns_32_4_1_DSP48_26_U/m_reg_reg is absorbed into DSP am_addmul_21s_21s_13ns_32_4_1_U136/idct_am_addmul_21s_21s_13ns_32_4_1_DSP48_26_U/p_reg_reg.
DSP Report: register am_addmul_21s_21s_13ns_32_4_1_U136/idct_am_addmul_21s_21s_13ns_32_4_1_DSP48_26_U/ad_reg_reg is absorbed into DSP am_addmul_21s_21s_13ns_32_4_1_U136/idct_am_addmul_21s_21s_13ns_32_4_1_DSP48_26_U/p_reg_reg.
DSP Report: operator am_addmul_21s_21s_13ns_32_4_1_U136/idct_am_addmul_21s_21s_13ns_32_4_1_DSP48_26_U/m is absorbed into DSP am_addmul_21s_21s_13ns_32_4_1_U136/idct_am_addmul_21s_21s_13ns_32_4_1_DSP48_26_U/p_reg_reg.
DSP Report: operator am_addmul_21s_21s_13ns_32_4_1_U136/idct_am_addmul_21s_21s_13ns_32_4_1_DSP48_26_U/ad is absorbed into DSP am_addmul_21s_21s_13ns_32_4_1_U136/idct_am_addmul_21s_21s_13ns_32_4_1_DSP48_26_U/p_reg_reg.
DSP Report: Generating DSP mac_muladd_21s_13ns_32s_32_4_1_U182/idct_mac_muladd_21s_13ns_32s_32_4_1_DSP48_30_U/p_reg_reg, operation Mode is: (PCIN+(A''*(B:0x187e)')')'.
DSP Report: register mac_muladd_21s_13ns_32s_32_4_1_U170/idct_mac_muladd_21s_13ns_32s_32_4_1_DSP48_30_U/b_reg_reg is absorbed into DSP mac_muladd_21s_13ns_32s_32_4_1_U182/idct_mac_muladd_21s_13ns_32s_32_4_1_DSP48_30_U/p_reg_reg.
DSP Report: register mac_muladd_21s_13ns_32s_32_4_1_U182/idct_mac_muladd_21s_13ns_32s_32_4_1_DSP48_30_U/p_reg_reg is absorbed into DSP mac_muladd_21s_13ns_32s_32_4_1_U182/idct_mac_muladd_21s_13ns_32s_32_4_1_DSP48_30_U/p_reg_reg.
DSP Report: register mac_muladd_21s_13ns_32s_32_4_1_U182/idct_mac_muladd_21s_13ns_32s_32_4_1_DSP48_30_U/p_reg_reg is absorbed into DSP mac_muladd_21s_13ns_32s_32_4_1_U182/idct_mac_muladd_21s_13ns_32s_32_4_1_DSP48_30_U/p_reg_reg.
DSP Report: register mac_muladd_21s_13ns_32s_32_4_1_U182/idct_mac_muladd_21s_13ns_32s_32_4_1_DSP48_30_U/p_reg_reg is absorbed into DSP mac_muladd_21s_13ns_32s_32_4_1_U182/idct_mac_muladd_21s_13ns_32s_32_4_1_DSP48_30_U/p_reg_reg.
DSP Report: register mac_muladd_21s_13ns_32s_32_4_1_U182/idct_mac_muladd_21s_13ns_32s_32_4_1_DSP48_30_U/m_reg_reg is absorbed into DSP mac_muladd_21s_13ns_32s_32_4_1_U182/idct_mac_muladd_21s_13ns_32s_32_4_1_DSP48_30_U/p_reg_reg.
DSP Report: operator mac_muladd_21s_13ns_32s_32_4_1_U182/idct_mac_muladd_21s_13ns_32s_32_4_1_DSP48_30_U/p is absorbed into DSP mac_muladd_21s_13ns_32s_32_4_1_U182/idct_mac_muladd_21s_13ns_32s_32_4_1_DSP48_30_U/p_reg_reg.
DSP Report: operator mac_muladd_21s_13ns_32s_32_4_1_U182/idct_mac_muladd_21s_13ns_32s_32_4_1_DSP48_30_U/m is absorbed into DSP mac_muladd_21s_13ns_32s_32_4_1_U182/idct_mac_muladd_21s_13ns_32s_32_4_1_DSP48_30_U/p_reg_reg.
DSP Report: Generating DSP mac_muladd_16s_15ns_30ns_30_4_1_U102/idct_mac_muladd_16s_15ns_30ns_30_4_1_DSP48_23_U/p_reg_reg, operation Mode is: (C+((A:0x41b3)'*B'')')'.
DSP Report: register mac_muladd_16s_15ns_30ns_30_4_1_U102/idct_mac_muladd_16s_15ns_30ns_30_4_1_DSP48_23_U/p_reg_reg is absorbed into DSP mac_muladd_16s_15ns_30ns_30_4_1_U102/idct_mac_muladd_16s_15ns_30ns_30_4_1_DSP48_23_U/p_reg_reg.
DSP Report: register mac_muladd_16s_15ns_30ns_30_4_1_U102/idct_mac_muladd_16s_15ns_30ns_30_4_1_DSP48_23_U/p_reg_reg is absorbed into DSP mac_muladd_16s_15ns_30ns_30_4_1_U102/idct_mac_muladd_16s_15ns_30ns_30_4_1_DSP48_23_U/p_reg_reg.
DSP Report: register mac_muladd_16s_15ns_32s_32_4_1_U53/idct_mac_muladd_16s_15ns_32s_32_4_1_DSP48_10_U/b_reg_reg is absorbed into DSP mac_muladd_16s_15ns_30ns_30_4_1_U102/idct_mac_muladd_16s_15ns_30ns_30_4_1_DSP48_23_U/p_reg_reg.
DSP Report: register mac_muladd_16s_15ns_30ns_30_4_1_U102/idct_mac_muladd_16s_15ns_30ns_30_4_1_DSP48_23_U/p_reg_reg is absorbed into DSP mac_muladd_16s_15ns_30ns_30_4_1_U102/idct_mac_muladd_16s_15ns_30ns_30_4_1_DSP48_23_U/p_reg_reg.
DSP Report: register mac_muladd_16s_15ns_30ns_30_4_1_U102/idct_mac_muladd_16s_15ns_30ns_30_4_1_DSP48_23_U/m_reg_reg is absorbed into DSP mac_muladd_16s_15ns_30ns_30_4_1_U102/idct_mac_muladd_16s_15ns_30ns_30_4_1_DSP48_23_U/p_reg_reg.
DSP Report: operator mac_muladd_16s_15ns_30ns_30_4_1_U102/idct_mac_muladd_16s_15ns_30ns_30_4_1_DSP48_23_U/p is absorbed into DSP mac_muladd_16s_15ns_30ns_30_4_1_U102/idct_mac_muladd_16s_15ns_30ns_30_4_1_DSP48_23_U/p_reg_reg.
DSP Report: operator mac_muladd_16s_15ns_30ns_30_4_1_U102/idct_mac_muladd_16s_15ns_30ns_30_4_1_DSP48_23_U/m is absorbed into DSP mac_muladd_16s_15ns_30ns_30_4_1_U102/idct_mac_muladd_16s_15ns_30ns_30_4_1_DSP48_23_U/p_reg_reg.
DSP Report: Generating DSP mac_muladd_16s_15ns_30ns_30_4_1_U106/idct_mac_muladd_16s_15ns_30ns_30_4_1_DSP48_23_U/p_reg_reg, operation Mode is: (C+((A:0x41b3)'*B'')')'.
DSP Report: register mac_muladd_16s_15ns_30ns_30_4_1_U106/idct_mac_muladd_16s_15ns_30ns_30_4_1_DSP48_23_U/p_reg_reg is absorbed into DSP mac_muladd_16s_15ns_30ns_30_4_1_U106/idct_mac_muladd_16s_15ns_30ns_30_4_1_DSP48_23_U/p_reg_reg.
DSP Report: register mac_muladd_16s_15ns_30ns_30_4_1_U106/idct_mac_muladd_16s_15ns_30ns_30_4_1_DSP48_23_U/p_reg_reg is absorbed into DSP mac_muladd_16s_15ns_30ns_30_4_1_U106/idct_mac_muladd_16s_15ns_30ns_30_4_1_DSP48_23_U/p_reg_reg.
DSP Report: register mac_muladd_16s_15ns_32s_32_4_1_U53/idct_mac_muladd_16s_15ns_32s_32_4_1_DSP48_10_U/b_reg_reg is absorbed into DSP mac_muladd_16s_15ns_30ns_30_4_1_U106/idct_mac_muladd_16s_15ns_30ns_30_4_1_DSP48_23_U/p_reg_reg.
DSP Report: register mac_muladd_16s_15ns_30ns_30_4_1_U106/idct_mac_muladd_16s_15ns_30ns_30_4_1_DSP48_23_U/p_reg_reg is absorbed into DSP mac_muladd_16s_15ns_30ns_30_4_1_U106/idct_mac_muladd_16s_15ns_30ns_30_4_1_DSP48_23_U/p_reg_reg.
DSP Report: register mac_muladd_16s_15ns_30ns_30_4_1_U106/idct_mac_muladd_16s_15ns_30ns_30_4_1_DSP48_23_U/m_reg_reg is absorbed into DSP mac_muladd_16s_15ns_30ns_30_4_1_U106/idct_mac_muladd_16s_15ns_30ns_30_4_1_DSP48_23_U/p_reg_reg.
DSP Report: operator mac_muladd_16s_15ns_30ns_30_4_1_U106/idct_mac_muladd_16s_15ns_30ns_30_4_1_DSP48_23_U/p is absorbed into DSP mac_muladd_16s_15ns_30ns_30_4_1_U106/idct_mac_muladd_16s_15ns_30ns_30_4_1_DSP48_23_U/p_reg_reg.
DSP Report: operator mac_muladd_16s_15ns_30ns_30_4_1_U106/idct_mac_muladd_16s_15ns_30ns_30_4_1_DSP48_23_U/m is absorbed into DSP mac_muladd_16s_15ns_30ns_30_4_1_U106/idct_mac_muladd_16s_15ns_30ns_30_4_1_DSP48_23_U/p_reg_reg.
DSP Report: Generating DSP am_addmul_21s_21s_16s_32_4_1_U112/idct_am_addmul_21s_21s_16s_32_4_1_DSP48_19_U/p_reg_reg, operation Mode is: ((D'+A2)*(B:0x3adfd)')'.
DSP Report: register workspace_68_reg_11219_reg is absorbed into DSP am_addmul_21s_21s_16s_32_4_1_U112/idct_am_addmul_21s_21s_16s_32_4_1_DSP48_19_U/p_reg_reg.
DSP Report: register workspace_76_reg_11253_reg is absorbed into DSP am_addmul_21s_21s_16s_32_4_1_U112/idct_am_addmul_21s_21s_16s_32_4_1_DSP48_19_U/p_reg_reg.
DSP Report: register am_addmul_16s_16s_16s_32_4_1_U27/idct_am_addmul_16s_16s_16s_32_4_1_DSP48_1_U/b_reg_reg is absorbed into DSP am_addmul_21s_21s_16s_32_4_1_U112/idct_am_addmul_21s_21s_16s_32_4_1_DSP48_19_U/p_reg_reg.
DSP Report: register am_addmul_21s_21s_16s_32_4_1_U112/idct_am_addmul_21s_21s_16s_32_4_1_DSP48_19_U/p_reg_reg is absorbed into DSP am_addmul_21s_21s_16s_32_4_1_U112/idct_am_addmul_21s_21s_16s_32_4_1_DSP48_19_U/p_reg_reg.
DSP Report: register am_addmul_21s_21s_16s_32_4_1_U112/idct_am_addmul_21s_21s_16s_32_4_1_DSP48_19_U/m_reg_reg is absorbed into DSP am_addmul_21s_21s_16s_32_4_1_U112/idct_am_addmul_21s_21s_16s_32_4_1_DSP48_19_U/p_reg_reg.
DSP Report: register am_addmul_21s_21s_16s_32_4_1_U112/idct_am_addmul_21s_21s_16s_32_4_1_DSP48_19_U/ad_reg_reg is absorbed into DSP am_addmul_21s_21s_16s_32_4_1_U112/idct_am_addmul_21s_21s_16s_32_4_1_DSP48_19_U/p_reg_reg.
DSP Report: operator am_addmul_21s_21s_16s_32_4_1_U112/idct_am_addmul_21s_21s_16s_32_4_1_DSP48_19_U/m is absorbed into DSP am_addmul_21s_21s_16s_32_4_1_U112/idct_am_addmul_21s_21s_16s_32_4_1_DSP48_19_U/p_reg_reg.
DSP Report: operator am_addmul_21s_21s_16s_32_4_1_U112/idct_am_addmul_21s_21s_16s_32_4_1_DSP48_19_U/ad is absorbed into DSP am_addmul_21s_21s_16s_32_4_1_U112/idct_am_addmul_21s_21s_16s_32_4_1_DSP48_19_U/p_reg_reg.
DSP Report: Generating DSP mac_muladd_22s_13s_32s_32_4_1_U160/idct_mac_muladd_22s_13s_32s_32_4_1_DSP48_28_U/p_reg_reg, operation Mode is: (C+(A''*(B:0x3f384)')')'.
DSP Report: register mac_muladd_22s_13s_32s_32_4_1_U160/idct_mac_muladd_22s_13s_32s_32_4_1_DSP48_28_U/p_reg_reg is absorbed into DSP mac_muladd_22s_13s_32s_32_4_1_U160/idct_mac_muladd_22s_13s_32s_32_4_1_DSP48_28_U/p_reg_reg.
DSP Report: register mac_muladd_22s_13s_32s_32_4_1_U160/idct_mac_muladd_22s_13s_32s_32_4_1_DSP48_28_U/p_reg_reg is absorbed into DSP mac_muladd_22s_13s_32s_32_4_1_U160/idct_mac_muladd_22s_13s_32s_32_4_1_DSP48_28_U/p_reg_reg.
DSP Report: register mac_muladd_17s_13s_32s_32_4_1_U36/idct_mac_muladd_17s_13s_32s_32_4_1_DSP48_9_U/b_reg_reg is absorbed into DSP mac_muladd_22s_13s_32s_32_4_1_U160/idct_mac_muladd_22s_13s_32s_32_4_1_DSP48_28_U/p_reg_reg.
DSP Report: register mac_muladd_22s_13s_32s_32_4_1_U160/idct_mac_muladd_22s_13s_32s_32_4_1_DSP48_28_U/p_reg_reg is absorbed into DSP mac_muladd_22s_13s_32s_32_4_1_U160/idct_mac_muladd_22s_13s_32s_32_4_1_DSP48_28_U/p_reg_reg.
DSP Report: register mac_muladd_22s_13s_32s_32_4_1_U160/idct_mac_muladd_22s_13s_32s_32_4_1_DSP48_28_U/m_reg_reg is absorbed into DSP mac_muladd_22s_13s_32s_32_4_1_U160/idct_mac_muladd_22s_13s_32s_32_4_1_DSP48_28_U/p_reg_reg.
DSP Report: operator mac_muladd_22s_13s_32s_32_4_1_U160/idct_mac_muladd_22s_13s_32s_32_4_1_DSP48_28_U/p is absorbed into DSP mac_muladd_22s_13s_32s_32_4_1_U160/idct_mac_muladd_22s_13s_32s_32_4_1_DSP48_28_U/p_reg_reg.
DSP Report: operator mac_muladd_22s_13s_32s_32_4_1_U160/idct_mac_muladd_22s_13s_32s_32_4_1_DSP48_28_U/m is absorbed into DSP mac_muladd_22s_13s_32s_32_4_1_U160/idct_mac_muladd_22s_13s_32s_32_4_1_DSP48_28_U/p_reg_reg.
DSP Report: Generating DSP mac_muladd_21s_15ns_32ns_32_4_1_U184/idct_mac_muladd_21s_15ns_32ns_32_4_1_DSP48_32_U/p_reg_reg, operation Mode is: (PCIN+(A''*(B:0x41b3)')')'.
DSP Report: register mac_muladd_21s_15ns_32ns_32_4_1_U172/idct_mac_muladd_21s_15ns_32ns_32_4_1_DSP48_32_U/b_reg_reg is absorbed into DSP mac_muladd_21s_15ns_32ns_32_4_1_U184/idct_mac_muladd_21s_15ns_32ns_32_4_1_DSP48_32_U/p_reg_reg.
DSP Report: register mac_muladd_21s_15ns_32ns_32_4_1_U184/idct_mac_muladd_21s_15ns_32ns_32_4_1_DSP48_32_U/p_reg_reg is absorbed into DSP mac_muladd_21s_15ns_32ns_32_4_1_U184/idct_mac_muladd_21s_15ns_32ns_32_4_1_DSP48_32_U/p_reg_reg.
DSP Report: register mac_muladd_21s_15ns_32ns_32_4_1_U184/idct_mac_muladd_21s_15ns_32ns_32_4_1_DSP48_32_U/p_reg_reg is absorbed into DSP mac_muladd_21s_15ns_32ns_32_4_1_U184/idct_mac_muladd_21s_15ns_32ns_32_4_1_DSP48_32_U/p_reg_reg.
DSP Report: register mac_muladd_21s_15ns_32ns_32_4_1_U184/idct_mac_muladd_21s_15ns_32ns_32_4_1_DSP48_32_U/p_reg_reg is absorbed into DSP mac_muladd_21s_15ns_32ns_32_4_1_U184/idct_mac_muladd_21s_15ns_32ns_32_4_1_DSP48_32_U/p_reg_reg.
DSP Report: register mac_muladd_21s_15ns_32ns_32_4_1_U184/idct_mac_muladd_21s_15ns_32ns_32_4_1_DSP48_32_U/m_reg_reg is absorbed into DSP mac_muladd_21s_15ns_32ns_32_4_1_U184/idct_mac_muladd_21s_15ns_32ns_32_4_1_DSP48_32_U/p_reg_reg.
DSP Report: operator mac_muladd_21s_15ns_32ns_32_4_1_U184/idct_mac_muladd_21s_15ns_32ns_32_4_1_DSP48_32_U/p is absorbed into DSP mac_muladd_21s_15ns_32ns_32_4_1_U184/idct_mac_muladd_21s_15ns_32ns_32_4_1_DSP48_32_U/p_reg_reg.
DSP Report: operator mac_muladd_21s_15ns_32ns_32_4_1_U184/idct_mac_muladd_21s_15ns_32ns_32_4_1_DSP48_32_U/m is absorbed into DSP mac_muladd_21s_15ns_32ns_32_4_1_U184/idct_mac_muladd_21s_15ns_32ns_32_4_1_DSP48_32_U/p_reg_reg.
DSP Report: Generating DSP mac_muladd_21s_15s_32s_32_4_1_U181/idct_mac_muladd_21s_15s_32s_32_4_1_DSP48_29_U/p_reg_reg, operation Mode is: (C+(A''*(B:0x3c4df)')')'.
DSP Report: register mac_muladd_21s_15s_32s_32_4_1_U169/idct_mac_muladd_21s_15s_32s_32_4_1_DSP48_29_U/b_reg_reg is absorbed into DSP mac_muladd_21s_15s_32s_32_4_1_U181/idct_mac_muladd_21s_15s_32s_32_4_1_DSP48_29_U/p_reg_reg.
DSP Report: register mac_muladd_21s_15s_32s_32_4_1_U181/idct_mac_muladd_21s_15s_32s_32_4_1_DSP48_29_U/p_reg_reg is absorbed into DSP mac_muladd_21s_15s_32s_32_4_1_U181/idct_mac_muladd_21s_15s_32s_32_4_1_DSP48_29_U/p_reg_reg.
DSP Report: register mac_muladd_21s_15s_32s_32_4_1_U181/idct_mac_muladd_21s_15s_32s_32_4_1_DSP48_29_U/p_reg_reg is absorbed into DSP mac_muladd_21s_15s_32s_32_4_1_U181/idct_mac_muladd_21s_15s_32s_32_4_1_DSP48_29_U/p_reg_reg.
DSP Report: register mac_muladd_21s_15s_32s_32_4_1_U181/idct_mac_muladd_21s_15s_32s_32_4_1_DSP48_29_U/p_reg_reg is absorbed into DSP mac_muladd_21s_15s_32s_32_4_1_U181/idct_mac_muladd_21s_15s_32s_32_4_1_DSP48_29_U/p_reg_reg.
DSP Report: register mac_muladd_21s_15s_32s_32_4_1_U181/idct_mac_muladd_21s_15s_32s_32_4_1_DSP48_29_U/m_reg_reg is absorbed into DSP mac_muladd_21s_15s_32s_32_4_1_U181/idct_mac_muladd_21s_15s_32s_32_4_1_DSP48_29_U/p_reg_reg.
DSP Report: operator mac_muladd_21s_15s_32s_32_4_1_U181/idct_mac_muladd_21s_15s_32s_32_4_1_DSP48_29_U/p is absorbed into DSP mac_muladd_21s_15s_32s_32_4_1_U181/idct_mac_muladd_21s_15s_32s_32_4_1_DSP48_29_U/p_reg_reg.
DSP Report: operator mac_muladd_21s_15s_32s_32_4_1_U181/idct_mac_muladd_21s_15s_32s_32_4_1_DSP48_29_U/m is absorbed into DSP mac_muladd_21s_15s_32s_32_4_1_U181/idct_mac_muladd_21s_15s_32s_32_4_1_DSP48_29_U/p_reg_reg.
DSP Report: Generating DSP mac_muladd_21s_15ns_32ns_32_4_1_U185/idct_mac_muladd_21s_15ns_32ns_32_4_1_DSP48_32_U/p_reg_reg, operation Mode is: (C+(A''*(B:0x6254)')')'.
DSP Report: register mac_muladd_21s_15ns_32ns_32_4_1_U173/idct_mac_muladd_21s_15ns_32ns_32_4_1_DSP48_32_U/b_reg_reg is absorbed into DSP mac_muladd_21s_15ns_32ns_32_4_1_U185/idct_mac_muladd_21s_15ns_32ns_32_4_1_DSP48_32_U/p_reg_reg.
DSP Report: register mac_muladd_21s_15ns_32ns_32_4_1_U185/idct_mac_muladd_21s_15ns_32ns_32_4_1_DSP48_32_U/p_reg_reg is absorbed into DSP mac_muladd_21s_15ns_32ns_32_4_1_U185/idct_mac_muladd_21s_15ns_32ns_32_4_1_DSP48_32_U/p_reg_reg.
DSP Report: register mac_muladd_21s_15ns_32ns_32_4_1_U185/idct_mac_muladd_21s_15ns_32ns_32_4_1_DSP48_32_U/p_reg_reg is absorbed into DSP mac_muladd_21s_15ns_32ns_32_4_1_U185/idct_mac_muladd_21s_15ns_32ns_32_4_1_DSP48_32_U/p_reg_reg.
DSP Report: register mac_muladd_21s_15ns_32ns_32_4_1_U185/idct_mac_muladd_21s_15ns_32ns_32_4_1_DSP48_32_U/p_reg_reg is absorbed into DSP mac_muladd_21s_15ns_32ns_32_4_1_U185/idct_mac_muladd_21s_15ns_32ns_32_4_1_DSP48_32_U/p_reg_reg.
DSP Report: register mac_muladd_21s_15ns_32ns_32_4_1_U185/idct_mac_muladd_21s_15ns_32ns_32_4_1_DSP48_32_U/m_reg_reg is absorbed into DSP mac_muladd_21s_15ns_32ns_32_4_1_U185/idct_mac_muladd_21s_15ns_32ns_32_4_1_DSP48_32_U/p_reg_reg.
DSP Report: operator mac_muladd_21s_15ns_32ns_32_4_1_U185/idct_mac_muladd_21s_15ns_32ns_32_4_1_DSP48_32_U/p is absorbed into DSP mac_muladd_21s_15ns_32ns_32_4_1_U185/idct_mac_muladd_21s_15ns_32ns_32_4_1_DSP48_32_U/p_reg_reg.
DSP Report: operator mac_muladd_21s_15ns_32ns_32_4_1_U185/idct_mac_muladd_21s_15ns_32ns_32_4_1_DSP48_32_U/m is absorbed into DSP mac_muladd_21s_15ns_32ns_32_4_1_U185/idct_mac_muladd_21s_15ns_32ns_32_4_1_DSP48_32_U/p_reg_reg.
DSP Report: Generating DSP mac_muladd_21s_14ns_32ns_32_4_1_U186/idct_mac_muladd_21s_14ns_32ns_32_4_1_DSP48_33_U/p_reg_reg, operation Mode is: (C+(A''*(B:0x300b)')')'.
DSP Report: register mac_muladd_21s_14ns_32ns_32_4_1_U174/idct_mac_muladd_21s_14ns_32ns_32_4_1_DSP48_33_U/b_reg_reg is absorbed into DSP mac_muladd_21s_14ns_32ns_32_4_1_U186/idct_mac_muladd_21s_14ns_32ns_32_4_1_DSP48_33_U/p_reg_reg.
DSP Report: register mac_muladd_21s_14ns_32ns_32_4_1_U186/idct_mac_muladd_21s_14ns_32ns_32_4_1_DSP48_33_U/p_reg_reg is absorbed into DSP mac_muladd_21s_14ns_32ns_32_4_1_U186/idct_mac_muladd_21s_14ns_32ns_32_4_1_DSP48_33_U/p_reg_reg.
DSP Report: register mac_muladd_21s_14ns_32ns_32_4_1_U186/idct_mac_muladd_21s_14ns_32ns_32_4_1_DSP48_33_U/p_reg_reg is absorbed into DSP mac_muladd_21s_14ns_32ns_32_4_1_U186/idct_mac_muladd_21s_14ns_32ns_32_4_1_DSP48_33_U/p_reg_reg.
DSP Report: register mac_muladd_21s_14ns_32ns_32_4_1_U186/idct_mac_muladd_21s_14ns_32ns_32_4_1_DSP48_33_U/p_reg_reg is absorbed into DSP mac_muladd_21s_14ns_32ns_32_4_1_U186/idct_mac_muladd_21s_14ns_32ns_32_4_1_DSP48_33_U/p_reg_reg.
DSP Report: register mac_muladd_21s_14ns_32ns_32_4_1_U186/idct_mac_muladd_21s_14ns_32ns_32_4_1_DSP48_33_U/m_reg_reg is absorbed into DSP mac_muladd_21s_14ns_32ns_32_4_1_U186/idct_mac_muladd_21s_14ns_32ns_32_4_1_DSP48_33_U/p_reg_reg.
DSP Report: operator mac_muladd_21s_14ns_32ns_32_4_1_U186/idct_mac_muladd_21s_14ns_32ns_32_4_1_DSP48_33_U/p is absorbed into DSP mac_muladd_21s_14ns_32ns_32_4_1_U186/idct_mac_muladd_21s_14ns_32ns_32_4_1_DSP48_33_U/p_reg_reg.
DSP Report: operator mac_muladd_21s_14ns_32ns_32_4_1_U186/idct_mac_muladd_21s_14ns_32ns_32_4_1_DSP48_33_U/m is absorbed into DSP mac_muladd_21s_14ns_32ns_32_4_1_U186/idct_mac_muladd_21s_14ns_32ns_32_4_1_DSP48_33_U/p_reg_reg.
DSP Report: Generating DSP mac_muladd_16s_12ns_31s_31_4_1_U49/idct_mac_muladd_16s_12ns_31s_31_4_1_DSP48_6_U/p_reg_reg, operation Mode is: (C+((A:0x98e)'*B'')')'.
DSP Report: register mac_muladd_16s_12ns_31s_31_4_1_U49/idct_mac_muladd_16s_12ns_31s_31_4_1_DSP48_6_U/p_reg_reg is absorbed into DSP mac_muladd_16s_12ns_31s_31_4_1_U49/idct_mac_muladd_16s_12ns_31s_31_4_1_DSP48_6_U/p_reg_reg.
DSP Report: register mac_muladd_16s_12ns_31s_31_4_1_U49/idct_mac_muladd_16s_12ns_31s_31_4_1_DSP48_6_U/p_reg_reg is absorbed into DSP mac_muladd_16s_12ns_31s_31_4_1_U49/idct_mac_muladd_16s_12ns_31s_31_4_1_DSP48_6_U/p_reg_reg.
DSP Report: register mac_muladd_16s_12ns_31s_31_4_1_U33/idct_mac_muladd_16s_12ns_31s_31_4_1_DSP48_6_U/b_reg_reg is absorbed into DSP mac_muladd_16s_12ns_31s_31_4_1_U49/idct_mac_muladd_16s_12ns_31s_31_4_1_DSP48_6_U/p_reg_reg.
DSP Report: register mac_muladd_16s_12ns_31s_31_4_1_U49/idct_mac_muladd_16s_12ns_31s_31_4_1_DSP48_6_U/p_reg_reg is absorbed into DSP mac_muladd_16s_12ns_31s_31_4_1_U49/idct_mac_muladd_16s_12ns_31s_31_4_1_DSP48_6_U/p_reg_reg.
DSP Report: register mac_muladd_16s_12ns_31s_31_4_1_U49/idct_mac_muladd_16s_12ns_31s_31_4_1_DSP48_6_U/m_reg_reg is absorbed into DSP mac_muladd_16s_12ns_31s_31_4_1_U49/idct_mac_muladd_16s_12ns_31s_31_4_1_DSP48_6_U/p_reg_reg.
DSP Report: operator mac_muladd_16s_12ns_31s_31_4_1_U49/idct_mac_muladd_16s_12ns_31s_31_4_1_DSP48_6_U/p is absorbed into DSP mac_muladd_16s_12ns_31s_31_4_1_U49/idct_mac_muladd_16s_12ns_31s_31_4_1_DSP48_6_U/p_reg_reg.
DSP Report: operator mac_muladd_16s_12ns_31s_31_4_1_U49/idct_mac_muladd_16s_12ns_31s_31_4_1_DSP48_6_U/m is absorbed into DSP mac_muladd_16s_12ns_31s_31_4_1_U49/idct_mac_muladd_16s_12ns_31s_31_4_1_DSP48_6_U/p_reg_reg.
DSP Report: Generating DSP mac_muladd_16s_12ns_31s_31_4_1_U33/idct_mac_muladd_16s_12ns_31s_31_4_1_DSP48_6_U/p_reg_reg, operation Mode is: (C+((A:0x98e)'*B'')')'.
DSP Report: register mac_muladd_16s_12ns_31s_31_4_1_U33/idct_mac_muladd_16s_12ns_31s_31_4_1_DSP48_6_U/p_reg_reg is absorbed into DSP mac_muladd_16s_12ns_31s_31_4_1_U33/idct_mac_muladd_16s_12ns_31s_31_4_1_DSP48_6_U/p_reg_reg.
DSP Report: register mac_muladd_16s_12ns_31s_31_4_1_U33/idct_mac_muladd_16s_12ns_31s_31_4_1_DSP48_6_U/p_reg_reg is absorbed into DSP mac_muladd_16s_12ns_31s_31_4_1_U33/idct_mac_muladd_16s_12ns_31s_31_4_1_DSP48_6_U/p_reg_reg.
DSP Report: register mac_muladd_16s_12ns_31s_31_4_1_U33/idct_mac_muladd_16s_12ns_31s_31_4_1_DSP48_6_U/b_reg_reg is absorbed into DSP mac_muladd_16s_12ns_31s_31_4_1_U33/idct_mac_muladd_16s_12ns_31s_31_4_1_DSP48_6_U/p_reg_reg.
DSP Report: register mac_muladd_16s_12ns_31s_31_4_1_U33/idct_mac_muladd_16s_12ns_31s_31_4_1_DSP48_6_U/p_reg_reg is absorbed into DSP mac_muladd_16s_12ns_31s_31_4_1_U33/idct_mac_muladd_16s_12ns_31s_31_4_1_DSP48_6_U/p_reg_reg.
DSP Report: register mac_muladd_16s_12ns_31s_31_4_1_U33/idct_mac_muladd_16s_12ns_31s_31_4_1_DSP48_6_U/m_reg_reg is absorbed into DSP mac_muladd_16s_12ns_31s_31_4_1_U33/idct_mac_muladd_16s_12ns_31s_31_4_1_DSP48_6_U/p_reg_reg.
DSP Report: operator mac_muladd_16s_12ns_31s_31_4_1_U33/idct_mac_muladd_16s_12ns_31s_31_4_1_DSP48_6_U/p is absorbed into DSP mac_muladd_16s_12ns_31s_31_4_1_U33/idct_mac_muladd_16s_12ns_31s_31_4_1_DSP48_6_U/p_reg_reg.
DSP Report: operator mac_muladd_16s_12ns_31s_31_4_1_U33/idct_mac_muladd_16s_12ns_31s_31_4_1_DSP48_6_U/m is absorbed into DSP mac_muladd_16s_12ns_31s_31_4_1_U33/idct_mac_muladd_16s_12ns_31s_31_4_1_DSP48_6_U/p_reg_reg.
DSP Report: Generating DSP am_addmul_21s_21s_14s_32_4_1_U100/idct_am_addmul_21s_21s_14s_32_4_1_DSP48_21_U/p_reg_reg, operation Mode is: ((D'+A2)*(B:0x3e333)')'.
DSP Report: register workspace_54_reg_10935_reg is absorbed into DSP am_addmul_21s_21s_14s_32_4_1_U100/idct_am_addmul_21s_21s_14s_32_4_1_DSP48_21_U/p_reg_reg.
DSP Report: register workspace_94_reg_11097_reg is absorbed into DSP am_addmul_21s_21s_14s_32_4_1_U100/idct_am_addmul_21s_21s_14s_32_4_1_DSP48_21_U/p_reg_reg.
DSP Report: register am_addmul_16s_16s_14s_31_4_1_U30/idct_am_addmul_16s_16s_14s_31_4_1_DSP48_3_U/b_reg_reg is absorbed into DSP am_addmul_21s_21s_14s_32_4_1_U100/idct_am_addmul_21s_21s_14s_32_4_1_DSP48_21_U/p_reg_reg.
DSP Report: register am_addmul_21s_21s_14s_32_4_1_U100/idct_am_addmul_21s_21s_14s_32_4_1_DSP48_21_U/p_reg_reg is absorbed into DSP am_addmul_21s_21s_14s_32_4_1_U100/idct_am_addmul_21s_21s_14s_32_4_1_DSP48_21_U/p_reg_reg.
DSP Report: register am_addmul_21s_21s_14s_32_4_1_U100/idct_am_addmul_21s_21s_14s_32_4_1_DSP48_21_U/m_reg_reg is absorbed into DSP am_addmul_21s_21s_14s_32_4_1_U100/idct_am_addmul_21s_21s_14s_32_4_1_DSP48_21_U/p_reg_reg.
DSP Report: register am_addmul_21s_21s_14s_32_4_1_U100/idct_am_addmul_21s_21s_14s_32_4_1_DSP48_21_U/ad_reg_reg is absorbed into DSP am_addmul_21s_21s_14s_32_4_1_U100/idct_am_addmul_21s_21s_14s_32_4_1_DSP48_21_U/p_reg_reg.
DSP Report: operator am_addmul_21s_21s_14s_32_4_1_U100/idct_am_addmul_21s_21s_14s_32_4_1_DSP48_21_U/m is absorbed into DSP am_addmul_21s_21s_14s_32_4_1_U100/idct_am_addmul_21s_21s_14s_32_4_1_DSP48_21_U/p_reg_reg.
DSP Report: operator am_addmul_21s_21s_14s_32_4_1_U100/idct_am_addmul_21s_21s_14s_32_4_1_DSP48_21_U/ad is absorbed into DSP am_addmul_21s_21s_14s_32_4_1_U100/idct_am_addmul_21s_21s_14s_32_4_1_DSP48_21_U/p_reg_reg.
DSP Report: Generating DSP mac_muladd_16s_12ns_31s_31_4_1_U39/idct_mac_muladd_16s_12ns_31s_31_4_1_DSP48_6_U/p_reg_reg, operation Mode is: (C+((A:0x98e)'*B'')')'.
DSP Report: register mac_muladd_16s_12ns_31s_31_4_1_U39/idct_mac_muladd_16s_12ns_31s_31_4_1_DSP48_6_U/p_reg_reg is absorbed into DSP mac_muladd_16s_12ns_31s_31_4_1_U39/idct_mac_muladd_16s_12ns_31s_31_4_1_DSP48_6_U/p_reg_reg.
DSP Report: register mac_muladd_16s_12ns_31s_31_4_1_U39/idct_mac_muladd_16s_12ns_31s_31_4_1_DSP48_6_U/p_reg_reg is absorbed into DSP mac_muladd_16s_12ns_31s_31_4_1_U39/idct_mac_muladd_16s_12ns_31s_31_4_1_DSP48_6_U/p_reg_reg.
DSP Report: register mac_muladd_16s_12ns_31s_31_4_1_U33/idct_mac_muladd_16s_12ns_31s_31_4_1_DSP48_6_U/b_reg_reg is absorbed into DSP mac_muladd_16s_12ns_31s_31_4_1_U39/idct_mac_muladd_16s_12ns_31s_31_4_1_DSP48_6_U/p_reg_reg.
DSP Report: register mac_muladd_16s_12ns_31s_31_4_1_U39/idct_mac_muladd_16s_12ns_31s_31_4_1_DSP48_6_U/p_reg_reg is absorbed into DSP mac_muladd_16s_12ns_31s_31_4_1_U39/idct_mac_muladd_16s_12ns_31s_31_4_1_DSP48_6_U/p_reg_reg.
DSP Report: register mac_muladd_16s_12ns_31s_31_4_1_U39/idct_mac_muladd_16s_12ns_31s_31_4_1_DSP48_6_U/m_reg_reg is absorbed into DSP mac_muladd_16s_12ns_31s_31_4_1_U39/idct_mac_muladd_16s_12ns_31s_31_4_1_DSP48_6_U/p_reg_reg.
DSP Report: operator mac_muladd_16s_12ns_31s_31_4_1_U39/idct_mac_muladd_16s_12ns_31s_31_4_1_DSP48_6_U/p is absorbed into DSP mac_muladd_16s_12ns_31s_31_4_1_U39/idct_mac_muladd_16s_12ns_31s_31_4_1_DSP48_6_U/p_reg_reg.
DSP Report: operator mac_muladd_16s_12ns_31s_31_4_1_U39/idct_mac_muladd_16s_12ns_31s_31_4_1_DSP48_6_U/m is absorbed into DSP mac_muladd_16s_12ns_31s_31_4_1_U39/idct_mac_muladd_16s_12ns_31s_31_4_1_DSP48_6_U/p_reg_reg.
DSP Report: Generating DSP mac_muladd_16s_12ns_31s_31_4_1_U43/idct_mac_muladd_16s_12ns_31s_31_4_1_DSP48_6_U/p_reg_reg, operation Mode is: (C+((A:0x98e)'*B'')')'.
DSP Report: register mac_muladd_16s_12ns_31s_31_4_1_U43/idct_mac_muladd_16s_12ns_31s_31_4_1_DSP48_6_U/p_reg_reg is absorbed into DSP mac_muladd_16s_12ns_31s_31_4_1_U43/idct_mac_muladd_16s_12ns_31s_31_4_1_DSP48_6_U/p_reg_reg.
DSP Report: register mac_muladd_16s_12ns_31s_31_4_1_U43/idct_mac_muladd_16s_12ns_31s_31_4_1_DSP48_6_U/p_reg_reg is absorbed into DSP mac_muladd_16s_12ns_31s_31_4_1_U43/idct_mac_muladd_16s_12ns_31s_31_4_1_DSP48_6_U/p_reg_reg.
DSP Report: register mac_muladd_16s_12ns_31s_31_4_1_U33/idct_mac_muladd_16s_12ns_31s_31_4_1_DSP48_6_U/b_reg_reg is absorbed into DSP mac_muladd_16s_12ns_31s_31_4_1_U43/idct_mac_muladd_16s_12ns_31s_31_4_1_DSP48_6_U/p_reg_reg.
DSP Report: register mac_muladd_16s_12ns_31s_31_4_1_U43/idct_mac_muladd_16s_12ns_31s_31_4_1_DSP48_6_U/p_reg_reg is absorbed into DSP mac_muladd_16s_12ns_31s_31_4_1_U43/idct_mac_muladd_16s_12ns_31s_31_4_1_DSP48_6_U/p_reg_reg.
DSP Report: register mac_muladd_16s_12ns_31s_31_4_1_U43/idct_mac_muladd_16s_12ns_31s_31_4_1_DSP48_6_U/m_reg_reg is absorbed into DSP mac_muladd_16s_12ns_31s_31_4_1_U43/idct_mac_muladd_16s_12ns_31s_31_4_1_DSP48_6_U/p_reg_reg.
DSP Report: operator mac_muladd_16s_12ns_31s_31_4_1_U43/idct_mac_muladd_16s_12ns_31s_31_4_1_DSP48_6_U/p is absorbed into DSP mac_muladd_16s_12ns_31s_31_4_1_U43/idct_mac_muladd_16s_12ns_31s_31_4_1_DSP48_6_U/p_reg_reg.
DSP Report: operator mac_muladd_16s_12ns_31s_31_4_1_U43/idct_mac_muladd_16s_12ns_31s_31_4_1_DSP48_6_U/m is absorbed into DSP mac_muladd_16s_12ns_31s_31_4_1_U43/idct_mac_muladd_16s_12ns_31s_31_4_1_DSP48_6_U/p_reg_reg.
DSP Report: Generating DSP am_addmul_22s_22s_14ns_32_4_1_U99/idct_am_addmul_22s_22s_14ns_32_4_1_DSP48_20_U/p_reg_reg, operation Mode is: ((D+A)*(B:0x25a1)')'.
DSP Report: register am_addmul_17s_17s_14ns_32_4_1_U29/idct_am_addmul_17s_17s_14ns_32_4_1_DSP48_2_U/b_reg_reg is absorbed into DSP am_addmul_22s_22s_14ns_32_4_1_U99/idct_am_addmul_22s_22s_14ns_32_4_1_DSP48_20_U/p_reg_reg.
DSP Report: register am_addmul_22s_22s_14ns_32_4_1_U99/idct_am_addmul_22s_22s_14ns_32_4_1_DSP48_20_U/p_reg_reg is absorbed into DSP am_addmul_22s_22s_14ns_32_4_1_U99/idct_am_addmul_22s_22s_14ns_32_4_1_DSP48_20_U/p_reg_reg.
DSP Report: register am_addmul_22s_22s_14ns_32_4_1_U99/idct_am_addmul_22s_22s_14ns_32_4_1_DSP48_20_U/m_reg_reg is absorbed into DSP am_addmul_22s_22s_14ns_32_4_1_U99/idct_am_addmul_22s_22s_14ns_32_4_1_DSP48_20_U/p_reg_reg.
DSP Report: register am_addmul_22s_22s_14ns_32_4_1_U99/idct_am_addmul_22s_22s_14ns_32_4_1_DSP48_20_U/ad_reg_reg is absorbed into DSP am_addmul_22s_22s_14ns_32_4_1_U99/idct_am_addmul_22s_22s_14ns_32_4_1_DSP48_20_U/p_reg_reg.
DSP Report: operator am_addmul_22s_22s_14ns_32_4_1_U99/idct_am_addmul_22s_22s_14ns_32_4_1_DSP48_20_U/m is absorbed into DSP am_addmul_22s_22s_14ns_32_4_1_U99/idct_am_addmul_22s_22s_14ns_32_4_1_DSP48_20_U/p_reg_reg.
DSP Report: operator am_addmul_22s_22s_14ns_32_4_1_U99/idct_am_addmul_22s_22s_14ns_32_4_1_DSP48_20_U/ad is absorbed into DSP am_addmul_22s_22s_14ns_32_4_1_U99/idct_am_addmul_22s_22s_14ns_32_4_1_DSP48_20_U/p_reg_reg.
DSP Report: Generating DSP mac_muladd_22s_15s_32s_32_4_1_U129/idct_mac_muladd_22s_15s_32s_32_4_1_DSP48_27_U/p_reg_reg, operation Mode is: (PCIN+(A''*(B:0x3c13b)')')'.
DSP Report: register mac_muladd_22s_15s_32s_32_4_1_U129/idct_mac_muladd_22s_15s_32s_32_4_1_DSP48_27_U/p_reg_reg is absorbed into DSP mac_muladd_22s_15s_32s_32_4_1_U129/idct_mac_muladd_22s_15s_32s_32_4_1_DSP48_27_U/p_reg_reg.
DSP Report: register mac_muladd_22s_15s_32s_32_4_1_U129/idct_mac_muladd_22s_15s_32s_32_4_1_DSP48_27_U/p_reg_reg is absorbed into DSP mac_muladd_22s_15s_32s_32_4_1_U129/idct_mac_muladd_22s_15s_32s_32_4_1_DSP48_27_U/p_reg_reg.
DSP Report: register mac_muladd_17s_15s_32s_32_4_1_U35/idct_mac_muladd_17s_15s_32s_32_4_1_DSP48_8_U/b_reg_reg is absorbed into DSP mac_muladd_22s_15s_32s_32_4_1_U129/idct_mac_muladd_22s_15s_32s_32_4_1_DSP48_27_U/p_reg_reg.
DSP Report: register mac_muladd_22s_15s_32s_32_4_1_U129/idct_mac_muladd_22s_15s_32s_32_4_1_DSP48_27_U/p_reg_reg is absorbed into DSP mac_muladd_22s_15s_32s_32_4_1_U129/idct_mac_muladd_22s_15s_32s_32_4_1_DSP48_27_U/p_reg_reg.
DSP Report: register mac_muladd_22s_15s_32s_32_4_1_U129/idct_mac_muladd_22s_15s_32s_32_4_1_DSP48_27_U/m_reg_reg is absorbed into DSP mac_muladd_22s_15s_32s_32_4_1_U129/idct_mac_muladd_22s_15s_32s_32_4_1_DSP48_27_U/p_reg_reg.
DSP Report: operator mac_muladd_22s_15s_32s_32_4_1_U129/idct_mac_muladd_22s_15s_32s_32_4_1_DSP48_27_U/p is absorbed into DSP mac_muladd_22s_15s_32s_32_4_1_U129/idct_mac_muladd_22s_15s_32s_32_4_1_DSP48_27_U/p_reg_reg.
DSP Report: operator mac_muladd_22s_15s_32s_32_4_1_U129/idct_mac_muladd_22s_15s_32s_32_4_1_DSP48_27_U/m is absorbed into DSP mac_muladd_22s_15s_32s_32_4_1_U129/idct_mac_muladd_22s_15s_32s_32_4_1_DSP48_27_U/p_reg_reg.
DSP Report: Generating DSP mac_muladd_21s_12ns_32ns_32_4_1_U155/idct_mac_muladd_21s_12ns_32ns_32_4_1_DSP48_31_U/p_reg_reg, operation Mode is: (PCIN+(A''*(B:0x98e)')')'.
DSP Report: register mac_muladd_16s_12ns_31s_31_4_1_U33/idct_mac_muladd_16s_12ns_31s_31_4_1_DSP48_6_U/b_reg_reg is absorbed into DSP mac_muladd_21s_12ns_32ns_32_4_1_U155/idct_mac_muladd_21s_12ns_32ns_32_4_1_DSP48_31_U/p_reg_reg.
DSP Report: register mac_muladd_21s_12ns_32ns_32_4_1_U155/idct_mac_muladd_21s_12ns_32ns_32_4_1_DSP48_31_U/p_reg_reg is absorbed into DSP mac_muladd_21s_12ns_32ns_32_4_1_U155/idct_mac_muladd_21s_12ns_32ns_32_4_1_DSP48_31_U/p_reg_reg.
DSP Report: register mac_muladd_21s_12ns_32ns_32_4_1_U155/idct_mac_muladd_21s_12ns_32ns_32_4_1_DSP48_31_U/p_reg_reg is absorbed into DSP mac_muladd_21s_12ns_32ns_32_4_1_U155/idct_mac_muladd_21s_12ns_32ns_32_4_1_DSP48_31_U/p_reg_reg.
DSP Report: register mac_muladd_21s_12ns_32ns_32_4_1_U155/idct_mac_muladd_21s_12ns_32ns_32_4_1_DSP48_31_U/p_reg_reg is absorbed into DSP mac_muladd_21s_12ns_32ns_32_4_1_U155/idct_mac_muladd_21s_12ns_32ns_32_4_1_DSP48_31_U/p_reg_reg.
DSP Report: register mac_muladd_21s_12ns_32ns_32_4_1_U155/idct_mac_muladd_21s_12ns_32ns_32_4_1_DSP48_31_U/m_reg_reg is absorbed into DSP mac_muladd_21s_12ns_32ns_32_4_1_U155/idct_mac_muladd_21s_12ns_32ns_32_4_1_DSP48_31_U/p_reg_reg.
DSP Report: operator mac_muladd_21s_12ns_32ns_32_4_1_U155/idct_mac_muladd_21s_12ns_32ns_32_4_1_DSP48_31_U/p is absorbed into DSP mac_muladd_21s_12ns_32ns_32_4_1_U155/idct_mac_muladd_21s_12ns_32ns_32_4_1_DSP48_31_U/p_reg_reg.
DSP Report: operator mac_muladd_21s_12ns_32ns_32_4_1_U155/idct_mac_muladd_21s_12ns_32ns_32_4_1_DSP48_31_U/m is absorbed into DSP mac_muladd_21s_12ns_32ns_32_4_1_U155/idct_mac_muladd_21s_12ns_32ns_32_4_1_DSP48_31_U/p_reg_reg.
DSP Report: Generating DSP mac_muladd_16s_12ns_31s_31_4_1_U63/idct_mac_muladd_16s_12ns_31s_31_4_1_DSP48_6_U/p_reg_reg, operation Mode is: (C+((A:0x98e)'*B'')')'.
DSP Report: register mac_muladd_16s_12ns_31s_31_4_1_U63/idct_mac_muladd_16s_12ns_31s_31_4_1_DSP48_6_U/p_reg_reg is absorbed into DSP mac_muladd_16s_12ns_31s_31_4_1_U63/idct_mac_muladd_16s_12ns_31s_31_4_1_DSP48_6_U/p_reg_reg.
DSP Report: register mac_muladd_16s_12ns_31s_31_4_1_U63/idct_mac_muladd_16s_12ns_31s_31_4_1_DSP48_6_U/p_reg_reg is absorbed into DSP mac_muladd_16s_12ns_31s_31_4_1_U63/idct_mac_muladd_16s_12ns_31s_31_4_1_DSP48_6_U/p_reg_reg.
DSP Report: register mac_muladd_16s_12ns_31s_31_4_1_U33/idct_mac_muladd_16s_12ns_31s_31_4_1_DSP48_6_U/b_reg_reg is absorbed into DSP mac_muladd_16s_12ns_31s_31_4_1_U63/idct_mac_muladd_16s_12ns_31s_31_4_1_DSP48_6_U/p_reg_reg.
DSP Report: register mac_muladd_16s_12ns_31s_31_4_1_U63/idct_mac_muladd_16s_12ns_31s_31_4_1_DSP48_6_U/p_reg_reg is absorbed into DSP mac_muladd_16s_12ns_31s_31_4_1_U63/idct_mac_muladd_16s_12ns_31s_31_4_1_DSP48_6_U/p_reg_reg.
DSP Report: register mac_muladd_16s_12ns_31s_31_4_1_U63/idct_mac_muladd_16s_12ns_31s_31_4_1_DSP48_6_U/m_reg_reg is absorbed into DSP mac_muladd_16s_12ns_31s_31_4_1_U63/idct_mac_muladd_16s_12ns_31s_31_4_1_DSP48_6_U/p_reg_reg.
DSP Report: operator mac_muladd_16s_12ns_31s_31_4_1_U63/idct_mac_muladd_16s_12ns_31s_31_4_1_DSP48_6_U/p is absorbed into DSP mac_muladd_16s_12ns_31s_31_4_1_U63/idct_mac_muladd_16s_12ns_31s_31_4_1_DSP48_6_U/p_reg_reg.
DSP Report: operator mac_muladd_16s_12ns_31s_31_4_1_U63/idct_mac_muladd_16s_12ns_31s_31_4_1_DSP48_6_U/m is absorbed into DSP mac_muladd_16s_12ns_31s_31_4_1_U63/idct_mac_muladd_16s_12ns_31s_31_4_1_DSP48_6_U/p_reg_reg.
DSP Report: Generating DSP mac_muladd_16s_12ns_31s_31_4_1_U55/idct_mac_muladd_16s_12ns_31s_31_4_1_DSP48_6_U/p_reg_reg, operation Mode is: (C+((A:0x98e)'*B'')')'.
DSP Report: register mac_muladd_16s_12ns_31s_31_4_1_U55/idct_mac_muladd_16s_12ns_31s_31_4_1_DSP48_6_U/p_reg_reg is absorbed into DSP mac_muladd_16s_12ns_31s_31_4_1_U55/idct_mac_muladd_16s_12ns_31s_31_4_1_DSP48_6_U/p_reg_reg.
DSP Report: register mac_muladd_16s_12ns_31s_31_4_1_U55/idct_mac_muladd_16s_12ns_31s_31_4_1_DSP48_6_U/p_reg_reg is absorbed into DSP mac_muladd_16s_12ns_31s_31_4_1_U55/idct_mac_muladd_16s_12ns_31s_31_4_1_DSP48_6_U/p_reg_reg.
DSP Report: register mac_muladd_16s_12ns_31s_31_4_1_U33/idct_mac_muladd_16s_12ns_31s_31_4_1_DSP48_6_U/b_reg_reg is absorbed into DSP mac_muladd_16s_12ns_31s_31_4_1_U55/idct_mac_muladd_16s_12ns_31s_31_4_1_DSP48_6_U/p_reg_reg.
DSP Report: register mac_muladd_16s_12ns_31s_31_4_1_U55/idct_mac_muladd_16s_12ns_31s_31_4_1_DSP48_6_U/p_reg_reg is absorbed into DSP mac_muladd_16s_12ns_31s_31_4_1_U55/idct_mac_muladd_16s_12ns_31s_31_4_1_DSP48_6_U/p_reg_reg.
DSP Report: register mac_muladd_16s_12ns_31s_31_4_1_U55/idct_mac_muladd_16s_12ns_31s_31_4_1_DSP48_6_U/m_reg_reg is absorbed into DSP mac_muladd_16s_12ns_31s_31_4_1_U55/idct_mac_muladd_16s_12ns_31s_31_4_1_DSP48_6_U/p_reg_reg.
DSP Report: operator mac_muladd_16s_12ns_31s_31_4_1_U55/idct_mac_muladd_16s_12ns_31s_31_4_1_DSP48_6_U/p is absorbed into DSP mac_muladd_16s_12ns_31s_31_4_1_U55/idct_mac_muladd_16s_12ns_31s_31_4_1_DSP48_6_U/p_reg_reg.
DSP Report: operator mac_muladd_16s_12ns_31s_31_4_1_U55/idct_mac_muladd_16s_12ns_31s_31_4_1_DSP48_6_U/m is absorbed into DSP mac_muladd_16s_12ns_31s_31_4_1_U55/idct_mac_muladd_16s_12ns_31s_31_4_1_DSP48_6_U/p_reg_reg.
DSP Report: Generating DSP am_addmul_21s_21s_13ns_32_4_1_U116/idct_am_addmul_21s_21s_13ns_32_4_1_DSP48_26_U/p_reg_reg, operation Mode is: ((D'+A2)*(B:0x1151)')'.
DSP Report: register workspace_62_reg_11195_reg is absorbed into DSP am_addmul_21s_21s_13ns_32_4_1_U116/idct_am_addmul_21s_21s_13ns_32_4_1_DSP48_26_U/p_reg_reg.
DSP Report: register workspace_86_reg_11297_reg is absorbed into DSP am_addmul_21s_21s_13ns_32_4_1_U116/idct_am_addmul_21s_21s_13ns_32_4_1_DSP48_26_U/p_reg_reg.
DSP Report: register am_addmul_16s_16s_13ns_30_4_1_U75/idct_am_addmul_16s_16s_13ns_30_4_1_DSP48_12_U/b_reg_reg is absorbed into DSP am_addmul_21s_21s_13ns_32_4_1_U116/idct_am_addmul_21s_21s_13ns_32_4_1_DSP48_26_U/p_reg_reg.
DSP Report: register am_addmul_21s_21s_13ns_32_4_1_U116/idct_am_addmul_21s_21s_13ns_32_4_1_DSP48_26_U/p_reg_reg is absorbed into DSP am_addmul_21s_21s_13ns_32_4_1_U116/idct_am_addmul_21s_21s_13ns_32_4_1_DSP48_26_U/p_reg_reg.
DSP Report: register am_addmul_21s_21s_13ns_32_4_1_U116/idct_am_addmul_21s_21s_13ns_32_4_1_DSP48_26_U/m_reg_reg is absorbed into DSP am_addmul_21s_21s_13ns_32_4_1_U116/idct_am_addmul_21s_21s_13ns_32_4_1_DSP48_26_U/p_reg_reg.
DSP Report: register am_addmul_21s_21s_13ns_32_4_1_U116/idct_am_addmul_21s_21s_13ns_32_4_1_DSP48_26_U/ad_reg_reg is absorbed into DSP am_addmul_21s_21s_13ns_32_4_1_U116/idct_am_addmul_21s_21s_13ns_32_4_1_DSP48_26_U/p_reg_reg.
DSP Report: operator am_addmul_21s_21s_13ns_32_4_1_U116/idct_am_addmul_21s_21s_13ns_32_4_1_DSP48_26_U/m is absorbed into DSP am_addmul_21s_21s_13ns_32_4_1_U116/idct_am_addmul_21s_21s_13ns_32_4_1_DSP48_26_U/p_reg_reg.
DSP Report: operator am_addmul_21s_21s_13ns_32_4_1_U116/idct_am_addmul_21s_21s_13ns_32_4_1_DSP48_26_U/ad is absorbed into DSP am_addmul_21s_21s_13ns_32_4_1_U116/idct_am_addmul_21s_21s_13ns_32_4_1_DSP48_26_U/p_reg_reg.
DSP Report: Generating DSP mac_muladd_21s_13ns_32s_32_4_1_U154/idct_mac_muladd_21s_13ns_32s_32_4_1_DSP48_30_U/p_reg_reg, operation Mode is: (PCIN+(A''*(B:0x187e)')')'.
DSP Report: register mac_muladd_16s_13ns_30ns_30_4_1_U38/idct_mac_muladd_16s_13ns_30ns_30_4_1_DSP48_5_U/b_reg_reg is absorbed into DSP mac_muladd_21s_13ns_32s_32_4_1_U154/idct_mac_muladd_21s_13ns_32s_32_4_1_DSP48_30_U/p_reg_reg.
DSP Report: register mac_muladd_21s_13ns_32s_32_4_1_U154/idct_mac_muladd_21s_13ns_32s_32_4_1_DSP48_30_U/p_reg_reg is absorbed into DSP mac_muladd_21s_13ns_32s_32_4_1_U154/idct_mac_muladd_21s_13ns_32s_32_4_1_DSP48_30_U/p_reg_reg.
DSP Report: register mac_muladd_21s_13ns_32s_32_4_1_U154/idct_mac_muladd_21s_13ns_32s_32_4_1_DSP48_30_U/p_reg_reg is absorbed into DSP mac_muladd_21s_13ns_32s_32_4_1_U154/idct_mac_muladd_21s_13ns_32s_32_4_1_DSP48_30_U/p_reg_reg.
DSP Report: register mac_muladd_21s_13ns_32s_32_4_1_U154/idct_mac_muladd_21s_13ns_32s_32_4_1_DSP48_30_U/p_reg_reg is absorbed into DSP mac_muladd_21s_13ns_32s_32_4_1_U154/idct_mac_muladd_21s_13ns_32s_32_4_1_DSP48_30_U/p_reg_reg.
DSP Report: register mac_muladd_21s_13ns_32s_32_4_1_U154/idct_mac_muladd_21s_13ns_32s_32_4_1_DSP48_30_U/m_reg_reg is absorbed into DSP mac_muladd_21s_13ns_32s_32_4_1_U154/idct_mac_muladd_21s_13ns_32s_32_4_1_DSP48_30_U/p_reg_reg.
DSP Report: operator mac_muladd_21s_13ns_32s_32_4_1_U154/idct_mac_muladd_21s_13ns_32s_32_4_1_DSP48_30_U/p is absorbed into DSP mac_muladd_21s_13ns_32s_32_4_1_U154/idct_mac_muladd_21s_13ns_32s_32_4_1_DSP48_30_U/p_reg_reg.
DSP Report: operator mac_muladd_21s_13ns_32s_32_4_1_U154/idct_mac_muladd_21s_13ns_32s_32_4_1_DSP48_30_U/m is absorbed into DSP mac_muladd_21s_13ns_32s_32_4_1_U154/idct_mac_muladd_21s_13ns_32s_32_4_1_DSP48_30_U/p_reg_reg.
DSP Report: Generating DSP mac_muladd_16s_12ns_30s_30_4_1_U101/idct_mac_muladd_16s_12ns_30s_30_4_1_DSP48_22_U/p_reg_reg, operation Mode is: (C+((A:0x98e)'*B'')')'.
DSP Report: register mac_muladd_16s_12ns_30s_30_4_1_U101/idct_mac_muladd_16s_12ns_30s_30_4_1_DSP48_22_U/p_reg_reg is absorbed into DSP mac_muladd_16s_12ns_30s_30_4_1_U101/idct_mac_muladd_16s_12ns_30s_30_4_1_DSP48_22_U/p_reg_reg.
DSP Report: register mac_muladd_16s_12ns_30s_30_4_1_U101/idct_mac_muladd_16s_12ns_30s_30_4_1_DSP48_22_U/p_reg_reg is absorbed into DSP mac_muladd_16s_12ns_30s_30_4_1_U101/idct_mac_muladd_16s_12ns_30s_30_4_1_DSP48_22_U/p_reg_reg.
DSP Report: register mac_muladd_16s_12ns_31s_31_4_1_U33/idct_mac_muladd_16s_12ns_31s_31_4_1_DSP48_6_U/b_reg_reg is absorbed into DSP mac_muladd_16s_12ns_30s_30_4_1_U101/idct_mac_muladd_16s_12ns_30s_30_4_1_DSP48_22_U/p_reg_reg.
DSP Report: register mac_muladd_16s_12ns_30s_30_4_1_U101/idct_mac_muladd_16s_12ns_30s_30_4_1_DSP48_22_U/p_reg_reg is absorbed into DSP mac_muladd_16s_12ns_30s_30_4_1_U101/idct_mac_muladd_16s_12ns_30s_30_4_1_DSP48_22_U/p_reg_reg.
DSP Report: register mac_muladd_16s_12ns_30s_30_4_1_U101/idct_mac_muladd_16s_12ns_30s_30_4_1_DSP48_22_U/m_reg_reg is absorbed into DSP mac_muladd_16s_12ns_30s_30_4_1_U101/idct_mac_muladd_16s_12ns_30s_30_4_1_DSP48_22_U/p_reg_reg.
DSP Report: operator mac_muladd_16s_12ns_30s_30_4_1_U101/idct_mac_muladd_16s_12ns_30s_30_4_1_DSP48_22_U/p is absorbed into DSP mac_muladd_16s_12ns_30s_30_4_1_U101/idct_mac_muladd_16s_12ns_30s_30_4_1_DSP48_22_U/p_reg_reg.
DSP Report: operator mac_muladd_16s_12ns_30s_30_4_1_U101/idct_mac_muladd_16s_12ns_30s_30_4_1_DSP48_22_U/m is absorbed into DSP mac_muladd_16s_12ns_30s_30_4_1_U101/idct_mac_muladd_16s_12ns_30s_30_4_1_DSP48_22_U/p_reg_reg.
DSP Report: Generating DSP mac_muladd_16s_12ns_30s_30_4_1_U105/idct_mac_muladd_16s_12ns_30s_30_4_1_DSP48_22_U/p_reg_reg, operation Mode is: (C+((A:0x98e)'*B'')')'.
DSP Report: register mac_muladd_16s_12ns_30s_30_4_1_U105/idct_mac_muladd_16s_12ns_30s_30_4_1_DSP48_22_U/p_reg_reg is absorbed into DSP mac_muladd_16s_12ns_30s_30_4_1_U105/idct_mac_muladd_16s_12ns_30s_30_4_1_DSP48_22_U/p_reg_reg.
DSP Report: register mac_muladd_16s_12ns_30s_30_4_1_U105/idct_mac_muladd_16s_12ns_30s_30_4_1_DSP48_22_U/p_reg_reg is absorbed into DSP mac_muladd_16s_12ns_30s_30_4_1_U105/idct_mac_muladd_16s_12ns_30s_30_4_1_DSP48_22_U/p_reg_reg.
DSP Report: register mac_muladd_16s_12ns_31s_31_4_1_U33/idct_mac_muladd_16s_12ns_31s_31_4_1_DSP48_6_U/b_reg_reg is absorbed into DSP mac_muladd_16s_12ns_30s_30_4_1_U105/idct_mac_muladd_16s_12ns_30s_30_4_1_DSP48_22_U/p_reg_reg.
DSP Report: register mac_muladd_16s_12ns_30s_30_4_1_U105/idct_mac_muladd_16s_12ns_30s_30_4_1_DSP48_22_U/p_reg_reg is absorbed into DSP mac_muladd_16s_12ns_30s_30_4_1_U105/idct_mac_muladd_16s_12ns_30s_30_4_1_DSP48_22_U/p_reg_reg.
DSP Report: register mac_muladd_16s_12ns_30s_30_4_1_U105/idct_mac_muladd_16s_12ns_30s_30_4_1_DSP48_22_U/m_reg_reg is absorbed into DSP mac_muladd_16s_12ns_30s_30_4_1_U105/idct_mac_muladd_16s_12ns_30s_30_4_1_DSP48_22_U/p_reg_reg.
DSP Report: operator mac_muladd_16s_12ns_30s_30_4_1_U105/idct_mac_muladd_16s_12ns_30s_30_4_1_DSP48_22_U/p is absorbed into DSP mac_muladd_16s_12ns_30s_30_4_1_U105/idct_mac_muladd_16s_12ns_30s_30_4_1_DSP48_22_U/p_reg_reg.
DSP Report: operator mac_muladd_16s_12ns_30s_30_4_1_U105/idct_mac_muladd_16s_12ns_30s_30_4_1_DSP48_22_U/m is absorbed into DSP mac_muladd_16s_12ns_30s_30_4_1_U105/idct_mac_muladd_16s_12ns_30s_30_4_1_DSP48_22_U/p_reg_reg.
DSP Report: Generating DSP am_addmul_21s_21s_16s_32_4_1_U92/idct_am_addmul_21s_21s_16s_32_4_1_DSP48_19_U/p_reg_reg, operation Mode is: ((D'+A2)*(B:0x3adfd)')'.
DSP Report: register workspace_70_reg_10999_reg is absorbed into DSP am_addmul_21s_21s_16s_32_4_1_U92/idct_am_addmul_21s_21s_16s_32_4_1_DSP48_19_U/p_reg_reg.
DSP Report: register workspace_78_reg_11033_reg is absorbed into DSP am_addmul_21s_21s_16s_32_4_1_U92/idct_am_addmul_21s_21s_16s_32_4_1_DSP48_19_U/p_reg_reg.
DSP Report: register am_addmul_16s_16s_16s_32_4_1_U27/idct_am_addmul_16s_16s_16s_32_4_1_DSP48_1_U/b_reg_reg is absorbed into DSP am_addmul_21s_21s_16s_32_4_1_U92/idct_am_addmul_21s_21s_16s_32_4_1_DSP48_19_U/p_reg_reg.
DSP Report: register am_addmul_21s_21s_16s_32_4_1_U92/idct_am_addmul_21s_21s_16s_32_4_1_DSP48_19_U/p_reg_reg is absorbed into DSP am_addmul_21s_21s_16s_32_4_1_U92/idct_am_addmul_21s_21s_16s_32_4_1_DSP48_19_U/p_reg_reg.
DSP Report: register am_addmul_21s_21s_16s_32_4_1_U92/idct_am_addmul_21s_21s_16s_32_4_1_DSP48_19_U/m_reg_reg is absorbed into DSP am_addmul_21s_21s_16s_32_4_1_U92/idct_am_addmul_21s_21s_16s_32_4_1_DSP48_19_U/p_reg_reg.
DSP Report: register am_addmul_21s_21s_16s_32_4_1_U92/idct_am_addmul_21s_21s_16s_32_4_1_DSP48_19_U/ad_reg_reg is absorbed into DSP am_addmul_21s_21s_16s_32_4_1_U92/idct_am_addmul_21s_21s_16s_32_4_1_DSP48_19_U/p_reg_reg.
DSP Report: operator am_addmul_21s_21s_16s_32_4_1_U92/idct_am_addmul_21s_21s_16s_32_4_1_DSP48_19_U/m is absorbed into DSP am_addmul_21s_21s_16s_32_4_1_U92/idct_am_addmul_21s_21s_16s_32_4_1_DSP48_19_U/p_reg_reg.
DSP Report: operator am_addmul_21s_21s_16s_32_4_1_U92/idct_am_addmul_21s_21s_16s_32_4_1_DSP48_19_U/ad is absorbed into DSP am_addmul_21s_21s_16s_32_4_1_U92/idct_am_addmul_21s_21s_16s_32_4_1_DSP48_19_U/p_reg_reg.
DSP Report: Generating DSP mac_muladd_22s_13s_32s_32_4_1_U130/idct_mac_muladd_22s_13s_32s_32_4_1_DSP48_28_U/p_reg_reg, operation Mode is: (C+(A''*(B:0x3f384)')')'.
DSP Report: register mac_muladd_22s_13s_32s_32_4_1_U130/idct_mac_muladd_22s_13s_32s_32_4_1_DSP48_28_U/p_reg_reg is absorbed into DSP mac_muladd_22s_13s_32s_32_4_1_U130/idct_mac_muladd_22s_13s_32s_32_4_1_DSP48_28_U/p_reg_reg.
DSP Report: register mac_muladd_22s_13s_32s_32_4_1_U130/idct_mac_muladd_22s_13s_32s_32_4_1_DSP48_28_U/p_reg_reg is absorbed into DSP mac_muladd_22s_13s_32s_32_4_1_U130/idct_mac_muladd_22s_13s_32s_32_4_1_DSP48_28_U/p_reg_reg.
DSP Report: register mac_muladd_17s_13s_32s_32_4_1_U36/idct_mac_muladd_17s_13s_32s_32_4_1_DSP48_9_U/b_reg_reg is absorbed into DSP mac_muladd_22s_13s_32s_32_4_1_U130/idct_mac_muladd_22s_13s_32s_32_4_1_DSP48_28_U/p_reg_reg.
DSP Report: register mac_muladd_22s_13s_32s_32_4_1_U130/idct_mac_muladd_22s_13s_32s_32_4_1_DSP48_28_U/p_reg_reg is absorbed into DSP mac_muladd_22s_13s_32s_32_4_1_U130/idct_mac_muladd_22s_13s_32s_32_4_1_DSP48_28_U/p_reg_reg.
DSP Report: register mac_muladd_22s_13s_32s_32_4_1_U130/idct_mac_muladd_22s_13s_32s_32_4_1_DSP48_28_U/m_reg_reg is absorbed into DSP mac_muladd_22s_13s_32s_32_4_1_U130/idct_mac_muladd_22s_13s_32s_32_4_1_DSP48_28_U/p_reg_reg.
DSP Report: operator mac_muladd_22s_13s_32s_32_4_1_U130/idct_mac_muladd_22s_13s_32s_32_4_1_DSP48_28_U/p is absorbed into DSP mac_muladd_22s_13s_32s_32_4_1_U130/idct_mac_muladd_22s_13s_32s_32_4_1_DSP48_28_U/p_reg_reg.
DSP Report: operator mac_muladd_22s_13s_32s_32_4_1_U130/idct_mac_muladd_22s_13s_32s_32_4_1_DSP48_28_U/m is absorbed into DSP mac_muladd_22s_13s_32s_32_4_1_U130/idct_mac_muladd_22s_13s_32s_32_4_1_DSP48_28_U/p_reg_reg.
DSP Report: Generating DSP mac_muladd_21s_15ns_32ns_32_4_1_U156/idct_mac_muladd_21s_15ns_32ns_32_4_1_DSP48_32_U/p_reg_reg, operation Mode is: (PCIN+(A''*(B:0x41b3)')')'.
DSP Report: register mac_muladd_16s_15ns_32s_32_4_1_U53/idct_mac_muladd_16s_15ns_32s_32_4_1_DSP48_10_U/b_reg_reg is absorbed into DSP mac_muladd_21s_15ns_32ns_32_4_1_U156/idct_mac_muladd_21s_15ns_32ns_32_4_1_DSP48_32_U/p_reg_reg.
DSP Report: register mac_muladd_21s_15ns_32ns_32_4_1_U156/idct_mac_muladd_21s_15ns_32ns_32_4_1_DSP48_32_U/p_reg_reg is absorbed into DSP mac_muladd_21s_15ns_32ns_32_4_1_U156/idct_mac_muladd_21s_15ns_32ns_32_4_1_DSP48_32_U/p_reg_reg.
DSP Report: register mac_muladd_21s_15ns_32ns_32_4_1_U156/idct_mac_muladd_21s_15ns_32ns_32_4_1_DSP48_32_U/p_reg_reg is absorbed into DSP mac_muladd_21s_15ns_32ns_32_4_1_U156/idct_mac_muladd_21s_15ns_32ns_32_4_1_DSP48_32_U/p_reg_reg.
DSP Report: register mac_muladd_21s_15ns_32ns_32_4_1_U156/idct_mac_muladd_21s_15ns_32ns_32_4_1_DSP48_32_U/p_reg_reg is absorbed into DSP mac_muladd_21s_15ns_32ns_32_4_1_U156/idct_mac_muladd_21s_15ns_32ns_32_4_1_DSP48_32_U/p_reg_reg.
DSP Report: register mac_muladd_21s_15ns_32ns_32_4_1_U156/idct_mac_muladd_21s_15ns_32ns_32_4_1_DSP48_32_U/m_reg_reg is absorbed into DSP mac_muladd_21s_15ns_32ns_32_4_1_U156/idct_mac_muladd_21s_15ns_32ns_32_4_1_DSP48_32_U/p_reg_reg.
DSP Report: operator mac_muladd_21s_15ns_32ns_32_4_1_U156/idct_mac_muladd_21s_15ns_32ns_32_4_1_DSP48_32_U/p is absorbed into DSP mac_muladd_21s_15ns_32ns_32_4_1_U156/idct_mac_muladd_21s_15ns_32ns_32_4_1_DSP48_32_U/p_reg_reg.
DSP Report: operator mac_muladd_21s_15ns_32ns_32_4_1_U156/idct_mac_muladd_21s_15ns_32ns_32_4_1_DSP48_32_U/m is absorbed into DSP mac_muladd_21s_15ns_32ns_32_4_1_U156/idct_mac_muladd_21s_15ns_32ns_32_4_1_DSP48_32_U/p_reg_reg.
DSP Report: Generating DSP mac_muladd_21s_15s_32s_32_4_1_U153/idct_mac_muladd_21s_15s_32s_32_4_1_DSP48_29_U/p_reg_reg, operation Mode is: (C+(A''*(B:0x3c4df)')')'.
DSP Report: register mac_muladd_16s_15s_31s_31_4_1_U37/idct_mac_muladd_16s_15s_31s_31_4_1_DSP48_4_U/b_reg_reg is absorbed into DSP mac_muladd_21s_15s_32s_32_4_1_U153/idct_mac_muladd_21s_15s_32s_32_4_1_DSP48_29_U/p_reg_reg.
DSP Report: register mac_muladd_21s_15s_32s_32_4_1_U153/idct_mac_muladd_21s_15s_32s_32_4_1_DSP48_29_U/p_reg_reg is absorbed into DSP mac_muladd_21s_15s_32s_32_4_1_U153/idct_mac_muladd_21s_15s_32s_32_4_1_DSP48_29_U/p_reg_reg.
DSP Report: register mac_muladd_21s_15s_32s_32_4_1_U153/idct_mac_muladd_21s_15s_32s_32_4_1_DSP48_29_U/p_reg_reg is absorbed into DSP mac_muladd_21s_15s_32s_32_4_1_U153/idct_mac_muladd_21s_15s_32s_32_4_1_DSP48_29_U/p_reg_reg.
DSP Report: register mac_muladd_21s_15s_32s_32_4_1_U153/idct_mac_muladd_21s_15s_32s_32_4_1_DSP48_29_U/p_reg_reg is absorbed into DSP mac_muladd_21s_15s_32s_32_4_1_U153/idct_mac_muladd_21s_15s_32s_32_4_1_DSP48_29_U/p_reg_reg.
DSP Report: register mac_muladd_21s_15s_32s_32_4_1_U153/idct_mac_muladd_21s_15s_32s_32_4_1_DSP48_29_U/m_reg_reg is absorbed into DSP mac_muladd_21s_15s_32s_32_4_1_U153/idct_mac_muladd_21s_15s_32s_32_4_1_DSP48_29_U/p_reg_reg.
DSP Report: operator mac_muladd_21s_15s_32s_32_4_1_U153/idct_mac_muladd_21s_15s_32s_32_4_1_DSP48_29_U/p is absorbed into DSP mac_muladd_21s_15s_32s_32_4_1_U153/idct_mac_muladd_21s_15s_32s_32_4_1_DSP48_29_U/p_reg_reg.
DSP Report: operator mac_muladd_21s_15s_32s_32_4_1_U153/idct_mac_muladd_21s_15s_32s_32_4_1_DSP48_29_U/m is absorbed into DSP mac_muladd_21s_15s_32s_32_4_1_U153/idct_mac_muladd_21s_15s_32s_32_4_1_DSP48_29_U/p_reg_reg.
DSP Report: Generating DSP mac_muladd_21s_15ns_32ns_32_4_1_U157/idct_mac_muladd_21s_15ns_32ns_32_4_1_DSP48_32_U/p_reg_reg, operation Mode is: (C+(A''*(B:0x6254)')')'.
DSP Report: register mac_muladd_16s_15ns_32s_32_4_1_U54/idct_mac_muladd_16s_15ns_32s_32_4_1_DSP48_10_U/b_reg_reg is absorbed into DSP mac_muladd_21s_15ns_32ns_32_4_1_U157/idct_mac_muladd_21s_15ns_32ns_32_4_1_DSP48_32_U/p_reg_reg.
DSP Report: register mac_muladd_21s_15ns_32ns_32_4_1_U157/idct_mac_muladd_21s_15ns_32ns_32_4_1_DSP48_32_U/p_reg_reg is absorbed into DSP mac_muladd_21s_15ns_32ns_32_4_1_U157/idct_mac_muladd_21s_15ns_32ns_32_4_1_DSP48_32_U/p_reg_reg.
DSP Report: register mac_muladd_21s_15ns_32ns_32_4_1_U157/idct_mac_muladd_21s_15ns_32ns_32_4_1_DSP48_32_U/p_reg_reg is absorbed into DSP mac_muladd_21s_15ns_32ns_32_4_1_U157/idct_mac_muladd_21s_15ns_32ns_32_4_1_DSP48_32_U/p_reg_reg.
DSP Report: register mac_muladd_21s_15ns_32ns_32_4_1_U157/idct_mac_muladd_21s_15ns_32ns_32_4_1_DSP48_32_U/p_reg_reg is absorbed into DSP mac_muladd_21s_15ns_32ns_32_4_1_U157/idct_mac_muladd_21s_15ns_32ns_32_4_1_DSP48_32_U/p_reg_reg.
DSP Report: register mac_muladd_21s_15ns_32ns_32_4_1_U157/idct_mac_muladd_21s_15ns_32ns_32_4_1_DSP48_32_U/m_reg_reg is absorbed into DSP mac_muladd_21s_15ns_32ns_32_4_1_U157/idct_mac_muladd_21s_15ns_32ns_32_4_1_DSP48_32_U/p_reg_reg.
DSP Report: operator mac_muladd_21s_15ns_32ns_32_4_1_U157/idct_mac_muladd_21s_15ns_32ns_32_4_1_DSP48_32_U/p is absorbed into DSP mac_muladd_21s_15ns_32ns_32_4_1_U157/idct_mac_muladd_21s_15ns_32ns_32_4_1_DSP48_32_U/p_reg_reg.
DSP Report: operator mac_muladd_21s_15ns_32ns_32_4_1_U157/idct_mac_muladd_21s_15ns_32ns_32_4_1_DSP48_32_U/m is absorbed into DSP mac_muladd_21s_15ns_32ns_32_4_1_U157/idct_mac_muladd_21s_15ns_32ns_32_4_1_DSP48_32_U/p_reg_reg.
DSP Report: Generating DSP mac_muladd_21s_14ns_32ns_32_4_1_U158/idct_mac_muladd_21s_14ns_32ns_32_4_1_DSP48_33_U/p_reg_reg, operation Mode is: (C+(A''*(B:0x300b)')')'.
DSP Report: register mac_muladd_16s_14ns_31s_31_4_1_U34/idct_mac_muladd_16s_14ns_31s_31_4_1_DSP48_7_U/b_reg_reg is absorbed into DSP mac_muladd_21s_14ns_32ns_32_4_1_U158/idct_mac_muladd_21s_14ns_32ns_32_4_1_DSP48_33_U/p_reg_reg.
DSP Report: register mac_muladd_21s_14ns_32ns_32_4_1_U158/idct_mac_muladd_21s_14ns_32ns_32_4_1_DSP48_33_U/p_reg_reg is absorbed into DSP mac_muladd_21s_14ns_32ns_32_4_1_U158/idct_mac_muladd_21s_14ns_32ns_32_4_1_DSP48_33_U/p_reg_reg.
DSP Report: register mac_muladd_21s_14ns_32ns_32_4_1_U158/idct_mac_muladd_21s_14ns_32ns_32_4_1_DSP48_33_U/p_reg_reg is absorbed into DSP mac_muladd_21s_14ns_32ns_32_4_1_U158/idct_mac_muladd_21s_14ns_32ns_32_4_1_DSP48_33_U/p_reg_reg.
DSP Report: register mac_muladd_21s_14ns_32ns_32_4_1_U158/idct_mac_muladd_21s_14ns_32ns_32_4_1_DSP48_33_U/p_reg_reg is absorbed into DSP mac_muladd_21s_14ns_32ns_32_4_1_U158/idct_mac_muladd_21s_14ns_32ns_32_4_1_DSP48_33_U/p_reg_reg.
DSP Report: register mac_muladd_21s_14ns_32ns_32_4_1_U158/idct_mac_muladd_21s_14ns_32ns_32_4_1_DSP48_33_U/m_reg_reg is absorbed into DSP mac_muladd_21s_14ns_32ns_32_4_1_U158/idct_mac_muladd_21s_14ns_32ns_32_4_1_DSP48_33_U/p_reg_reg.
DSP Report: operator mac_muladd_21s_14ns_32ns_32_4_1_U158/idct_mac_muladd_21s_14ns_32ns_32_4_1_DSP48_33_U/p is absorbed into DSP mac_muladd_21s_14ns_32ns_32_4_1_U158/idct_mac_muladd_21s_14ns_32ns_32_4_1_DSP48_33_U/p_reg_reg.
DSP Report: operator mac_muladd_21s_14ns_32ns_32_4_1_U158/idct_mac_muladd_21s_14ns_32ns_32_4_1_DSP48_33_U/m is absorbed into DSP mac_muladd_21s_14ns_32ns_32_4_1_U158/idct_mac_muladd_21s_14ns_32ns_32_4_1_DSP48_33_U/p_reg_reg.
DSP Report: Generating DSP am_addmul_21s_21s_14s_32_4_1_U98/idct_am_addmul_21s_21s_14s_32_4_1_DSP48_21_U/p_reg_reg, operation Mode is: ((D'+A2)*(B:0x3e333)')'.
DSP Report: register workspace_53_reg_10929_reg is absorbed into DSP am_addmul_21s_21s_14s_32_4_1_U98/idct_am_addmul_21s_21s_14s_32_4_1_DSP48_21_U/p_reg_reg.
DSP Report: register workspace_93_reg_11091_reg is absorbed into DSP am_addmul_21s_21s_14s_32_4_1_U98/idct_am_addmul_21s_21s_14s_32_4_1_DSP48_21_U/p_reg_reg.
DSP Report: register am_addmul_16s_16s_14s_31_4_1_U30/idct_am_addmul_16s_16s_14s_31_4_1_DSP48_3_U/b_reg_reg is absorbed into DSP am_addmul_21s_21s_14s_32_4_1_U98/idct_am_addmul_21s_21s_14s_32_4_1_DSP48_21_U/p_reg_reg.
DSP Report: register am_addmul_21s_21s_14s_32_4_1_U98/idct_am_addmul_21s_21s_14s_32_4_1_DSP48_21_U/p_reg_reg is absorbed into DSP am_addmul_21s_21s_14s_32_4_1_U98/idct_am_addmul_21s_21s_14s_32_4_1_DSP48_21_U/p_reg_reg.
DSP Report: register am_addmul_21s_21s_14s_32_4_1_U98/idct_am_addmul_21s_21s_14s_32_4_1_DSP48_21_U/m_reg_reg is absorbed into DSP am_addmul_21s_21s_14s_32_4_1_U98/idct_am_addmul_21s_21s_14s_32_4_1_DSP48_21_U/p_reg_reg.
DSP Report: register am_addmul_21s_21s_14s_32_4_1_U98/idct_am_addmul_21s_21s_14s_32_4_1_DSP48_21_U/ad_reg_reg is absorbed into DSP am_addmul_21s_21s_14s_32_4_1_U98/idct_am_addmul_21s_21s_14s_32_4_1_DSP48_21_U/p_reg_reg.
DSP Report: operator am_addmul_21s_21s_14s_32_4_1_U98/idct_am_addmul_21s_21s_14s_32_4_1_DSP48_21_U/m is absorbed into DSP am_addmul_21s_21s_14s_32_4_1_U98/idct_am_addmul_21s_21s_14s_32_4_1_DSP48_21_U/p_reg_reg.
DSP Report: operator am_addmul_21s_21s_14s_32_4_1_U98/idct_am_addmul_21s_21s_14s_32_4_1_DSP48_21_U/ad is absorbed into DSP am_addmul_21s_21s_14s_32_4_1_U98/idct_am_addmul_21s_21s_14s_32_4_1_DSP48_21_U/p_reg_reg.
DSP Report: Generating DSP am_addmul_22s_22s_14ns_32_4_1_U97/idct_am_addmul_22s_22s_14ns_32_4_1_DSP48_20_U/p_reg_reg, operation Mode is: ((D+A)*(B:0x25a1)')'.
DSP Report: register am_addmul_17s_17s_14ns_32_4_1_U29/idct_am_addmul_17s_17s_14ns_32_4_1_DSP48_2_U/b_reg_reg is absorbed into DSP am_addmul_22s_22s_14ns_32_4_1_U97/idct_am_addmul_22s_22s_14ns_32_4_1_DSP48_20_U/p_reg_reg.
DSP Report: register am_addmul_22s_22s_14ns_32_4_1_U97/idct_am_addmul_22s_22s_14ns_32_4_1_DSP48_20_U/p_reg_reg is absorbed into DSP am_addmul_22s_22s_14ns_32_4_1_U97/idct_am_addmul_22s_22s_14ns_32_4_1_DSP48_20_U/p_reg_reg.
DSP Report: register am_addmul_22s_22s_14ns_32_4_1_U97/idct_am_addmul_22s_22s_14ns_32_4_1_DSP48_20_U/m_reg_reg is absorbed into DSP am_addmul_22s_22s_14ns_32_4_1_U97/idct_am_addmul_22s_22s_14ns_32_4_1_DSP48_20_U/p_reg_reg.
DSP Report: register am_addmul_22s_22s_14ns_32_4_1_U97/idct_am_addmul_22s_22s_14ns_32_4_1_DSP48_20_U/ad_reg_reg is absorbed into DSP am_addmul_22s_22s_14ns_32_4_1_U97/idct_am_addmul_22s_22s_14ns_32_4_1_DSP48_20_U/p_reg_reg.
DSP Report: operator am_addmul_22s_22s_14ns_32_4_1_U97/idct_am_addmul_22s_22s_14ns_32_4_1_DSP48_20_U/m is absorbed into DSP am_addmul_22s_22s_14ns_32_4_1_U97/idct_am_addmul_22s_22s_14ns_32_4_1_DSP48_20_U/p_reg_reg.
DSP Report: operator am_addmul_22s_22s_14ns_32_4_1_U97/idct_am_addmul_22s_22s_14ns_32_4_1_DSP48_20_U/ad is absorbed into DSP am_addmul_22s_22s_14ns_32_4_1_U97/idct_am_addmul_22s_22s_14ns_32_4_1_DSP48_20_U/p_reg_reg.
DSP Report: Generating DSP mac_muladd_22s_15s_32s_32_4_1_U127/idct_mac_muladd_22s_15s_32s_32_4_1_DSP48_27_U/p_reg_reg, operation Mode is: (PCIN+(A''*(B:0x3c13b)')')'.
DSP Report: register mac_muladd_22s_15s_32s_32_4_1_U127/idct_mac_muladd_22s_15s_32s_32_4_1_DSP48_27_U/p_reg_reg is absorbed into DSP mac_muladd_22s_15s_32s_32_4_1_U127/idct_mac_muladd_22s_15s_32s_32_4_1_DSP48_27_U/p_reg_reg.
DSP Report: register mac_muladd_22s_15s_32s_32_4_1_U127/idct_mac_muladd_22s_15s_32s_32_4_1_DSP48_27_U/p_reg_reg is absorbed into DSP mac_muladd_22s_15s_32s_32_4_1_U127/idct_mac_muladd_22s_15s_32s_32_4_1_DSP48_27_U/p_reg_reg.
DSP Report: register mac_muladd_17s_15s_32s_32_4_1_U35/idct_mac_muladd_17s_15s_32s_32_4_1_DSP48_8_U/b_reg_reg is absorbed into DSP mac_muladd_22s_15s_32s_32_4_1_U127/idct_mac_muladd_22s_15s_32s_32_4_1_DSP48_27_U/p_reg_reg.
DSP Report: register mac_muladd_22s_15s_32s_32_4_1_U127/idct_mac_muladd_22s_15s_32s_32_4_1_DSP48_27_U/p_reg_reg is absorbed into DSP mac_muladd_22s_15s_32s_32_4_1_U127/idct_mac_muladd_22s_15s_32s_32_4_1_DSP48_27_U/p_reg_reg.
DSP Report: register mac_muladd_22s_15s_32s_32_4_1_U127/idct_mac_muladd_22s_15s_32s_32_4_1_DSP48_27_U/m_reg_reg is absorbed into DSP mac_muladd_22s_15s_32s_32_4_1_U127/idct_mac_muladd_22s_15s_32s_32_4_1_DSP48_27_U/p_reg_reg.
DSP Report: operator mac_muladd_22s_15s_32s_32_4_1_U127/idct_mac_muladd_22s_15s_32s_32_4_1_DSP48_27_U/p is absorbed into DSP mac_muladd_22s_15s_32s_32_4_1_U127/idct_mac_muladd_22s_15s_32s_32_4_1_DSP48_27_U/p_reg_reg.
DSP Report: operator mac_muladd_22s_15s_32s_32_4_1_U127/idct_mac_muladd_22s_15s_32s_32_4_1_DSP48_27_U/m is absorbed into DSP mac_muladd_22s_15s_32s_32_4_1_U127/idct_mac_muladd_22s_15s_32s_32_4_1_DSP48_27_U/p_reg_reg.
DSP Report: Generating DSP mac_muladd_21s_12ns_32ns_32_4_1_U149/idct_mac_muladd_21s_12ns_32ns_32_4_1_DSP48_31_U/p_reg_reg, operation Mode is: (PCIN+(A''*(B:0x98e)')')'.
DSP Report: register mac_muladd_16s_12ns_31s_31_4_1_U33/idct_mac_muladd_16s_12ns_31s_31_4_1_DSP48_6_U/b_reg_reg is absorbed into DSP mac_muladd_21s_12ns_32ns_32_4_1_U149/idct_mac_muladd_21s_12ns_32ns_32_4_1_DSP48_31_U/p_reg_reg.
DSP Report: register mac_muladd_21s_12ns_32ns_32_4_1_U149/idct_mac_muladd_21s_12ns_32ns_32_4_1_DSP48_31_U/p_reg_reg is absorbed into DSP mac_muladd_21s_12ns_32ns_32_4_1_U149/idct_mac_muladd_21s_12ns_32ns_32_4_1_DSP48_31_U/p_reg_reg.
DSP Report: register mac_muladd_21s_12ns_32ns_32_4_1_U149/idct_mac_muladd_21s_12ns_32ns_32_4_1_DSP48_31_U/p_reg_reg is absorbed into DSP mac_muladd_21s_12ns_32ns_32_4_1_U149/idct_mac_muladd_21s_12ns_32ns_32_4_1_DSP48_31_U/p_reg_reg.
DSP Report: register mac_muladd_21s_12ns_32ns_32_4_1_U149/idct_mac_muladd_21s_12ns_32ns_32_4_1_DSP48_31_U/p_reg_reg is absorbed into DSP mac_muladd_21s_12ns_32ns_32_4_1_U149/idct_mac_muladd_21s_12ns_32ns_32_4_1_DSP48_31_U/p_reg_reg.
DSP Report: register mac_muladd_21s_12ns_32ns_32_4_1_U149/idct_mac_muladd_21s_12ns_32ns_32_4_1_DSP48_31_U/m_reg_reg is absorbed into DSP mac_muladd_21s_12ns_32ns_32_4_1_U149/idct_mac_muladd_21s_12ns_32ns_32_4_1_DSP48_31_U/p_reg_reg.
DSP Report: operator mac_muladd_21s_12ns_32ns_32_4_1_U149/idct_mac_muladd_21s_12ns_32ns_32_4_1_DSP48_31_U/p is absorbed into DSP mac_muladd_21s_12ns_32ns_32_4_1_U149/idct_mac_muladd_21s_12ns_32ns_32_4_1_DSP48_31_U/p_reg_reg.
DSP Report: operator mac_muladd_21s_12ns_32ns_32_4_1_U149/idct_mac_muladd_21s_12ns_32ns_32_4_1_DSP48_31_U/m is absorbed into DSP mac_muladd_21s_12ns_32ns_32_4_1_U149/idct_mac_muladd_21s_12ns_32ns_32_4_1_DSP48_31_U/p_reg_reg.
DSP Report: Generating DSP am_addmul_21s_21s_13ns_32_4_1_U115/idct_am_addmul_21s_21s_13ns_32_4_1_DSP48_26_U/p_reg_reg, operation Mode is: ((D'+A2)*(B:0x1151)')'.
DSP Report: register workspace_61_reg_11189_reg is absorbed into DSP am_addmul_21s_21s_13ns_32_4_1_U115/idct_am_addmul_21s_21s_13ns_32_4_1_DSP48_26_U/p_reg_reg.
DSP Report: register workspace_85_reg_11291_reg is absorbed into DSP am_addmul_21s_21s_13ns_32_4_1_U115/idct_am_addmul_21s_21s_13ns_32_4_1_DSP48_26_U/p_reg_reg.
DSP Report: register am_addmul_16s_16s_13ns_30_4_1_U75/idct_am_addmul_16s_16s_13ns_30_4_1_DSP48_12_U/b_reg_reg is absorbed into DSP am_addmul_21s_21s_13ns_32_4_1_U115/idct_am_addmul_21s_21s_13ns_32_4_1_DSP48_26_U/p_reg_reg.
DSP Report: register am_addmul_21s_21s_13ns_32_4_1_U115/idct_am_addmul_21s_21s_13ns_32_4_1_DSP48_26_U/p_reg_reg is absorbed into DSP am_addmul_21s_21s_13ns_32_4_1_U115/idct_am_addmul_21s_21s_13ns_32_4_1_DSP48_26_U/p_reg_reg.
DSP Report: register am_addmul_21s_21s_13ns_32_4_1_U115/idct_am_addmul_21s_21s_13ns_32_4_1_DSP48_26_U/m_reg_reg is absorbed into DSP am_addmul_21s_21s_13ns_32_4_1_U115/idct_am_addmul_21s_21s_13ns_32_4_1_DSP48_26_U/p_reg_reg.
DSP Report: register am_addmul_21s_21s_13ns_32_4_1_U115/idct_am_addmul_21s_21s_13ns_32_4_1_DSP48_26_U/ad_reg_reg is absorbed into DSP am_addmul_21s_21s_13ns_32_4_1_U115/idct_am_addmul_21s_21s_13ns_32_4_1_DSP48_26_U/p_reg_reg.
DSP Report: operator am_addmul_21s_21s_13ns_32_4_1_U115/idct_am_addmul_21s_21s_13ns_32_4_1_DSP48_26_U/m is absorbed into DSP am_addmul_21s_21s_13ns_32_4_1_U115/idct_am_addmul_21s_21s_13ns_32_4_1_DSP48_26_U/p_reg_reg.
DSP Report: operator am_addmul_21s_21s_13ns_32_4_1_U115/idct_am_addmul_21s_21s_13ns_32_4_1_DSP48_26_U/ad is absorbed into DSP am_addmul_21s_21s_13ns_32_4_1_U115/idct_am_addmul_21s_21s_13ns_32_4_1_DSP48_26_U/p_reg_reg.
DSP Report: Generating DSP mac_muladd_21s_13ns_32s_32_4_1_U148/idct_mac_muladd_21s_13ns_32s_32_4_1_DSP48_30_U/p_reg_reg, operation Mode is: (PCIN+(A''*(B:0x187e)')')'.
DSP Report: register mac_muladd_16s_13ns_30ns_30_4_1_U38/idct_mac_muladd_16s_13ns_30ns_30_4_1_DSP48_5_U/b_reg_reg is absorbed into DSP mac_muladd_21s_13ns_32s_32_4_1_U148/idct_mac_muladd_21s_13ns_32s_32_4_1_DSP48_30_U/p_reg_reg.
DSP Report: register mac_muladd_21s_13ns_32s_32_4_1_U148/idct_mac_muladd_21s_13ns_32s_32_4_1_DSP48_30_U/p_reg_reg is absorbed into DSP mac_muladd_21s_13ns_32s_32_4_1_U148/idct_mac_muladd_21s_13ns_32s_32_4_1_DSP48_30_U/p_reg_reg.
DSP Report: register mac_muladd_21s_13ns_32s_32_4_1_U148/idct_mac_muladd_21s_13ns_32s_32_4_1_DSP48_30_U/p_reg_reg is absorbed into DSP mac_muladd_21s_13ns_32s_32_4_1_U148/idct_mac_muladd_21s_13ns_32s_32_4_1_DSP48_30_U/p_reg_reg.
DSP Report: register mac_muladd_21s_13ns_32s_32_4_1_U148/idct_mac_muladd_21s_13ns_32s_32_4_1_DSP48_30_U/p_reg_reg is absorbed into DSP mac_muladd_21s_13ns_32s_32_4_1_U148/idct_mac_muladd_21s_13ns_32s_32_4_1_DSP48_30_U/p_reg_reg.
DSP Report: register mac_muladd_21s_13ns_32s_32_4_1_U148/idct_mac_muladd_21s_13ns_32s_32_4_1_DSP48_30_U/m_reg_reg is absorbed into DSP mac_muladd_21s_13ns_32s_32_4_1_U148/idct_mac_muladd_21s_13ns_32s_32_4_1_DSP48_30_U/p_reg_reg.
DSP Report: operator mac_muladd_21s_13ns_32s_32_4_1_U148/idct_mac_muladd_21s_13ns_32s_32_4_1_DSP48_30_U/p is absorbed into DSP mac_muladd_21s_13ns_32s_32_4_1_U148/idct_mac_muladd_21s_13ns_32s_32_4_1_DSP48_30_U/p_reg_reg.
DSP Report: operator mac_muladd_21s_13ns_32s_32_4_1_U148/idct_mac_muladd_21s_13ns_32s_32_4_1_DSP48_30_U/m is absorbed into DSP mac_muladd_21s_13ns_32s_32_4_1_U148/idct_mac_muladd_21s_13ns_32s_32_4_1_DSP48_30_U/p_reg_reg.
DSP Report: Generating DSP am_addmul_21s_21s_16s_32_4_1_U91/idct_am_addmul_21s_21s_16s_32_4_1_DSP48_19_U/p_reg_reg, operation Mode is: ((D'+A2)*(B:0x3adfd)')'.
DSP Report: register workspace_69_reg_10993_reg is absorbed into DSP am_addmul_21s_21s_16s_32_4_1_U91/idct_am_addmul_21s_21s_16s_32_4_1_DSP48_19_U/p_reg_reg.
DSP Report: register workspace_77_reg_11027_reg is absorbed into DSP am_addmul_21s_21s_16s_32_4_1_U91/idct_am_addmul_21s_21s_16s_32_4_1_DSP48_19_U/p_reg_reg.
DSP Report: register am_addmul_16s_16s_16s_32_4_1_U27/idct_am_addmul_16s_16s_16s_32_4_1_DSP48_1_U/b_reg_reg is absorbed into DSP am_addmul_21s_21s_16s_32_4_1_U91/idct_am_addmul_21s_21s_16s_32_4_1_DSP48_19_U/p_reg_reg.
DSP Report: register am_addmul_21s_21s_16s_32_4_1_U91/idct_am_addmul_21s_21s_16s_32_4_1_DSP48_19_U/p_reg_reg is absorbed into DSP am_addmul_21s_21s_16s_32_4_1_U91/idct_am_addmul_21s_21s_16s_32_4_1_DSP48_19_U/p_reg_reg.
DSP Report: register am_addmul_21s_21s_16s_32_4_1_U91/idct_am_addmul_21s_21s_16s_32_4_1_DSP48_19_U/m_reg_reg is absorbed into DSP am_addmul_21s_21s_16s_32_4_1_U91/idct_am_addmul_21s_21s_16s_32_4_1_DSP48_19_U/p_reg_reg.
DSP Report: register am_addmul_21s_21s_16s_32_4_1_U91/idct_am_addmul_21s_21s_16s_32_4_1_DSP48_19_U/ad_reg_reg is absorbed into DSP am_addmul_21s_21s_16s_32_4_1_U91/idct_am_addmul_21s_21s_16s_32_4_1_DSP48_19_U/p_reg_reg.
DSP Report: operator am_addmul_21s_21s_16s_32_4_1_U91/idct_am_addmul_21s_21s_16s_32_4_1_DSP48_19_U/m is absorbed into DSP am_addmul_21s_21s_16s_32_4_1_U91/idct_am_addmul_21s_21s_16s_32_4_1_DSP48_19_U/p_reg_reg.
DSP Report: operator am_addmul_21s_21s_16s_32_4_1_U91/idct_am_addmul_21s_21s_16s_32_4_1_DSP48_19_U/ad is absorbed into DSP am_addmul_21s_21s_16s_32_4_1_U91/idct_am_addmul_21s_21s_16s_32_4_1_DSP48_19_U/p_reg_reg.
DSP Report: Generating DSP mac_muladd_22s_13s_32s_32_4_1_U128/idct_mac_muladd_22s_13s_32s_32_4_1_DSP48_28_U/p_reg_reg, operation Mode is: (C+(A''*(B:0x3f384)')')'.
DSP Report: register mac_muladd_22s_13s_32s_32_4_1_U128/idct_mac_muladd_22s_13s_32s_32_4_1_DSP48_28_U/p_reg_reg is absorbed into DSP mac_muladd_22s_13s_32s_32_4_1_U128/idct_mac_muladd_22s_13s_32s_32_4_1_DSP48_28_U/p_reg_reg.
DSP Report: register mac_muladd_22s_13s_32s_32_4_1_U128/idct_mac_muladd_22s_13s_32s_32_4_1_DSP48_28_U/p_reg_reg is absorbed into DSP mac_muladd_22s_13s_32s_32_4_1_U128/idct_mac_muladd_22s_13s_32s_32_4_1_DSP48_28_U/p_reg_reg.
DSP Report: register mac_muladd_17s_13s_32s_32_4_1_U36/idct_mac_muladd_17s_13s_32s_32_4_1_DSP48_9_U/b_reg_reg is absorbed into DSP mac_muladd_22s_13s_32s_32_4_1_U128/idct_mac_muladd_22s_13s_32s_32_4_1_DSP48_28_U/p_reg_reg.
DSP Report: register mac_muladd_22s_13s_32s_32_4_1_U128/idct_mac_muladd_22s_13s_32s_32_4_1_DSP48_28_U/p_reg_reg is absorbed into DSP mac_muladd_22s_13s_32s_32_4_1_U128/idct_mac_muladd_22s_13s_32s_32_4_1_DSP48_28_U/p_reg_reg.
DSP Report: register mac_muladd_22s_13s_32s_32_4_1_U128/idct_mac_muladd_22s_13s_32s_32_4_1_DSP48_28_U/m_reg_reg is absorbed into DSP mac_muladd_22s_13s_32s_32_4_1_U128/idct_mac_muladd_22s_13s_32s_32_4_1_DSP48_28_U/p_reg_reg.
DSP Report: operator mac_muladd_22s_13s_32s_32_4_1_U128/idct_mac_muladd_22s_13s_32s_32_4_1_DSP48_28_U/p is absorbed into DSP mac_muladd_22s_13s_32s_32_4_1_U128/idct_mac_muladd_22s_13s_32s_32_4_1_DSP48_28_U/p_reg_reg.
DSP Report: operator mac_muladd_22s_13s_32s_32_4_1_U128/idct_mac_muladd_22s_13s_32s_32_4_1_DSP48_28_U/m is absorbed into DSP mac_muladd_22s_13s_32s_32_4_1_U128/idct_mac_muladd_22s_13s_32s_32_4_1_DSP48_28_U/p_reg_reg.
DSP Report: Generating DSP mac_muladd_21s_15ns_32ns_32_4_1_U150/idct_mac_muladd_21s_15ns_32ns_32_4_1_DSP48_32_U/p_reg_reg, operation Mode is: (PCIN+(A''*(B:0x41b3)')')'.
DSP Report: register mac_muladd_16s_15ns_32s_32_4_1_U53/idct_mac_muladd_16s_15ns_32s_32_4_1_DSP48_10_U/b_reg_reg is absorbed into DSP mac_muladd_21s_15ns_32ns_32_4_1_U150/idct_mac_muladd_21s_15ns_32ns_32_4_1_DSP48_32_U/p_reg_reg.
DSP Report: register mac_muladd_21s_15ns_32ns_32_4_1_U150/idct_mac_muladd_21s_15ns_32ns_32_4_1_DSP48_32_U/p_reg_reg is absorbed into DSP mac_muladd_21s_15ns_32ns_32_4_1_U150/idct_mac_muladd_21s_15ns_32ns_32_4_1_DSP48_32_U/p_reg_reg.
DSP Report: register mac_muladd_21s_15ns_32ns_32_4_1_U150/idct_mac_muladd_21s_15ns_32ns_32_4_1_DSP48_32_U/p_reg_reg is absorbed into DSP mac_muladd_21s_15ns_32ns_32_4_1_U150/idct_mac_muladd_21s_15ns_32ns_32_4_1_DSP48_32_U/p_reg_reg.
DSP Report: register mac_muladd_21s_15ns_32ns_32_4_1_U150/idct_mac_muladd_21s_15ns_32ns_32_4_1_DSP48_32_U/p_reg_reg is absorbed into DSP mac_muladd_21s_15ns_32ns_32_4_1_U150/idct_mac_muladd_21s_15ns_32ns_32_4_1_DSP48_32_U/p_reg_reg.
DSP Report: register mac_muladd_21s_15ns_32ns_32_4_1_U150/idct_mac_muladd_21s_15ns_32ns_32_4_1_DSP48_32_U/m_reg_reg is absorbed into DSP mac_muladd_21s_15ns_32ns_32_4_1_U150/idct_mac_muladd_21s_15ns_32ns_32_4_1_DSP48_32_U/p_reg_reg.
DSP Report: operator mac_muladd_21s_15ns_32ns_32_4_1_U150/idct_mac_muladd_21s_15ns_32ns_32_4_1_DSP48_32_U/p is absorbed into DSP mac_muladd_21s_15ns_32ns_32_4_1_U150/idct_mac_muladd_21s_15ns_32ns_32_4_1_DSP48_32_U/p_reg_reg.
DSP Report: operator mac_muladd_21s_15ns_32ns_32_4_1_U150/idct_mac_muladd_21s_15ns_32ns_32_4_1_DSP48_32_U/m is absorbed into DSP mac_muladd_21s_15ns_32ns_32_4_1_U150/idct_mac_muladd_21s_15ns_32ns_32_4_1_DSP48_32_U/p_reg_reg.
DSP Report: Generating DSP mac_muladd_21s_15s_32s_32_4_1_U147/idct_mac_muladd_21s_15s_32s_32_4_1_DSP48_29_U/p_reg_reg, operation Mode is: (C+(A''*(B:0x3c4df)')')'.
DSP Report: register mac_muladd_16s_15s_31s_31_4_1_U37/idct_mac_muladd_16s_15s_31s_31_4_1_DSP48_4_U/b_reg_reg is absorbed into DSP mac_muladd_21s_15s_32s_32_4_1_U147/idct_mac_muladd_21s_15s_32s_32_4_1_DSP48_29_U/p_reg_reg.
DSP Report: register mac_muladd_21s_15s_32s_32_4_1_U147/idct_mac_muladd_21s_15s_32s_32_4_1_DSP48_29_U/p_reg_reg is absorbed into DSP mac_muladd_21s_15s_32s_32_4_1_U147/idct_mac_muladd_21s_15s_32s_32_4_1_DSP48_29_U/p_reg_reg.
DSP Report: register mac_muladd_21s_15s_32s_32_4_1_U147/idct_mac_muladd_21s_15s_32s_32_4_1_DSP48_29_U/p_reg_reg is absorbed into DSP mac_muladd_21s_15s_32s_32_4_1_U147/idct_mac_muladd_21s_15s_32s_32_4_1_DSP48_29_U/p_reg_reg.
DSP Report: register mac_muladd_21s_15s_32s_32_4_1_U147/idct_mac_muladd_21s_15s_32s_32_4_1_DSP48_29_U/p_reg_reg is absorbed into DSP mac_muladd_21s_15s_32s_32_4_1_U147/idct_mac_muladd_21s_15s_32s_32_4_1_DSP48_29_U/p_reg_reg.
DSP Report: register mac_muladd_21s_15s_32s_32_4_1_U147/idct_mac_muladd_21s_15s_32s_32_4_1_DSP48_29_U/m_reg_reg is absorbed into DSP mac_muladd_21s_15s_32s_32_4_1_U147/idct_mac_muladd_21s_15s_32s_32_4_1_DSP48_29_U/p_reg_reg.
DSP Report: operator mac_muladd_21s_15s_32s_32_4_1_U147/idct_mac_muladd_21s_15s_32s_32_4_1_DSP48_29_U/p is absorbed into DSP mac_muladd_21s_15s_32s_32_4_1_U147/idct_mac_muladd_21s_15s_32s_32_4_1_DSP48_29_U/p_reg_reg.
DSP Report: operator mac_muladd_21s_15s_32s_32_4_1_U147/idct_mac_muladd_21s_15s_32s_32_4_1_DSP48_29_U/m is absorbed into DSP mac_muladd_21s_15s_32s_32_4_1_U147/idct_mac_muladd_21s_15s_32s_32_4_1_DSP48_29_U/p_reg_reg.
DSP Report: Generating DSP mac_muladd_21s_15ns_32ns_32_4_1_U151/idct_mac_muladd_21s_15ns_32ns_32_4_1_DSP48_32_U/p_reg_reg, operation Mode is: (C+(A''*(B:0x6254)')')'.
DSP Report: register mac_muladd_16s_15ns_32s_32_4_1_U54/idct_mac_muladd_16s_15ns_32s_32_4_1_DSP48_10_U/b_reg_reg is absorbed into DSP mac_muladd_21s_15ns_32ns_32_4_1_U151/idct_mac_muladd_21s_15ns_32ns_32_4_1_DSP48_32_U/p_reg_reg.
DSP Report: register mac_muladd_21s_15ns_32ns_32_4_1_U151/idct_mac_muladd_21s_15ns_32ns_32_4_1_DSP48_32_U/p_reg_reg is absorbed into DSP mac_muladd_21s_15ns_32ns_32_4_1_U151/idct_mac_muladd_21s_15ns_32ns_32_4_1_DSP48_32_U/p_reg_reg.
DSP Report: register mac_muladd_21s_15ns_32ns_32_4_1_U151/idct_mac_muladd_21s_15ns_32ns_32_4_1_DSP48_32_U/p_reg_reg is absorbed into DSP mac_muladd_21s_15ns_32ns_32_4_1_U151/idct_mac_muladd_21s_15ns_32ns_32_4_1_DSP48_32_U/p_reg_reg.
DSP Report: register mac_muladd_21s_15ns_32ns_32_4_1_U151/idct_mac_muladd_21s_15ns_32ns_32_4_1_DSP48_32_U/p_reg_reg is absorbed into DSP mac_muladd_21s_15ns_32ns_32_4_1_U151/idct_mac_muladd_21s_15ns_32ns_32_4_1_DSP48_32_U/p_reg_reg.
DSP Report: register mac_muladd_21s_15ns_32ns_32_4_1_U151/idct_mac_muladd_21s_15ns_32ns_32_4_1_DSP48_32_U/m_reg_reg is absorbed into DSP mac_muladd_21s_15ns_32ns_32_4_1_U151/idct_mac_muladd_21s_15ns_32ns_32_4_1_DSP48_32_U/p_reg_reg.
DSP Report: operator mac_muladd_21s_15ns_32ns_32_4_1_U151/idct_mac_muladd_21s_15ns_32ns_32_4_1_DSP48_32_U/p is absorbed into DSP mac_muladd_21s_15ns_32ns_32_4_1_U151/idct_mac_muladd_21s_15ns_32ns_32_4_1_DSP48_32_U/p_reg_reg.
DSP Report: operator mac_muladd_21s_15ns_32ns_32_4_1_U151/idct_mac_muladd_21s_15ns_32ns_32_4_1_DSP48_32_U/m is absorbed into DSP mac_muladd_21s_15ns_32ns_32_4_1_U151/idct_mac_muladd_21s_15ns_32ns_32_4_1_DSP48_32_U/p_reg_reg.
DSP Report: Generating DSP mac_muladd_21s_14ns_32ns_32_4_1_U152/idct_mac_muladd_21s_14ns_32ns_32_4_1_DSP48_33_U/p_reg_reg, operation Mode is: (C+(A''*(B:0x300b)')')'.
DSP Report: register mac_muladd_16s_14ns_31s_31_4_1_U34/idct_mac_muladd_16s_14ns_31s_31_4_1_DSP48_7_U/b_reg_reg is absorbed into DSP mac_muladd_21s_14ns_32ns_32_4_1_U152/idct_mac_muladd_21s_14ns_32ns_32_4_1_DSP48_33_U/p_reg_reg.
DSP Report: register mac_muladd_21s_14ns_32ns_32_4_1_U152/idct_mac_muladd_21s_14ns_32ns_32_4_1_DSP48_33_U/p_reg_reg is absorbed into DSP mac_muladd_21s_14ns_32ns_32_4_1_U152/idct_mac_muladd_21s_14ns_32ns_32_4_1_DSP48_33_U/p_reg_reg.
DSP Report: register mac_muladd_21s_14ns_32ns_32_4_1_U152/idct_mac_muladd_21s_14ns_32ns_32_4_1_DSP48_33_U/p_reg_reg is absorbed into DSP mac_muladd_21s_14ns_32ns_32_4_1_U152/idct_mac_muladd_21s_14ns_32ns_32_4_1_DSP48_33_U/p_reg_reg.
DSP Report: register mac_muladd_21s_14ns_32ns_32_4_1_U152/idct_mac_muladd_21s_14ns_32ns_32_4_1_DSP48_33_U/p_reg_reg is absorbed into DSP mac_muladd_21s_14ns_32ns_32_4_1_U152/idct_mac_muladd_21s_14ns_32ns_32_4_1_DSP48_33_U/p_reg_reg.
DSP Report: register mac_muladd_21s_14ns_32ns_32_4_1_U152/idct_mac_muladd_21s_14ns_32ns_32_4_1_DSP48_33_U/m_reg_reg is absorbed into DSP mac_muladd_21s_14ns_32ns_32_4_1_U152/idct_mac_muladd_21s_14ns_32ns_32_4_1_DSP48_33_U/p_reg_reg.
DSP Report: operator mac_muladd_21s_14ns_32ns_32_4_1_U152/idct_mac_muladd_21s_14ns_32ns_32_4_1_DSP48_33_U/p is absorbed into DSP mac_muladd_21s_14ns_32ns_32_4_1_U152/idct_mac_muladd_21s_14ns_32ns_32_4_1_DSP48_33_U/p_reg_reg.
DSP Report: operator mac_muladd_21s_14ns_32ns_32_4_1_U152/idct_mac_muladd_21s_14ns_32ns_32_4_1_DSP48_33_U/m is absorbed into DSP mac_muladd_21s_14ns_32ns_32_4_1_U152/idct_mac_muladd_21s_14ns_32ns_32_4_1_DSP48_33_U/p_reg_reg.
DSP Report: Generating DSP am_addmul_21s_21s_14s_32_4_1_U122/idct_am_addmul_21s_21s_14s_32_4_1_DSP48_21_U/p_reg_reg, operation Mode is: ((D'+A2)*(B:0x3e333)')'.
DSP Report: register workspace_51_reg_11155_reg is absorbed into DSP am_addmul_21s_21s_14s_32_4_1_U122/idct_am_addmul_21s_21s_14s_32_4_1_DSP48_21_U/p_reg_reg.
DSP Report: register workspace_91_reg_11325_reg is absorbed into DSP am_addmul_21s_21s_14s_32_4_1_U122/idct_am_addmul_21s_21s_14s_32_4_1_DSP48_21_U/p_reg_reg.
DSP Report: register am_addmul_16s_16s_14s_31_4_1_U30/idct_am_addmul_16s_16s_14s_31_4_1_DSP48_3_U/b_reg_reg is absorbed into DSP am_addmul_21s_21s_14s_32_4_1_U122/idct_am_addmul_21s_21s_14s_32_4_1_DSP48_21_U/p_reg_reg.
DSP Report: register am_addmul_21s_21s_14s_32_4_1_U122/idct_am_addmul_21s_21s_14s_32_4_1_DSP48_21_U/p_reg_reg is absorbed into DSP am_addmul_21s_21s_14s_32_4_1_U122/idct_am_addmul_21s_21s_14s_32_4_1_DSP48_21_U/p_reg_reg.
DSP Report: register am_addmul_21s_21s_14s_32_4_1_U122/idct_am_addmul_21s_21s_14s_32_4_1_DSP48_21_U/m_reg_reg is absorbed into DSP am_addmul_21s_21s_14s_32_4_1_U122/idct_am_addmul_21s_21s_14s_32_4_1_DSP48_21_U/p_reg_reg.
DSP Report: register am_addmul_21s_21s_14s_32_4_1_U122/idct_am_addmul_21s_21s_14s_32_4_1_DSP48_21_U/ad_reg_reg is absorbed into DSP am_addmul_21s_21s_14s_32_4_1_U122/idct_am_addmul_21s_21s_14s_32_4_1_DSP48_21_U/p_reg_reg.
DSP Report: operator am_addmul_21s_21s_14s_32_4_1_U122/idct_am_addmul_21s_21s_14s_32_4_1_DSP48_21_U/m is absorbed into DSP am_addmul_21s_21s_14s_32_4_1_U122/idct_am_addmul_21s_21s_14s_32_4_1_DSP48_21_U/p_reg_reg.
DSP Report: operator am_addmul_21s_21s_14s_32_4_1_U122/idct_am_addmul_21s_21s_14s_32_4_1_DSP48_21_U/ad is absorbed into DSP am_addmul_21s_21s_14s_32_4_1_U122/idct_am_addmul_21s_21s_14s_32_4_1_DSP48_21_U/p_reg_reg.
DSP Report: Generating DSP am_addmul_22s_22s_14ns_32_4_1_U121/idct_am_addmul_22s_22s_14ns_32_4_1_DSP48_20_U/p_reg_reg, operation Mode is: ((D+A)*(B:0x25a1)')'.
DSP Report: register am_addmul_17s_17s_14ns_32_4_1_U29/idct_am_addmul_17s_17s_14ns_32_4_1_DSP48_2_U/b_reg_reg is absorbed into DSP am_addmul_22s_22s_14ns_32_4_1_U121/idct_am_addmul_22s_22s_14ns_32_4_1_DSP48_20_U/p_reg_reg.
DSP Report: register am_addmul_22s_22s_14ns_32_4_1_U121/idct_am_addmul_22s_22s_14ns_32_4_1_DSP48_20_U/p_reg_reg is absorbed into DSP am_addmul_22s_22s_14ns_32_4_1_U121/idct_am_addmul_22s_22s_14ns_32_4_1_DSP48_20_U/p_reg_reg.
DSP Report: register am_addmul_22s_22s_14ns_32_4_1_U121/idct_am_addmul_22s_22s_14ns_32_4_1_DSP48_20_U/m_reg_reg is absorbed into DSP am_addmul_22s_22s_14ns_32_4_1_U121/idct_am_addmul_22s_22s_14ns_32_4_1_DSP48_20_U/p_reg_reg.
DSP Report: register am_addmul_22s_22s_14ns_32_4_1_U121/idct_am_addmul_22s_22s_14ns_32_4_1_DSP48_20_U/ad_reg_reg is absorbed into DSP am_addmul_22s_22s_14ns_32_4_1_U121/idct_am_addmul_22s_22s_14ns_32_4_1_DSP48_20_U/p_reg_reg.
DSP Report: operator am_addmul_22s_22s_14ns_32_4_1_U121/idct_am_addmul_22s_22s_14ns_32_4_1_DSP48_20_U/m is absorbed into DSP am_addmul_22s_22s_14ns_32_4_1_U121/idct_am_addmul_22s_22s_14ns_32_4_1_DSP48_20_U/p_reg_reg.
DSP Report: operator am_addmul_22s_22s_14ns_32_4_1_U121/idct_am_addmul_22s_22s_14ns_32_4_1_DSP48_20_U/ad is absorbed into DSP am_addmul_22s_22s_14ns_32_4_1_U121/idct_am_addmul_22s_22s_14ns_32_4_1_DSP48_20_U/p_reg_reg.
DSP Report: Generating DSP mac_muladd_22s_15s_32s_32_4_1_U145/idct_mac_muladd_22s_15s_32s_32_4_1_DSP48_27_U/p_reg_reg, operation Mode is: (PCIN+(A''*(B:0x3c13b)')')'.
DSP Report: register mac_muladd_22s_15s_32s_32_4_1_U145/idct_mac_muladd_22s_15s_32s_32_4_1_DSP48_27_U/p_reg_reg is absorbed into DSP mac_muladd_22s_15s_32s_32_4_1_U145/idct_mac_muladd_22s_15s_32s_32_4_1_DSP48_27_U/p_reg_reg.
DSP Report: register mac_muladd_22s_15s_32s_32_4_1_U145/idct_mac_muladd_22s_15s_32s_32_4_1_DSP48_27_U/p_reg_reg is absorbed into DSP mac_muladd_22s_15s_32s_32_4_1_U145/idct_mac_muladd_22s_15s_32s_32_4_1_DSP48_27_U/p_reg_reg.
DSP Report: register mac_muladd_17s_15s_32s_32_4_1_U35/idct_mac_muladd_17s_15s_32s_32_4_1_DSP48_8_U/b_reg_reg is absorbed into DSP mac_muladd_22s_15s_32s_32_4_1_U145/idct_mac_muladd_22s_15s_32s_32_4_1_DSP48_27_U/p_reg_reg.
DSP Report: register mac_muladd_22s_15s_32s_32_4_1_U145/idct_mac_muladd_22s_15s_32s_32_4_1_DSP48_27_U/p_reg_reg is absorbed into DSP mac_muladd_22s_15s_32s_32_4_1_U145/idct_mac_muladd_22s_15s_32s_32_4_1_DSP48_27_U/p_reg_reg.
DSP Report: register mac_muladd_22s_15s_32s_32_4_1_U145/idct_mac_muladd_22s_15s_32s_32_4_1_DSP48_27_U/m_reg_reg is absorbed into DSP mac_muladd_22s_15s_32s_32_4_1_U145/idct_mac_muladd_22s_15s_32s_32_4_1_DSP48_27_U/p_reg_reg.
DSP Report: operator mac_muladd_22s_15s_32s_32_4_1_U145/idct_mac_muladd_22s_15s_32s_32_4_1_DSP48_27_U/p is absorbed into DSP mac_muladd_22s_15s_32s_32_4_1_U145/idct_mac_muladd_22s_15s_32s_32_4_1_DSP48_27_U/p_reg_reg.
DSP Report: operator mac_muladd_22s_15s_32s_32_4_1_U145/idct_mac_muladd_22s_15s_32s_32_4_1_DSP48_27_U/m is absorbed into DSP mac_muladd_22s_15s_32s_32_4_1_U145/idct_mac_muladd_22s_15s_32s_32_4_1_DSP48_27_U/p_reg_reg.
DSP Report: Generating DSP mac_muladd_21s_12ns_32ns_32_4_1_U177/idct_mac_muladd_21s_12ns_32ns_32_4_1_DSP48_31_U/p_reg_reg, operation Mode is: (PCIN+(A''*(B:0x98e)')')'.
DSP Report: register mac_muladd_21s_12ns_32ns_32_4_1_U171/idct_mac_muladd_21s_12ns_32ns_32_4_1_DSP48_31_U/b_reg_reg is absorbed into DSP mac_muladd_21s_12ns_32ns_32_4_1_U177/idct_mac_muladd_21s_12ns_32ns_32_4_1_DSP48_31_U/p_reg_reg.
DSP Report: register mac_muladd_21s_12ns_32ns_32_4_1_U177/idct_mac_muladd_21s_12ns_32ns_32_4_1_DSP48_31_U/p_reg_reg is absorbed into DSP mac_muladd_21s_12ns_32ns_32_4_1_U177/idct_mac_muladd_21s_12ns_32ns_32_4_1_DSP48_31_U/p_reg_reg.
DSP Report: register mac_muladd_21s_12ns_32ns_32_4_1_U177/idct_mac_muladd_21s_12ns_32ns_32_4_1_DSP48_31_U/p_reg_reg is absorbed into DSP mac_muladd_21s_12ns_32ns_32_4_1_U177/idct_mac_muladd_21s_12ns_32ns_32_4_1_DSP48_31_U/p_reg_reg.
DSP Report: register mac_muladd_21s_12ns_32ns_32_4_1_U177/idct_mac_muladd_21s_12ns_32ns_32_4_1_DSP48_31_U/p_reg_reg is absorbed into DSP mac_muladd_21s_12ns_32ns_32_4_1_U177/idct_mac_muladd_21s_12ns_32ns_32_4_1_DSP48_31_U/p_reg_reg.
DSP Report: register mac_muladd_21s_12ns_32ns_32_4_1_U177/idct_mac_muladd_21s_12ns_32ns_32_4_1_DSP48_31_U/m_reg_reg is absorbed into DSP mac_muladd_21s_12ns_32ns_32_4_1_U177/idct_mac_muladd_21s_12ns_32ns_32_4_1_DSP48_31_U/p_reg_reg.
DSP Report: operator mac_muladd_21s_12ns_32ns_32_4_1_U177/idct_mac_muladd_21s_12ns_32ns_32_4_1_DSP48_31_U/p is absorbed into DSP mac_muladd_21s_12ns_32ns_32_4_1_U177/idct_mac_muladd_21s_12ns_32ns_32_4_1_DSP48_31_U/p_reg_reg.
DSP Report: operator mac_muladd_21s_12ns_32ns_32_4_1_U177/idct_mac_muladd_21s_12ns_32ns_32_4_1_DSP48_31_U/m is absorbed into DSP mac_muladd_21s_12ns_32ns_32_4_1_U177/idct_mac_muladd_21s_12ns_32ns_32_4_1_DSP48_31_U/p_reg_reg.
DSP Report: Generating DSP am_addmul_21s_21s_13ns_32_4_1_U135/idct_am_addmul_21s_21s_13ns_32_4_1_DSP48_26_U/p_reg_reg, operation Mode is: ((D'+A2)*(B:0x1151)')'.
DSP Report: register workspace_59_reg_11399_reg is absorbed into DSP am_addmul_21s_21s_13ns_32_4_1_U135/idct_am_addmul_21s_21s_13ns_32_4_1_DSP48_26_U/p_reg_reg.
DSP Report: register workspace_83_reg_11463_reg is absorbed into DSP am_addmul_21s_21s_13ns_32_4_1_U135/idct_am_addmul_21s_21s_13ns_32_4_1_DSP48_26_U/p_reg_reg.
DSP Report: register am_addmul_16s_16s_13ns_30_4_1_U75/idct_am_addmul_16s_16s_13ns_30_4_1_DSP48_12_U/b_reg_reg is absorbed into DSP am_addmul_21s_21s_13ns_32_4_1_U135/idct_am_addmul_21s_21s_13ns_32_4_1_DSP48_26_U/p_reg_reg.
DSP Report: register am_addmul_21s_21s_13ns_32_4_1_U135/idct_am_addmul_21s_21s_13ns_32_4_1_DSP48_26_U/p_reg_reg is absorbed into DSP am_addmul_21s_21s_13ns_32_4_1_U135/idct_am_addmul_21s_21s_13ns_32_4_1_DSP48_26_U/p_reg_reg.
DSP Report: register am_addmul_21s_21s_13ns_32_4_1_U135/idct_am_addmul_21s_21s_13ns_32_4_1_DSP48_26_U/m_reg_reg is absorbed into DSP am_addmul_21s_21s_13ns_32_4_1_U135/idct_am_addmul_21s_21s_13ns_32_4_1_DSP48_26_U/p_reg_reg.
DSP Report: register am_addmul_21s_21s_13ns_32_4_1_U135/idct_am_addmul_21s_21s_13ns_32_4_1_DSP48_26_U/ad_reg_reg is absorbed into DSP am_addmul_21s_21s_13ns_32_4_1_U135/idct_am_addmul_21s_21s_13ns_32_4_1_DSP48_26_U/p_reg_reg.
DSP Report: operator am_addmul_21s_21s_13ns_32_4_1_U135/idct_am_addmul_21s_21s_13ns_32_4_1_DSP48_26_U/m is absorbed into DSP am_addmul_21s_21s_13ns_32_4_1_U135/idct_am_addmul_21s_21s_13ns_32_4_1_DSP48_26_U/p_reg_reg.
DSP Report: operator am_addmul_21s_21s_13ns_32_4_1_U135/idct_am_addmul_21s_21s_13ns_32_4_1_DSP48_26_U/ad is absorbed into DSP am_addmul_21s_21s_13ns_32_4_1_U135/idct_am_addmul_21s_21s_13ns_32_4_1_DSP48_26_U/p_reg_reg.
DSP Report: Generating DSP mac_muladd_21s_13ns_32s_32_4_1_U176/idct_mac_muladd_21s_13ns_32s_32_4_1_DSP48_30_U/p_reg_reg, operation Mode is: (PCIN+(A''*(B:0x187e)')')'.
DSP Report: register mac_muladd_21s_13ns_32s_32_4_1_U170/idct_mac_muladd_21s_13ns_32s_32_4_1_DSP48_30_U/b_reg_reg is absorbed into DSP mac_muladd_21s_13ns_32s_32_4_1_U176/idct_mac_muladd_21s_13ns_32s_32_4_1_DSP48_30_U/p_reg_reg.
DSP Report: register mac_muladd_21s_13ns_32s_32_4_1_U176/idct_mac_muladd_21s_13ns_32s_32_4_1_DSP48_30_U/p_reg_reg is absorbed into DSP mac_muladd_21s_13ns_32s_32_4_1_U176/idct_mac_muladd_21s_13ns_32s_32_4_1_DSP48_30_U/p_reg_reg.
DSP Report: register mac_muladd_21s_13ns_32s_32_4_1_U176/idct_mac_muladd_21s_13ns_32s_32_4_1_DSP48_30_U/p_reg_reg is absorbed into DSP mac_muladd_21s_13ns_32s_32_4_1_U176/idct_mac_muladd_21s_13ns_32s_32_4_1_DSP48_30_U/p_reg_reg.
DSP Report: register mac_muladd_21s_13ns_32s_32_4_1_U176/idct_mac_muladd_21s_13ns_32s_32_4_1_DSP48_30_U/p_reg_reg is absorbed into DSP mac_muladd_21s_13ns_32s_32_4_1_U176/idct_mac_muladd_21s_13ns_32s_32_4_1_DSP48_30_U/p_reg_reg.
DSP Report: register mac_muladd_21s_13ns_32s_32_4_1_U176/idct_mac_muladd_21s_13ns_32s_32_4_1_DSP48_30_U/m_reg_reg is absorbed into DSP mac_muladd_21s_13ns_32s_32_4_1_U176/idct_mac_muladd_21s_13ns_32s_32_4_1_DSP48_30_U/p_reg_reg.
DSP Report: operator mac_muladd_21s_13ns_32s_32_4_1_U176/idct_mac_muladd_21s_13ns_32s_32_4_1_DSP48_30_U/p is absorbed into DSP mac_muladd_21s_13ns_32s_32_4_1_U176/idct_mac_muladd_21s_13ns_32s_32_4_1_DSP48_30_U/p_reg_reg.
DSP Report: operator mac_muladd_21s_13ns_32s_32_4_1_U176/idct_mac_muladd_21s_13ns_32s_32_4_1_DSP48_30_U/m is absorbed into DSP mac_muladd_21s_13ns_32s_32_4_1_U176/idct_mac_muladd_21s_13ns_32s_32_4_1_DSP48_30_U/p_reg_reg.
DSP Report: Generating DSP am_addmul_21s_21s_16s_32_4_1_U111/idct_am_addmul_21s_21s_16s_32_4_1_DSP48_19_U/p_reg_reg, operation Mode is: ((D'+A2)*(B:0x3adfd)')'.
DSP Report: register workspace_67_reg_11213_reg is absorbed into DSP am_addmul_21s_21s_16s_32_4_1_U111/idct_am_addmul_21s_21s_16s_32_4_1_DSP48_19_U/p_reg_reg.
DSP Report: register workspace_75_reg_11247_reg is absorbed into DSP am_addmul_21s_21s_16s_32_4_1_U111/idct_am_addmul_21s_21s_16s_32_4_1_DSP48_19_U/p_reg_reg.
DSP Report: register am_addmul_16s_16s_16s_32_4_1_U27/idct_am_addmul_16s_16s_16s_32_4_1_DSP48_1_U/b_reg_reg is absorbed into DSP am_addmul_21s_21s_16s_32_4_1_U111/idct_am_addmul_21s_21s_16s_32_4_1_DSP48_19_U/p_reg_reg.
DSP Report: register am_addmul_21s_21s_16s_32_4_1_U111/idct_am_addmul_21s_21s_16s_32_4_1_DSP48_19_U/p_reg_reg is absorbed into DSP am_addmul_21s_21s_16s_32_4_1_U111/idct_am_addmul_21s_21s_16s_32_4_1_DSP48_19_U/p_reg_reg.
DSP Report: register am_addmul_21s_21s_16s_32_4_1_U111/idct_am_addmul_21s_21s_16s_32_4_1_DSP48_19_U/m_reg_reg is absorbed into DSP am_addmul_21s_21s_16s_32_4_1_U111/idct_am_addmul_21s_21s_16s_32_4_1_DSP48_19_U/p_reg_reg.
DSP Report: register am_addmul_21s_21s_16s_32_4_1_U111/idct_am_addmul_21s_21s_16s_32_4_1_DSP48_19_U/ad_reg_reg is absorbed into DSP am_addmul_21s_21s_16s_32_4_1_U111/idct_am_addmul_21s_21s_16s_32_4_1_DSP48_19_U/p_reg_reg.
DSP Report: operator am_addmul_21s_21s_16s_32_4_1_U111/idct_am_addmul_21s_21s_16s_32_4_1_DSP48_19_U/m is absorbed into DSP am_addmul_21s_21s_16s_32_4_1_U111/idct_am_addmul_21s_21s_16s_32_4_1_DSP48_19_U/p_reg_reg.
DSP Report: operator am_addmul_21s_21s_16s_32_4_1_U111/idct_am_addmul_21s_21s_16s_32_4_1_DSP48_19_U/ad is absorbed into DSP am_addmul_21s_21s_16s_32_4_1_U111/idct_am_addmul_21s_21s_16s_32_4_1_DSP48_19_U/p_reg_reg.
DSP Report: Generating DSP mac_muladd_22s_13s_32s_32_4_1_U146/idct_mac_muladd_22s_13s_32s_32_4_1_DSP48_28_U/p_reg_reg, operation Mode is: (C+(A''*(B:0x3f384)')')'.
DSP Report: register mac_muladd_22s_13s_32s_32_4_1_U146/idct_mac_muladd_22s_13s_32s_32_4_1_DSP48_28_U/p_reg_reg is absorbed into DSP mac_muladd_22s_13s_32s_32_4_1_U146/idct_mac_muladd_22s_13s_32s_32_4_1_DSP48_28_U/p_reg_reg.
DSP Report: register mac_muladd_22s_13s_32s_32_4_1_U146/idct_mac_muladd_22s_13s_32s_32_4_1_DSP48_28_U/p_reg_reg is absorbed into DSP mac_muladd_22s_13s_32s_32_4_1_U146/idct_mac_muladd_22s_13s_32s_32_4_1_DSP48_28_U/p_reg_reg.
DSP Report: register mac_muladd_17s_13s_32s_32_4_1_U36/idct_mac_muladd_17s_13s_32s_32_4_1_DSP48_9_U/b_reg_reg is absorbed into DSP mac_muladd_22s_13s_32s_32_4_1_U146/idct_mac_muladd_22s_13s_32s_32_4_1_DSP48_28_U/p_reg_reg.
DSP Report: register mac_muladd_22s_13s_32s_32_4_1_U146/idct_mac_muladd_22s_13s_32s_32_4_1_DSP48_28_U/p_reg_reg is absorbed into DSP mac_muladd_22s_13s_32s_32_4_1_U146/idct_mac_muladd_22s_13s_32s_32_4_1_DSP48_28_U/p_reg_reg.
DSP Report: register mac_muladd_22s_13s_32s_32_4_1_U146/idct_mac_muladd_22s_13s_32s_32_4_1_DSP48_28_U/m_reg_reg is absorbed into DSP mac_muladd_22s_13s_32s_32_4_1_U146/idct_mac_muladd_22s_13s_32s_32_4_1_DSP48_28_U/p_reg_reg.
DSP Report: operator mac_muladd_22s_13s_32s_32_4_1_U146/idct_mac_muladd_22s_13s_32s_32_4_1_DSP48_28_U/p is absorbed into DSP mac_muladd_22s_13s_32s_32_4_1_U146/idct_mac_muladd_22s_13s_32s_32_4_1_DSP48_28_U/p_reg_reg.
DSP Report: operator mac_muladd_22s_13s_32s_32_4_1_U146/idct_mac_muladd_22s_13s_32s_32_4_1_DSP48_28_U/m is absorbed into DSP mac_muladd_22s_13s_32s_32_4_1_U146/idct_mac_muladd_22s_13s_32s_32_4_1_DSP48_28_U/p_reg_reg.
DSP Report: Generating DSP mac_muladd_21s_15ns_32ns_32_4_1_U178/idct_mac_muladd_21s_15ns_32ns_32_4_1_DSP48_32_U/p_reg_reg, operation Mode is: (PCIN+(A''*(B:0x41b3)')')'.
DSP Report: register mac_muladd_21s_15ns_32ns_32_4_1_U172/idct_mac_muladd_21s_15ns_32ns_32_4_1_DSP48_32_U/b_reg_reg is absorbed into DSP mac_muladd_21s_15ns_32ns_32_4_1_U178/idct_mac_muladd_21s_15ns_32ns_32_4_1_DSP48_32_U/p_reg_reg.
DSP Report: register mac_muladd_21s_15ns_32ns_32_4_1_U178/idct_mac_muladd_21s_15ns_32ns_32_4_1_DSP48_32_U/p_reg_reg is absorbed into DSP mac_muladd_21s_15ns_32ns_32_4_1_U178/idct_mac_muladd_21s_15ns_32ns_32_4_1_DSP48_32_U/p_reg_reg.
DSP Report: register mac_muladd_21s_15ns_32ns_32_4_1_U178/idct_mac_muladd_21s_15ns_32ns_32_4_1_DSP48_32_U/p_reg_reg is absorbed into DSP mac_muladd_21s_15ns_32ns_32_4_1_U178/idct_mac_muladd_21s_15ns_32ns_32_4_1_DSP48_32_U/p_reg_reg.
DSP Report: register mac_muladd_21s_15ns_32ns_32_4_1_U178/idct_mac_muladd_21s_15ns_32ns_32_4_1_DSP48_32_U/p_reg_reg is absorbed into DSP mac_muladd_21s_15ns_32ns_32_4_1_U178/idct_mac_muladd_21s_15ns_32ns_32_4_1_DSP48_32_U/p_reg_reg.
DSP Report: register mac_muladd_21s_15ns_32ns_32_4_1_U178/idct_mac_muladd_21s_15ns_32ns_32_4_1_DSP48_32_U/m_reg_reg is absorbed into DSP mac_muladd_21s_15ns_32ns_32_4_1_U178/idct_mac_muladd_21s_15ns_32ns_32_4_1_DSP48_32_U/p_reg_reg.
DSP Report: operator mac_muladd_21s_15ns_32ns_32_4_1_U178/idct_mac_muladd_21s_15ns_32ns_32_4_1_DSP48_32_U/p is absorbed into DSP mac_muladd_21s_15ns_32ns_32_4_1_U178/idct_mac_muladd_21s_15ns_32ns_32_4_1_DSP48_32_U/p_reg_reg.
DSP Report: operator mac_muladd_21s_15ns_32ns_32_4_1_U178/idct_mac_muladd_21s_15ns_32ns_32_4_1_DSP48_32_U/m is absorbed into DSP mac_muladd_21s_15ns_32ns_32_4_1_U178/idct_mac_muladd_21s_15ns_32ns_32_4_1_DSP48_32_U/p_reg_reg.
DSP Report: Generating DSP mac_muladd_21s_15s_32s_32_4_1_U175/idct_mac_muladd_21s_15s_32s_32_4_1_DSP48_29_U/p_reg_reg, operation Mode is: (C+(A''*(B:0x3c4df)')')'.
DSP Report: register mac_muladd_21s_15s_32s_32_4_1_U175/idct_mac_muladd_21s_15s_32s_32_4_1_DSP48_29_U/p_reg_reg is absorbed into DSP mac_muladd_21s_15s_32s_32_4_1_U175/idct_mac_muladd_21s_15s_32s_32_4_1_DSP48_29_U/p_reg_reg.
DSP Report: register mac_muladd_21s_15s_32s_32_4_1_U175/idct_mac_muladd_21s_15s_32s_32_4_1_DSP48_29_U/p_reg_reg is absorbed into DSP mac_muladd_21s_15s_32s_32_4_1_U175/idct_mac_muladd_21s_15s_32s_32_4_1_DSP48_29_U/p_reg_reg.
DSP Report: register mac_muladd_21s_15s_32s_32_4_1_U169/idct_mac_muladd_21s_15s_32s_32_4_1_DSP48_29_U/b_reg_reg is absorbed into DSP mac_muladd_21s_15s_32s_32_4_1_U175/idct_mac_muladd_21s_15s_32s_32_4_1_DSP48_29_U/p_reg_reg.
DSP Report: register mac_muladd_21s_15s_32s_32_4_1_U175/idct_mac_muladd_21s_15s_32s_32_4_1_DSP48_29_U/p_reg_reg is absorbed into DSP mac_muladd_21s_15s_32s_32_4_1_U175/idct_mac_muladd_21s_15s_32s_32_4_1_DSP48_29_U/p_reg_reg.
DSP Report: register mac_muladd_21s_15s_32s_32_4_1_U175/idct_mac_muladd_21s_15s_32s_32_4_1_DSP48_29_U/m_reg_reg is absorbed into DSP mac_muladd_21s_15s_32s_32_4_1_U175/idct_mac_muladd_21s_15s_32s_32_4_1_DSP48_29_U/p_reg_reg.
DSP Report: operator mac_muladd_21s_15s_32s_32_4_1_U175/idct_mac_muladd_21s_15s_32s_32_4_1_DSP48_29_U/p is absorbed into DSP mac_muladd_21s_15s_32s_32_4_1_U175/idct_mac_muladd_21s_15s_32s_32_4_1_DSP48_29_U/p_reg_reg.
DSP Report: operator mac_muladd_21s_15s_32s_32_4_1_U175/idct_mac_muladd_21s_15s_32s_32_4_1_DSP48_29_U/m is absorbed into DSP mac_muladd_21s_15s_32s_32_4_1_U175/idct_mac_muladd_21s_15s_32s_32_4_1_DSP48_29_U/p_reg_reg.
DSP Report: Generating DSP mac_muladd_21s_15ns_32ns_32_4_1_U179/idct_mac_muladd_21s_15ns_32ns_32_4_1_DSP48_32_U/p_reg_reg, operation Mode is: (C+(A''*(B:0x6254)')')'.
DSP Report: register mac_muladd_21s_15ns_32ns_32_4_1_U179/idct_mac_muladd_21s_15ns_32ns_32_4_1_DSP48_32_U/p_reg_reg is absorbed into DSP mac_muladd_21s_15ns_32ns_32_4_1_U179/idct_mac_muladd_21s_15ns_32ns_32_4_1_DSP48_32_U/p_reg_reg.
DSP Report: register mac_muladd_21s_15ns_32ns_32_4_1_U179/idct_mac_muladd_21s_15ns_32ns_32_4_1_DSP48_32_U/p_reg_reg is absorbed into DSP mac_muladd_21s_15ns_32ns_32_4_1_U179/idct_mac_muladd_21s_15ns_32ns_32_4_1_DSP48_32_U/p_reg_reg.
DSP Report: register mac_muladd_21s_15ns_32ns_32_4_1_U173/idct_mac_muladd_21s_15ns_32ns_32_4_1_DSP48_32_U/b_reg_reg is absorbed into DSP mac_muladd_21s_15ns_32ns_32_4_1_U179/idct_mac_muladd_21s_15ns_32ns_32_4_1_DSP48_32_U/p_reg_reg.
DSP Report: register mac_muladd_21s_15ns_32ns_32_4_1_U179/idct_mac_muladd_21s_15ns_32ns_32_4_1_DSP48_32_U/p_reg_reg is absorbed into DSP mac_muladd_21s_15ns_32ns_32_4_1_U179/idct_mac_muladd_21s_15ns_32ns_32_4_1_DSP48_32_U/p_reg_reg.
DSP Report: register mac_muladd_21s_15ns_32ns_32_4_1_U179/idct_mac_muladd_21s_15ns_32ns_32_4_1_DSP48_32_U/m_reg_reg is absorbed into DSP mac_muladd_21s_15ns_32ns_32_4_1_U179/idct_mac_muladd_21s_15ns_32ns_32_4_1_DSP48_32_U/p_reg_reg.
DSP Report: operator mac_muladd_21s_15ns_32ns_32_4_1_U179/idct_mac_muladd_21s_15ns_32ns_32_4_1_DSP48_32_U/p is absorbed into DSP mac_muladd_21s_15ns_32ns_32_4_1_U179/idct_mac_muladd_21s_15ns_32ns_32_4_1_DSP48_32_U/p_reg_reg.
DSP Report: operator mac_muladd_21s_15ns_32ns_32_4_1_U179/idct_mac_muladd_21s_15ns_32ns_32_4_1_DSP48_32_U/m is absorbed into DSP mac_muladd_21s_15ns_32ns_32_4_1_U179/idct_mac_muladd_21s_15ns_32ns_32_4_1_DSP48_32_U/p_reg_reg.
DSP Report: Generating DSP mac_muladd_21s_14ns_32ns_32_4_1_U180/idct_mac_muladd_21s_14ns_32ns_32_4_1_DSP48_33_U/p_reg_reg, operation Mode is: (C+(A''*(B:0x300b)')')'.
DSP Report: register mac_muladd_21s_14ns_32ns_32_4_1_U180/idct_mac_muladd_21s_14ns_32ns_32_4_1_DSP48_33_U/p_reg_reg is absorbed into DSP mac_muladd_21s_14ns_32ns_32_4_1_U180/idct_mac_muladd_21s_14ns_32ns_32_4_1_DSP48_33_U/p_reg_reg.
DSP Report: register mac_muladd_21s_14ns_32ns_32_4_1_U180/idct_mac_muladd_21s_14ns_32ns_32_4_1_DSP48_33_U/p_reg_reg is absorbed into DSP mac_muladd_21s_14ns_32ns_32_4_1_U180/idct_mac_muladd_21s_14ns_32ns_32_4_1_DSP48_33_U/p_reg_reg.
DSP Report: register mac_muladd_21s_14ns_32ns_32_4_1_U174/idct_mac_muladd_21s_14ns_32ns_32_4_1_DSP48_33_U/b_reg_reg is absorbed into DSP mac_muladd_21s_14ns_32ns_32_4_1_U180/idct_mac_muladd_21s_14ns_32ns_32_4_1_DSP48_33_U/p_reg_reg.
DSP Report: register mac_muladd_21s_14ns_32ns_32_4_1_U180/idct_mac_muladd_21s_14ns_32ns_32_4_1_DSP48_33_U/p_reg_reg is absorbed into DSP mac_muladd_21s_14ns_32ns_32_4_1_U180/idct_mac_muladd_21s_14ns_32ns_32_4_1_DSP48_33_U/p_reg_reg.
DSP Report: register mac_muladd_21s_14ns_32ns_32_4_1_U180/idct_mac_muladd_21s_14ns_32ns_32_4_1_DSP48_33_U/m_reg_reg is absorbed into DSP mac_muladd_21s_14ns_32ns_32_4_1_U180/idct_mac_muladd_21s_14ns_32ns_32_4_1_DSP48_33_U/p_reg_reg.
DSP Report: operator mac_muladd_21s_14ns_32ns_32_4_1_U180/idct_mac_muladd_21s_14ns_32ns_32_4_1_DSP48_33_U/p is absorbed into DSP mac_muladd_21s_14ns_32ns_32_4_1_U180/idct_mac_muladd_21s_14ns_32ns_32_4_1_DSP48_33_U/p_reg_reg.
DSP Report: operator mac_muladd_21s_14ns_32ns_32_4_1_U180/idct_mac_muladd_21s_14ns_32ns_32_4_1_DSP48_33_U/m is absorbed into DSP mac_muladd_21s_14ns_32ns_32_4_1_U180/idct_mac_muladd_21s_14ns_32ns_32_4_1_DSP48_33_U/p_reg_reg.
DSP Report: Generating DSP am_addmul_21s_21s_14s_32_4_1_U118/idct_am_addmul_21s_21s_14s_32_4_1_DSP48_21_U/p_reg_reg, operation Mode is: ((D'+A2)*(B:0x3e333)')'.
DSP Report: register workspace_49_reg_11143_reg is absorbed into DSP am_addmul_21s_21s_14s_32_4_1_U118/idct_am_addmul_21s_21s_14s_32_4_1_DSP48_21_U/p_reg_reg.
DSP Report: register workspace_89_reg_11313_reg is absorbed into DSP am_addmul_21s_21s_14s_32_4_1_U118/idct_am_addmul_21s_21s_14s_32_4_1_DSP48_21_U/p_reg_reg.
DSP Report: register am_addmul_16s_16s_14s_31_4_1_U30/idct_am_addmul_16s_16s_14s_31_4_1_DSP48_3_U/b_reg_reg is absorbed into DSP am_addmul_21s_21s_14s_32_4_1_U118/idct_am_addmul_21s_21s_14s_32_4_1_DSP48_21_U/p_reg_reg.
DSP Report: register am_addmul_21s_21s_14s_32_4_1_U118/idct_am_addmul_21s_21s_14s_32_4_1_DSP48_21_U/p_reg_reg is absorbed into DSP am_addmul_21s_21s_14s_32_4_1_U118/idct_am_addmul_21s_21s_14s_32_4_1_DSP48_21_U/p_reg_reg.
DSP Report: register am_addmul_21s_21s_14s_32_4_1_U118/idct_am_addmul_21s_21s_14s_32_4_1_DSP48_21_U/m_reg_reg is absorbed into DSP am_addmul_21s_21s_14s_32_4_1_U118/idct_am_addmul_21s_21s_14s_32_4_1_DSP48_21_U/p_reg_reg.
DSP Report: register am_addmul_21s_21s_14s_32_4_1_U118/idct_am_addmul_21s_21s_14s_32_4_1_DSP48_21_U/ad_reg_reg is absorbed into DSP am_addmul_21s_21s_14s_32_4_1_U118/idct_am_addmul_21s_21s_14s_32_4_1_DSP48_21_U/p_reg_reg.
DSP Report: operator am_addmul_21s_21s_14s_32_4_1_U118/idct_am_addmul_21s_21s_14s_32_4_1_DSP48_21_U/m is absorbed into DSP am_addmul_21s_21s_14s_32_4_1_U118/idct_am_addmul_21s_21s_14s_32_4_1_DSP48_21_U/p_reg_reg.
DSP Report: operator am_addmul_21s_21s_14s_32_4_1_U118/idct_am_addmul_21s_21s_14s_32_4_1_DSP48_21_U/ad is absorbed into DSP am_addmul_21s_21s_14s_32_4_1_U118/idct_am_addmul_21s_21s_14s_32_4_1_DSP48_21_U/p_reg_reg.
DSP Report: Generating DSP am_addmul_22s_22s_14ns_32_4_1_U117/idct_am_addmul_22s_22s_14ns_32_4_1_DSP48_20_U/p_reg_reg, operation Mode is: ((D+A)*(B:0x25a1)')'.
DSP Report: register am_addmul_17s_17s_14ns_32_4_1_U29/idct_am_addmul_17s_17s_14ns_32_4_1_DSP48_2_U/b_reg_reg is absorbed into DSP am_addmul_22s_22s_14ns_32_4_1_U117/idct_am_addmul_22s_22s_14ns_32_4_1_DSP48_20_U/p_reg_reg.
DSP Report: register am_addmul_22s_22s_14ns_32_4_1_U117/idct_am_addmul_22s_22s_14ns_32_4_1_DSP48_20_U/p_reg_reg is absorbed into DSP am_addmul_22s_22s_14ns_32_4_1_U117/idct_am_addmul_22s_22s_14ns_32_4_1_DSP48_20_U/p_reg_reg.
DSP Report: register am_addmul_22s_22s_14ns_32_4_1_U117/idct_am_addmul_22s_22s_14ns_32_4_1_DSP48_20_U/m_reg_reg is absorbed into DSP am_addmul_22s_22s_14ns_32_4_1_U117/idct_am_addmul_22s_22s_14ns_32_4_1_DSP48_20_U/p_reg_reg.
DSP Report: register am_addmul_22s_22s_14ns_32_4_1_U117/idct_am_addmul_22s_22s_14ns_32_4_1_DSP48_20_U/ad_reg_reg is absorbed into DSP am_addmul_22s_22s_14ns_32_4_1_U117/idct_am_addmul_22s_22s_14ns_32_4_1_DSP48_20_U/p_reg_reg.
DSP Report: operator am_addmul_22s_22s_14ns_32_4_1_U117/idct_am_addmul_22s_22s_14ns_32_4_1_DSP48_20_U/m is absorbed into DSP am_addmul_22s_22s_14ns_32_4_1_U117/idct_am_addmul_22s_22s_14ns_32_4_1_DSP48_20_U/p_reg_reg.
DSP Report: operator am_addmul_22s_22s_14ns_32_4_1_U117/idct_am_addmul_22s_22s_14ns_32_4_1_DSP48_20_U/ad is absorbed into DSP am_addmul_22s_22s_14ns_32_4_1_U117/idct_am_addmul_22s_22s_14ns_32_4_1_DSP48_20_U/p_reg_reg.
DSP Report: Generating DSP mac_muladd_22s_15s_32s_32_4_1_U143/idct_mac_muladd_22s_15s_32s_32_4_1_DSP48_27_U/p_reg_reg, operation Mode is: (PCIN+(A''*(B:0x3c13b)')')'.
DSP Report: register mac_muladd_22s_15s_32s_32_4_1_U143/idct_mac_muladd_22s_15s_32s_32_4_1_DSP48_27_U/p_reg_reg is absorbed into DSP mac_muladd_22s_15s_32s_32_4_1_U143/idct_mac_muladd_22s_15s_32s_32_4_1_DSP48_27_U/p_reg_reg.
DSP Report: register mac_muladd_22s_15s_32s_32_4_1_U143/idct_mac_muladd_22s_15s_32s_32_4_1_DSP48_27_U/p_reg_reg is absorbed into DSP mac_muladd_22s_15s_32s_32_4_1_U143/idct_mac_muladd_22s_15s_32s_32_4_1_DSP48_27_U/p_reg_reg.
DSP Report: register mac_muladd_17s_15s_32s_32_4_1_U35/idct_mac_muladd_17s_15s_32s_32_4_1_DSP48_8_U/b_reg_reg is absorbed into DSP mac_muladd_22s_15s_32s_32_4_1_U143/idct_mac_muladd_22s_15s_32s_32_4_1_DSP48_27_U/p_reg_reg.
DSP Report: register mac_muladd_22s_15s_32s_32_4_1_U143/idct_mac_muladd_22s_15s_32s_32_4_1_DSP48_27_U/p_reg_reg is absorbed into DSP mac_muladd_22s_15s_32s_32_4_1_U143/idct_mac_muladd_22s_15s_32s_32_4_1_DSP48_27_U/p_reg_reg.
DSP Report: register mac_muladd_22s_15s_32s_32_4_1_U143/idct_mac_muladd_22s_15s_32s_32_4_1_DSP48_27_U/m_reg_reg is absorbed into DSP mac_muladd_22s_15s_32s_32_4_1_U143/idct_mac_muladd_22s_15s_32s_32_4_1_DSP48_27_U/p_reg_reg.
DSP Report: operator mac_muladd_22s_15s_32s_32_4_1_U143/idct_mac_muladd_22s_15s_32s_32_4_1_DSP48_27_U/p is absorbed into DSP mac_muladd_22s_15s_32s_32_4_1_U143/idct_mac_muladd_22s_15s_32s_32_4_1_DSP48_27_U/p_reg_reg.
DSP Report: operator mac_muladd_22s_15s_32s_32_4_1_U143/idct_mac_muladd_22s_15s_32s_32_4_1_DSP48_27_U/m is absorbed into DSP mac_muladd_22s_15s_32s_32_4_1_U143/idct_mac_muladd_22s_15s_32s_32_4_1_DSP48_27_U/p_reg_reg.
DSP Report: Generating DSP mac_muladd_21s_12ns_32ns_32_4_1_U171/idct_mac_muladd_21s_12ns_32ns_32_4_1_DSP48_31_U/p_reg_reg, operation Mode is: (PCIN+(A''*(B:0x98e)')')'.
DSP Report: register mac_muladd_21s_12ns_32ns_32_4_1_U171/idct_mac_muladd_21s_12ns_32ns_32_4_1_DSP48_31_U/b_reg_reg is absorbed into DSP mac_muladd_21s_12ns_32ns_32_4_1_U171/idct_mac_muladd_21s_12ns_32ns_32_4_1_DSP48_31_U/p_reg_reg.
DSP Report: register mac_muladd_21s_12ns_32ns_32_4_1_U171/idct_mac_muladd_21s_12ns_32ns_32_4_1_DSP48_31_U/p_reg_reg is absorbed into DSP mac_muladd_21s_12ns_32ns_32_4_1_U171/idct_mac_muladd_21s_12ns_32ns_32_4_1_DSP48_31_U/p_reg_reg.
DSP Report: register mac_muladd_21s_12ns_32ns_32_4_1_U171/idct_mac_muladd_21s_12ns_32ns_32_4_1_DSP48_31_U/p_reg_reg is absorbed into DSP mac_muladd_21s_12ns_32ns_32_4_1_U171/idct_mac_muladd_21s_12ns_32ns_32_4_1_DSP48_31_U/p_reg_reg.
DSP Report: register mac_muladd_21s_12ns_32ns_32_4_1_U171/idct_mac_muladd_21s_12ns_32ns_32_4_1_DSP48_31_U/p_reg_reg is absorbed into DSP mac_muladd_21s_12ns_32ns_32_4_1_U171/idct_mac_muladd_21s_12ns_32ns_32_4_1_DSP48_31_U/p_reg_reg.
DSP Report: register mac_muladd_21s_12ns_32ns_32_4_1_U171/idct_mac_muladd_21s_12ns_32ns_32_4_1_DSP48_31_U/m_reg_reg is absorbed into DSP mac_muladd_21s_12ns_32ns_32_4_1_U171/idct_mac_muladd_21s_12ns_32ns_32_4_1_DSP48_31_U/p_reg_reg.
DSP Report: operator mac_muladd_21s_12ns_32ns_32_4_1_U171/idct_mac_muladd_21s_12ns_32ns_32_4_1_DSP48_31_U/p is absorbed into DSP mac_muladd_21s_12ns_32ns_32_4_1_U171/idct_mac_muladd_21s_12ns_32ns_32_4_1_DSP48_31_U/p_reg_reg.
DSP Report: operator mac_muladd_21s_12ns_32ns_32_4_1_U171/idct_mac_muladd_21s_12ns_32ns_32_4_1_DSP48_31_U/m is absorbed into DSP mac_muladd_21s_12ns_32ns_32_4_1_U171/idct_mac_muladd_21s_12ns_32ns_32_4_1_DSP48_31_U/p_reg_reg.
DSP Report: Generating DSP am_addmul_21s_21s_13ns_32_4_1_U133/idct_am_addmul_21s_21s_13ns_32_4_1_DSP48_26_U/p_reg_reg, operation Mode is: ((D'+A2)*(B:0x1151)')'.
DSP Report: register workspace_57_reg_11387_reg is absorbed into DSP am_addmul_21s_21s_13ns_32_4_1_U133/idct_am_addmul_21s_21s_13ns_32_4_1_DSP48_26_U/p_reg_reg.
DSP Report: register workspace_81_reg_11451_reg is absorbed into DSP am_addmul_21s_21s_13ns_32_4_1_U133/idct_am_addmul_21s_21s_13ns_32_4_1_DSP48_26_U/p_reg_reg.
DSP Report: register am_addmul_16s_16s_13ns_30_4_1_U75/idct_am_addmul_16s_16s_13ns_30_4_1_DSP48_12_U/b_reg_reg is absorbed into DSP am_addmul_21s_21s_13ns_32_4_1_U133/idct_am_addmul_21s_21s_13ns_32_4_1_DSP48_26_U/p_reg_reg.
DSP Report: register am_addmul_21s_21s_13ns_32_4_1_U133/idct_am_addmul_21s_21s_13ns_32_4_1_DSP48_26_U/p_reg_reg is absorbed into DSP am_addmul_21s_21s_13ns_32_4_1_U133/idct_am_addmul_21s_21s_13ns_32_4_1_DSP48_26_U/p_reg_reg.
DSP Report: register am_addmul_21s_21s_13ns_32_4_1_U133/idct_am_addmul_21s_21s_13ns_32_4_1_DSP48_26_U/m_reg_reg is absorbed into DSP am_addmul_21s_21s_13ns_32_4_1_U133/idct_am_addmul_21s_21s_13ns_32_4_1_DSP48_26_U/p_reg_reg.
DSP Report: register am_addmul_21s_21s_13ns_32_4_1_U133/idct_am_addmul_21s_21s_13ns_32_4_1_DSP48_26_U/ad_reg_reg is absorbed into DSP am_addmul_21s_21s_13ns_32_4_1_U133/idct_am_addmul_21s_21s_13ns_32_4_1_DSP48_26_U/p_reg_reg.
DSP Report: operator am_addmul_21s_21s_13ns_32_4_1_U133/idct_am_addmul_21s_21s_13ns_32_4_1_DSP48_26_U/m is absorbed into DSP am_addmul_21s_21s_13ns_32_4_1_U133/idct_am_addmul_21s_21s_13ns_32_4_1_DSP48_26_U/p_reg_reg.
DSP Report: operator am_addmul_21s_21s_13ns_32_4_1_U133/idct_am_addmul_21s_21s_13ns_32_4_1_DSP48_26_U/ad is absorbed into DSP am_addmul_21s_21s_13ns_32_4_1_U133/idct_am_addmul_21s_21s_13ns_32_4_1_DSP48_26_U/p_reg_reg.
DSP Report: Generating DSP mac_muladd_21s_13ns_32s_32_4_1_U170/idct_mac_muladd_21s_13ns_32s_32_4_1_DSP48_30_U/p_reg_reg, operation Mode is: (PCIN+(A''*(B:0x187e)')')'.
DSP Report: register mac_muladd_21s_13ns_32s_32_4_1_U170/idct_mac_muladd_21s_13ns_32s_32_4_1_DSP48_30_U/b_reg_reg is absorbed into DSP mac_muladd_21s_13ns_32s_32_4_1_U170/idct_mac_muladd_21s_13ns_32s_32_4_1_DSP48_30_U/p_reg_reg.
DSP Report: register mac_muladd_21s_13ns_32s_32_4_1_U170/idct_mac_muladd_21s_13ns_32s_32_4_1_DSP48_30_U/p_reg_reg is absorbed into DSP mac_muladd_21s_13ns_32s_32_4_1_U170/idct_mac_muladd_21s_13ns_32s_32_4_1_DSP48_30_U/p_reg_reg.
DSP Report: register mac_muladd_21s_13ns_32s_32_4_1_U170/idct_mac_muladd_21s_13ns_32s_32_4_1_DSP48_30_U/p_reg_reg is absorbed into DSP mac_muladd_21s_13ns_32s_32_4_1_U170/idct_mac_muladd_21s_13ns_32s_32_4_1_DSP48_30_U/p_reg_reg.
DSP Report: register mac_muladd_21s_13ns_32s_32_4_1_U170/idct_mac_muladd_21s_13ns_32s_32_4_1_DSP48_30_U/p_reg_reg is absorbed into DSP mac_muladd_21s_13ns_32s_32_4_1_U170/idct_mac_muladd_21s_13ns_32s_32_4_1_DSP48_30_U/p_reg_reg.
DSP Report: register mac_muladd_21s_13ns_32s_32_4_1_U170/idct_mac_muladd_21s_13ns_32s_32_4_1_DSP48_30_U/m_reg_reg is absorbed into DSP mac_muladd_21s_13ns_32s_32_4_1_U170/idct_mac_muladd_21s_13ns_32s_32_4_1_DSP48_30_U/p_reg_reg.
DSP Report: operator mac_muladd_21s_13ns_32s_32_4_1_U170/idct_mac_muladd_21s_13ns_32s_32_4_1_DSP48_30_U/p is absorbed into DSP mac_muladd_21s_13ns_32s_32_4_1_U170/idct_mac_muladd_21s_13ns_32s_32_4_1_DSP48_30_U/p_reg_reg.
DSP Report: operator mac_muladd_21s_13ns_32s_32_4_1_U170/idct_mac_muladd_21s_13ns_32s_32_4_1_DSP48_30_U/m is absorbed into DSP mac_muladd_21s_13ns_32s_32_4_1_U170/idct_mac_muladd_21s_13ns_32s_32_4_1_DSP48_30_U/p_reg_reg.
DSP Report: Generating DSP am_addmul_21s_21s_16s_32_4_1_U109/idct_am_addmul_21s_21s_16s_32_4_1_DSP48_19_U/p_reg_reg, operation Mode is: ((D'+A2)*(B:0x3adfd)')'.
DSP Report: register workspace_65_reg_11201_reg is absorbed into DSP am_addmul_21s_21s_16s_32_4_1_U109/idct_am_addmul_21s_21s_16s_32_4_1_DSP48_19_U/p_reg_reg.
DSP Report: register workspace_73_reg_11235_reg is absorbed into DSP am_addmul_21s_21s_16s_32_4_1_U109/idct_am_addmul_21s_21s_16s_32_4_1_DSP48_19_U/p_reg_reg.
DSP Report: register am_addmul_16s_16s_16s_32_4_1_U27/idct_am_addmul_16s_16s_16s_32_4_1_DSP48_1_U/b_reg_reg is absorbed into DSP am_addmul_21s_21s_16s_32_4_1_U109/idct_am_addmul_21s_21s_16s_32_4_1_DSP48_19_U/p_reg_reg.
DSP Report: register am_addmul_21s_21s_16s_32_4_1_U109/idct_am_addmul_21s_21s_16s_32_4_1_DSP48_19_U/p_reg_reg is absorbed into DSP am_addmul_21s_21s_16s_32_4_1_U109/idct_am_addmul_21s_21s_16s_32_4_1_DSP48_19_U/p_reg_reg.
DSP Report: register am_addmul_21s_21s_16s_32_4_1_U109/idct_am_addmul_21s_21s_16s_32_4_1_DSP48_19_U/m_reg_reg is absorbed into DSP am_addmul_21s_21s_16s_32_4_1_U109/idct_am_addmul_21s_21s_16s_32_4_1_DSP48_19_U/p_reg_reg.
DSP Report: register am_addmul_21s_21s_16s_32_4_1_U109/idct_am_addmul_21s_21s_16s_32_4_1_DSP48_19_U/ad_reg_reg is absorbed into DSP am_addmul_21s_21s_16s_32_4_1_U109/idct_am_addmul_21s_21s_16s_32_4_1_DSP48_19_U/p_reg_reg.
DSP Report: operator am_addmul_21s_21s_16s_32_4_1_U109/idct_am_addmul_21s_21s_16s_32_4_1_DSP48_19_U/m is absorbed into DSP am_addmul_21s_21s_16s_32_4_1_U109/idct_am_addmul_21s_21s_16s_32_4_1_DSP48_19_U/p_reg_reg.
DSP Report: operator am_addmul_21s_21s_16s_32_4_1_U109/idct_am_addmul_21s_21s_16s_32_4_1_DSP48_19_U/ad is absorbed into DSP am_addmul_21s_21s_16s_32_4_1_U109/idct_am_addmul_21s_21s_16s_32_4_1_DSP48_19_U/p_reg_reg.
DSP Report: Generating DSP mac_muladd_22s_13s_32s_32_4_1_U144/idct_mac_muladd_22s_13s_32s_32_4_1_DSP48_28_U/p_reg_reg, operation Mode is: (C+(A''*(B:0x3f384)')')'.
DSP Report: register mac_muladd_22s_13s_32s_32_4_1_U144/idct_mac_muladd_22s_13s_32s_32_4_1_DSP48_28_U/p_reg_reg is absorbed into DSP mac_muladd_22s_13s_32s_32_4_1_U144/idct_mac_muladd_22s_13s_32s_32_4_1_DSP48_28_U/p_reg_reg.
DSP Report: register mac_muladd_22s_13s_32s_32_4_1_U144/idct_mac_muladd_22s_13s_32s_32_4_1_DSP48_28_U/p_reg_reg is absorbed into DSP mac_muladd_22s_13s_32s_32_4_1_U144/idct_mac_muladd_22s_13s_32s_32_4_1_DSP48_28_U/p_reg_reg.
DSP Report: register mac_muladd_17s_13s_32s_32_4_1_U36/idct_mac_muladd_17s_13s_32s_32_4_1_DSP48_9_U/b_reg_reg is absorbed into DSP mac_muladd_22s_13s_32s_32_4_1_U144/idct_mac_muladd_22s_13s_32s_32_4_1_DSP48_28_U/p_reg_reg.
DSP Report: register mac_muladd_22s_13s_32s_32_4_1_U144/idct_mac_muladd_22s_13s_32s_32_4_1_DSP48_28_U/p_reg_reg is absorbed into DSP mac_muladd_22s_13s_32s_32_4_1_U144/idct_mac_muladd_22s_13s_32s_32_4_1_DSP48_28_U/p_reg_reg.
DSP Report: register mac_muladd_22s_13s_32s_32_4_1_U144/idct_mac_muladd_22s_13s_32s_32_4_1_DSP48_28_U/m_reg_reg is absorbed into DSP mac_muladd_22s_13s_32s_32_4_1_U144/idct_mac_muladd_22s_13s_32s_32_4_1_DSP48_28_U/p_reg_reg.
DSP Report: operator mac_muladd_22s_13s_32s_32_4_1_U144/idct_mac_muladd_22s_13s_32s_32_4_1_DSP48_28_U/p is absorbed into DSP mac_muladd_22s_13s_32s_32_4_1_U144/idct_mac_muladd_22s_13s_32s_32_4_1_DSP48_28_U/p_reg_reg.
DSP Report: operator mac_muladd_22s_13s_32s_32_4_1_U144/idct_mac_muladd_22s_13s_32s_32_4_1_DSP48_28_U/m is absorbed into DSP mac_muladd_22s_13s_32s_32_4_1_U144/idct_mac_muladd_22s_13s_32s_32_4_1_DSP48_28_U/p_reg_reg.
DSP Report: Generating DSP mac_muladd_21s_15ns_32ns_32_4_1_U172/idct_mac_muladd_21s_15ns_32ns_32_4_1_DSP48_32_U/p_reg_reg, operation Mode is: (PCIN+(A''*(B:0x41b3)')')'.
DSP Report: register mac_muladd_21s_15ns_32ns_32_4_1_U172/idct_mac_muladd_21s_15ns_32ns_32_4_1_DSP48_32_U/b_reg_reg is absorbed into DSP mac_muladd_21s_15ns_32ns_32_4_1_U172/idct_mac_muladd_21s_15ns_32ns_32_4_1_DSP48_32_U/p_reg_reg.
DSP Report: register mac_muladd_21s_15ns_32ns_32_4_1_U172/idct_mac_muladd_21s_15ns_32ns_32_4_1_DSP48_32_U/p_reg_reg is absorbed into DSP mac_muladd_21s_15ns_32ns_32_4_1_U172/idct_mac_muladd_21s_15ns_32ns_32_4_1_DSP48_32_U/p_reg_reg.
DSP Report: register mac_muladd_21s_15ns_32ns_32_4_1_U172/idct_mac_muladd_21s_15ns_32ns_32_4_1_DSP48_32_U/p_reg_reg is absorbed into DSP mac_muladd_21s_15ns_32ns_32_4_1_U172/idct_mac_muladd_21s_15ns_32ns_32_4_1_DSP48_32_U/p_reg_reg.
DSP Report: register mac_muladd_21s_15ns_32ns_32_4_1_U172/idct_mac_muladd_21s_15ns_32ns_32_4_1_DSP48_32_U/p_reg_reg is absorbed into DSP mac_muladd_21s_15ns_32ns_32_4_1_U172/idct_mac_muladd_21s_15ns_32ns_32_4_1_DSP48_32_U/p_reg_reg.
DSP Report: register mac_muladd_21s_15ns_32ns_32_4_1_U172/idct_mac_muladd_21s_15ns_32ns_32_4_1_DSP48_32_U/m_reg_reg is absorbed into DSP mac_muladd_21s_15ns_32ns_32_4_1_U172/idct_mac_muladd_21s_15ns_32ns_32_4_1_DSP48_32_U/p_reg_reg.
DSP Report: operator mac_muladd_21s_15ns_32ns_32_4_1_U172/idct_mac_muladd_21s_15ns_32ns_32_4_1_DSP48_32_U/p is absorbed into DSP mac_muladd_21s_15ns_32ns_32_4_1_U172/idct_mac_muladd_21s_15ns_32ns_32_4_1_DSP48_32_U/p_reg_reg.
DSP Report: operator mac_muladd_21s_15ns_32ns_32_4_1_U172/idct_mac_muladd_21s_15ns_32ns_32_4_1_DSP48_32_U/m is absorbed into DSP mac_muladd_21s_15ns_32ns_32_4_1_U172/idct_mac_muladd_21s_15ns_32ns_32_4_1_DSP48_32_U/p_reg_reg.
DSP Report: Generating DSP mac_muladd_21s_15s_32s_32_4_1_U169/idct_mac_muladd_21s_15s_32s_32_4_1_DSP48_29_U/p_reg_reg, operation Mode is: (C+(A''*(B:0x3c4df)')')'.
DSP Report: register mac_muladd_21s_15s_32s_32_4_1_U169/idct_mac_muladd_21s_15s_32s_32_4_1_DSP48_29_U/p_reg_reg is absorbed into DSP mac_muladd_21s_15s_32s_32_4_1_U169/idct_mac_muladd_21s_15s_32s_32_4_1_DSP48_29_U/p_reg_reg.
DSP Report: register mac_muladd_21s_15s_32s_32_4_1_U169/idct_mac_muladd_21s_15s_32s_32_4_1_DSP48_29_U/p_reg_reg is absorbed into DSP mac_muladd_21s_15s_32s_32_4_1_U169/idct_mac_muladd_21s_15s_32s_32_4_1_DSP48_29_U/p_reg_reg.
DSP Report: register mac_muladd_21s_15s_32s_32_4_1_U169/idct_mac_muladd_21s_15s_32s_32_4_1_DSP48_29_U/b_reg_reg is absorbed into DSP mac_muladd_21s_15s_32s_32_4_1_U169/idct_mac_muladd_21s_15s_32s_32_4_1_DSP48_29_U/p_reg_reg.
DSP Report: register mac_muladd_21s_15s_32s_32_4_1_U169/idct_mac_muladd_21s_15s_32s_32_4_1_DSP48_29_U/p_reg_reg is absorbed into DSP mac_muladd_21s_15s_32s_32_4_1_U169/idct_mac_muladd_21s_15s_32s_32_4_1_DSP48_29_U/p_reg_reg.
DSP Report: register mac_muladd_21s_15s_32s_32_4_1_U169/idct_mac_muladd_21s_15s_32s_32_4_1_DSP48_29_U/m_reg_reg is absorbed into DSP mac_muladd_21s_15s_32s_32_4_1_U169/idct_mac_muladd_21s_15s_32s_32_4_1_DSP48_29_U/p_reg_reg.
DSP Report: operator mac_muladd_21s_15s_32s_32_4_1_U169/idct_mac_muladd_21s_15s_32s_32_4_1_DSP48_29_U/p is absorbed into DSP mac_muladd_21s_15s_32s_32_4_1_U169/idct_mac_muladd_21s_15s_32s_32_4_1_DSP48_29_U/p_reg_reg.
DSP Report: operator mac_muladd_21s_15s_32s_32_4_1_U169/idct_mac_muladd_21s_15s_32s_32_4_1_DSP48_29_U/m is absorbed into DSP mac_muladd_21s_15s_32s_32_4_1_U169/idct_mac_muladd_21s_15s_32s_32_4_1_DSP48_29_U/p_reg_reg.
DSP Report: Generating DSP mac_muladd_21s_15ns_32ns_32_4_1_U173/idct_mac_muladd_21s_15ns_32ns_32_4_1_DSP48_32_U/p_reg_reg, operation Mode is: (C+(A''*(B:0x6254)')')'.
DSP Report: register mac_muladd_21s_15ns_32ns_32_4_1_U173/idct_mac_muladd_21s_15ns_32ns_32_4_1_DSP48_32_U/p_reg_reg is absorbed into DSP mac_muladd_21s_15ns_32ns_32_4_1_U173/idct_mac_muladd_21s_15ns_32ns_32_4_1_DSP48_32_U/p_reg_reg.
DSP Report: register mac_muladd_21s_15ns_32ns_32_4_1_U173/idct_mac_muladd_21s_15ns_32ns_32_4_1_DSP48_32_U/p_reg_reg is absorbed into DSP mac_muladd_21s_15ns_32ns_32_4_1_U173/idct_mac_muladd_21s_15ns_32ns_32_4_1_DSP48_32_U/p_reg_reg.
DSP Report: register mac_muladd_21s_15ns_32ns_32_4_1_U173/idct_mac_muladd_21s_15ns_32ns_32_4_1_DSP48_32_U/b_reg_reg is absorbed into DSP mac_muladd_21s_15ns_32ns_32_4_1_U173/idct_mac_muladd_21s_15ns_32ns_32_4_1_DSP48_32_U/p_reg_reg.
DSP Report: register mac_muladd_21s_15ns_32ns_32_4_1_U173/idct_mac_muladd_21s_15ns_32ns_32_4_1_DSP48_32_U/p_reg_reg is absorbed into DSP mac_muladd_21s_15ns_32ns_32_4_1_U173/idct_mac_muladd_21s_15ns_32ns_32_4_1_DSP48_32_U/p_reg_reg.
DSP Report: register mac_muladd_21s_15ns_32ns_32_4_1_U173/idct_mac_muladd_21s_15ns_32ns_32_4_1_DSP48_32_U/m_reg_reg is absorbed into DSP mac_muladd_21s_15ns_32ns_32_4_1_U173/idct_mac_muladd_21s_15ns_32ns_32_4_1_DSP48_32_U/p_reg_reg.
DSP Report: operator mac_muladd_21s_15ns_32ns_32_4_1_U173/idct_mac_muladd_21s_15ns_32ns_32_4_1_DSP48_32_U/p is absorbed into DSP mac_muladd_21s_15ns_32ns_32_4_1_U173/idct_mac_muladd_21s_15ns_32ns_32_4_1_DSP48_32_U/p_reg_reg.
DSP Report: operator mac_muladd_21s_15ns_32ns_32_4_1_U173/idct_mac_muladd_21s_15ns_32ns_32_4_1_DSP48_32_U/m is absorbed into DSP mac_muladd_21s_15ns_32ns_32_4_1_U173/idct_mac_muladd_21s_15ns_32ns_32_4_1_DSP48_32_U/p_reg_reg.
DSP Report: Generating DSP mac_muladd_21s_14ns_32ns_32_4_1_U174/idct_mac_muladd_21s_14ns_32ns_32_4_1_DSP48_33_U/p_reg_reg, operation Mode is: (C+(A''*(B:0x300b)')')'.
DSP Report: register mac_muladd_21s_14ns_32ns_32_4_1_U174/idct_mac_muladd_21s_14ns_32ns_32_4_1_DSP48_33_U/p_reg_reg is absorbed into DSP mac_muladd_21s_14ns_32ns_32_4_1_U174/idct_mac_muladd_21s_14ns_32ns_32_4_1_DSP48_33_U/p_reg_reg.
DSP Report: register mac_muladd_21s_14ns_32ns_32_4_1_U174/idct_mac_muladd_21s_14ns_32ns_32_4_1_DSP48_33_U/p_reg_reg is absorbed into DSP mac_muladd_21s_14ns_32ns_32_4_1_U174/idct_mac_muladd_21s_14ns_32ns_32_4_1_DSP48_33_U/p_reg_reg.
DSP Report: register mac_muladd_21s_14ns_32ns_32_4_1_U174/idct_mac_muladd_21s_14ns_32ns_32_4_1_DSP48_33_U/b_reg_reg is absorbed into DSP mac_muladd_21s_14ns_32ns_32_4_1_U174/idct_mac_muladd_21s_14ns_32ns_32_4_1_DSP48_33_U/p_reg_reg.
DSP Report: register mac_muladd_21s_14ns_32ns_32_4_1_U174/idct_mac_muladd_21s_14ns_32ns_32_4_1_DSP48_33_U/p_reg_reg is absorbed into DSP mac_muladd_21s_14ns_32ns_32_4_1_U174/idct_mac_muladd_21s_14ns_32ns_32_4_1_DSP48_33_U/p_reg_reg.
DSP Report: register mac_muladd_21s_14ns_32ns_32_4_1_U174/idct_mac_muladd_21s_14ns_32ns_32_4_1_DSP48_33_U/m_reg_reg is absorbed into DSP mac_muladd_21s_14ns_32ns_32_4_1_U174/idct_mac_muladd_21s_14ns_32ns_32_4_1_DSP48_33_U/p_reg_reg.
DSP Report: operator mac_muladd_21s_14ns_32ns_32_4_1_U174/idct_mac_muladd_21s_14ns_32ns_32_4_1_DSP48_33_U/p is absorbed into DSP mac_muladd_21s_14ns_32ns_32_4_1_U174/idct_mac_muladd_21s_14ns_32ns_32_4_1_DSP48_33_U/p_reg_reg.
DSP Report: operator mac_muladd_21s_14ns_32ns_32_4_1_U174/idct_mac_muladd_21s_14ns_32ns_32_4_1_DSP48_33_U/m is absorbed into DSP mac_muladd_21s_14ns_32ns_32_4_1_U174/idct_mac_muladd_21s_14ns_32ns_32_4_1_DSP48_33_U/p_reg_reg.
DSP Report: Generating DSP am_addmul_21s_21s_14s_32_4_1_U94/idct_am_addmul_21s_21s_14s_32_4_1_DSP48_21_U/p_reg_reg, operation Mode is: ((D'+A2)*(B:0x3e333)')'.
DSP Report: register workspace_reg_10917_reg is absorbed into DSP am_addmul_21s_21s_14s_32_4_1_U94/idct_am_addmul_21s_21s_14s_32_4_1_DSP48_21_U/p_reg_reg.
DSP Report: register am_addmul_16s_16s_14s_31_4_1_U30/idct_am_addmul_16s_16s_14s_31_4_1_DSP48_3_U/b_reg_reg is absorbed into DSP am_addmul_21s_21s_14s_32_4_1_U94/idct_am_addmul_21s_21s_14s_32_4_1_DSP48_21_U/p_reg_reg.
DSP Report: register workspace_87_reg_11079_reg is absorbed into DSP am_addmul_21s_21s_14s_32_4_1_U94/idct_am_addmul_21s_21s_14s_32_4_1_DSP48_21_U/p_reg_reg.
DSP Report: register am_addmul_21s_21s_14s_32_4_1_U94/idct_am_addmul_21s_21s_14s_32_4_1_DSP48_21_U/p_reg_reg is absorbed into DSP am_addmul_21s_21s_14s_32_4_1_U94/idct_am_addmul_21s_21s_14s_32_4_1_DSP48_21_U/p_reg_reg.
DSP Report: register am_addmul_21s_21s_14s_32_4_1_U94/idct_am_addmul_21s_21s_14s_32_4_1_DSP48_21_U/m_reg_reg is absorbed into DSP am_addmul_21s_21s_14s_32_4_1_U94/idct_am_addmul_21s_21s_14s_32_4_1_DSP48_21_U/p_reg_reg.
DSP Report: register am_addmul_21s_21s_14s_32_4_1_U94/idct_am_addmul_21s_21s_14s_32_4_1_DSP48_21_U/ad_reg_reg is absorbed into DSP am_addmul_21s_21s_14s_32_4_1_U94/idct_am_addmul_21s_21s_14s_32_4_1_DSP48_21_U/p_reg_reg.
DSP Report: operator am_addmul_21s_21s_14s_32_4_1_U94/idct_am_addmul_21s_21s_14s_32_4_1_DSP48_21_U/m is absorbed into DSP am_addmul_21s_21s_14s_32_4_1_U94/idct_am_addmul_21s_21s_14s_32_4_1_DSP48_21_U/p_reg_reg.
DSP Report: operator am_addmul_21s_21s_14s_32_4_1_U94/idct_am_addmul_21s_21s_14s_32_4_1_DSP48_21_U/ad is absorbed into DSP am_addmul_21s_21s_14s_32_4_1_U94/idct_am_addmul_21s_21s_14s_32_4_1_DSP48_21_U/p_reg_reg.
DSP Report: Generating DSP am_addmul_22s_22s_14ns_32_4_1_U93/idct_am_addmul_22s_22s_14ns_32_4_1_DSP48_20_U/p_reg_reg, operation Mode is: ((D+A)*(B:0x25a1)')'.
DSP Report: register am_addmul_17s_17s_14ns_32_4_1_U29/idct_am_addmul_17s_17s_14ns_32_4_1_DSP48_2_U/b_reg_reg is absorbed into DSP am_addmul_22s_22s_14ns_32_4_1_U93/idct_am_addmul_22s_22s_14ns_32_4_1_DSP48_20_U/p_reg_reg.
DSP Report: register am_addmul_22s_22s_14ns_32_4_1_U93/idct_am_addmul_22s_22s_14ns_32_4_1_DSP48_20_U/p_reg_reg is absorbed into DSP am_addmul_22s_22s_14ns_32_4_1_U93/idct_am_addmul_22s_22s_14ns_32_4_1_DSP48_20_U/p_reg_reg.
DSP Report: register am_addmul_22s_22s_14ns_32_4_1_U93/idct_am_addmul_22s_22s_14ns_32_4_1_DSP48_20_U/m_reg_reg is absorbed into DSP am_addmul_22s_22s_14ns_32_4_1_U93/idct_am_addmul_22s_22s_14ns_32_4_1_DSP48_20_U/p_reg_reg.
DSP Report: register am_addmul_22s_22s_14ns_32_4_1_U93/idct_am_addmul_22s_22s_14ns_32_4_1_DSP48_20_U/ad_reg_reg is absorbed into DSP am_addmul_22s_22s_14ns_32_4_1_U93/idct_am_addmul_22s_22s_14ns_32_4_1_DSP48_20_U/p_reg_reg.
DSP Report: operator am_addmul_22s_22s_14ns_32_4_1_U93/idct_am_addmul_22s_22s_14ns_32_4_1_DSP48_20_U/m is absorbed into DSP am_addmul_22s_22s_14ns_32_4_1_U93/idct_am_addmul_22s_22s_14ns_32_4_1_DSP48_20_U/p_reg_reg.
DSP Report: operator am_addmul_22s_22s_14ns_32_4_1_U93/idct_am_addmul_22s_22s_14ns_32_4_1_DSP48_20_U/ad is absorbed into DSP am_addmul_22s_22s_14ns_32_4_1_U93/idct_am_addmul_22s_22s_14ns_32_4_1_DSP48_20_U/p_reg_reg.
DSP Report: Generating DSP mac_muladd_22s_15s_32s_32_4_1_U125/idct_mac_muladd_22s_15s_32s_32_4_1_DSP48_27_U/p_reg_reg, operation Mode is: (PCIN+(A''*(B:0x3c13b)')')'.
DSP Report: register mac_muladd_22s_15s_32s_32_4_1_U125/idct_mac_muladd_22s_15s_32s_32_4_1_DSP48_27_U/p_reg_reg is absorbed into DSP mac_muladd_22s_15s_32s_32_4_1_U125/idct_mac_muladd_22s_15s_32s_32_4_1_DSP48_27_U/p_reg_reg.
DSP Report: register mac_muladd_22s_15s_32s_32_4_1_U125/idct_mac_muladd_22s_15s_32s_32_4_1_DSP48_27_U/p_reg_reg is absorbed into DSP mac_muladd_22s_15s_32s_32_4_1_U125/idct_mac_muladd_22s_15s_32s_32_4_1_DSP48_27_U/p_reg_reg.
DSP Report: register mac_muladd_17s_15s_32s_32_4_1_U35/idct_mac_muladd_17s_15s_32s_32_4_1_DSP48_8_U/b_reg_reg is absorbed into DSP mac_muladd_22s_15s_32s_32_4_1_U125/idct_mac_muladd_22s_15s_32s_32_4_1_DSP48_27_U/p_reg_reg.
DSP Report: register mac_muladd_22s_15s_32s_32_4_1_U125/idct_mac_muladd_22s_15s_32s_32_4_1_DSP48_27_U/p_reg_reg is absorbed into DSP mac_muladd_22s_15s_32s_32_4_1_U125/idct_mac_muladd_22s_15s_32s_32_4_1_DSP48_27_U/p_reg_reg.
DSP Report: register mac_muladd_22s_15s_32s_32_4_1_U125/idct_mac_muladd_22s_15s_32s_32_4_1_DSP48_27_U/m_reg_reg is absorbed into DSP mac_muladd_22s_15s_32s_32_4_1_U125/idct_mac_muladd_22s_15s_32s_32_4_1_DSP48_27_U/p_reg_reg.
DSP Report: operator mac_muladd_22s_15s_32s_32_4_1_U125/idct_mac_muladd_22s_15s_32s_32_4_1_DSP48_27_U/p is absorbed into DSP mac_muladd_22s_15s_32s_32_4_1_U125/idct_mac_muladd_22s_15s_32s_32_4_1_DSP48_27_U/p_reg_reg.
DSP Report: operator mac_muladd_22s_15s_32s_32_4_1_U125/idct_mac_muladd_22s_15s_32s_32_4_1_DSP48_27_U/m is absorbed into DSP mac_muladd_22s_15s_32s_32_4_1_U125/idct_mac_muladd_22s_15s_32s_32_4_1_DSP48_27_U/p_reg_reg.
DSP Report: Generating DSP mac_muladd_21s_12ns_32ns_32_4_1_U139/idct_mac_muladd_21s_12ns_32ns_32_4_1_DSP48_31_U/p_reg_reg, operation Mode is: (PCIN+(A''*(B:0x98e)')')'.
DSP Report: register mac_muladd_16s_12ns_31s_31_4_1_U33/idct_mac_muladd_16s_12ns_31s_31_4_1_DSP48_6_U/b_reg_reg is absorbed into DSP mac_muladd_21s_12ns_32ns_32_4_1_U139/idct_mac_muladd_21s_12ns_32ns_32_4_1_DSP48_31_U/p_reg_reg.
DSP Report: register mac_muladd_21s_12ns_32ns_32_4_1_U139/idct_mac_muladd_21s_12ns_32ns_32_4_1_DSP48_31_U/p_reg_reg is absorbed into DSP mac_muladd_21s_12ns_32ns_32_4_1_U139/idct_mac_muladd_21s_12ns_32ns_32_4_1_DSP48_31_U/p_reg_reg.
DSP Report: register mac_muladd_21s_12ns_32ns_32_4_1_U139/idct_mac_muladd_21s_12ns_32ns_32_4_1_DSP48_31_U/p_reg_reg is absorbed into DSP mac_muladd_21s_12ns_32ns_32_4_1_U139/idct_mac_muladd_21s_12ns_32ns_32_4_1_DSP48_31_U/p_reg_reg.
DSP Report: register mac_muladd_21s_12ns_32ns_32_4_1_U139/idct_mac_muladd_21s_12ns_32ns_32_4_1_DSP48_31_U/p_reg_reg is absorbed into DSP mac_muladd_21s_12ns_32ns_32_4_1_U139/idct_mac_muladd_21s_12ns_32ns_32_4_1_DSP48_31_U/p_reg_reg.
DSP Report: register mac_muladd_21s_12ns_32ns_32_4_1_U139/idct_mac_muladd_21s_12ns_32ns_32_4_1_DSP48_31_U/m_reg_reg is absorbed into DSP mac_muladd_21s_12ns_32ns_32_4_1_U139/idct_mac_muladd_21s_12ns_32ns_32_4_1_DSP48_31_U/p_reg_reg.
DSP Report: operator mac_muladd_21s_12ns_32ns_32_4_1_U139/idct_mac_muladd_21s_12ns_32ns_32_4_1_DSP48_31_U/p is absorbed into DSP mac_muladd_21s_12ns_32ns_32_4_1_U139/idct_mac_muladd_21s_12ns_32ns_32_4_1_DSP48_31_U/p_reg_reg.
DSP Report: operator mac_muladd_21s_12ns_32ns_32_4_1_U139/idct_mac_muladd_21s_12ns_32ns_32_4_1_DSP48_31_U/m is absorbed into DSP mac_muladd_21s_12ns_32ns_32_4_1_U139/idct_mac_muladd_21s_12ns_32ns_32_4_1_DSP48_31_U/p_reg_reg.
DSP Report: Generating DSP am_addmul_21s_21s_13ns_32_4_1_U113/idct_am_addmul_21s_21s_13ns_32_4_1_DSP48_26_U/p_reg_reg, operation Mode is: ((D'+A2)*(B:0x1151)')'.
DSP Report: register workspace_55_reg_11177_reg is absorbed into DSP am_addmul_21s_21s_13ns_32_4_1_U113/idct_am_addmul_21s_21s_13ns_32_4_1_DSP48_26_U/p_reg_reg.
DSP Report: register workspace_79_reg_11279_reg is absorbed into DSP am_addmul_21s_21s_13ns_32_4_1_U113/idct_am_addmul_21s_21s_13ns_32_4_1_DSP48_26_U/p_reg_reg.
DSP Report: register am_addmul_16s_16s_13ns_30_4_1_U75/idct_am_addmul_16s_16s_13ns_30_4_1_DSP48_12_U/b_reg_reg is absorbed into DSP am_addmul_21s_21s_13ns_32_4_1_U113/idct_am_addmul_21s_21s_13ns_32_4_1_DSP48_26_U/p_reg_reg.
DSP Report: register am_addmul_21s_21s_13ns_32_4_1_U113/idct_am_addmul_21s_21s_13ns_32_4_1_DSP48_26_U/p_reg_reg is absorbed into DSP am_addmul_21s_21s_13ns_32_4_1_U113/idct_am_addmul_21s_21s_13ns_32_4_1_DSP48_26_U/p_reg_reg.
DSP Report: register am_addmul_21s_21s_13ns_32_4_1_U113/idct_am_addmul_21s_21s_13ns_32_4_1_DSP48_26_U/m_reg_reg is absorbed into DSP am_addmul_21s_21s_13ns_32_4_1_U113/idct_am_addmul_21s_21s_13ns_32_4_1_DSP48_26_U/p_reg_reg.
DSP Report: register am_addmul_21s_21s_13ns_32_4_1_U113/idct_am_addmul_21s_21s_13ns_32_4_1_DSP48_26_U/ad_reg_reg is absorbed into DSP am_addmul_21s_21s_13ns_32_4_1_U113/idct_am_addmul_21s_21s_13ns_32_4_1_DSP48_26_U/p_reg_reg.
DSP Report: operator am_addmul_21s_21s_13ns_32_4_1_U113/idct_am_addmul_21s_21s_13ns_32_4_1_DSP48_26_U/m is absorbed into DSP am_addmul_21s_21s_13ns_32_4_1_U113/idct_am_addmul_21s_21s_13ns_32_4_1_DSP48_26_U/p_reg_reg.
DSP Report: operator am_addmul_21s_21s_13ns_32_4_1_U113/idct_am_addmul_21s_21s_13ns_32_4_1_DSP48_26_U/ad is absorbed into DSP am_addmul_21s_21s_13ns_32_4_1_U113/idct_am_addmul_21s_21s_13ns_32_4_1_DSP48_26_U/p_reg_reg.
DSP Report: Generating DSP mac_muladd_21s_13ns_32s_32_4_1_U138/idct_mac_muladd_21s_13ns_32s_32_4_1_DSP48_30_U/p_reg_reg, operation Mode is: (PCIN+(A''*(B:0x187e)')')'.
DSP Report: register mac_muladd_16s_13ns_30ns_30_4_1_U38/idct_mac_muladd_16s_13ns_30ns_30_4_1_DSP48_5_U/b_reg_reg is absorbed into DSP mac_muladd_21s_13ns_32s_32_4_1_U138/idct_mac_muladd_21s_13ns_32s_32_4_1_DSP48_30_U/p_reg_reg.
DSP Report: register mac_muladd_21s_13ns_32s_32_4_1_U138/idct_mac_muladd_21s_13ns_32s_32_4_1_DSP48_30_U/p_reg_reg is absorbed into DSP mac_muladd_21s_13ns_32s_32_4_1_U138/idct_mac_muladd_21s_13ns_32s_32_4_1_DSP48_30_U/p_reg_reg.
DSP Report: register mac_muladd_21s_13ns_32s_32_4_1_U138/idct_mac_muladd_21s_13ns_32s_32_4_1_DSP48_30_U/p_reg_reg is absorbed into DSP mac_muladd_21s_13ns_32s_32_4_1_U138/idct_mac_muladd_21s_13ns_32s_32_4_1_DSP48_30_U/p_reg_reg.
DSP Report: register mac_muladd_21s_13ns_32s_32_4_1_U138/idct_mac_muladd_21s_13ns_32s_32_4_1_DSP48_30_U/p_reg_reg is absorbed into DSP mac_muladd_21s_13ns_32s_32_4_1_U138/idct_mac_muladd_21s_13ns_32s_32_4_1_DSP48_30_U/p_reg_reg.
DSP Report: register mac_muladd_21s_13ns_32s_32_4_1_U138/idct_mac_muladd_21s_13ns_32s_32_4_1_DSP48_30_U/m_reg_reg is absorbed into DSP mac_muladd_21s_13ns_32s_32_4_1_U138/idct_mac_muladd_21s_13ns_32s_32_4_1_DSP48_30_U/p_reg_reg.
DSP Report: operator mac_muladd_21s_13ns_32s_32_4_1_U138/idct_mac_muladd_21s_13ns_32s_32_4_1_DSP48_30_U/p is absorbed into DSP mac_muladd_21s_13ns_32s_32_4_1_U138/idct_mac_muladd_21s_13ns_32s_32_4_1_DSP48_30_U/p_reg_reg.
DSP Report: operator mac_muladd_21s_13ns_32s_32_4_1_U138/idct_mac_muladd_21s_13ns_32s_32_4_1_DSP48_30_U/m is absorbed into DSP mac_muladd_21s_13ns_32s_32_4_1_U138/idct_mac_muladd_21s_13ns_32s_32_4_1_DSP48_30_U/p_reg_reg.
DSP Report: Generating DSP am_addmul_21s_21s_16s_32_4_1_U89/idct_am_addmul_21s_21s_16s_32_4_1_DSP48_19_U/p_reg_reg, operation Mode is: ((D'+A2)*(B:0x3adfd)')'.
DSP Report: register workspace_63_reg_10981_reg is absorbed into DSP am_addmul_21s_21s_16s_32_4_1_U89/idct_am_addmul_21s_21s_16s_32_4_1_DSP48_19_U/p_reg_reg.
DSP Report: register workspace_71_reg_11015_reg is absorbed into DSP am_addmul_21s_21s_16s_32_4_1_U89/idct_am_addmul_21s_21s_16s_32_4_1_DSP48_19_U/p_reg_reg.
DSP Report: register am_addmul_16s_16s_16s_32_4_1_U27/idct_am_addmul_16s_16s_16s_32_4_1_DSP48_1_U/b_reg_reg is absorbed into DSP am_addmul_21s_21s_16s_32_4_1_U89/idct_am_addmul_21s_21s_16s_32_4_1_DSP48_19_U/p_reg_reg.
DSP Report: register am_addmul_21s_21s_16s_32_4_1_U89/idct_am_addmul_21s_21s_16s_32_4_1_DSP48_19_U/p_reg_reg is absorbed into DSP am_addmul_21s_21s_16s_32_4_1_U89/idct_am_addmul_21s_21s_16s_32_4_1_DSP48_19_U/p_reg_reg.
DSP Report: register am_addmul_21s_21s_16s_32_4_1_U89/idct_am_addmul_21s_21s_16s_32_4_1_DSP48_19_U/m_reg_reg is absorbed into DSP am_addmul_21s_21s_16s_32_4_1_U89/idct_am_addmul_21s_21s_16s_32_4_1_DSP48_19_U/p_reg_reg.
DSP Report: register am_addmul_21s_21s_16s_32_4_1_U89/idct_am_addmul_21s_21s_16s_32_4_1_DSP48_19_U/ad_reg_reg is absorbed into DSP am_addmul_21s_21s_16s_32_4_1_U89/idct_am_addmul_21s_21s_16s_32_4_1_DSP48_19_U/p_reg_reg.
DSP Report: operator am_addmul_21s_21s_16s_32_4_1_U89/idct_am_addmul_21s_21s_16s_32_4_1_DSP48_19_U/m is absorbed into DSP am_addmul_21s_21s_16s_32_4_1_U89/idct_am_addmul_21s_21s_16s_32_4_1_DSP48_19_U/p_reg_reg.
DSP Report: operator am_addmul_21s_21s_16s_32_4_1_U89/idct_am_addmul_21s_21s_16s_32_4_1_DSP48_19_U/ad is absorbed into DSP am_addmul_21s_21s_16s_32_4_1_U89/idct_am_addmul_21s_21s_16s_32_4_1_DSP48_19_U/p_reg_reg.
DSP Report: Generating DSP mac_muladd_22s_13s_32s_32_4_1_U126/idct_mac_muladd_22s_13s_32s_32_4_1_DSP48_28_U/p_reg_reg, operation Mode is: (C+(A''*(B:0x3f384)')')'.
DSP Report: register mac_muladd_22s_13s_32s_32_4_1_U126/idct_mac_muladd_22s_13s_32s_32_4_1_DSP48_28_U/p_reg_reg is absorbed into DSP mac_muladd_22s_13s_32s_32_4_1_U126/idct_mac_muladd_22s_13s_32s_32_4_1_DSP48_28_U/p_reg_reg.
DSP Report: register mac_muladd_22s_13s_32s_32_4_1_U126/idct_mac_muladd_22s_13s_32s_32_4_1_DSP48_28_U/p_reg_reg is absorbed into DSP mac_muladd_22s_13s_32s_32_4_1_U126/idct_mac_muladd_22s_13s_32s_32_4_1_DSP48_28_U/p_reg_reg.
DSP Report: register mac_muladd_17s_13s_32s_32_4_1_U36/idct_mac_muladd_17s_13s_32s_32_4_1_DSP48_9_U/b_reg_reg is absorbed into DSP mac_muladd_22s_13s_32s_32_4_1_U126/idct_mac_muladd_22s_13s_32s_32_4_1_DSP48_28_U/p_reg_reg.
DSP Report: register mac_muladd_22s_13s_32s_32_4_1_U126/idct_mac_muladd_22s_13s_32s_32_4_1_DSP48_28_U/p_reg_reg is absorbed into DSP mac_muladd_22s_13s_32s_32_4_1_U126/idct_mac_muladd_22s_13s_32s_32_4_1_DSP48_28_U/p_reg_reg.
DSP Report: register mac_muladd_22s_13s_32s_32_4_1_U126/idct_mac_muladd_22s_13s_32s_32_4_1_DSP48_28_U/m_reg_reg is absorbed into DSP mac_muladd_22s_13s_32s_32_4_1_U126/idct_mac_muladd_22s_13s_32s_32_4_1_DSP48_28_U/p_reg_reg.
DSP Report: operator mac_muladd_22s_13s_32s_32_4_1_U126/idct_mac_muladd_22s_13s_32s_32_4_1_DSP48_28_U/p is absorbed into DSP mac_muladd_22s_13s_32s_32_4_1_U126/idct_mac_muladd_22s_13s_32s_32_4_1_DSP48_28_U/p_reg_reg.
DSP Report: operator mac_muladd_22s_13s_32s_32_4_1_U126/idct_mac_muladd_22s_13s_32s_32_4_1_DSP48_28_U/m is absorbed into DSP mac_muladd_22s_13s_32s_32_4_1_U126/idct_mac_muladd_22s_13s_32s_32_4_1_DSP48_28_U/p_reg_reg.
DSP Report: Generating DSP mac_muladd_21s_15ns_32ns_32_4_1_U140/idct_mac_muladd_21s_15ns_32ns_32_4_1_DSP48_32_U/p_reg_reg, operation Mode is: (PCIN+(A''*(B:0x41b3)')')'.
DSP Report: register mac_muladd_16s_15ns_32s_32_4_1_U53/idct_mac_muladd_16s_15ns_32s_32_4_1_DSP48_10_U/b_reg_reg is absorbed into DSP mac_muladd_21s_15ns_32ns_32_4_1_U140/idct_mac_muladd_21s_15ns_32ns_32_4_1_DSP48_32_U/p_reg_reg.
DSP Report: register mac_muladd_21s_15ns_32ns_32_4_1_U140/idct_mac_muladd_21s_15ns_32ns_32_4_1_DSP48_32_U/p_reg_reg is absorbed into DSP mac_muladd_21s_15ns_32ns_32_4_1_U140/idct_mac_muladd_21s_15ns_32ns_32_4_1_DSP48_32_U/p_reg_reg.
DSP Report: register mac_muladd_21s_15ns_32ns_32_4_1_U140/idct_mac_muladd_21s_15ns_32ns_32_4_1_DSP48_32_U/p_reg_reg is absorbed into DSP mac_muladd_21s_15ns_32ns_32_4_1_U140/idct_mac_muladd_21s_15ns_32ns_32_4_1_DSP48_32_U/p_reg_reg.
DSP Report: register mac_muladd_21s_15ns_32ns_32_4_1_U140/idct_mac_muladd_21s_15ns_32ns_32_4_1_DSP48_32_U/p_reg_reg is absorbed into DSP mac_muladd_21s_15ns_32ns_32_4_1_U140/idct_mac_muladd_21s_15ns_32ns_32_4_1_DSP48_32_U/p_reg_reg.
DSP Report: register mac_muladd_21s_15ns_32ns_32_4_1_U140/idct_mac_muladd_21s_15ns_32ns_32_4_1_DSP48_32_U/m_reg_reg is absorbed into DSP mac_muladd_21s_15ns_32ns_32_4_1_U140/idct_mac_muladd_21s_15ns_32ns_32_4_1_DSP48_32_U/p_reg_reg.
DSP Report: operator mac_muladd_21s_15ns_32ns_32_4_1_U140/idct_mac_muladd_21s_15ns_32ns_32_4_1_DSP48_32_U/p is absorbed into DSP mac_muladd_21s_15ns_32ns_32_4_1_U140/idct_mac_muladd_21s_15ns_32ns_32_4_1_DSP48_32_U/p_reg_reg.
DSP Report: operator mac_muladd_21s_15ns_32ns_32_4_1_U140/idct_mac_muladd_21s_15ns_32ns_32_4_1_DSP48_32_U/m is absorbed into DSP mac_muladd_21s_15ns_32ns_32_4_1_U140/idct_mac_muladd_21s_15ns_32ns_32_4_1_DSP48_32_U/p_reg_reg.
DSP Report: Generating DSP mac_muladd_21s_15s_32s_32_4_1_U137/idct_mac_muladd_21s_15s_32s_32_4_1_DSP48_29_U/p_reg_reg, operation Mode is: (C+(A''*(B:0x3c4df)')')'.
DSP Report: register mac_muladd_16s_15s_31s_31_4_1_U37/idct_mac_muladd_16s_15s_31s_31_4_1_DSP48_4_U/b_reg_reg is absorbed into DSP mac_muladd_21s_15s_32s_32_4_1_U137/idct_mac_muladd_21s_15s_32s_32_4_1_DSP48_29_U/p_reg_reg.
DSP Report: register mac_muladd_21s_15s_32s_32_4_1_U137/idct_mac_muladd_21s_15s_32s_32_4_1_DSP48_29_U/p_reg_reg is absorbed into DSP mac_muladd_21s_15s_32s_32_4_1_U137/idct_mac_muladd_21s_15s_32s_32_4_1_DSP48_29_U/p_reg_reg.
DSP Report: register mac_muladd_21s_15s_32s_32_4_1_U137/idct_mac_muladd_21s_15s_32s_32_4_1_DSP48_29_U/p_reg_reg is absorbed into DSP mac_muladd_21s_15s_32s_32_4_1_U137/idct_mac_muladd_21s_15s_32s_32_4_1_DSP48_29_U/p_reg_reg.
DSP Report: register mac_muladd_21s_15s_32s_32_4_1_U137/idct_mac_muladd_21s_15s_32s_32_4_1_DSP48_29_U/p_reg_reg is absorbed into DSP mac_muladd_21s_15s_32s_32_4_1_U137/idct_mac_muladd_21s_15s_32s_32_4_1_DSP48_29_U/p_reg_reg.
DSP Report: register mac_muladd_21s_15s_32s_32_4_1_U137/idct_mac_muladd_21s_15s_32s_32_4_1_DSP48_29_U/m_reg_reg is absorbed into DSP mac_muladd_21s_15s_32s_32_4_1_U137/idct_mac_muladd_21s_15s_32s_32_4_1_DSP48_29_U/p_reg_reg.
DSP Report: operator mac_muladd_21s_15s_32s_32_4_1_U137/idct_mac_muladd_21s_15s_32s_32_4_1_DSP48_29_U/p is absorbed into DSP mac_muladd_21s_15s_32s_32_4_1_U137/idct_mac_muladd_21s_15s_32s_32_4_1_DSP48_29_U/p_reg_reg.
DSP Report: operator mac_muladd_21s_15s_32s_32_4_1_U137/idct_mac_muladd_21s_15s_32s_32_4_1_DSP48_29_U/m is absorbed into DSP mac_muladd_21s_15s_32s_32_4_1_U137/idct_mac_muladd_21s_15s_32s_32_4_1_DSP48_29_U/p_reg_reg.
DSP Report: Generating DSP mac_muladd_21s_15ns_32ns_32_4_1_U141/idct_mac_muladd_21s_15ns_32ns_32_4_1_DSP48_32_U/p_reg_reg, operation Mode is: (C+(A''*(B:0x6254)')')'.
DSP Report: register mac_muladd_16s_15ns_32s_32_4_1_U54/idct_mac_muladd_16s_15ns_32s_32_4_1_DSP48_10_U/b_reg_reg is absorbed into DSP mac_muladd_21s_15ns_32ns_32_4_1_U141/idct_mac_muladd_21s_15ns_32ns_32_4_1_DSP48_32_U/p_reg_reg.
DSP Report: register mac_muladd_21s_15ns_32ns_32_4_1_U141/idct_mac_muladd_21s_15ns_32ns_32_4_1_DSP48_32_U/p_reg_reg is absorbed into DSP mac_muladd_21s_15ns_32ns_32_4_1_U141/idct_mac_muladd_21s_15ns_32ns_32_4_1_DSP48_32_U/p_reg_reg.
DSP Report: register mac_muladd_21s_15ns_32ns_32_4_1_U141/idct_mac_muladd_21s_15ns_32ns_32_4_1_DSP48_32_U/p_reg_reg is absorbed into DSP mac_muladd_21s_15ns_32ns_32_4_1_U141/idct_mac_muladd_21s_15ns_32ns_32_4_1_DSP48_32_U/p_reg_reg.
DSP Report: register mac_muladd_21s_15ns_32ns_32_4_1_U141/idct_mac_muladd_21s_15ns_32ns_32_4_1_DSP48_32_U/p_reg_reg is absorbed into DSP mac_muladd_21s_15ns_32ns_32_4_1_U141/idct_mac_muladd_21s_15ns_32ns_32_4_1_DSP48_32_U/p_reg_reg.
DSP Report: register mac_muladd_21s_15ns_32ns_32_4_1_U141/idct_mac_muladd_21s_15ns_32ns_32_4_1_DSP48_32_U/m_reg_reg is absorbed into DSP mac_muladd_21s_15ns_32ns_32_4_1_U141/idct_mac_muladd_21s_15ns_32ns_32_4_1_DSP48_32_U/p_reg_reg.
DSP Report: operator mac_muladd_21s_15ns_32ns_32_4_1_U141/idct_mac_muladd_21s_15ns_32ns_32_4_1_DSP48_32_U/p is absorbed into DSP mac_muladd_21s_15ns_32ns_32_4_1_U141/idct_mac_muladd_21s_15ns_32ns_32_4_1_DSP48_32_U/p_reg_reg.
DSP Report: operator mac_muladd_21s_15ns_32ns_32_4_1_U141/idct_mac_muladd_21s_15ns_32ns_32_4_1_DSP48_32_U/m is absorbed into DSP mac_muladd_21s_15ns_32ns_32_4_1_U141/idct_mac_muladd_21s_15ns_32ns_32_4_1_DSP48_32_U/p_reg_reg.
DSP Report: Generating DSP mac_muladd_21s_14ns_32ns_32_4_1_U142/idct_mac_muladd_21s_14ns_32ns_32_4_1_DSP48_33_U/p_reg_reg, operation Mode is: (C+(A''*(B:0x300b)')')'.
DSP Report: register mac_muladd_16s_14ns_31s_31_4_1_U34/idct_mac_muladd_16s_14ns_31s_31_4_1_DSP48_7_U/b_reg_reg is absorbed into DSP mac_muladd_21s_14ns_32ns_32_4_1_U142/idct_mac_muladd_21s_14ns_32ns_32_4_1_DSP48_33_U/p_reg_reg.
DSP Report: register mac_muladd_21s_14ns_32ns_32_4_1_U142/idct_mac_muladd_21s_14ns_32ns_32_4_1_DSP48_33_U/p_reg_reg is absorbed into DSP mac_muladd_21s_14ns_32ns_32_4_1_U142/idct_mac_muladd_21s_14ns_32ns_32_4_1_DSP48_33_U/p_reg_reg.
DSP Report: register mac_muladd_21s_14ns_32ns_32_4_1_U142/idct_mac_muladd_21s_14ns_32ns_32_4_1_DSP48_33_U/p_reg_reg is absorbed into DSP mac_muladd_21s_14ns_32ns_32_4_1_U142/idct_mac_muladd_21s_14ns_32ns_32_4_1_DSP48_33_U/p_reg_reg.
DSP Report: register mac_muladd_21s_14ns_32ns_32_4_1_U142/idct_mac_muladd_21s_14ns_32ns_32_4_1_DSP48_33_U/p_reg_reg is absorbed into DSP mac_muladd_21s_14ns_32ns_32_4_1_U142/idct_mac_muladd_21s_14ns_32ns_32_4_1_DSP48_33_U/p_reg_reg.
DSP Report: register mac_muladd_21s_14ns_32ns_32_4_1_U142/idct_mac_muladd_21s_14ns_32ns_32_4_1_DSP48_33_U/m_reg_reg is absorbed into DSP mac_muladd_21s_14ns_32ns_32_4_1_U142/idct_mac_muladd_21s_14ns_32ns_32_4_1_DSP48_33_U/p_reg_reg.
DSP Report: operator mac_muladd_21s_14ns_32ns_32_4_1_U142/idct_mac_muladd_21s_14ns_32ns_32_4_1_DSP48_33_U/p is absorbed into DSP mac_muladd_21s_14ns_32ns_32_4_1_U142/idct_mac_muladd_21s_14ns_32ns_32_4_1_DSP48_33_U/p_reg_reg.
DSP Report: operator mac_muladd_21s_14ns_32ns_32_4_1_U142/idct_mac_muladd_21s_14ns_32ns_32_4_1_DSP48_33_U/m is absorbed into DSP mac_muladd_21s_14ns_32ns_32_4_1_U142/idct_mac_muladd_21s_14ns_32ns_32_4_1_DSP48_33_U/p_reg_reg.
---------------------------------------------------------------------------------
Finished Cross Boundary and Area Optimization : Time (s): cpu = 00:00:47 ; elapsed = 00:00:48 . Memory (MB): peak = 1434.785 ; gain = 155.934
---------------------------------------------------------------------------------
---------------------------------------------------------------------------------
Start ROM, RAM, DSP, Shift Register and Retiming Reporting
---------------------------------------------------------------------------------

DSP: Preliminary Mapping Report (see note below. The ' indicates corresponding REG is set)
+----------------------------------------------+--------------------------------+--------+--------+--------+--------+--------+------+------+------+------+-------+------+------+
|Module Name                                   | DSP Mapping                    | A Size | B Size | C Size | D Size | P Size | AREG | BREG | CREG | DREG | ADREG | MREG | PREG | 
+----------------------------------------------+--------------------------------+--------+--------+--------+--------+--------+------+------+------+------+-------+------+------+
|idct_am_addmul_16s_16s_14s_31_4_1_DSP48_3     | ((D'+A)*(B:0x3e333)')'         | 16     | 18     | -      | 16     | 36     | 0    | 1    | -    | 1    | 1     | 1    | 1    | 
|idct_Block_entry687_proc1                     | (PCIN+((A:0x300b)'*B'')')'     | 18     | 17     | -      | -      | 31     | 1    | 2    | -    | -    | -     | 1    | 1    | 
|idct_am_addmul_17s_17s_14ns_32_4_1_DSP48_2    | ((D+A)*(B:0x25a1)')'           | 17     | 18     | -      | 17     | 37     | 0    | 1    | -    | 0    | 1     | 1    | 1    | 
|idct_Block_entry687_proc1                     | (PCIN+(A''*(B:0x3f384)')')'    | 18     | 18     | -      | -      | 32     | 2    | 1    | -    | -    | -     | 1    | 1    | 
|idct_Block_entry687_proc1                     | ((D'+A2)*(B:0x1151)')'         | 16     | 18     | -      | 16     | 36     | 1    | 1    | -    | 1    | 1     | 1    | 1    | 
|idct_Block_entry687_proc1                     | (C+((A:0x187e)'*B'')')'        | 17     | 18     | 30     | -      | 30     | 2    | 1    | 0    | -    | -     | 1    | 1    | 
|idct_Block_entry687_proc1                     | ((D'+A2)*(B:0x3e333)')'        | 16     | 18     | -      | 16     | 36     | 1    | 1    | -    | 1    | 1     | 1    | 1    | 
|idct_Block_entry687_proc1                     | (PCIN+((A:0x300b)'*B'')')'     | 18     | 17     | -      | -      | 31     | 1    | 2    | -    | -    | -     | 1    | 1    | 
|idct_am_addmul_17s_17s_14ns_32_4_1_DSP48_2    | ((D+A)*(B:0x25a1)')'           | 17     | 18     | -      | 17     | 37     | 0    | 1    | -    | 0    | 1     | 1    | 1    | 
|idct_mac_muladd_17s_13s_32s_32_4_1_DSP48_9    | (PCIN+(A''*(B:0x3f384)')')'    | 18     | 18     | -      | -      | 32     | 2    | 1    | -    | -    | -     | 1    | 1    | 
|idct_Block_entry687_proc1                     | ((D'+A2)*(B:0x1151)')'         | 16     | 18     | -      | 16     | 36     | 1    | 1    | -    | 1    | 1     | 1    | 1    | 
|idct_Block_entry687_proc1                     | (C+((A:0x187e)'*B'')')'        | 17     | 18     | 30     | -      | 30     | 2    | 1    | 0    | -    | -     | 1    | 1    | 
|idct_Block_entry687_proc1                     | ((D'+A2)*(B:0x3e333)')'        | 21     | 18     | -      | 21     | 41     | 1    | 1    | -    | 1    | 1     | 1    | 1    | 
|idct_Block_entry687_proc1                     | ((D'+A2)*(B:0x3e333)')'        | 16     | 18     | -      | 16     | 36     | 1    | 1    | -    | 1    | 1     | 1    | 1    | 
|idct_Block_entry687_proc1                     | (PCIN+((A:0x300b)'*B'')')'     | 18     | 17     | -      | -      | 31     | 1    | 2    | -    | -    | -     | 1    | 1    | 
|idct_am_addmul_17s_17s_14ns_32_4_1_DSP48_2    | ((D+A)*(B:0x25a1)')'           | 17     | 18     | -      | 17     | 37     | 0    | 1    | -    | 0    | 1     | 1    | 1    | 
|idct_Block_entry687_proc1                     | (PCIN+(A''*(B:0x3f384)')')'    | 18     | 18     | -      | -      | 32     | 2    | 1    | -    | -    | -     | 1    | 1    | 
|idct_Block_entry687_proc1                     | ((D'+A2)*(B:0x1151)')'         | 16     | 18     | -      | 16     | 36     | 1    | 1    | -    | 1    | 1     | 1    | 1    | 
|idct_Block_entry687_proc1                     | (C+((A:0x187e)'*B'')')'        | 17     | 18     | 30     | -      | 30     | 2    | 1    | 0    | -    | -     | 1    | 1    | 
|idct_Block_entry687_proc1                     | ((D'+A2)*(B:0x3e333)')'        | 16     | 18     | -      | 16     | 36     | 1    | 1    | -    | 1    | 1     | 1    | 1    | 
|idct_Block_entry687_proc1                     | (PCIN+((A:0x300b)'*B'')')'     | 18     | 17     | -      | -      | 31     | 1    | 2    | -    | -    | -     | 1    | 1    | 
|idct_am_addmul_17s_17s_14ns_32_4_1_DSP48_2    | ((D+A)*(B:0x25a1)')'           | 17     | 18     | -      | 17     | 37     | 0    | 1    | -    | 0    | 1     | 1    | 1    | 
|idct_Block_entry687_proc1                     | (PCIN+(A''*(B:0x3f384)')')'    | 18     | 18     | -      | -      | 32     | 2    | 1    | -    | -    | -     | 1    | 1    | 
|idct_Block_entry687_proc1                     | ((D'+A2)*(B:0x1151)')'         | 16     | 18     | -      | 16     | 36     | 1    | 1    | -    | 1    | 1     | 1    | 1    | 
|idct_Block_entry687_proc1                     | (C+((A:0x187e)'*B'')')'        | 17     | 18     | 30     | -      | 30     | 2    | 1    | 0    | -    | -     | 1    | 1    | 
|idct_am_addmul_17s_17s_14ns_32_4_1_DSP48_2    | ((D+A)*(B:0x25a1)')'           | 22     | 18     | -      | 22     | 42     | 0    | 1    | -    | 0    | 1     | 1    | 1    | 
|idct_mac_muladd_17s_15s_32s_32_4_1_DSP48_8    | (PCIN+(A''*(B:0x3c13b)')')'    | 23     | 18     | -      | -      | 32     | 2    | 1    | -    | -    | -     | 1    | 1    | 
|idct_mac_muladd_16s_12ns_31s_31_4_1_DSP48_6   | (PCIN+(A''*(B:0x98e)')')'      | 22     | 18     | -      | -      | 32     | 2    | 1    | -    | -    | -     | 1    | 1    | 
|idct_Block_entry687_proc1                     | ((D'+A2)*(B:0x3e333)')'        | 16     | 18     | -      | 16     | 36     | 1    | 1    | -    | 1    | 1     | 1    | 1    | 
|idct_Block_entry687_proc1                     | (PCIN+((A:0x300b)'*B'')')'     | 18     | 17     | -      | -      | 31     | 1    | 2    | -    | -    | -     | 1    | 1    | 
|idct_am_addmul_17s_17s_14ns_32_4_1_DSP48_2    | ((D+A)*(B:0x25a1)')'           | 17     | 18     | -      | 17     | 37     | 0    | 1    | -    | 0    | 1     | 1    | 1    | 
|idct_Block_entry687_proc1                     | (PCIN+(A''*(B:0x3f384)')')'    | 18     | 18     | -      | -      | 32     | 2    | 1    | -    | -    | -     | 1    | 1    | 
|idct_Block_entry687_proc1                     | ((D'+A2)*(B:0x1151)')'         | 16     | 18     | -      | 16     | 36     | 1    | 1    | -    | 1    | 1     | 1    | 1    | 
|idct_Block_entry687_proc1                     | (C+((A:0x187e)'*B'')')'        | 17     | 18     | 30     | -      | 30     | 2    | 1    | 0    | -    | -     | 1    | 1    | 
|idct_Block_entry687_proc1                     | ((D'+A2)*(B:0x3e333)')'        | 16     | 18     | -      | 16     | 36     | 1    | 1    | -    | 1    | 1     | 1    | 1    | 
|idct_Block_entry687_proc1                     | (PCIN+((A:0x300b)'*B'')')'     | 18     | 17     | -      | -      | 31     | 1    | 2    | -    | -    | -     | 1    | 1    | 
|idct_am_addmul_17s_17s_14ns_32_4_1_DSP48_2    | ((D+A)*(B:0x25a1)')'           | 17     | 18     | -      | 17     | 37     | 0    | 1    | -    | 0    | 1     | 1    | 1    | 
|idct_Block_entry687_proc1                     | (PCIN+(A''*(B:0x3f384)')')'    | 18     | 18     | -      | -      | 32     | 2    | 1    | -    | -    | -     | 1    | 1    | 
|idct_Block_entry687_proc1                     | ((D'+A2)*(B:0x1151)')'         | 16     | 18     | -      | 16     | 36     | 1    | 1    | -    | 1    | 1     | 1    | 1    | 
|idct_Block_entry687_proc1                     | (C+((A:0x187e)'*B'')')'        | 17     | 18     | 30     | -      | 30     | 2    | 1    | 0    | -    | -     | 1    | 1    | 
|idct_Block_entry687_proc1                     | ((D'+A2)*(B:0x1151)')'         | 21     | 18     | -      | 21     | 41     | 1    | 1    | -    | 1    | 1     | 1    | 1    | 
|idct_mac_muladd_16s_13ns_30ns_30_4_1_DSP48_5  | (PCIN+(A''*(B:0x187e)')')'     | 22     | 18     | -      | -      | 32     | 2    | 1    | -    | -    | -     | 1    | 1    | 
|idct_Block_entry687_proc1                     | ((D'+A2)*(B:0x1151)')'         | 16     | 18     | -      | 16     | 36     | 1    | 1    | -    | 1    | 1     | 1    | 1    | 
|idct_Block_entry687_proc1                     | (PCIN+((A:0x187e)'*B'')')'     | 18     | 17     | -      | -      | 30     | 1    | 2    | -    | -    | -     | 1    | 1    | 
|idct_Block_entry687_proc1                     | ((D'+A2)*(B:0x3e333)')'        | 16     | 18     | -      | 16     | 36     | 1    | 1    | -    | 1    | 1     | 1    | 1    | 
|idct_am_addmul_17s_17s_14ns_32_4_1_DSP48_2    | ((D+A)*(B:0x25a1)')'           | 17     | 18     | -      | 17     | 37     | 0    | 1    | -    | 0    | 1     | 1    | 1    | 
|idct_Block_entry687_proc1                     | (PCIN+(A''*(B:0x3f384)')')'    | 18     | 18     | -      | -      | 30     | 2    | 1    | -    | -    | -     | 1    | 1    | 
|idct_Block_entry687_proc1                     | (PCIN+((A:0x300b)'*B'')')'     | 18     | 17     | -      | -      | 30     | 1    | 2    | -    | -    | -     | 1    | 1    | 
|idct_Block_entry687_proc1                     | ((D'+A2)*(B:0x1151)')'         | 16     | 18     | -      | 16     | 36     | 1    | 1    | -    | 1    | 1     | 1    | 1    | 
|idct_Block_entry687_proc1                     | (PCIN+((A:0x187e)'*B'')')'     | 18     | 17     | -      | -      | 30     | 1    | 2    | -    | -    | -     | 1    | 1    | 
|idct_Block_entry687_proc1                     | ((D'+A2)*(B:0x3e333)')'        | 16     | 18     | -      | 16     | 36     | 1    | 1    | -    | 1    | 1     | 1    | 1    | 
|idct_am_addmul_17s_17s_14ns_32_4_1_DSP48_2    | ((D+A)*(B:0x25a1)')'           | 17     | 18     | -      | 17     | 37     | 0    | 1    | -    | 0    | 1     | 1    | 1    | 
|idct_mac_muladd_17s_13s_32s_32_4_1_DSP48_9    | (PCIN+(A''*(B:0x3f384)')')'    | 18     | 18     | -      | -      | 30     | 2    | 1    | -    | -    | -     | 1    | 1    | 
|idct_Block_entry687_proc1                     | (PCIN+((A:0x300b)'*B'')')'     | 18     | 17     | -      | -      | 30     | 1    | 2    | -    | -    | -     | 1    | 1    | 
|idct_Block_entry687_proc1                     | ((D'+A2)*(B:0x3adfd)')'        | 21     | 18     | -      | 21     | 41     | 1    | 1    | -    | 1    | 1     | 1    | 1    | 
|idct_mac_muladd_17s_13s_32s_32_4_1_DSP48_9    | (C+(A''*(B:0x3f384)')')'       | 23     | 18     | 32     | -      | 32     | 2    | 1    | 0    | -    | -     | 1    | 1    | 
|idct_mac_muladd_16s_15ns_32s_32_4_1_DSP48_10  | (PCIN+(A''*(B:0x41b3)')')'     | 22     | 18     | -      | -      | 32     | 2    | 1    | -    | -    | -     | 1    | 1    | 
|idct_mac_muladd_16s_15s_31s_31_4_1_DSP48_4    | (C+(A''*(B:0x3c4df)')')'       | 22     | 18     | 32     | -      | 32     | 2    | 1    | 0    | -    | -     | 1    | 1    | 
|idct_mac_muladd_16s_15ns_32s_32_4_1_DSP48_10  | (C+(A''*(B:0x6254)')')'        | 22     | 18     | 32     | -      | 32     | 2    | 1    | 0    | -    | -     | 1    | 1    | 
|idct_mac_muladd_16s_14ns_31s_31_4_1_DSP48_7   | (C+(A''*(B:0x300b)')')'        | 22     | 18     | 32     | -      | 32     | 2    | 1    | 0    | -    | -     | 1    | 1    | 
|idct_Block_entry687_proc1                     | (PCIN+((A:0x3fffc4df)'*B'')')' | 18     | 17     | -      | -      | 31     | 1    | 2    | -    | -    | -     | 1    | 1    | 
|idct_Block_entry687_proc1                     | ((D'+A2)*(B:0x3adfd)')'        | 16     | 18     | -      | 16     | 36     | 1    | 1    | -    | 1    | 1     | 1    | 1    | 
|idct_Block_entry687_proc1                     | (C+(A''*(B:0x3c13b)')')'       | 18     | 18     | 32     | -      | 32     | 2    | 1    | 0    | -    | -     | 1    | 1    | 
|idct_Block_entry687_proc1                     | (PCIN+((A:0x6254)'*B'')')'     | 18     | 17     | -      | -      | 32     | 1    | 2    | -    | -    | -     | 1    | 1    | 
|idct_Block_entry687_proc1                     | (PCIN+((A:0x3fffc4df)'*B'')')' | 18     | 17     | -      | -      | 31     | 1    | 2    | -    | -    | -     | 1    | 1    | 
|idct_Block_entry687_proc1                     | ((D'+A2)*(B:0x3adfd)')'        | 16     | 18     | -      | 16     | 36     | 1    | 1    | -    | 1    | 1     | 1    | 1    | 
|idct_mac_muladd_17s_15s_32s_32_4_1_DSP48_8    | (C+(A''*(B:0x3c13b)')')'       | 18     | 18     | 32     | -      | 32     | 2    | 1    | 0    | -    | -     | 1    | 1    | 
|idct_Block_entry687_proc1                     | (PCIN+((A:0x6254)'*B'')')'     | 18     | 17     | -      | -      | 32     | 1    | 2    | -    | -    | -     | 1    | 1    | 
|idct_Block_entry687_proc1                     | ((D'+A2)*(B:0x3e333)')'        | 21     | 18     | -      | 21     | 41     | 1    | 1    | -    | 1    | 1     | 1    | 1    | 
|idct_Block_entry687_proc1                     | (PCIN+((A:0x3fffc4df)'*B'')')' | 18     | 17     | -      | -      | 31     | 1    | 2    | -    | -    | -     | 1    | 1    | 
|idct_Block_entry687_proc1                     | ((D'+A2)*(B:0x3adfd)')'        | 16     | 18     | -      | 16     | 36     | 1    | 1    | -    | 1    | 1     | 1    | 1    | 
|idct_Block_entry687_proc1                     | (C+(A''*(B:0x3c13b)')')'       | 18     | 18     | 32     | -      | 32     | 2    | 1    | 0    | -    | -     | 1    | 1    | 
|idct_Block_entry687_proc1                     | (PCIN+((A:0x6254)'*B'')')'     | 18     | 17     | -      | -      | 32     | 1    | 2    | -    | -    | -     | 1    | 1    | 
|idct_Block_entry687_proc1                     | (PCIN+((A:0x3fffc4df)'*B'')')' | 18     | 17     | -      | -      | 31     | 1    | 2    | -    | -    | -     | 1    | 1    | 
|idct_Block_entry687_proc1                     | ((D'+A2)*(B:0x3adfd)')'        | 16     | 18     | -      | 16     | 36     | 1    | 1    | -    | 1    | 1     | 1    | 1    | 
|idct_Block_entry687_proc1                     | (C+(A''*(B:0x3c13b)')')'       | 18     | 18     | 32     | -      | 32     | 2    | 1    | 0    | -    | -     | 1    | 1    | 
|idct_Block_entry687_proc1                     | (PCIN+((A:0x6254)'*B'')')'     | 18     | 17     | -      | -      | 32     | 1    | 2    | -    | -    | -     | 1    | 1    | 
|idct_am_addmul_17s_17s_14ns_32_4_1_DSP48_2    | ((D+A)*(B:0x25a1)')'           | 22     | 18     | -      | 22     | 42     | 0    | 1    | -    | 0    | 1     | 1    | 1    | 
|idct_Block_entry687_proc1                     | (PCIN+(A''*(B:0x3c13b)')')'    | 23     | 18     | -      | -      | 32     | 2    | 1    | -    | -    | -     | 1    | 1    | 
|idct_mac_muladd_21s_12ns_32ns_32_4_1_DSP48_31 | (PCIN+(A''*(B:0x98e)')')'      | 22     | 18     | -      | -      | 32     | 2    | 1    | -    | -    | -     | 1    | 1    | 
|idct_Block_entry687_proc1                     | (PCIN+((A:0x3fffc4df)'*B'')')' | 18     | 17     | -      | -      | 31     | 1    | 2    | -    | -    | -     | 1    | 1    | 
|idct_Block_entry687_proc1                     | ((D'+A2)*(B:0x3adfd)')'        | 16     | 18     | -      | 16     | 36     | 1    | 1    | -    | 1    | 1     | 1    | 1    | 
|idct_Block_entry687_proc1                     | (C+(A''*(B:0x3c13b)')')'       | 18     | 18     | 32     | -      | 32     | 2    | 1    | 0    | -    | -     | 1    | 1    | 
|idct_Block_entry687_proc1                     | (PCIN+((A:0x6254)'*B'')')'     | 18     | 17     | -      | -      | 32     | 1    | 2    | -    | -    | -     | 1    | 1    | 
|idct_Block_entry687_proc1                     | (PCIN+((A:0x3fffc4df)'*B'')')' | 18     | 17     | -      | -      | 31     | 1    | 2    | -    | -    | -     | 1    | 1    | 
|idct_Block_entry687_proc1                     | ((D'+A2)*(B:0x3adfd)')'        | 16     | 18     | -      | 16     | 36     | 1    | 1    | -    | 1    | 1     | 1    | 1    | 
|idct_Block_entry687_proc1                     | (C+(A''*(B:0x3c13b)')')'       | 18     | 18     | 32     | -      | 32     | 2    | 1    | 0    | -    | -     | 1    | 1    | 
|idct_Block_entry687_proc1                     | (PCIN+((A:0x6254)'*B'')')'     | 18     | 17     | -      | -      | 32     | 1    | 2    | -    | -    | -     | 1    | 1    | 
|idct_Block_entry687_proc1                     | ((D'+A2)*(B:0x1151)')'         | 21     | 18     | -      | 21     | 41     | 1    | 1    | -    | 1    | 1     | 1    | 1    | 
|idct_mac_muladd_21s_13ns_32s_32_4_1_DSP48_30  | (PCIN+(A''*(B:0x187e)')')'     | 22     | 18     | -      | -      | 32     | 2    | 1    | -    | -    | -     | 1    | 1    | 
|idct_Block_entry687_proc1                     | (C+((A:0x3fffc4df)'*B'')')'    | 17     | 18     | 30     | -      | 30     | 2    | 1    | 0    | -    | -     | 1    | 1    | 
|idct_Block_entry687_proc1                     | ((D'+A2)*(B:0x3adfd)')'        | 16     | 18     | -      | 16     | 36     | 1    | 1    | -    | 1    | 1     | 1    | 1    | 
|idct_Block_entry687_proc1                     | (C+(A''*(B:0x3c13b)')')'       | 18     | 18     | 30     | -      | 30     | 2    | 1    | 0    | -    | -     | 1    | 1    | 
|idct_Block_entry687_proc1                     | (PCIN+((A:0x6254)'*B'')')'     | 18     | 17     | -      | -      | 30     | 1    | 2    | -    | -    | -     | 1    | 1    | 
|idct_Block_entry687_proc1                     | (C+((A:0x3fffc4df)'*B'')')'    | 17     | 18     | 30     | -      | 30     | 2    | 1    | 0    | -    | -     | 1    | 1    | 
|idct_Block_entry687_proc1                     | ((D'+A2)*(B:0x3adfd)')'        | 16     | 18     | -      | 16     | 36     | 1    | 1    | -    | 1    | 1     | 1    | 1    | 
|idct_Block_entry687_proc1                     | (C+(A''*(B:0x3c13b)')')'       | 18     | 18     | 30     | -      | 30     | 2    | 1    | 0    | -    | -     | 1    | 1    | 
|idct_Block_entry687_proc1                     | (PCIN+((A:0x6254)'*B'')')'     | 18     | 17     | -      | -      | 30     | 1    | 2    | -    | -    | -     | 1    | 1    | 
|idct_Block_entry687_proc1                     | ((D'+A2)*(B:0x3adfd)')'        | 21     | 18     | -      | 21     | 41     | 1    | 1    | -    | 1    | 1     | 1    | 1    | 
|idct_Block_entry687_proc1                     | (C+(A''*(B:0x3f384)')')'       | 23     | 18     | 32     | -      | 32     | 2    | 1    | 0    | -    | -     | 1    | 1    | 
|idct_mac_muladd_21s_15ns_32ns_32_4_1_DSP48_32 | (PCIN+(A''*(B:0x41b3)')')'     | 22     | 18     | -      | -      | 32     | 2    | 1    | -    | -    | -     | 1    | 1    | 
|idct_mac_muladd_21s_15s_32s_32_4_1_DSP48_29   | (C+(A''*(B:0x3c4df)')')'       | 22     | 18     | 32     | -      | 32     | 2    | 1    | 0    | -    | -     | 1    | 1    | 
|idct_mac_muladd_21s_15ns_32ns_32_4_1_DSP48_32 | (C+(A''*(B:0x6254)')')'        | 22     | 18     | 32     | -      | 32     | 2    | 1    | 0    | -    | -     | 1    | 1    | 
|idct_mac_muladd_21s_14ns_32ns_32_4_1_DSP48_33 | (C+(A''*(B:0x300b)')')'        | 22     | 18     | 32     | -      | 32     | 2    | 1    | 0    | -    | -     | 1    | 1    | 
|idct_Block_entry687_proc1                     | (PCIN+((A:0x41b3)'*B'')')'     | 18     | 17     | -      | -      | 32     | 1    | 2    | -    | -    | -     | 1    | 1    | 
|idct_Block_entry687_proc1                     | (PCIN+((A:0x41b3)'*B'')')'     | 18     | 17     | -      | -      | 32     | 1    | 2    | -    | -    | -     | 1    | 1    | 
|idct_Block_entry687_proc1                     | ((D'+A2)*(B:0x3e333)')'        | 21     | 18     | -      | 21     | 41     | 1    | 1    | -    | 1    | 1     | 1    | 1    | 
|idct_Block_entry687_proc1                     | (PCIN+((A:0x41b3)'*B'')')'     | 18     | 17     | -      | -      | 32     | 1    | 2    | -    | -    | -     | 1    | 1    | 
|idct_Block_entry687_proc1                     | (PCIN+((A:0x41b3)'*B'')')'     | 18     | 17     | -      | -      | 32     | 1    | 2    | -    | -    | -     | 1    | 1    | 
|idct_am_addmul_17s_17s_14ns_32_4_1_DSP48_2    | ((D+A)*(B:0x25a1)')'           | 22     | 18     | -      | 22     | 42     | 0    | 1    | -    | 0    | 1     | 1    | 1    | 
|idct_Block_entry687_proc1                     | (PCIN+(A''*(B:0x3c13b)')')'    | 23     | 18     | -      | -      | 32     | 2    | 1    | -    | -    | -     | 1    | 1    | 
|idct_mac_muladd_21s_12ns_32ns_32_4_1_DSP48_31 | (PCIN+(A''*(B:0x98e)')')'      | 22     | 18     | -      | -      | 32     | 2    | 1    | -    | -    | -     | 1    | 1    | 
|idct_Block_entry687_proc1                     | (PCIN+((A:0x41b3)'*B'')')'     | 18     | 17     | -      | -      | 32     | 1    | 2    | -    | -    | -     | 1    | 1    | 
|idct_Block_entry687_proc1                     | (PCIN+((A:0x41b3)'*B'')')'     | 18     | 17     | -      | -      | 32     | 1    | 2    | -    | -    | -     | 1    | 1    | 
|idct_Block_entry687_proc1                     | ((D'+A2)*(B:0x1151)')'         | 21     | 18     | -      | 21     | 41     | 1    | 1    | -    | 1    | 1     | 1    | 1    | 
|idct_mac_muladd_21s_13ns_32s_32_4_1_DSP48_30  | (PCIN+(A''*(B:0x187e)')')'     | 22     | 18     | -      | -      | 32     | 2    | 1    | -    | -    | -     | 1    | 1    | 
|idct_Block_entry687_proc1                     | (C+((A:0x41b3)'*B'')')'        | 17     | 18     | 30     | -      | 30     | 2    | 1    | 0    | -    | -     | 1    | 1    | 
|idct_Block_entry687_proc1                     | (C+((A:0x41b3)'*B'')')'        | 17     | 18     | 30     | -      | 30     | 2    | 1    | 0    | -    | -     | 1    | 1    | 
|idct_Block_entry687_proc1                     | ((D'+A2)*(B:0x3adfd)')'        | 21     | 18     | -      | 21     | 41     | 1    | 1    | -    | 1    | 1     | 1    | 1    | 
|idct_Block_entry687_proc1                     | (C+(A''*(B:0x3f384)')')'       | 23     | 18     | 32     | -      | 32     | 2    | 1    | 0    | -    | -     | 1    | 1    | 
|idct_mac_muladd_21s_15ns_32ns_32_4_1_DSP48_32 | (PCIN+(A''*(B:0x41b3)')')'     | 22     | 18     | -      | -      | 32     | 2    | 1    | -    | -    | -     | 1    | 1    | 
|idct_mac_muladd_21s_15s_32s_32_4_1_DSP48_29   | (C+(A''*(B:0x3c4df)')')'       | 22     | 18     | 32     | -      | 32     | 2    | 1    | 0    | -    | -     | 1    | 1    | 
|idct_mac_muladd_21s_15ns_32ns_32_4_1_DSP48_32 | (C+(A''*(B:0x6254)')')'        | 22     | 18     | 32     | -      | 32     | 2    | 1    | 0    | -    | -     | 1    | 1    | 
|idct_mac_muladd_21s_14ns_32ns_32_4_1_DSP48_33 | (C+(A''*(B:0x300b)')')'        | 22     | 18     | 32     | -      | 32     | 2    | 1    | 0    | -    | -     | 1    | 1    | 
|idct_Block_entry687_proc1                     | (C+((A:0x98e)'*B'')')'         | 17     | 18     | 31     | -      | 31     | 2    | 1    | 0    | -    | -     | 1    | 1    | 
|idct_Block_entry687_proc1                     | (C+((A:0x98e)'*B'')')'         | 17     | 18     | 31     | -      | 31     | 2    | 1    | 0    | -    | -     | 1    | 1    | 
|idct_Block_entry687_proc1                     | ((D'+A2)*(B:0x3e333)')'        | 21     | 18     | -      | 21     | 41     | 1    | 1    | -    | 1    | 1     | 1    | 1    | 
|idct_Block_entry687_proc1                     | (C+((A:0x98e)'*B'')')'         | 17     | 18     | 31     | -      | 31     | 2    | 1    | 0    | -    | -     | 1    | 1    | 
|idct_Block_entry687_proc1                     | (C+((A:0x98e)'*B'')')'         | 17     | 18     | 31     | -      | 31     | 2    | 1    | 0    | -    | -     | 1    | 1    | 
|idct_am_addmul_17s_17s_14ns_32_4_1_DSP48_2    | ((D+A)*(B:0x25a1)')'           | 22     | 18     | -      | 22     | 42     | 0    | 1    | -    | 0    | 1     | 1    | 1    | 
|idct_Block_entry687_proc1                     | (PCIN+(A''*(B:0x3c13b)')')'    | 23     | 18     | -      | -      | 32     | 2    | 1    | -    | -    | -     | 1    | 1    | 
|idct_mac_muladd_16s_12ns_31s_31_4_1_DSP48_6   | (PCIN+(A''*(B:0x98e)')')'      | 22     | 18     | -      | -      | 32     | 2    | 1    | -    | -    | -     | 1    | 1    | 
|idct_Block_entry687_proc1                     | (C+((A:0x98e)'*B'')')'         | 17     | 18     | 31     | -      | 31     | 2    | 1    | 0    | -    | -     | 1    | 1    | 
|idct_Block_entry687_proc1                     | (C+((A:0x98e)'*B'')')'         | 17     | 18     | 31     | -      | 31     | 2    | 1    | 0    | -    | -     | 1    | 1    | 
|idct_Block_entry687_proc1                     | ((D'+A2)*(B:0x1151)')'         | 21     | 18     | -      | 21     | 41     | 1    | 1    | -    | 1    | 1     | 1    | 1    | 
|idct_mac_muladd_16s_13ns_30ns_30_4_1_DSP48_5  | (PCIN+(A''*(B:0x187e)')')'     | 22     | 18     | -      | -      | 32     | 2    | 1    | -    | -    | -     | 1    | 1    | 
|idct_Block_entry687_proc1                     | (C+((A:0x98e)'*B'')')'         | 17     | 18     | 30     | -      | 30     | 2    | 1    | 0    | -    | -     | 1    | 1    | 
|idct_Block_entry687_proc1                     | (C+((A:0x98e)'*B'')')'         | 17     | 18     | 30     | -      | 30     | 2    | 1    | 0    | -    | -     | 1    | 1    | 
|idct_Block_entry687_proc1                     | ((D'+A2)*(B:0x3adfd)')'        | 21     | 18     | -      | 21     | 41     | 1    | 1    | -    | 1    | 1     | 1    | 1    | 
|idct_Block_entry687_proc1                     | (C+(A''*(B:0x3f384)')')'       | 23     | 18     | 32     | -      | 32     | 2    | 1    | 0    | -    | -     | 1    | 1    | 
|idct_mac_muladd_16s_15ns_32s_32_4_1_DSP48_10  | (PCIN+(A''*(B:0x41b3)')')'     | 22     | 18     | -      | -      | 32     | 2    | 1    | -    | -    | -     | 1    | 1    | 
|idct_mac_muladd_16s_15s_31s_31_4_1_DSP48_4    | (C+(A''*(B:0x3c4df)')')'       | 22     | 18     | 32     | -      | 32     | 2    | 1    | 0    | -    | -     | 1    | 1    | 
|idct_mac_muladd_16s_15ns_32s_32_4_1_DSP48_10  | (C+(A''*(B:0x6254)')')'        | 22     | 18     | 32     | -      | 32     | 2    | 1    | 0    | -    | -     | 1    | 1    | 
|idct_mac_muladd_16s_14ns_31s_31_4_1_DSP48_7   | (C+(A''*(B:0x300b)')')'        | 22     | 18     | 32     | -      | 32     | 2    | 1    | 0    | -    | -     | 1    | 1    | 
|idct_Block_entry687_proc1                     | ((D'+A2)*(B:0x3e333)')'        | 21     | 18     | -      | 21     | 41     | 1    | 1    | -    | 1    | 1     | 1    | 1    | 
|idct_am_addmul_17s_17s_14ns_32_4_1_DSP48_2    | ((D+A)*(B:0x25a1)')'           | 22     | 18     | -      | 22     | 42     | 0    | 1    | -    | 0    | 1     | 1    | 1    | 
|idct_Block_entry687_proc1                     | (PCIN+(A''*(B:0x3c13b)')')'    | 23     | 18     | -      | -      | 32     | 2    | 1    | -    | -    | -     | 1    | 1    | 
|idct_mac_muladd_16s_12ns_31s_31_4_1_DSP48_6   | (PCIN+(A''*(B:0x98e)')')'      | 22     | 18     | -      | -      | 32     | 2    | 1    | -    | -    | -     | 1    | 1    | 
|idct_Block_entry687_proc1                     | ((D'+A2)*(B:0x1151)')'         | 21     | 18     | -      | 21     | 41     | 1    | 1    | -    | 1    | 1     | 1    | 1    | 
|idct_mac_muladd_16s_13ns_30ns_30_4_1_DSP48_5  | (PCIN+(A''*(B:0x187e)')')'     | 22     | 18     | -      | -      | 32     | 2    | 1    | -    | -    | -     | 1    | 1    | 
|idct_Block_entry687_proc1                     | ((D'+A2)*(B:0x3adfd)')'        | 21     | 18     | -      | 21     | 41     | 1    | 1    | -    | 1    | 1     | 1    | 1    | 
|idct_Block_entry687_proc1                     | (C+(A''*(B:0x3f384)')')'       | 23     | 18     | 32     | -      | 32     | 2    | 1    | 0    | -    | -     | 1    | 1    | 
|idct_mac_muladd_16s_15ns_32s_32_4_1_DSP48_10  | (PCIN+(A''*(B:0x41b3)')')'     | 22     | 18     | -      | -      | 32     | 2    | 1    | -    | -    | -     | 1    | 1    | 
|idct_mac_muladd_16s_15s_31s_31_4_1_DSP48_4    | (C+(A''*(B:0x3c4df)')')'       | 22     | 18     | 32     | -      | 32     | 2    | 1    | 0    | -    | -     | 1    | 1    | 
|idct_mac_muladd_16s_15ns_32s_32_4_1_DSP48_10  | (C+(A''*(B:0x6254)')')'        | 22     | 18     | 32     | -      | 32     | 2    | 1    | 0    | -    | -     | 1    | 1    | 
|idct_mac_muladd_16s_14ns_31s_31_4_1_DSP48_7   | (C+(A''*(B:0x300b)')')'        | 22     | 18     | 32     | -      | 32     | 2    | 1    | 0    | -    | -     | 1    | 1    | 
|idct_Block_entry687_proc1                     | ((D'+A2)*(B:0x3e333)')'        | 21     | 18     | -      | 21     | 41     | 1    | 1    | -    | 1    | 1     | 1    | 1    | 
|idct_am_addmul_17s_17s_14ns_32_4_1_DSP48_2    | ((D+A)*(B:0x25a1)')'           | 22     | 18     | -      | 22     | 42     | 0    | 1    | -    | 0    | 1     | 1    | 1    | 
|idct_Block_entry687_proc1                     | (PCIN+(A''*(B:0x3c13b)')')'    | 23     | 18     | -      | -      | 32     | 2    | 1    | -    | -    | -     | 1    | 1    | 
|idct_mac_muladd_21s_12ns_32ns_32_4_1_DSP48_31 | (PCIN+(A''*(B:0x98e)')')'      | 22     | 18     | -      | -      | 32     | 2    | 1    | -    | -    | -     | 1    | 1    | 
|idct_Block_entry687_proc1                     | ((D'+A2)*(B:0x1151)')'         | 21     | 18     | -      | 21     | 41     | 1    | 1    | -    | 1    | 1     | 1    | 1    | 
|idct_mac_muladd_21s_13ns_32s_32_4_1_DSP48_30  | (PCIN+(A''*(B:0x187e)')')'     | 22     | 18     | -      | -      | 32     | 2    | 1    | -    | -    | -     | 1    | 1    | 
|idct_Block_entry687_proc1                     | ((D'+A2)*(B:0x3adfd)')'        | 21     | 18     | -      | 21     | 41     | 1    | 1    | -    | 1    | 1     | 1    | 1    | 
|idct_Block_entry687_proc1                     | (C+(A''*(B:0x3f384)')')'       | 23     | 18     | 32     | -      | 32     | 2    | 1    | 0    | -    | -     | 1    | 1    | 
|idct_mac_muladd_21s_15ns_32ns_32_4_1_DSP48_32 | (PCIN+(A''*(B:0x41b3)')')'     | 22     | 18     | -      | -      | 32     | 2    | 1    | -    | -    | -     | 1    | 1    | 
|idct_Block_entry687_proc1                     | (C+(A''*(B:0x3c4df)')')'       | 22     | 18     | 32     | -      | 32     | 2    | 1    | 0    | -    | -     | 1    | 1    | 
|idct_Block_entry687_proc1                     | (C+(A''*(B:0x6254)')')'        | 22     | 18     | 32     | -      | 32     | 2    | 1    | 0    | -    | -     | 1    | 1    | 
|idct_Block_entry687_proc1                     | (C+(A''*(B:0x300b)')')'        | 22     | 18     | 32     | -      | 32     | 2    | 1    | 0    | -    | -     | 1    | 1    | 
|idct_Block_entry687_proc1                     | ((D'+A2)*(B:0x3e333)')'        | 21     | 18     | -      | 21     | 41     | 1    | 1    | -    | 1    | 1     | 1    | 1    | 
|idct_am_addmul_17s_17s_14ns_32_4_1_DSP48_2    | ((D+A)*(B:0x25a1)')'           | 22     | 18     | -      | 22     | 42     | 0    | 1    | -    | 0    | 1     | 1    | 1    | 
|idct_Block_entry687_proc1                     | (PCIN+(A''*(B:0x3c13b)')')'    | 23     | 18     | -      | -      | 32     | 2    | 1    | -    | -    | -     | 1    | 1    | 
|idct_mac_muladd_21s_12ns_32ns_32_4_1_DSP48_31 | (PCIN+(A''*(B:0x98e)')')'      | 22     | 18     | -      | -      | 32     | 2    | 1    | -    | -    | -     | 1    | 1    | 
|idct_Block_entry687_proc1                     | ((D'+A2)*(B:0x1151)')'         | 21     | 18     | -      | 21     | 41     | 1    | 1    | -    | 1    | 1     | 1    | 1    | 
|idct_mac_muladd_21s_13ns_32s_32_4_1_DSP48_30  | (PCIN+(A''*(B:0x187e)')')'     | 22     | 18     | -      | -      | 32     | 2    | 1    | -    | -    | -     | 1    | 1    | 
|idct_Block_entry687_proc1                     | ((D'+A2)*(B:0x3adfd)')'        | 21     | 18     | -      | 21     | 41     | 1    | 1    | -    | 1    | 1     | 1    | 1    | 
|idct_Block_entry687_proc1                     | (C+(A''*(B:0x3f384)')')'       | 23     | 18     | 32     | -      | 32     | 2    | 1    | 0    | -    | -     | 1    | 1    | 
|idct_mac_muladd_21s_15ns_32ns_32_4_1_DSP48_32 | (PCIN+(A''*(B:0x41b3)')')'     | 22     | 18     | -      | -      | 32     | 2    | 1    | -    | -    | -     | 1    | 1    | 
|idct_Block_entry687_proc1                     | (C+(A''*(B:0x3c4df)')')'       | 22     | 18     | 32     | -      | 32     | 2    | 1    | 0    | -    | -     | 1    | 1    | 
|idct_Block_entry687_proc1                     | (C+(A''*(B:0x6254)')')'        | 22     | 18     | 32     | -      | 32     | 2    | 1    | 0    | -    | -     | 1    | 1    | 
|idct_Block_entry687_proc1                     | (C+(A''*(B:0x300b)')')'        | 22     | 18     | 32     | -      | 32     | 2    | 1    | 0    | -    | -     | 1    | 1    | 
|idct_Block_entry687_proc1                     | ((D'+A2)*(B:0x3e333)')'        | 21     | 18     | -      | 21     | 41     | 1    | 1    | -    | 1    | 1     | 1    | 1    | 
|idct_am_addmul_17s_17s_14ns_32_4_1_DSP48_2    | ((D+A)*(B:0x25a1)')'           | 22     | 18     | -      | 22     | 42     | 0    | 1    | -    | 0    | 1     | 1    | 1    | 
|idct_Block_entry687_proc1                     | (PCIN+(A''*(B:0x3c13b)')')'    | 23     | 18     | -      | -      | 32     | 2    | 1    | -    | -    | -     | 1    | 1    | 
|idct_mac_muladd_16s_12ns_31s_31_4_1_DSP48_6   | (PCIN+(A''*(B:0x98e)')')'      | 22     | 18     | -      | -      | 32     | 2    | 1    | -    | -    | -     | 1    | 1    | 
|idct_Block_entry687_proc1                     | ((D'+A2)*(B:0x1151)')'         | 21     | 18     | -      | 21     | 41     | 1    | 1    | -    | 1    | 1     | 1    | 1    | 
|idct_mac_muladd_16s_13ns_30ns_30_4_1_DSP48_5  | (PCIN+(A''*(B:0x187e)')')'     | 22     | 18     | -      | -      | 32     | 2    | 1    | -    | -    | -     | 1    | 1    | 
|idct_Block_entry687_proc1                     | ((D'+A2)*(B:0x3adfd)')'        | 21     | 18     | -      | 21     | 41     | 1    | 1    | -    | 1    | 1     | 1    | 1    | 
|idct_Block_entry687_proc1                     | (C+(A''*(B:0x3f384)')')'       | 23     | 18     | 32     | -      | 32     | 2    | 1    | 0    | -    | -     | 1    | 1    | 
|idct_mac_muladd_16s_15ns_32s_32_4_1_DSP48_10  | (PCIN+(A''*(B:0x41b3)')')'     | 22     | 18     | -      | -      | 32     | 2    | 1    | -    | -    | -     | 1    | 1    | 
|idct_mac_muladd_16s_15s_31s_31_4_1_DSP48_4    | (C+(A''*(B:0x3c4df)')')'       | 22     | 18     | 32     | -      | 32     | 2    | 1    | 0    | -    | -     | 1    | 1    | 
|idct_mac_muladd_16s_15ns_32s_32_4_1_DSP48_10  | (C+(A''*(B:0x6254)')')'        | 22     | 18     | 32     | -      | 32     | 2    | 1    | 0    | -    | -     | 1    | 1    | 
|idct_mac_muladd_16s_14ns_31s_31_4_1_DSP48_7   | (C+(A''*(B:0x300b)')')'        | 22     | 18     | 32     | -      | 32     | 2    | 1    | 0    | -    | -     | 1    | 1    | 
+----------------------------------------------+--------------------------------+--------+--------+--------+--------+--------+------+------+------+------+-------+------+------+

Note: The table above is a preliminary report that shows the DSPs inferred at the current stage of the synthesis flow. Some DSP may be reimplemented as non DSP primitives later in the synthesis flow. Multiple instantiated DSPs are reported only once.
---------------------------------------------------------------------------------
Finished ROM, RAM, DSP, Shift Register and Retiming Reporting
---------------------------------------------------------------------------------
---------------------------------------------------------------------------------
Start Applying XDC Timing Constraints
---------------------------------------------------------------------------------
---------------------------------------------------------------------------------
Finished Applying XDC Timing Constraints : Time (s): cpu = 00:00:58 ; elapsed = 00:00:59 . Memory (MB): peak = 1434.785 ; gain = 155.934
---------------------------------------------------------------------------------
---------------------------------------------------------------------------------
Start Timing Optimization
---------------------------------------------------------------------------------
---------------------------------------------------------------------------------
Finished Timing Optimization : Time (s): cpu = 00:01:03 ; elapsed = 00:01:04 . Memory (MB): peak = 1439.309 ; gain = 160.457
---------------------------------------------------------------------------------
---------------------------------------------------------------------------------
Start Technology Mapping
---------------------------------------------------------------------------------
---------------------------------------------------------------------------------
Finished Technology Mapping : Time (s): cpu = 00:01:10 ; elapsed = 00:01:12 . Memory (MB): peak = 1519.707 ; gain = 240.855
---------------------------------------------------------------------------------
---------------------------------------------------------------------------------
Start IO Insertion
---------------------------------------------------------------------------------
---------------------------------------------------------------------------------
Start Flattening Before IO Insertion
---------------------------------------------------------------------------------
---------------------------------------------------------------------------------
Finished Flattening Before IO Insertion
---------------------------------------------------------------------------------
---------------------------------------------------------------------------------
Start Final Netlist Cleanup
---------------------------------------------------------------------------------
---------------------------------------------------------------------------------
Finished Final Netlist Cleanup
---------------------------------------------------------------------------------
---------------------------------------------------------------------------------
Finished IO Insertion : Time (s): cpu = 00:01:18 ; elapsed = 00:01:19 . Memory (MB): peak = 1529.297 ; gain = 250.445
---------------------------------------------------------------------------------
---------------------------------------------------------------------------------
Start Renaming Generated Instances
---------------------------------------------------------------------------------
---------------------------------------------------------------------------------
Finished Renaming Generated Instances : Time (s): cpu = 00:01:18 ; elapsed = 00:01:19 . Memory (MB): peak = 1529.297 ; gain = 250.445
---------------------------------------------------------------------------------
---------------------------------------------------------------------------------
Start Rebuilding User Hierarchy
---------------------------------------------------------------------------------
---------------------------------------------------------------------------------
Finished Rebuilding User Hierarchy : Time (s): cpu = 00:01:20 ; elapsed = 00:01:22 . Memory (MB): peak = 1529.297 ; gain = 250.445
---------------------------------------------------------------------------------
---------------------------------------------------------------------------------
Start Renaming Generated Ports
---------------------------------------------------------------------------------
---------------------------------------------------------------------------------
Finished Renaming Generated Ports : Time (s): cpu = 00:01:21 ; elapsed = 00:01:22 . Memory (MB): peak = 1529.297 ; gain = 250.445
---------------------------------------------------------------------------------
---------------------------------------------------------------------------------
Start Handling Custom Attributes
---------------------------------------------------------------------------------
---------------------------------------------------------------------------------
Finished Handling Custom Attributes : Time (s): cpu = 00:01:21 ; elapsed = 00:01:22 . Memory (MB): peak = 1529.297 ; gain = 250.445
---------------------------------------------------------------------------------
---------------------------------------------------------------------------------
Start Renaming Generated Nets
---------------------------------------------------------------------------------
---------------------------------------------------------------------------------
Finished Renaming Generated Nets : Time (s): cpu = 00:01:21 ; elapsed = 00:01:22 . Memory (MB): peak = 1529.297 ; gain = 250.445
---------------------------------------------------------------------------------
---------------------------------------------------------------------------------
Start Writing Synthesis Report
---------------------------------------------------------------------------------

DSP Final Report (the ' indicates corresponding REG is set)
+----------------------------------------------+------------------+--------+--------+--------+--------+--------+------+------+------+------+-------+------+------+
|Module Name                                   | DSP Mapping      | A Size | B Size | C Size | D Size | P Size | AREG | BREG | CREG | DREG | ADREG | MREG | PREG | 
+----------------------------------------------+------------------+--------+--------+--------+--------+--------+------+------+------+------+-------+------+------+
|idct_Block_entry687_proc1                     | (((D'+A')'*B)')' | 30     | 13     | -      | 25     | 30     | 1    | 0    | -    | 0    | 1     | 1    | 1    | 
|idct_Block_entry687_proc1                     | (((D'+A')'*B)')' | 30     | 13     | -      | 25     | 30     | 1    | 0    | -    | 0    | 1     | 1    | 1    | 
|idct_Block_entry687_proc1                     | (((D'+A')'*B)')' | 30     | 13     | -      | 25     | 31     | 1    | 0    | -    | 0    | 1     | 1    | 1    | 
|idct_Block_entry687_proc1                     | (((D'+A')'*B)')' | 30     | 13     | -      | 25     | 31     | 1    | 0    | -    | 0    | 1     | 1    | 1    | 
|idct_Block_entry687_proc1                     | (((D'+A')'*B)')' | 30     | 13     | -      | 25     | 31     | 1    | 0    | -    | 0    | 1     | 1    | 1    | 
|idct_Block_entry687_proc1                     | (((D'+A')'*B)')' | 30     | 13     | -      | 25     | 31     | 1    | 0    | -    | 0    | 1     | 1    | 1    | 
|idct_Block_entry687_proc1                     | (((D'+A')'*B)')' | 30     | 13     | -      | 25     | 31     | 1    | 0    | -    | 0    | 1     | 1    | 1    | 
|idct_Block_entry687_proc1                     | (((D'+A')'*B)')' | 30     | 13     | -      | 25     | 31     | 1    | 0    | -    | 0    | 1     | 1    | 1    | 
|idct_Block_entry687_proc1                     | (((D'+A')'*B)')' | 30     | 18     | -      | 25     | 30     | 1    | 0    | -    | 0    | 1     | 1    | 1    | 
|idct_Block_entry687_proc1                     | (((D'+A')'*B)')' | 30     | 18     | -      | 25     | 30     | 1    | 0    | -    | 0    | 1     | 1    | 1    | 
|idct_Block_entry687_proc1                     | (((D'+A')'*B)')' | 30     | 18     | -      | 25     | 31     | 1    | 0    | -    | 0    | 1     | 1    | 1    | 
|idct_Block_entry687_proc1                     | (((D'+A')'*B)')' | 30     | 18     | -      | 25     | 31     | 1    | 0    | -    | 0    | 1     | 1    | 1    | 
|idct_Block_entry687_proc1                     | (((D'+A')'*B)')' | 30     | 18     | -      | 25     | 31     | 1    | 0    | -    | 0    | 1     | 1    | 1    | 
|idct_am_addmul_16s_16s_14s_31_4_1_DSP48_3     | (((D'+A)'*B)')'  | 30     | 18     | -      | 25     | 31     | 0    | 0    | -    | 0    | 1     | 1    | 1    | 
|idct_Block_entry687_proc1                     | (((D'+A')'*B)')' | 30     | 18     | -      | 25     | 31     | 1    | 0    | -    | 0    | 1     | 1    | 1    | 
|idct_Block_entry687_proc1                     | (((D'+A')'*B)')' | 30     | 18     | -      | 25     | 31     | 1    | 0    | -    | 0    | 1     | 1    | 1    | 
|idct_Block_entry687_proc1                     | (((D'+A')'*B)')' | 30     | 18     | -      | 25     | 30     | 1    | 0    | -    | 0    | 1     | 1    | 1    | 
|idct_Block_entry687_proc1                     | (((D'+A')'*B)')' | 30     | 18     | -      | 25     | 30     | 1    | 0    | -    | 0    | 1     | 1    | 1    | 
|idct_Block_entry687_proc1                     | (((D'+A')'*B)')' | 30     | 18     | -      | 25     | 32     | 1    | 0    | -    | 0    | 1     | 1    | 1    | 
|idct_Block_entry687_proc1                     | (((D'+A')'*B)')' | 30     | 18     | -      | 25     | 32     | 1    | 0    | -    | 0    | 1     | 1    | 1    | 
|idct_Block_entry687_proc1                     | (((D'+A')'*B)')' | 30     | 18     | -      | 25     | 32     | 1    | 0    | -    | 0    | 1     | 1    | 1    | 
|idct_Block_entry687_proc1                     | (((D'+A')'*B)')' | 30     | 18     | -      | 25     | 32     | 1    | 0    | -    | 0    | 1     | 1    | 1    | 
|idct_Block_entry687_proc1                     | (((D'+A')'*B)')' | 30     | 18     | -      | 25     | 32     | 1    | 0    | -    | 0    | 1     | 1    | 1    | 
|idct_Block_entry687_proc1                     | (((D'+A')'*B)')' | 30     | 18     | -      | 25     | 32     | 1    | 0    | -    | 0    | 1     | 1    | 1    | 
|idct_am_addmul_17s_17s_14ns_32_4_1_DSP48_2    | (((D+A)'*B)')'   | 30     | 14     | -      | 25     | 30     | 0    | 0    | -    | 0    | 1     | 1    | 1    | 
|idct_am_addmul_17s_17s_14ns_32_4_1_DSP48_2    | (((D+A)'*B)')'   | 30     | 14     | -      | 25     | 30     | 0    | 0    | -    | 0    | 1     | 1    | 1    | 
|idct_am_addmul_17s_17s_14ns_32_4_1_DSP48_2    | (((D+A)'*B)')'   | 30     | 14     | -      | 25     | 32     | 0    | 0    | -    | 0    | 1     | 1    | 1    | 
|idct_am_addmul_17s_17s_14ns_32_4_1_DSP48_2    | (((D+A)'*B)')'   | 30     | 14     | -      | 25     | 32     | 0    | 0    | -    | 0    | 1     | 1    | 1    | 
|idct_am_addmul_17s_17s_14ns_32_4_1_DSP48_2    | (((D+A)'*B)')'   | 30     | 14     | -      | 25     | 32     | 0    | 0    | -    | 0    | 1     | 1    | 1    | 
|idct_am_addmul_17s_17s_14ns_32_4_1_DSP48_2    | (((D+A)'*B)')'   | 30     | 14     | -      | 25     | 32     | 0    | 0    | -    | 0    | 1     | 1    | 1    | 
|idct_am_addmul_17s_17s_14ns_32_4_1_DSP48_2    | (((D+A)'*B)')'   | 30     | 14     | -      | 25     | 32     | 0    | 0    | -    | 0    | 1     | 1    | 1    | 
|idct_am_addmul_17s_17s_14ns_32_4_1_DSP48_2    | (((D+A)'*B)')'   | 30     | 14     | -      | 25     | 32     | 0    | 0    | -    | 0    | 1     | 1    | 1    | 
|idct_Block_entry687_proc1                     | (((D'+A')'*B)')' | 30     | 13     | -      | 25     | 32     | 1    | 0    | -    | 0    | 1     | 1    | 1    | 
|idct_Block_entry687_proc1                     | (((D'+A')'*B)')' | 30     | 13     | -      | 25     | 32     | 1    | 0    | -    | 0    | 1     | 1    | 1    | 
|idct_Block_entry687_proc1                     | (((D'+A')'*B)')' | 30     | 13     | -      | 25     | 32     | 1    | 0    | -    | 0    | 1     | 1    | 1    | 
|idct_Block_entry687_proc1                     | (((D'+A')'*B)')' | 30     | 13     | -      | 25     | 32     | 1    | 0    | -    | 0    | 1     | 1    | 1    | 
|idct_Block_entry687_proc1                     | (((D'+A')'*B)')' | 30     | 13     | -      | 25     | 32     | 1    | 0    | -    | 0    | 1     | 1    | 1    | 
|idct_Block_entry687_proc1                     | (((D'+A')'*B)')' | 30     | 13     | -      | 25     | 32     | 1    | 0    | -    | 0    | 1     | 1    | 1    | 
|idct_Block_entry687_proc1                     | (((D'+A')'*B)')' | 30     | 13     | -      | 25     | 32     | 1    | 0    | -    | 0    | 1     | 1    | 1    | 
|idct_Block_entry687_proc1                     | (((D'+A')'*B)')' | 30     | 13     | -      | 25     | 32     | 1    | 0    | -    | 0    | 1     | 1    | 1    | 
|idct_Block_entry687_proc1                     | (((D'+A')'*B)')' | 30     | 18     | -      | 25     | 32     | 1    | 0    | -    | 0    | 1     | 1    | 1    | 
|idct_Block_entry687_proc1                     | (((D'+A')'*B)')' | 30     | 18     | -      | 25     | 32     | 1    | 0    | -    | 0    | 1     | 1    | 1    | 
|idct_Block_entry687_proc1                     | (((D'+A')'*B)')' | 30     | 18     | -      | 25     | 32     | 1    | 0    | -    | 0    | 1     | 1    | 1    | 
|idct_Block_entry687_proc1                     | (((D'+A')'*B)')' | 30     | 18     | -      | 25     | 32     | 1    | 0    | -    | 0    | 1     | 1    | 1    | 
|idct_Block_entry687_proc1                     | (((D'+A')'*B)')' | 30     | 18     | -      | 25     | 32     | 1    | 0    | -    | 0    | 1     | 1    | 1    | 
|idct_Block_entry687_proc1                     | (((D'+A')'*B)')' | 30     | 18     | -      | 25     | 32     | 1    | 0    | -    | 0    | 1     | 1    | 1    | 
|idct_Block_entry687_proc1                     | (((D'+A')'*B)')' | 30     | 18     | -      | 25     | 32     | 1    | 0    | -    | 0    | 1     | 1    | 1    | 
|idct_Block_entry687_proc1                     | (((D'+A')'*B)')' | 30     | 18     | -      | 25     | 32     | 1    | 0    | -    | 0    | 1     | 1    | 1    | 
|idct_Block_entry687_proc1                     | (((D'+A')'*B)')' | 30     | 18     | -      | 25     | 32     | 1    | 0    | -    | 0    | 1     | 1    | 1    | 
|idct_Block_entry687_proc1                     | (((D'+A')'*B)')' | 30     | 18     | -      | 25     | 32     | 1    | 0    | -    | 0    | 1     | 1    | 1    | 
|idct_Block_entry687_proc1                     | (((D'+A')'*B)')' | 30     | 18     | -      | 25     | 32     | 1    | 0    | -    | 0    | 1     | 1    | 1    | 
|idct_Block_entry687_proc1                     | (((D'+A')'*B)')' | 30     | 18     | -      | 25     | 32     | 1    | 0    | -    | 0    | 1     | 1    | 1    | 
|idct_Block_entry687_proc1                     | (((D'+A')'*B)')' | 30     | 18     | -      | 25     | 32     | 1    | 0    | -    | 0    | 1     | 1    | 1    | 
|idct_Block_entry687_proc1                     | (((D'+A')'*B)')' | 30     | 18     | -      | 25     | 32     | 1    | 0    | -    | 0    | 1     | 1    | 1    | 
|idct_Block_entry687_proc1                     | (((D'+A')'*B)')' | 30     | 18     | -      | 25     | 32     | 1    | 0    | -    | 0    | 1     | 1    | 1    | 
|idct_Block_entry687_proc1                     | (((D'+A')'*B)')' | 30     | 18     | -      | 25     | 32     | 1    | 0    | -    | 0    | 1     | 1    | 1    | 
|idct_am_addmul_17s_17s_14ns_32_4_1_DSP48_2    | (((D+A)'*B)')'   | 30     | 14     | -      | 25     | 32     | 0    | 0    | -    | 0    | 1     | 1    | 1    | 
|idct_am_addmul_17s_17s_14ns_32_4_1_DSP48_2    | (((D+A)'*B)')'   | 30     | 14     | -      | 25     | 32     | 0    | 0    | -    | 0    | 1     | 1    | 1    | 
|idct_am_addmul_17s_17s_14ns_32_4_1_DSP48_2    | (((D+A)'*B)')'   | 30     | 14     | -      | 25     | 32     | 0    | 0    | -    | 0    | 1     | 1    | 1    | 
|idct_am_addmul_17s_17s_14ns_32_4_1_DSP48_2    | (((D+A)'*B)')'   | 30     | 14     | -      | 25     | 32     | 0    | 0    | -    | 0    | 1     | 1    | 1    | 
|idct_am_addmul_17s_17s_14ns_32_4_1_DSP48_2    | (((D+A)'*B)')'   | 30     | 14     | -      | 25     | 32     | 0    | 0    | -    | 0    | 1     | 1    | 1    | 
|idct_am_addmul_17s_17s_14ns_32_4_1_DSP48_2    | (((D+A)'*B)')'   | 30     | 14     | -      | 25     | 32     | 0    | 0    | -    | 0    | 1     | 1    | 1    | 
|idct_am_addmul_17s_17s_14ns_32_4_1_DSP48_2    | (((D+A)'*B)')'   | 30     | 14     | -      | 25     | 32     | 0    | 0    | -    | 0    | 1     | 1    | 1    | 
|idct_am_addmul_17s_17s_14ns_32_4_1_DSP48_2    | (((D+A)'*B)')'   | 30     | 14     | -      | 25     | 32     | 0    | 0    | -    | 0    | 1     | 1    | 1    | 
|idct_Block_entry687_proc1                     | (C+(A''*B)')'    | 30     | 12     | 48     | -      | 30     | 2    | 0    | 0    | -    | -     | 1    | 1    | 
|idct_Block_entry687_proc1                     | (C+(A''*B)')'    | 30     | 12     | 48     | -      | 30     | 2    | 0    | 0    | -    | -     | 1    | 1    | 
|idct_Block_entry687_proc1                     | (C+(A''*B)')'    | 30     | 12     | 48     | -      | 31     | 2    | 0    | 0    | -    | -     | 1    | 1    | 
|idct_Block_entry687_proc1                     | (C+(A''*B)')'    | 30     | 12     | 48     | -      | 31     | 2    | 0    | 0    | -    | -     | 1    | 1    | 
|idct_Block_entry687_proc1                     | (C+(A''*B)')'    | 30     | 12     | 48     | -      | 31     | 2    | 0    | 0    | -    | -     | 1    | 1    | 
|idct_Block_entry687_proc1                     | (C+(A''*B)')'    | 30     | 12     | 48     | -      | 31     | 2    | 0    | 0    | -    | -     | 1    | 1    | 
|idct_Block_entry687_proc1                     | (C+(A''*B)')'    | 30     | 12     | 48     | -      | 31     | 2    | 0    | 0    | -    | -     | 1    | 1    | 
|idct_Block_entry687_proc1                     | (C+(A''*B)')'    | 30     | 12     | 48     | -      | 31     | 2    | 0    | 0    | -    | -     | 1    | 1    | 
|idct_Block_entry687_proc1                     | (C+(A''*B)')'    | 30     | 13     | 30     | -      | 30     | 2    | 0    | 0    | -    | -     | 1    | 1    | 
|idct_Block_entry687_proc1                     | (C+(A''*B)')'    | 30     | 13     | 30     | -      | 30     | 2    | 0    | 0    | -    | -     | 1    | 1    | 
|idct_Block_entry687_proc1                     | (C+(A''*B)')'    | 30     | 13     | 30     | -      | 30     | 2    | 0    | 0    | -    | -     | 1    | 1    | 
|idct_Block_entry687_proc1                     | (C+(A''*B)')'    | 30     | 13     | 30     | -      | 30     | 2    | 0    | 0    | -    | -     | 1    | 1    | 
|idct_Block_entry687_proc1                     | (C+(A''*B)')'    | 30     | 13     | 30     | -      | 30     | 2    | 0    | 0    | -    | -     | 1    | 1    | 
|idct_Block_entry687_proc1                     | (C+(A''*B)')'    | 30     | 13     | 30     | -      | 30     | 2    | 0    | 0    | -    | -     | 1    | 1    | 
|idct_Block_entry687_proc1                     | (PCIN+(A*B'')')' | 13     | 18     | -      | -      | 30     | 0    | 2    | -    | -    | -     | 1    | 1    | 
|idct_Block_entry687_proc1                     | (PCIN+(A*B'')')' | 13     | 18     | -      | -      | 30     | 0    | 2    | -    | -    | -     | 1    | 1    | 
|idct_Block_entry687_proc1                     | (PCIN+(A*B'')')' | 14     | 18     | -      | -      | 30     | 0    | 2    | -    | -    | -     | 1    | 1    | 
|idct_Block_entry687_proc1                     | (PCIN+(A*B'')')' | 14     | 18     | -      | -      | 30     | 0    | 2    | -    | -    | -     | 1    | 1    | 
|idct_Block_entry687_proc1                     | (PCIN+(A*B'')')' | 14     | 18     | -      | -      | 31     | 0    | 2    | -    | -    | -     | 1    | 1    | 
|idct_Block_entry687_proc1                     | (PCIN+(A*B'')')' | 14     | 18     | -      | -      | 31     | 0    | 2    | -    | -    | -     | 1    | 1    | 
|idct_Block_entry687_proc1                     | (PCIN+(A*B'')')' | 14     | 18     | -      | -      | 31     | 0    | 2    | -    | -    | -     | 1    | 1    | 
|idct_Block_entry687_proc1                     | (PCIN+(A*B'')')' | 14     | 18     | -      | -      | 31     | 0    | 2    | -    | -    | -     | 1    | 1    | 
|idct_Block_entry687_proc1                     | (PCIN+(A*B'')')' | 14     | 18     | -      | -      | 31     | 0    | 2    | -    | -    | -     | 1    | 1    | 
|idct_Block_entry687_proc1                     | (PCIN+(A*B'')')' | 14     | 18     | -      | -      | 31     | 0    | 2    | -    | -    | -     | 1    | 1    | 
|idct_Block_entry687_proc1                     | (C+(A''*B)')'    | 30     | 15     | 30     | -      | 30     | 2    | 0    | 0    | -    | -     | 1    | 1    | 
|idct_Block_entry687_proc1                     | (C+(A''*B)')'    | 30     | 15     | 30     | -      | 30     | 2    | 0    | 0    | -    | -     | 1    | 1    | 
|idct_Block_entry687_proc1                     | (PCIN+(A*B'')')' | 15     | 18     | -      | -      | 30     | 0    | 2    | -    | -    | -     | 1    | 1    | 
|idct_Block_entry687_proc1                     | (PCIN+(A*B'')')' | 15     | 18     | -      | -      | 30     | 0    | 2    | -    | -    | -     | 1    | 1    | 
|idct_Block_entry687_proc1                     | (PCIN+(A*B'')')' | 15     | 18     | -      | -      | 32     | 0    | 2    | -    | -    | -     | 1    | 1    | 
|idct_Block_entry687_proc1                     | (PCIN+(A*B'')')' | 15     | 18     | -      | -      | 32     | 0    | 2    | -    | -    | -     | 1    | 1    | 
|idct_Block_entry687_proc1                     | (PCIN+(A*B'')')' | 15     | 18     | -      | -      | 32     | 0    | 2    | -    | -    | -     | 1    | 1    | 
|idct_Block_entry687_proc1                     | (PCIN+(A*B'')')' | 15     | 18     | -      | -      | 32     | 0    | 2    | -    | -    | -     | 1    | 1    | 
|idct_Block_entry687_proc1                     | (PCIN+(A*B'')')' | 15     | 18     | -      | -      | 32     | 0    | 2    | -    | -    | -     | 1    | 1    | 
|idct_Block_entry687_proc1                     | (PCIN+(A*B'')')' | 15     | 18     | -      | -      | 32     | 0    | 2    | -    | -    | -     | 1    | 1    | 
|idct_Block_entry687_proc1                     | (PCIN+(A*B'')')' | 15     | 18     | -      | -      | 32     | 0    | 2    | -    | -    | -     | 1    | 1    | 
|idct_Block_entry687_proc1                     | (PCIN+(A*B'')')' | 15     | 18     | -      | -      | 32     | 0    | 2    | -    | -    | -     | 1    | 1    | 
|idct_Block_entry687_proc1                     | (PCIN+(A*B'')')' | 15     | 18     | -      | -      | 32     | 0    | 2    | -    | -    | -     | 1    | 1    | 
|idct_Block_entry687_proc1                     | (PCIN+(A*B'')')' | 15     | 18     | -      | -      | 32     | 0    | 2    | -    | -    | -     | 1    | 1    | 
|idct_Block_entry687_proc1                     | (PCIN+(A*B'')')' | 15     | 18     | -      | -      | 32     | 0    | 2    | -    | -    | -     | 1    | 1    | 
|idct_Block_entry687_proc1                     | (PCIN+(A*B'')')' | 15     | 18     | -      | -      | 32     | 0    | 2    | -    | -    | -     | 1    | 1    | 
|idct_Block_entry687_proc1                     | (C+(A''*B)')'    | 30     | 18     | 48     | -      | 30     | 2    | 0    | 0    | -    | -     | 1    | 1    | 
|idct_Block_entry687_proc1                     | (C+(A''*B)')'    | 30     | 18     | 48     | -      | 30     | 2    | 0    | 0    | -    | -     | 1    | 1    | 
|idct_Block_entry687_proc1                     | (PCIN+(A*B'')')' | 30     | 18     | -      | -      | 31     | 0    | 2    | -    | -    | -     | 1    | 1    | 
|idct_Block_entry687_proc1                     | (PCIN+(A*B'')')' | 30     | 18     | -      | -      | 31     | 0    | 2    | -    | -    | -     | 1    | 1    | 
|idct_Block_entry687_proc1                     | (PCIN+(A*B'')')' | 30     | 18     | -      | -      | 31     | 0    | 2    | -    | -    | -     | 1    | 1    | 
|idct_Block_entry687_proc1                     | (PCIN+(A*B'')')' | 30     | 18     | -      | -      | 31     | 0    | 2    | -    | -    | -     | 1    | 1    | 
|idct_Block_entry687_proc1                     | (PCIN+(A*B'')')' | 30     | 18     | -      | -      | 31     | 0    | 2    | -    | -    | -     | 1    | 1    | 
|idct_Block_entry687_proc1                     | (PCIN+(A*B'')')' | 30     | 18     | -      | -      | 31     | 0    | 2    | -    | -    | -     | 1    | 1    | 
|idct_Block_entry687_proc1                     | (PCIN+(A''*B)')' | 30     | 18     | -      | -      | 30     | 2    | 0    | -    | -    | -     | 1    | 1    | 
|idct_mac_muladd_17s_13s_32s_32_4_1_DSP48_9    | (PCIN+(A''*B)')' | 30     | 18     | -      | -      | 30     | 2    | 0    | -    | -    | -     | 1    | 1    | 
|idct_mac_muladd_17s_13s_32s_32_4_1_DSP48_9    | (PCIN+(A''*B)')' | 30     | 18     | -      | -      | 32     | 2    | 0    | -    | -    | -     | 1    | 1    | 
|idct_Block_entry687_proc1                     | (PCIN+(A''*B)')' | 30     | 18     | -      | -      | 32     | 2    | 0    | -    | -    | -     | 1    | 1    | 
|idct_Block_entry687_proc1                     | (PCIN+(A''*B)')' | 30     | 18     | -      | -      | 32     | 2    | 0    | -    | -    | -     | 1    | 1    | 
|idct_Block_entry687_proc1                     | (PCIN+(A''*B)')' | 30     | 18     | -      | -      | 32     | 2    | 0    | -    | -    | -     | 1    | 1    | 
|idct_Block_entry687_proc1                     | (PCIN+(A''*B)')' | 30     | 18     | -      | -      | 32     | 2    | 0    | -    | -    | -     | 1    | 1    | 
|idct_Block_entry687_proc1                     | (PCIN+(A''*B)')' | 30     | 18     | -      | -      | 32     | 2    | 0    | -    | -    | -     | 1    | 1    | 
|idct_Block_entry687_proc1                     | (C+(A''*B)')'    | 30     | 18     | 48     | -      | 30     | 2    | 0    | 0    | -    | -     | 1    | 1    | 
|idct_Block_entry687_proc1                     | (C+(A''*B)')'    | 30     | 18     | 48     | -      | 30     | 2    | 0    | 0    | -    | -     | 1    | 1    | 
|idct_mac_muladd_17s_15s_32s_32_4_1_DSP48_8    | (C+(A''*B)')'    | 30     | 18     | 48     | -      | 32     | 2    | 0    | 0    | -    | -     | 1    | 1    | 
|idct_Block_entry687_proc1                     | (C+(A''*B)')'    | 30     | 18     | 48     | -      | 32     | 2    | 0    | 0    | -    | -     | 1    | 1    | 
|idct_Block_entry687_proc1                     | (C+(A''*B)')'    | 30     | 18     | 48     | -      | 32     | 2    | 0    | 0    | -    | -     | 1    | 1    | 
|idct_Block_entry687_proc1                     | (C+(A''*B)')'    | 30     | 18     | 48     | -      | 32     | 2    | 0    | 0    | -    | -     | 1    | 1    | 
|idct_Block_entry687_proc1                     | (C+(A''*B)')'    | 30     | 18     | 48     | -      | 32     | 2    | 0    | 0    | -    | -     | 1    | 1    | 
|idct_Block_entry687_proc1                     | (C+(A''*B)')'    | 30     | 18     | 48     | -      | 32     | 2    | 0    | 0    | -    | -     | 1    | 1    | 
|idct_mac_muladd_16s_12ns_31s_31_4_1_DSP48_6   | (PCIN+(A''*B)')' | 30     | 12     | -      | -      | 32     | 2    | 0    | -    | -    | -     | 1    | 1    | 
|idct_mac_muladd_16s_12ns_31s_31_4_1_DSP48_6   | (PCIN+(A''*B)')' | 30     | 12     | -      | -      | 32     | 2    | 0    | -    | -    | -     | 1    | 1    | 
|idct_mac_muladd_16s_12ns_31s_31_4_1_DSP48_6   | (PCIN+(A''*B)')' | 30     | 12     | -      | -      | 32     | 2    | 0    | -    | -    | -     | 1    | 1    | 
|idct_mac_muladd_16s_12ns_31s_31_4_1_DSP48_6   | (PCIN+(A''*B)')' | 30     | 12     | -      | -      | 32     | 2    | 0    | -    | -    | -     | 1    | 1    | 
|idct_mac_muladd_21s_12ns_32ns_32_4_1_DSP48_31 | (PCIN+(A''*B)')' | 30     | 12     | -      | -      | 32     | 2    | 0    | -    | -    | -     | 1    | 1    | 
|idct_mac_muladd_21s_12ns_32ns_32_4_1_DSP48_31 | (PCIN+(A''*B)')' | 30     | 12     | -      | -      | 32     | 2    | 0    | -    | -    | -     | 1    | 1    | 
|idct_mac_muladd_21s_12ns_32ns_32_4_1_DSP48_31 | (PCIN+(A''*B)')' | 30     | 12     | -      | -      | 32     | 2    | 0    | -    | -    | -     | 1    | 1    | 
|idct_mac_muladd_21s_12ns_32ns_32_4_1_DSP48_31 | (PCIN+(A''*B)')' | 30     | 12     | -      | -      | 32     | 2    | 0    | -    | -    | -     | 1    | 1    | 
|idct_mac_muladd_16s_13ns_30ns_30_4_1_DSP48_5  | (PCIN+(A''*B)')' | 30     | 13     | -      | -      | 32     | 2    | 0    | -    | -    | -     | 1    | 1    | 
|idct_mac_muladd_16s_13ns_30ns_30_4_1_DSP48_5  | (PCIN+(A''*B)')' | 30     | 13     | -      | -      | 32     | 2    | 0    | -    | -    | -     | 1    | 1    | 
|idct_mac_muladd_16s_13ns_30ns_30_4_1_DSP48_5  | (PCIN+(A''*B)')' | 30     | 13     | -      | -      | 32     | 2    | 0    | -    | -    | -     | 1    | 1    | 
|idct_mac_muladd_16s_13ns_30ns_30_4_1_DSP48_5  | (PCIN+(A''*B)')' | 30     | 13     | -      | -      | 32     | 2    | 0    | -    | -    | -     | 1    | 1    | 
|idct_mac_muladd_21s_13ns_32s_32_4_1_DSP48_30  | (PCIN+(A''*B)')' | 30     | 13     | -      | -      | 32     | 2    | 0    | -    | -    | -     | 1    | 1    | 
|idct_mac_muladd_21s_13ns_32s_32_4_1_DSP48_30  | (PCIN+(A''*B)')' | 30     | 13     | -      | -      | 32     | 2    | 0    | -    | -    | -     | 1    | 1    | 
|idct_mac_muladd_21s_13ns_32s_32_4_1_DSP48_30  | (PCIN+(A''*B)')' | 30     | 13     | -      | -      | 32     | 2    | 0    | -    | -    | -     | 1    | 1    | 
|idct_mac_muladd_21s_13ns_32s_32_4_1_DSP48_30  | (PCIN+(A''*B)')' | 30     | 13     | -      | -      | 32     | 2    | 0    | -    | -    | -     | 1    | 1    | 
|idct_mac_muladd_16s_14ns_31s_31_4_1_DSP48_7   | (C+(A''*B)')'    | 30     | 14     | 32     | -      | 32     | 2    | 0    | 0    | -    | -     | 1    | 1    | 
|idct_mac_muladd_16s_14ns_31s_31_4_1_DSP48_7   | (C+(A''*B)')'    | 30     | 14     | 32     | -      | 32     | 2    | 0    | 0    | -    | -     | 1    | 1    | 
|idct_mac_muladd_16s_14ns_31s_31_4_1_DSP48_7   | (C+(A''*B)')'    | 30     | 14     | 32     | -      | 32     | 2    | 0    | 0    | -    | -     | 1    | 1    | 
|idct_mac_muladd_16s_14ns_31s_31_4_1_DSP48_7   | (C+(A''*B)')'    | 30     | 14     | 32     | -      | 32     | 2    | 0    | 0    | -    | -     | 1    | 1    | 
|idct_Block_entry687_proc1                     | (C+(A''*B)')'    | 30     | 14     | 32     | -      | 32     | 2    | 0    | 0    | -    | -     | 1    | 1    | 
|idct_Block_entry687_proc1                     | (C+(A''*B)')'    | 30     | 14     | 32     | -      | 32     | 2    | 0    | 0    | -    | -     | 1    | 1    | 
|idct_mac_muladd_21s_14ns_32ns_32_4_1_DSP48_33 | (C+(A''*B)')'    | 30     | 14     | 32     | -      | 32     | 2    | 0    | 0    | -    | -     | 1    | 1    | 
|idct_mac_muladd_21s_14ns_32ns_32_4_1_DSP48_33 | (C+(A''*B)')'    | 30     | 14     | 32     | -      | 32     | 2    | 0    | 0    | -    | -     | 1    | 1    | 
|idct_mac_muladd_16s_15ns_32s_32_4_1_DSP48_10  | (PCIN+(A''*B)')' | 30     | 15     | -      | -      | 32     | 2    | 0    | -    | -    | -     | 1    | 1    | 
|idct_mac_muladd_16s_15ns_32s_32_4_1_DSP48_10  | (C+(A''*B)')'    | 30     | 15     | 32     | -      | 32     | 2    | 0    | 0    | -    | -     | 1    | 1    | 
|idct_mac_muladd_16s_15ns_32s_32_4_1_DSP48_10  | (PCIN+(A''*B)')' | 30     | 15     | -      | -      | 32     | 2    | 0    | -    | -    | -     | 1    | 1    | 
|idct_mac_muladd_16s_15ns_32s_32_4_1_DSP48_10  | (C+(A''*B)')'    | 30     | 15     | 32     | -      | 32     | 2    | 0    | 0    | -    | -     | 1    | 1    | 
|idct_mac_muladd_16s_15ns_32s_32_4_1_DSP48_10  | (PCIN+(A''*B)')' | 30     | 15     | -      | -      | 32     | 2    | 0    | -    | -    | -     | 1    | 1    | 
|idct_mac_muladd_16s_15ns_32s_32_4_1_DSP48_10  | (C+(A''*B)')'    | 30     | 15     | 32     | -      | 32     | 2    | 0    | 0    | -    | -     | 1    | 1    | 
|idct_mac_muladd_16s_15ns_32s_32_4_1_DSP48_10  | (PCIN+(A''*B)')' | 30     | 15     | -      | -      | 32     | 2    | 0    | -    | -    | -     | 1    | 1    | 
|idct_mac_muladd_16s_15ns_32s_32_4_1_DSP48_10  | (C+(A''*B)')'    | 30     | 15     | 32     | -      | 32     | 2    | 0    | 0    | -    | -     | 1    | 1    | 
|idct_mac_muladd_21s_15ns_32ns_32_4_1_DSP48_32 | (PCIN+(A''*B)')' | 30     | 15     | -      | -      | 32     | 2    | 0    | -    | -    | -     | 1    | 1    | 
|idct_Block_entry687_proc1                     | (C+(A''*B)')'    | 30     | 15     | 32     | -      | 32     | 2    | 0    | 0    | -    | -     | 1    | 1    | 
|idct_mac_muladd_21s_15ns_32ns_32_4_1_DSP48_32 | (PCIN+(A''*B)')' | 30     | 15     | -      | -      | 32     | 2    | 0    | -    | -    | -     | 1    | 1    | 
|idct_Block_entry687_proc1                     | (C+(A''*B)')'    | 30     | 15     | 32     | -      | 32     | 2    | 0    | 0    | -    | -     | 1    | 1    | 
|idct_mac_muladd_21s_15ns_32ns_32_4_1_DSP48_32 | (PCIN+(A''*B)')' | 30     | 15     | -      | -      | 32     | 2    | 0    | -    | -    | -     | 1    | 1    | 
|idct_mac_muladd_21s_15ns_32ns_32_4_1_DSP48_32 | (C+(A''*B)')'    | 30     | 15     | 32     | -      | 32     | 2    | 0    | 0    | -    | -     | 1    | 1    | 
|idct_mac_muladd_21s_15ns_32ns_32_4_1_DSP48_32 | (PCIN+(A''*B)')' | 30     | 15     | -      | -      | 32     | 2    | 0    | -    | -    | -     | 1    | 1    | 
|idct_mac_muladd_21s_15ns_32ns_32_4_1_DSP48_32 | (C+(A''*B)')'    | 30     | 15     | 32     | -      | 32     | 2    | 0    | 0    | -    | -     | 1    | 1    | 
|idct_mac_muladd_16s_15s_31s_31_4_1_DSP48_4    | (C+(A''*B)')'    | 30     | 18     | 48     | -      | 32     | 2    | 0    | 0    | -    | -     | 1    | 1    | 
|idct_mac_muladd_16s_15s_31s_31_4_1_DSP48_4    | (C+(A''*B)')'    | 30     | 18     | 48     | -      | 32     | 2    | 0    | 0    | -    | -     | 1    | 1    | 
|idct_mac_muladd_16s_15s_31s_31_4_1_DSP48_4    | (C+(A''*B)')'    | 30     | 18     | 48     | -      | 32     | 2    | 0    | 0    | -    | -     | 1    | 1    | 
|idct_mac_muladd_16s_15s_31s_31_4_1_DSP48_4    | (C+(A''*B)')'    | 30     | 18     | 48     | -      | 32     | 2    | 0    | 0    | -    | -     | 1    | 1    | 
|idct_Block_entry687_proc1                     | (C+(A''*B)')'    | 30     | 18     | 48     | -      | 32     | 2    | 0    | 0    | -    | -     | 1    | 1    | 
|idct_Block_entry687_proc1                     | (C+(A''*B)')'    | 30     | 18     | 48     | -      | 32     | 2    | 0    | 0    | -    | -     | 1    | 1    | 
|idct_mac_muladd_21s_15s_32s_32_4_1_DSP48_29   | (C+(A''*B)')'    | 30     | 18     | 48     | -      | 32     | 2    | 0    | 0    | -    | -     | 1    | 1    | 
|idct_mac_muladd_21s_15s_32s_32_4_1_DSP48_29   | (C+(A''*B)')'    | 30     | 18     | 48     | -      | 32     | 2    | 0    | 0    | -    | -     | 1    | 1    | 
|idct_Block_entry687_proc1                     | (C+(A''*B)')'    | 30     | 18     | 48     | -      | 32     | 2    | 0    | 0    | -    | -     | 1    | 1    | 
|idct_Block_entry687_proc1                     | (C+(A''*B)')'    | 30     | 18     | 48     | -      | 32     | 2    | 0    | 0    | -    | -     | 1    | 1    | 
|idct_Block_entry687_proc1                     | (C+(A''*B)')'    | 30     | 18     | 48     | -      | 32     | 2    | 0    | 0    | -    | -     | 1    | 1    | 
|idct_mac_muladd_17s_13s_32s_32_4_1_DSP48_9    | (C+(A''*B)')'    | 30     | 18     | 48     | -      | 32     | 2    | 0    | 0    | -    | -     | 1    | 1    | 
|idct_Block_entry687_proc1                     | (C+(A''*B)')'    | 30     | 18     | 48     | -      | 32     | 2    | 0    | 0    | -    | -     | 1    | 1    | 
|idct_Block_entry687_proc1                     | (C+(A''*B)')'    | 30     | 18     | 48     | -      | 32     | 2    | 0    | 0    | -    | -     | 1    | 1    | 
|idct_Block_entry687_proc1                     | (C+(A''*B)')'    | 30     | 18     | 48     | -      | 32     | 2    | 0    | 0    | -    | -     | 1    | 1    | 
|idct_Block_entry687_proc1                     | (C+(A''*B)')'    | 30     | 18     | 48     | -      | 32     | 2    | 0    | 0    | -    | -     | 1    | 1    | 
|idct_Block_entry687_proc1                     | (PCIN+(A''*B)')' | 30     | 18     | -      | -      | 32     | 2    | 0    | -    | -    | -     | 1    | 1    | 
|idct_Block_entry687_proc1                     | (PCIN+(A''*B)')' | 30     | 18     | -      | -      | 32     | 2    | 0    | -    | -    | -     | 1    | 1    | 
|idct_Block_entry687_proc1                     | (PCIN+(A''*B)')' | 30     | 18     | -      | -      | 32     | 2    | 0    | -    | -    | -     | 1    | 1    | 
|idct_mac_muladd_17s_15s_32s_32_4_1_DSP48_8    | (PCIN+(A''*B)')' | 30     | 18     | -      | -      | 32     | 2    | 0    | -    | -    | -     | 1    | 1    | 
|idct_Block_entry687_proc1                     | (PCIN+(A''*B)')' | 30     | 18     | -      | -      | 32     | 2    | 0    | -    | -    | -     | 1    | 1    | 
|idct_Block_entry687_proc1                     | (PCIN+(A''*B)')' | 30     | 18     | -      | -      | 32     | 2    | 0    | -    | -    | -     | 1    | 1    | 
|idct_Block_entry687_proc1                     | (PCIN+(A''*B)')' | 30     | 18     | -      | -      | 32     | 2    | 0    | -    | -    | -     | 1    | 1    | 
|idct_Block_entry687_proc1                     | (PCIN+(A''*B)')' | 30     | 18     | -      | -      | 32     | 2    | 0    | -    | -    | -     | 1    | 1    | 
+----------------------------------------------+------------------+--------+--------+--------+--------+--------+------+------+------+------+-------+------+------+


Report BlackBoxes: 
+-+--------------+----------+
| |BlackBox name |Instances |
+-+--------------+----------+
+-+--------------+----------+

Report Cell Usage: 
+------+--------+------+
|      |Cell    |Count |
+------+--------+------+
|1     |CARRY4  |  2230|
|2     |DSP48E1 |   192|
|8     |LUT1    |   401|
|9     |LUT2    |  7201|
|10    |LUT3    |  1462|
|11    |LUT4    |  1374|
|12    |LUT5    |   136|
|13    |LUT6    |   365|
|14    |FDRE    |  5984|
|15    |FDSE    |    33|
+------+--------+------+
---------------------------------------------------------------------------------
Finished Writing Synthesis Report : Time (s): cpu = 00:01:21 ; elapsed = 00:01:22 . Memory (MB): peak = 1529.297 ; gain = 250.445
---------------------------------------------------------------------------------
Synthesis finished with 0 errors, 0 critical warnings and 385 warnings.
Synthesis Optimization Runtime : Time (s): cpu = 00:01:02 ; elapsed = 00:01:14 . Memory (MB): peak = 1529.297 ; gain = 124.852
Synthesis Optimization Complete : Time (s): cpu = 00:01:21 ; elapsed = 00:01:22 . Memory (MB): peak = 1529.297 ; gain = 250.445
INFO: [Project 1-571] Translating synthesized netlist
Netlist sorting complete. Time (s): cpu = 00:00:01 ; elapsed = 00:00:00.766 . Memory (MB): peak = 1542.902 ; gain = 0.000
INFO: [Netlist 29-17] Analyzing 2422 Unisim elements for replacement
INFO: [Netlist 29-28] Unisim Transformation completed in 0 CPU seconds
INFO: [Project 1-570] Preparing netlist for logic optimization
INFO: [Opt 31-138] Pushed 0 inverter(s) to 0 load pin(s).
Netlist sorting complete. Time (s): cpu = 00:00:00 ; elapsed = 00:00:00.008 . Memory (MB): peak = 1549.609 ; gain = 0.000
INFO: [Project 1-111] Unisim Transformation Summary:
No Unisim elements were transformed.

Synth Design complete, checksum: 36c72fe
INFO: [Common 17-83] Releasing license: Synthesis
169 Infos, 237 Warnings, 0 Critical Warnings and 0 Errors encountered.
synth_design completed successfully
synth_design: Time (s): cpu = 00:01:34 ; elapsed = 00:02:01 . Memory (MB): peak = 1549.609 ; gain = 270.758
INFO: [Common 17-1381] The checkpoint 'C:/Users/hmcculla/ECE423/ECE-423-Labs/ece423_prefab/ece423_prefab/lab_prefab/lab_prefab.runs/lab_prefab_idct_0_2_synth_1/lab_prefab_idct_0_2.dcp' has been generated.
INFO: [Coretcl 2-1648] Added synthesis output to IP cache for IP lab_prefab_idct_0_2, cache-ID = 029682f49ccf8606
INFO: [Coretcl 2-1174] Renamed 388 cell refs.
INFO: [Common 17-1381] The checkpoint 'C:/Users/hmcculla/ECE423/ECE-423-Labs/ece423_prefab/ece423_prefab/lab_prefab/lab_prefab.runs/lab_prefab_idct_0_2_synth_1/lab_prefab_idct_0_2.dcp' has been generated.
INFO: [runtcl-4] Executing : report_utilization -file lab_prefab_idct_0_2_utilization_synth.rpt -pb lab_prefab_idct_0_2_utilization_synth.pb
INFO: [Common 17-206] Exiting Vivado at Wed Feb 12 16:34:57 2025...
