

================================================================
== Vitis HLS Report for 'Block_entry687_proc1'
================================================================
* Date:           Wed Feb 12 16:09:42 2025

* Version:        2022.1 (Build 3526262 on Mon Apr 18 15:48:16 MDT 2022)
* Project:        ECE423_Lab2
* Solution:       solution1 (Vivado IP Flow Target)
* Product family: zynq
* Target device:  xc7z020-clg400-1


================================================================
== Performance Estimates
================================================================
+ Timing: 
    * Summary: 
    +--------+----------+----------+------------+
    |  Clock |  Target  | Estimated| Uncertainty|
    +--------+----------+----------+------------+
    |ap_clk  |  10.00 ns|  7.597 ns|     1.25 ns|
    +--------+----------+----------+------------+

+ Latency: 
    * Summary: 
    +---------+---------+----------+----------+-----+-----+---------+
    |  Latency (cycles) |  Latency (absolute) |  Interval | Pipeline|
    |   min   |   max   |    min   |    max   | min | max |   Type  |
    +---------+---------+----------+----------+-----+-----+---------+
    |       58|       58|  0.580 us|  0.580 us|   58|   58|       no|
    +---------+---------+----------+----------+-----+-----+---------+

    + Detail: 
        * Instance: 
        N/A

        * Loop: 
        N/A

============================================================
+ Verbose Summary: Synthesis Manager
============================================================
InlineROM: 1
ExposeGlobal: 0
============================================================
+ Verbose Summary: CDFG Model
============================================================
IsTopModel: 0
ResetActiveHigh: 1
IsCombinational: 2
IsDatapathOnly: 0
HasWiredReturn: 1
HasMFsm: 0
HasVarLatency: 1
IsPipeline: 0
IsRtlPipelined: 0
IsInstanceOverlapped: 0
IsDontTouch: 0
HasImplIP: 0
IsGatedGlobalClock: 0


============================================================
+ Verbose Summary: Schedule
============================================================
* Number of FSM states : 59
* Pipeline : 0
* Dataflow Pipeline: 0

* FSM state transitions: 
1 --> 2 
2 --> 3 
3 --> 4 
4 --> 5 
5 --> 6 
6 --> 7 
7 --> 8 
8 --> 9 
9 --> 10 
10 --> 11 
11 --> 12 
12 --> 13 
13 --> 14 
14 --> 15 
15 --> 16 
16 --> 17 
17 --> 18 
18 --> 19 
19 --> 20 
20 --> 21 
21 --> 22 
22 --> 23 
23 --> 24 
24 --> 25 
25 --> 26 
26 --> 27 
27 --> 28 
28 --> 29 
29 --> 30 
30 --> 31 
31 --> 32 
32 --> 33 
33 --> 34 
34 --> 35 
35 --> 36 
36 --> 37 
37 --> 38 
38 --> 39 
39 --> 40 
40 --> 41 
41 --> 42 
42 --> 43 
43 --> 44 
44 --> 45 
45 --> 46 
46 --> 47 
47 --> 48 
48 --> 49 
49 --> 50 
50 --> 51 
51 --> 52 
52 --> 53 
53 --> 54 
54 --> 55 
55 --> 56 
56 --> 57 
57 --> 58 
58 --> 59 
59 --> 

* FSM state operations: 

State 1 <SV = 0> <Delay = 0.00>
ST_1 : Operation 60 [1/1] (0.00ns)   --->   "%DCAC_read = read i32 @_ssdm_op_Read.axis.volatile.i32P128A, i32 %DCAC" [../import_files/import_files/2D_idct.cpp:39]   --->   Operation 60 'read' 'DCAC_read' <Predicate = true> <Delay = 0.00> <CoreInst = "axis">   --->   Core 115 'axis' <Latency = 0> <II = 1> <Delay = 1.00> <Adapter> <Opcode : >
ST_1 : Operation 61 [1/1] (0.00ns)   --->   "%trunc_ln39 = trunc i32 %DCAC_read" [../import_files/import_files/2D_idct.cpp:39]   --->   Operation 61 'trunc' 'trunc_ln39' <Predicate = true> <Delay = 0.00>
ST_1 : Operation 62 [1/1] (0.00ns)   --->   "%tmp = partselect i16 @_ssdm_op_PartSelect.i16.i32.i32.i32, i32 %DCAC_read, i32 16, i32 31" [../import_files/import_files/2D_idct.cpp:40]   --->   Operation 62 'partselect' 'tmp' <Predicate = true> <Delay = 0.00>

State 2 <SV = 1> <Delay = 0.00>
ST_2 : Operation 63 [1/1] (0.00ns)   --->   "%DCAC_read_1 = read i32 @_ssdm_op_Read.axis.volatile.i32P128A, i32 %DCAC" [../import_files/import_files/2D_idct.cpp:41]   --->   Operation 63 'read' 'DCAC_read_1' <Predicate = true> <Delay = 0.00> <CoreInst = "axis">   --->   Core 115 'axis' <Latency = 0> <II = 1> <Delay = 1.00> <Adapter> <Opcode : >
ST_2 : Operation 64 [1/1] (0.00ns)   --->   "%trunc_ln41 = trunc i32 %DCAC_read_1" [../import_files/import_files/2D_idct.cpp:41]   --->   Operation 64 'trunc' 'trunc_ln41' <Predicate = true> <Delay = 0.00>
ST_2 : Operation 65 [1/1] (0.00ns)   --->   "%tmp_s = partselect i16 @_ssdm_op_PartSelect.i16.i32.i32.i32, i32 %DCAC_read_1, i32 16, i32 31" [../import_files/import_files/2D_idct.cpp:42]   --->   Operation 65 'partselect' 'tmp_s' <Predicate = true> <Delay = 0.00>

State 3 <SV = 2> <Delay = 0.00>
ST_3 : Operation 66 [1/1] (0.00ns)   --->   "%DCAC_read_2 = read i32 @_ssdm_op_Read.axis.volatile.i32P128A, i32 %DCAC" [../import_files/import_files/2D_idct.cpp:43]   --->   Operation 66 'read' 'DCAC_read_2' <Predicate = true> <Delay = 0.00> <CoreInst = "axis">   --->   Core 115 'axis' <Latency = 0> <II = 1> <Delay = 1.00> <Adapter> <Opcode : >
ST_3 : Operation 67 [1/1] (0.00ns)   --->   "%trunc_ln43 = trunc i32 %DCAC_read_2" [../import_files/import_files/2D_idct.cpp:43]   --->   Operation 67 'trunc' 'trunc_ln43' <Predicate = true> <Delay = 0.00>
ST_3 : Operation 68 [1/1] (0.00ns)   --->   "%tmp_1 = partselect i16 @_ssdm_op_PartSelect.i16.i32.i32.i32, i32 %DCAC_read_2, i32 16, i32 31" [../import_files/import_files/2D_idct.cpp:44]   --->   Operation 68 'partselect' 'tmp_1' <Predicate = true> <Delay = 0.00>

State 4 <SV = 3> <Delay = 0.00>
ST_4 : Operation 69 [1/1] (0.00ns)   --->   "%DCAC_read_3 = read i32 @_ssdm_op_Read.axis.volatile.i32P128A, i32 %DCAC" [../import_files/import_files/2D_idct.cpp:45]   --->   Operation 69 'read' 'DCAC_read_3' <Predicate = true> <Delay = 0.00> <CoreInst = "axis">   --->   Core 115 'axis' <Latency = 0> <II = 1> <Delay = 1.00> <Adapter> <Opcode : >
ST_4 : Operation 70 [1/1] (0.00ns)   --->   "%trunc_ln45 = trunc i32 %DCAC_read_3" [../import_files/import_files/2D_idct.cpp:45]   --->   Operation 70 'trunc' 'trunc_ln45' <Predicate = true> <Delay = 0.00>
ST_4 : Operation 71 [1/1] (0.00ns)   --->   "%tmp_2 = partselect i16 @_ssdm_op_PartSelect.i16.i32.i32.i32, i32 %DCAC_read_3, i32 16, i32 31" [../import_files/import_files/2D_idct.cpp:46]   --->   Operation 71 'partselect' 'tmp_2' <Predicate = true> <Delay = 0.00>

State 5 <SV = 4> <Delay = 0.00>
ST_5 : Operation 72 [1/1] (0.00ns)   --->   "%DCAC_read_4 = read i32 @_ssdm_op_Read.axis.volatile.i32P128A, i32 %DCAC" [../import_files/import_files/2D_idct.cpp:39]   --->   Operation 72 'read' 'DCAC_read_4' <Predicate = true> <Delay = 0.00> <CoreInst = "axis">   --->   Core 115 'axis' <Latency = 0> <II = 1> <Delay = 1.00> <Adapter> <Opcode : >
ST_5 : Operation 73 [1/1] (0.00ns)   --->   "%tmp3_4 = trunc i32 %DCAC_read_4" [../import_files/import_files/2D_idct.cpp:39]   --->   Operation 73 'trunc' 'tmp3_4' <Predicate = true> <Delay = 0.00>
ST_5 : Operation 74 [1/1] (0.00ns)   --->   "%tmp3_7 = partselect i16 @_ssdm_op_PartSelect.i16.i32.i32.i32, i32 %DCAC_read_4, i32 16, i32 31" [../import_files/import_files/2D_idct.cpp:40]   --->   Operation 74 'partselect' 'tmp3_7' <Predicate = true> <Delay = 0.00>

State 6 <SV = 5> <Delay = 0.00>
ST_6 : Operation 75 [1/1] (0.00ns)   --->   "%DCAC_read_5 = read i32 @_ssdm_op_Read.axis.volatile.i32P128A, i32 %DCAC" [../import_files/import_files/2D_idct.cpp:41]   --->   Operation 75 'read' 'DCAC_read_5' <Predicate = true> <Delay = 0.00> <CoreInst = "axis">   --->   Core 115 'axis' <Latency = 0> <II = 1> <Delay = 1.00> <Adapter> <Opcode : >
ST_6 : Operation 76 [1/1] (0.00ns)   --->   "%tmp3_11 = trunc i32 %DCAC_read_5" [../import_files/import_files/2D_idct.cpp:41]   --->   Operation 76 'trunc' 'tmp3_11' <Predicate = true> <Delay = 0.00>
ST_6 : Operation 77 [1/1] (0.00ns)   --->   "%tmp3_1 = partselect i16 @_ssdm_op_PartSelect.i16.i32.i32.i32, i32 %DCAC_read_5, i32 16, i32 31" [../import_files/import_files/2D_idct.cpp:42]   --->   Operation 77 'partselect' 'tmp3_1' <Predicate = true> <Delay = 0.00>

State 7 <SV = 6> <Delay = 0.00>
ST_7 : Operation 78 [1/1] (0.00ns)   --->   "%DCAC_read_6 = read i32 @_ssdm_op_Read.axis.volatile.i32P128A, i32 %DCAC" [../import_files/import_files/2D_idct.cpp:43]   --->   Operation 78 'read' 'DCAC_read_6' <Predicate = true> <Delay = 0.00> <CoreInst = "axis">   --->   Core 115 'axis' <Latency = 0> <II = 1> <Delay = 1.00> <Adapter> <Opcode : >
ST_7 : Operation 79 [1/1] (0.00ns)   --->   "%tmp3_18 = trunc i32 %DCAC_read_6" [../import_files/import_files/2D_idct.cpp:43]   --->   Operation 79 'trunc' 'tmp3_18' <Predicate = true> <Delay = 0.00>
ST_7 : Operation 80 [1/1] (0.00ns)   --->   "%tmp3_2 = partselect i16 @_ssdm_op_PartSelect.i16.i32.i32.i32, i32 %DCAC_read_6, i32 16, i32 31" [../import_files/import_files/2D_idct.cpp:44]   --->   Operation 80 'partselect' 'tmp3_2' <Predicate = true> <Delay = 0.00>

State 8 <SV = 7> <Delay = 0.00>
ST_8 : Operation 81 [1/1] (0.00ns)   --->   "%DCAC_read_7 = read i32 @_ssdm_op_Read.axis.volatile.i32P128A, i32 %DCAC" [../import_files/import_files/2D_idct.cpp:45]   --->   Operation 81 'read' 'DCAC_read_7' <Predicate = true> <Delay = 0.00> <CoreInst = "axis">   --->   Core 115 'axis' <Latency = 0> <II = 1> <Delay = 1.00> <Adapter> <Opcode : >
ST_8 : Operation 82 [1/1] (0.00ns)   --->   "%tmp3_24 = trunc i32 %DCAC_read_7" [../import_files/import_files/2D_idct.cpp:45]   --->   Operation 82 'trunc' 'tmp3_24' <Predicate = true> <Delay = 0.00>
ST_8 : Operation 83 [1/1] (0.00ns)   --->   "%tmp3_3 = partselect i16 @_ssdm_op_PartSelect.i16.i32.i32.i32, i32 %DCAC_read_7, i32 16, i32 31" [../import_files/import_files/2D_idct.cpp:46]   --->   Operation 83 'partselect' 'tmp3_3' <Predicate = true> <Delay = 0.00>

State 9 <SV = 8> <Delay = 0.00>
ST_9 : Operation 84 [1/1] (0.00ns)   --->   "%DCAC_read_8 = read i32 @_ssdm_op_Read.axis.volatile.i32P128A, i32 %DCAC" [../import_files/import_files/2D_idct.cpp:39]   --->   Operation 84 'read' 'DCAC_read_8' <Predicate = true> <Delay = 0.00> <CoreInst = "axis">   --->   Core 115 'axis' <Latency = 0> <II = 1> <Delay = 1.00> <Adapter> <Opcode : >
ST_9 : Operation 85 [1/1] (0.00ns)   --->   "%z2 = trunc i32 %DCAC_read_8" [../import_files/import_files/2D_idct.cpp:39]   --->   Operation 85 'trunc' 'z2' <Predicate = true> <Delay = 0.00>
ST_9 : Operation 86 [1/1] (0.00ns)   --->   "%z2_3 = partselect i16 @_ssdm_op_PartSelect.i16.i32.i32.i32, i32 %DCAC_read_8, i32 16, i32 31" [../import_files/import_files/2D_idct.cpp:40]   --->   Operation 86 'partselect' 'z2_3' <Predicate = true> <Delay = 0.00>

State 10 <SV = 9> <Delay = 0.00>
ST_10 : Operation 87 [1/1] (0.00ns)   --->   "%DCAC_read_9 = read i32 @_ssdm_op_Read.axis.volatile.i32P128A, i32 %DCAC" [../import_files/import_files/2D_idct.cpp:41]   --->   Operation 87 'read' 'DCAC_read_9' <Predicate = true> <Delay = 0.00> <CoreInst = "axis">   --->   Core 115 'axis' <Latency = 0> <II = 1> <Delay = 1.00> <Adapter> <Opcode : >
ST_10 : Operation 88 [1/1] (0.00ns)   --->   "%z2_9 = trunc i32 %DCAC_read_9" [../import_files/import_files/2D_idct.cpp:41]   --->   Operation 88 'trunc' 'z2_9' <Predicate = true> <Delay = 0.00>
ST_10 : Operation 89 [1/1] (0.00ns)   --->   "%z2_2 = partselect i16 @_ssdm_op_PartSelect.i16.i32.i32.i32, i32 %DCAC_read_9, i32 16, i32 31" [../import_files/import_files/2D_idct.cpp:42]   --->   Operation 89 'partselect' 'z2_2' <Predicate = true> <Delay = 0.00>

State 11 <SV = 10> <Delay = 0.00>
ST_11 : Operation 90 [1/1] (0.00ns)   --->   "%DCAC_read_10 = read i32 @_ssdm_op_Read.axis.volatile.i32P128A, i32 %DCAC" [../import_files/import_files/2D_idct.cpp:43]   --->   Operation 90 'read' 'DCAC_read_10' <Predicate = true> <Delay = 0.00> <CoreInst = "axis">   --->   Core 115 'axis' <Latency = 0> <II = 1> <Delay = 1.00> <Adapter> <Opcode : >
ST_11 : Operation 91 [1/1] (0.00ns)   --->   "%z2_14 = trunc i32 %DCAC_read_10" [../import_files/import_files/2D_idct.cpp:43]   --->   Operation 91 'trunc' 'z2_14' <Predicate = true> <Delay = 0.00>
ST_11 : Operation 92 [1/1] (0.00ns)   --->   "%z2_5 = partselect i16 @_ssdm_op_PartSelect.i16.i32.i32.i32, i32 %DCAC_read_10, i32 16, i32 31" [../import_files/import_files/2D_idct.cpp:44]   --->   Operation 92 'partselect' 'z2_5' <Predicate = true> <Delay = 0.00>

State 12 <SV = 11> <Delay = 0.00>
ST_12 : Operation 93 [1/1] (0.00ns)   --->   "%DCAC_read_11 = read i32 @_ssdm_op_Read.axis.volatile.i32P128A, i32 %DCAC" [../import_files/import_files/2D_idct.cpp:45]   --->   Operation 93 'read' 'DCAC_read_11' <Predicate = true> <Delay = 0.00> <CoreInst = "axis">   --->   Core 115 'axis' <Latency = 0> <II = 1> <Delay = 1.00> <Adapter> <Opcode : >
ST_12 : Operation 94 [1/1] (0.00ns)   --->   "%z2_18 = trunc i32 %DCAC_read_11" [../import_files/import_files/2D_idct.cpp:45]   --->   Operation 94 'trunc' 'z2_18' <Predicate = true> <Delay = 0.00>
ST_12 : Operation 95 [1/1] (0.00ns)   --->   "%z2_6 = partselect i16 @_ssdm_op_PartSelect.i16.i32.i32.i32, i32 %DCAC_read_11, i32 16, i32 31" [../import_files/import_files/2D_idct.cpp:46]   --->   Operation 95 'partselect' 'z2_6' <Predicate = true> <Delay = 0.00>

State 13 <SV = 12> <Delay = 0.00>
ST_13 : Operation 96 [1/1] (0.00ns)   --->   "%DCAC_read_12 = read i32 @_ssdm_op_Read.axis.volatile.i32P128A, i32 %DCAC" [../import_files/import_files/2D_idct.cpp:39]   --->   Operation 96 'read' 'DCAC_read_12' <Predicate = true> <Delay = 0.00> <CoreInst = "axis">   --->   Core 115 'axis' <Latency = 0> <II = 1> <Delay = 1.00> <Adapter> <Opcode : >
ST_13 : Operation 97 [1/1] (0.00ns)   --->   "%tmp2_4 = trunc i32 %DCAC_read_12" [../import_files/import_files/2D_idct.cpp:39]   --->   Operation 97 'trunc' 'tmp2_4' <Predicate = true> <Delay = 0.00>
ST_13 : Operation 98 [1/1] (0.00ns)   --->   "%tmp2_7 = partselect i16 @_ssdm_op_PartSelect.i16.i32.i32.i32, i32 %DCAC_read_12, i32 16, i32 31" [../import_files/import_files/2D_idct.cpp:40]   --->   Operation 98 'partselect' 'tmp2_7' <Predicate = true> <Delay = 0.00>

State 14 <SV = 13> <Delay = 0.00>
ST_14 : Operation 99 [1/1] (0.00ns)   --->   "%DCAC_read_13 = read i32 @_ssdm_op_Read.axis.volatile.i32P128A, i32 %DCAC" [../import_files/import_files/2D_idct.cpp:41]   --->   Operation 99 'read' 'DCAC_read_13' <Predicate = true> <Delay = 0.00> <CoreInst = "axis">   --->   Core 115 'axis' <Latency = 0> <II = 1> <Delay = 1.00> <Adapter> <Opcode : >
ST_14 : Operation 100 [1/1] (0.00ns)   --->   "%tmp2_11 = trunc i32 %DCAC_read_13" [../import_files/import_files/2D_idct.cpp:41]   --->   Operation 100 'trunc' 'tmp2_11' <Predicate = true> <Delay = 0.00>
ST_14 : Operation 101 [1/1] (0.00ns)   --->   "%tmp2_1 = partselect i16 @_ssdm_op_PartSelect.i16.i32.i32.i32, i32 %DCAC_read_13, i32 16, i32 31" [../import_files/import_files/2D_idct.cpp:42]   --->   Operation 101 'partselect' 'tmp2_1' <Predicate = true> <Delay = 0.00>

State 15 <SV = 14> <Delay = 0.00>
ST_15 : Operation 102 [1/1] (0.00ns)   --->   "%DCAC_read_14 = read i32 @_ssdm_op_Read.axis.volatile.i32P128A, i32 %DCAC" [../import_files/import_files/2D_idct.cpp:43]   --->   Operation 102 'read' 'DCAC_read_14' <Predicate = true> <Delay = 0.00> <CoreInst = "axis">   --->   Core 115 'axis' <Latency = 0> <II = 1> <Delay = 1.00> <Adapter> <Opcode : >
ST_15 : Operation 103 [1/1] (0.00ns)   --->   "%tmp2_18 = trunc i32 %DCAC_read_14" [../import_files/import_files/2D_idct.cpp:43]   --->   Operation 103 'trunc' 'tmp2_18' <Predicate = true> <Delay = 0.00>
ST_15 : Operation 104 [1/1] (0.00ns)   --->   "%tmp2_2 = partselect i16 @_ssdm_op_PartSelect.i16.i32.i32.i32, i32 %DCAC_read_14, i32 16, i32 31" [../import_files/import_files/2D_idct.cpp:44]   --->   Operation 104 'partselect' 'tmp2_2' <Predicate = true> <Delay = 0.00>

State 16 <SV = 15> <Delay = 0.00>
ST_16 : Operation 105 [1/1] (0.00ns)   --->   "%DCAC_read_15 = read i32 @_ssdm_op_Read.axis.volatile.i32P128A, i32 %DCAC" [../import_files/import_files/2D_idct.cpp:45]   --->   Operation 105 'read' 'DCAC_read_15' <Predicate = true> <Delay = 0.00> <CoreInst = "axis">   --->   Core 115 'axis' <Latency = 0> <II = 1> <Delay = 1.00> <Adapter> <Opcode : >
ST_16 : Operation 106 [1/1] (0.00ns)   --->   "%tmp2_24 = trunc i32 %DCAC_read_15" [../import_files/import_files/2D_idct.cpp:45]   --->   Operation 106 'trunc' 'tmp2_24' <Predicate = true> <Delay = 0.00>
ST_16 : Operation 107 [1/1] (0.00ns)   --->   "%tmp2_3 = partselect i16 @_ssdm_op_PartSelect.i16.i32.i32.i32, i32 %DCAC_read_15, i32 16, i32 31" [../import_files/import_files/2D_idct.cpp:46]   --->   Operation 107 'partselect' 'tmp2_3' <Predicate = true> <Delay = 0.00>

State 17 <SV = 16> <Delay = 0.00>
ST_17 : Operation 108 [1/1] (0.00ns)   --->   "%DCAC_read_16 = read i32 @_ssdm_op_Read.axis.volatile.i32P128A, i32 %DCAC" [../import_files/import_files/2D_idct.cpp:39]   --->   Operation 108 'read' 'DCAC_read_16' <Predicate = true> <Delay = 0.00> <CoreInst = "axis">   --->   Core 115 'axis' <Latency = 0> <II = 1> <Delay = 1.00> <Adapter> <Opcode : >
ST_17 : Operation 109 [1/1] (0.00ns)   --->   "%trunc_ln39_4 = trunc i32 %DCAC_read_16" [../import_files/import_files/2D_idct.cpp:39]   --->   Operation 109 'trunc' 'trunc_ln39_4' <Predicate = true> <Delay = 0.00>
ST_17 : Operation 110 [1/1] (0.00ns)   --->   "%tmp_3 = partselect i16 @_ssdm_op_PartSelect.i16.i32.i32.i32, i32 %DCAC_read_16, i32 16, i32 31" [../import_files/import_files/2D_idct.cpp:40]   --->   Operation 110 'partselect' 'tmp_3' <Predicate = true> <Delay = 0.00>

State 18 <SV = 17> <Delay = 0.00>
ST_18 : Operation 111 [1/1] (0.00ns)   --->   "%DCAC_read_17 = read i32 @_ssdm_op_Read.axis.volatile.i32P128A, i32 %DCAC" [../import_files/import_files/2D_idct.cpp:41]   --->   Operation 111 'read' 'DCAC_read_17' <Predicate = true> <Delay = 0.00> <CoreInst = "axis">   --->   Core 115 'axis' <Latency = 0> <II = 1> <Delay = 1.00> <Adapter> <Opcode : >
ST_18 : Operation 112 [1/1] (0.00ns)   --->   "%trunc_ln41_4 = trunc i32 %DCAC_read_17" [../import_files/import_files/2D_idct.cpp:41]   --->   Operation 112 'trunc' 'trunc_ln41_4' <Predicate = true> <Delay = 0.00>
ST_18 : Operation 113 [1/1] (0.00ns)   --->   "%tmp_4 = partselect i16 @_ssdm_op_PartSelect.i16.i32.i32.i32, i32 %DCAC_read_17, i32 16, i32 31" [../import_files/import_files/2D_idct.cpp:42]   --->   Operation 113 'partselect' 'tmp_4' <Predicate = true> <Delay = 0.00>

State 19 <SV = 18> <Delay = 0.00>
ST_19 : Operation 114 [1/1] (0.00ns)   --->   "%DCAC_read_18 = read i32 @_ssdm_op_Read.axis.volatile.i32P128A, i32 %DCAC" [../import_files/import_files/2D_idct.cpp:43]   --->   Operation 114 'read' 'DCAC_read_18' <Predicate = true> <Delay = 0.00> <CoreInst = "axis">   --->   Core 115 'axis' <Latency = 0> <II = 1> <Delay = 1.00> <Adapter> <Opcode : >
ST_19 : Operation 115 [1/1] (0.00ns)   --->   "%trunc_ln43_4 = trunc i32 %DCAC_read_18" [../import_files/import_files/2D_idct.cpp:43]   --->   Operation 115 'trunc' 'trunc_ln43_4' <Predicate = true> <Delay = 0.00>
ST_19 : Operation 116 [1/1] (0.00ns)   --->   "%tmp_5 = partselect i16 @_ssdm_op_PartSelect.i16.i32.i32.i32, i32 %DCAC_read_18, i32 16, i32 31" [../import_files/import_files/2D_idct.cpp:44]   --->   Operation 116 'partselect' 'tmp_5' <Predicate = true> <Delay = 0.00>

State 20 <SV = 19> <Delay = 0.00>
ST_20 : Operation 117 [1/1] (0.00ns)   --->   "%DCAC_read_19 = read i32 @_ssdm_op_Read.axis.volatile.i32P128A, i32 %DCAC" [../import_files/import_files/2D_idct.cpp:45]   --->   Operation 117 'read' 'DCAC_read_19' <Predicate = true> <Delay = 0.00> <CoreInst = "axis">   --->   Core 115 'axis' <Latency = 0> <II = 1> <Delay = 1.00> <Adapter> <Opcode : >
ST_20 : Operation 118 [1/1] (0.00ns)   --->   "%trunc_ln45_4 = trunc i32 %DCAC_read_19" [../import_files/import_files/2D_idct.cpp:45]   --->   Operation 118 'trunc' 'trunc_ln45_4' <Predicate = true> <Delay = 0.00>
ST_20 : Operation 119 [1/1] (0.00ns)   --->   "%tmp_6 = partselect i16 @_ssdm_op_PartSelect.i16.i32.i32.i32, i32 %DCAC_read_19, i32 16, i32 31" [../import_files/import_files/2D_idct.cpp:46]   --->   Operation 119 'partselect' 'tmp_6' <Predicate = true> <Delay = 0.00>

State 21 <SV = 20> <Delay = 0.00>
ST_21 : Operation 120 [1/1] (0.00ns)   --->   "%DCAC_read_20 = read i32 @_ssdm_op_Read.axis.volatile.i32P128A, i32 %DCAC" [../import_files/import_files/2D_idct.cpp:39]   --->   Operation 120 'read' 'DCAC_read_20' <Predicate = true> <Delay = 0.00> <CoreInst = "axis">   --->   Core 115 'axis' <Latency = 0> <II = 1> <Delay = 1.00> <Adapter> <Opcode : >
ST_21 : Operation 121 [1/1] (0.00ns)   --->   "%tmp1_4 = trunc i32 %DCAC_read_20" [../import_files/import_files/2D_idct.cpp:39]   --->   Operation 121 'trunc' 'tmp1_4' <Predicate = true> <Delay = 0.00>
ST_21 : Operation 122 [1/1] (0.00ns)   --->   "%tmp1_7 = partselect i16 @_ssdm_op_PartSelect.i16.i32.i32.i32, i32 %DCAC_read_20, i32 16, i32 31" [../import_files/import_files/2D_idct.cpp:40]   --->   Operation 122 'partselect' 'tmp1_7' <Predicate = true> <Delay = 0.00>

State 22 <SV = 21> <Delay = 0.00>
ST_22 : Operation 123 [1/1] (0.00ns)   --->   "%DCAC_read_21 = read i32 @_ssdm_op_Read.axis.volatile.i32P128A, i32 %DCAC" [../import_files/import_files/2D_idct.cpp:41]   --->   Operation 123 'read' 'DCAC_read_21' <Predicate = true> <Delay = 0.00> <CoreInst = "axis">   --->   Core 115 'axis' <Latency = 0> <II = 1> <Delay = 1.00> <Adapter> <Opcode : >
ST_22 : Operation 124 [1/1] (0.00ns)   --->   "%tmp1_11 = trunc i32 %DCAC_read_21" [../import_files/import_files/2D_idct.cpp:41]   --->   Operation 124 'trunc' 'tmp1_11' <Predicate = true> <Delay = 0.00>
ST_22 : Operation 125 [1/1] (0.00ns)   --->   "%tmp1_1 = partselect i16 @_ssdm_op_PartSelect.i16.i32.i32.i32, i32 %DCAC_read_21, i32 16, i32 31" [../import_files/import_files/2D_idct.cpp:42]   --->   Operation 125 'partselect' 'tmp1_1' <Predicate = true> <Delay = 0.00>

State 23 <SV = 22> <Delay = 0.00>
ST_23 : Operation 126 [1/1] (0.00ns)   --->   "%DCAC_read_22 = read i32 @_ssdm_op_Read.axis.volatile.i32P128A, i32 %DCAC" [../import_files/import_files/2D_idct.cpp:43]   --->   Operation 126 'read' 'DCAC_read_22' <Predicate = true> <Delay = 0.00> <CoreInst = "axis">   --->   Core 115 'axis' <Latency = 0> <II = 1> <Delay = 1.00> <Adapter> <Opcode : >
ST_23 : Operation 127 [1/1] (0.00ns)   --->   "%tmp1_18 = trunc i32 %DCAC_read_22" [../import_files/import_files/2D_idct.cpp:43]   --->   Operation 127 'trunc' 'tmp1_18' <Predicate = true> <Delay = 0.00>
ST_23 : Operation 128 [1/1] (0.00ns)   --->   "%tmp1_2 = partselect i16 @_ssdm_op_PartSelect.i16.i32.i32.i32, i32 %DCAC_read_22, i32 16, i32 31" [../import_files/import_files/2D_idct.cpp:44]   --->   Operation 128 'partselect' 'tmp1_2' <Predicate = true> <Delay = 0.00>

State 24 <SV = 23> <Delay = 0.00>
ST_24 : Operation 129 [1/1] (0.00ns)   --->   "%DCAC_read_23 = read i32 @_ssdm_op_Read.axis.volatile.i32P128A, i32 %DCAC" [../import_files/import_files/2D_idct.cpp:45]   --->   Operation 129 'read' 'DCAC_read_23' <Predicate = true> <Delay = 0.00> <CoreInst = "axis">   --->   Core 115 'axis' <Latency = 0> <II = 1> <Delay = 1.00> <Adapter> <Opcode : >
ST_24 : Operation 130 [1/1] (0.00ns)   --->   "%tmp1_24 = trunc i32 %DCAC_read_23" [../import_files/import_files/2D_idct.cpp:45]   --->   Operation 130 'trunc' 'tmp1_24' <Predicate = true> <Delay = 0.00>
ST_24 : Operation 131 [1/1] (0.00ns)   --->   "%tmp1_3 = partselect i16 @_ssdm_op_PartSelect.i16.i32.i32.i32, i32 %DCAC_read_23, i32 16, i32 31" [../import_files/import_files/2D_idct.cpp:46]   --->   Operation 131 'partselect' 'tmp1_3' <Predicate = true> <Delay = 0.00>

State 25 <SV = 24> <Delay = 0.00>
ST_25 : Operation 132 [1/1] (0.00ns)   --->   "%DCAC_read_24 = read i32 @_ssdm_op_Read.axis.volatile.i32P128A, i32 %DCAC" [../import_files/import_files/2D_idct.cpp:39]   --->   Operation 132 'read' 'DCAC_read_24' <Predicate = true> <Delay = 0.00> <CoreInst = "axis">   --->   Core 115 'axis' <Latency = 0> <II = 1> <Delay = 1.00> <Adapter> <Opcode : >
ST_25 : Operation 133 [1/1] (0.00ns)   --->   "%z3 = trunc i32 %DCAC_read_24" [../import_files/import_files/2D_idct.cpp:39]   --->   Operation 133 'trunc' 'z3' <Predicate = true> <Delay = 0.00>
ST_25 : Operation 134 [1/1] (0.00ns)   --->   "%z3_4 = partselect i16 @_ssdm_op_PartSelect.i16.i32.i32.i32, i32 %DCAC_read_24, i32 16, i32 31" [../import_files/import_files/2D_idct.cpp:40]   --->   Operation 134 'partselect' 'z3_4' <Predicate = true> <Delay = 0.00>

State 26 <SV = 25> <Delay = 0.00>
ST_26 : Operation 135 [1/1] (0.00ns)   --->   "%DCAC_read_25 = read i32 @_ssdm_op_Read.axis.volatile.i32P128A, i32 %DCAC" [../import_files/import_files/2D_idct.cpp:41]   --->   Operation 135 'read' 'DCAC_read_25' <Predicate = true> <Delay = 0.00> <CoreInst = "axis">   --->   Core 115 'axis' <Latency = 0> <II = 1> <Delay = 1.00> <Adapter> <Opcode : >
ST_26 : Operation 136 [1/1] (0.00ns)   --->   "%z3_12 = trunc i32 %DCAC_read_25" [../import_files/import_files/2D_idct.cpp:41]   --->   Operation 136 'trunc' 'z3_12' <Predicate = true> <Delay = 0.00>
ST_26 : Operation 137 [1/1] (0.00ns)   --->   "%z3_3 = partselect i16 @_ssdm_op_PartSelect.i16.i32.i32.i32, i32 %DCAC_read_25, i32 16, i32 31" [../import_files/import_files/2D_idct.cpp:42]   --->   Operation 137 'partselect' 'z3_3' <Predicate = true> <Delay = 0.00>

State 27 <SV = 26> <Delay = 0.00>
ST_27 : Operation 138 [1/1] (0.00ns)   --->   "%DCAC_read_26 = read i32 @_ssdm_op_Read.axis.volatile.i32P128A, i32 %DCAC" [../import_files/import_files/2D_idct.cpp:43]   --->   Operation 138 'read' 'DCAC_read_26' <Predicate = true> <Delay = 0.00> <CoreInst = "axis">   --->   Core 115 'axis' <Latency = 0> <II = 1> <Delay = 1.00> <Adapter> <Opcode : >
ST_27 : Operation 139 [1/1] (0.00ns)   --->   "%z3_30 = trunc i32 %DCAC_read_26" [../import_files/import_files/2D_idct.cpp:43]   --->   Operation 139 'trunc' 'z3_30' <Predicate = true> <Delay = 0.00>
ST_27 : Operation 140 [1/1] (0.00ns)   --->   "%z3_7 = partselect i16 @_ssdm_op_PartSelect.i16.i32.i32.i32, i32 %DCAC_read_26, i32 16, i32 31" [../import_files/import_files/2D_idct.cpp:44]   --->   Operation 140 'partselect' 'z3_7' <Predicate = true> <Delay = 0.00>

State 28 <SV = 27> <Delay = 0.00>
ST_28 : Operation 141 [1/1] (0.00ns)   --->   "%DCAC_read_27 = read i32 @_ssdm_op_Read.axis.volatile.i32P128A, i32 %DCAC" [../import_files/import_files/2D_idct.cpp:45]   --->   Operation 141 'read' 'DCAC_read_27' <Predicate = true> <Delay = 0.00> <CoreInst = "axis">   --->   Core 115 'axis' <Latency = 0> <II = 1> <Delay = 1.00> <Adapter> <Opcode : >
ST_28 : Operation 142 [1/1] (0.00ns)   --->   "%z3_54 = trunc i32 %DCAC_read_27" [../import_files/import_files/2D_idct.cpp:45]   --->   Operation 142 'trunc' 'z3_54' <Predicate = true> <Delay = 0.00>
ST_28 : Operation 143 [1/1] (0.00ns)   --->   "%z3_8 = partselect i16 @_ssdm_op_PartSelect.i16.i32.i32.i32, i32 %DCAC_read_27, i32 16, i32 31" [../import_files/import_files/2D_idct.cpp:46]   --->   Operation 143 'partselect' 'z3_8' <Predicate = true> <Delay = 0.00>

State 29 <SV = 28> <Delay = 0.00>
ST_29 : Operation 144 [1/1] (0.00ns)   --->   "%DCAC_read_28 = read i32 @_ssdm_op_Read.axis.volatile.i32P128A, i32 %DCAC" [../import_files/import_files/2D_idct.cpp:39]   --->   Operation 144 'read' 'DCAC_read_28' <Predicate = true> <Delay = 0.00> <CoreInst = "axis">   --->   Core 115 'axis' <Latency = 0> <II = 1> <Delay = 1.00> <Adapter> <Opcode : >
ST_29 : Operation 145 [1/1] (0.00ns)   --->   "%tmp0_4 = trunc i32 %DCAC_read_28" [../import_files/import_files/2D_idct.cpp:39]   --->   Operation 145 'trunc' 'tmp0_4' <Predicate = true> <Delay = 0.00>
ST_29 : Operation 146 [1/1] (0.00ns)   --->   "%tmp0_8 = partselect i16 @_ssdm_op_PartSelect.i16.i32.i32.i32, i32 %DCAC_read_28, i32 16, i32 31" [../import_files/import_files/2D_idct.cpp:40]   --->   Operation 146 'partselect' 'tmp0_8' <Predicate = true> <Delay = 0.00>

State 30 <SV = 29> <Delay = 0.00>
ST_30 : Operation 147 [1/1] (0.00ns)   --->   "%DCAC_read_29 = read i32 @_ssdm_op_Read.axis.volatile.i32P128A, i32 %DCAC" [../import_files/import_files/2D_idct.cpp:41]   --->   Operation 147 'read' 'DCAC_read_29' <Predicate = true> <Delay = 0.00> <CoreInst = "axis">   --->   Core 115 'axis' <Latency = 0> <II = 1> <Delay = 1.00> <Adapter> <Opcode : >
ST_30 : Operation 148 [1/1] (0.00ns)   --->   "%tmp0_12 = trunc i32 %DCAC_read_29" [../import_files/import_files/2D_idct.cpp:41]   --->   Operation 148 'trunc' 'tmp0_12' <Predicate = true> <Delay = 0.00>
ST_30 : Operation 149 [1/1] (0.00ns)   --->   "%tmp0_1 = partselect i16 @_ssdm_op_PartSelect.i16.i32.i32.i32, i32 %DCAC_read_29, i32 16, i32 31" [../import_files/import_files/2D_idct.cpp:42]   --->   Operation 149 'partselect' 'tmp0_1' <Predicate = true> <Delay = 0.00>

State 31 <SV = 30> <Delay = 3.30>
ST_31 : Operation 150 [1/1] (0.00ns)   --->   "%sext_ln51_3 = sext i16 %z2_3" [../import_files/import_files/2D_idct.cpp:51]   --->   Operation 150 'sext' 'sext_ln51_3' <Predicate = true> <Delay = 0.00>
ST_31 : Operation 151 [1/1] (0.00ns)   --->   "%sext_ln51_7 = sext i16 %z2_2" [../import_files/import_files/2D_idct.cpp:51]   --->   Operation 151 'sext' 'sext_ln51_7' <Predicate = true> <Delay = 0.00>
ST_31 : Operation 152 [1/1] (0.00ns)   --->   "%sext_ln51_11 = sext i16 %z2_5" [../import_files/import_files/2D_idct.cpp:51]   --->   Operation 152 'sext' 'sext_ln51_11' <Predicate = true> <Delay = 0.00>
ST_31 : Operation 153 [1/1] (0.00ns)   --->   "%sext_ln51_15 = sext i16 %z2_6" [../import_files/import_files/2D_idct.cpp:51]   --->   Operation 153 'sext' 'sext_ln51_15' <Predicate = true> <Delay = 0.00>
ST_31 : Operation 154 [1/1] (0.00ns)   --->   "%sext_ln51_43 = sext i16 %z3_4" [../import_files/import_files/2D_idct.cpp:51]   --->   Operation 154 'sext' 'sext_ln51_43' <Predicate = true> <Delay = 0.00>
ST_31 : Operation 155 [1/1] (2.25ns) (grouped into DSP with root node z1_1)   --->   "%add_ln69_1 = add i17 %sext_ln51_43, i17 %sext_ln51_3" [../import_files/import_files/2D_idct.cpp:69]   --->   Operation 155 'add' 'add_ln69_1' <Predicate = true> <Delay = 2.25> <CoreInst = "DSP48">   --->   Core 119 'DSP48' <Latency = 3> <II = 1> <Delay = 2.15> <IPBlock> <Opcode : 'mul' 'add' 'sub' 'select'> <InPorts = 0> <OutPorts = 1> <Sync> <CReg>
ST_31 : Operation 156 [1/1] (0.00ns) (grouped into DSP with root node z1_1)   --->   "%sext_ln69 = sext i17 %add_ln69_1" [../import_files/import_files/2D_idct.cpp:69]   --->   Operation 156 'sext' 'sext_ln69' <Predicate = true> <Delay = 0.00>
ST_31 : Operation 157 [1/1] (0.00ns)   --->   "%sext_ln51_47 = sext i16 %z3_3" [../import_files/import_files/2D_idct.cpp:51]   --->   Operation 157 'sext' 'sext_ln51_47' <Predicate = true> <Delay = 0.00>
ST_31 : Operation 158 [1/1] (2.25ns) (grouped into DSP with root node z1_7)   --->   "%add_ln69_3 = add i17 %sext_ln51_47, i17 %sext_ln51_7" [../import_files/import_files/2D_idct.cpp:69]   --->   Operation 158 'add' 'add_ln69_3' <Predicate = true> <Delay = 2.25> <CoreInst = "DSP48">   --->   Core 119 'DSP48' <Latency = 3> <II = 1> <Delay = 2.15> <IPBlock> <Opcode : 'mul' 'add' 'sub' 'select'> <InPorts = 0> <OutPorts = 1> <Sync> <CReg>
ST_31 : Operation 159 [1/1] (0.00ns) (grouped into DSP with root node z1_7)   --->   "%sext_ln69_2 = sext i17 %add_ln69_3" [../import_files/import_files/2D_idct.cpp:69]   --->   Operation 159 'sext' 'sext_ln69_2' <Predicate = true> <Delay = 0.00>
ST_31 : Operation 160 [1/1] (0.00ns)   --->   "%sext_ln51_51 = sext i16 %z3_7" [../import_files/import_files/2D_idct.cpp:51]   --->   Operation 160 'sext' 'sext_ln51_51' <Predicate = true> <Delay = 0.00>
ST_31 : Operation 161 [1/1] (2.25ns) (grouped into DSP with root node z1_11)   --->   "%add_ln69_5 = add i17 %sext_ln51_51, i17 %sext_ln51_11" [../import_files/import_files/2D_idct.cpp:69]   --->   Operation 161 'add' 'add_ln69_5' <Predicate = true> <Delay = 2.25> <CoreInst = "DSP48">   --->   Core 119 'DSP48' <Latency = 3> <II = 1> <Delay = 2.15> <IPBlock> <Opcode : 'mul' 'add' 'sub' 'select'> <InPorts = 0> <OutPorts = 1> <Sync> <CReg>
ST_31 : Operation 162 [1/1] (0.00ns) (grouped into DSP with root node z1_11)   --->   "%sext_ln69_3 = sext i17 %add_ln69_5" [../import_files/import_files/2D_idct.cpp:69]   --->   Operation 162 'sext' 'sext_ln69_3' <Predicate = true> <Delay = 0.00>
ST_31 : Operation 163 [1/1] (0.00ns)   --->   "%sext_ln51_55 = sext i16 %z3_8" [../import_files/import_files/2D_idct.cpp:51]   --->   Operation 163 'sext' 'sext_ln51_55' <Predicate = true> <Delay = 0.00>
ST_31 : Operation 164 [1/1] (2.25ns) (grouped into DSP with root node z1_17)   --->   "%add_ln69_7 = add i17 %sext_ln51_55, i17 %sext_ln51_15" [../import_files/import_files/2D_idct.cpp:69]   --->   Operation 164 'add' 'add_ln69_7' <Predicate = true> <Delay = 2.25> <CoreInst = "DSP48">   --->   Core 119 'DSP48' <Latency = 3> <II = 1> <Delay = 2.15> <IPBlock> <Opcode : 'mul' 'add' 'sub' 'select'> <InPorts = 0> <OutPorts = 1> <Sync> <CReg>
ST_31 : Operation 165 [1/1] (0.00ns) (grouped into DSP with root node z1_17)   --->   "%sext_ln69_5 = sext i17 %add_ln69_7" [../import_files/import_files/2D_idct.cpp:69]   --->   Operation 165 'sext' 'sext_ln69_5' <Predicate = true> <Delay = 0.00>
ST_31 : Operation 166 [1/1] (0.00ns)   --->   "%DCAC_read_30 = read i32 @_ssdm_op_Read.axis.volatile.i32P128A, i32 %DCAC" [../import_files/import_files/2D_idct.cpp:43]   --->   Operation 166 'read' 'DCAC_read_30' <Predicate = true> <Delay = 0.00> <CoreInst = "axis">   --->   Core 115 'axis' <Latency = 0> <II = 1> <Delay = 1.00> <Adapter> <Opcode : >
ST_31 : Operation 167 [1/1] (0.00ns)   --->   "%tmp0_19 = trunc i32 %DCAC_read_30" [../import_files/import_files/2D_idct.cpp:43]   --->   Operation 167 'trunc' 'tmp0_19' <Predicate = true> <Delay = 0.00>
ST_31 : Operation 168 [1/1] (0.00ns)   --->   "%tmp0_2 = partselect i16 @_ssdm_op_PartSelect.i16.i32.i32.i32, i32 %DCAC_read_30, i32 16, i32 31" [../import_files/import_files/2D_idct.cpp:44]   --->   Operation 168 'partselect' 'tmp0_2' <Predicate = true> <Delay = 0.00>
ST_31 : Operation 169 [4/4] (1.05ns) (root node of the DSP)   --->   "%z1_1 = mul i31 %sext_ln69, i31 4433" [../import_files/import_files/2D_idct.cpp:69]   --->   Operation 169 'mul' 'z1_1' <Predicate = true> <Delay = 1.05> <CoreInst = "DSP48">   --->   Core 119 'DSP48' <Latency = 3> <II = 1> <Delay = 2.15> <IPBlock> <Opcode : 'mul' 'add' 'sub' 'select'> <InPorts = 0> <OutPorts = 1> <Sync> <CReg>
ST_31 : Operation 170 [4/4] (1.05ns) (root node of the DSP)   --->   "%z1_7 = mul i31 %sext_ln69_2, i31 4433" [../import_files/import_files/2D_idct.cpp:69]   --->   Operation 170 'mul' 'z1_7' <Predicate = true> <Delay = 1.05> <CoreInst = "DSP48">   --->   Core 119 'DSP48' <Latency = 3> <II = 1> <Delay = 2.15> <IPBlock> <Opcode : 'mul' 'add' 'sub' 'select'> <InPorts = 0> <OutPorts = 1> <Sync> <CReg>
ST_31 : Operation 171 [4/4] (1.05ns) (root node of the DSP)   --->   "%z1_11 = mul i31 %sext_ln69_3, i31 4433" [../import_files/import_files/2D_idct.cpp:69]   --->   Operation 171 'mul' 'z1_11' <Predicate = true> <Delay = 1.05> <CoreInst = "DSP48">   --->   Core 119 'DSP48' <Latency = 3> <II = 1> <Delay = 2.15> <IPBlock> <Opcode : 'mul' 'add' 'sub' 'select'> <InPorts = 0> <OutPorts = 1> <Sync> <CReg>
ST_31 : Operation 172 [4/4] (1.05ns) (root node of the DSP)   --->   "%z1_17 = mul i31 %sext_ln69_5, i31 4433" [../import_files/import_files/2D_idct.cpp:69]   --->   Operation 172 'mul' 'z1_17' <Predicate = true> <Delay = 1.05> <CoreInst = "DSP48">   --->   Core 119 'DSP48' <Latency = 3> <II = 1> <Delay = 2.15> <IPBlock> <Opcode : 'mul' 'add' 'sub' 'select'> <InPorts = 0> <OutPorts = 1> <Sync> <CReg>

State 32 <SV = 31> <Delay = 5.37>
ST_32 : Operation 173 [1/1] (0.00ns)   --->   "%sext_ln49_3 = sext i16 %tmp3_7" [../import_files/import_files/2D_idct.cpp:49]   --->   Operation 173 'sext' 'sext_ln49_3' <Predicate = true> <Delay = 0.00>
ST_32 : Operation 174 [1/1] (0.00ns)   --->   "%sext_ln49_7 = sext i16 %tmp3_1" [../import_files/import_files/2D_idct.cpp:49]   --->   Operation 174 'sext' 'sext_ln49_7' <Predicate = true> <Delay = 0.00>
ST_32 : Operation 175 [1/1] (0.00ns)   --->   "%sext_ln49_11 = sext i16 %tmp3_2" [../import_files/import_files/2D_idct.cpp:49]   --->   Operation 175 'sext' 'sext_ln49_11' <Predicate = true> <Delay = 0.00>
ST_32 : Operation 176 [1/1] (0.00ns)   --->   "%sext_ln49_15 = sext i16 %tmp3_3" [../import_files/import_files/2D_idct.cpp:49]   --->   Operation 176 'sext' 'sext_ln49_15' <Predicate = true> <Delay = 0.00>
ST_32 : Operation 177 [1/1] (0.00ns)   --->   "%sext_ln51_2 = sext i16 %z2_3" [../import_files/import_files/2D_idct.cpp:51]   --->   Operation 177 'sext' 'sext_ln51_2' <Predicate = true> <Delay = 0.00>
ST_32 : Operation 178 [1/1] (0.00ns)   --->   "%sext_ln51_5 = sext i16 %z2_9" [../import_files/import_files/2D_idct.cpp:51]   --->   Operation 178 'sext' 'sext_ln51_5' <Predicate = true> <Delay = 0.00>
ST_32 : Operation 179 [1/1] (0.00ns)   --->   "%sext_ln51_6 = sext i16 %z2_2" [../import_files/import_files/2D_idct.cpp:51]   --->   Operation 179 'sext' 'sext_ln51_6' <Predicate = true> <Delay = 0.00>
ST_32 : Operation 180 [1/1] (0.00ns)   --->   "%sext_ln51_10 = sext i16 %z2_5" [../import_files/import_files/2D_idct.cpp:51]   --->   Operation 180 'sext' 'sext_ln51_10' <Predicate = true> <Delay = 0.00>
ST_32 : Operation 181 [1/1] (0.00ns)   --->   "%sext_ln51_13 = sext i16 %z2_18" [../import_files/import_files/2D_idct.cpp:51]   --->   Operation 181 'sext' 'sext_ln51_13' <Predicate = true> <Delay = 0.00>
ST_32 : Operation 182 [1/1] (0.00ns)   --->   "%sext_ln51_14 = sext i16 %z2_6" [../import_files/import_files/2D_idct.cpp:51]   --->   Operation 182 'sext' 'sext_ln51_14' <Predicate = true> <Delay = 0.00>
ST_32 : Operation 183 [1/1] (0.00ns)   --->   "%sext_ln49_18 = sext i16 %tmp2_7" [../import_files/import_files/2D_idct.cpp:49]   --->   Operation 183 'sext' 'sext_ln49_18' <Predicate = true> <Delay = 0.00>
ST_32 : Operation 184 [1/1] (0.00ns)   --->   "%sext_ln49_20 = sext i16 %tmp2_1" [../import_files/import_files/2D_idct.cpp:49]   --->   Operation 184 'sext' 'sext_ln49_20' <Predicate = true> <Delay = 0.00>
ST_32 : Operation 185 [1/1] (0.00ns)   --->   "%sext_ln49_23 = sext i16 %tmp2_2" [../import_files/import_files/2D_idct.cpp:49]   --->   Operation 185 'sext' 'sext_ln49_23' <Predicate = true> <Delay = 0.00>
ST_32 : Operation 186 [1/1] (0.00ns)   --->   "%sext_ln49_25 = sext i16 %tmp2_3" [../import_files/import_files/2D_idct.cpp:49]   --->   Operation 186 'sext' 'sext_ln49_25' <Predicate = true> <Delay = 0.00>
ST_32 : Operation 187 [1/1] (0.00ns)   --->   "%sext_ln49_28 = sext i16 %tmp1_7" [../import_files/import_files/2D_idct.cpp:49]   --->   Operation 187 'sext' 'sext_ln49_28' <Predicate = true> <Delay = 0.00>
ST_32 : Operation 188 [1/1] (2.07ns)   --->   "%z4_3 = add i17 %sext_ln49_3, i17 %sext_ln49_28" [../import_files/import_files/2D_idct.cpp:96]   --->   Operation 188 'add' 'z4_3' <Predicate = true> <Delay = 2.07> <CoreInst = "Adder">   --->   Core 1 'Adder' <Latency = 0> <II = 1> <Delay = 2.07> <FuncUnit> <Opcode : 'add' 'sub'> <InPorts = 2> <OutPorts = 1>
ST_32 : Operation 189 [1/1] (0.00ns)   --->   "%sext_ln51_20 = sext i17 %z4_3" [../import_files/import_files/2D_idct.cpp:51]   --->   Operation 189 'sext' 'sext_ln51_20' <Predicate = true> <Delay = 0.00>
ST_32 : Operation 190 [1/1] (2.25ns) (grouped into DSP with root node z2_8)   --->   "%z2_7 = add i17 %sext_ln49_18, i17 %sext_ln49_28" [../import_files/import_files/2D_idct.cpp:94]   --->   Operation 190 'add' 'z2_7' <Predicate = true> <Delay = 2.25> <CoreInst = "DSP48">   --->   Core 119 'DSP48' <Latency = 3> <II = 1> <Delay = 2.15> <IPBlock> <Opcode : 'mul' 'add' 'sub' 'select'> <InPorts = 0> <OutPorts = 1> <Sync> <CReg>
ST_32 : Operation 191 [1/1] (0.00ns) (grouped into DSP with root node z2_8)   --->   "%sext_ln51_21 = sext i17 %z2_7" [../import_files/import_files/2D_idct.cpp:51]   --->   Operation 191 'sext' 'sext_ln51_21' <Predicate = true> <Delay = 0.00>
ST_32 : Operation 192 [1/1] (0.00ns)   --->   "%sext_ln49_30 = sext i16 %tmp1_1" [../import_files/import_files/2D_idct.cpp:49]   --->   Operation 192 'sext' 'sext_ln49_30' <Predicate = true> <Delay = 0.00>
ST_32 : Operation 193 [1/1] (2.07ns)   --->   "%z4_9 = add i17 %sext_ln49_7, i17 %sext_ln49_30" [../import_files/import_files/2D_idct.cpp:96]   --->   Operation 193 'add' 'z4_9' <Predicate = true> <Delay = 2.07> <CoreInst = "Adder">   --->   Core 1 'Adder' <Latency = 0> <II = 1> <Delay = 2.07> <FuncUnit> <Opcode : 'add' 'sub'> <InPorts = 2> <OutPorts = 1>
ST_32 : Operation 194 [1/1] (0.00ns)   --->   "%sext_ln51_26 = sext i17 %z4_9" [../import_files/import_files/2D_idct.cpp:51]   --->   Operation 194 'sext' 'sext_ln51_26' <Predicate = true> <Delay = 0.00>
ST_32 : Operation 195 [1/1] (2.25ns) (grouped into DSP with root node z2_13)   --->   "%z2_12 = add i17 %sext_ln49_20, i17 %sext_ln49_30" [../import_files/import_files/2D_idct.cpp:94]   --->   Operation 195 'add' 'z2_12' <Predicate = true> <Delay = 2.25> <CoreInst = "DSP48">   --->   Core 119 'DSP48' <Latency = 3> <II = 1> <Delay = 2.15> <IPBlock> <Opcode : 'mul' 'add' 'sub' 'select'> <InPorts = 0> <OutPorts = 1> <Sync> <CReg>
ST_32 : Operation 196 [1/1] (0.00ns) (grouped into DSP with root node z2_13)   --->   "%sext_ln51_27 = sext i17 %z2_12" [../import_files/import_files/2D_idct.cpp:51]   --->   Operation 196 'sext' 'sext_ln51_27' <Predicate = true> <Delay = 0.00>
ST_32 : Operation 197 [1/1] (0.00ns)   --->   "%sext_ln49_33 = sext i16 %tmp1_2" [../import_files/import_files/2D_idct.cpp:49]   --->   Operation 197 'sext' 'sext_ln49_33' <Predicate = true> <Delay = 0.00>
ST_32 : Operation 198 [1/1] (2.07ns)   --->   "%z4_15 = add i17 %sext_ln49_11, i17 %sext_ln49_33" [../import_files/import_files/2D_idct.cpp:96]   --->   Operation 198 'add' 'z4_15' <Predicate = true> <Delay = 2.07> <CoreInst = "Adder">   --->   Core 1 'Adder' <Latency = 0> <II = 1> <Delay = 2.07> <FuncUnit> <Opcode : 'add' 'sub'> <InPorts = 2> <OutPorts = 1>
ST_32 : Operation 199 [1/1] (0.00ns)   --->   "%sext_ln51_32 = sext i17 %z4_15" [../import_files/import_files/2D_idct.cpp:51]   --->   Operation 199 'sext' 'sext_ln51_32' <Predicate = true> <Delay = 0.00>
ST_32 : Operation 200 [1/1] (2.25ns) (grouped into DSP with root node z2_17)   --->   "%z2_16 = add i17 %sext_ln49_23, i17 %sext_ln49_33" [../import_files/import_files/2D_idct.cpp:94]   --->   Operation 200 'add' 'z2_16' <Predicate = true> <Delay = 2.25> <CoreInst = "DSP48">   --->   Core 119 'DSP48' <Latency = 3> <II = 1> <Delay = 2.15> <IPBlock> <Opcode : 'mul' 'add' 'sub' 'select'> <InPorts = 0> <OutPorts = 1> <Sync> <CReg>
ST_32 : Operation 201 [1/1] (0.00ns) (grouped into DSP with root node z2_17)   --->   "%sext_ln51_33 = sext i17 %z2_16" [../import_files/import_files/2D_idct.cpp:51]   --->   Operation 201 'sext' 'sext_ln51_33' <Predicate = true> <Delay = 0.00>
ST_32 : Operation 202 [1/1] (0.00ns)   --->   "%sext_ln49_35 = sext i16 %tmp1_3" [../import_files/import_files/2D_idct.cpp:49]   --->   Operation 202 'sext' 'sext_ln49_35' <Predicate = true> <Delay = 0.00>
ST_32 : Operation 203 [1/1] (2.07ns)   --->   "%z4_21 = add i17 %sext_ln49_15, i17 %sext_ln49_35" [../import_files/import_files/2D_idct.cpp:96]   --->   Operation 203 'add' 'z4_21' <Predicate = true> <Delay = 2.07> <CoreInst = "Adder">   --->   Core 1 'Adder' <Latency = 0> <II = 1> <Delay = 2.07> <FuncUnit> <Opcode : 'add' 'sub'> <InPorts = 2> <OutPorts = 1>
ST_32 : Operation 204 [1/1] (0.00ns)   --->   "%sext_ln51_38 = sext i17 %z4_21" [../import_files/import_files/2D_idct.cpp:51]   --->   Operation 204 'sext' 'sext_ln51_38' <Predicate = true> <Delay = 0.00>
ST_32 : Operation 205 [1/1] (2.25ns) (grouped into DSP with root node z2_25)   --->   "%z2_23 = add i17 %sext_ln49_25, i17 %sext_ln49_35" [../import_files/import_files/2D_idct.cpp:94]   --->   Operation 205 'add' 'z2_23' <Predicate = true> <Delay = 2.25> <CoreInst = "DSP48">   --->   Core 119 'DSP48' <Latency = 3> <II = 1> <Delay = 2.15> <IPBlock> <Opcode : 'mul' 'add' 'sub' 'select'> <InPorts = 0> <OutPorts = 1> <Sync> <CReg>
ST_32 : Operation 206 [1/1] (0.00ns) (grouped into DSP with root node z2_25)   --->   "%sext_ln51_39 = sext i17 %z2_23" [../import_files/import_files/2D_idct.cpp:51]   --->   Operation 206 'sext' 'sext_ln51_39' <Predicate = true> <Delay = 0.00>
ST_32 : Operation 207 [1/1] (0.00ns)   --->   "%sext_ln51_42 = sext i16 %z3_4" [../import_files/import_files/2D_idct.cpp:51]   --->   Operation 207 'sext' 'sext_ln51_42' <Predicate = true> <Delay = 0.00>
ST_32 : Operation 208 [1/1] (0.00ns)   --->   "%sext_ln51_45 = sext i16 %z3_12" [../import_files/import_files/2D_idct.cpp:51]   --->   Operation 208 'sext' 'sext_ln51_45' <Predicate = true> <Delay = 0.00>
ST_32 : Operation 209 [1/1] (2.25ns) (grouped into DSP with root node z1_4)   --->   "%add_ln69_2 = add i17 %sext_ln51_45, i17 %sext_ln51_5" [../import_files/import_files/2D_idct.cpp:69]   --->   Operation 209 'add' 'add_ln69_2' <Predicate = true> <Delay = 2.25> <CoreInst = "DSP48">   --->   Core 119 'DSP48' <Latency = 3> <II = 1> <Delay = 2.15> <IPBlock> <Opcode : 'mul' 'add' 'sub' 'select'> <InPorts = 0> <OutPorts = 1> <Sync> <CReg>
ST_32 : Operation 210 [1/1] (0.00ns) (grouped into DSP with root node z1_4)   --->   "%sext_ln69_1 = sext i17 %add_ln69_2" [../import_files/import_files/2D_idct.cpp:69]   --->   Operation 210 'sext' 'sext_ln69_1' <Predicate = true> <Delay = 0.00>
ST_32 : Operation 211 [1/1] (0.00ns)   --->   "%sext_ln51_46 = sext i16 %z3_3" [../import_files/import_files/2D_idct.cpp:51]   --->   Operation 211 'sext' 'sext_ln51_46' <Predicate = true> <Delay = 0.00>
ST_32 : Operation 212 [1/1] (0.00ns)   --->   "%sext_ln51_50 = sext i16 %z3_7" [../import_files/import_files/2D_idct.cpp:51]   --->   Operation 212 'sext' 'sext_ln51_50' <Predicate = true> <Delay = 0.00>
ST_32 : Operation 213 [1/1] (0.00ns)   --->   "%sext_ln51_53 = sext i16 %z3_54" [../import_files/import_files/2D_idct.cpp:51]   --->   Operation 213 'sext' 'sext_ln51_53' <Predicate = true> <Delay = 0.00>
ST_32 : Operation 214 [1/1] (2.25ns) (grouped into DSP with root node z1_14)   --->   "%add_ln69_6 = add i17 %sext_ln51_53, i17 %sext_ln51_13" [../import_files/import_files/2D_idct.cpp:69]   --->   Operation 214 'add' 'add_ln69_6' <Predicate = true> <Delay = 2.25> <CoreInst = "DSP48">   --->   Core 119 'DSP48' <Latency = 3> <II = 1> <Delay = 2.15> <IPBlock> <Opcode : 'mul' 'add' 'sub' 'select'> <InPorts = 0> <OutPorts = 1> <Sync> <CReg>
ST_32 : Operation 215 [1/1] (0.00ns) (grouped into DSP with root node z1_14)   --->   "%sext_ln69_4 = sext i17 %add_ln69_6" [../import_files/import_files/2D_idct.cpp:69]   --->   Operation 215 'sext' 'sext_ln69_4' <Predicate = true> <Delay = 0.00>
ST_32 : Operation 216 [1/1] (0.00ns)   --->   "%sext_ln51_54 = sext i16 %z3_8" [../import_files/import_files/2D_idct.cpp:51]   --->   Operation 216 'sext' 'sext_ln51_54' <Predicate = true> <Delay = 0.00>
ST_32 : Operation 217 [1/1] (0.00ns)   --->   "%sext_ln49_39 = sext i16 %tmp0_8" [../import_files/import_files/2D_idct.cpp:49]   --->   Operation 217 'sext' 'sext_ln49_39' <Predicate = true> <Delay = 0.00>
ST_32 : Operation 218 [1/1] (2.07ns)   --->   "%z3_9 = add i17 %sext_ln49_18, i17 %sext_ln49_39" [../import_files/import_files/2D_idct.cpp:95]   --->   Operation 218 'add' 'z3_9' <Predicate = true> <Delay = 2.07> <CoreInst = "Adder">   --->   Core 1 'Adder' <Latency = 0> <II = 1> <Delay = 2.07> <FuncUnit> <Opcode : 'add' 'sub'> <InPorts = 2> <OutPorts = 1>
ST_32 : Operation 219 [1/1] (0.00ns)   --->   "%sext_ln51_61 = sext i17 %z3_9" [../import_files/import_files/2D_idct.cpp:51]   --->   Operation 219 'sext' 'sext_ln51_61' <Predicate = true> <Delay = 0.00>
ST_32 : Operation 220 [1/1] (2.25ns) (grouped into DSP with root node z5)   --->   "%add_ln97_1 = add i18 %sext_ln51_20, i18 %sext_ln51_61" [../import_files/import_files/2D_idct.cpp:97]   --->   Operation 220 'add' 'add_ln97_1' <Predicate = true> <Delay = 2.25> <CoreInst = "DSP48">   --->   Core 119 'DSP48' <Latency = 3> <II = 1> <Delay = 2.15> <IPBlock> <Opcode : 'mul' 'add' 'sub' 'select'> <InPorts = 0> <OutPorts = 1> <Sync> <CReg>
ST_32 : Operation 221 [1/1] (0.00ns) (grouped into DSP with root node z5)   --->   "%sext_ln97 = sext i18 %add_ln97_1" [../import_files/import_files/2D_idct.cpp:97]   --->   Operation 221 'sext' 'sext_ln97' <Predicate = true> <Delay = 0.00>
ST_32 : Operation 222 [1/1] (2.25ns) (grouped into DSP with root node z1_3)   --->   "%z1_2 = add i17 %sext_ln49_3, i17 %sext_ln49_39" [../import_files/import_files/2D_idct.cpp:93]   --->   Operation 222 'add' 'z1_2' <Predicate = true> <Delay = 2.25> <CoreInst = "DSP48">   --->   Core 119 'DSP48' <Latency = 3> <II = 1> <Delay = 2.15> <IPBlock> <Opcode : 'mul' 'add' 'sub' 'select'> <InPorts = 0> <OutPorts = 1> <Sync> <CReg>
ST_32 : Operation 223 [1/1] (0.00ns) (grouped into DSP with root node z1_3)   --->   "%sext_ln51_62 = sext i17 %z1_2" [../import_files/import_files/2D_idct.cpp:51]   --->   Operation 223 'sext' 'sext_ln51_62' <Predicate = true> <Delay = 0.00>
ST_32 : Operation 224 [1/1] (0.00ns)   --->   "%sext_ln49_43 = sext i16 %tmp0_1" [../import_files/import_files/2D_idct.cpp:49]   --->   Operation 224 'sext' 'sext_ln49_43' <Predicate = true> <Delay = 0.00>
ST_32 : Operation 225 [1/1] (2.07ns)   --->   "%z3_21 = add i17 %sext_ln49_20, i17 %sext_ln49_43" [../import_files/import_files/2D_idct.cpp:95]   --->   Operation 225 'add' 'z3_21' <Predicate = true> <Delay = 2.07> <CoreInst = "Adder">   --->   Core 1 'Adder' <Latency = 0> <II = 1> <Delay = 2.07> <FuncUnit> <Opcode : 'add' 'sub'> <InPorts = 2> <OutPorts = 1>
ST_32 : Operation 226 [1/1] (0.00ns)   --->   "%sext_ln51_67 = sext i17 %z3_21" [../import_files/import_files/2D_idct.cpp:51]   --->   Operation 226 'sext' 'sext_ln51_67' <Predicate = true> <Delay = 0.00>
ST_32 : Operation 227 [1/1] (2.25ns) (grouped into DSP with root node z5_2)   --->   "%add_ln97_3 = add i18 %sext_ln51_26, i18 %sext_ln51_67" [../import_files/import_files/2D_idct.cpp:97]   --->   Operation 227 'add' 'add_ln97_3' <Predicate = true> <Delay = 2.25> <CoreInst = "DSP48">   --->   Core 119 'DSP48' <Latency = 3> <II = 1> <Delay = 2.15> <IPBlock> <Opcode : 'mul' 'add' 'sub' 'select'> <InPorts = 0> <OutPorts = 1> <Sync> <CReg>
ST_32 : Operation 228 [1/1] (0.00ns) (grouped into DSP with root node z5_2)   --->   "%sext_ln97_2 = sext i18 %add_ln97_3" [../import_files/import_files/2D_idct.cpp:97]   --->   Operation 228 'sext' 'sext_ln97_2' <Predicate = true> <Delay = 0.00>
ST_32 : Operation 229 [1/1] (2.25ns) (grouped into DSP with root node z1_9)   --->   "%z1_8 = add i17 %sext_ln49_7, i17 %sext_ln49_43" [../import_files/import_files/2D_idct.cpp:93]   --->   Operation 229 'add' 'z1_8' <Predicate = true> <Delay = 2.25> <CoreInst = "DSP48">   --->   Core 119 'DSP48' <Latency = 3> <II = 1> <Delay = 2.15> <IPBlock> <Opcode : 'mul' 'add' 'sub' 'select'> <InPorts = 0> <OutPorts = 1> <Sync> <CReg>
ST_32 : Operation 230 [1/1] (0.00ns) (grouped into DSP with root node z1_9)   --->   "%sext_ln51_68 = sext i17 %z1_8" [../import_files/import_files/2D_idct.cpp:51]   --->   Operation 230 'sext' 'sext_ln51_68' <Predicate = true> <Delay = 0.00>
ST_32 : Operation 231 [1/1] (0.00ns)   --->   "%sext_ln49_47 = sext i16 %tmp0_2" [../import_files/import_files/2D_idct.cpp:49]   --->   Operation 231 'sext' 'sext_ln49_47' <Predicate = true> <Delay = 0.00>
ST_32 : Operation 232 [1/1] (2.07ns)   --->   "%z3_42 = add i17 %sext_ln49_23, i17 %sext_ln49_47" [../import_files/import_files/2D_idct.cpp:95]   --->   Operation 232 'add' 'z3_42' <Predicate = true> <Delay = 2.07> <CoreInst = "Adder">   --->   Core 1 'Adder' <Latency = 0> <II = 1> <Delay = 2.07> <FuncUnit> <Opcode : 'add' 'sub'> <InPorts = 2> <OutPorts = 1>
ST_32 : Operation 233 [1/1] (0.00ns)   --->   "%sext_ln51_74 = sext i17 %z3_42" [../import_files/import_files/2D_idct.cpp:51]   --->   Operation 233 'sext' 'sext_ln51_74' <Predicate = true> <Delay = 0.00>
ST_32 : Operation 234 [1/1] (2.25ns) (grouped into DSP with root node z5_3)   --->   "%add_ln97_5 = add i18 %sext_ln51_32, i18 %sext_ln51_74" [../import_files/import_files/2D_idct.cpp:97]   --->   Operation 234 'add' 'add_ln97_5' <Predicate = true> <Delay = 2.25> <CoreInst = "DSP48">   --->   Core 119 'DSP48' <Latency = 3> <II = 1> <Delay = 2.15> <IPBlock> <Opcode : 'mul' 'add' 'sub' 'select'> <InPorts = 0> <OutPorts = 1> <Sync> <CReg>
ST_32 : Operation 235 [1/1] (0.00ns) (grouped into DSP with root node z5_3)   --->   "%sext_ln97_3 = sext i18 %add_ln97_5" [../import_files/import_files/2D_idct.cpp:97]   --->   Operation 235 'sext' 'sext_ln97_3' <Predicate = true> <Delay = 0.00>
ST_32 : Operation 236 [1/1] (2.25ns) (grouped into DSP with root node z1_13)   --->   "%z1_12 = add i17 %sext_ln49_11, i17 %sext_ln49_47" [../import_files/import_files/2D_idct.cpp:93]   --->   Operation 236 'add' 'z1_12' <Predicate = true> <Delay = 2.25> <CoreInst = "DSP48">   --->   Core 119 'DSP48' <Latency = 3> <II = 1> <Delay = 2.15> <IPBlock> <Opcode : 'mul' 'add' 'sub' 'select'> <InPorts = 0> <OutPorts = 1> <Sync> <CReg>
ST_32 : Operation 237 [1/1] (0.00ns) (grouped into DSP with root node z1_13)   --->   "%sext_ln51_75 = sext i17 %z1_12" [../import_files/import_files/2D_idct.cpp:51]   --->   Operation 237 'sext' 'sext_ln51_75' <Predicate = true> <Delay = 0.00>
ST_32 : Operation 238 [1/1] (0.00ns)   --->   "%DCAC_read_31 = read i32 @_ssdm_op_Read.axis.volatile.i32P128A, i32 %DCAC" [../import_files/import_files/2D_idct.cpp:45]   --->   Operation 238 'read' 'DCAC_read_31' <Predicate = true> <Delay = 0.00> <CoreInst = "axis">   --->   Core 115 'axis' <Latency = 0> <II = 1> <Delay = 1.00> <Adapter> <Opcode : >
ST_32 : Operation 239 [1/1] (0.00ns)   --->   "%tmp0_26 = trunc i32 %DCAC_read_31" [../import_files/import_files/2D_idct.cpp:45]   --->   Operation 239 'trunc' 'tmp0_26' <Predicate = true> <Delay = 0.00>
ST_32 : Operation 240 [1/1] (0.00ns)   --->   "%tmp0_3 = partselect i16 @_ssdm_op_PartSelect.i16.i32.i32.i32, i32 %DCAC_read_31, i32 16, i32 31" [../import_files/import_files/2D_idct.cpp:46]   --->   Operation 240 'partselect' 'tmp0_3' <Predicate = true> <Delay = 0.00>
ST_32 : Operation 241 [1/1] (0.00ns)   --->   "%sext_ln49_51 = sext i16 %tmp0_3" [../import_files/import_files/2D_idct.cpp:49]   --->   Operation 241 'sext' 'sext_ln49_51' <Predicate = true> <Delay = 0.00>
ST_32 : Operation 242 [1/1] (2.07ns)   --->   "%z3_64 = add i17 %sext_ln49_25, i17 %sext_ln49_51" [../import_files/import_files/2D_idct.cpp:95]   --->   Operation 242 'add' 'z3_64' <Predicate = true> <Delay = 2.07> <CoreInst = "Adder">   --->   Core 1 'Adder' <Latency = 0> <II = 1> <Delay = 2.07> <FuncUnit> <Opcode : 'add' 'sub'> <InPorts = 2> <OutPorts = 1>
ST_32 : Operation 243 [1/1] (0.00ns)   --->   "%sext_ln51_80 = sext i17 %z3_64" [../import_files/import_files/2D_idct.cpp:51]   --->   Operation 243 'sext' 'sext_ln51_80' <Predicate = true> <Delay = 0.00>
ST_32 : Operation 244 [1/1] (2.25ns) (grouped into DSP with root node z5_5)   --->   "%add_ln97_7 = add i18 %sext_ln51_38, i18 %sext_ln51_80" [../import_files/import_files/2D_idct.cpp:97]   --->   Operation 244 'add' 'add_ln97_7' <Predicate = true> <Delay = 2.25> <CoreInst = "DSP48">   --->   Core 119 'DSP48' <Latency = 3> <II = 1> <Delay = 2.15> <IPBlock> <Opcode : 'mul' 'add' 'sub' 'select'> <InPorts = 0> <OutPorts = 1> <Sync> <CReg>
ST_32 : Operation 245 [1/1] (0.00ns) (grouped into DSP with root node z5_5)   --->   "%sext_ln97_5 = sext i18 %add_ln97_7" [../import_files/import_files/2D_idct.cpp:97]   --->   Operation 245 'sext' 'sext_ln97_5' <Predicate = true> <Delay = 0.00>
ST_32 : Operation 246 [1/1] (2.25ns) (grouped into DSP with root node z1_19)   --->   "%z1_18 = add i17 %sext_ln49_15, i17 %sext_ln49_51" [../import_files/import_files/2D_idct.cpp:93]   --->   Operation 246 'add' 'z1_18' <Predicate = true> <Delay = 2.25> <CoreInst = "DSP48">   --->   Core 119 'DSP48' <Latency = 3> <II = 1> <Delay = 2.15> <IPBlock> <Opcode : 'mul' 'add' 'sub' 'select'> <InPorts = 0> <OutPorts = 1> <Sync> <CReg>
ST_32 : Operation 247 [1/1] (0.00ns) (grouped into DSP with root node z1_19)   --->   "%sext_ln51_81 = sext i17 %z1_18" [../import_files/import_files/2D_idct.cpp:51]   --->   Operation 247 'sext' 'sext_ln51_81' <Predicate = true> <Delay = 0.00>
ST_32 : Operation 248 [3/4] (1.05ns) (root node of the DSP)   --->   "%z1_1 = mul i31 %sext_ln69, i31 4433" [../import_files/import_files/2D_idct.cpp:69]   --->   Operation 248 'mul' 'z1_1' <Predicate = true> <Delay = 1.05> <CoreInst = "DSP48">   --->   Core 119 'DSP48' <Latency = 3> <II = 1> <Delay = 2.15> <IPBlock> <Opcode : 'mul' 'add' 'sub' 'select'> <InPorts = 0> <OutPorts = 1> <Sync> <CReg>
ST_32 : Operation 249 [3/3] (1.05ns) (grouped into DSP with root node tmp2_6)   --->   "%mul_ln70_1 = mul i31 %sext_ln51_42, i31 2147468511" [../import_files/import_files/2D_idct.cpp:70]   --->   Operation 249 'mul' 'mul_ln70_1' <Predicate = true> <Delay = 1.05> <CoreInst = "DSP48">   --->   Core 119 'DSP48' <Latency = 3> <II = 1> <Delay = 2.15> <IPBlock> <Opcode : 'mul' 'add' 'sub' 'select'> <InPorts = 0> <OutPorts = 1> <Sync> <CReg>
ST_32 : Operation 250 [3/3] (1.05ns) (grouped into DSP with root node tmp3_6)   --->   "%mul_ln71_1 = mul i30 %sext_ln51_2, i30 6270" [../import_files/import_files/2D_idct.cpp:71]   --->   Operation 250 'mul' 'mul_ln71_1' <Predicate = true> <Delay = 1.05> <CoreInst = "DSP48">   --->   Core 119 'DSP48' <Latency = 3> <II = 1> <Delay = 2.15> <IPBlock> <Opcode : 'mul' 'add' 'sub' 'select'> <InPorts = 0> <OutPorts = 1> <Sync> <CReg>
ST_32 : Operation 251 [4/4] (1.05ns) (root node of the DSP)   --->   "%z5 = mul i32 %sext_ln97, i32 9633" [../import_files/import_files/2D_idct.cpp:97]   --->   Operation 251 'mul' 'z5' <Predicate = true> <Delay = 1.05> <CoreInst = "DSP48">   --->   Core 119 'DSP48' <Latency = 3> <II = 1> <Delay = 2.15> <IPBlock> <Opcode : 'mul' 'add' 'sub' 'select'> <InPorts = 0> <OutPorts = 1> <Sync> <CReg>
ST_32 : Operation 252 [4/4] (1.05ns) (root node of the DSP)   --->   "%z1_3 = mul i31 %sext_ln51_62, i31 2147476275" [../import_files/import_files/2D_idct.cpp:103]   --->   Operation 252 'mul' 'z1_3' <Predicate = true> <Delay = 1.05> <CoreInst = "DSP48">   --->   Core 119 'DSP48' <Latency = 3> <II = 1> <Delay = 2.15> <IPBlock> <Opcode : 'mul' 'add' 'sub' 'select'> <InPorts = 0> <OutPorts = 1> <Sync> <CReg>
ST_32 : Operation 253 [4/4] (1.05ns) (root node of the DSP)   --->   "%z2_8 = mul i32 %sext_ln51_21, i32 4294946301" [../import_files/import_files/2D_idct.cpp:104]   --->   Operation 253 'mul' 'z2_8' <Predicate = true> <Delay = 1.05> <CoreInst = "DSP48">   --->   Core 119 'DSP48' <Latency = 3> <II = 1> <Delay = 2.15> <IPBlock> <Opcode : 'mul' 'add' 'sub' 'select'> <InPorts = 0> <OutPorts = 1> <Sync> <CReg>
ST_32 : Operation 254 [4/4] (1.05ns) (root node of the DSP)   --->   "%z1_4 = mul i31 %sext_ln69_1, i31 4433" [../import_files/import_files/2D_idct.cpp:69]   --->   Operation 254 'mul' 'z1_4' <Predicate = true> <Delay = 1.05> <CoreInst = "DSP48">   --->   Core 119 'DSP48' <Latency = 3> <II = 1> <Delay = 2.15> <IPBlock> <Opcode : 'mul' 'add' 'sub' 'select'> <InPorts = 0> <OutPorts = 1> <Sync> <CReg>
ST_32 : Operation 255 [3/4] (1.05ns) (root node of the DSP)   --->   "%z1_7 = mul i31 %sext_ln69_2, i31 4433" [../import_files/import_files/2D_idct.cpp:69]   --->   Operation 255 'mul' 'z1_7' <Predicate = true> <Delay = 1.05> <CoreInst = "DSP48">   --->   Core 119 'DSP48' <Latency = 3> <II = 1> <Delay = 2.15> <IPBlock> <Opcode : 'mul' 'add' 'sub' 'select'> <InPorts = 0> <OutPorts = 1> <Sync> <CReg>
ST_32 : Operation 256 [3/3] (1.05ns) (grouped into DSP with root node tmp2_14)   --->   "%mul_ln70_3 = mul i31 %sext_ln51_46, i31 2147468511" [../import_files/import_files/2D_idct.cpp:70]   --->   Operation 256 'mul' 'mul_ln70_3' <Predicate = true> <Delay = 1.05> <CoreInst = "DSP48">   --->   Core 119 'DSP48' <Latency = 3> <II = 1> <Delay = 2.15> <IPBlock> <Opcode : 'mul' 'add' 'sub' 'select'> <InPorts = 0> <OutPorts = 1> <Sync> <CReg>
ST_32 : Operation 257 [3/3] (1.05ns) (grouped into DSP with root node tmp3_14)   --->   "%mul_ln71_3 = mul i30 %sext_ln51_6, i30 6270" [../import_files/import_files/2D_idct.cpp:71]   --->   Operation 257 'mul' 'mul_ln71_3' <Predicate = true> <Delay = 1.05> <CoreInst = "DSP48">   --->   Core 119 'DSP48' <Latency = 3> <II = 1> <Delay = 2.15> <IPBlock> <Opcode : 'mul' 'add' 'sub' 'select'> <InPorts = 0> <OutPorts = 1> <Sync> <CReg>
ST_32 : Operation 258 [4/4] (1.05ns) (root node of the DSP)   --->   "%z5_2 = mul i32 %sext_ln97_2, i32 9633" [../import_files/import_files/2D_idct.cpp:97]   --->   Operation 258 'mul' 'z5_2' <Predicate = true> <Delay = 1.05> <CoreInst = "DSP48">   --->   Core 119 'DSP48' <Latency = 3> <II = 1> <Delay = 2.15> <IPBlock> <Opcode : 'mul' 'add' 'sub' 'select'> <InPorts = 0> <OutPorts = 1> <Sync> <CReg>
ST_32 : Operation 259 [4/4] (1.05ns) (root node of the DSP)   --->   "%z1_9 = mul i31 %sext_ln51_68, i31 2147476275" [../import_files/import_files/2D_idct.cpp:103]   --->   Operation 259 'mul' 'z1_9' <Predicate = true> <Delay = 1.05> <CoreInst = "DSP48">   --->   Core 119 'DSP48' <Latency = 3> <II = 1> <Delay = 2.15> <IPBlock> <Opcode : 'mul' 'add' 'sub' 'select'> <InPorts = 0> <OutPorts = 1> <Sync> <CReg>
ST_32 : Operation 260 [4/4] (1.05ns) (root node of the DSP)   --->   "%z2_13 = mul i32 %sext_ln51_27, i32 4294946301" [../import_files/import_files/2D_idct.cpp:104]   --->   Operation 260 'mul' 'z2_13' <Predicate = true> <Delay = 1.05> <CoreInst = "DSP48">   --->   Core 119 'DSP48' <Latency = 3> <II = 1> <Delay = 2.15> <IPBlock> <Opcode : 'mul' 'add' 'sub' 'select'> <InPorts = 0> <OutPorts = 1> <Sync> <CReg>
ST_32 : Operation 261 [3/4] (1.05ns) (root node of the DSP)   --->   "%z1_11 = mul i31 %sext_ln69_3, i31 4433" [../import_files/import_files/2D_idct.cpp:69]   --->   Operation 261 'mul' 'z1_11' <Predicate = true> <Delay = 1.05> <CoreInst = "DSP48">   --->   Core 119 'DSP48' <Latency = 3> <II = 1> <Delay = 2.15> <IPBlock> <Opcode : 'mul' 'add' 'sub' 'select'> <InPorts = 0> <OutPorts = 1> <Sync> <CReg>
ST_32 : Operation 262 [3/3] (1.05ns) (grouped into DSP with root node tmp2_20)   --->   "%mul_ln70_5 = mul i31 %sext_ln51_50, i31 2147468511" [../import_files/import_files/2D_idct.cpp:70]   --->   Operation 262 'mul' 'mul_ln70_5' <Predicate = true> <Delay = 1.05> <CoreInst = "DSP48">   --->   Core 119 'DSP48' <Latency = 3> <II = 1> <Delay = 2.15> <IPBlock> <Opcode : 'mul' 'add' 'sub' 'select'> <InPorts = 0> <OutPorts = 1> <Sync> <CReg>
ST_32 : Operation 263 [3/3] (1.05ns) (grouped into DSP with root node tmp3_20)   --->   "%mul_ln71_5 = mul i30 %sext_ln51_10, i30 6270" [../import_files/import_files/2D_idct.cpp:71]   --->   Operation 263 'mul' 'mul_ln71_5' <Predicate = true> <Delay = 1.05> <CoreInst = "DSP48">   --->   Core 119 'DSP48' <Latency = 3> <II = 1> <Delay = 2.15> <IPBlock> <Opcode : 'mul' 'add' 'sub' 'select'> <InPorts = 0> <OutPorts = 1> <Sync> <CReg>
ST_32 : Operation 264 [4/4] (1.05ns) (root node of the DSP)   --->   "%z5_3 = mul i32 %sext_ln97_3, i32 9633" [../import_files/import_files/2D_idct.cpp:97]   --->   Operation 264 'mul' 'z5_3' <Predicate = true> <Delay = 1.05> <CoreInst = "DSP48">   --->   Core 119 'DSP48' <Latency = 3> <II = 1> <Delay = 2.15> <IPBlock> <Opcode : 'mul' 'add' 'sub' 'select'> <InPorts = 0> <OutPorts = 1> <Sync> <CReg>
ST_32 : Operation 265 [4/4] (1.05ns) (root node of the DSP)   --->   "%z1_13 = mul i31 %sext_ln51_75, i31 2147476275" [../import_files/import_files/2D_idct.cpp:103]   --->   Operation 265 'mul' 'z1_13' <Predicate = true> <Delay = 1.05> <CoreInst = "DSP48">   --->   Core 119 'DSP48' <Latency = 3> <II = 1> <Delay = 2.15> <IPBlock> <Opcode : 'mul' 'add' 'sub' 'select'> <InPorts = 0> <OutPorts = 1> <Sync> <CReg>
ST_32 : Operation 266 [4/4] (1.05ns) (root node of the DSP)   --->   "%z2_17 = mul i32 %sext_ln51_33, i32 4294946301" [../import_files/import_files/2D_idct.cpp:104]   --->   Operation 266 'mul' 'z2_17' <Predicate = true> <Delay = 1.05> <CoreInst = "DSP48">   --->   Core 119 'DSP48' <Latency = 3> <II = 1> <Delay = 2.15> <IPBlock> <Opcode : 'mul' 'add' 'sub' 'select'> <InPorts = 0> <OutPorts = 1> <Sync> <CReg>
ST_32 : Operation 267 [4/4] (1.05ns) (root node of the DSP)   --->   "%z1_14 = mul i31 %sext_ln69_4, i31 4433" [../import_files/import_files/2D_idct.cpp:69]   --->   Operation 267 'mul' 'z1_14' <Predicate = true> <Delay = 1.05> <CoreInst = "DSP48">   --->   Core 119 'DSP48' <Latency = 3> <II = 1> <Delay = 2.15> <IPBlock> <Opcode : 'mul' 'add' 'sub' 'select'> <InPorts = 0> <OutPorts = 1> <Sync> <CReg>
ST_32 : Operation 268 [3/4] (1.05ns) (root node of the DSP)   --->   "%z1_17 = mul i31 %sext_ln69_5, i31 4433" [../import_files/import_files/2D_idct.cpp:69]   --->   Operation 268 'mul' 'z1_17' <Predicate = true> <Delay = 1.05> <CoreInst = "DSP48">   --->   Core 119 'DSP48' <Latency = 3> <II = 1> <Delay = 2.15> <IPBlock> <Opcode : 'mul' 'add' 'sub' 'select'> <InPorts = 0> <OutPorts = 1> <Sync> <CReg>
ST_32 : Operation 269 [3/3] (1.05ns) (grouped into DSP with root node tmp2_27)   --->   "%mul_ln70_7 = mul i31 %sext_ln51_54, i31 2147468511" [../import_files/import_files/2D_idct.cpp:70]   --->   Operation 269 'mul' 'mul_ln70_7' <Predicate = true> <Delay = 1.05> <CoreInst = "DSP48">   --->   Core 119 'DSP48' <Latency = 3> <II = 1> <Delay = 2.15> <IPBlock> <Opcode : 'mul' 'add' 'sub' 'select'> <InPorts = 0> <OutPorts = 1> <Sync> <CReg>
ST_32 : Operation 270 [3/3] (1.05ns) (grouped into DSP with root node tmp3_27)   --->   "%mul_ln71_7 = mul i30 %sext_ln51_14, i30 6270" [../import_files/import_files/2D_idct.cpp:71]   --->   Operation 270 'mul' 'mul_ln71_7' <Predicate = true> <Delay = 1.05> <CoreInst = "DSP48">   --->   Core 119 'DSP48' <Latency = 3> <II = 1> <Delay = 2.15> <IPBlock> <Opcode : 'mul' 'add' 'sub' 'select'> <InPorts = 0> <OutPorts = 1> <Sync> <CReg>
ST_32 : Operation 271 [4/4] (1.05ns) (root node of the DSP)   --->   "%z5_5 = mul i32 %sext_ln97_5, i32 9633" [../import_files/import_files/2D_idct.cpp:97]   --->   Operation 271 'mul' 'z5_5' <Predicate = true> <Delay = 1.05> <CoreInst = "DSP48">   --->   Core 119 'DSP48' <Latency = 3> <II = 1> <Delay = 2.15> <IPBlock> <Opcode : 'mul' 'add' 'sub' 'select'> <InPorts = 0> <OutPorts = 1> <Sync> <CReg>
ST_32 : Operation 272 [4/4] (1.05ns) (root node of the DSP)   --->   "%z1_19 = mul i31 %sext_ln51_81, i31 2147476275" [../import_files/import_files/2D_idct.cpp:103]   --->   Operation 272 'mul' 'z1_19' <Predicate = true> <Delay = 1.05> <CoreInst = "DSP48">   --->   Core 119 'DSP48' <Latency = 3> <II = 1> <Delay = 2.15> <IPBlock> <Opcode : 'mul' 'add' 'sub' 'select'> <InPorts = 0> <OutPorts = 1> <Sync> <CReg>
ST_32 : Operation 273 [4/4] (1.05ns) (root node of the DSP)   --->   "%z2_25 = mul i32 %sext_ln51_39, i32 4294946301" [../import_files/import_files/2D_idct.cpp:104]   --->   Operation 273 'mul' 'z2_25' <Predicate = true> <Delay = 1.05> <CoreInst = "DSP48">   --->   Core 119 'DSP48' <Latency = 3> <II = 1> <Delay = 2.15> <IPBlock> <Opcode : 'mul' 'add' 'sub' 'select'> <InPorts = 0> <OutPorts = 1> <Sync> <CReg>

State 33 <SV = 32> <Delay = 5.37>
ST_33 : Operation 274 [1/1] (0.00ns)   --->   "%sext_ln49_2 = sext i16 %tmp3_7" [../import_files/import_files/2D_idct.cpp:49]   --->   Operation 274 'sext' 'sext_ln49_2' <Predicate = true> <Delay = 0.00>
ST_33 : Operation 275 [1/1] (0.00ns)   --->   "%sext_ln49_5 = sext i16 %tmp3_11" [../import_files/import_files/2D_idct.cpp:49]   --->   Operation 275 'sext' 'sext_ln49_5' <Predicate = true> <Delay = 0.00>
ST_33 : Operation 276 [1/1] (0.00ns)   --->   "%sext_ln49_6 = sext i16 %tmp3_1" [../import_files/import_files/2D_idct.cpp:49]   --->   Operation 276 'sext' 'sext_ln49_6' <Predicate = true> <Delay = 0.00>
ST_33 : Operation 277 [1/1] (0.00ns)   --->   "%sext_ln49_10 = sext i16 %tmp3_2" [../import_files/import_files/2D_idct.cpp:49]   --->   Operation 277 'sext' 'sext_ln49_10' <Predicate = true> <Delay = 0.00>
ST_33 : Operation 278 [1/1] (0.00ns)   --->   "%sext_ln49_13 = sext i16 %tmp3_24" [../import_files/import_files/2D_idct.cpp:49]   --->   Operation 278 'sext' 'sext_ln49_13' <Predicate = true> <Delay = 0.00>
ST_33 : Operation 279 [1/1] (0.00ns)   --->   "%sext_ln49_14 = sext i16 %tmp3_3" [../import_files/import_files/2D_idct.cpp:49]   --->   Operation 279 'sext' 'sext_ln49_14' <Predicate = true> <Delay = 0.00>
ST_33 : Operation 280 [1/1] (0.00ns)   --->   "%sext_ln51_4 = sext i16 %z2_9" [../import_files/import_files/2D_idct.cpp:51]   --->   Operation 280 'sext' 'sext_ln51_4' <Predicate = true> <Delay = 0.00>
ST_33 : Operation 281 [1/1] (0.00ns)   --->   "%sext_ln51_12 = sext i16 %z2_18" [../import_files/import_files/2D_idct.cpp:51]   --->   Operation 281 'sext' 'sext_ln51_12' <Predicate = true> <Delay = 0.00>
ST_33 : Operation 282 [1/1] (0.00ns)   --->   "%sext_ln49_19 = sext i16 %tmp2_11" [../import_files/import_files/2D_idct.cpp:49]   --->   Operation 282 'sext' 'sext_ln49_19' <Predicate = true> <Delay = 0.00>
ST_33 : Operation 283 [1/1] (0.00ns)   --->   "%sext_ln49_24 = sext i16 %tmp2_24" [../import_files/import_files/2D_idct.cpp:49]   --->   Operation 283 'sext' 'sext_ln49_24' <Predicate = true> <Delay = 0.00>
ST_33 : Operation 284 [1/1] (0.00ns)   --->   "%sext_ln51_19 = sext i17 %z4_3" [../import_files/import_files/2D_idct.cpp:51]   --->   Operation 284 'sext' 'sext_ln51_19' <Predicate = true> <Delay = 0.00>
ST_33 : Operation 285 [1/1] (0.00ns)   --->   "%sext_ln49_29 = sext i16 %tmp1_11" [../import_files/import_files/2D_idct.cpp:49]   --->   Operation 285 'sext' 'sext_ln49_29' <Predicate = true> <Delay = 0.00>
ST_33 : Operation 286 [1/1] (2.07ns)   --->   "%z4_6 = add i17 %sext_ln49_5, i17 %sext_ln49_29" [../import_files/import_files/2D_idct.cpp:96]   --->   Operation 286 'add' 'z4_6' <Predicate = true> <Delay = 2.07> <CoreInst = "Adder">   --->   Core 1 'Adder' <Latency = 0> <II = 1> <Delay = 2.07> <FuncUnit> <Opcode : 'add' 'sub'> <InPorts = 2> <OutPorts = 1>
ST_33 : Operation 287 [1/1] (0.00ns)   --->   "%sext_ln51_23 = sext i17 %z4_6" [../import_files/import_files/2D_idct.cpp:51]   --->   Operation 287 'sext' 'sext_ln51_23' <Predicate = true> <Delay = 0.00>
ST_33 : Operation 288 [1/1] (2.25ns) (grouped into DSP with root node z2_11)   --->   "%z2_10 = add i17 %sext_ln49_19, i17 %sext_ln49_29" [../import_files/import_files/2D_idct.cpp:94]   --->   Operation 288 'add' 'z2_10' <Predicate = true> <Delay = 2.25> <CoreInst = "DSP48">   --->   Core 119 'DSP48' <Latency = 3> <II = 1> <Delay = 2.15> <IPBlock> <Opcode : 'mul' 'add' 'sub' 'select'> <InPorts = 0> <OutPorts = 1> <Sync> <CReg>
ST_33 : Operation 289 [1/1] (0.00ns) (grouped into DSP with root node z2_11)   --->   "%sext_ln51_24 = sext i17 %z2_10" [../import_files/import_files/2D_idct.cpp:51]   --->   Operation 289 'sext' 'sext_ln51_24' <Predicate = true> <Delay = 0.00>
ST_33 : Operation 290 [1/1] (0.00ns)   --->   "%sext_ln51_25 = sext i17 %z4_9" [../import_files/import_files/2D_idct.cpp:51]   --->   Operation 290 'sext' 'sext_ln51_25' <Predicate = true> <Delay = 0.00>
ST_33 : Operation 291 [1/1] (0.00ns)   --->   "%sext_ln51_31 = sext i17 %z4_15" [../import_files/import_files/2D_idct.cpp:51]   --->   Operation 291 'sext' 'sext_ln51_31' <Predicate = true> <Delay = 0.00>
ST_33 : Operation 292 [1/1] (0.00ns)   --->   "%sext_ln49_34 = sext i16 %tmp1_24" [../import_files/import_files/2D_idct.cpp:49]   --->   Operation 292 'sext' 'sext_ln49_34' <Predicate = true> <Delay = 0.00>
ST_33 : Operation 293 [1/1] (2.07ns)   --->   "%z4_18 = add i17 %sext_ln49_13, i17 %sext_ln49_34" [../import_files/import_files/2D_idct.cpp:96]   --->   Operation 293 'add' 'z4_18' <Predicate = true> <Delay = 2.07> <CoreInst = "Adder">   --->   Core 1 'Adder' <Latency = 0> <II = 1> <Delay = 2.07> <FuncUnit> <Opcode : 'add' 'sub'> <InPorts = 2> <OutPorts = 1>
ST_33 : Operation 294 [1/1] (0.00ns)   --->   "%sext_ln51_35 = sext i17 %z4_18" [../import_files/import_files/2D_idct.cpp:51]   --->   Operation 294 'sext' 'sext_ln51_35' <Predicate = true> <Delay = 0.00>
ST_33 : Operation 295 [1/1] (2.25ns) (grouped into DSP with root node z2_22)   --->   "%z2_20 = add i17 %sext_ln49_24, i17 %sext_ln49_34" [../import_files/import_files/2D_idct.cpp:94]   --->   Operation 295 'add' 'z2_20' <Predicate = true> <Delay = 2.25> <CoreInst = "DSP48">   --->   Core 119 'DSP48' <Latency = 3> <II = 1> <Delay = 2.15> <IPBlock> <Opcode : 'mul' 'add' 'sub' 'select'> <InPorts = 0> <OutPorts = 1> <Sync> <CReg>
ST_33 : Operation 296 [1/1] (0.00ns) (grouped into DSP with root node z2_22)   --->   "%sext_ln51_36 = sext i17 %z2_20" [../import_files/import_files/2D_idct.cpp:51]   --->   Operation 296 'sext' 'sext_ln51_36' <Predicate = true> <Delay = 0.00>
ST_33 : Operation 297 [1/1] (0.00ns)   --->   "%sext_ln51_37 = sext i17 %z4_21" [../import_files/import_files/2D_idct.cpp:51]   --->   Operation 297 'sext' 'sext_ln51_37' <Predicate = true> <Delay = 0.00>
ST_33 : Operation 298 [1/1] (0.00ns)   --->   "%sext_ln51_44 = sext i16 %z3_12" [../import_files/import_files/2D_idct.cpp:51]   --->   Operation 298 'sext' 'sext_ln51_44' <Predicate = true> <Delay = 0.00>
ST_33 : Operation 299 [1/1] (0.00ns)   --->   "%sext_ln51_52 = sext i16 %z3_54" [../import_files/import_files/2D_idct.cpp:51]   --->   Operation 299 'sext' 'sext_ln51_52' <Predicate = true> <Delay = 0.00>
ST_33 : Operation 300 [1/1] (0.00ns)   --->   "%sext_ln49_38 = sext i16 %tmp0_8" [../import_files/import_files/2D_idct.cpp:49]   --->   Operation 300 'sext' 'sext_ln49_38' <Predicate = true> <Delay = 0.00>
ST_33 : Operation 301 [1/1] (0.00ns)   --->   "%sext_ln51_60 = sext i17 %z3_9" [../import_files/import_files/2D_idct.cpp:51]   --->   Operation 301 'sext' 'sext_ln51_60' <Predicate = true> <Delay = 0.00>
ST_33 : Operation 302 [1/1] (0.00ns)   --->   "%sext_ln49_41 = sext i16 %tmp0_12" [../import_files/import_files/2D_idct.cpp:49]   --->   Operation 302 'sext' 'sext_ln49_41' <Predicate = true> <Delay = 0.00>
ST_33 : Operation 303 [1/1] (2.07ns)   --->   "%z3_15 = add i17 %sext_ln49_19, i17 %sext_ln49_41" [../import_files/import_files/2D_idct.cpp:95]   --->   Operation 303 'add' 'z3_15' <Predicate = true> <Delay = 2.07> <CoreInst = "Adder">   --->   Core 1 'Adder' <Latency = 0> <II = 1> <Delay = 2.07> <FuncUnit> <Opcode : 'add' 'sub'> <InPorts = 2> <OutPorts = 1>
ST_33 : Operation 304 [1/1] (0.00ns)   --->   "%sext_ln51_64 = sext i17 %z3_15" [../import_files/import_files/2D_idct.cpp:51]   --->   Operation 304 'sext' 'sext_ln51_64' <Predicate = true> <Delay = 0.00>
ST_33 : Operation 305 [1/1] (2.25ns) (grouped into DSP with root node z5_1)   --->   "%add_ln97_2 = add i18 %sext_ln51_23, i18 %sext_ln51_64" [../import_files/import_files/2D_idct.cpp:97]   --->   Operation 305 'add' 'add_ln97_2' <Predicate = true> <Delay = 2.25> <CoreInst = "DSP48">   --->   Core 119 'DSP48' <Latency = 3> <II = 1> <Delay = 2.15> <IPBlock> <Opcode : 'mul' 'add' 'sub' 'select'> <InPorts = 0> <OutPorts = 1> <Sync> <CReg>
ST_33 : Operation 306 [1/1] (0.00ns) (grouped into DSP with root node z5_1)   --->   "%sext_ln97_1 = sext i18 %add_ln97_2" [../import_files/import_files/2D_idct.cpp:97]   --->   Operation 306 'sext' 'sext_ln97_1' <Predicate = true> <Delay = 0.00>
ST_33 : Operation 307 [1/1] (2.25ns) (grouped into DSP with root node z1_6)   --->   "%z1_5 = add i17 %sext_ln49_5, i17 %sext_ln49_41" [../import_files/import_files/2D_idct.cpp:93]   --->   Operation 307 'add' 'z1_5' <Predicate = true> <Delay = 2.25> <CoreInst = "DSP48">   --->   Core 119 'DSP48' <Latency = 3> <II = 1> <Delay = 2.15> <IPBlock> <Opcode : 'mul' 'add' 'sub' 'select'> <InPorts = 0> <OutPorts = 1> <Sync> <CReg>
ST_33 : Operation 308 [1/1] (0.00ns) (grouped into DSP with root node z1_6)   --->   "%sext_ln51_65 = sext i17 %z1_5" [../import_files/import_files/2D_idct.cpp:51]   --->   Operation 308 'sext' 'sext_ln51_65' <Predicate = true> <Delay = 0.00>
ST_33 : Operation 309 [1/1] (0.00ns)   --->   "%sext_ln49_42 = sext i16 %tmp0_1" [../import_files/import_files/2D_idct.cpp:49]   --->   Operation 309 'sext' 'sext_ln49_42' <Predicate = true> <Delay = 0.00>
ST_33 : Operation 310 [1/1] (0.00ns)   --->   "%sext_ln51_66 = sext i17 %z3_21" [../import_files/import_files/2D_idct.cpp:51]   --->   Operation 310 'sext' 'sext_ln51_66' <Predicate = true> <Delay = 0.00>
ST_33 : Operation 311 [1/1] (0.00ns)   --->   "%sext_ln49_46 = sext i16 %tmp0_2" [../import_files/import_files/2D_idct.cpp:49]   --->   Operation 311 'sext' 'sext_ln49_46' <Predicate = true> <Delay = 0.00>
ST_33 : Operation 312 [1/1] (0.00ns)   --->   "%sext_ln51_73 = sext i17 %z3_42" [../import_files/import_files/2D_idct.cpp:51]   --->   Operation 312 'sext' 'sext_ln51_73' <Predicate = true> <Delay = 0.00>
ST_33 : Operation 313 [1/1] (0.00ns)   --->   "%sext_ln49_49 = sext i16 %tmp0_26" [../import_files/import_files/2D_idct.cpp:49]   --->   Operation 313 'sext' 'sext_ln49_49' <Predicate = true> <Delay = 0.00>
ST_33 : Operation 314 [1/1] (2.07ns)   --->   "%z3_58 = add i17 %sext_ln49_24, i17 %sext_ln49_49" [../import_files/import_files/2D_idct.cpp:95]   --->   Operation 314 'add' 'z3_58' <Predicate = true> <Delay = 2.07> <CoreInst = "Adder">   --->   Core 1 'Adder' <Latency = 0> <II = 1> <Delay = 2.07> <FuncUnit> <Opcode : 'add' 'sub'> <InPorts = 2> <OutPorts = 1>
ST_33 : Operation 315 [1/1] (0.00ns)   --->   "%sext_ln51_77 = sext i17 %z3_58" [../import_files/import_files/2D_idct.cpp:51]   --->   Operation 315 'sext' 'sext_ln51_77' <Predicate = true> <Delay = 0.00>
ST_33 : Operation 316 [1/1] (2.25ns) (grouped into DSP with root node z5_4)   --->   "%add_ln97_6 = add i18 %sext_ln51_35, i18 %sext_ln51_77" [../import_files/import_files/2D_idct.cpp:97]   --->   Operation 316 'add' 'add_ln97_6' <Predicate = true> <Delay = 2.25> <CoreInst = "DSP48">   --->   Core 119 'DSP48' <Latency = 3> <II = 1> <Delay = 2.15> <IPBlock> <Opcode : 'mul' 'add' 'sub' 'select'> <InPorts = 0> <OutPorts = 1> <Sync> <CReg>
ST_33 : Operation 317 [1/1] (0.00ns) (grouped into DSP with root node z5_4)   --->   "%sext_ln97_4 = sext i18 %add_ln97_6" [../import_files/import_files/2D_idct.cpp:97]   --->   Operation 317 'sext' 'sext_ln97_4' <Predicate = true> <Delay = 0.00>
ST_33 : Operation 318 [1/1] (2.25ns) (grouped into DSP with root node z1_16)   --->   "%z1_15 = add i17 %sext_ln49_13, i17 %sext_ln49_49" [../import_files/import_files/2D_idct.cpp:93]   --->   Operation 318 'add' 'z1_15' <Predicate = true> <Delay = 2.25> <CoreInst = "DSP48">   --->   Core 119 'DSP48' <Latency = 3> <II = 1> <Delay = 2.15> <IPBlock> <Opcode : 'mul' 'add' 'sub' 'select'> <InPorts = 0> <OutPorts = 1> <Sync> <CReg>
ST_33 : Operation 319 [1/1] (0.00ns) (grouped into DSP with root node z1_16)   --->   "%sext_ln51_78 = sext i17 %z1_15" [../import_files/import_files/2D_idct.cpp:51]   --->   Operation 319 'sext' 'sext_ln51_78' <Predicate = true> <Delay = 0.00>
ST_33 : Operation 320 [1/1] (0.00ns)   --->   "%sext_ln49_50 = sext i16 %tmp0_3" [../import_files/import_files/2D_idct.cpp:49]   --->   Operation 320 'sext' 'sext_ln49_50' <Predicate = true> <Delay = 0.00>
ST_33 : Operation 321 [1/1] (0.00ns)   --->   "%sext_ln51_79 = sext i17 %z3_64" [../import_files/import_files/2D_idct.cpp:51]   --->   Operation 321 'sext' 'sext_ln51_79' <Predicate = true> <Delay = 0.00>
ST_33 : Operation 322 [2/4] (1.05ns) (root node of the DSP)   --->   "%z1_1 = mul i31 %sext_ln69, i31 4433" [../import_files/import_files/2D_idct.cpp:69]   --->   Operation 322 'mul' 'z1_1' <Predicate = true> <Delay = 1.05> <CoreInst = "DSP48">   --->   Core 119 'DSP48' <Latency = 3> <II = 1> <Delay = 2.15> <IPBlock> <Opcode : 'mul' 'add' 'sub' 'select'> <InPorts = 0> <OutPorts = 1> <Sync> <CReg>
ST_33 : Operation 323 [2/3] (1.05ns) (grouped into DSP with root node tmp2_6)   --->   "%mul_ln70_1 = mul i31 %sext_ln51_42, i31 2147468511" [../import_files/import_files/2D_idct.cpp:70]   --->   Operation 323 'mul' 'mul_ln70_1' <Predicate = true> <Delay = 1.05> <CoreInst = "DSP48">   --->   Core 119 'DSP48' <Latency = 3> <II = 1> <Delay = 2.15> <IPBlock> <Opcode : 'mul' 'add' 'sub' 'select'> <InPorts = 0> <OutPorts = 1> <Sync> <CReg>
ST_33 : Operation 324 [2/3] (1.05ns) (grouped into DSP with root node tmp3_6)   --->   "%mul_ln71_1 = mul i30 %sext_ln51_2, i30 6270" [../import_files/import_files/2D_idct.cpp:71]   --->   Operation 324 'mul' 'mul_ln71_1' <Predicate = true> <Delay = 1.05> <CoreInst = "DSP48">   --->   Core 119 'DSP48' <Latency = 3> <II = 1> <Delay = 2.15> <IPBlock> <Opcode : 'mul' 'add' 'sub' 'select'> <InPorts = 0> <OutPorts = 1> <Sync> <CReg>
ST_33 : Operation 325 [3/4] (1.05ns) (root node of the DSP)   --->   "%z5 = mul i32 %sext_ln97, i32 9633" [../import_files/import_files/2D_idct.cpp:97]   --->   Operation 325 'mul' 'z5' <Predicate = true> <Delay = 1.05> <CoreInst = "DSP48">   --->   Core 119 'DSP48' <Latency = 3> <II = 1> <Delay = 2.15> <IPBlock> <Opcode : 'mul' 'add' 'sub' 'select'> <InPorts = 0> <OutPorts = 1> <Sync> <CReg>
ST_33 : Operation 326 [3/3] (1.05ns) (grouped into DSP with root node add_ln111_2)   --->   "%tmp0_9 = mul i29 %sext_ln49_38, i29 2446" [../import_files/import_files/2D_idct.cpp:99]   --->   Operation 326 'mul' 'tmp0_9' <Predicate = true> <Delay = 1.05> <CoreInst = "DSP48">   --->   Core 119 'DSP48' <Latency = 3> <II = 1> <Delay = 2.15> <IPBlock> <Opcode : 'mul' 'add' 'sub' 'select'> <InPorts = 0> <OutPorts = 1> <Sync> <CReg>
ST_33 : Operation 327 [3/3] (1.05ns) (grouped into DSP with root node add_ln114_2)   --->   "%tmp3_8 = mul i31 %sext_ln49_2, i31 12299" [../import_files/import_files/2D_idct.cpp:102]   --->   Operation 327 'mul' 'tmp3_8' <Predicate = true> <Delay = 1.05> <CoreInst = "DSP48">   --->   Core 119 'DSP48' <Latency = 3> <II = 1> <Delay = 2.15> <IPBlock> <Opcode : 'mul' 'add' 'sub' 'select'> <InPorts = 0> <OutPorts = 1> <Sync> <CReg>
ST_33 : Operation 328 [3/4] (1.05ns) (root node of the DSP)   --->   "%z1_3 = mul i31 %sext_ln51_62, i31 2147476275" [../import_files/import_files/2D_idct.cpp:103]   --->   Operation 328 'mul' 'z1_3' <Predicate = true> <Delay = 1.05> <CoreInst = "DSP48">   --->   Core 119 'DSP48' <Latency = 3> <II = 1> <Delay = 2.15> <IPBlock> <Opcode : 'mul' 'add' 'sub' 'select'> <InPorts = 0> <OutPorts = 1> <Sync> <CReg>
ST_33 : Operation 329 [3/4] (1.05ns) (root node of the DSP)   --->   "%z2_8 = mul i32 %sext_ln51_21, i32 4294946301" [../import_files/import_files/2D_idct.cpp:104]   --->   Operation 329 'mul' 'z2_8' <Predicate = true> <Delay = 1.05> <CoreInst = "DSP48">   --->   Core 119 'DSP48' <Latency = 3> <II = 1> <Delay = 2.15> <IPBlock> <Opcode : 'mul' 'add' 'sub' 'select'> <InPorts = 0> <OutPorts = 1> <Sync> <CReg>
ST_33 : Operation 330 [3/3] (1.05ns) (grouped into DSP with root node z3_11)   --->   "%z3_10 = mul i32 %sext_ln51_60, i32 4294951227" [../import_files/import_files/2D_idct.cpp:105]   --->   Operation 330 'mul' 'z3_10' <Predicate = true> <Delay = 1.05> <CoreInst = "DSP48">   --->   Core 119 'DSP48' <Latency = 3> <II = 1> <Delay = 2.15> <IPBlock> <Opcode : 'mul' 'add' 'sub' 'select'> <InPorts = 0> <OutPorts = 1> <Sync> <CReg>
ST_33 : Operation 331 [3/3] (1.05ns) (grouped into DSP with root node z4_5)   --->   "%z4_4 = mul i30 %sext_ln51_19, i30 1073738628" [../import_files/import_files/2D_idct.cpp:106]   --->   Operation 331 'mul' 'z4_4' <Predicate = true> <Delay = 1.05> <CoreInst = "DSP48">   --->   Core 119 'DSP48' <Latency = 3> <II = 1> <Delay = 2.15> <IPBlock> <Opcode : 'mul' 'add' 'sub' 'select'> <InPorts = 0> <OutPorts = 1> <Sync> <CReg>
ST_33 : Operation 332 [3/4] (1.05ns) (root node of the DSP)   --->   "%z1_4 = mul i31 %sext_ln69_1, i31 4433" [../import_files/import_files/2D_idct.cpp:69]   --->   Operation 332 'mul' 'z1_4' <Predicate = true> <Delay = 1.05> <CoreInst = "DSP48">   --->   Core 119 'DSP48' <Latency = 3> <II = 1> <Delay = 2.15> <IPBlock> <Opcode : 'mul' 'add' 'sub' 'select'> <InPorts = 0> <OutPorts = 1> <Sync> <CReg>
ST_33 : Operation 333 [3/3] (1.05ns) (grouped into DSP with root node tmp2_10)   --->   "%mul_ln70_2 = mul i31 %sext_ln51_44, i31 2147468511" [../import_files/import_files/2D_idct.cpp:70]   --->   Operation 333 'mul' 'mul_ln70_2' <Predicate = true> <Delay = 1.05> <CoreInst = "DSP48">   --->   Core 119 'DSP48' <Latency = 3> <II = 1> <Delay = 2.15> <IPBlock> <Opcode : 'mul' 'add' 'sub' 'select'> <InPorts = 0> <OutPorts = 1> <Sync> <CReg>
ST_33 : Operation 334 [3/3] (1.05ns) (grouped into DSP with root node tmp3_10)   --->   "%mul_ln71_2 = mul i30 %sext_ln51_4, i30 6270" [../import_files/import_files/2D_idct.cpp:71]   --->   Operation 334 'mul' 'mul_ln71_2' <Predicate = true> <Delay = 1.05> <CoreInst = "DSP48">   --->   Core 119 'DSP48' <Latency = 3> <II = 1> <Delay = 2.15> <IPBlock> <Opcode : 'mul' 'add' 'sub' 'select'> <InPorts = 0> <OutPorts = 1> <Sync> <CReg>
ST_33 : Operation 335 [4/4] (1.05ns) (root node of the DSP)   --->   "%z5_1 = mul i32 %sext_ln97_1, i32 9633" [../import_files/import_files/2D_idct.cpp:97]   --->   Operation 335 'mul' 'z5_1' <Predicate = true> <Delay = 1.05> <CoreInst = "DSP48">   --->   Core 119 'DSP48' <Latency = 3> <II = 1> <Delay = 2.15> <IPBlock> <Opcode : 'mul' 'add' 'sub' 'select'> <InPorts = 0> <OutPorts = 1> <Sync> <CReg>
ST_33 : Operation 336 [4/4] (1.05ns) (root node of the DSP)   --->   "%z1_6 = mul i31 %sext_ln51_65, i31 2147476275" [../import_files/import_files/2D_idct.cpp:103]   --->   Operation 336 'mul' 'z1_6' <Predicate = true> <Delay = 1.05> <CoreInst = "DSP48">   --->   Core 119 'DSP48' <Latency = 3> <II = 1> <Delay = 2.15> <IPBlock> <Opcode : 'mul' 'add' 'sub' 'select'> <InPorts = 0> <OutPorts = 1> <Sync> <CReg>
ST_33 : Operation 337 [4/4] (1.05ns) (root node of the DSP)   --->   "%z2_11 = mul i32 %sext_ln51_24, i32 4294946301" [../import_files/import_files/2D_idct.cpp:104]   --->   Operation 337 'mul' 'z2_11' <Predicate = true> <Delay = 1.05> <CoreInst = "DSP48">   --->   Core 119 'DSP48' <Latency = 3> <II = 1> <Delay = 2.15> <IPBlock> <Opcode : 'mul' 'add' 'sub' 'select'> <InPorts = 0> <OutPorts = 1> <Sync> <CReg>
ST_33 : Operation 338 [2/4] (1.05ns) (root node of the DSP)   --->   "%z1_7 = mul i31 %sext_ln69_2, i31 4433" [../import_files/import_files/2D_idct.cpp:69]   --->   Operation 338 'mul' 'z1_7' <Predicate = true> <Delay = 1.05> <CoreInst = "DSP48">   --->   Core 119 'DSP48' <Latency = 3> <II = 1> <Delay = 2.15> <IPBlock> <Opcode : 'mul' 'add' 'sub' 'select'> <InPorts = 0> <OutPorts = 1> <Sync> <CReg>
ST_33 : Operation 339 [2/3] (1.05ns) (grouped into DSP with root node tmp2_14)   --->   "%mul_ln70_3 = mul i31 %sext_ln51_46, i31 2147468511" [../import_files/import_files/2D_idct.cpp:70]   --->   Operation 339 'mul' 'mul_ln70_3' <Predicate = true> <Delay = 1.05> <CoreInst = "DSP48">   --->   Core 119 'DSP48' <Latency = 3> <II = 1> <Delay = 2.15> <IPBlock> <Opcode : 'mul' 'add' 'sub' 'select'> <InPorts = 0> <OutPorts = 1> <Sync> <CReg>
ST_33 : Operation 340 [2/3] (1.05ns) (grouped into DSP with root node tmp3_14)   --->   "%mul_ln71_3 = mul i30 %sext_ln51_6, i30 6270" [../import_files/import_files/2D_idct.cpp:71]   --->   Operation 340 'mul' 'mul_ln71_3' <Predicate = true> <Delay = 1.05> <CoreInst = "DSP48">   --->   Core 119 'DSP48' <Latency = 3> <II = 1> <Delay = 2.15> <IPBlock> <Opcode : 'mul' 'add' 'sub' 'select'> <InPorts = 0> <OutPorts = 1> <Sync> <CReg>
ST_33 : Operation 341 [3/4] (1.05ns) (root node of the DSP)   --->   "%z5_2 = mul i32 %sext_ln97_2, i32 9633" [../import_files/import_files/2D_idct.cpp:97]   --->   Operation 341 'mul' 'z5_2' <Predicate = true> <Delay = 1.05> <CoreInst = "DSP48">   --->   Core 119 'DSP48' <Latency = 3> <II = 1> <Delay = 2.15> <IPBlock> <Opcode : 'mul' 'add' 'sub' 'select'> <InPorts = 0> <OutPorts = 1> <Sync> <CReg>
ST_33 : Operation 342 [3/3] (1.05ns) (grouped into DSP with root node add_ln111_6)   --->   "%tmp0_16 = mul i29 %sext_ln49_42, i29 2446" [../import_files/import_files/2D_idct.cpp:99]   --->   Operation 342 'mul' 'tmp0_16' <Predicate = true> <Delay = 1.05> <CoreInst = "DSP48">   --->   Core 119 'DSP48' <Latency = 3> <II = 1> <Delay = 2.15> <IPBlock> <Opcode : 'mul' 'add' 'sub' 'select'> <InPorts = 0> <OutPorts = 1> <Sync> <CReg>
ST_33 : Operation 343 [3/3] (1.05ns) (grouped into DSP with root node add_ln114_6)   --->   "%tmp3_15 = mul i31 %sext_ln49_6, i31 12299" [../import_files/import_files/2D_idct.cpp:102]   --->   Operation 343 'mul' 'tmp3_15' <Predicate = true> <Delay = 1.05> <CoreInst = "DSP48">   --->   Core 119 'DSP48' <Latency = 3> <II = 1> <Delay = 2.15> <IPBlock> <Opcode : 'mul' 'add' 'sub' 'select'> <InPorts = 0> <OutPorts = 1> <Sync> <CReg>
ST_33 : Operation 344 [3/4] (1.05ns) (root node of the DSP)   --->   "%z1_9 = mul i31 %sext_ln51_68, i31 2147476275" [../import_files/import_files/2D_idct.cpp:103]   --->   Operation 344 'mul' 'z1_9' <Predicate = true> <Delay = 1.05> <CoreInst = "DSP48">   --->   Core 119 'DSP48' <Latency = 3> <II = 1> <Delay = 2.15> <IPBlock> <Opcode : 'mul' 'add' 'sub' 'select'> <InPorts = 0> <OutPorts = 1> <Sync> <CReg>
ST_33 : Operation 345 [3/4] (1.05ns) (root node of the DSP)   --->   "%z2_13 = mul i32 %sext_ln51_27, i32 4294946301" [../import_files/import_files/2D_idct.cpp:104]   --->   Operation 345 'mul' 'z2_13' <Predicate = true> <Delay = 1.05> <CoreInst = "DSP48">   --->   Core 119 'DSP48' <Latency = 3> <II = 1> <Delay = 2.15> <IPBlock> <Opcode : 'mul' 'add' 'sub' 'select'> <InPorts = 0> <OutPorts = 1> <Sync> <CReg>
ST_33 : Operation 346 [3/3] (1.05ns) (grouped into DSP with root node z3_27)   --->   "%z3_24 = mul i32 %sext_ln51_66, i32 4294951227" [../import_files/import_files/2D_idct.cpp:105]   --->   Operation 346 'mul' 'z3_24' <Predicate = true> <Delay = 1.05> <CoreInst = "DSP48">   --->   Core 119 'DSP48' <Latency = 3> <II = 1> <Delay = 2.15> <IPBlock> <Opcode : 'mul' 'add' 'sub' 'select'> <InPorts = 0> <OutPorts = 1> <Sync> <CReg>
ST_33 : Operation 347 [3/3] (1.05ns) (grouped into DSP with root node z4_11)   --->   "%z4_10 = mul i30 %sext_ln51_25, i30 1073738628" [../import_files/import_files/2D_idct.cpp:106]   --->   Operation 347 'mul' 'z4_10' <Predicate = true> <Delay = 1.05> <CoreInst = "DSP48">   --->   Core 119 'DSP48' <Latency = 3> <II = 1> <Delay = 2.15> <IPBlock> <Opcode : 'mul' 'add' 'sub' 'select'> <InPorts = 0> <OutPorts = 1> <Sync> <CReg>
ST_33 : Operation 348 [2/4] (1.05ns) (root node of the DSP)   --->   "%z1_11 = mul i31 %sext_ln69_3, i31 4433" [../import_files/import_files/2D_idct.cpp:69]   --->   Operation 348 'mul' 'z1_11' <Predicate = true> <Delay = 1.05> <CoreInst = "DSP48">   --->   Core 119 'DSP48' <Latency = 3> <II = 1> <Delay = 2.15> <IPBlock> <Opcode : 'mul' 'add' 'sub' 'select'> <InPorts = 0> <OutPorts = 1> <Sync> <CReg>
ST_33 : Operation 349 [2/3] (1.05ns) (grouped into DSP with root node tmp2_20)   --->   "%mul_ln70_5 = mul i31 %sext_ln51_50, i31 2147468511" [../import_files/import_files/2D_idct.cpp:70]   --->   Operation 349 'mul' 'mul_ln70_5' <Predicate = true> <Delay = 1.05> <CoreInst = "DSP48">   --->   Core 119 'DSP48' <Latency = 3> <II = 1> <Delay = 2.15> <IPBlock> <Opcode : 'mul' 'add' 'sub' 'select'> <InPorts = 0> <OutPorts = 1> <Sync> <CReg>
ST_33 : Operation 350 [2/3] (1.05ns) (grouped into DSP with root node tmp3_20)   --->   "%mul_ln71_5 = mul i30 %sext_ln51_10, i30 6270" [../import_files/import_files/2D_idct.cpp:71]   --->   Operation 350 'mul' 'mul_ln71_5' <Predicate = true> <Delay = 1.05> <CoreInst = "DSP48">   --->   Core 119 'DSP48' <Latency = 3> <II = 1> <Delay = 2.15> <IPBlock> <Opcode : 'mul' 'add' 'sub' 'select'> <InPorts = 0> <OutPorts = 1> <Sync> <CReg>
ST_33 : Operation 351 [3/4] (1.05ns) (root node of the DSP)   --->   "%z5_3 = mul i32 %sext_ln97_3, i32 9633" [../import_files/import_files/2D_idct.cpp:97]   --->   Operation 351 'mul' 'z5_3' <Predicate = true> <Delay = 1.05> <CoreInst = "DSP48">   --->   Core 119 'DSP48' <Latency = 3> <II = 1> <Delay = 2.15> <IPBlock> <Opcode : 'mul' 'add' 'sub' 'select'> <InPorts = 0> <OutPorts = 1> <Sync> <CReg>
ST_33 : Operation 352 [3/3] (1.05ns) (grouped into DSP with root node add_ln111_10)   --->   "%tmp0_23 = mul i29 %sext_ln49_46, i29 2446" [../import_files/import_files/2D_idct.cpp:99]   --->   Operation 352 'mul' 'tmp0_23' <Predicate = true> <Delay = 1.05> <CoreInst = "DSP48">   --->   Core 119 'DSP48' <Latency = 3> <II = 1> <Delay = 2.15> <IPBlock> <Opcode : 'mul' 'add' 'sub' 'select'> <InPorts = 0> <OutPorts = 1> <Sync> <CReg>
ST_33 : Operation 353 [3/3] (1.05ns) (grouped into DSP with root node add_ln114_10)   --->   "%tmp3_21 = mul i31 %sext_ln49_10, i31 12299" [../import_files/import_files/2D_idct.cpp:102]   --->   Operation 353 'mul' 'tmp3_21' <Predicate = true> <Delay = 1.05> <CoreInst = "DSP48">   --->   Core 119 'DSP48' <Latency = 3> <II = 1> <Delay = 2.15> <IPBlock> <Opcode : 'mul' 'add' 'sub' 'select'> <InPorts = 0> <OutPorts = 1> <Sync> <CReg>
ST_33 : Operation 354 [3/4] (1.05ns) (root node of the DSP)   --->   "%z1_13 = mul i31 %sext_ln51_75, i31 2147476275" [../import_files/import_files/2D_idct.cpp:103]   --->   Operation 354 'mul' 'z1_13' <Predicate = true> <Delay = 1.05> <CoreInst = "DSP48">   --->   Core 119 'DSP48' <Latency = 3> <II = 1> <Delay = 2.15> <IPBlock> <Opcode : 'mul' 'add' 'sub' 'select'> <InPorts = 0> <OutPorts = 1> <Sync> <CReg>
ST_33 : Operation 355 [3/4] (1.05ns) (root node of the DSP)   --->   "%z2_17 = mul i32 %sext_ln51_33, i32 4294946301" [../import_files/import_files/2D_idct.cpp:104]   --->   Operation 355 'mul' 'z2_17' <Predicate = true> <Delay = 1.05> <CoreInst = "DSP48">   --->   Core 119 'DSP48' <Latency = 3> <II = 1> <Delay = 2.15> <IPBlock> <Opcode : 'mul' 'add' 'sub' 'select'> <InPorts = 0> <OutPorts = 1> <Sync> <CReg>
ST_33 : Operation 356 [3/3] (1.05ns) (grouped into DSP with root node z3_50)   --->   "%z3_46 = mul i32 %sext_ln51_73, i32 4294951227" [../import_files/import_files/2D_idct.cpp:105]   --->   Operation 356 'mul' 'z3_46' <Predicate = true> <Delay = 1.05> <CoreInst = "DSP48">   --->   Core 119 'DSP48' <Latency = 3> <II = 1> <Delay = 2.15> <IPBlock> <Opcode : 'mul' 'add' 'sub' 'select'> <InPorts = 0> <OutPorts = 1> <Sync> <CReg>
ST_33 : Operation 357 [3/3] (1.05ns) (grouped into DSP with root node z4_17)   --->   "%z4_16 = mul i30 %sext_ln51_31, i30 1073738628" [../import_files/import_files/2D_idct.cpp:106]   --->   Operation 357 'mul' 'z4_16' <Predicate = true> <Delay = 1.05> <CoreInst = "DSP48">   --->   Core 119 'DSP48' <Latency = 3> <II = 1> <Delay = 2.15> <IPBlock> <Opcode : 'mul' 'add' 'sub' 'select'> <InPorts = 0> <OutPorts = 1> <Sync> <CReg>
ST_33 : Operation 358 [3/4] (1.05ns) (root node of the DSP)   --->   "%z1_14 = mul i31 %sext_ln69_4, i31 4433" [../import_files/import_files/2D_idct.cpp:69]   --->   Operation 358 'mul' 'z1_14' <Predicate = true> <Delay = 1.05> <CoreInst = "DSP48">   --->   Core 119 'DSP48' <Latency = 3> <II = 1> <Delay = 2.15> <IPBlock> <Opcode : 'mul' 'add' 'sub' 'select'> <InPorts = 0> <OutPorts = 1> <Sync> <CReg>
ST_33 : Operation 359 [3/3] (1.05ns) (grouped into DSP with root node tmp2_23)   --->   "%mul_ln70_6 = mul i31 %sext_ln51_52, i31 2147468511" [../import_files/import_files/2D_idct.cpp:70]   --->   Operation 359 'mul' 'mul_ln70_6' <Predicate = true> <Delay = 1.05> <CoreInst = "DSP48">   --->   Core 119 'DSP48' <Latency = 3> <II = 1> <Delay = 2.15> <IPBlock> <Opcode : 'mul' 'add' 'sub' 'select'> <InPorts = 0> <OutPorts = 1> <Sync> <CReg>
ST_33 : Operation 360 [3/3] (1.05ns) (grouped into DSP with root node tmp3_23)   --->   "%mul_ln71_6 = mul i30 %sext_ln51_12, i30 6270" [../import_files/import_files/2D_idct.cpp:71]   --->   Operation 360 'mul' 'mul_ln71_6' <Predicate = true> <Delay = 1.05> <CoreInst = "DSP48">   --->   Core 119 'DSP48' <Latency = 3> <II = 1> <Delay = 2.15> <IPBlock> <Opcode : 'mul' 'add' 'sub' 'select'> <InPorts = 0> <OutPorts = 1> <Sync> <CReg>
ST_33 : Operation 361 [4/4] (1.05ns) (root node of the DSP)   --->   "%z5_4 = mul i32 %sext_ln97_4, i32 9633" [../import_files/import_files/2D_idct.cpp:97]   --->   Operation 361 'mul' 'z5_4' <Predicate = true> <Delay = 1.05> <CoreInst = "DSP48">   --->   Core 119 'DSP48' <Latency = 3> <II = 1> <Delay = 2.15> <IPBlock> <Opcode : 'mul' 'add' 'sub' 'select'> <InPorts = 0> <OutPorts = 1> <Sync> <CReg>
ST_33 : Operation 362 [4/4] (1.05ns) (root node of the DSP)   --->   "%z1_16 = mul i31 %sext_ln51_78, i31 2147476275" [../import_files/import_files/2D_idct.cpp:103]   --->   Operation 362 'mul' 'z1_16' <Predicate = true> <Delay = 1.05> <CoreInst = "DSP48">   --->   Core 119 'DSP48' <Latency = 3> <II = 1> <Delay = 2.15> <IPBlock> <Opcode : 'mul' 'add' 'sub' 'select'> <InPorts = 0> <OutPorts = 1> <Sync> <CReg>
ST_33 : Operation 363 [4/4] (1.05ns) (root node of the DSP)   --->   "%z2_22 = mul i32 %sext_ln51_36, i32 4294946301" [../import_files/import_files/2D_idct.cpp:104]   --->   Operation 363 'mul' 'z2_22' <Predicate = true> <Delay = 1.05> <CoreInst = "DSP48">   --->   Core 119 'DSP48' <Latency = 3> <II = 1> <Delay = 2.15> <IPBlock> <Opcode : 'mul' 'add' 'sub' 'select'> <InPorts = 0> <OutPorts = 1> <Sync> <CReg>
ST_33 : Operation 364 [2/4] (1.05ns) (root node of the DSP)   --->   "%z1_17 = mul i31 %sext_ln69_5, i31 4433" [../import_files/import_files/2D_idct.cpp:69]   --->   Operation 364 'mul' 'z1_17' <Predicate = true> <Delay = 1.05> <CoreInst = "DSP48">   --->   Core 119 'DSP48' <Latency = 3> <II = 1> <Delay = 2.15> <IPBlock> <Opcode : 'mul' 'add' 'sub' 'select'> <InPorts = 0> <OutPorts = 1> <Sync> <CReg>
ST_33 : Operation 365 [2/3] (1.05ns) (grouped into DSP with root node tmp2_27)   --->   "%mul_ln70_7 = mul i31 %sext_ln51_54, i31 2147468511" [../import_files/import_files/2D_idct.cpp:70]   --->   Operation 365 'mul' 'mul_ln70_7' <Predicate = true> <Delay = 1.05> <CoreInst = "DSP48">   --->   Core 119 'DSP48' <Latency = 3> <II = 1> <Delay = 2.15> <IPBlock> <Opcode : 'mul' 'add' 'sub' 'select'> <InPorts = 0> <OutPorts = 1> <Sync> <CReg>
ST_33 : Operation 366 [2/3] (1.05ns) (grouped into DSP with root node tmp3_27)   --->   "%mul_ln71_7 = mul i30 %sext_ln51_14, i30 6270" [../import_files/import_files/2D_idct.cpp:71]   --->   Operation 366 'mul' 'mul_ln71_7' <Predicate = true> <Delay = 1.05> <CoreInst = "DSP48">   --->   Core 119 'DSP48' <Latency = 3> <II = 1> <Delay = 2.15> <IPBlock> <Opcode : 'mul' 'add' 'sub' 'select'> <InPorts = 0> <OutPorts = 1> <Sync> <CReg>
ST_33 : Operation 367 [3/4] (1.05ns) (root node of the DSP)   --->   "%z5_5 = mul i32 %sext_ln97_5, i32 9633" [../import_files/import_files/2D_idct.cpp:97]   --->   Operation 367 'mul' 'z5_5' <Predicate = true> <Delay = 1.05> <CoreInst = "DSP48">   --->   Core 119 'DSP48' <Latency = 3> <II = 1> <Delay = 2.15> <IPBlock> <Opcode : 'mul' 'add' 'sub' 'select'> <InPorts = 0> <OutPorts = 1> <Sync> <CReg>
ST_33 : Operation 368 [3/3] (1.05ns) (grouped into DSP with root node add_ln111_14)   --->   "%tmp0_30 = mul i29 %sext_ln49_50, i29 2446" [../import_files/import_files/2D_idct.cpp:99]   --->   Operation 368 'mul' 'tmp0_30' <Predicate = true> <Delay = 1.05> <CoreInst = "DSP48">   --->   Core 119 'DSP48' <Latency = 3> <II = 1> <Delay = 2.15> <IPBlock> <Opcode : 'mul' 'add' 'sub' 'select'> <InPorts = 0> <OutPorts = 1> <Sync> <CReg>
ST_33 : Operation 369 [3/3] (1.05ns) (grouped into DSP with root node add_ln114_14)   --->   "%tmp3_28 = mul i31 %sext_ln49_14, i31 12299" [../import_files/import_files/2D_idct.cpp:102]   --->   Operation 369 'mul' 'tmp3_28' <Predicate = true> <Delay = 1.05> <CoreInst = "DSP48">   --->   Core 119 'DSP48' <Latency = 3> <II = 1> <Delay = 2.15> <IPBlock> <Opcode : 'mul' 'add' 'sub' 'select'> <InPorts = 0> <OutPorts = 1> <Sync> <CReg>
ST_33 : Operation 370 [3/4] (1.05ns) (root node of the DSP)   --->   "%z1_19 = mul i31 %sext_ln51_81, i31 2147476275" [../import_files/import_files/2D_idct.cpp:103]   --->   Operation 370 'mul' 'z1_19' <Predicate = true> <Delay = 1.05> <CoreInst = "DSP48">   --->   Core 119 'DSP48' <Latency = 3> <II = 1> <Delay = 2.15> <IPBlock> <Opcode : 'mul' 'add' 'sub' 'select'> <InPorts = 0> <OutPorts = 1> <Sync> <CReg>
ST_33 : Operation 371 [3/4] (1.05ns) (root node of the DSP)   --->   "%z2_25 = mul i32 %sext_ln51_39, i32 4294946301" [../import_files/import_files/2D_idct.cpp:104]   --->   Operation 371 'mul' 'z2_25' <Predicate = true> <Delay = 1.05> <CoreInst = "DSP48">   --->   Core 119 'DSP48' <Latency = 3> <II = 1> <Delay = 2.15> <IPBlock> <Opcode : 'mul' 'add' 'sub' 'select'> <InPorts = 0> <OutPorts = 1> <Sync> <CReg>
ST_33 : Operation 372 [3/3] (1.05ns) (grouped into DSP with root node z3_66)   --->   "%z3_65 = mul i32 %sext_ln51_79, i32 4294951227" [../import_files/import_files/2D_idct.cpp:105]   --->   Operation 372 'mul' 'z3_65' <Predicate = true> <Delay = 1.05> <CoreInst = "DSP48">   --->   Core 119 'DSP48' <Latency = 3> <II = 1> <Delay = 2.15> <IPBlock> <Opcode : 'mul' 'add' 'sub' 'select'> <InPorts = 0> <OutPorts = 1> <Sync> <CReg>
ST_33 : Operation 373 [3/3] (1.05ns) (grouped into DSP with root node z4_23)   --->   "%z4_22 = mul i30 %sext_ln51_37, i30 1073738628" [../import_files/import_files/2D_idct.cpp:106]   --->   Operation 373 'mul' 'z4_22' <Predicate = true> <Delay = 1.05> <CoreInst = "DSP48">   --->   Core 119 'DSP48' <Latency = 3> <II = 1> <Delay = 2.15> <IPBlock> <Opcode : 'mul' 'add' 'sub' 'select'> <InPorts = 0> <OutPorts = 1> <Sync> <CReg>

State 34 <SV = 33> <Delay = 2.10>
ST_34 : Operation 374 [1/1] (0.00ns)   --->   "%sext_ln49_4 = sext i16 %tmp3_11" [../import_files/import_files/2D_idct.cpp:49]   --->   Operation 374 'sext' 'sext_ln49_4' <Predicate = true> <Delay = 0.00>
ST_34 : Operation 375 [1/1] (0.00ns)   --->   "%sext_ln49_12 = sext i16 %tmp3_24" [../import_files/import_files/2D_idct.cpp:49]   --->   Operation 375 'sext' 'sext_ln49_12' <Predicate = true> <Delay = 0.00>
ST_34 : Operation 376 [1/1] (0.00ns)   --->   "%sext_ln90 = sext i16 %tmp2_7" [../import_files/import_files/2D_idct.cpp:90]   --->   Operation 376 'sext' 'sext_ln90' <Predicate = true> <Delay = 0.00>
ST_34 : Operation 377 [1/1] (0.00ns)   --->   "%sext_ln90_2 = sext i16 %tmp2_1" [../import_files/import_files/2D_idct.cpp:90]   --->   Operation 377 'sext' 'sext_ln90_2' <Predicate = true> <Delay = 0.00>
ST_34 : Operation 378 [1/1] (0.00ns)   --->   "%sext_ln90_3 = sext i16 %tmp2_2" [../import_files/import_files/2D_idct.cpp:90]   --->   Operation 378 'sext' 'sext_ln90_3' <Predicate = true> <Delay = 0.00>
ST_34 : Operation 379 [1/1] (0.00ns)   --->   "%sext_ln90_5 = sext i16 %tmp2_3" [../import_files/import_files/2D_idct.cpp:90]   --->   Operation 379 'sext' 'sext_ln90_5' <Predicate = true> <Delay = 0.00>
ST_34 : Operation 380 [1/1] (0.00ns)   --->   "%sext_ln89 = sext i16 %tmp1_7" [../import_files/import_files/2D_idct.cpp:89]   --->   Operation 380 'sext' 'sext_ln89' <Predicate = true> <Delay = 0.00>
ST_34 : Operation 381 [1/1] (0.00ns)   --->   "%sext_ln51_22 = sext i17 %z4_6" [../import_files/import_files/2D_idct.cpp:51]   --->   Operation 381 'sext' 'sext_ln51_22' <Predicate = true> <Delay = 0.00>
ST_34 : Operation 382 [1/1] (0.00ns)   --->   "%sext_ln89_2 = sext i16 %tmp1_1" [../import_files/import_files/2D_idct.cpp:89]   --->   Operation 382 'sext' 'sext_ln89_2' <Predicate = true> <Delay = 0.00>
ST_34 : Operation 383 [1/1] (0.00ns)   --->   "%sext_ln89_3 = sext i16 %tmp1_2" [../import_files/import_files/2D_idct.cpp:89]   --->   Operation 383 'sext' 'sext_ln89_3' <Predicate = true> <Delay = 0.00>
ST_34 : Operation 384 [1/1] (0.00ns)   --->   "%sext_ln51_34 = sext i17 %z4_18" [../import_files/import_files/2D_idct.cpp:51]   --->   Operation 384 'sext' 'sext_ln51_34' <Predicate = true> <Delay = 0.00>
ST_34 : Operation 385 [1/1] (0.00ns)   --->   "%sext_ln89_5 = sext i16 %tmp1_3" [../import_files/import_files/2D_idct.cpp:89]   --->   Operation 385 'sext' 'sext_ln89_5' <Predicate = true> <Delay = 0.00>
ST_34 : Operation 386 [1/1] (0.00ns)   --->   "%sext_ln49_40 = sext i16 %tmp0_12" [../import_files/import_files/2D_idct.cpp:49]   --->   Operation 386 'sext' 'sext_ln49_40' <Predicate = true> <Delay = 0.00>
ST_34 : Operation 387 [1/1] (0.00ns)   --->   "%sext_ln51_63 = sext i17 %z3_15" [../import_files/import_files/2D_idct.cpp:51]   --->   Operation 387 'sext' 'sext_ln51_63' <Predicate = true> <Delay = 0.00>
ST_34 : Operation 388 [1/1] (0.00ns)   --->   "%sext_ln49_48 = sext i16 %tmp0_26" [../import_files/import_files/2D_idct.cpp:49]   --->   Operation 388 'sext' 'sext_ln49_48' <Predicate = true> <Delay = 0.00>
ST_34 : Operation 389 [1/1] (0.00ns)   --->   "%sext_ln51_76 = sext i17 %z3_58" [../import_files/import_files/2D_idct.cpp:51]   --->   Operation 389 'sext' 'sext_ln51_76' <Predicate = true> <Delay = 0.00>
ST_34 : Operation 390 [1/4] (0.00ns) (root node of the DSP)   --->   "%z1_1 = mul i31 %sext_ln69, i31 4433" [../import_files/import_files/2D_idct.cpp:69]   --->   Operation 390 'mul' 'z1_1' <Predicate = true> <Delay = 0.00> <CoreInst = "DSP48">   --->   Core 119 'DSP48' <Latency = 3> <II = 1> <Delay = 2.15> <IPBlock> <Opcode : 'mul' 'add' 'sub' 'select'> <InPorts = 0> <OutPorts = 1> <Sync> <CReg>
ST_34 : Operation 391 [1/1] (0.00ns)   --->   "%trunc_ln51 = trunc i31 %z1_1" [../import_files/import_files/2D_idct.cpp:51]   --->   Operation 391 'trunc' 'trunc_ln51' <Predicate = true> <Delay = 0.00>
ST_34 : Operation 392 [1/3] (0.00ns) (grouped into DSP with root node tmp2_6)   --->   "%mul_ln70_1 = mul i31 %sext_ln51_42, i31 2147468511" [../import_files/import_files/2D_idct.cpp:70]   --->   Operation 392 'mul' 'mul_ln70_1' <Predicate = true> <Delay = 0.00> <CoreInst = "DSP48">   --->   Core 119 'DSP48' <Latency = 3> <II = 1> <Delay = 2.15> <IPBlock> <Opcode : 'mul' 'add' 'sub' 'select'> <InPorts = 0> <OutPorts = 1> <Sync> <CReg>
ST_34 : Operation 393 [2/2] (2.10ns) (root node of the DSP)   --->   "%tmp2_6 = add i31 %z1_1, i31 %mul_ln70_1" [../import_files/import_files/2D_idct.cpp:70]   --->   Operation 393 'add' 'tmp2_6' <Predicate = true> <Delay = 2.10> <CoreInst = "DSP48">   --->   Core 119 'DSP48' <Latency = 3> <II = 1> <Delay = 2.15> <IPBlock> <Opcode : 'mul' 'add' 'sub' 'select'> <InPorts = 0> <OutPorts = 1> <Sync> <CReg>
ST_34 : Operation 394 [1/3] (0.00ns) (grouped into DSP with root node tmp3_6)   --->   "%mul_ln71_1 = mul i30 %sext_ln51_2, i30 6270" [../import_files/import_files/2D_idct.cpp:71]   --->   Operation 394 'mul' 'mul_ln71_1' <Predicate = true> <Delay = 0.00> <CoreInst = "DSP48">   --->   Core 119 'DSP48' <Latency = 3> <II = 1> <Delay = 2.15> <IPBlock> <Opcode : 'mul' 'add' 'sub' 'select'> <InPorts = 0> <OutPorts = 1> <Sync> <CReg>
ST_34 : Operation 395 [2/2] (2.10ns) (root node of the DSP)   --->   "%tmp3_6 = add i30 %trunc_ln51, i30 %mul_ln71_1" [../import_files/import_files/2D_idct.cpp:71]   --->   Operation 395 'add' 'tmp3_6' <Predicate = true> <Delay = 2.10> <CoreInst = "DSP48">   --->   Core 119 'DSP48' <Latency = 3> <II = 1> <Delay = 2.15> <IPBlock> <Opcode : 'mul' 'add' 'sub' 'select'> <InPorts = 0> <OutPorts = 1> <Sync> <CReg>
ST_34 : Operation 396 [2/4] (1.05ns) (root node of the DSP)   --->   "%z5 = mul i32 %sext_ln97, i32 9633" [../import_files/import_files/2D_idct.cpp:97]   --->   Operation 396 'mul' 'z5' <Predicate = true> <Delay = 1.05> <CoreInst = "DSP48">   --->   Core 119 'DSP48' <Latency = 3> <II = 1> <Delay = 2.15> <IPBlock> <Opcode : 'mul' 'add' 'sub' 'select'> <InPorts = 0> <OutPorts = 1> <Sync> <CReg>
ST_34 : Operation 397 [2/3] (1.05ns) (grouped into DSP with root node add_ln111_2)   --->   "%tmp0_9 = mul i29 %sext_ln49_38, i29 2446" [../import_files/import_files/2D_idct.cpp:99]   --->   Operation 397 'mul' 'tmp0_9' <Predicate = true> <Delay = 1.05> <CoreInst = "DSP48">   --->   Core 119 'DSP48' <Latency = 3> <II = 1> <Delay = 2.15> <IPBlock> <Opcode : 'mul' 'add' 'sub' 'select'> <InPorts = 0> <OutPorts = 1> <Sync> <CReg>
ST_34 : Operation 398 [3/3] (1.05ns) (grouped into DSP with root node add_ln112_2)   --->   "%tmp1_8 = mul i32 %sext_ln89, i32 16819" [../import_files/import_files/2D_idct.cpp:100]   --->   Operation 398 'mul' 'tmp1_8' <Predicate = true> <Delay = 1.05> <CoreInst = "DSP48">   --->   Core 119 'DSP48' <Latency = 3> <II = 1> <Delay = 2.15> <IPBlock> <Opcode : 'mul' 'add' 'sub' 'select'> <InPorts = 0> <OutPorts = 1> <Sync> <CReg>
ST_34 : Operation 399 [3/3] (1.05ns) (grouped into DSP with root node add_ln113_2)   --->   "%tmp2_8 = mul i32 %sext_ln90, i32 25172" [../import_files/import_files/2D_idct.cpp:101]   --->   Operation 399 'mul' 'tmp2_8' <Predicate = true> <Delay = 1.05> <CoreInst = "DSP48">   --->   Core 119 'DSP48' <Latency = 3> <II = 1> <Delay = 2.15> <IPBlock> <Opcode : 'mul' 'add' 'sub' 'select'> <InPorts = 0> <OutPorts = 1> <Sync> <CReg>
ST_34 : Operation 400 [2/3] (1.05ns) (grouped into DSP with root node add_ln114_2)   --->   "%tmp3_8 = mul i31 %sext_ln49_2, i31 12299" [../import_files/import_files/2D_idct.cpp:102]   --->   Operation 400 'mul' 'tmp3_8' <Predicate = true> <Delay = 1.05> <CoreInst = "DSP48">   --->   Core 119 'DSP48' <Latency = 3> <II = 1> <Delay = 2.15> <IPBlock> <Opcode : 'mul' 'add' 'sub' 'select'> <InPorts = 0> <OutPorts = 1> <Sync> <CReg>
ST_34 : Operation 401 [2/4] (1.05ns) (root node of the DSP)   --->   "%z1_3 = mul i31 %sext_ln51_62, i31 2147476275" [../import_files/import_files/2D_idct.cpp:103]   --->   Operation 401 'mul' 'z1_3' <Predicate = true> <Delay = 1.05> <CoreInst = "DSP48">   --->   Core 119 'DSP48' <Latency = 3> <II = 1> <Delay = 2.15> <IPBlock> <Opcode : 'mul' 'add' 'sub' 'select'> <InPorts = 0> <OutPorts = 1> <Sync> <CReg>
ST_34 : Operation 402 [2/4] (1.05ns) (root node of the DSP)   --->   "%z2_8 = mul i32 %sext_ln51_21, i32 4294946301" [../import_files/import_files/2D_idct.cpp:104]   --->   Operation 402 'mul' 'z2_8' <Predicate = true> <Delay = 1.05> <CoreInst = "DSP48">   --->   Core 119 'DSP48' <Latency = 3> <II = 1> <Delay = 2.15> <IPBlock> <Opcode : 'mul' 'add' 'sub' 'select'> <InPorts = 0> <OutPorts = 1> <Sync> <CReg>
ST_34 : Operation 403 [2/3] (1.05ns) (grouped into DSP with root node z3_11)   --->   "%z3_10 = mul i32 %sext_ln51_60, i32 4294951227" [../import_files/import_files/2D_idct.cpp:105]   --->   Operation 403 'mul' 'z3_10' <Predicate = true> <Delay = 1.05> <CoreInst = "DSP48">   --->   Core 119 'DSP48' <Latency = 3> <II = 1> <Delay = 2.15> <IPBlock> <Opcode : 'mul' 'add' 'sub' 'select'> <InPorts = 0> <OutPorts = 1> <Sync> <CReg>
ST_34 : Operation 404 [2/3] (1.05ns) (grouped into DSP with root node z4_5)   --->   "%z4_4 = mul i30 %sext_ln51_19, i30 1073738628" [../import_files/import_files/2D_idct.cpp:106]   --->   Operation 404 'mul' 'z4_4' <Predicate = true> <Delay = 1.05> <CoreInst = "DSP48">   --->   Core 119 'DSP48' <Latency = 3> <II = 1> <Delay = 2.15> <IPBlock> <Opcode : 'mul' 'add' 'sub' 'select'> <InPorts = 0> <OutPorts = 1> <Sync> <CReg>
ST_34 : Operation 405 [2/4] (1.05ns) (root node of the DSP)   --->   "%z1_4 = mul i31 %sext_ln69_1, i31 4433" [../import_files/import_files/2D_idct.cpp:69]   --->   Operation 405 'mul' 'z1_4' <Predicate = true> <Delay = 1.05> <CoreInst = "DSP48">   --->   Core 119 'DSP48' <Latency = 3> <II = 1> <Delay = 2.15> <IPBlock> <Opcode : 'mul' 'add' 'sub' 'select'> <InPorts = 0> <OutPorts = 1> <Sync> <CReg>
ST_34 : Operation 406 [2/3] (1.05ns) (grouped into DSP with root node tmp2_10)   --->   "%mul_ln70_2 = mul i31 %sext_ln51_44, i31 2147468511" [../import_files/import_files/2D_idct.cpp:70]   --->   Operation 406 'mul' 'mul_ln70_2' <Predicate = true> <Delay = 1.05> <CoreInst = "DSP48">   --->   Core 119 'DSP48' <Latency = 3> <II = 1> <Delay = 2.15> <IPBlock> <Opcode : 'mul' 'add' 'sub' 'select'> <InPorts = 0> <OutPorts = 1> <Sync> <CReg>
ST_34 : Operation 407 [2/3] (1.05ns) (grouped into DSP with root node tmp3_10)   --->   "%mul_ln71_2 = mul i30 %sext_ln51_4, i30 6270" [../import_files/import_files/2D_idct.cpp:71]   --->   Operation 407 'mul' 'mul_ln71_2' <Predicate = true> <Delay = 1.05> <CoreInst = "DSP48">   --->   Core 119 'DSP48' <Latency = 3> <II = 1> <Delay = 2.15> <IPBlock> <Opcode : 'mul' 'add' 'sub' 'select'> <InPorts = 0> <OutPorts = 1> <Sync> <CReg>
ST_34 : Operation 408 [3/4] (1.05ns) (root node of the DSP)   --->   "%z5_1 = mul i32 %sext_ln97_1, i32 9633" [../import_files/import_files/2D_idct.cpp:97]   --->   Operation 408 'mul' 'z5_1' <Predicate = true> <Delay = 1.05> <CoreInst = "DSP48">   --->   Core 119 'DSP48' <Latency = 3> <II = 1> <Delay = 2.15> <IPBlock> <Opcode : 'mul' 'add' 'sub' 'select'> <InPorts = 0> <OutPorts = 1> <Sync> <CReg>
ST_34 : Operation 409 [3/3] (1.05ns) (grouped into DSP with root node add_ln111_4)   --->   "%tmp0_13 = mul i29 %sext_ln49_40, i29 2446" [../import_files/import_files/2D_idct.cpp:99]   --->   Operation 409 'mul' 'tmp0_13' <Predicate = true> <Delay = 1.05> <CoreInst = "DSP48">   --->   Core 119 'DSP48' <Latency = 3> <II = 1> <Delay = 2.15> <IPBlock> <Opcode : 'mul' 'add' 'sub' 'select'> <InPorts = 0> <OutPorts = 1> <Sync> <CReg>
ST_34 : Operation 410 [3/3] (1.05ns) (grouped into DSP with root node add_ln114_4)   --->   "%tmp3_12 = mul i31 %sext_ln49_4, i31 12299" [../import_files/import_files/2D_idct.cpp:102]   --->   Operation 410 'mul' 'tmp3_12' <Predicate = true> <Delay = 1.05> <CoreInst = "DSP48">   --->   Core 119 'DSP48' <Latency = 3> <II = 1> <Delay = 2.15> <IPBlock> <Opcode : 'mul' 'add' 'sub' 'select'> <InPorts = 0> <OutPorts = 1> <Sync> <CReg>
ST_34 : Operation 411 [3/4] (1.05ns) (root node of the DSP)   --->   "%z1_6 = mul i31 %sext_ln51_65, i31 2147476275" [../import_files/import_files/2D_idct.cpp:103]   --->   Operation 411 'mul' 'z1_6' <Predicate = true> <Delay = 1.05> <CoreInst = "DSP48">   --->   Core 119 'DSP48' <Latency = 3> <II = 1> <Delay = 2.15> <IPBlock> <Opcode : 'mul' 'add' 'sub' 'select'> <InPorts = 0> <OutPorts = 1> <Sync> <CReg>
ST_34 : Operation 412 [3/4] (1.05ns) (root node of the DSP)   --->   "%z2_11 = mul i32 %sext_ln51_24, i32 4294946301" [../import_files/import_files/2D_idct.cpp:104]   --->   Operation 412 'mul' 'z2_11' <Predicate = true> <Delay = 1.05> <CoreInst = "DSP48">   --->   Core 119 'DSP48' <Latency = 3> <II = 1> <Delay = 2.15> <IPBlock> <Opcode : 'mul' 'add' 'sub' 'select'> <InPorts = 0> <OutPorts = 1> <Sync> <CReg>
ST_34 : Operation 413 [3/3] (1.05ns) (grouped into DSP with root node z3_19)   --->   "%z3_16 = mul i32 %sext_ln51_63, i32 4294951227" [../import_files/import_files/2D_idct.cpp:105]   --->   Operation 413 'mul' 'z3_16' <Predicate = true> <Delay = 1.05> <CoreInst = "DSP48">   --->   Core 119 'DSP48' <Latency = 3> <II = 1> <Delay = 2.15> <IPBlock> <Opcode : 'mul' 'add' 'sub' 'select'> <InPorts = 0> <OutPorts = 1> <Sync> <CReg>
ST_34 : Operation 414 [3/3] (1.05ns) (grouped into DSP with root node z4_8)   --->   "%z4_7 = mul i30 %sext_ln51_22, i30 1073738628" [../import_files/import_files/2D_idct.cpp:106]   --->   Operation 414 'mul' 'z4_7' <Predicate = true> <Delay = 1.05> <CoreInst = "DSP48">   --->   Core 119 'DSP48' <Latency = 3> <II = 1> <Delay = 2.15> <IPBlock> <Opcode : 'mul' 'add' 'sub' 'select'> <InPorts = 0> <OutPorts = 1> <Sync> <CReg>
ST_34 : Operation 415 [1/4] (0.00ns) (root node of the DSP)   --->   "%z1_7 = mul i31 %sext_ln69_2, i31 4433" [../import_files/import_files/2D_idct.cpp:69]   --->   Operation 415 'mul' 'z1_7' <Predicate = true> <Delay = 0.00> <CoreInst = "DSP48">   --->   Core 119 'DSP48' <Latency = 3> <II = 1> <Delay = 2.15> <IPBlock> <Opcode : 'mul' 'add' 'sub' 'select'> <InPorts = 0> <OutPorts = 1> <Sync> <CReg>
ST_34 : Operation 416 [1/1] (0.00ns)   --->   "%trunc_ln51_2 = trunc i31 %z1_7" [../import_files/import_files/2D_idct.cpp:51]   --->   Operation 416 'trunc' 'trunc_ln51_2' <Predicate = true> <Delay = 0.00>
ST_34 : Operation 417 [1/3] (0.00ns) (grouped into DSP with root node tmp2_14)   --->   "%mul_ln70_3 = mul i31 %sext_ln51_46, i31 2147468511" [../import_files/import_files/2D_idct.cpp:70]   --->   Operation 417 'mul' 'mul_ln70_3' <Predicate = true> <Delay = 0.00> <CoreInst = "DSP48">   --->   Core 119 'DSP48' <Latency = 3> <II = 1> <Delay = 2.15> <IPBlock> <Opcode : 'mul' 'add' 'sub' 'select'> <InPorts = 0> <OutPorts = 1> <Sync> <CReg>
ST_34 : Operation 418 [2/2] (2.10ns) (root node of the DSP)   --->   "%tmp2_14 = add i31 %z1_7, i31 %mul_ln70_3" [../import_files/import_files/2D_idct.cpp:70]   --->   Operation 418 'add' 'tmp2_14' <Predicate = true> <Delay = 2.10> <CoreInst = "DSP48">   --->   Core 119 'DSP48' <Latency = 3> <II = 1> <Delay = 2.15> <IPBlock> <Opcode : 'mul' 'add' 'sub' 'select'> <InPorts = 0> <OutPorts = 1> <Sync> <CReg>
ST_34 : Operation 419 [1/3] (0.00ns) (grouped into DSP with root node tmp3_14)   --->   "%mul_ln71_3 = mul i30 %sext_ln51_6, i30 6270" [../import_files/import_files/2D_idct.cpp:71]   --->   Operation 419 'mul' 'mul_ln71_3' <Predicate = true> <Delay = 0.00> <CoreInst = "DSP48">   --->   Core 119 'DSP48' <Latency = 3> <II = 1> <Delay = 2.15> <IPBlock> <Opcode : 'mul' 'add' 'sub' 'select'> <InPorts = 0> <OutPorts = 1> <Sync> <CReg>
ST_34 : Operation 420 [2/2] (2.10ns) (root node of the DSP)   --->   "%tmp3_14 = add i30 %trunc_ln51_2, i30 %mul_ln71_3" [../import_files/import_files/2D_idct.cpp:71]   --->   Operation 420 'add' 'tmp3_14' <Predicate = true> <Delay = 2.10> <CoreInst = "DSP48">   --->   Core 119 'DSP48' <Latency = 3> <II = 1> <Delay = 2.15> <IPBlock> <Opcode : 'mul' 'add' 'sub' 'select'> <InPorts = 0> <OutPorts = 1> <Sync> <CReg>
ST_34 : Operation 421 [2/4] (1.05ns) (root node of the DSP)   --->   "%z5_2 = mul i32 %sext_ln97_2, i32 9633" [../import_files/import_files/2D_idct.cpp:97]   --->   Operation 421 'mul' 'z5_2' <Predicate = true> <Delay = 1.05> <CoreInst = "DSP48">   --->   Core 119 'DSP48' <Latency = 3> <II = 1> <Delay = 2.15> <IPBlock> <Opcode : 'mul' 'add' 'sub' 'select'> <InPorts = 0> <OutPorts = 1> <Sync> <CReg>
ST_34 : Operation 422 [2/3] (1.05ns) (grouped into DSP with root node add_ln111_6)   --->   "%tmp0_16 = mul i29 %sext_ln49_42, i29 2446" [../import_files/import_files/2D_idct.cpp:99]   --->   Operation 422 'mul' 'tmp0_16' <Predicate = true> <Delay = 1.05> <CoreInst = "DSP48">   --->   Core 119 'DSP48' <Latency = 3> <II = 1> <Delay = 2.15> <IPBlock> <Opcode : 'mul' 'add' 'sub' 'select'> <InPorts = 0> <OutPorts = 1> <Sync> <CReg>
ST_34 : Operation 423 [3/3] (1.05ns) (grouped into DSP with root node add_ln112_6)   --->   "%tmp1_15 = mul i32 %sext_ln89_2, i32 16819" [../import_files/import_files/2D_idct.cpp:100]   --->   Operation 423 'mul' 'tmp1_15' <Predicate = true> <Delay = 1.05> <CoreInst = "DSP48">   --->   Core 119 'DSP48' <Latency = 3> <II = 1> <Delay = 2.15> <IPBlock> <Opcode : 'mul' 'add' 'sub' 'select'> <InPorts = 0> <OutPorts = 1> <Sync> <CReg>
ST_34 : Operation 424 [3/3] (1.05ns) (grouped into DSP with root node add_ln113_6)   --->   "%tmp2_15 = mul i32 %sext_ln90_2, i32 25172" [../import_files/import_files/2D_idct.cpp:101]   --->   Operation 424 'mul' 'tmp2_15' <Predicate = true> <Delay = 1.05> <CoreInst = "DSP48">   --->   Core 119 'DSP48' <Latency = 3> <II = 1> <Delay = 2.15> <IPBlock> <Opcode : 'mul' 'add' 'sub' 'select'> <InPorts = 0> <OutPorts = 1> <Sync> <CReg>
ST_34 : Operation 425 [2/3] (1.05ns) (grouped into DSP with root node add_ln114_6)   --->   "%tmp3_15 = mul i31 %sext_ln49_6, i31 12299" [../import_files/import_files/2D_idct.cpp:102]   --->   Operation 425 'mul' 'tmp3_15' <Predicate = true> <Delay = 1.05> <CoreInst = "DSP48">   --->   Core 119 'DSP48' <Latency = 3> <II = 1> <Delay = 2.15> <IPBlock> <Opcode : 'mul' 'add' 'sub' 'select'> <InPorts = 0> <OutPorts = 1> <Sync> <CReg>
ST_34 : Operation 426 [2/4] (1.05ns) (root node of the DSP)   --->   "%z1_9 = mul i31 %sext_ln51_68, i31 2147476275" [../import_files/import_files/2D_idct.cpp:103]   --->   Operation 426 'mul' 'z1_9' <Predicate = true> <Delay = 1.05> <CoreInst = "DSP48">   --->   Core 119 'DSP48' <Latency = 3> <II = 1> <Delay = 2.15> <IPBlock> <Opcode : 'mul' 'add' 'sub' 'select'> <InPorts = 0> <OutPorts = 1> <Sync> <CReg>
ST_34 : Operation 427 [2/4] (1.05ns) (root node of the DSP)   --->   "%z2_13 = mul i32 %sext_ln51_27, i32 4294946301" [../import_files/import_files/2D_idct.cpp:104]   --->   Operation 427 'mul' 'z2_13' <Predicate = true> <Delay = 1.05> <CoreInst = "DSP48">   --->   Core 119 'DSP48' <Latency = 3> <II = 1> <Delay = 2.15> <IPBlock> <Opcode : 'mul' 'add' 'sub' 'select'> <InPorts = 0> <OutPorts = 1> <Sync> <CReg>
ST_34 : Operation 428 [2/3] (1.05ns) (grouped into DSP with root node z3_27)   --->   "%z3_24 = mul i32 %sext_ln51_66, i32 4294951227" [../import_files/import_files/2D_idct.cpp:105]   --->   Operation 428 'mul' 'z3_24' <Predicate = true> <Delay = 1.05> <CoreInst = "DSP48">   --->   Core 119 'DSP48' <Latency = 3> <II = 1> <Delay = 2.15> <IPBlock> <Opcode : 'mul' 'add' 'sub' 'select'> <InPorts = 0> <OutPorts = 1> <Sync> <CReg>
ST_34 : Operation 429 [2/3] (1.05ns) (grouped into DSP with root node z4_11)   --->   "%z4_10 = mul i30 %sext_ln51_25, i30 1073738628" [../import_files/import_files/2D_idct.cpp:106]   --->   Operation 429 'mul' 'z4_10' <Predicate = true> <Delay = 1.05> <CoreInst = "DSP48">   --->   Core 119 'DSP48' <Latency = 3> <II = 1> <Delay = 2.15> <IPBlock> <Opcode : 'mul' 'add' 'sub' 'select'> <InPorts = 0> <OutPorts = 1> <Sync> <CReg>
ST_34 : Operation 430 [1/4] (0.00ns) (root node of the DSP)   --->   "%z1_11 = mul i31 %sext_ln69_3, i31 4433" [../import_files/import_files/2D_idct.cpp:69]   --->   Operation 430 'mul' 'z1_11' <Predicate = true> <Delay = 0.00> <CoreInst = "DSP48">   --->   Core 119 'DSP48' <Latency = 3> <II = 1> <Delay = 2.15> <IPBlock> <Opcode : 'mul' 'add' 'sub' 'select'> <InPorts = 0> <OutPorts = 1> <Sync> <CReg>
ST_34 : Operation 431 [1/1] (0.00ns)   --->   "%trunc_ln51_3 = trunc i31 %z1_11" [../import_files/import_files/2D_idct.cpp:51]   --->   Operation 431 'trunc' 'trunc_ln51_3' <Predicate = true> <Delay = 0.00>
ST_34 : Operation 432 [1/3] (0.00ns) (grouped into DSP with root node tmp2_20)   --->   "%mul_ln70_5 = mul i31 %sext_ln51_50, i31 2147468511" [../import_files/import_files/2D_idct.cpp:70]   --->   Operation 432 'mul' 'mul_ln70_5' <Predicate = true> <Delay = 0.00> <CoreInst = "DSP48">   --->   Core 119 'DSP48' <Latency = 3> <II = 1> <Delay = 2.15> <IPBlock> <Opcode : 'mul' 'add' 'sub' 'select'> <InPorts = 0> <OutPorts = 1> <Sync> <CReg>
ST_34 : Operation 433 [2/2] (2.10ns) (root node of the DSP)   --->   "%tmp2_20 = add i31 %z1_11, i31 %mul_ln70_5" [../import_files/import_files/2D_idct.cpp:70]   --->   Operation 433 'add' 'tmp2_20' <Predicate = true> <Delay = 2.10> <CoreInst = "DSP48">   --->   Core 119 'DSP48' <Latency = 3> <II = 1> <Delay = 2.15> <IPBlock> <Opcode : 'mul' 'add' 'sub' 'select'> <InPorts = 0> <OutPorts = 1> <Sync> <CReg>
ST_34 : Operation 434 [1/3] (0.00ns) (grouped into DSP with root node tmp3_20)   --->   "%mul_ln71_5 = mul i30 %sext_ln51_10, i30 6270" [../import_files/import_files/2D_idct.cpp:71]   --->   Operation 434 'mul' 'mul_ln71_5' <Predicate = true> <Delay = 0.00> <CoreInst = "DSP48">   --->   Core 119 'DSP48' <Latency = 3> <II = 1> <Delay = 2.15> <IPBlock> <Opcode : 'mul' 'add' 'sub' 'select'> <InPorts = 0> <OutPorts = 1> <Sync> <CReg>
ST_34 : Operation 435 [2/2] (2.10ns) (root node of the DSP)   --->   "%tmp3_20 = add i30 %trunc_ln51_3, i30 %mul_ln71_5" [../import_files/import_files/2D_idct.cpp:71]   --->   Operation 435 'add' 'tmp3_20' <Predicate = true> <Delay = 2.10> <CoreInst = "DSP48">   --->   Core 119 'DSP48' <Latency = 3> <II = 1> <Delay = 2.15> <IPBlock> <Opcode : 'mul' 'add' 'sub' 'select'> <InPorts = 0> <OutPorts = 1> <Sync> <CReg>
ST_34 : Operation 436 [2/4] (1.05ns) (root node of the DSP)   --->   "%z5_3 = mul i32 %sext_ln97_3, i32 9633" [../import_files/import_files/2D_idct.cpp:97]   --->   Operation 436 'mul' 'z5_3' <Predicate = true> <Delay = 1.05> <CoreInst = "DSP48">   --->   Core 119 'DSP48' <Latency = 3> <II = 1> <Delay = 2.15> <IPBlock> <Opcode : 'mul' 'add' 'sub' 'select'> <InPorts = 0> <OutPorts = 1> <Sync> <CReg>
ST_34 : Operation 437 [2/3] (1.05ns) (grouped into DSP with root node add_ln111_10)   --->   "%tmp0_23 = mul i29 %sext_ln49_46, i29 2446" [../import_files/import_files/2D_idct.cpp:99]   --->   Operation 437 'mul' 'tmp0_23' <Predicate = true> <Delay = 1.05> <CoreInst = "DSP48">   --->   Core 119 'DSP48' <Latency = 3> <II = 1> <Delay = 2.15> <IPBlock> <Opcode : 'mul' 'add' 'sub' 'select'> <InPorts = 0> <OutPorts = 1> <Sync> <CReg>
ST_34 : Operation 438 [3/3] (1.05ns) (grouped into DSP with root node add_ln112_10)   --->   "%tmp1_21 = mul i32 %sext_ln89_3, i32 16819" [../import_files/import_files/2D_idct.cpp:100]   --->   Operation 438 'mul' 'tmp1_21' <Predicate = true> <Delay = 1.05> <CoreInst = "DSP48">   --->   Core 119 'DSP48' <Latency = 3> <II = 1> <Delay = 2.15> <IPBlock> <Opcode : 'mul' 'add' 'sub' 'select'> <InPorts = 0> <OutPorts = 1> <Sync> <CReg>
ST_34 : Operation 439 [3/3] (1.05ns) (grouped into DSP with root node add_ln113_10)   --->   "%tmp2_21 = mul i32 %sext_ln90_3, i32 25172" [../import_files/import_files/2D_idct.cpp:101]   --->   Operation 439 'mul' 'tmp2_21' <Predicate = true> <Delay = 1.05> <CoreInst = "DSP48">   --->   Core 119 'DSP48' <Latency = 3> <II = 1> <Delay = 2.15> <IPBlock> <Opcode : 'mul' 'add' 'sub' 'select'> <InPorts = 0> <OutPorts = 1> <Sync> <CReg>
ST_34 : Operation 440 [2/3] (1.05ns) (grouped into DSP with root node add_ln114_10)   --->   "%tmp3_21 = mul i31 %sext_ln49_10, i31 12299" [../import_files/import_files/2D_idct.cpp:102]   --->   Operation 440 'mul' 'tmp3_21' <Predicate = true> <Delay = 1.05> <CoreInst = "DSP48">   --->   Core 119 'DSP48' <Latency = 3> <II = 1> <Delay = 2.15> <IPBlock> <Opcode : 'mul' 'add' 'sub' 'select'> <InPorts = 0> <OutPorts = 1> <Sync> <CReg>
ST_34 : Operation 441 [2/4] (1.05ns) (root node of the DSP)   --->   "%z1_13 = mul i31 %sext_ln51_75, i31 2147476275" [../import_files/import_files/2D_idct.cpp:103]   --->   Operation 441 'mul' 'z1_13' <Predicate = true> <Delay = 1.05> <CoreInst = "DSP48">   --->   Core 119 'DSP48' <Latency = 3> <II = 1> <Delay = 2.15> <IPBlock> <Opcode : 'mul' 'add' 'sub' 'select'> <InPorts = 0> <OutPorts = 1> <Sync> <CReg>
ST_34 : Operation 442 [2/4] (1.05ns) (root node of the DSP)   --->   "%z2_17 = mul i32 %sext_ln51_33, i32 4294946301" [../import_files/import_files/2D_idct.cpp:104]   --->   Operation 442 'mul' 'z2_17' <Predicate = true> <Delay = 1.05> <CoreInst = "DSP48">   --->   Core 119 'DSP48' <Latency = 3> <II = 1> <Delay = 2.15> <IPBlock> <Opcode : 'mul' 'add' 'sub' 'select'> <InPorts = 0> <OutPorts = 1> <Sync> <CReg>
ST_34 : Operation 443 [2/3] (1.05ns) (grouped into DSP with root node z3_50)   --->   "%z3_46 = mul i32 %sext_ln51_73, i32 4294951227" [../import_files/import_files/2D_idct.cpp:105]   --->   Operation 443 'mul' 'z3_46' <Predicate = true> <Delay = 1.05> <CoreInst = "DSP48">   --->   Core 119 'DSP48' <Latency = 3> <II = 1> <Delay = 2.15> <IPBlock> <Opcode : 'mul' 'add' 'sub' 'select'> <InPorts = 0> <OutPorts = 1> <Sync> <CReg>
ST_34 : Operation 444 [2/3] (1.05ns) (grouped into DSP with root node z4_17)   --->   "%z4_16 = mul i30 %sext_ln51_31, i30 1073738628" [../import_files/import_files/2D_idct.cpp:106]   --->   Operation 444 'mul' 'z4_16' <Predicate = true> <Delay = 1.05> <CoreInst = "DSP48">   --->   Core 119 'DSP48' <Latency = 3> <II = 1> <Delay = 2.15> <IPBlock> <Opcode : 'mul' 'add' 'sub' 'select'> <InPorts = 0> <OutPorts = 1> <Sync> <CReg>
ST_34 : Operation 445 [2/4] (1.05ns) (root node of the DSP)   --->   "%z1_14 = mul i31 %sext_ln69_4, i31 4433" [../import_files/import_files/2D_idct.cpp:69]   --->   Operation 445 'mul' 'z1_14' <Predicate = true> <Delay = 1.05> <CoreInst = "DSP48">   --->   Core 119 'DSP48' <Latency = 3> <II = 1> <Delay = 2.15> <IPBlock> <Opcode : 'mul' 'add' 'sub' 'select'> <InPorts = 0> <OutPorts = 1> <Sync> <CReg>
ST_34 : Operation 446 [2/3] (1.05ns) (grouped into DSP with root node tmp2_23)   --->   "%mul_ln70_6 = mul i31 %sext_ln51_52, i31 2147468511" [../import_files/import_files/2D_idct.cpp:70]   --->   Operation 446 'mul' 'mul_ln70_6' <Predicate = true> <Delay = 1.05> <CoreInst = "DSP48">   --->   Core 119 'DSP48' <Latency = 3> <II = 1> <Delay = 2.15> <IPBlock> <Opcode : 'mul' 'add' 'sub' 'select'> <InPorts = 0> <OutPorts = 1> <Sync> <CReg>
ST_34 : Operation 447 [2/3] (1.05ns) (grouped into DSP with root node tmp3_23)   --->   "%mul_ln71_6 = mul i30 %sext_ln51_12, i30 6270" [../import_files/import_files/2D_idct.cpp:71]   --->   Operation 447 'mul' 'mul_ln71_6' <Predicate = true> <Delay = 1.05> <CoreInst = "DSP48">   --->   Core 119 'DSP48' <Latency = 3> <II = 1> <Delay = 2.15> <IPBlock> <Opcode : 'mul' 'add' 'sub' 'select'> <InPorts = 0> <OutPorts = 1> <Sync> <CReg>
ST_34 : Operation 448 [3/4] (1.05ns) (root node of the DSP)   --->   "%z5_4 = mul i32 %sext_ln97_4, i32 9633" [../import_files/import_files/2D_idct.cpp:97]   --->   Operation 448 'mul' 'z5_4' <Predicate = true> <Delay = 1.05> <CoreInst = "DSP48">   --->   Core 119 'DSP48' <Latency = 3> <II = 1> <Delay = 2.15> <IPBlock> <Opcode : 'mul' 'add' 'sub' 'select'> <InPorts = 0> <OutPorts = 1> <Sync> <CReg>
ST_34 : Operation 449 [3/3] (1.05ns) (grouped into DSP with root node add_ln111_12)   --->   "%tmp0_27 = mul i29 %sext_ln49_48, i29 2446" [../import_files/import_files/2D_idct.cpp:99]   --->   Operation 449 'mul' 'tmp0_27' <Predicate = true> <Delay = 1.05> <CoreInst = "DSP48">   --->   Core 119 'DSP48' <Latency = 3> <II = 1> <Delay = 2.15> <IPBlock> <Opcode : 'mul' 'add' 'sub' 'select'> <InPorts = 0> <OutPorts = 1> <Sync> <CReg>
ST_34 : Operation 450 [3/3] (1.05ns) (grouped into DSP with root node add_ln114_12)   --->   "%tmp3_25 = mul i31 %sext_ln49_12, i31 12299" [../import_files/import_files/2D_idct.cpp:102]   --->   Operation 450 'mul' 'tmp3_25' <Predicate = true> <Delay = 1.05> <CoreInst = "DSP48">   --->   Core 119 'DSP48' <Latency = 3> <II = 1> <Delay = 2.15> <IPBlock> <Opcode : 'mul' 'add' 'sub' 'select'> <InPorts = 0> <OutPorts = 1> <Sync> <CReg>
ST_34 : Operation 451 [3/4] (1.05ns) (root node of the DSP)   --->   "%z1_16 = mul i31 %sext_ln51_78, i31 2147476275" [../import_files/import_files/2D_idct.cpp:103]   --->   Operation 451 'mul' 'z1_16' <Predicate = true> <Delay = 1.05> <CoreInst = "DSP48">   --->   Core 119 'DSP48' <Latency = 3> <II = 1> <Delay = 2.15> <IPBlock> <Opcode : 'mul' 'add' 'sub' 'select'> <InPorts = 0> <OutPorts = 1> <Sync> <CReg>
ST_34 : Operation 452 [3/4] (1.05ns) (root node of the DSP)   --->   "%z2_22 = mul i32 %sext_ln51_36, i32 4294946301" [../import_files/import_files/2D_idct.cpp:104]   --->   Operation 452 'mul' 'z2_22' <Predicate = true> <Delay = 1.05> <CoreInst = "DSP48">   --->   Core 119 'DSP48' <Latency = 3> <II = 1> <Delay = 2.15> <IPBlock> <Opcode : 'mul' 'add' 'sub' 'select'> <InPorts = 0> <OutPorts = 1> <Sync> <CReg>
ST_34 : Operation 453 [3/3] (1.05ns) (grouped into DSP with root node z3_63)   --->   "%z3_62 = mul i32 %sext_ln51_76, i32 4294951227" [../import_files/import_files/2D_idct.cpp:105]   --->   Operation 453 'mul' 'z3_62' <Predicate = true> <Delay = 1.05> <CoreInst = "DSP48">   --->   Core 119 'DSP48' <Latency = 3> <II = 1> <Delay = 2.15> <IPBlock> <Opcode : 'mul' 'add' 'sub' 'select'> <InPorts = 0> <OutPorts = 1> <Sync> <CReg>
ST_34 : Operation 454 [3/3] (1.05ns) (grouped into DSP with root node z4_20)   --->   "%z4_19 = mul i30 %sext_ln51_34, i30 1073738628" [../import_files/import_files/2D_idct.cpp:106]   --->   Operation 454 'mul' 'z4_19' <Predicate = true> <Delay = 1.05> <CoreInst = "DSP48">   --->   Core 119 'DSP48' <Latency = 3> <II = 1> <Delay = 2.15> <IPBlock> <Opcode : 'mul' 'add' 'sub' 'select'> <InPorts = 0> <OutPorts = 1> <Sync> <CReg>
ST_34 : Operation 455 [1/4] (0.00ns) (root node of the DSP)   --->   "%z1_17 = mul i31 %sext_ln69_5, i31 4433" [../import_files/import_files/2D_idct.cpp:69]   --->   Operation 455 'mul' 'z1_17' <Predicate = true> <Delay = 0.00> <CoreInst = "DSP48">   --->   Core 119 'DSP48' <Latency = 3> <II = 1> <Delay = 2.15> <IPBlock> <Opcode : 'mul' 'add' 'sub' 'select'> <InPorts = 0> <OutPorts = 1> <Sync> <CReg>
ST_34 : Operation 456 [1/1] (0.00ns)   --->   "%trunc_ln51_5 = trunc i31 %z1_17" [../import_files/import_files/2D_idct.cpp:51]   --->   Operation 456 'trunc' 'trunc_ln51_5' <Predicate = true> <Delay = 0.00>
ST_34 : Operation 457 [1/3] (0.00ns) (grouped into DSP with root node tmp2_27)   --->   "%mul_ln70_7 = mul i31 %sext_ln51_54, i31 2147468511" [../import_files/import_files/2D_idct.cpp:70]   --->   Operation 457 'mul' 'mul_ln70_7' <Predicate = true> <Delay = 0.00> <CoreInst = "DSP48">   --->   Core 119 'DSP48' <Latency = 3> <II = 1> <Delay = 2.15> <IPBlock> <Opcode : 'mul' 'add' 'sub' 'select'> <InPorts = 0> <OutPorts = 1> <Sync> <CReg>
ST_34 : Operation 458 [2/2] (2.10ns) (root node of the DSP)   --->   "%tmp2_27 = add i31 %z1_17, i31 %mul_ln70_7" [../import_files/import_files/2D_idct.cpp:70]   --->   Operation 458 'add' 'tmp2_27' <Predicate = true> <Delay = 2.10> <CoreInst = "DSP48">   --->   Core 119 'DSP48' <Latency = 3> <II = 1> <Delay = 2.15> <IPBlock> <Opcode : 'mul' 'add' 'sub' 'select'> <InPorts = 0> <OutPorts = 1> <Sync> <CReg>
ST_34 : Operation 459 [1/3] (0.00ns) (grouped into DSP with root node tmp3_27)   --->   "%mul_ln71_7 = mul i30 %sext_ln51_14, i30 6270" [../import_files/import_files/2D_idct.cpp:71]   --->   Operation 459 'mul' 'mul_ln71_7' <Predicate = true> <Delay = 0.00> <CoreInst = "DSP48">   --->   Core 119 'DSP48' <Latency = 3> <II = 1> <Delay = 2.15> <IPBlock> <Opcode : 'mul' 'add' 'sub' 'select'> <InPorts = 0> <OutPorts = 1> <Sync> <CReg>
ST_34 : Operation 460 [2/2] (2.10ns) (root node of the DSP)   --->   "%tmp3_27 = add i30 %trunc_ln51_5, i30 %mul_ln71_7" [../import_files/import_files/2D_idct.cpp:71]   --->   Operation 460 'add' 'tmp3_27' <Predicate = true> <Delay = 2.10> <CoreInst = "DSP48">   --->   Core 119 'DSP48' <Latency = 3> <II = 1> <Delay = 2.15> <IPBlock> <Opcode : 'mul' 'add' 'sub' 'select'> <InPorts = 0> <OutPorts = 1> <Sync> <CReg>
ST_34 : Operation 461 [2/4] (1.05ns) (root node of the DSP)   --->   "%z5_5 = mul i32 %sext_ln97_5, i32 9633" [../import_files/import_files/2D_idct.cpp:97]   --->   Operation 461 'mul' 'z5_5' <Predicate = true> <Delay = 1.05> <CoreInst = "DSP48">   --->   Core 119 'DSP48' <Latency = 3> <II = 1> <Delay = 2.15> <IPBlock> <Opcode : 'mul' 'add' 'sub' 'select'> <InPorts = 0> <OutPorts = 1> <Sync> <CReg>
ST_34 : Operation 462 [2/3] (1.05ns) (grouped into DSP with root node add_ln111_14)   --->   "%tmp0_30 = mul i29 %sext_ln49_50, i29 2446" [../import_files/import_files/2D_idct.cpp:99]   --->   Operation 462 'mul' 'tmp0_30' <Predicate = true> <Delay = 1.05> <CoreInst = "DSP48">   --->   Core 119 'DSP48' <Latency = 3> <II = 1> <Delay = 2.15> <IPBlock> <Opcode : 'mul' 'add' 'sub' 'select'> <InPorts = 0> <OutPorts = 1> <Sync> <CReg>
ST_34 : Operation 463 [3/3] (1.05ns) (grouped into DSP with root node add_ln112_14)   --->   "%tmp1_28 = mul i32 %sext_ln89_5, i32 16819" [../import_files/import_files/2D_idct.cpp:100]   --->   Operation 463 'mul' 'tmp1_28' <Predicate = true> <Delay = 1.05> <CoreInst = "DSP48">   --->   Core 119 'DSP48' <Latency = 3> <II = 1> <Delay = 2.15> <IPBlock> <Opcode : 'mul' 'add' 'sub' 'select'> <InPorts = 0> <OutPorts = 1> <Sync> <CReg>
ST_34 : Operation 464 [3/3] (1.05ns) (grouped into DSP with root node add_ln113_14)   --->   "%tmp2_28 = mul i32 %sext_ln90_5, i32 25172" [../import_files/import_files/2D_idct.cpp:101]   --->   Operation 464 'mul' 'tmp2_28' <Predicate = true> <Delay = 1.05> <CoreInst = "DSP48">   --->   Core 119 'DSP48' <Latency = 3> <II = 1> <Delay = 2.15> <IPBlock> <Opcode : 'mul' 'add' 'sub' 'select'> <InPorts = 0> <OutPorts = 1> <Sync> <CReg>
ST_34 : Operation 465 [2/3] (1.05ns) (grouped into DSP with root node add_ln114_14)   --->   "%tmp3_28 = mul i31 %sext_ln49_14, i31 12299" [../import_files/import_files/2D_idct.cpp:102]   --->   Operation 465 'mul' 'tmp3_28' <Predicate = true> <Delay = 1.05> <CoreInst = "DSP48">   --->   Core 119 'DSP48' <Latency = 3> <II = 1> <Delay = 2.15> <IPBlock> <Opcode : 'mul' 'add' 'sub' 'select'> <InPorts = 0> <OutPorts = 1> <Sync> <CReg>
ST_34 : Operation 466 [2/4] (1.05ns) (root node of the DSP)   --->   "%z1_19 = mul i31 %sext_ln51_81, i31 2147476275" [../import_files/import_files/2D_idct.cpp:103]   --->   Operation 466 'mul' 'z1_19' <Predicate = true> <Delay = 1.05> <CoreInst = "DSP48">   --->   Core 119 'DSP48' <Latency = 3> <II = 1> <Delay = 2.15> <IPBlock> <Opcode : 'mul' 'add' 'sub' 'select'> <InPorts = 0> <OutPorts = 1> <Sync> <CReg>
ST_34 : Operation 467 [2/4] (1.05ns) (root node of the DSP)   --->   "%z2_25 = mul i32 %sext_ln51_39, i32 4294946301" [../import_files/import_files/2D_idct.cpp:104]   --->   Operation 467 'mul' 'z2_25' <Predicate = true> <Delay = 1.05> <CoreInst = "DSP48">   --->   Core 119 'DSP48' <Latency = 3> <II = 1> <Delay = 2.15> <IPBlock> <Opcode : 'mul' 'add' 'sub' 'select'> <InPorts = 0> <OutPorts = 1> <Sync> <CReg>
ST_34 : Operation 468 [2/3] (1.05ns) (grouped into DSP with root node z3_66)   --->   "%z3_65 = mul i32 %sext_ln51_79, i32 4294951227" [../import_files/import_files/2D_idct.cpp:105]   --->   Operation 468 'mul' 'z3_65' <Predicate = true> <Delay = 1.05> <CoreInst = "DSP48">   --->   Core 119 'DSP48' <Latency = 3> <II = 1> <Delay = 2.15> <IPBlock> <Opcode : 'mul' 'add' 'sub' 'select'> <InPorts = 0> <OutPorts = 1> <Sync> <CReg>
ST_34 : Operation 469 [2/3] (1.05ns) (grouped into DSP with root node z4_23)   --->   "%z4_22 = mul i30 %sext_ln51_37, i30 1073738628" [../import_files/import_files/2D_idct.cpp:106]   --->   Operation 469 'mul' 'z4_22' <Predicate = true> <Delay = 1.05> <CoreInst = "DSP48">   --->   Core 119 'DSP48' <Latency = 3> <II = 1> <Delay = 2.15> <IPBlock> <Opcode : 'mul' 'add' 'sub' 'select'> <InPorts = 0> <OutPorts = 1> <Sync> <CReg>

State 35 <SV = 34> <Delay = 2.10>
ST_35 : Operation 470 [1/1] (0.00ns)   --->   "%sext_ln77_1 = sext i16 %tmp" [../import_files/import_files/2D_idct.cpp:77]   --->   Operation 470 'sext' 'sext_ln77_1' <Predicate = true> <Delay = 0.00>
ST_35 : Operation 471 [1/1] (0.00ns)   --->   "%sext_ln77_3 = sext i16 %tmp_s" [../import_files/import_files/2D_idct.cpp:77]   --->   Operation 471 'sext' 'sext_ln77_3' <Predicate = true> <Delay = 0.00>
ST_35 : Operation 472 [1/1] (0.00ns)   --->   "%sext_ln77_5 = sext i16 %tmp_1" [../import_files/import_files/2D_idct.cpp:77]   --->   Operation 472 'sext' 'sext_ln77_5' <Predicate = true> <Delay = 0.00>
ST_35 : Operation 473 [1/1] (0.00ns)   --->   "%sext_ln77_7 = sext i16 %tmp_2" [../import_files/import_files/2D_idct.cpp:77]   --->   Operation 473 'sext' 'sext_ln77_7' <Predicate = true> <Delay = 0.00>
ST_35 : Operation 474 [1/1] (0.00ns)   --->   "%sext_ln90_1 = sext i16 %tmp2_11" [../import_files/import_files/2D_idct.cpp:90]   --->   Operation 474 'sext' 'sext_ln90_1' <Predicate = true> <Delay = 0.00>
ST_35 : Operation 475 [1/1] (0.00ns)   --->   "%sext_ln90_4 = sext i16 %tmp2_24" [../import_files/import_files/2D_idct.cpp:90]   --->   Operation 475 'sext' 'sext_ln90_4' <Predicate = true> <Delay = 0.00>
ST_35 : Operation 476 [1/1] (0.00ns)   --->   "%sext_ln76_1 = sext i16 %tmp_3" [../import_files/import_files/2D_idct.cpp:76]   --->   Operation 476 'sext' 'sext_ln76_1' <Predicate = true> <Delay = 0.00>
ST_35 : Operation 477 [1/1] (2.07ns)   --->   "%sub_ln77_1 = sub i17 %sext_ln77_1, i17 %sext_ln76_1" [../import_files/import_files/2D_idct.cpp:77]   --->   Operation 477 'sub' 'sub_ln77_1' <Predicate = true> <Delay = 2.07> <CoreInst = "Adder">   --->   Core 1 'Adder' <Latency = 0> <II = 1> <Delay = 2.07> <FuncUnit> <Opcode : 'add' 'sub'> <InPorts = 2> <OutPorts = 1>
ST_35 : Operation 478 [1/1] (2.07ns)   --->   "%add_ln76_1 = add i17 %sext_ln76_1, i17 %sext_ln77_1" [../import_files/import_files/2D_idct.cpp:76]   --->   Operation 478 'add' 'add_ln76_1' <Predicate = true> <Delay = 2.07> <CoreInst = "Adder">   --->   Core 1 'Adder' <Latency = 0> <II = 1> <Delay = 2.07> <FuncUnit> <Opcode : 'add' 'sub'> <InPorts = 2> <OutPorts = 1>
ST_35 : Operation 479 [1/1] (0.00ns)   --->   "%sext_ln76_3 = sext i16 %tmp_4" [../import_files/import_files/2D_idct.cpp:76]   --->   Operation 479 'sext' 'sext_ln76_3' <Predicate = true> <Delay = 0.00>
ST_35 : Operation 480 [1/1] (2.07ns)   --->   "%sub_ln77_3 = sub i17 %sext_ln77_3, i17 %sext_ln76_3" [../import_files/import_files/2D_idct.cpp:77]   --->   Operation 480 'sub' 'sub_ln77_3' <Predicate = true> <Delay = 2.07> <CoreInst = "Adder">   --->   Core 1 'Adder' <Latency = 0> <II = 1> <Delay = 2.07> <FuncUnit> <Opcode : 'add' 'sub'> <InPorts = 2> <OutPorts = 1>
ST_35 : Operation 481 [1/1] (2.07ns)   --->   "%add_ln76_3 = add i17 %sext_ln76_3, i17 %sext_ln77_3" [../import_files/import_files/2D_idct.cpp:76]   --->   Operation 481 'add' 'add_ln76_3' <Predicate = true> <Delay = 2.07> <CoreInst = "Adder">   --->   Core 1 'Adder' <Latency = 0> <II = 1> <Delay = 2.07> <FuncUnit> <Opcode : 'add' 'sub'> <InPorts = 2> <OutPorts = 1>
ST_35 : Operation 482 [1/1] (0.00ns)   --->   "%sext_ln76_5 = sext i16 %tmp_5" [../import_files/import_files/2D_idct.cpp:76]   --->   Operation 482 'sext' 'sext_ln76_5' <Predicate = true> <Delay = 0.00>
ST_35 : Operation 483 [1/1] (2.07ns)   --->   "%sub_ln77_5 = sub i17 %sext_ln77_5, i17 %sext_ln76_5" [../import_files/import_files/2D_idct.cpp:77]   --->   Operation 483 'sub' 'sub_ln77_5' <Predicate = true> <Delay = 2.07> <CoreInst = "Adder">   --->   Core 1 'Adder' <Latency = 0> <II = 1> <Delay = 2.07> <FuncUnit> <Opcode : 'add' 'sub'> <InPorts = 2> <OutPorts = 1>
ST_35 : Operation 484 [1/1] (2.07ns)   --->   "%add_ln76_5 = add i17 %sext_ln76_5, i17 %sext_ln77_5" [../import_files/import_files/2D_idct.cpp:76]   --->   Operation 484 'add' 'add_ln76_5' <Predicate = true> <Delay = 2.07> <CoreInst = "Adder">   --->   Core 1 'Adder' <Latency = 0> <II = 1> <Delay = 2.07> <FuncUnit> <Opcode : 'add' 'sub'> <InPorts = 2> <OutPorts = 1>
ST_35 : Operation 485 [1/1] (0.00ns)   --->   "%sext_ln76_7 = sext i16 %tmp_6" [../import_files/import_files/2D_idct.cpp:76]   --->   Operation 485 'sext' 'sext_ln76_7' <Predicate = true> <Delay = 0.00>
ST_35 : Operation 486 [1/1] (2.07ns)   --->   "%sub_ln77_7 = sub i17 %sext_ln77_7, i17 %sext_ln76_7" [../import_files/import_files/2D_idct.cpp:77]   --->   Operation 486 'sub' 'sub_ln77_7' <Predicate = true> <Delay = 2.07> <CoreInst = "Adder">   --->   Core 1 'Adder' <Latency = 0> <II = 1> <Delay = 2.07> <FuncUnit> <Opcode : 'add' 'sub'> <InPorts = 2> <OutPorts = 1>
ST_35 : Operation 487 [1/1] (2.07ns)   --->   "%add_ln76_7 = add i17 %sext_ln76_7, i17 %sext_ln77_7" [../import_files/import_files/2D_idct.cpp:76]   --->   Operation 487 'add' 'add_ln76_7' <Predicate = true> <Delay = 2.07> <CoreInst = "Adder">   --->   Core 1 'Adder' <Latency = 0> <II = 1> <Delay = 2.07> <FuncUnit> <Opcode : 'add' 'sub'> <InPorts = 2> <OutPorts = 1>
ST_35 : Operation 488 [1/1] (0.00ns)   --->   "%sext_ln89_1 = sext i16 %tmp1_11" [../import_files/import_files/2D_idct.cpp:89]   --->   Operation 488 'sext' 'sext_ln89_1' <Predicate = true> <Delay = 0.00>
ST_35 : Operation 489 [1/1] (0.00ns)   --->   "%sext_ln89_4 = sext i16 %tmp1_24" [../import_files/import_files/2D_idct.cpp:89]   --->   Operation 489 'sext' 'sext_ln89_4' <Predicate = true> <Delay = 0.00>
ST_35 : Operation 490 [1/2] (2.10ns) (root node of the DSP)   --->   "%tmp2_6 = add i31 %z1_1, i31 %mul_ln70_1" [../import_files/import_files/2D_idct.cpp:70]   --->   Operation 490 'add' 'tmp2_6' <Predicate = true> <Delay = 2.10> <CoreInst = "DSP48">   --->   Core 119 'DSP48' <Latency = 3> <II = 1> <Delay = 2.15> <IPBlock> <Opcode : 'mul' 'add' 'sub' 'select'> <InPorts = 0> <OutPorts = 1> <Sync> <CReg>
ST_35 : Operation 491 [1/2] (2.10ns) (root node of the DSP)   --->   "%tmp3_6 = add i30 %trunc_ln51, i30 %mul_ln71_1" [../import_files/import_files/2D_idct.cpp:71]   --->   Operation 491 'add' 'tmp3_6' <Predicate = true> <Delay = 2.10> <CoreInst = "DSP48">   --->   Core 119 'DSP48' <Latency = 3> <II = 1> <Delay = 2.15> <IPBlock> <Opcode : 'mul' 'add' 'sub' 'select'> <InPorts = 0> <OutPorts = 1> <Sync> <CReg>
ST_35 : Operation 492 [1/4] (0.00ns) (root node of the DSP)   --->   "%z5 = mul i32 %sext_ln97, i32 9633" [../import_files/import_files/2D_idct.cpp:97]   --->   Operation 492 'mul' 'z5' <Predicate = true> <Delay = 0.00> <CoreInst = "DSP48">   --->   Core 119 'DSP48' <Latency = 3> <II = 1> <Delay = 2.15> <IPBlock> <Opcode : 'mul' 'add' 'sub' 'select'> <InPorts = 0> <OutPorts = 1> <Sync> <CReg>
ST_35 : Operation 493 [1/3] (0.00ns) (grouped into DSP with root node add_ln111_2)   --->   "%tmp0_9 = mul i29 %sext_ln49_38, i29 2446" [../import_files/import_files/2D_idct.cpp:99]   --->   Operation 493 'mul' 'tmp0_9' <Predicate = true> <Delay = 0.00> <CoreInst = "DSP48">   --->   Core 119 'DSP48' <Latency = 3> <II = 1> <Delay = 2.15> <IPBlock> <Opcode : 'mul' 'add' 'sub' 'select'> <InPorts = 0> <OutPorts = 1> <Sync> <CReg>
ST_35 : Operation 494 [1/1] (0.00ns) (grouped into DSP with root node add_ln111_2)   --->   "%sext_ln49_55 = sext i29 %tmp0_9" [../import_files/import_files/2D_idct.cpp:49]   --->   Operation 494 'sext' 'sext_ln49_55' <Predicate = true> <Delay = 0.00>
ST_35 : Operation 495 [2/3] (1.05ns) (grouped into DSP with root node add_ln112_2)   --->   "%tmp1_8 = mul i32 %sext_ln89, i32 16819" [../import_files/import_files/2D_idct.cpp:100]   --->   Operation 495 'mul' 'tmp1_8' <Predicate = true> <Delay = 1.05> <CoreInst = "DSP48">   --->   Core 119 'DSP48' <Latency = 3> <II = 1> <Delay = 2.15> <IPBlock> <Opcode : 'mul' 'add' 'sub' 'select'> <InPorts = 0> <OutPorts = 1> <Sync> <CReg>
ST_35 : Operation 496 [2/3] (1.05ns) (grouped into DSP with root node add_ln113_2)   --->   "%tmp2_8 = mul i32 %sext_ln90, i32 25172" [../import_files/import_files/2D_idct.cpp:101]   --->   Operation 496 'mul' 'tmp2_8' <Predicate = true> <Delay = 1.05> <CoreInst = "DSP48">   --->   Core 119 'DSP48' <Latency = 3> <II = 1> <Delay = 2.15> <IPBlock> <Opcode : 'mul' 'add' 'sub' 'select'> <InPorts = 0> <OutPorts = 1> <Sync> <CReg>
ST_35 : Operation 497 [1/3] (0.00ns) (grouped into DSP with root node add_ln114_2)   --->   "%tmp3_8 = mul i31 %sext_ln49_2, i31 12299" [../import_files/import_files/2D_idct.cpp:102]   --->   Operation 497 'mul' 'tmp3_8' <Predicate = true> <Delay = 0.00> <CoreInst = "DSP48">   --->   Core 119 'DSP48' <Latency = 3> <II = 1> <Delay = 2.15> <IPBlock> <Opcode : 'mul' 'add' 'sub' 'select'> <InPorts = 0> <OutPorts = 1> <Sync> <CReg>
ST_35 : Operation 498 [1/4] (0.00ns) (root node of the DSP)   --->   "%z1_3 = mul i31 %sext_ln51_62, i31 2147476275" [../import_files/import_files/2D_idct.cpp:103]   --->   Operation 498 'mul' 'z1_3' <Predicate = true> <Delay = 0.00> <CoreInst = "DSP48">   --->   Core 119 'DSP48' <Latency = 3> <II = 1> <Delay = 2.15> <IPBlock> <Opcode : 'mul' 'add' 'sub' 'select'> <InPorts = 0> <OutPorts = 1> <Sync> <CReg>
ST_35 : Operation 499 [2/2] (2.10ns) (root node of the DSP)   --->   "%add_ln114_2 = add i31 %z1_3, i31 %tmp3_8" [../import_files/import_files/2D_idct.cpp:114]   --->   Operation 499 'add' 'add_ln114_2' <Predicate = true> <Delay = 2.10> <CoreInst = "DSP48">   --->   Core 119 'DSP48' <Latency = 3> <II = 1> <Delay = 2.15> <IPBlock> <Opcode : 'mul' 'add' 'sub' 'select'> <InPorts = 0> <OutPorts = 1> <Sync> <CReg>
ST_35 : Operation 500 [2/2] (2.10ns) (root node of the DSP)   --->   "%add_ln111_2 = add i31 %z1_3, i31 %sext_ln49_55" [../import_files/import_files/2D_idct.cpp:111]   --->   Operation 500 'add' 'add_ln111_2' <Predicate = true> <Delay = 2.10> <CoreInst = "DSP48">   --->   Core 119 'DSP48' <Latency = 3> <II = 1> <Delay = 2.15> <IPBlock> <Opcode : 'mul' 'add' 'sub' 'select'> <InPorts = 0> <OutPorts = 1> <Sync> <CReg>
ST_35 : Operation 501 [1/4] (0.00ns) (root node of the DSP)   --->   "%z2_8 = mul i32 %sext_ln51_21, i32 4294946301" [../import_files/import_files/2D_idct.cpp:104]   --->   Operation 501 'mul' 'z2_8' <Predicate = true> <Delay = 0.00> <CoreInst = "DSP48">   --->   Core 119 'DSP48' <Latency = 3> <II = 1> <Delay = 2.15> <IPBlock> <Opcode : 'mul' 'add' 'sub' 'select'> <InPorts = 0> <OutPorts = 1> <Sync> <CReg>
ST_35 : Operation 502 [1/3] (0.00ns) (grouped into DSP with root node z3_11)   --->   "%z3_10 = mul i32 %sext_ln51_60, i32 4294951227" [../import_files/import_files/2D_idct.cpp:105]   --->   Operation 502 'mul' 'z3_10' <Predicate = true> <Delay = 0.00> <CoreInst = "DSP48">   --->   Core 119 'DSP48' <Latency = 3> <II = 1> <Delay = 2.15> <IPBlock> <Opcode : 'mul' 'add' 'sub' 'select'> <InPorts = 0> <OutPorts = 1> <Sync> <CReg>
ST_35 : Operation 503 [2/2] (2.10ns) (root node of the DSP)   --->   "%z3_11 = add i32 %z5, i32 %z3_10" [../import_files/import_files/2D_idct.cpp:108]   --->   Operation 503 'add' 'z3_11' <Predicate = true> <Delay = 2.10> <CoreInst = "DSP48">   --->   Core 119 'DSP48' <Latency = 3> <II = 1> <Delay = 2.15> <IPBlock> <Opcode : 'mul' 'add' 'sub' 'select'> <InPorts = 0> <OutPorts = 1> <Sync> <CReg>
ST_35 : Operation 504 [1/3] (0.00ns) (grouped into DSP with root node z4_5)   --->   "%z4_4 = mul i30 %sext_ln51_19, i30 1073738628" [../import_files/import_files/2D_idct.cpp:106]   --->   Operation 504 'mul' 'z4_4' <Predicate = true> <Delay = 0.00> <CoreInst = "DSP48">   --->   Core 119 'DSP48' <Latency = 3> <II = 1> <Delay = 2.15> <IPBlock> <Opcode : 'mul' 'add' 'sub' 'select'> <InPorts = 0> <OutPorts = 1> <Sync> <CReg>
ST_35 : Operation 505 [1/1] (0.00ns) (grouped into DSP with root node z4_5)   --->   "%sext_ln51_82 = sext i30 %z4_4" [../import_files/import_files/2D_idct.cpp:51]   --->   Operation 505 'sext' 'sext_ln51_82' <Predicate = true> <Delay = 0.00>
ST_35 : Operation 506 [2/2] (2.10ns) (root node of the DSP)   --->   "%z4_5 = add i32 %z5, i32 %sext_ln51_82" [../import_files/import_files/2D_idct.cpp:109]   --->   Operation 506 'add' 'z4_5' <Predicate = true> <Delay = 2.10> <CoreInst = "DSP48">   --->   Core 119 'DSP48' <Latency = 3> <II = 1> <Delay = 2.15> <IPBlock> <Opcode : 'mul' 'add' 'sub' 'select'> <InPorts = 0> <OutPorts = 1> <Sync> <CReg>
ST_35 : Operation 507 [1/4] (0.00ns) (root node of the DSP)   --->   "%z1_4 = mul i31 %sext_ln69_1, i31 4433" [../import_files/import_files/2D_idct.cpp:69]   --->   Operation 507 'mul' 'z1_4' <Predicate = true> <Delay = 0.00> <CoreInst = "DSP48">   --->   Core 119 'DSP48' <Latency = 3> <II = 1> <Delay = 2.15> <IPBlock> <Opcode : 'mul' 'add' 'sub' 'select'> <InPorts = 0> <OutPorts = 1> <Sync> <CReg>
ST_35 : Operation 508 [1/1] (0.00ns)   --->   "%trunc_ln51_1 = trunc i31 %z1_4" [../import_files/import_files/2D_idct.cpp:51]   --->   Operation 508 'trunc' 'trunc_ln51_1' <Predicate = true> <Delay = 0.00>
ST_35 : Operation 509 [1/3] (0.00ns) (grouped into DSP with root node tmp2_10)   --->   "%mul_ln70_2 = mul i31 %sext_ln51_44, i31 2147468511" [../import_files/import_files/2D_idct.cpp:70]   --->   Operation 509 'mul' 'mul_ln70_2' <Predicate = true> <Delay = 0.00> <CoreInst = "DSP48">   --->   Core 119 'DSP48' <Latency = 3> <II = 1> <Delay = 2.15> <IPBlock> <Opcode : 'mul' 'add' 'sub' 'select'> <InPorts = 0> <OutPorts = 1> <Sync> <CReg>
ST_35 : Operation 510 [2/2] (2.10ns) (root node of the DSP)   --->   "%tmp2_10 = add i31 %z1_4, i31 %mul_ln70_2" [../import_files/import_files/2D_idct.cpp:70]   --->   Operation 510 'add' 'tmp2_10' <Predicate = true> <Delay = 2.10> <CoreInst = "DSP48">   --->   Core 119 'DSP48' <Latency = 3> <II = 1> <Delay = 2.15> <IPBlock> <Opcode : 'mul' 'add' 'sub' 'select'> <InPorts = 0> <OutPorts = 1> <Sync> <CReg>
ST_35 : Operation 511 [1/3] (0.00ns) (grouped into DSP with root node tmp3_10)   --->   "%mul_ln71_2 = mul i30 %sext_ln51_4, i30 6270" [../import_files/import_files/2D_idct.cpp:71]   --->   Operation 511 'mul' 'mul_ln71_2' <Predicate = true> <Delay = 0.00> <CoreInst = "DSP48">   --->   Core 119 'DSP48' <Latency = 3> <II = 1> <Delay = 2.15> <IPBlock> <Opcode : 'mul' 'add' 'sub' 'select'> <InPorts = 0> <OutPorts = 1> <Sync> <CReg>
ST_35 : Operation 512 [2/2] (2.10ns) (root node of the DSP)   --->   "%tmp3_10 = add i30 %trunc_ln51_1, i30 %mul_ln71_2" [../import_files/import_files/2D_idct.cpp:71]   --->   Operation 512 'add' 'tmp3_10' <Predicate = true> <Delay = 2.10> <CoreInst = "DSP48">   --->   Core 119 'DSP48' <Latency = 3> <II = 1> <Delay = 2.15> <IPBlock> <Opcode : 'mul' 'add' 'sub' 'select'> <InPorts = 0> <OutPorts = 1> <Sync> <CReg>
ST_35 : Operation 513 [2/4] (1.05ns) (root node of the DSP)   --->   "%z5_1 = mul i32 %sext_ln97_1, i32 9633" [../import_files/import_files/2D_idct.cpp:97]   --->   Operation 513 'mul' 'z5_1' <Predicate = true> <Delay = 1.05> <CoreInst = "DSP48">   --->   Core 119 'DSP48' <Latency = 3> <II = 1> <Delay = 2.15> <IPBlock> <Opcode : 'mul' 'add' 'sub' 'select'> <InPorts = 0> <OutPorts = 1> <Sync> <CReg>
ST_35 : Operation 514 [2/3] (1.05ns) (grouped into DSP with root node add_ln111_4)   --->   "%tmp0_13 = mul i29 %sext_ln49_40, i29 2446" [../import_files/import_files/2D_idct.cpp:99]   --->   Operation 514 'mul' 'tmp0_13' <Predicate = true> <Delay = 1.05> <CoreInst = "DSP48">   --->   Core 119 'DSP48' <Latency = 3> <II = 1> <Delay = 2.15> <IPBlock> <Opcode : 'mul' 'add' 'sub' 'select'> <InPorts = 0> <OutPorts = 1> <Sync> <CReg>
ST_35 : Operation 515 [3/3] (1.05ns) (grouped into DSP with root node add_ln112_4)   --->   "%tmp1_12 = mul i32 %sext_ln89_1, i32 16819" [../import_files/import_files/2D_idct.cpp:100]   --->   Operation 515 'mul' 'tmp1_12' <Predicate = true> <Delay = 1.05> <CoreInst = "DSP48">   --->   Core 119 'DSP48' <Latency = 3> <II = 1> <Delay = 2.15> <IPBlock> <Opcode : 'mul' 'add' 'sub' 'select'> <InPorts = 0> <OutPorts = 1> <Sync> <CReg>
ST_35 : Operation 516 [3/3] (1.05ns) (grouped into DSP with root node add_ln113_4)   --->   "%tmp2_12 = mul i32 %sext_ln90_1, i32 25172" [../import_files/import_files/2D_idct.cpp:101]   --->   Operation 516 'mul' 'tmp2_12' <Predicate = true> <Delay = 1.05> <CoreInst = "DSP48">   --->   Core 119 'DSP48' <Latency = 3> <II = 1> <Delay = 2.15> <IPBlock> <Opcode : 'mul' 'add' 'sub' 'select'> <InPorts = 0> <OutPorts = 1> <Sync> <CReg>
ST_35 : Operation 517 [2/3] (1.05ns) (grouped into DSP with root node add_ln114_4)   --->   "%tmp3_12 = mul i31 %sext_ln49_4, i31 12299" [../import_files/import_files/2D_idct.cpp:102]   --->   Operation 517 'mul' 'tmp3_12' <Predicate = true> <Delay = 1.05> <CoreInst = "DSP48">   --->   Core 119 'DSP48' <Latency = 3> <II = 1> <Delay = 2.15> <IPBlock> <Opcode : 'mul' 'add' 'sub' 'select'> <InPorts = 0> <OutPorts = 1> <Sync> <CReg>
ST_35 : Operation 518 [2/4] (1.05ns) (root node of the DSP)   --->   "%z1_6 = mul i31 %sext_ln51_65, i31 2147476275" [../import_files/import_files/2D_idct.cpp:103]   --->   Operation 518 'mul' 'z1_6' <Predicate = true> <Delay = 1.05> <CoreInst = "DSP48">   --->   Core 119 'DSP48' <Latency = 3> <II = 1> <Delay = 2.15> <IPBlock> <Opcode : 'mul' 'add' 'sub' 'select'> <InPorts = 0> <OutPorts = 1> <Sync> <CReg>
ST_35 : Operation 519 [2/4] (1.05ns) (root node of the DSP)   --->   "%z2_11 = mul i32 %sext_ln51_24, i32 4294946301" [../import_files/import_files/2D_idct.cpp:104]   --->   Operation 519 'mul' 'z2_11' <Predicate = true> <Delay = 1.05> <CoreInst = "DSP48">   --->   Core 119 'DSP48' <Latency = 3> <II = 1> <Delay = 2.15> <IPBlock> <Opcode : 'mul' 'add' 'sub' 'select'> <InPorts = 0> <OutPorts = 1> <Sync> <CReg>
ST_35 : Operation 520 [2/3] (1.05ns) (grouped into DSP with root node z3_19)   --->   "%z3_16 = mul i32 %sext_ln51_63, i32 4294951227" [../import_files/import_files/2D_idct.cpp:105]   --->   Operation 520 'mul' 'z3_16' <Predicate = true> <Delay = 1.05> <CoreInst = "DSP48">   --->   Core 119 'DSP48' <Latency = 3> <II = 1> <Delay = 2.15> <IPBlock> <Opcode : 'mul' 'add' 'sub' 'select'> <InPorts = 0> <OutPorts = 1> <Sync> <CReg>
ST_35 : Operation 521 [2/3] (1.05ns) (grouped into DSP with root node z4_8)   --->   "%z4_7 = mul i30 %sext_ln51_22, i30 1073738628" [../import_files/import_files/2D_idct.cpp:106]   --->   Operation 521 'mul' 'z4_7' <Predicate = true> <Delay = 1.05> <CoreInst = "DSP48">   --->   Core 119 'DSP48' <Latency = 3> <II = 1> <Delay = 2.15> <IPBlock> <Opcode : 'mul' 'add' 'sub' 'select'> <InPorts = 0> <OutPorts = 1> <Sync> <CReg>
ST_35 : Operation 522 [1/2] (2.10ns) (root node of the DSP)   --->   "%tmp2_14 = add i31 %z1_7, i31 %mul_ln70_3" [../import_files/import_files/2D_idct.cpp:70]   --->   Operation 522 'add' 'tmp2_14' <Predicate = true> <Delay = 2.10> <CoreInst = "DSP48">   --->   Core 119 'DSP48' <Latency = 3> <II = 1> <Delay = 2.15> <IPBlock> <Opcode : 'mul' 'add' 'sub' 'select'> <InPorts = 0> <OutPorts = 1> <Sync> <CReg>
ST_35 : Operation 523 [1/2] (2.10ns) (root node of the DSP)   --->   "%tmp3_14 = add i30 %trunc_ln51_2, i30 %mul_ln71_3" [../import_files/import_files/2D_idct.cpp:71]   --->   Operation 523 'add' 'tmp3_14' <Predicate = true> <Delay = 2.10> <CoreInst = "DSP48">   --->   Core 119 'DSP48' <Latency = 3> <II = 1> <Delay = 2.15> <IPBlock> <Opcode : 'mul' 'add' 'sub' 'select'> <InPorts = 0> <OutPorts = 1> <Sync> <CReg>
ST_35 : Operation 524 [1/4] (0.00ns) (root node of the DSP)   --->   "%z5_2 = mul i32 %sext_ln97_2, i32 9633" [../import_files/import_files/2D_idct.cpp:97]   --->   Operation 524 'mul' 'z5_2' <Predicate = true> <Delay = 0.00> <CoreInst = "DSP48">   --->   Core 119 'DSP48' <Latency = 3> <II = 1> <Delay = 2.15> <IPBlock> <Opcode : 'mul' 'add' 'sub' 'select'> <InPorts = 0> <OutPorts = 1> <Sync> <CReg>
ST_35 : Operation 525 [1/3] (0.00ns) (grouped into DSP with root node add_ln111_6)   --->   "%tmp0_16 = mul i29 %sext_ln49_42, i29 2446" [../import_files/import_files/2D_idct.cpp:99]   --->   Operation 525 'mul' 'tmp0_16' <Predicate = true> <Delay = 0.00> <CoreInst = "DSP48">   --->   Core 119 'DSP48' <Latency = 3> <II = 1> <Delay = 2.15> <IPBlock> <Opcode : 'mul' 'add' 'sub' 'select'> <InPorts = 0> <OutPorts = 1> <Sync> <CReg>
ST_35 : Operation 526 [1/1] (0.00ns) (grouped into DSP with root node add_ln111_6)   --->   "%sext_ln49_61 = sext i29 %tmp0_16" [../import_files/import_files/2D_idct.cpp:49]   --->   Operation 526 'sext' 'sext_ln49_61' <Predicate = true> <Delay = 0.00>
ST_35 : Operation 527 [2/3] (1.05ns) (grouped into DSP with root node add_ln112_6)   --->   "%tmp1_15 = mul i32 %sext_ln89_2, i32 16819" [../import_files/import_files/2D_idct.cpp:100]   --->   Operation 527 'mul' 'tmp1_15' <Predicate = true> <Delay = 1.05> <CoreInst = "DSP48">   --->   Core 119 'DSP48' <Latency = 3> <II = 1> <Delay = 2.15> <IPBlock> <Opcode : 'mul' 'add' 'sub' 'select'> <InPorts = 0> <OutPorts = 1> <Sync> <CReg>
ST_35 : Operation 528 [2/3] (1.05ns) (grouped into DSP with root node add_ln113_6)   --->   "%tmp2_15 = mul i32 %sext_ln90_2, i32 25172" [../import_files/import_files/2D_idct.cpp:101]   --->   Operation 528 'mul' 'tmp2_15' <Predicate = true> <Delay = 1.05> <CoreInst = "DSP48">   --->   Core 119 'DSP48' <Latency = 3> <II = 1> <Delay = 2.15> <IPBlock> <Opcode : 'mul' 'add' 'sub' 'select'> <InPorts = 0> <OutPorts = 1> <Sync> <CReg>
ST_35 : Operation 529 [1/3] (0.00ns) (grouped into DSP with root node add_ln114_6)   --->   "%tmp3_15 = mul i31 %sext_ln49_6, i31 12299" [../import_files/import_files/2D_idct.cpp:102]   --->   Operation 529 'mul' 'tmp3_15' <Predicate = true> <Delay = 0.00> <CoreInst = "DSP48">   --->   Core 119 'DSP48' <Latency = 3> <II = 1> <Delay = 2.15> <IPBlock> <Opcode : 'mul' 'add' 'sub' 'select'> <InPorts = 0> <OutPorts = 1> <Sync> <CReg>
ST_35 : Operation 530 [1/4] (0.00ns) (root node of the DSP)   --->   "%z1_9 = mul i31 %sext_ln51_68, i31 2147476275" [../import_files/import_files/2D_idct.cpp:103]   --->   Operation 530 'mul' 'z1_9' <Predicate = true> <Delay = 0.00> <CoreInst = "DSP48">   --->   Core 119 'DSP48' <Latency = 3> <II = 1> <Delay = 2.15> <IPBlock> <Opcode : 'mul' 'add' 'sub' 'select'> <InPorts = 0> <OutPorts = 1> <Sync> <CReg>
ST_35 : Operation 531 [2/2] (2.10ns) (root node of the DSP)   --->   "%add_ln114_6 = add i31 %z1_9, i31 %tmp3_15" [../import_files/import_files/2D_idct.cpp:114]   --->   Operation 531 'add' 'add_ln114_6' <Predicate = true> <Delay = 2.10> <CoreInst = "DSP48">   --->   Core 119 'DSP48' <Latency = 3> <II = 1> <Delay = 2.15> <IPBlock> <Opcode : 'mul' 'add' 'sub' 'select'> <InPorts = 0> <OutPorts = 1> <Sync> <CReg>
ST_35 : Operation 532 [2/2] (2.10ns) (root node of the DSP)   --->   "%add_ln111_6 = add i31 %z1_9, i31 %sext_ln49_61" [../import_files/import_files/2D_idct.cpp:111]   --->   Operation 532 'add' 'add_ln111_6' <Predicate = true> <Delay = 2.10> <CoreInst = "DSP48">   --->   Core 119 'DSP48' <Latency = 3> <II = 1> <Delay = 2.15> <IPBlock> <Opcode : 'mul' 'add' 'sub' 'select'> <InPorts = 0> <OutPorts = 1> <Sync> <CReg>
ST_35 : Operation 533 [1/4] (0.00ns) (root node of the DSP)   --->   "%z2_13 = mul i32 %sext_ln51_27, i32 4294946301" [../import_files/import_files/2D_idct.cpp:104]   --->   Operation 533 'mul' 'z2_13' <Predicate = true> <Delay = 0.00> <CoreInst = "DSP48">   --->   Core 119 'DSP48' <Latency = 3> <II = 1> <Delay = 2.15> <IPBlock> <Opcode : 'mul' 'add' 'sub' 'select'> <InPorts = 0> <OutPorts = 1> <Sync> <CReg>
ST_35 : Operation 534 [1/3] (0.00ns) (grouped into DSP with root node z3_27)   --->   "%z3_24 = mul i32 %sext_ln51_66, i32 4294951227" [../import_files/import_files/2D_idct.cpp:105]   --->   Operation 534 'mul' 'z3_24' <Predicate = true> <Delay = 0.00> <CoreInst = "DSP48">   --->   Core 119 'DSP48' <Latency = 3> <II = 1> <Delay = 2.15> <IPBlock> <Opcode : 'mul' 'add' 'sub' 'select'> <InPorts = 0> <OutPorts = 1> <Sync> <CReg>
ST_35 : Operation 535 [2/2] (2.10ns) (root node of the DSP)   --->   "%z3_27 = add i32 %z5_2, i32 %z3_24" [../import_files/import_files/2D_idct.cpp:108]   --->   Operation 535 'add' 'z3_27' <Predicate = true> <Delay = 2.10> <CoreInst = "DSP48">   --->   Core 119 'DSP48' <Latency = 3> <II = 1> <Delay = 2.15> <IPBlock> <Opcode : 'mul' 'add' 'sub' 'select'> <InPorts = 0> <OutPorts = 1> <Sync> <CReg>
ST_35 : Operation 536 [1/3] (0.00ns) (grouped into DSP with root node z4_11)   --->   "%z4_10 = mul i30 %sext_ln51_25, i30 1073738628" [../import_files/import_files/2D_idct.cpp:106]   --->   Operation 536 'mul' 'z4_10' <Predicate = true> <Delay = 0.00> <CoreInst = "DSP48">   --->   Core 119 'DSP48' <Latency = 3> <II = 1> <Delay = 2.15> <IPBlock> <Opcode : 'mul' 'add' 'sub' 'select'> <InPorts = 0> <OutPorts = 1> <Sync> <CReg>
ST_35 : Operation 537 [1/1] (0.00ns) (grouped into DSP with root node z4_11)   --->   "%sext_ln51_84 = sext i30 %z4_10" [../import_files/import_files/2D_idct.cpp:51]   --->   Operation 537 'sext' 'sext_ln51_84' <Predicate = true> <Delay = 0.00>
ST_35 : Operation 538 [2/2] (2.10ns) (root node of the DSP)   --->   "%z4_11 = add i32 %z5_2, i32 %sext_ln51_84" [../import_files/import_files/2D_idct.cpp:109]   --->   Operation 538 'add' 'z4_11' <Predicate = true> <Delay = 2.10> <CoreInst = "DSP48">   --->   Core 119 'DSP48' <Latency = 3> <II = 1> <Delay = 2.15> <IPBlock> <Opcode : 'mul' 'add' 'sub' 'select'> <InPorts = 0> <OutPorts = 1> <Sync> <CReg>
ST_35 : Operation 539 [1/2] (2.10ns) (root node of the DSP)   --->   "%tmp2_20 = add i31 %z1_11, i31 %mul_ln70_5" [../import_files/import_files/2D_idct.cpp:70]   --->   Operation 539 'add' 'tmp2_20' <Predicate = true> <Delay = 2.10> <CoreInst = "DSP48">   --->   Core 119 'DSP48' <Latency = 3> <II = 1> <Delay = 2.15> <IPBlock> <Opcode : 'mul' 'add' 'sub' 'select'> <InPorts = 0> <OutPorts = 1> <Sync> <CReg>
ST_35 : Operation 540 [1/2] (2.10ns) (root node of the DSP)   --->   "%tmp3_20 = add i30 %trunc_ln51_3, i30 %mul_ln71_5" [../import_files/import_files/2D_idct.cpp:71]   --->   Operation 540 'add' 'tmp3_20' <Predicate = true> <Delay = 2.10> <CoreInst = "DSP48">   --->   Core 119 'DSP48' <Latency = 3> <II = 1> <Delay = 2.15> <IPBlock> <Opcode : 'mul' 'add' 'sub' 'select'> <InPorts = 0> <OutPorts = 1> <Sync> <CReg>
ST_35 : Operation 541 [1/4] (0.00ns) (root node of the DSP)   --->   "%z5_3 = mul i32 %sext_ln97_3, i32 9633" [../import_files/import_files/2D_idct.cpp:97]   --->   Operation 541 'mul' 'z5_3' <Predicate = true> <Delay = 0.00> <CoreInst = "DSP48">   --->   Core 119 'DSP48' <Latency = 3> <II = 1> <Delay = 2.15> <IPBlock> <Opcode : 'mul' 'add' 'sub' 'select'> <InPorts = 0> <OutPorts = 1> <Sync> <CReg>
ST_35 : Operation 542 [1/3] (0.00ns) (grouped into DSP with root node add_ln111_10)   --->   "%tmp0_23 = mul i29 %sext_ln49_46, i29 2446" [../import_files/import_files/2D_idct.cpp:99]   --->   Operation 542 'mul' 'tmp0_23' <Predicate = true> <Delay = 0.00> <CoreInst = "DSP48">   --->   Core 119 'DSP48' <Latency = 3> <II = 1> <Delay = 2.15> <IPBlock> <Opcode : 'mul' 'add' 'sub' 'select'> <InPorts = 0> <OutPorts = 1> <Sync> <CReg>
ST_35 : Operation 543 [1/1] (0.00ns) (grouped into DSP with root node add_ln111_10)   --->   "%sext_ln49_65 = sext i29 %tmp0_23" [../import_files/import_files/2D_idct.cpp:49]   --->   Operation 543 'sext' 'sext_ln49_65' <Predicate = true> <Delay = 0.00>
ST_35 : Operation 544 [2/3] (1.05ns) (grouped into DSP with root node add_ln112_10)   --->   "%tmp1_21 = mul i32 %sext_ln89_3, i32 16819" [../import_files/import_files/2D_idct.cpp:100]   --->   Operation 544 'mul' 'tmp1_21' <Predicate = true> <Delay = 1.05> <CoreInst = "DSP48">   --->   Core 119 'DSP48' <Latency = 3> <II = 1> <Delay = 2.15> <IPBlock> <Opcode : 'mul' 'add' 'sub' 'select'> <InPorts = 0> <OutPorts = 1> <Sync> <CReg>
ST_35 : Operation 545 [2/3] (1.05ns) (grouped into DSP with root node add_ln113_10)   --->   "%tmp2_21 = mul i32 %sext_ln90_3, i32 25172" [../import_files/import_files/2D_idct.cpp:101]   --->   Operation 545 'mul' 'tmp2_21' <Predicate = true> <Delay = 1.05> <CoreInst = "DSP48">   --->   Core 119 'DSP48' <Latency = 3> <II = 1> <Delay = 2.15> <IPBlock> <Opcode : 'mul' 'add' 'sub' 'select'> <InPorts = 0> <OutPorts = 1> <Sync> <CReg>
ST_35 : Operation 546 [1/3] (0.00ns) (grouped into DSP with root node add_ln114_10)   --->   "%tmp3_21 = mul i31 %sext_ln49_10, i31 12299" [../import_files/import_files/2D_idct.cpp:102]   --->   Operation 546 'mul' 'tmp3_21' <Predicate = true> <Delay = 0.00> <CoreInst = "DSP48">   --->   Core 119 'DSP48' <Latency = 3> <II = 1> <Delay = 2.15> <IPBlock> <Opcode : 'mul' 'add' 'sub' 'select'> <InPorts = 0> <OutPorts = 1> <Sync> <CReg>
ST_35 : Operation 547 [1/4] (0.00ns) (root node of the DSP)   --->   "%z1_13 = mul i31 %sext_ln51_75, i31 2147476275" [../import_files/import_files/2D_idct.cpp:103]   --->   Operation 547 'mul' 'z1_13' <Predicate = true> <Delay = 0.00> <CoreInst = "DSP48">   --->   Core 119 'DSP48' <Latency = 3> <II = 1> <Delay = 2.15> <IPBlock> <Opcode : 'mul' 'add' 'sub' 'select'> <InPorts = 0> <OutPorts = 1> <Sync> <CReg>
ST_35 : Operation 548 [2/2] (2.10ns) (root node of the DSP)   --->   "%add_ln114_10 = add i31 %z1_13, i31 %tmp3_21" [../import_files/import_files/2D_idct.cpp:114]   --->   Operation 548 'add' 'add_ln114_10' <Predicate = true> <Delay = 2.10> <CoreInst = "DSP48">   --->   Core 119 'DSP48' <Latency = 3> <II = 1> <Delay = 2.15> <IPBlock> <Opcode : 'mul' 'add' 'sub' 'select'> <InPorts = 0> <OutPorts = 1> <Sync> <CReg>
ST_35 : Operation 549 [2/2] (2.10ns) (root node of the DSP)   --->   "%add_ln111_10 = add i31 %z1_13, i31 %sext_ln49_65" [../import_files/import_files/2D_idct.cpp:111]   --->   Operation 549 'add' 'add_ln111_10' <Predicate = true> <Delay = 2.10> <CoreInst = "DSP48">   --->   Core 119 'DSP48' <Latency = 3> <II = 1> <Delay = 2.15> <IPBlock> <Opcode : 'mul' 'add' 'sub' 'select'> <InPorts = 0> <OutPorts = 1> <Sync> <CReg>
ST_35 : Operation 550 [1/4] (0.00ns) (root node of the DSP)   --->   "%z2_17 = mul i32 %sext_ln51_33, i32 4294946301" [../import_files/import_files/2D_idct.cpp:104]   --->   Operation 550 'mul' 'z2_17' <Predicate = true> <Delay = 0.00> <CoreInst = "DSP48">   --->   Core 119 'DSP48' <Latency = 3> <II = 1> <Delay = 2.15> <IPBlock> <Opcode : 'mul' 'add' 'sub' 'select'> <InPorts = 0> <OutPorts = 1> <Sync> <CReg>
ST_35 : Operation 551 [1/3] (0.00ns) (grouped into DSP with root node z3_50)   --->   "%z3_46 = mul i32 %sext_ln51_73, i32 4294951227" [../import_files/import_files/2D_idct.cpp:105]   --->   Operation 551 'mul' 'z3_46' <Predicate = true> <Delay = 0.00> <CoreInst = "DSP48">   --->   Core 119 'DSP48' <Latency = 3> <II = 1> <Delay = 2.15> <IPBlock> <Opcode : 'mul' 'add' 'sub' 'select'> <InPorts = 0> <OutPorts = 1> <Sync> <CReg>
ST_35 : Operation 552 [2/2] (2.10ns) (root node of the DSP)   --->   "%z3_50 = add i32 %z5_3, i32 %z3_46" [../import_files/import_files/2D_idct.cpp:108]   --->   Operation 552 'add' 'z3_50' <Predicate = true> <Delay = 2.10> <CoreInst = "DSP48">   --->   Core 119 'DSP48' <Latency = 3> <II = 1> <Delay = 2.15> <IPBlock> <Opcode : 'mul' 'add' 'sub' 'select'> <InPorts = 0> <OutPorts = 1> <Sync> <CReg>
ST_35 : Operation 553 [1/3] (0.00ns) (grouped into DSP with root node z4_17)   --->   "%z4_16 = mul i30 %sext_ln51_31, i30 1073738628" [../import_files/import_files/2D_idct.cpp:106]   --->   Operation 553 'mul' 'z4_16' <Predicate = true> <Delay = 0.00> <CoreInst = "DSP48">   --->   Core 119 'DSP48' <Latency = 3> <II = 1> <Delay = 2.15> <IPBlock> <Opcode : 'mul' 'add' 'sub' 'select'> <InPorts = 0> <OutPorts = 1> <Sync> <CReg>
ST_35 : Operation 554 [1/1] (0.00ns) (grouped into DSP with root node z4_17)   --->   "%sext_ln51_85 = sext i30 %z4_16" [../import_files/import_files/2D_idct.cpp:51]   --->   Operation 554 'sext' 'sext_ln51_85' <Predicate = true> <Delay = 0.00>
ST_35 : Operation 555 [2/2] (2.10ns) (root node of the DSP)   --->   "%z4_17 = add i32 %z5_3, i32 %sext_ln51_85" [../import_files/import_files/2D_idct.cpp:109]   --->   Operation 555 'add' 'z4_17' <Predicate = true> <Delay = 2.10> <CoreInst = "DSP48">   --->   Core 119 'DSP48' <Latency = 3> <II = 1> <Delay = 2.15> <IPBlock> <Opcode : 'mul' 'add' 'sub' 'select'> <InPorts = 0> <OutPorts = 1> <Sync> <CReg>
ST_35 : Operation 556 [1/4] (0.00ns) (root node of the DSP)   --->   "%z1_14 = mul i31 %sext_ln69_4, i31 4433" [../import_files/import_files/2D_idct.cpp:69]   --->   Operation 556 'mul' 'z1_14' <Predicate = true> <Delay = 0.00> <CoreInst = "DSP48">   --->   Core 119 'DSP48' <Latency = 3> <II = 1> <Delay = 2.15> <IPBlock> <Opcode : 'mul' 'add' 'sub' 'select'> <InPorts = 0> <OutPorts = 1> <Sync> <CReg>
ST_35 : Operation 557 [1/1] (0.00ns)   --->   "%trunc_ln51_4 = trunc i31 %z1_14" [../import_files/import_files/2D_idct.cpp:51]   --->   Operation 557 'trunc' 'trunc_ln51_4' <Predicate = true> <Delay = 0.00>
ST_35 : Operation 558 [1/3] (0.00ns) (grouped into DSP with root node tmp2_23)   --->   "%mul_ln70_6 = mul i31 %sext_ln51_52, i31 2147468511" [../import_files/import_files/2D_idct.cpp:70]   --->   Operation 558 'mul' 'mul_ln70_6' <Predicate = true> <Delay = 0.00> <CoreInst = "DSP48">   --->   Core 119 'DSP48' <Latency = 3> <II = 1> <Delay = 2.15> <IPBlock> <Opcode : 'mul' 'add' 'sub' 'select'> <InPorts = 0> <OutPorts = 1> <Sync> <CReg>
ST_35 : Operation 559 [2/2] (2.10ns) (root node of the DSP)   --->   "%tmp2_23 = add i31 %z1_14, i31 %mul_ln70_6" [../import_files/import_files/2D_idct.cpp:70]   --->   Operation 559 'add' 'tmp2_23' <Predicate = true> <Delay = 2.10> <CoreInst = "DSP48">   --->   Core 119 'DSP48' <Latency = 3> <II = 1> <Delay = 2.15> <IPBlock> <Opcode : 'mul' 'add' 'sub' 'select'> <InPorts = 0> <OutPorts = 1> <Sync> <CReg>
ST_35 : Operation 560 [1/3] (0.00ns) (grouped into DSP with root node tmp3_23)   --->   "%mul_ln71_6 = mul i30 %sext_ln51_12, i30 6270" [../import_files/import_files/2D_idct.cpp:71]   --->   Operation 560 'mul' 'mul_ln71_6' <Predicate = true> <Delay = 0.00> <CoreInst = "DSP48">   --->   Core 119 'DSP48' <Latency = 3> <II = 1> <Delay = 2.15> <IPBlock> <Opcode : 'mul' 'add' 'sub' 'select'> <InPorts = 0> <OutPorts = 1> <Sync> <CReg>
ST_35 : Operation 561 [2/2] (2.10ns) (root node of the DSP)   --->   "%tmp3_23 = add i30 %trunc_ln51_4, i30 %mul_ln71_6" [../import_files/import_files/2D_idct.cpp:71]   --->   Operation 561 'add' 'tmp3_23' <Predicate = true> <Delay = 2.10> <CoreInst = "DSP48">   --->   Core 119 'DSP48' <Latency = 3> <II = 1> <Delay = 2.15> <IPBlock> <Opcode : 'mul' 'add' 'sub' 'select'> <InPorts = 0> <OutPorts = 1> <Sync> <CReg>
ST_35 : Operation 562 [2/4] (1.05ns) (root node of the DSP)   --->   "%z5_4 = mul i32 %sext_ln97_4, i32 9633" [../import_files/import_files/2D_idct.cpp:97]   --->   Operation 562 'mul' 'z5_4' <Predicate = true> <Delay = 1.05> <CoreInst = "DSP48">   --->   Core 119 'DSP48' <Latency = 3> <II = 1> <Delay = 2.15> <IPBlock> <Opcode : 'mul' 'add' 'sub' 'select'> <InPorts = 0> <OutPorts = 1> <Sync> <CReg>
ST_35 : Operation 563 [2/3] (1.05ns) (grouped into DSP with root node add_ln111_12)   --->   "%tmp0_27 = mul i29 %sext_ln49_48, i29 2446" [../import_files/import_files/2D_idct.cpp:99]   --->   Operation 563 'mul' 'tmp0_27' <Predicate = true> <Delay = 1.05> <CoreInst = "DSP48">   --->   Core 119 'DSP48' <Latency = 3> <II = 1> <Delay = 2.15> <IPBlock> <Opcode : 'mul' 'add' 'sub' 'select'> <InPorts = 0> <OutPorts = 1> <Sync> <CReg>
ST_35 : Operation 564 [3/3] (1.05ns) (grouped into DSP with root node add_ln112_12)   --->   "%tmp1_25 = mul i32 %sext_ln89_4, i32 16819" [../import_files/import_files/2D_idct.cpp:100]   --->   Operation 564 'mul' 'tmp1_25' <Predicate = true> <Delay = 1.05> <CoreInst = "DSP48">   --->   Core 119 'DSP48' <Latency = 3> <II = 1> <Delay = 2.15> <IPBlock> <Opcode : 'mul' 'add' 'sub' 'select'> <InPorts = 0> <OutPorts = 1> <Sync> <CReg>
ST_35 : Operation 565 [3/3] (1.05ns) (grouped into DSP with root node add_ln113_12)   --->   "%tmp2_25 = mul i32 %sext_ln90_4, i32 25172" [../import_files/import_files/2D_idct.cpp:101]   --->   Operation 565 'mul' 'tmp2_25' <Predicate = true> <Delay = 1.05> <CoreInst = "DSP48">   --->   Core 119 'DSP48' <Latency = 3> <II = 1> <Delay = 2.15> <IPBlock> <Opcode : 'mul' 'add' 'sub' 'select'> <InPorts = 0> <OutPorts = 1> <Sync> <CReg>
ST_35 : Operation 566 [2/3] (1.05ns) (grouped into DSP with root node add_ln114_12)   --->   "%tmp3_25 = mul i31 %sext_ln49_12, i31 12299" [../import_files/import_files/2D_idct.cpp:102]   --->   Operation 566 'mul' 'tmp3_25' <Predicate = true> <Delay = 1.05> <CoreInst = "DSP48">   --->   Core 119 'DSP48' <Latency = 3> <II = 1> <Delay = 2.15> <IPBlock> <Opcode : 'mul' 'add' 'sub' 'select'> <InPorts = 0> <OutPorts = 1> <Sync> <CReg>
ST_35 : Operation 567 [2/4] (1.05ns) (root node of the DSP)   --->   "%z1_16 = mul i31 %sext_ln51_78, i31 2147476275" [../import_files/import_files/2D_idct.cpp:103]   --->   Operation 567 'mul' 'z1_16' <Predicate = true> <Delay = 1.05> <CoreInst = "DSP48">   --->   Core 119 'DSP48' <Latency = 3> <II = 1> <Delay = 2.15> <IPBlock> <Opcode : 'mul' 'add' 'sub' 'select'> <InPorts = 0> <OutPorts = 1> <Sync> <CReg>
ST_35 : Operation 568 [2/4] (1.05ns) (root node of the DSP)   --->   "%z2_22 = mul i32 %sext_ln51_36, i32 4294946301" [../import_files/import_files/2D_idct.cpp:104]   --->   Operation 568 'mul' 'z2_22' <Predicate = true> <Delay = 1.05> <CoreInst = "DSP48">   --->   Core 119 'DSP48' <Latency = 3> <II = 1> <Delay = 2.15> <IPBlock> <Opcode : 'mul' 'add' 'sub' 'select'> <InPorts = 0> <OutPorts = 1> <Sync> <CReg>
ST_35 : Operation 569 [2/3] (1.05ns) (grouped into DSP with root node z3_63)   --->   "%z3_62 = mul i32 %sext_ln51_76, i32 4294951227" [../import_files/import_files/2D_idct.cpp:105]   --->   Operation 569 'mul' 'z3_62' <Predicate = true> <Delay = 1.05> <CoreInst = "DSP48">   --->   Core 119 'DSP48' <Latency = 3> <II = 1> <Delay = 2.15> <IPBlock> <Opcode : 'mul' 'add' 'sub' 'select'> <InPorts = 0> <OutPorts = 1> <Sync> <CReg>
ST_35 : Operation 570 [2/3] (1.05ns) (grouped into DSP with root node z4_20)   --->   "%z4_19 = mul i30 %sext_ln51_34, i30 1073738628" [../import_files/import_files/2D_idct.cpp:106]   --->   Operation 570 'mul' 'z4_19' <Predicate = true> <Delay = 1.05> <CoreInst = "DSP48">   --->   Core 119 'DSP48' <Latency = 3> <II = 1> <Delay = 2.15> <IPBlock> <Opcode : 'mul' 'add' 'sub' 'select'> <InPorts = 0> <OutPorts = 1> <Sync> <CReg>
ST_35 : Operation 571 [1/2] (2.10ns) (root node of the DSP)   --->   "%tmp2_27 = add i31 %z1_17, i31 %mul_ln70_7" [../import_files/import_files/2D_idct.cpp:70]   --->   Operation 571 'add' 'tmp2_27' <Predicate = true> <Delay = 2.10> <CoreInst = "DSP48">   --->   Core 119 'DSP48' <Latency = 3> <II = 1> <Delay = 2.15> <IPBlock> <Opcode : 'mul' 'add' 'sub' 'select'> <InPorts = 0> <OutPorts = 1> <Sync> <CReg>
ST_35 : Operation 572 [1/2] (2.10ns) (root node of the DSP)   --->   "%tmp3_27 = add i30 %trunc_ln51_5, i30 %mul_ln71_7" [../import_files/import_files/2D_idct.cpp:71]   --->   Operation 572 'add' 'tmp3_27' <Predicate = true> <Delay = 2.10> <CoreInst = "DSP48">   --->   Core 119 'DSP48' <Latency = 3> <II = 1> <Delay = 2.15> <IPBlock> <Opcode : 'mul' 'add' 'sub' 'select'> <InPorts = 0> <OutPorts = 1> <Sync> <CReg>
ST_35 : Operation 573 [1/4] (0.00ns) (root node of the DSP)   --->   "%z5_5 = mul i32 %sext_ln97_5, i32 9633" [../import_files/import_files/2D_idct.cpp:97]   --->   Operation 573 'mul' 'z5_5' <Predicate = true> <Delay = 0.00> <CoreInst = "DSP48">   --->   Core 119 'DSP48' <Latency = 3> <II = 1> <Delay = 2.15> <IPBlock> <Opcode : 'mul' 'add' 'sub' 'select'> <InPorts = 0> <OutPorts = 1> <Sync> <CReg>
ST_35 : Operation 574 [1/3] (0.00ns) (grouped into DSP with root node add_ln111_14)   --->   "%tmp0_30 = mul i29 %sext_ln49_50, i29 2446" [../import_files/import_files/2D_idct.cpp:99]   --->   Operation 574 'mul' 'tmp0_30' <Predicate = true> <Delay = 0.00> <CoreInst = "DSP48">   --->   Core 119 'DSP48' <Latency = 3> <II = 1> <Delay = 2.15> <IPBlock> <Opcode : 'mul' 'add' 'sub' 'select'> <InPorts = 0> <OutPorts = 1> <Sync> <CReg>
ST_35 : Operation 575 [1/1] (0.00ns) (grouped into DSP with root node add_ln111_14)   --->   "%sext_ln49_71 = sext i29 %tmp0_30" [../import_files/import_files/2D_idct.cpp:49]   --->   Operation 575 'sext' 'sext_ln49_71' <Predicate = true> <Delay = 0.00>
ST_35 : Operation 576 [2/3] (1.05ns) (grouped into DSP with root node add_ln112_14)   --->   "%tmp1_28 = mul i32 %sext_ln89_5, i32 16819" [../import_files/import_files/2D_idct.cpp:100]   --->   Operation 576 'mul' 'tmp1_28' <Predicate = true> <Delay = 1.05> <CoreInst = "DSP48">   --->   Core 119 'DSP48' <Latency = 3> <II = 1> <Delay = 2.15> <IPBlock> <Opcode : 'mul' 'add' 'sub' 'select'> <InPorts = 0> <OutPorts = 1> <Sync> <CReg>
ST_35 : Operation 577 [2/3] (1.05ns) (grouped into DSP with root node add_ln113_14)   --->   "%tmp2_28 = mul i32 %sext_ln90_5, i32 25172" [../import_files/import_files/2D_idct.cpp:101]   --->   Operation 577 'mul' 'tmp2_28' <Predicate = true> <Delay = 1.05> <CoreInst = "DSP48">   --->   Core 119 'DSP48' <Latency = 3> <II = 1> <Delay = 2.15> <IPBlock> <Opcode : 'mul' 'add' 'sub' 'select'> <InPorts = 0> <OutPorts = 1> <Sync> <CReg>
ST_35 : Operation 578 [1/3] (0.00ns) (grouped into DSP with root node add_ln114_14)   --->   "%tmp3_28 = mul i31 %sext_ln49_14, i31 12299" [../import_files/import_files/2D_idct.cpp:102]   --->   Operation 578 'mul' 'tmp3_28' <Predicate = true> <Delay = 0.00> <CoreInst = "DSP48">   --->   Core 119 'DSP48' <Latency = 3> <II = 1> <Delay = 2.15> <IPBlock> <Opcode : 'mul' 'add' 'sub' 'select'> <InPorts = 0> <OutPorts = 1> <Sync> <CReg>
ST_35 : Operation 579 [1/4] (0.00ns) (root node of the DSP)   --->   "%z1_19 = mul i31 %sext_ln51_81, i31 2147476275" [../import_files/import_files/2D_idct.cpp:103]   --->   Operation 579 'mul' 'z1_19' <Predicate = true> <Delay = 0.00> <CoreInst = "DSP48">   --->   Core 119 'DSP48' <Latency = 3> <II = 1> <Delay = 2.15> <IPBlock> <Opcode : 'mul' 'add' 'sub' 'select'> <InPorts = 0> <OutPorts = 1> <Sync> <CReg>
ST_35 : Operation 580 [2/2] (2.10ns) (root node of the DSP)   --->   "%add_ln114_14 = add i31 %z1_19, i31 %tmp3_28" [../import_files/import_files/2D_idct.cpp:114]   --->   Operation 580 'add' 'add_ln114_14' <Predicate = true> <Delay = 2.10> <CoreInst = "DSP48">   --->   Core 119 'DSP48' <Latency = 3> <II = 1> <Delay = 2.15> <IPBlock> <Opcode : 'mul' 'add' 'sub' 'select'> <InPorts = 0> <OutPorts = 1> <Sync> <CReg>
ST_35 : Operation 581 [2/2] (2.10ns) (root node of the DSP)   --->   "%add_ln111_14 = add i31 %z1_19, i31 %sext_ln49_71" [../import_files/import_files/2D_idct.cpp:111]   --->   Operation 581 'add' 'add_ln111_14' <Predicate = true> <Delay = 2.10> <CoreInst = "DSP48">   --->   Core 119 'DSP48' <Latency = 3> <II = 1> <Delay = 2.15> <IPBlock> <Opcode : 'mul' 'add' 'sub' 'select'> <InPorts = 0> <OutPorts = 1> <Sync> <CReg>
ST_35 : Operation 582 [1/4] (0.00ns) (root node of the DSP)   --->   "%z2_25 = mul i32 %sext_ln51_39, i32 4294946301" [../import_files/import_files/2D_idct.cpp:104]   --->   Operation 582 'mul' 'z2_25' <Predicate = true> <Delay = 0.00> <CoreInst = "DSP48">   --->   Core 119 'DSP48' <Latency = 3> <II = 1> <Delay = 2.15> <IPBlock> <Opcode : 'mul' 'add' 'sub' 'select'> <InPorts = 0> <OutPorts = 1> <Sync> <CReg>
ST_35 : Operation 583 [1/3] (0.00ns) (grouped into DSP with root node z3_66)   --->   "%z3_65 = mul i32 %sext_ln51_79, i32 4294951227" [../import_files/import_files/2D_idct.cpp:105]   --->   Operation 583 'mul' 'z3_65' <Predicate = true> <Delay = 0.00> <CoreInst = "DSP48">   --->   Core 119 'DSP48' <Latency = 3> <II = 1> <Delay = 2.15> <IPBlock> <Opcode : 'mul' 'add' 'sub' 'select'> <InPorts = 0> <OutPorts = 1> <Sync> <CReg>
ST_35 : Operation 584 [2/2] (2.10ns) (root node of the DSP)   --->   "%z3_66 = add i32 %z5_5, i32 %z3_65" [../import_files/import_files/2D_idct.cpp:108]   --->   Operation 584 'add' 'z3_66' <Predicate = true> <Delay = 2.10> <CoreInst = "DSP48">   --->   Core 119 'DSP48' <Latency = 3> <II = 1> <Delay = 2.15> <IPBlock> <Opcode : 'mul' 'add' 'sub' 'select'> <InPorts = 0> <OutPorts = 1> <Sync> <CReg>
ST_35 : Operation 585 [1/3] (0.00ns) (grouped into DSP with root node z4_23)   --->   "%z4_22 = mul i30 %sext_ln51_37, i30 1073738628" [../import_files/import_files/2D_idct.cpp:106]   --->   Operation 585 'mul' 'z4_22' <Predicate = true> <Delay = 0.00> <CoreInst = "DSP48">   --->   Core 119 'DSP48' <Latency = 3> <II = 1> <Delay = 2.15> <IPBlock> <Opcode : 'mul' 'add' 'sub' 'select'> <InPorts = 0> <OutPorts = 1> <Sync> <CReg>
ST_35 : Operation 586 [1/1] (0.00ns) (grouped into DSP with root node z4_23)   --->   "%sext_ln51_111 = sext i30 %z4_22" [../import_files/import_files/2D_idct.cpp:51]   --->   Operation 586 'sext' 'sext_ln51_111' <Predicate = true> <Delay = 0.00>
ST_35 : Operation 587 [2/2] (2.10ns) (root node of the DSP)   --->   "%z4_23 = add i32 %z5_5, i32 %sext_ln51_111" [../import_files/import_files/2D_idct.cpp:109]   --->   Operation 587 'add' 'z4_23' <Predicate = true> <Delay = 2.10> <CoreInst = "DSP48">   --->   Core 119 'DSP48' <Latency = 3> <II = 1> <Delay = 2.15> <IPBlock> <Opcode : 'mul' 'add' 'sub' 'select'> <InPorts = 0> <OutPorts = 1> <Sync> <CReg>

State 36 <SV = 35> <Delay = 7.56>
ST_36 : Operation 588 [1/1] (0.00ns)   --->   "%sext_ln77_2 = sext i16 %trunc_ln41" [../import_files/import_files/2D_idct.cpp:77]   --->   Operation 588 'sext' 'sext_ln77_2' <Predicate = true> <Delay = 0.00>
ST_36 : Operation 589 [1/1] (0.00ns)   --->   "%sext_ln77_6 = sext i16 %trunc_ln45" [../import_files/import_files/2D_idct.cpp:77]   --->   Operation 589 'sext' 'sext_ln77_6' <Predicate = true> <Delay = 0.00>
ST_36 : Operation 590 [1/1] (0.00ns)   --->   "%sext_ln49_1 = sext i16 %tmp3_4" [../import_files/import_files/2D_idct.cpp:49]   --->   Operation 590 'sext' 'sext_ln49_1' <Predicate = true> <Delay = 0.00>
ST_36 : Operation 591 [1/1] (0.00ns)   --->   "%sext_ln49_9 = sext i16 %tmp3_18" [../import_files/import_files/2D_idct.cpp:49]   --->   Operation 591 'sext' 'sext_ln49_9' <Predicate = true> <Delay = 0.00>
ST_36 : Operation 592 [1/1] (0.00ns)   --->   "%sext_ln51_1 = sext i16 %z2" [../import_files/import_files/2D_idct.cpp:51]   --->   Operation 592 'sext' 'sext_ln51_1' <Predicate = true> <Delay = 0.00>
ST_36 : Operation 593 [1/1] (0.00ns)   --->   "%sext_ln51_9 = sext i16 %z2_14" [../import_files/import_files/2D_idct.cpp:51]   --->   Operation 593 'sext' 'sext_ln51_9' <Predicate = true> <Delay = 0.00>
ST_36 : Operation 594 [1/1] (0.00ns)   --->   "%sext_ln49_17 = sext i16 %tmp2_4" [../import_files/import_files/2D_idct.cpp:49]   --->   Operation 594 'sext' 'sext_ln49_17' <Predicate = true> <Delay = 0.00>
ST_36 : Operation 595 [1/1] (0.00ns)   --->   "%sext_ln49_22 = sext i16 %tmp2_18" [../import_files/import_files/2D_idct.cpp:49]   --->   Operation 595 'sext' 'sext_ln49_22' <Predicate = true> <Delay = 0.00>
ST_36 : Operation 596 [1/1] (0.00ns)   --->   "%sext_ln76_2 = sext i16 %trunc_ln41_4" [../import_files/import_files/2D_idct.cpp:76]   --->   Operation 596 'sext' 'sext_ln76_2' <Predicate = true> <Delay = 0.00>
ST_36 : Operation 597 [1/1] (2.07ns)   --->   "%sub_ln77_2 = sub i17 %sext_ln77_2, i17 %sext_ln76_2" [../import_files/import_files/2D_idct.cpp:77]   --->   Operation 597 'sub' 'sub_ln77_2' <Predicate = true> <Delay = 2.07> <CoreInst = "Adder">   --->   Core 1 'Adder' <Latency = 0> <II = 1> <Delay = 2.07> <FuncUnit> <Opcode : 'add' 'sub'> <InPorts = 2> <OutPorts = 1>
ST_36 : Operation 598 [1/1] (2.07ns)   --->   "%add_ln76_2 = add i17 %sext_ln76_2, i17 %sext_ln77_2" [../import_files/import_files/2D_idct.cpp:76]   --->   Operation 598 'add' 'add_ln76_2' <Predicate = true> <Delay = 2.07> <CoreInst = "Adder">   --->   Core 1 'Adder' <Latency = 0> <II = 1> <Delay = 2.07> <FuncUnit> <Opcode : 'add' 'sub'> <InPorts = 2> <OutPorts = 1>
ST_36 : Operation 599 [1/1] (0.00ns)   --->   "%sext_ln76_6 = sext i16 %trunc_ln45_4" [../import_files/import_files/2D_idct.cpp:76]   --->   Operation 599 'sext' 'sext_ln76_6' <Predicate = true> <Delay = 0.00>
ST_36 : Operation 600 [1/1] (2.07ns)   --->   "%sub_ln77_6 = sub i17 %sext_ln77_6, i17 %sext_ln76_6" [../import_files/import_files/2D_idct.cpp:77]   --->   Operation 600 'sub' 'sub_ln77_6' <Predicate = true> <Delay = 2.07> <CoreInst = "Adder">   --->   Core 1 'Adder' <Latency = 0> <II = 1> <Delay = 2.07> <FuncUnit> <Opcode : 'add' 'sub'> <InPorts = 2> <OutPorts = 1>
ST_36 : Operation 601 [1/1] (2.07ns)   --->   "%add_ln76_6 = add i17 %sext_ln76_6, i17 %sext_ln77_6" [../import_files/import_files/2D_idct.cpp:76]   --->   Operation 601 'add' 'add_ln76_6' <Predicate = true> <Delay = 2.07> <CoreInst = "Adder">   --->   Core 1 'Adder' <Latency = 0> <II = 1> <Delay = 2.07> <FuncUnit> <Opcode : 'add' 'sub'> <InPorts = 2> <OutPorts = 1>
ST_36 : Operation 602 [1/1] (0.00ns)   --->   "%sext_ln49_27 = sext i16 %tmp1_4" [../import_files/import_files/2D_idct.cpp:49]   --->   Operation 602 'sext' 'sext_ln49_27' <Predicate = true> <Delay = 0.00>
ST_36 : Operation 603 [1/1] (2.07ns)   --->   "%z4 = add i17 %sext_ln49_1, i17 %sext_ln49_27" [../import_files/import_files/2D_idct.cpp:96]   --->   Operation 603 'add' 'z4' <Predicate = true> <Delay = 2.07> <CoreInst = "Adder">   --->   Core 1 'Adder' <Latency = 0> <II = 1> <Delay = 2.07> <FuncUnit> <Opcode : 'add' 'sub'> <InPorts = 2> <OutPorts = 1>
ST_36 : Operation 604 [1/1] (0.00ns)   --->   "%sext_ln51_17 = sext i17 %z4" [../import_files/import_files/2D_idct.cpp:51]   --->   Operation 604 'sext' 'sext_ln51_17' <Predicate = true> <Delay = 0.00>
ST_36 : Operation 605 [1/1] (2.25ns) (grouped into DSP with root node mul_ln51_3)   --->   "%z2_1 = add i17 %sext_ln49_17, i17 %sext_ln49_27" [../import_files/import_files/2D_idct.cpp:94]   --->   Operation 605 'add' 'z2_1' <Predicate = true> <Delay = 2.25> <CoreInst = "DSP48">   --->   Core 119 'DSP48' <Latency = 3> <II = 1> <Delay = 2.15> <IPBlock> <Opcode : 'mul' 'add' 'sub' 'select'> <InPorts = 0> <OutPorts = 1> <Sync> <CReg>
ST_36 : Operation 606 [1/1] (0.00ns) (grouped into DSP with root node mul_ln51_3)   --->   "%sext_ln51_18 = sext i17 %z2_1" [../import_files/import_files/2D_idct.cpp:51]   --->   Operation 606 'sext' 'sext_ln51_18' <Predicate = true> <Delay = 0.00>
ST_36 : Operation 607 [1/1] (0.00ns)   --->   "%sext_ln49_32 = sext i16 %tmp1_18" [../import_files/import_files/2D_idct.cpp:49]   --->   Operation 607 'sext' 'sext_ln49_32' <Predicate = true> <Delay = 0.00>
ST_36 : Operation 608 [1/1] (2.07ns)   --->   "%z4_12 = add i17 %sext_ln49_9, i17 %sext_ln49_32" [../import_files/import_files/2D_idct.cpp:96]   --->   Operation 608 'add' 'z4_12' <Predicate = true> <Delay = 2.07> <CoreInst = "Adder">   --->   Core 1 'Adder' <Latency = 0> <II = 1> <Delay = 2.07> <FuncUnit> <Opcode : 'add' 'sub'> <InPorts = 2> <OutPorts = 1>
ST_36 : Operation 609 [1/1] (0.00ns)   --->   "%sext_ln51_29 = sext i17 %z4_12" [../import_files/import_files/2D_idct.cpp:51]   --->   Operation 609 'sext' 'sext_ln51_29' <Predicate = true> <Delay = 0.00>
ST_36 : Operation 610 [1/1] (2.25ns) (grouped into DSP with root node mul_ln51_8)   --->   "%z2_15 = add i17 %sext_ln49_22, i17 %sext_ln49_32" [../import_files/import_files/2D_idct.cpp:94]   --->   Operation 610 'add' 'z2_15' <Predicate = true> <Delay = 2.25> <CoreInst = "DSP48">   --->   Core 119 'DSP48' <Latency = 3> <II = 1> <Delay = 2.15> <IPBlock> <Opcode : 'mul' 'add' 'sub' 'select'> <InPorts = 0> <OutPorts = 1> <Sync> <CReg>
ST_36 : Operation 611 [1/1] (0.00ns) (grouped into DSP with root node mul_ln51_8)   --->   "%sext_ln51_30 = sext i17 %z2_15" [../import_files/import_files/2D_idct.cpp:51]   --->   Operation 611 'sext' 'sext_ln51_30' <Predicate = true> <Delay = 0.00>
ST_36 : Operation 612 [1/1] (0.00ns)   --->   "%sext_ln51_40 = sext i16 %z3" [../import_files/import_files/2D_idct.cpp:51]   --->   Operation 612 'sext' 'sext_ln51_40' <Predicate = true> <Delay = 0.00>
ST_36 : Operation 613 [1/1] (2.25ns) (grouped into DSP with root node mul_ln51)   --->   "%add_ln69 = add i17 %sext_ln51_1, i17 %sext_ln51_40" [../import_files/import_files/2D_idct.cpp:69]   --->   Operation 613 'add' 'add_ln69' <Predicate = true> <Delay = 2.25> <CoreInst = "DSP48">   --->   Core 119 'DSP48' <Latency = 3> <II = 1> <Delay = 2.15> <IPBlock> <Opcode : 'mul' 'add' 'sub' 'select'> <InPorts = 0> <OutPorts = 1> <Sync> <CReg>
ST_36 : Operation 614 [1/1] (0.00ns) (grouped into DSP with root node mul_ln51)   --->   "%sext_ln51_41 = sext i17 %add_ln69" [../import_files/import_files/2D_idct.cpp:51]   --->   Operation 614 'sext' 'sext_ln51_41' <Predicate = true> <Delay = 0.00>
ST_36 : Operation 615 [1/1] (0.00ns)   --->   "%sext_ln51_48 = sext i16 %z3_30" [../import_files/import_files/2D_idct.cpp:51]   --->   Operation 615 'sext' 'sext_ln51_48' <Predicate = true> <Delay = 0.00>
ST_36 : Operation 616 [1/1] (2.25ns) (grouped into DSP with root node mul_ln51_5)   --->   "%add_ln69_4 = add i17 %sext_ln51_48, i17 %sext_ln51_9" [../import_files/import_files/2D_idct.cpp:69]   --->   Operation 616 'add' 'add_ln69_4' <Predicate = true> <Delay = 2.25> <CoreInst = "DSP48">   --->   Core 119 'DSP48' <Latency = 3> <II = 1> <Delay = 2.15> <IPBlock> <Opcode : 'mul' 'add' 'sub' 'select'> <InPorts = 0> <OutPorts = 1> <Sync> <CReg>
ST_36 : Operation 617 [1/1] (0.00ns) (grouped into DSP with root node mul_ln51_5)   --->   "%sext_ln51_49 = sext i17 %add_ln69_4" [../import_files/import_files/2D_idct.cpp:51]   --->   Operation 617 'sext' 'sext_ln51_49' <Predicate = true> <Delay = 0.00>
ST_36 : Operation 618 [1/1] (0.00ns)   --->   "%sext_ln49_37 = sext i16 %tmp0_4" [../import_files/import_files/2D_idct.cpp:49]   --->   Operation 618 'sext' 'sext_ln49_37' <Predicate = true> <Delay = 0.00>
ST_36 : Operation 619 [1/1] (2.07ns)   --->   "%z3_1 = add i17 %sext_ln49_17, i17 %sext_ln49_37" [../import_files/import_files/2D_idct.cpp:95]   --->   Operation 619 'add' 'z3_1' <Predicate = true> <Delay = 2.07> <CoreInst = "Adder">   --->   Core 1 'Adder' <Latency = 0> <II = 1> <Delay = 2.07> <FuncUnit> <Opcode : 'add' 'sub'> <InPorts = 2> <OutPorts = 1>
ST_36 : Operation 620 [1/1] (0.00ns)   --->   "%sext_ln51_57 = sext i17 %z3_1" [../import_files/import_files/2D_idct.cpp:51]   --->   Operation 620 'sext' 'sext_ln51_57' <Predicate = true> <Delay = 0.00>
ST_36 : Operation 621 [1/1] (2.25ns) (grouped into DSP with root node mul_ln51_1)   --->   "%add_ln97 = add i18 %sext_ln51_17, i18 %sext_ln51_57" [../import_files/import_files/2D_idct.cpp:97]   --->   Operation 621 'add' 'add_ln97' <Predicate = true> <Delay = 2.25> <CoreInst = "DSP48">   --->   Core 119 'DSP48' <Latency = 3> <II = 1> <Delay = 2.15> <IPBlock> <Opcode : 'mul' 'add' 'sub' 'select'> <InPorts = 0> <OutPorts = 1> <Sync> <CReg>
ST_36 : Operation 622 [1/1] (0.00ns) (grouped into DSP with root node mul_ln51_1)   --->   "%sext_ln51_58 = sext i18 %add_ln97" [../import_files/import_files/2D_idct.cpp:51]   --->   Operation 622 'sext' 'sext_ln51_58' <Predicate = true> <Delay = 0.00>
ST_36 : Operation 623 [1/1] (2.25ns) (grouped into DSP with root node mul_ln51_2)   --->   "%z1 = add i17 %sext_ln49_1, i17 %sext_ln49_37" [../import_files/import_files/2D_idct.cpp:93]   --->   Operation 623 'add' 'z1' <Predicate = true> <Delay = 2.25> <CoreInst = "DSP48">   --->   Core 119 'DSP48' <Latency = 3> <II = 1> <Delay = 2.15> <IPBlock> <Opcode : 'mul' 'add' 'sub' 'select'> <InPorts = 0> <OutPorts = 1> <Sync> <CReg>
ST_36 : Operation 624 [1/1] (0.00ns) (grouped into DSP with root node mul_ln51_2)   --->   "%sext_ln51_59 = sext i17 %z1" [../import_files/import_files/2D_idct.cpp:51]   --->   Operation 624 'sext' 'sext_ln51_59' <Predicate = true> <Delay = 0.00>
ST_36 : Operation 625 [1/1] (0.00ns)   --->   "%sext_ln49_45 = sext i16 %tmp0_19" [../import_files/import_files/2D_idct.cpp:49]   --->   Operation 625 'sext' 'sext_ln49_45' <Predicate = true> <Delay = 0.00>
ST_36 : Operation 626 [1/1] (2.07ns)   --->   "%z3_34 = add i17 %sext_ln49_22, i17 %sext_ln49_45" [../import_files/import_files/2D_idct.cpp:95]   --->   Operation 626 'add' 'z3_34' <Predicate = true> <Delay = 2.07> <CoreInst = "Adder">   --->   Core 1 'Adder' <Latency = 0> <II = 1> <Delay = 2.07> <FuncUnit> <Opcode : 'add' 'sub'> <InPorts = 2> <OutPorts = 1>
ST_36 : Operation 627 [1/1] (0.00ns)   --->   "%sext_ln51_70 = sext i17 %z3_34" [../import_files/import_files/2D_idct.cpp:51]   --->   Operation 627 'sext' 'sext_ln51_70' <Predicate = true> <Delay = 0.00>
ST_36 : Operation 628 [1/1] (2.25ns) (grouped into DSP with root node mul_ln51_6)   --->   "%add_ln97_4 = add i18 %sext_ln51_29, i18 %sext_ln51_70" [../import_files/import_files/2D_idct.cpp:97]   --->   Operation 628 'add' 'add_ln97_4' <Predicate = true> <Delay = 2.25> <CoreInst = "DSP48">   --->   Core 119 'DSP48' <Latency = 3> <II = 1> <Delay = 2.15> <IPBlock> <Opcode : 'mul' 'add' 'sub' 'select'> <InPorts = 0> <OutPorts = 1> <Sync> <CReg>
ST_36 : Operation 629 [1/1] (0.00ns) (grouped into DSP with root node mul_ln51_6)   --->   "%sext_ln51_71 = sext i18 %add_ln97_4" [../import_files/import_files/2D_idct.cpp:51]   --->   Operation 629 'sext' 'sext_ln51_71' <Predicate = true> <Delay = 0.00>
ST_36 : Operation 630 [1/1] (2.25ns) (grouped into DSP with root node mul_ln51_7)   --->   "%z1_10 = add i17 %sext_ln49_9, i17 %sext_ln49_45" [../import_files/import_files/2D_idct.cpp:93]   --->   Operation 630 'add' 'z1_10' <Predicate = true> <Delay = 2.25> <CoreInst = "DSP48">   --->   Core 119 'DSP48' <Latency = 3> <II = 1> <Delay = 2.15> <IPBlock> <Opcode : 'mul' 'add' 'sub' 'select'> <InPorts = 0> <OutPorts = 1> <Sync> <CReg>
ST_36 : Operation 631 [1/1] (0.00ns) (grouped into DSP with root node mul_ln51_7)   --->   "%sext_ln51_72 = sext i17 %z1_10" [../import_files/import_files/2D_idct.cpp:51]   --->   Operation 631 'sext' 'sext_ln51_72' <Predicate = true> <Delay = 0.00>
ST_36 : Operation 632 [4/4] (1.05ns) (root node of the DSP)   --->   "%mul_ln51 = mul i30 %sext_ln51_41, i30 4433" [../import_files/import_files/2D_idct.cpp:51]   --->   Operation 632 'mul' 'mul_ln51' <Predicate = true> <Delay = 1.05> <CoreInst = "DSP48">   --->   Core 119 'DSP48' <Latency = 3> <II = 1> <Delay = 2.15> <IPBlock> <Opcode : 'mul' 'add' 'sub' 'select'> <InPorts = 0> <OutPorts = 1> <Sync> <CReg>
ST_36 : Operation 633 [4/4] (1.05ns) (root node of the DSP)   --->   "%mul_ln51_1 = mul i30 %sext_ln51_58, i30 9633" [../import_files/import_files/2D_idct.cpp:51]   --->   Operation 633 'mul' 'mul_ln51_1' <Predicate = true> <Delay = 1.05> <CoreInst = "DSP48">   --->   Core 119 'DSP48' <Latency = 3> <II = 1> <Delay = 2.15> <IPBlock> <Opcode : 'mul' 'add' 'sub' 'select'> <InPorts = 0> <OutPorts = 1> <Sync> <CReg>
ST_36 : Operation 634 [4/4] (1.05ns) (root node of the DSP)   --->   "%mul_ln51_2 = mul i30 %sext_ln51_59, i30 1073734451" [../import_files/import_files/2D_idct.cpp:51]   --->   Operation 634 'mul' 'mul_ln51_2' <Predicate = true> <Delay = 1.05> <CoreInst = "DSP48">   --->   Core 119 'DSP48' <Latency = 3> <II = 1> <Delay = 2.15> <IPBlock> <Opcode : 'mul' 'add' 'sub' 'select'> <InPorts = 0> <OutPorts = 1> <Sync> <CReg>
ST_36 : Operation 635 [4/4] (1.05ns) (root node of the DSP)   --->   "%mul_ln51_3 = mul i30 %sext_ln51_18, i30 1073720829" [../import_files/import_files/2D_idct.cpp:51]   --->   Operation 635 'mul' 'mul_ln51_3' <Predicate = true> <Delay = 1.05> <CoreInst = "DSP48">   --->   Core 119 'DSP48' <Latency = 3> <II = 1> <Delay = 2.15> <IPBlock> <Opcode : 'mul' 'add' 'sub' 'select'> <InPorts = 0> <OutPorts = 1> <Sync> <CReg>
ST_36 : Operation 636 [1/1] (0.00ns)   --->   "%sext_ln49_54 = sext i30 %tmp3_6" [../import_files/import_files/2D_idct.cpp:49]   --->   Operation 636 'sext' 'sext_ln49_54' <Predicate = true> <Delay = 0.00>
ST_36 : Operation 637 [1/1] (0.00ns)   --->   "%tmp0_7 = bitconcatenate i30 @_ssdm_op_BitConcatenate.i30.i17.i13, i17 %add_ln76_1, i13 0" [../import_files/import_files/2D_idct.cpp:76]   --->   Operation 637 'bitconcatenate' 'tmp0_7' <Predicate = true> <Delay = 0.00>
ST_36 : Operation 638 [1/1] (0.00ns)   --->   "%sext_ln80 = sext i30 %tmp0_7" [../import_files/import_files/2D_idct.cpp:80]   --->   Operation 638 'sext' 'sext_ln80' <Predicate = true> <Delay = 0.00>
ST_36 : Operation 639 [1/1] (2.49ns)   --->   "%tmp13_1 = sub i31 %sext_ln80, i31 %sext_ln49_54" [../import_files/import_files/2D_idct.cpp:80]   --->   Operation 639 'sub' 'tmp13_1' <Predicate = true> <Delay = 2.49> <CoreInst = "Adder">   --->   Core 1 'Adder' <Latency = 0> <II = 1> <Delay = 2.49> <FuncUnit> <Opcode : 'add' 'sub'> <InPorts = 2> <OutPorts = 1>
ST_36 : Operation 640 [1/1] (0.00ns)   --->   "%sext_ln49_57 = sext i31 %tmp13_1" [../import_files/import_files/2D_idct.cpp:49]   --->   Operation 640 'sext' 'sext_ln49_57' <Predicate = true> <Delay = 0.00>
ST_36 : Operation 641 [1/3] (0.00ns) (grouped into DSP with root node add_ln112_2)   --->   "%tmp1_8 = mul i32 %sext_ln89, i32 16819" [../import_files/import_files/2D_idct.cpp:100]   --->   Operation 641 'mul' 'tmp1_8' <Predicate = true> <Delay = 0.00> <CoreInst = "DSP48">   --->   Core 119 'DSP48' <Latency = 3> <II = 1> <Delay = 2.15> <IPBlock> <Opcode : 'mul' 'add' 'sub' 'select'> <InPorts = 0> <OutPorts = 1> <Sync> <CReg>
ST_36 : Operation 642 [1/3] (0.00ns) (grouped into DSP with root node add_ln113_2)   --->   "%tmp2_8 = mul i32 %sext_ln90, i32 25172" [../import_files/import_files/2D_idct.cpp:101]   --->   Operation 642 'mul' 'tmp2_8' <Predicate = true> <Delay = 0.00> <CoreInst = "DSP48">   --->   Core 119 'DSP48' <Latency = 3> <II = 1> <Delay = 2.15> <IPBlock> <Opcode : 'mul' 'add' 'sub' 'select'> <InPorts = 0> <OutPorts = 1> <Sync> <CReg>
ST_36 : Operation 643 [1/2] (2.10ns) (root node of the DSP)   --->   "%add_ln114_2 = add i31 %z1_3, i31 %tmp3_8" [../import_files/import_files/2D_idct.cpp:114]   --->   Operation 643 'add' 'add_ln114_2' <Predicate = true> <Delay = 2.10> <CoreInst = "DSP48">   --->   Core 119 'DSP48' <Latency = 3> <II = 1> <Delay = 2.15> <IPBlock> <Opcode : 'mul' 'add' 'sub' 'select'> <InPorts = 0> <OutPorts = 1> <Sync> <CReg>
ST_36 : Operation 644 [1/1] (0.00ns)   --->   "%sext_ln114 = sext i31 %add_ln114_2" [../import_files/import_files/2D_idct.cpp:114]   --->   Operation 644 'sext' 'sext_ln114' <Predicate = true> <Delay = 0.00>
ST_36 : Operation 645 [1/2] (2.10ns) (root node of the DSP)   --->   "%add_ln111_2 = add i31 %z1_3, i31 %sext_ln49_55" [../import_files/import_files/2D_idct.cpp:111]   --->   Operation 645 'add' 'add_ln111_2' <Predicate = true> <Delay = 2.10> <CoreInst = "DSP48">   --->   Core 119 'DSP48' <Latency = 3> <II = 1> <Delay = 2.15> <IPBlock> <Opcode : 'mul' 'add' 'sub' 'select'> <InPorts = 0> <OutPorts = 1> <Sync> <CReg>
ST_36 : Operation 646 [1/1] (0.00ns)   --->   "%sext_ln111 = sext i31 %add_ln111_2" [../import_files/import_files/2D_idct.cpp:111]   --->   Operation 646 'sext' 'sext_ln111' <Predicate = true> <Delay = 0.00>
ST_36 : Operation 647 [1/2] (2.10ns) (root node of the DSP)   --->   "%z3_11 = add i32 %z5, i32 %z3_10" [../import_files/import_files/2D_idct.cpp:108]   --->   Operation 647 'add' 'z3_11' <Predicate = true> <Delay = 2.10> <CoreInst = "DSP48">   --->   Core 119 'DSP48' <Latency = 3> <II = 1> <Delay = 2.15> <IPBlock> <Opcode : 'mul' 'add' 'sub' 'select'> <InPorts = 0> <OutPorts = 1> <Sync> <CReg>
ST_36 : Operation 648 [2/2] (2.10ns) (root node of the DSP)   --->   "%add_ln113_2 = add i32 %tmp2_8, i32 %z3_11" [../import_files/import_files/2D_idct.cpp:113]   --->   Operation 648 'add' 'add_ln113_2' <Predicate = true> <Delay = 2.10> <CoreInst = "DSP48">   --->   Core 119 'DSP48' <Latency = 3> <II = 1> <Delay = 2.15> <IPBlock> <Opcode : 'mul' 'add' 'sub' 'select'> <InPorts = 0> <OutPorts = 1> <Sync> <CReg>
ST_36 : Operation 649 [1/1] (2.55ns)   --->   "%tmp0_10 = add i32 %z3_11, i32 %sext_ln111" [../import_files/import_files/2D_idct.cpp:111]   --->   Operation 649 'add' 'tmp0_10' <Predicate = true> <Delay = 2.55> <CoreInst = "Adder">   --->   Core 1 'Adder' <Latency = 0> <II = 1> <Delay = 2.55> <FuncUnit> <Opcode : 'add' 'sub'> <InPorts = 2> <OutPorts = 1>
ST_36 : Operation 650 [1/2] (2.10ns) (root node of the DSP)   --->   "%z4_5 = add i32 %z5, i32 %sext_ln51_82" [../import_files/import_files/2D_idct.cpp:109]   --->   Operation 650 'add' 'z4_5' <Predicate = true> <Delay = 2.10> <CoreInst = "DSP48">   --->   Core 119 'DSP48' <Latency = 3> <II = 1> <Delay = 2.15> <IPBlock> <Opcode : 'mul' 'add' 'sub' 'select'> <InPorts = 0> <OutPorts = 1> <Sync> <CReg>
ST_36 : Operation 651 [1/1] (2.55ns)   --->   "%tmp3_9 = add i32 %z4_5, i32 %sext_ln114" [../import_files/import_files/2D_idct.cpp:114]   --->   Operation 651 'add' 'tmp3_9' <Predicate = true> <Delay = 2.55> <CoreInst = "Adder">   --->   Core 1 'Adder' <Latency = 0> <II = 1> <Delay = 2.55> <FuncUnit> <Opcode : 'add' 'sub'> <InPorts = 2> <OutPorts = 1>
ST_36 : Operation 652 [2/2] (2.10ns) (root node of the DSP)   --->   "%add_ln112_2 = add i32 %tmp1_8, i32 %z4_5" [../import_files/import_files/2D_idct.cpp:112]   --->   Operation 652 'add' 'add_ln112_2' <Predicate = true> <Delay = 2.10> <CoreInst = "DSP48">   --->   Core 119 'DSP48' <Latency = 3> <II = 1> <Delay = 2.15> <IPBlock> <Opcode : 'mul' 'add' 'sub' 'select'> <InPorts = 0> <OutPorts = 1> <Sync> <CReg>
ST_36 : Operation 653 [1/1] (2.49ns)   --->   "%add_ln79 = add i30 %tmp3_6, i30 1024" [../import_files/import_files/2D_idct.cpp:79]   --->   Operation 653 'add' 'add_ln79' <Predicate = true> <Delay = 2.49> <CoreInst = "Adder">   --->   Core 1 'Adder' <Latency = 0> <II = 1> <Delay = 2.49> <FuncUnit> <Opcode : 'add' 'sub'> <InPorts = 2> <OutPorts = 1>
ST_36 : Operation 654 [1/1] (0.00ns)   --->   "%sext_ln118 = sext i30 %add_ln79" [../import_files/import_files/2D_idct.cpp:118]   --->   Operation 654 'sext' 'sext_ln118' <Predicate = true> <Delay = 0.00>
ST_36 : Operation 655 [1/1] (2.49ns)   --->   "%add_ln118_2 = add i31 %sext_ln80, i31 %sext_ln118" [../import_files/import_files/2D_idct.cpp:118]   --->   Operation 655 'add' 'add_ln118_2' <Predicate = true> <Delay = 2.49> <CoreInst = "Adder">   --->   Core 1 'Adder' <Latency = 0> <II = 1> <Delay = 2.49> <FuncUnit> <Opcode : 'add' 'sub'> <InPorts = 2> <OutPorts = 1>
ST_36 : Operation 656 [1/1] (0.00ns)   --->   "%sext_ln119_6 = sext i31 %add_ln118_2" [../import_files/import_files/2D_idct.cpp:119]   --->   Operation 656 'sext' 'sext_ln119_6' <Predicate = true> <Delay = 0.00>
ST_36 : Operation 657 [1/1] (2.55ns)   --->   "%sub_ln119_1 = sub i32 %sext_ln119_6, i32 %tmp3_9" [../import_files/import_files/2D_idct.cpp:119]   --->   Operation 657 'sub' 'sub_ln119_1' <Predicate = true> <Delay = 2.55> <CoreInst = "Adder">   --->   Core 1 'Adder' <Latency = 0> <II = 1> <Delay = 2.55> <FuncUnit> <Opcode : 'add' 'sub'> <InPorts = 2> <OutPorts = 1>
ST_36 : Operation 658 [1/1] (2.55ns)   --->   "%add_ln118_3 = add i32 %tmp3_9, i32 %sext_ln119_6" [../import_files/import_files/2D_idct.cpp:118]   --->   Operation 658 'add' 'add_ln118_3' <Predicate = true> <Delay = 2.55> <CoreInst = "Adder">   --->   Core 1 'Adder' <Latency = 0> <II = 1> <Delay = 2.55> <FuncUnit> <Opcode : 'add' 'sub'> <InPorts = 2> <OutPorts = 1>
ST_36 : Operation 659 [1/1] (0.00ns)   --->   "%workspace = partselect i21 @_ssdm_op_PartSelect.i21.i32.i32.i32, i32 %add_ln118_3, i32 11, i32 31" [../import_files/import_files/2D_idct.cpp:118]   --->   Operation 659 'partselect' 'workspace' <Predicate = true> <Delay = 0.00>
ST_36 : Operation 660 [1/1] (0.00ns)   --->   "%workspace_48 = partselect i21 @_ssdm_op_PartSelect.i21.i32.i32.i32, i32 %sub_ln119_1, i32 11, i32 31" [../import_files/import_files/2D_idct.cpp:119]   --->   Operation 660 'partselect' 'workspace_48' <Predicate = true> <Delay = 0.00>
ST_36 : Operation 661 [1/1] (2.52ns)   --->   "%add_ln124_2 = add i32 %sext_ln49_57, i32 1024" [../import_files/import_files/2D_idct.cpp:124]   --->   Operation 661 'add' 'add_ln124_2' <Predicate = true> <Delay = 2.52> <CoreInst = "Adder">   --->   Core 1 'Adder' <Latency = 0> <II = 1> <Delay = 2.52> <FuncUnit> <Opcode : 'add' 'sub'> <InPorts = 2> <OutPorts = 1>
ST_36 : Operation 662 [1/1] (2.55ns)   --->   "%sub_ln125_1 = sub i32 %add_ln124_2, i32 %tmp0_10" [../import_files/import_files/2D_idct.cpp:125]   --->   Operation 662 'sub' 'sub_ln125_1' <Predicate = true> <Delay = 2.55> <CoreInst = "Adder">   --->   Core 1 'Adder' <Latency = 0> <II = 1> <Delay = 2.55> <FuncUnit> <Opcode : 'add' 'sub'> <InPorts = 2> <OutPorts = 1>
ST_36 : Operation 663 [1/1] (2.55ns)   --->   "%add_ln124_3 = add i32 %tmp0_10, i32 %add_ln124_2" [../import_files/import_files/2D_idct.cpp:124]   --->   Operation 663 'add' 'add_ln124_3' <Predicate = true> <Delay = 2.55> <CoreInst = "Adder">   --->   Core 1 'Adder' <Latency = 0> <II = 1> <Delay = 2.55> <FuncUnit> <Opcode : 'add' 'sub'> <InPorts = 2> <OutPorts = 1>
ST_36 : Operation 664 [1/1] (0.00ns)   --->   "%workspace_53 = partselect i21 @_ssdm_op_PartSelect.i21.i32.i32.i32, i32 %add_ln124_3, i32 11, i32 31" [../import_files/import_files/2D_idct.cpp:124]   --->   Operation 664 'partselect' 'workspace_53' <Predicate = true> <Delay = 0.00>
ST_36 : Operation 665 [1/1] (0.00ns)   --->   "%workspace_54 = partselect i21 @_ssdm_op_PartSelect.i21.i32.i32.i32, i32 %sub_ln125_1, i32 11, i32 31" [../import_files/import_files/2D_idct.cpp:125]   --->   Operation 665 'partselect' 'workspace_54' <Predicate = true> <Delay = 0.00>
ST_36 : Operation 666 [1/2] (2.10ns) (root node of the DSP)   --->   "%tmp2_10 = add i31 %z1_4, i31 %mul_ln70_2" [../import_files/import_files/2D_idct.cpp:70]   --->   Operation 666 'add' 'tmp2_10' <Predicate = true> <Delay = 2.10> <CoreInst = "DSP48">   --->   Core 119 'DSP48' <Latency = 3> <II = 1> <Delay = 2.15> <IPBlock> <Opcode : 'mul' 'add' 'sub' 'select'> <InPorts = 0> <OutPorts = 1> <Sync> <CReg>
ST_36 : Operation 667 [1/2] (2.10ns) (root node of the DSP)   --->   "%tmp3_10 = add i30 %trunc_ln51_1, i30 %mul_ln71_2" [../import_files/import_files/2D_idct.cpp:71]   --->   Operation 667 'add' 'tmp3_10' <Predicate = true> <Delay = 2.10> <CoreInst = "DSP48">   --->   Core 119 'DSP48' <Latency = 3> <II = 1> <Delay = 2.15> <IPBlock> <Opcode : 'mul' 'add' 'sub' 'select'> <InPorts = 0> <OutPorts = 1> <Sync> <CReg>
ST_36 : Operation 668 [1/4] (0.00ns) (root node of the DSP)   --->   "%z5_1 = mul i32 %sext_ln97_1, i32 9633" [../import_files/import_files/2D_idct.cpp:97]   --->   Operation 668 'mul' 'z5_1' <Predicate = true> <Delay = 0.00> <CoreInst = "DSP48">   --->   Core 119 'DSP48' <Latency = 3> <II = 1> <Delay = 2.15> <IPBlock> <Opcode : 'mul' 'add' 'sub' 'select'> <InPorts = 0> <OutPorts = 1> <Sync> <CReg>
ST_36 : Operation 669 [1/3] (0.00ns) (grouped into DSP with root node add_ln111_4)   --->   "%tmp0_13 = mul i29 %sext_ln49_40, i29 2446" [../import_files/import_files/2D_idct.cpp:99]   --->   Operation 669 'mul' 'tmp0_13' <Predicate = true> <Delay = 0.00> <CoreInst = "DSP48">   --->   Core 119 'DSP48' <Latency = 3> <II = 1> <Delay = 2.15> <IPBlock> <Opcode : 'mul' 'add' 'sub' 'select'> <InPorts = 0> <OutPorts = 1> <Sync> <CReg>
ST_36 : Operation 670 [1/1] (0.00ns) (grouped into DSP with root node add_ln111_4)   --->   "%sext_ln49_58 = sext i29 %tmp0_13" [../import_files/import_files/2D_idct.cpp:49]   --->   Operation 670 'sext' 'sext_ln49_58' <Predicate = true> <Delay = 0.00>
ST_36 : Operation 671 [2/3] (1.05ns) (grouped into DSP with root node add_ln112_4)   --->   "%tmp1_12 = mul i32 %sext_ln89_1, i32 16819" [../import_files/import_files/2D_idct.cpp:100]   --->   Operation 671 'mul' 'tmp1_12' <Predicate = true> <Delay = 1.05> <CoreInst = "DSP48">   --->   Core 119 'DSP48' <Latency = 3> <II = 1> <Delay = 2.15> <IPBlock> <Opcode : 'mul' 'add' 'sub' 'select'> <InPorts = 0> <OutPorts = 1> <Sync> <CReg>
ST_36 : Operation 672 [2/3] (1.05ns) (grouped into DSP with root node add_ln113_4)   --->   "%tmp2_12 = mul i32 %sext_ln90_1, i32 25172" [../import_files/import_files/2D_idct.cpp:101]   --->   Operation 672 'mul' 'tmp2_12' <Predicate = true> <Delay = 1.05> <CoreInst = "DSP48">   --->   Core 119 'DSP48' <Latency = 3> <II = 1> <Delay = 2.15> <IPBlock> <Opcode : 'mul' 'add' 'sub' 'select'> <InPorts = 0> <OutPorts = 1> <Sync> <CReg>
ST_36 : Operation 673 [1/3] (0.00ns) (grouped into DSP with root node add_ln114_4)   --->   "%tmp3_12 = mul i31 %sext_ln49_4, i31 12299" [../import_files/import_files/2D_idct.cpp:102]   --->   Operation 673 'mul' 'tmp3_12' <Predicate = true> <Delay = 0.00> <CoreInst = "DSP48">   --->   Core 119 'DSP48' <Latency = 3> <II = 1> <Delay = 2.15> <IPBlock> <Opcode : 'mul' 'add' 'sub' 'select'> <InPorts = 0> <OutPorts = 1> <Sync> <CReg>
ST_36 : Operation 674 [1/4] (0.00ns) (root node of the DSP)   --->   "%z1_6 = mul i31 %sext_ln51_65, i31 2147476275" [../import_files/import_files/2D_idct.cpp:103]   --->   Operation 674 'mul' 'z1_6' <Predicate = true> <Delay = 0.00> <CoreInst = "DSP48">   --->   Core 119 'DSP48' <Latency = 3> <II = 1> <Delay = 2.15> <IPBlock> <Opcode : 'mul' 'add' 'sub' 'select'> <InPorts = 0> <OutPorts = 1> <Sync> <CReg>
ST_36 : Operation 675 [2/2] (2.10ns) (root node of the DSP)   --->   "%add_ln114_4 = add i31 %z1_6, i31 %tmp3_12" [../import_files/import_files/2D_idct.cpp:114]   --->   Operation 675 'add' 'add_ln114_4' <Predicate = true> <Delay = 2.10> <CoreInst = "DSP48">   --->   Core 119 'DSP48' <Latency = 3> <II = 1> <Delay = 2.15> <IPBlock> <Opcode : 'mul' 'add' 'sub' 'select'> <InPorts = 0> <OutPorts = 1> <Sync> <CReg>
ST_36 : Operation 676 [2/2] (2.10ns) (root node of the DSP)   --->   "%add_ln111_4 = add i31 %z1_6, i31 %sext_ln49_58" [../import_files/import_files/2D_idct.cpp:111]   --->   Operation 676 'add' 'add_ln111_4' <Predicate = true> <Delay = 2.10> <CoreInst = "DSP48">   --->   Core 119 'DSP48' <Latency = 3> <II = 1> <Delay = 2.15> <IPBlock> <Opcode : 'mul' 'add' 'sub' 'select'> <InPorts = 0> <OutPorts = 1> <Sync> <CReg>
ST_36 : Operation 677 [1/4] (0.00ns) (root node of the DSP)   --->   "%z2_11 = mul i32 %sext_ln51_24, i32 4294946301" [../import_files/import_files/2D_idct.cpp:104]   --->   Operation 677 'mul' 'z2_11' <Predicate = true> <Delay = 0.00> <CoreInst = "DSP48">   --->   Core 119 'DSP48' <Latency = 3> <II = 1> <Delay = 2.15> <IPBlock> <Opcode : 'mul' 'add' 'sub' 'select'> <InPorts = 0> <OutPorts = 1> <Sync> <CReg>
ST_36 : Operation 678 [1/3] (0.00ns) (grouped into DSP with root node z3_19)   --->   "%z3_16 = mul i32 %sext_ln51_63, i32 4294951227" [../import_files/import_files/2D_idct.cpp:105]   --->   Operation 678 'mul' 'z3_16' <Predicate = true> <Delay = 0.00> <CoreInst = "DSP48">   --->   Core 119 'DSP48' <Latency = 3> <II = 1> <Delay = 2.15> <IPBlock> <Opcode : 'mul' 'add' 'sub' 'select'> <InPorts = 0> <OutPorts = 1> <Sync> <CReg>
ST_36 : Operation 679 [2/2] (2.10ns) (root node of the DSP)   --->   "%z3_19 = add i32 %z5_1, i32 %z3_16" [../import_files/import_files/2D_idct.cpp:108]   --->   Operation 679 'add' 'z3_19' <Predicate = true> <Delay = 2.10> <CoreInst = "DSP48">   --->   Core 119 'DSP48' <Latency = 3> <II = 1> <Delay = 2.15> <IPBlock> <Opcode : 'mul' 'add' 'sub' 'select'> <InPorts = 0> <OutPorts = 1> <Sync> <CReg>
ST_36 : Operation 680 [1/3] (0.00ns) (grouped into DSP with root node z4_8)   --->   "%z4_7 = mul i30 %sext_ln51_22, i30 1073738628" [../import_files/import_files/2D_idct.cpp:106]   --->   Operation 680 'mul' 'z4_7' <Predicate = true> <Delay = 0.00> <CoreInst = "DSP48">   --->   Core 119 'DSP48' <Latency = 3> <II = 1> <Delay = 2.15> <IPBlock> <Opcode : 'mul' 'add' 'sub' 'select'> <InPorts = 0> <OutPorts = 1> <Sync> <CReg>
ST_36 : Operation 681 [1/1] (0.00ns) (grouped into DSP with root node z4_8)   --->   "%sext_ln51_83 = sext i30 %z4_7" [../import_files/import_files/2D_idct.cpp:51]   --->   Operation 681 'sext' 'sext_ln51_83' <Predicate = true> <Delay = 0.00>
ST_36 : Operation 682 [2/2] (2.10ns) (root node of the DSP)   --->   "%z4_8 = add i32 %z5_1, i32 %sext_ln51_83" [../import_files/import_files/2D_idct.cpp:109]   --->   Operation 682 'add' 'z4_8' <Predicate = true> <Delay = 2.10> <CoreInst = "DSP48">   --->   Core 119 'DSP48' <Latency = 3> <II = 1> <Delay = 2.15> <IPBlock> <Opcode : 'mul' 'add' 'sub' 'select'> <InPorts = 0> <OutPorts = 1> <Sync> <CReg>
ST_36 : Operation 683 [1/1] (0.00ns)   --->   "%sext_ln49_67 = sext i30 %tmp3_14" [../import_files/import_files/2D_idct.cpp:49]   --->   Operation 683 'sext' 'sext_ln49_67' <Predicate = true> <Delay = 0.00>
ST_36 : Operation 684 [1/1] (0.00ns)   --->   "%tmp0_15 = bitconcatenate i30 @_ssdm_op_BitConcatenate.i30.i17.i13, i17 %add_ln76_3, i13 0" [../import_files/import_files/2D_idct.cpp:76]   --->   Operation 684 'bitconcatenate' 'tmp0_15' <Predicate = true> <Delay = 0.00>
ST_36 : Operation 685 [1/1] (0.00ns)   --->   "%sext_ln80_2 = sext i30 %tmp0_15" [../import_files/import_files/2D_idct.cpp:80]   --->   Operation 685 'sext' 'sext_ln80_2' <Predicate = true> <Delay = 0.00>
ST_36 : Operation 686 [1/1] (2.49ns)   --->   "%tmp13_3 = sub i31 %sext_ln80_2, i31 %sext_ln49_67" [../import_files/import_files/2D_idct.cpp:80]   --->   Operation 686 'sub' 'tmp13_3' <Predicate = true> <Delay = 2.49> <CoreInst = "Adder">   --->   Core 1 'Adder' <Latency = 0> <II = 1> <Delay = 2.49> <FuncUnit> <Opcode : 'add' 'sub'> <InPorts = 2> <OutPorts = 1>
ST_36 : Operation 687 [1/1] (0.00ns)   --->   "%sext_ln49_70 = sext i31 %tmp13_3" [../import_files/import_files/2D_idct.cpp:49]   --->   Operation 687 'sext' 'sext_ln49_70' <Predicate = true> <Delay = 0.00>
ST_36 : Operation 688 [1/3] (0.00ns) (grouped into DSP with root node add_ln112_6)   --->   "%tmp1_15 = mul i32 %sext_ln89_2, i32 16819" [../import_files/import_files/2D_idct.cpp:100]   --->   Operation 688 'mul' 'tmp1_15' <Predicate = true> <Delay = 0.00> <CoreInst = "DSP48">   --->   Core 119 'DSP48' <Latency = 3> <II = 1> <Delay = 2.15> <IPBlock> <Opcode : 'mul' 'add' 'sub' 'select'> <InPorts = 0> <OutPorts = 1> <Sync> <CReg>
ST_36 : Operation 689 [1/3] (0.00ns) (grouped into DSP with root node add_ln113_6)   --->   "%tmp2_15 = mul i32 %sext_ln90_2, i32 25172" [../import_files/import_files/2D_idct.cpp:101]   --->   Operation 689 'mul' 'tmp2_15' <Predicate = true> <Delay = 0.00> <CoreInst = "DSP48">   --->   Core 119 'DSP48' <Latency = 3> <II = 1> <Delay = 2.15> <IPBlock> <Opcode : 'mul' 'add' 'sub' 'select'> <InPorts = 0> <OutPorts = 1> <Sync> <CReg>
ST_36 : Operation 690 [1/2] (2.10ns) (root node of the DSP)   --->   "%add_ln114_6 = add i31 %z1_9, i31 %tmp3_15" [../import_files/import_files/2D_idct.cpp:114]   --->   Operation 690 'add' 'add_ln114_6' <Predicate = true> <Delay = 2.10> <CoreInst = "DSP48">   --->   Core 119 'DSP48' <Latency = 3> <II = 1> <Delay = 2.15> <IPBlock> <Opcode : 'mul' 'add' 'sub' 'select'> <InPorts = 0> <OutPorts = 1> <Sync> <CReg>
ST_36 : Operation 691 [1/1] (0.00ns)   --->   "%sext_ln114_2 = sext i31 %add_ln114_6" [../import_files/import_files/2D_idct.cpp:114]   --->   Operation 691 'sext' 'sext_ln114_2' <Predicate = true> <Delay = 0.00>
ST_36 : Operation 692 [1/2] (2.10ns) (root node of the DSP)   --->   "%add_ln111_6 = add i31 %z1_9, i31 %sext_ln49_61" [../import_files/import_files/2D_idct.cpp:111]   --->   Operation 692 'add' 'add_ln111_6' <Predicate = true> <Delay = 2.10> <CoreInst = "DSP48">   --->   Core 119 'DSP48' <Latency = 3> <II = 1> <Delay = 2.15> <IPBlock> <Opcode : 'mul' 'add' 'sub' 'select'> <InPorts = 0> <OutPorts = 1> <Sync> <CReg>
ST_36 : Operation 693 [1/1] (0.00ns)   --->   "%sext_ln111_2 = sext i31 %add_ln111_6" [../import_files/import_files/2D_idct.cpp:111]   --->   Operation 693 'sext' 'sext_ln111_2' <Predicate = true> <Delay = 0.00>
ST_36 : Operation 694 [1/2] (2.10ns) (root node of the DSP)   --->   "%z3_27 = add i32 %z5_2, i32 %z3_24" [../import_files/import_files/2D_idct.cpp:108]   --->   Operation 694 'add' 'z3_27' <Predicate = true> <Delay = 2.10> <CoreInst = "DSP48">   --->   Core 119 'DSP48' <Latency = 3> <II = 1> <Delay = 2.15> <IPBlock> <Opcode : 'mul' 'add' 'sub' 'select'> <InPorts = 0> <OutPorts = 1> <Sync> <CReg>
ST_36 : Operation 695 [2/2] (2.10ns) (root node of the DSP)   --->   "%add_ln113_6 = add i32 %tmp2_15, i32 %z3_27" [../import_files/import_files/2D_idct.cpp:113]   --->   Operation 695 'add' 'add_ln113_6' <Predicate = true> <Delay = 2.10> <CoreInst = "DSP48">   --->   Core 119 'DSP48' <Latency = 3> <II = 1> <Delay = 2.15> <IPBlock> <Opcode : 'mul' 'add' 'sub' 'select'> <InPorts = 0> <OutPorts = 1> <Sync> <CReg>
ST_36 : Operation 696 [1/1] (2.55ns)   --->   "%tmp0_17 = add i32 %z3_27, i32 %sext_ln111_2" [../import_files/import_files/2D_idct.cpp:111]   --->   Operation 696 'add' 'tmp0_17' <Predicate = true> <Delay = 2.55> <CoreInst = "Adder">   --->   Core 1 'Adder' <Latency = 0> <II = 1> <Delay = 2.55> <FuncUnit> <Opcode : 'add' 'sub'> <InPorts = 2> <OutPorts = 1>
ST_36 : Operation 697 [1/2] (2.10ns) (root node of the DSP)   --->   "%z4_11 = add i32 %z5_2, i32 %sext_ln51_84" [../import_files/import_files/2D_idct.cpp:109]   --->   Operation 697 'add' 'z4_11' <Predicate = true> <Delay = 2.10> <CoreInst = "DSP48">   --->   Core 119 'DSP48' <Latency = 3> <II = 1> <Delay = 2.15> <IPBlock> <Opcode : 'mul' 'add' 'sub' 'select'> <InPorts = 0> <OutPorts = 1> <Sync> <CReg>
ST_36 : Operation 698 [1/1] (2.55ns)   --->   "%tmp3_16 = add i32 %z4_11, i32 %sext_ln114_2" [../import_files/import_files/2D_idct.cpp:114]   --->   Operation 698 'add' 'tmp3_16' <Predicate = true> <Delay = 2.55> <CoreInst = "Adder">   --->   Core 1 'Adder' <Latency = 0> <II = 1> <Delay = 2.55> <FuncUnit> <Opcode : 'add' 'sub'> <InPorts = 2> <OutPorts = 1>
ST_36 : Operation 699 [2/2] (2.10ns) (root node of the DSP)   --->   "%add_ln112_6 = add i32 %tmp1_15, i32 %z4_11" [../import_files/import_files/2D_idct.cpp:112]   --->   Operation 699 'add' 'add_ln112_6' <Predicate = true> <Delay = 2.10> <CoreInst = "DSP48">   --->   Core 119 'DSP48' <Latency = 3> <II = 1> <Delay = 2.15> <IPBlock> <Opcode : 'mul' 'add' 'sub' 'select'> <InPorts = 0> <OutPorts = 1> <Sync> <CReg>
ST_36 : Operation 700 [1/1] (2.49ns)   --->   "%add_ln79_2 = add i30 %tmp3_14, i30 1024" [../import_files/import_files/2D_idct.cpp:79]   --->   Operation 700 'add' 'add_ln79_2' <Predicate = true> <Delay = 2.49> <CoreInst = "Adder">   --->   Core 1 'Adder' <Latency = 0> <II = 1> <Delay = 2.49> <FuncUnit> <Opcode : 'add' 'sub'> <InPorts = 2> <OutPorts = 1>
ST_36 : Operation 701 [1/1] (0.00ns)   --->   "%sext_ln118_4 = sext i30 %add_ln79_2" [../import_files/import_files/2D_idct.cpp:118]   --->   Operation 701 'sext' 'sext_ln118_4' <Predicate = true> <Delay = 0.00>
ST_36 : Operation 702 [1/1] (2.49ns)   --->   "%add_ln118_6 = add i31 %sext_ln80_2, i31 %sext_ln118_4" [../import_files/import_files/2D_idct.cpp:118]   --->   Operation 702 'add' 'add_ln118_6' <Predicate = true> <Delay = 2.49> <CoreInst = "Adder">   --->   Core 1 'Adder' <Latency = 0> <II = 1> <Delay = 2.49> <FuncUnit> <Opcode : 'add' 'sub'> <InPorts = 2> <OutPorts = 1>
ST_36 : Operation 703 [1/1] (0.00ns)   --->   "%sext_ln119_8 = sext i31 %add_ln118_6" [../import_files/import_files/2D_idct.cpp:119]   --->   Operation 703 'sext' 'sext_ln119_8' <Predicate = true> <Delay = 0.00>
ST_36 : Operation 704 [1/1] (2.55ns)   --->   "%sub_ln119_3 = sub i32 %sext_ln119_8, i32 %tmp3_16" [../import_files/import_files/2D_idct.cpp:119]   --->   Operation 704 'sub' 'sub_ln119_3' <Predicate = true> <Delay = 2.55> <CoreInst = "Adder">   --->   Core 1 'Adder' <Latency = 0> <II = 1> <Delay = 2.55> <FuncUnit> <Opcode : 'add' 'sub'> <InPorts = 2> <OutPorts = 1>
ST_36 : Operation 705 [1/1] (2.55ns)   --->   "%add_ln118_7 = add i32 %tmp3_16, i32 %sext_ln119_8" [../import_files/import_files/2D_idct.cpp:118]   --->   Operation 705 'add' 'add_ln118_7' <Predicate = true> <Delay = 2.55> <CoreInst = "Adder">   --->   Core 1 'Adder' <Latency = 0> <II = 1> <Delay = 2.55> <FuncUnit> <Opcode : 'add' 'sub'> <InPorts = 2> <OutPorts = 1>
ST_36 : Operation 706 [1/1] (0.00ns)   --->   "%workspace_63 = partselect i21 @_ssdm_op_PartSelect.i21.i32.i32.i32, i32 %add_ln118_7, i32 11, i32 31" [../import_files/import_files/2D_idct.cpp:118]   --->   Operation 706 'partselect' 'workspace_63' <Predicate = true> <Delay = 0.00>
ST_36 : Operation 707 [1/1] (0.00ns)   --->   "%workspace_64 = partselect i21 @_ssdm_op_PartSelect.i21.i32.i32.i32, i32 %sub_ln119_3, i32 11, i32 31" [../import_files/import_files/2D_idct.cpp:119]   --->   Operation 707 'partselect' 'workspace_64' <Predicate = true> <Delay = 0.00>
ST_36 : Operation 708 [1/1] (2.52ns)   --->   "%add_ln124_6 = add i32 %sext_ln49_70, i32 1024" [../import_files/import_files/2D_idct.cpp:124]   --->   Operation 708 'add' 'add_ln124_6' <Predicate = true> <Delay = 2.52> <CoreInst = "Adder">   --->   Core 1 'Adder' <Latency = 0> <II = 1> <Delay = 2.52> <FuncUnit> <Opcode : 'add' 'sub'> <InPorts = 2> <OutPorts = 1>
ST_36 : Operation 709 [1/1] (2.55ns)   --->   "%sub_ln125_3 = sub i32 %add_ln124_6, i32 %tmp0_17" [../import_files/import_files/2D_idct.cpp:125]   --->   Operation 709 'sub' 'sub_ln125_3' <Predicate = true> <Delay = 2.55> <CoreInst = "Adder">   --->   Core 1 'Adder' <Latency = 0> <II = 1> <Delay = 2.55> <FuncUnit> <Opcode : 'add' 'sub'> <InPorts = 2> <OutPorts = 1>
ST_36 : Operation 710 [1/1] (2.55ns)   --->   "%add_ln124_7 = add i32 %tmp0_17, i32 %add_ln124_6" [../import_files/import_files/2D_idct.cpp:124]   --->   Operation 710 'add' 'add_ln124_7' <Predicate = true> <Delay = 2.55> <CoreInst = "Adder">   --->   Core 1 'Adder' <Latency = 0> <II = 1> <Delay = 2.55> <FuncUnit> <Opcode : 'add' 'sub'> <InPorts = 2> <OutPorts = 1>
ST_36 : Operation 711 [1/1] (0.00ns)   --->   "%workspace_69 = partselect i21 @_ssdm_op_PartSelect.i21.i32.i32.i32, i32 %add_ln124_7, i32 11, i32 31" [../import_files/import_files/2D_idct.cpp:124]   --->   Operation 711 'partselect' 'workspace_69' <Predicate = true> <Delay = 0.00>
ST_36 : Operation 712 [1/1] (0.00ns)   --->   "%workspace_70 = partselect i21 @_ssdm_op_PartSelect.i21.i32.i32.i32, i32 %sub_ln125_3, i32 11, i32 31" [../import_files/import_files/2D_idct.cpp:125]   --->   Operation 712 'partselect' 'workspace_70' <Predicate = true> <Delay = 0.00>
ST_36 : Operation 713 [4/4] (1.05ns) (root node of the DSP)   --->   "%mul_ln51_5 = mul i30 %sext_ln51_49, i30 4433" [../import_files/import_files/2D_idct.cpp:51]   --->   Operation 713 'mul' 'mul_ln51_5' <Predicate = true> <Delay = 1.05> <CoreInst = "DSP48">   --->   Core 119 'DSP48' <Latency = 3> <II = 1> <Delay = 2.15> <IPBlock> <Opcode : 'mul' 'add' 'sub' 'select'> <InPorts = 0> <OutPorts = 1> <Sync> <CReg>
ST_36 : Operation 714 [4/4] (1.05ns) (root node of the DSP)   --->   "%mul_ln51_6 = mul i30 %sext_ln51_71, i30 9633" [../import_files/import_files/2D_idct.cpp:51]   --->   Operation 714 'mul' 'mul_ln51_6' <Predicate = true> <Delay = 1.05> <CoreInst = "DSP48">   --->   Core 119 'DSP48' <Latency = 3> <II = 1> <Delay = 2.15> <IPBlock> <Opcode : 'mul' 'add' 'sub' 'select'> <InPorts = 0> <OutPorts = 1> <Sync> <CReg>
ST_36 : Operation 715 [4/4] (1.05ns) (root node of the DSP)   --->   "%mul_ln51_7 = mul i30 %sext_ln51_72, i30 1073734451" [../import_files/import_files/2D_idct.cpp:51]   --->   Operation 715 'mul' 'mul_ln51_7' <Predicate = true> <Delay = 1.05> <CoreInst = "DSP48">   --->   Core 119 'DSP48' <Latency = 3> <II = 1> <Delay = 2.15> <IPBlock> <Opcode : 'mul' 'add' 'sub' 'select'> <InPorts = 0> <OutPorts = 1> <Sync> <CReg>
ST_36 : Operation 716 [4/4] (1.05ns) (root node of the DSP)   --->   "%mul_ln51_8 = mul i30 %sext_ln51_30, i30 1073720829" [../import_files/import_files/2D_idct.cpp:51]   --->   Operation 716 'mul' 'mul_ln51_8' <Predicate = true> <Delay = 1.05> <CoreInst = "DSP48">   --->   Core 119 'DSP48' <Latency = 3> <II = 1> <Delay = 2.15> <IPBlock> <Opcode : 'mul' 'add' 'sub' 'select'> <InPorts = 0> <OutPorts = 1> <Sync> <CReg>
ST_36 : Operation 717 [1/1] (0.00ns)   --->   "%sext_ln49_72 = sext i30 %tmp3_20" [../import_files/import_files/2D_idct.cpp:49]   --->   Operation 717 'sext' 'sext_ln49_72' <Predicate = true> <Delay = 0.00>
ST_36 : Operation 718 [1/1] (0.00ns)   --->   "%tmp0_22 = bitconcatenate i30 @_ssdm_op_BitConcatenate.i30.i17.i13, i17 %add_ln76_5, i13 0" [../import_files/import_files/2D_idct.cpp:76]   --->   Operation 718 'bitconcatenate' 'tmp0_22' <Predicate = true> <Delay = 0.00>
ST_36 : Operation 719 [1/1] (0.00ns)   --->   "%sext_ln80_3 = sext i30 %tmp0_22" [../import_files/import_files/2D_idct.cpp:80]   --->   Operation 719 'sext' 'sext_ln80_3' <Predicate = true> <Delay = 0.00>
ST_36 : Operation 720 [1/1] (2.49ns)   --->   "%tmp13_5 = sub i31 %sext_ln80_3, i31 %sext_ln49_72" [../import_files/import_files/2D_idct.cpp:80]   --->   Operation 720 'sub' 'tmp13_5' <Predicate = true> <Delay = 2.49> <CoreInst = "Adder">   --->   Core 1 'Adder' <Latency = 0> <II = 1> <Delay = 2.49> <FuncUnit> <Opcode : 'add' 'sub'> <InPorts = 2> <OutPorts = 1>
ST_36 : Operation 721 [1/1] (0.00ns)   --->   "%sext_ln49_73 = sext i31 %tmp13_5" [../import_files/import_files/2D_idct.cpp:49]   --->   Operation 721 'sext' 'sext_ln49_73' <Predicate = true> <Delay = 0.00>
ST_36 : Operation 722 [1/3] (0.00ns) (grouped into DSP with root node add_ln112_10)   --->   "%tmp1_21 = mul i32 %sext_ln89_3, i32 16819" [../import_files/import_files/2D_idct.cpp:100]   --->   Operation 722 'mul' 'tmp1_21' <Predicate = true> <Delay = 0.00> <CoreInst = "DSP48">   --->   Core 119 'DSP48' <Latency = 3> <II = 1> <Delay = 2.15> <IPBlock> <Opcode : 'mul' 'add' 'sub' 'select'> <InPorts = 0> <OutPorts = 1> <Sync> <CReg>
ST_36 : Operation 723 [1/3] (0.00ns) (grouped into DSP with root node add_ln113_10)   --->   "%tmp2_21 = mul i32 %sext_ln90_3, i32 25172" [../import_files/import_files/2D_idct.cpp:101]   --->   Operation 723 'mul' 'tmp2_21' <Predicate = true> <Delay = 0.00> <CoreInst = "DSP48">   --->   Core 119 'DSP48' <Latency = 3> <II = 1> <Delay = 2.15> <IPBlock> <Opcode : 'mul' 'add' 'sub' 'select'> <InPorts = 0> <OutPorts = 1> <Sync> <CReg>
ST_36 : Operation 724 [1/2] (2.10ns) (root node of the DSP)   --->   "%add_ln114_10 = add i31 %z1_13, i31 %tmp3_21" [../import_files/import_files/2D_idct.cpp:114]   --->   Operation 724 'add' 'add_ln114_10' <Predicate = true> <Delay = 2.10> <CoreInst = "DSP48">   --->   Core 119 'DSP48' <Latency = 3> <II = 1> <Delay = 2.15> <IPBlock> <Opcode : 'mul' 'add' 'sub' 'select'> <InPorts = 0> <OutPorts = 1> <Sync> <CReg>
ST_36 : Operation 725 [1/1] (0.00ns)   --->   "%sext_ln114_3 = sext i31 %add_ln114_10" [../import_files/import_files/2D_idct.cpp:114]   --->   Operation 725 'sext' 'sext_ln114_3' <Predicate = true> <Delay = 0.00>
ST_36 : Operation 726 [1/2] (2.10ns) (root node of the DSP)   --->   "%add_ln111_10 = add i31 %z1_13, i31 %sext_ln49_65" [../import_files/import_files/2D_idct.cpp:111]   --->   Operation 726 'add' 'add_ln111_10' <Predicate = true> <Delay = 2.10> <CoreInst = "DSP48">   --->   Core 119 'DSP48' <Latency = 3> <II = 1> <Delay = 2.15> <IPBlock> <Opcode : 'mul' 'add' 'sub' 'select'> <InPorts = 0> <OutPorts = 1> <Sync> <CReg>
ST_36 : Operation 727 [1/1] (0.00ns)   --->   "%sext_ln111_3 = sext i31 %add_ln111_10" [../import_files/import_files/2D_idct.cpp:111]   --->   Operation 727 'sext' 'sext_ln111_3' <Predicate = true> <Delay = 0.00>
ST_36 : Operation 728 [1/2] (2.10ns) (root node of the DSP)   --->   "%z3_50 = add i32 %z5_3, i32 %z3_46" [../import_files/import_files/2D_idct.cpp:108]   --->   Operation 728 'add' 'z3_50' <Predicate = true> <Delay = 2.10> <CoreInst = "DSP48">   --->   Core 119 'DSP48' <Latency = 3> <II = 1> <Delay = 2.15> <IPBlock> <Opcode : 'mul' 'add' 'sub' 'select'> <InPorts = 0> <OutPorts = 1> <Sync> <CReg>
ST_36 : Operation 729 [2/2] (2.10ns) (root node of the DSP)   --->   "%add_ln113_10 = add i32 %tmp2_21, i32 %z3_50" [../import_files/import_files/2D_idct.cpp:113]   --->   Operation 729 'add' 'add_ln113_10' <Predicate = true> <Delay = 2.10> <CoreInst = "DSP48">   --->   Core 119 'DSP48' <Latency = 3> <II = 1> <Delay = 2.15> <IPBlock> <Opcode : 'mul' 'add' 'sub' 'select'> <InPorts = 0> <OutPorts = 1> <Sync> <CReg>
ST_36 : Operation 730 [1/1] (2.55ns)   --->   "%tmp0_24 = add i32 %z3_50, i32 %sext_ln111_3" [../import_files/import_files/2D_idct.cpp:111]   --->   Operation 730 'add' 'tmp0_24' <Predicate = true> <Delay = 2.55> <CoreInst = "Adder">   --->   Core 1 'Adder' <Latency = 0> <II = 1> <Delay = 2.55> <FuncUnit> <Opcode : 'add' 'sub'> <InPorts = 2> <OutPorts = 1>
ST_36 : Operation 731 [1/2] (2.10ns) (root node of the DSP)   --->   "%z4_17 = add i32 %z5_3, i32 %sext_ln51_85" [../import_files/import_files/2D_idct.cpp:109]   --->   Operation 731 'add' 'z4_17' <Predicate = true> <Delay = 2.10> <CoreInst = "DSP48">   --->   Core 119 'DSP48' <Latency = 3> <II = 1> <Delay = 2.15> <IPBlock> <Opcode : 'mul' 'add' 'sub' 'select'> <InPorts = 0> <OutPorts = 1> <Sync> <CReg>
ST_36 : Operation 732 [1/1] (2.55ns)   --->   "%tmp3_22 = add i32 %z4_17, i32 %sext_ln114_3" [../import_files/import_files/2D_idct.cpp:114]   --->   Operation 732 'add' 'tmp3_22' <Predicate = true> <Delay = 2.55> <CoreInst = "Adder">   --->   Core 1 'Adder' <Latency = 0> <II = 1> <Delay = 2.55> <FuncUnit> <Opcode : 'add' 'sub'> <InPorts = 2> <OutPorts = 1>
ST_36 : Operation 733 [2/2] (2.10ns) (root node of the DSP)   --->   "%add_ln112_10 = add i32 %tmp1_21, i32 %z4_17" [../import_files/import_files/2D_idct.cpp:112]   --->   Operation 733 'add' 'add_ln112_10' <Predicate = true> <Delay = 2.10> <CoreInst = "DSP48">   --->   Core 119 'DSP48' <Latency = 3> <II = 1> <Delay = 2.15> <IPBlock> <Opcode : 'mul' 'add' 'sub' 'select'> <InPorts = 0> <OutPorts = 1> <Sync> <CReg>
ST_36 : Operation 734 [1/1] (2.49ns)   --->   "%add_ln79_3 = add i30 %tmp3_20, i30 1024" [../import_files/import_files/2D_idct.cpp:79]   --->   Operation 734 'add' 'add_ln79_3' <Predicate = true> <Delay = 2.49> <CoreInst = "Adder">   --->   Core 1 'Adder' <Latency = 0> <II = 1> <Delay = 2.49> <FuncUnit> <Opcode : 'add' 'sub'> <InPorts = 2> <OutPorts = 1>
ST_36 : Operation 735 [1/1] (0.00ns)   --->   "%sext_ln118_6 = sext i30 %add_ln79_3" [../import_files/import_files/2D_idct.cpp:118]   --->   Operation 735 'sext' 'sext_ln118_6' <Predicate = true> <Delay = 0.00>
ST_36 : Operation 736 [1/1] (2.49ns)   --->   "%add_ln118_10 = add i31 %sext_ln80_3, i31 %sext_ln118_6" [../import_files/import_files/2D_idct.cpp:118]   --->   Operation 736 'add' 'add_ln118_10' <Predicate = true> <Delay = 2.49> <CoreInst = "Adder">   --->   Core 1 'Adder' <Latency = 0> <II = 1> <Delay = 2.49> <FuncUnit> <Opcode : 'add' 'sub'> <InPorts = 2> <OutPorts = 1>
ST_36 : Operation 737 [1/1] (0.00ns)   --->   "%sext_ln119_9 = sext i31 %add_ln118_10" [../import_files/import_files/2D_idct.cpp:119]   --->   Operation 737 'sext' 'sext_ln119_9' <Predicate = true> <Delay = 0.00>
ST_36 : Operation 738 [1/1] (2.55ns)   --->   "%sub_ln119_5 = sub i32 %sext_ln119_9, i32 %tmp3_22" [../import_files/import_files/2D_idct.cpp:119]   --->   Operation 738 'sub' 'sub_ln119_5' <Predicate = true> <Delay = 2.55> <CoreInst = "Adder">   --->   Core 1 'Adder' <Latency = 0> <II = 1> <Delay = 2.55> <FuncUnit> <Opcode : 'add' 'sub'> <InPorts = 2> <OutPorts = 1>
ST_36 : Operation 739 [1/1] (2.55ns)   --->   "%add_ln118_11 = add i32 %tmp3_22, i32 %sext_ln119_9" [../import_files/import_files/2D_idct.cpp:118]   --->   Operation 739 'add' 'add_ln118_11' <Predicate = true> <Delay = 2.55> <CoreInst = "Adder">   --->   Core 1 'Adder' <Latency = 0> <II = 1> <Delay = 2.55> <FuncUnit> <Opcode : 'add' 'sub'> <InPorts = 2> <OutPorts = 1>
ST_36 : Operation 740 [1/1] (0.00ns)   --->   "%workspace_71 = partselect i21 @_ssdm_op_PartSelect.i21.i32.i32.i32, i32 %add_ln118_11, i32 11, i32 31" [../import_files/import_files/2D_idct.cpp:118]   --->   Operation 740 'partselect' 'workspace_71' <Predicate = true> <Delay = 0.00>
ST_36 : Operation 741 [1/1] (0.00ns)   --->   "%workspace_72 = partselect i21 @_ssdm_op_PartSelect.i21.i32.i32.i32, i32 %sub_ln119_5, i32 11, i32 31" [../import_files/import_files/2D_idct.cpp:119]   --->   Operation 741 'partselect' 'workspace_72' <Predicate = true> <Delay = 0.00>
ST_36 : Operation 742 [1/1] (2.52ns)   --->   "%add_ln124_10 = add i32 %sext_ln49_73, i32 1024" [../import_files/import_files/2D_idct.cpp:124]   --->   Operation 742 'add' 'add_ln124_10' <Predicate = true> <Delay = 2.52> <CoreInst = "Adder">   --->   Core 1 'Adder' <Latency = 0> <II = 1> <Delay = 2.52> <FuncUnit> <Opcode : 'add' 'sub'> <InPorts = 2> <OutPorts = 1>
ST_36 : Operation 743 [1/1] (2.55ns)   --->   "%sub_ln125_5 = sub i32 %add_ln124_10, i32 %tmp0_24" [../import_files/import_files/2D_idct.cpp:125]   --->   Operation 743 'sub' 'sub_ln125_5' <Predicate = true> <Delay = 2.55> <CoreInst = "Adder">   --->   Core 1 'Adder' <Latency = 0> <II = 1> <Delay = 2.55> <FuncUnit> <Opcode : 'add' 'sub'> <InPorts = 2> <OutPorts = 1>
ST_36 : Operation 744 [1/1] (2.55ns)   --->   "%add_ln124_11 = add i32 %tmp0_24, i32 %add_ln124_10" [../import_files/import_files/2D_idct.cpp:124]   --->   Operation 744 'add' 'add_ln124_11' <Predicate = true> <Delay = 2.55> <CoreInst = "Adder">   --->   Core 1 'Adder' <Latency = 0> <II = 1> <Delay = 2.55> <FuncUnit> <Opcode : 'add' 'sub'> <InPorts = 2> <OutPorts = 1>
ST_36 : Operation 745 [1/1] (0.00ns)   --->   "%workspace_77 = partselect i21 @_ssdm_op_PartSelect.i21.i32.i32.i32, i32 %add_ln124_11, i32 11, i32 31" [../import_files/import_files/2D_idct.cpp:124]   --->   Operation 745 'partselect' 'workspace_77' <Predicate = true> <Delay = 0.00>
ST_36 : Operation 746 [1/1] (0.00ns)   --->   "%workspace_78 = partselect i21 @_ssdm_op_PartSelect.i21.i32.i32.i32, i32 %sub_ln125_5, i32 11, i32 31" [../import_files/import_files/2D_idct.cpp:125]   --->   Operation 746 'partselect' 'workspace_78' <Predicate = true> <Delay = 0.00>
ST_36 : Operation 747 [1/2] (2.10ns) (root node of the DSP)   --->   "%tmp2_23 = add i31 %z1_14, i31 %mul_ln70_6" [../import_files/import_files/2D_idct.cpp:70]   --->   Operation 747 'add' 'tmp2_23' <Predicate = true> <Delay = 2.10> <CoreInst = "DSP48">   --->   Core 119 'DSP48' <Latency = 3> <II = 1> <Delay = 2.15> <IPBlock> <Opcode : 'mul' 'add' 'sub' 'select'> <InPorts = 0> <OutPorts = 1> <Sync> <CReg>
ST_36 : Operation 748 [1/2] (2.10ns) (root node of the DSP)   --->   "%tmp3_23 = add i30 %trunc_ln51_4, i30 %mul_ln71_6" [../import_files/import_files/2D_idct.cpp:71]   --->   Operation 748 'add' 'tmp3_23' <Predicate = true> <Delay = 2.10> <CoreInst = "DSP48">   --->   Core 119 'DSP48' <Latency = 3> <II = 1> <Delay = 2.15> <IPBlock> <Opcode : 'mul' 'add' 'sub' 'select'> <InPorts = 0> <OutPorts = 1> <Sync> <CReg>
ST_36 : Operation 749 [1/4] (0.00ns) (root node of the DSP)   --->   "%z5_4 = mul i32 %sext_ln97_4, i32 9633" [../import_files/import_files/2D_idct.cpp:97]   --->   Operation 749 'mul' 'z5_4' <Predicate = true> <Delay = 0.00> <CoreInst = "DSP48">   --->   Core 119 'DSP48' <Latency = 3> <II = 1> <Delay = 2.15> <IPBlock> <Opcode : 'mul' 'add' 'sub' 'select'> <InPorts = 0> <OutPorts = 1> <Sync> <CReg>
ST_36 : Operation 750 [1/3] (0.00ns) (grouped into DSP with root node add_ln111_12)   --->   "%tmp0_27 = mul i29 %sext_ln49_48, i29 2446" [../import_files/import_files/2D_idct.cpp:99]   --->   Operation 750 'mul' 'tmp0_27' <Predicate = true> <Delay = 0.00> <CoreInst = "DSP48">   --->   Core 119 'DSP48' <Latency = 3> <II = 1> <Delay = 2.15> <IPBlock> <Opcode : 'mul' 'add' 'sub' 'select'> <InPorts = 0> <OutPorts = 1> <Sync> <CReg>
ST_36 : Operation 751 [1/1] (0.00ns) (grouped into DSP with root node add_ln111_12)   --->   "%sext_ln49_68 = sext i29 %tmp0_27" [../import_files/import_files/2D_idct.cpp:49]   --->   Operation 751 'sext' 'sext_ln49_68' <Predicate = true> <Delay = 0.00>
ST_36 : Operation 752 [2/3] (1.05ns) (grouped into DSP with root node add_ln112_12)   --->   "%tmp1_25 = mul i32 %sext_ln89_4, i32 16819" [../import_files/import_files/2D_idct.cpp:100]   --->   Operation 752 'mul' 'tmp1_25' <Predicate = true> <Delay = 1.05> <CoreInst = "DSP48">   --->   Core 119 'DSP48' <Latency = 3> <II = 1> <Delay = 2.15> <IPBlock> <Opcode : 'mul' 'add' 'sub' 'select'> <InPorts = 0> <OutPorts = 1> <Sync> <CReg>
ST_36 : Operation 753 [2/3] (1.05ns) (grouped into DSP with root node add_ln113_12)   --->   "%tmp2_25 = mul i32 %sext_ln90_4, i32 25172" [../import_files/import_files/2D_idct.cpp:101]   --->   Operation 753 'mul' 'tmp2_25' <Predicate = true> <Delay = 1.05> <CoreInst = "DSP48">   --->   Core 119 'DSP48' <Latency = 3> <II = 1> <Delay = 2.15> <IPBlock> <Opcode : 'mul' 'add' 'sub' 'select'> <InPorts = 0> <OutPorts = 1> <Sync> <CReg>
ST_36 : Operation 754 [1/3] (0.00ns) (grouped into DSP with root node add_ln114_12)   --->   "%tmp3_25 = mul i31 %sext_ln49_12, i31 12299" [../import_files/import_files/2D_idct.cpp:102]   --->   Operation 754 'mul' 'tmp3_25' <Predicate = true> <Delay = 0.00> <CoreInst = "DSP48">   --->   Core 119 'DSP48' <Latency = 3> <II = 1> <Delay = 2.15> <IPBlock> <Opcode : 'mul' 'add' 'sub' 'select'> <InPorts = 0> <OutPorts = 1> <Sync> <CReg>
ST_36 : Operation 755 [1/4] (0.00ns) (root node of the DSP)   --->   "%z1_16 = mul i31 %sext_ln51_78, i31 2147476275" [../import_files/import_files/2D_idct.cpp:103]   --->   Operation 755 'mul' 'z1_16' <Predicate = true> <Delay = 0.00> <CoreInst = "DSP48">   --->   Core 119 'DSP48' <Latency = 3> <II = 1> <Delay = 2.15> <IPBlock> <Opcode : 'mul' 'add' 'sub' 'select'> <InPorts = 0> <OutPorts = 1> <Sync> <CReg>
ST_36 : Operation 756 [2/2] (2.10ns) (root node of the DSP)   --->   "%add_ln114_12 = add i31 %z1_16, i31 %tmp3_25" [../import_files/import_files/2D_idct.cpp:114]   --->   Operation 756 'add' 'add_ln114_12' <Predicate = true> <Delay = 2.10> <CoreInst = "DSP48">   --->   Core 119 'DSP48' <Latency = 3> <II = 1> <Delay = 2.15> <IPBlock> <Opcode : 'mul' 'add' 'sub' 'select'> <InPorts = 0> <OutPorts = 1> <Sync> <CReg>
ST_36 : Operation 757 [2/2] (2.10ns) (root node of the DSP)   --->   "%add_ln111_12 = add i31 %z1_16, i31 %sext_ln49_68" [../import_files/import_files/2D_idct.cpp:111]   --->   Operation 757 'add' 'add_ln111_12' <Predicate = true> <Delay = 2.10> <CoreInst = "DSP48">   --->   Core 119 'DSP48' <Latency = 3> <II = 1> <Delay = 2.15> <IPBlock> <Opcode : 'mul' 'add' 'sub' 'select'> <InPorts = 0> <OutPorts = 1> <Sync> <CReg>
ST_36 : Operation 758 [1/4] (0.00ns) (root node of the DSP)   --->   "%z2_22 = mul i32 %sext_ln51_36, i32 4294946301" [../import_files/import_files/2D_idct.cpp:104]   --->   Operation 758 'mul' 'z2_22' <Predicate = true> <Delay = 0.00> <CoreInst = "DSP48">   --->   Core 119 'DSP48' <Latency = 3> <II = 1> <Delay = 2.15> <IPBlock> <Opcode : 'mul' 'add' 'sub' 'select'> <InPorts = 0> <OutPorts = 1> <Sync> <CReg>
ST_36 : Operation 759 [1/3] (0.00ns) (grouped into DSP with root node z3_63)   --->   "%z3_62 = mul i32 %sext_ln51_76, i32 4294951227" [../import_files/import_files/2D_idct.cpp:105]   --->   Operation 759 'mul' 'z3_62' <Predicate = true> <Delay = 0.00> <CoreInst = "DSP48">   --->   Core 119 'DSP48' <Latency = 3> <II = 1> <Delay = 2.15> <IPBlock> <Opcode : 'mul' 'add' 'sub' 'select'> <InPorts = 0> <OutPorts = 1> <Sync> <CReg>
ST_36 : Operation 760 [2/2] (2.10ns) (root node of the DSP)   --->   "%z3_63 = add i32 %z5_4, i32 %z3_62" [../import_files/import_files/2D_idct.cpp:108]   --->   Operation 760 'add' 'z3_63' <Predicate = true> <Delay = 2.10> <CoreInst = "DSP48">   --->   Core 119 'DSP48' <Latency = 3> <II = 1> <Delay = 2.15> <IPBlock> <Opcode : 'mul' 'add' 'sub' 'select'> <InPorts = 0> <OutPorts = 1> <Sync> <CReg>
ST_36 : Operation 761 [1/3] (0.00ns) (grouped into DSP with root node z4_20)   --->   "%z4_19 = mul i30 %sext_ln51_34, i30 1073738628" [../import_files/import_files/2D_idct.cpp:106]   --->   Operation 761 'mul' 'z4_19' <Predicate = true> <Delay = 0.00> <CoreInst = "DSP48">   --->   Core 119 'DSP48' <Latency = 3> <II = 1> <Delay = 2.15> <IPBlock> <Opcode : 'mul' 'add' 'sub' 'select'> <InPorts = 0> <OutPorts = 1> <Sync> <CReg>
ST_36 : Operation 762 [1/1] (0.00ns) (grouped into DSP with root node z4_20)   --->   "%sext_ln51_110 = sext i30 %z4_19" [../import_files/import_files/2D_idct.cpp:51]   --->   Operation 762 'sext' 'sext_ln51_110' <Predicate = true> <Delay = 0.00>
ST_36 : Operation 763 [2/2] (2.10ns) (root node of the DSP)   --->   "%z4_20 = add i32 %z5_4, i32 %sext_ln51_110" [../import_files/import_files/2D_idct.cpp:109]   --->   Operation 763 'add' 'z4_20' <Predicate = true> <Delay = 2.10> <CoreInst = "DSP48">   --->   Core 119 'DSP48' <Latency = 3> <II = 1> <Delay = 2.15> <IPBlock> <Opcode : 'mul' 'add' 'sub' 'select'> <InPorts = 0> <OutPorts = 1> <Sync> <CReg>
ST_36 : Operation 764 [1/1] (0.00ns)   --->   "%sext_ln49_76 = sext i30 %tmp3_27" [../import_files/import_files/2D_idct.cpp:49]   --->   Operation 764 'sext' 'sext_ln49_76' <Predicate = true> <Delay = 0.00>
ST_36 : Operation 765 [1/1] (0.00ns)   --->   "%tmp0_29 = bitconcatenate i30 @_ssdm_op_BitConcatenate.i30.i17.i13, i17 %add_ln76_7, i13 0" [../import_files/import_files/2D_idct.cpp:76]   --->   Operation 765 'bitconcatenate' 'tmp0_29' <Predicate = true> <Delay = 0.00>
ST_36 : Operation 766 [1/1] (0.00ns)   --->   "%sext_ln80_5 = sext i30 %tmp0_29" [../import_files/import_files/2D_idct.cpp:80]   --->   Operation 766 'sext' 'sext_ln80_5' <Predicate = true> <Delay = 0.00>
ST_36 : Operation 767 [1/1] (2.49ns)   --->   "%tmp13_7 = sub i31 %sext_ln80_5, i31 %sext_ln49_76" [../import_files/import_files/2D_idct.cpp:80]   --->   Operation 767 'sub' 'tmp13_7' <Predicate = true> <Delay = 2.49> <CoreInst = "Adder">   --->   Core 1 'Adder' <Latency = 0> <II = 1> <Delay = 2.49> <FuncUnit> <Opcode : 'add' 'sub'> <InPorts = 2> <OutPorts = 1>
ST_36 : Operation 768 [1/1] (0.00ns)   --->   "%sext_ln49_77 = sext i31 %tmp13_7" [../import_files/import_files/2D_idct.cpp:49]   --->   Operation 768 'sext' 'sext_ln49_77' <Predicate = true> <Delay = 0.00>
ST_36 : Operation 769 [1/3] (0.00ns) (grouped into DSP with root node add_ln112_14)   --->   "%tmp1_28 = mul i32 %sext_ln89_5, i32 16819" [../import_files/import_files/2D_idct.cpp:100]   --->   Operation 769 'mul' 'tmp1_28' <Predicate = true> <Delay = 0.00> <CoreInst = "DSP48">   --->   Core 119 'DSP48' <Latency = 3> <II = 1> <Delay = 2.15> <IPBlock> <Opcode : 'mul' 'add' 'sub' 'select'> <InPorts = 0> <OutPorts = 1> <Sync> <CReg>
ST_36 : Operation 770 [1/3] (0.00ns) (grouped into DSP with root node add_ln113_14)   --->   "%tmp2_28 = mul i32 %sext_ln90_5, i32 25172" [../import_files/import_files/2D_idct.cpp:101]   --->   Operation 770 'mul' 'tmp2_28' <Predicate = true> <Delay = 0.00> <CoreInst = "DSP48">   --->   Core 119 'DSP48' <Latency = 3> <II = 1> <Delay = 2.15> <IPBlock> <Opcode : 'mul' 'add' 'sub' 'select'> <InPorts = 0> <OutPorts = 1> <Sync> <CReg>
ST_36 : Operation 771 [1/2] (2.10ns) (root node of the DSP)   --->   "%add_ln114_14 = add i31 %z1_19, i31 %tmp3_28" [../import_files/import_files/2D_idct.cpp:114]   --->   Operation 771 'add' 'add_ln114_14' <Predicate = true> <Delay = 2.10> <CoreInst = "DSP48">   --->   Core 119 'DSP48' <Latency = 3> <II = 1> <Delay = 2.15> <IPBlock> <Opcode : 'mul' 'add' 'sub' 'select'> <InPorts = 0> <OutPorts = 1> <Sync> <CReg>
ST_36 : Operation 772 [1/1] (0.00ns)   --->   "%sext_ln114_5 = sext i31 %add_ln114_14" [../import_files/import_files/2D_idct.cpp:114]   --->   Operation 772 'sext' 'sext_ln114_5' <Predicate = true> <Delay = 0.00>
ST_36 : Operation 773 [1/2] (2.10ns) (root node of the DSP)   --->   "%add_ln111_14 = add i31 %z1_19, i31 %sext_ln49_71" [../import_files/import_files/2D_idct.cpp:111]   --->   Operation 773 'add' 'add_ln111_14' <Predicate = true> <Delay = 2.10> <CoreInst = "DSP48">   --->   Core 119 'DSP48' <Latency = 3> <II = 1> <Delay = 2.15> <IPBlock> <Opcode : 'mul' 'add' 'sub' 'select'> <InPorts = 0> <OutPorts = 1> <Sync> <CReg>
ST_36 : Operation 774 [1/1] (0.00ns)   --->   "%sext_ln111_5 = sext i31 %add_ln111_14" [../import_files/import_files/2D_idct.cpp:111]   --->   Operation 774 'sext' 'sext_ln111_5' <Predicate = true> <Delay = 0.00>
ST_36 : Operation 775 [1/2] (2.10ns) (root node of the DSP)   --->   "%z3_66 = add i32 %z5_5, i32 %z3_65" [../import_files/import_files/2D_idct.cpp:108]   --->   Operation 775 'add' 'z3_66' <Predicate = true> <Delay = 2.10> <CoreInst = "DSP48">   --->   Core 119 'DSP48' <Latency = 3> <II = 1> <Delay = 2.15> <IPBlock> <Opcode : 'mul' 'add' 'sub' 'select'> <InPorts = 0> <OutPorts = 1> <Sync> <CReg>
ST_36 : Operation 776 [2/2] (2.10ns) (root node of the DSP)   --->   "%add_ln113_14 = add i32 %tmp2_28, i32 %z3_66" [../import_files/import_files/2D_idct.cpp:113]   --->   Operation 776 'add' 'add_ln113_14' <Predicate = true> <Delay = 2.10> <CoreInst = "DSP48">   --->   Core 119 'DSP48' <Latency = 3> <II = 1> <Delay = 2.15> <IPBlock> <Opcode : 'mul' 'add' 'sub' 'select'> <InPorts = 0> <OutPorts = 1> <Sync> <CReg>
ST_36 : Operation 777 [1/1] (2.55ns)   --->   "%tmp0_31 = add i32 %z3_66, i32 %sext_ln111_5" [../import_files/import_files/2D_idct.cpp:111]   --->   Operation 777 'add' 'tmp0_31' <Predicate = true> <Delay = 2.55> <CoreInst = "Adder">   --->   Core 1 'Adder' <Latency = 0> <II = 1> <Delay = 2.55> <FuncUnit> <Opcode : 'add' 'sub'> <InPorts = 2> <OutPorts = 1>
ST_36 : Operation 778 [1/2] (2.10ns) (root node of the DSP)   --->   "%z4_23 = add i32 %z5_5, i32 %sext_ln51_111" [../import_files/import_files/2D_idct.cpp:109]   --->   Operation 778 'add' 'z4_23' <Predicate = true> <Delay = 2.10> <CoreInst = "DSP48">   --->   Core 119 'DSP48' <Latency = 3> <II = 1> <Delay = 2.15> <IPBlock> <Opcode : 'mul' 'add' 'sub' 'select'> <InPorts = 0> <OutPorts = 1> <Sync> <CReg>
ST_36 : Operation 779 [1/1] (2.55ns)   --->   "%tmp3_29 = add i32 %z4_23, i32 %sext_ln114_5" [../import_files/import_files/2D_idct.cpp:114]   --->   Operation 779 'add' 'tmp3_29' <Predicate = true> <Delay = 2.55> <CoreInst = "Adder">   --->   Core 1 'Adder' <Latency = 0> <II = 1> <Delay = 2.55> <FuncUnit> <Opcode : 'add' 'sub'> <InPorts = 2> <OutPorts = 1>
ST_36 : Operation 780 [2/2] (2.10ns) (root node of the DSP)   --->   "%add_ln112_14 = add i32 %tmp1_28, i32 %z4_23" [../import_files/import_files/2D_idct.cpp:112]   --->   Operation 780 'add' 'add_ln112_14' <Predicate = true> <Delay = 2.10> <CoreInst = "DSP48">   --->   Core 119 'DSP48' <Latency = 3> <II = 1> <Delay = 2.15> <IPBlock> <Opcode : 'mul' 'add' 'sub' 'select'> <InPorts = 0> <OutPorts = 1> <Sync> <CReg>
ST_36 : Operation 781 [1/1] (2.49ns)   --->   "%add_ln79_5 = add i30 %tmp3_27, i30 1024" [../import_files/import_files/2D_idct.cpp:79]   --->   Operation 781 'add' 'add_ln79_5' <Predicate = true> <Delay = 2.49> <CoreInst = "Adder">   --->   Core 1 'Adder' <Latency = 0> <II = 1> <Delay = 2.49> <FuncUnit> <Opcode : 'add' 'sub'> <InPorts = 2> <OutPorts = 1>
ST_36 : Operation 782 [1/1] (0.00ns)   --->   "%sext_ln118_10 = sext i30 %add_ln79_5" [../import_files/import_files/2D_idct.cpp:118]   --->   Operation 782 'sext' 'sext_ln118_10' <Predicate = true> <Delay = 0.00>
ST_36 : Operation 783 [1/1] (2.49ns)   --->   "%add_ln118_14 = add i31 %sext_ln80_5, i31 %sext_ln118_10" [../import_files/import_files/2D_idct.cpp:118]   --->   Operation 783 'add' 'add_ln118_14' <Predicate = true> <Delay = 2.49> <CoreInst = "Adder">   --->   Core 1 'Adder' <Latency = 0> <II = 1> <Delay = 2.49> <FuncUnit> <Opcode : 'add' 'sub'> <InPorts = 2> <OutPorts = 1>
ST_36 : Operation 784 [1/1] (0.00ns)   --->   "%sext_ln119_11 = sext i31 %add_ln118_14" [../import_files/import_files/2D_idct.cpp:119]   --->   Operation 784 'sext' 'sext_ln119_11' <Predicate = true> <Delay = 0.00>
ST_36 : Operation 785 [1/1] (2.55ns)   --->   "%sub_ln119_7 = sub i32 %sext_ln119_11, i32 %tmp3_29" [../import_files/import_files/2D_idct.cpp:119]   --->   Operation 785 'sub' 'sub_ln119_7' <Predicate = true> <Delay = 2.55> <CoreInst = "Adder">   --->   Core 1 'Adder' <Latency = 0> <II = 1> <Delay = 2.55> <FuncUnit> <Opcode : 'add' 'sub'> <InPorts = 2> <OutPorts = 1>
ST_36 : Operation 786 [1/1] (2.55ns)   --->   "%add_ln118_15 = add i32 %tmp3_29, i32 %sext_ln119_11" [../import_files/import_files/2D_idct.cpp:118]   --->   Operation 786 'add' 'add_ln118_15' <Predicate = true> <Delay = 2.55> <CoreInst = "Adder">   --->   Core 1 'Adder' <Latency = 0> <II = 1> <Delay = 2.55> <FuncUnit> <Opcode : 'add' 'sub'> <InPorts = 2> <OutPorts = 1>
ST_36 : Operation 787 [1/1] (0.00ns)   --->   "%workspace_87 = partselect i21 @_ssdm_op_PartSelect.i21.i32.i32.i32, i32 %add_ln118_15, i32 11, i32 31" [../import_files/import_files/2D_idct.cpp:118]   --->   Operation 787 'partselect' 'workspace_87' <Predicate = true> <Delay = 0.00>
ST_36 : Operation 788 [1/1] (0.00ns)   --->   "%workspace_88 = partselect i21 @_ssdm_op_PartSelect.i21.i32.i32.i32, i32 %sub_ln119_7, i32 11, i32 31" [../import_files/import_files/2D_idct.cpp:119]   --->   Operation 788 'partselect' 'workspace_88' <Predicate = true> <Delay = 0.00>
ST_36 : Operation 789 [1/1] (2.52ns)   --->   "%add_ln124_14 = add i32 %sext_ln49_77, i32 1024" [../import_files/import_files/2D_idct.cpp:124]   --->   Operation 789 'add' 'add_ln124_14' <Predicate = true> <Delay = 2.52> <CoreInst = "Adder">   --->   Core 1 'Adder' <Latency = 0> <II = 1> <Delay = 2.52> <FuncUnit> <Opcode : 'add' 'sub'> <InPorts = 2> <OutPorts = 1>
ST_36 : Operation 790 [1/1] (2.55ns)   --->   "%sub_ln125_7 = sub i32 %add_ln124_14, i32 %tmp0_31" [../import_files/import_files/2D_idct.cpp:125]   --->   Operation 790 'sub' 'sub_ln125_7' <Predicate = true> <Delay = 2.55> <CoreInst = "Adder">   --->   Core 1 'Adder' <Latency = 0> <II = 1> <Delay = 2.55> <FuncUnit> <Opcode : 'add' 'sub'> <InPorts = 2> <OutPorts = 1>
ST_36 : Operation 791 [1/1] (2.55ns)   --->   "%add_ln124_15 = add i32 %tmp0_31, i32 %add_ln124_14" [../import_files/import_files/2D_idct.cpp:124]   --->   Operation 791 'add' 'add_ln124_15' <Predicate = true> <Delay = 2.55> <CoreInst = "Adder">   --->   Core 1 'Adder' <Latency = 0> <II = 1> <Delay = 2.55> <FuncUnit> <Opcode : 'add' 'sub'> <InPorts = 2> <OutPorts = 1>
ST_36 : Operation 792 [1/1] (0.00ns)   --->   "%workspace_93 = partselect i21 @_ssdm_op_PartSelect.i21.i32.i32.i32, i32 %add_ln124_15, i32 11, i32 31" [../import_files/import_files/2D_idct.cpp:124]   --->   Operation 792 'partselect' 'workspace_93' <Predicate = true> <Delay = 0.00>
ST_36 : Operation 793 [1/1] (0.00ns)   --->   "%workspace_94 = partselect i21 @_ssdm_op_PartSelect.i21.i32.i32.i32, i32 %sub_ln125_7, i32 11, i32 31" [../import_files/import_files/2D_idct.cpp:125]   --->   Operation 793 'partselect' 'workspace_94' <Predicate = true> <Delay = 0.00>

State 37 <SV = 36> <Delay = 7.59>
ST_37 : Operation 794 [1/1] (0.00ns)   --->   "%sext_ln51 = sext i16 %z2" [../import_files/import_files/2D_idct.cpp:51]   --->   Operation 794 'sext' 'sext_ln51' <Predicate = true> <Delay = 0.00>
ST_37 : Operation 795 [1/1] (0.00ns)   --->   "%sext_ln51_8 = sext i16 %z2_14" [../import_files/import_files/2D_idct.cpp:51]   --->   Operation 795 'sext' 'sext_ln51_8' <Predicate = true> <Delay = 0.00>
ST_37 : Operation 796 [1/1] (0.00ns)   --->   "%sext_ln51_16 = sext i17 %z4" [../import_files/import_files/2D_idct.cpp:51]   --->   Operation 796 'sext' 'sext_ln51_16' <Predicate = true> <Delay = 0.00>
ST_37 : Operation 797 [1/1] (0.00ns)   --->   "%sext_ln51_28 = sext i17 %z4_12" [../import_files/import_files/2D_idct.cpp:51]   --->   Operation 797 'sext' 'sext_ln51_28' <Predicate = true> <Delay = 0.00>
ST_37 : Operation 798 [1/1] (0.00ns)   --->   "%sext_ln70 = sext i16 %z3" [../import_files/import_files/2D_idct.cpp:70]   --->   Operation 798 'sext' 'sext_ln70' <Predicate = true> <Delay = 0.00>
ST_37 : Operation 799 [1/1] (0.00ns)   --->   "%sext_ln70_1 = sext i16 %z3_30" [../import_files/import_files/2D_idct.cpp:70]   --->   Operation 799 'sext' 'sext_ln70_1' <Predicate = true> <Delay = 0.00>
ST_37 : Operation 800 [1/1] (0.00ns)   --->   "%sext_ln51_56 = sext i17 %z3_1" [../import_files/import_files/2D_idct.cpp:51]   --->   Operation 800 'sext' 'sext_ln51_56' <Predicate = true> <Delay = 0.00>
ST_37 : Operation 801 [1/1] (0.00ns)   --->   "%sext_ln51_69 = sext i17 %z3_34" [../import_files/import_files/2D_idct.cpp:51]   --->   Operation 801 'sext' 'sext_ln51_69' <Predicate = true> <Delay = 0.00>
ST_37 : Operation 802 [3/4] (1.05ns) (root node of the DSP)   --->   "%mul_ln51 = mul i30 %sext_ln51_41, i30 4433" [../import_files/import_files/2D_idct.cpp:51]   --->   Operation 802 'mul' 'mul_ln51' <Predicate = true> <Delay = 1.05> <CoreInst = "DSP48">   --->   Core 119 'DSP48' <Latency = 3> <II = 1> <Delay = 2.15> <IPBlock> <Opcode : 'mul' 'add' 'sub' 'select'> <InPorts = 0> <OutPorts = 1> <Sync> <CReg>
ST_37 : Operation 803 [3/3] (1.05ns) (grouped into DSP with root node tmp2)   --->   "%mul_ln70 = mul i30 %sext_ln70, i30 1073726687" [../import_files/import_files/2D_idct.cpp:70]   --->   Operation 803 'mul' 'mul_ln70' <Predicate = true> <Delay = 1.05> <CoreInst = "DSP48">   --->   Core 119 'DSP48' <Latency = 3> <II = 1> <Delay = 2.15> <IPBlock> <Opcode : 'mul' 'add' 'sub' 'select'> <InPorts = 0> <OutPorts = 1> <Sync> <CReg>
ST_37 : Operation 804 [3/3] (1.05ns) (grouped into DSP with root node tmp3)   --->   "%mul_ln71 = mul i30 %sext_ln51, i30 6270" [../import_files/import_files/2D_idct.cpp:71]   --->   Operation 804 'mul' 'mul_ln71' <Predicate = true> <Delay = 1.05> <CoreInst = "DSP48">   --->   Core 119 'DSP48' <Latency = 3> <II = 1> <Delay = 2.15> <IPBlock> <Opcode : 'mul' 'add' 'sub' 'select'> <InPorts = 0> <OutPorts = 1> <Sync> <CReg>
ST_37 : Operation 805 [3/4] (1.05ns) (root node of the DSP)   --->   "%mul_ln51_1 = mul i30 %sext_ln51_58, i30 9633" [../import_files/import_files/2D_idct.cpp:51]   --->   Operation 805 'mul' 'mul_ln51_1' <Predicate = true> <Delay = 1.05> <CoreInst = "DSP48">   --->   Core 119 'DSP48' <Latency = 3> <II = 1> <Delay = 2.15> <IPBlock> <Opcode : 'mul' 'add' 'sub' 'select'> <InPorts = 0> <OutPorts = 1> <Sync> <CReg>
ST_37 : Operation 806 [3/4] (1.05ns) (root node of the DSP)   --->   "%mul_ln51_2 = mul i30 %sext_ln51_59, i30 1073734451" [../import_files/import_files/2D_idct.cpp:51]   --->   Operation 806 'mul' 'mul_ln51_2' <Predicate = true> <Delay = 1.05> <CoreInst = "DSP48">   --->   Core 119 'DSP48' <Latency = 3> <II = 1> <Delay = 2.15> <IPBlock> <Opcode : 'mul' 'add' 'sub' 'select'> <InPorts = 0> <OutPorts = 1> <Sync> <CReg>
ST_37 : Operation 807 [3/4] (1.05ns) (root node of the DSP)   --->   "%mul_ln51_3 = mul i30 %sext_ln51_18, i30 1073720829" [../import_files/import_files/2D_idct.cpp:51]   --->   Operation 807 'mul' 'mul_ln51_3' <Predicate = true> <Delay = 1.05> <CoreInst = "DSP48">   --->   Core 119 'DSP48' <Latency = 3> <II = 1> <Delay = 2.15> <IPBlock> <Opcode : 'mul' 'add' 'sub' 'select'> <InPorts = 0> <OutPorts = 1> <Sync> <CReg>
ST_37 : Operation 808 [3/3] (1.05ns) (grouped into DSP with root node z3_2)   --->   "%mul_ln51_4 = mul i30 %sext_ln51_56, i30 1073725755" [../import_files/import_files/2D_idct.cpp:51]   --->   Operation 808 'mul' 'mul_ln51_4' <Predicate = true> <Delay = 1.05> <CoreInst = "DSP48">   --->   Core 119 'DSP48' <Latency = 3> <II = 1> <Delay = 2.15> <IPBlock> <Opcode : 'mul' 'add' 'sub' 'select'> <InPorts = 0> <OutPorts = 1> <Sync> <CReg>
ST_37 : Operation 809 [3/3] (1.05ns) (grouped into DSP with root node z4_2)   --->   "%z4_1 = mul i30 %sext_ln51_16, i30 1073738628" [../import_files/import_files/2D_idct.cpp:106]   --->   Operation 809 'mul' 'z4_1' <Predicate = true> <Delay = 1.05> <CoreInst = "DSP48">   --->   Core 119 'DSP48' <Latency = 3> <II = 1> <Delay = 2.15> <IPBlock> <Opcode : 'mul' 'add' 'sub' 'select'> <InPorts = 0> <OutPorts = 1> <Sync> <CReg>
ST_37 : Operation 810 [1/1] (0.00ns)   --->   "%sext_ln49_53 = sext i31 %tmp2_6" [../import_files/import_files/2D_idct.cpp:49]   --->   Operation 810 'sext' 'sext_ln49_53' <Predicate = true> <Delay = 0.00>
ST_37 : Operation 811 [1/1] (0.00ns)   --->   "%tmp1_6 = bitconcatenate i30 @_ssdm_op_BitConcatenate.i30.i17.i13, i17 %sub_ln77_1, i13 0" [../import_files/import_files/2D_idct.cpp:77]   --->   Operation 811 'bitconcatenate' 'tmp1_6' <Predicate = true> <Delay = 0.00>
ST_37 : Operation 812 [1/1] (0.00ns)   --->   "%sext_ln77_8 = sext i30 %tmp1_6" [../import_files/import_files/2D_idct.cpp:77]   --->   Operation 812 'sext' 'sext_ln77_8' <Predicate = true> <Delay = 0.00>
ST_37 : Operation 813 [1/1] (0.00ns) (grouped into TernaryAdder)   --->   "%tmp12_1 = sub i32 %sext_ln77_8, i32 %sext_ln49_53" [../import_files/import_files/2D_idct.cpp:82]   --->   Operation 813 'sub' 'tmp12_1' <Predicate = true> <Delay = 0.00> <CoreInst = "TAddSub">   --->   Core 10 'TAddSub' <Latency = 0> <II = 1> <Delay = 2.18> <IPBlock> <Opcode : 'add' 'sub'> <InPorts = 3> <OutPorts = 1> <Sync> <CReg>
ST_37 : Operation 814 [1/2] (2.10ns) (root node of the DSP)   --->   "%add_ln113_2 = add i32 %tmp2_8, i32 %z3_11" [../import_files/import_files/2D_idct.cpp:113]   --->   Operation 814 'add' 'add_ln113_2' <Predicate = true> <Delay = 2.10> <CoreInst = "DSP48">   --->   Core 119 'DSP48' <Latency = 3> <II = 1> <Delay = 2.15> <IPBlock> <Opcode : 'mul' 'add' 'sub' 'select'> <InPorts = 0> <OutPorts = 1> <Sync> <CReg>
ST_37 : Operation 815 [1/1] (2.55ns)   --->   "%tmp2_9 = add i32 %add_ln113_2, i32 %z2_8" [../import_files/import_files/2D_idct.cpp:113]   --->   Operation 815 'add' 'tmp2_9' <Predicate = true> <Delay = 2.55> <CoreInst = "Adder">   --->   Core 1 'Adder' <Latency = 0> <II = 1> <Delay = 2.55> <FuncUnit> <Opcode : 'add' 'sub'> <InPorts = 2> <OutPorts = 1>
ST_37 : Operation 816 [1/2] (2.10ns) (root node of the DSP)   --->   "%add_ln112_2 = add i32 %tmp1_8, i32 %z4_5" [../import_files/import_files/2D_idct.cpp:112]   --->   Operation 816 'add' 'add_ln112_2' <Predicate = true> <Delay = 2.10> <CoreInst = "DSP48">   --->   Core 119 'DSP48' <Latency = 3> <II = 1> <Delay = 2.15> <IPBlock> <Opcode : 'mul' 'add' 'sub' 'select'> <InPorts = 0> <OutPorts = 1> <Sync> <CReg>
ST_37 : Operation 817 [1/1] (2.55ns)   --->   "%tmp1_9 = add i32 %add_ln112_2, i32 %z2_8" [../import_files/import_files/2D_idct.cpp:112]   --->   Operation 817 'add' 'tmp1_9' <Predicate = true> <Delay = 2.55> <CoreInst = "Adder">   --->   Core 1 'Adder' <Latency = 0> <II = 1> <Delay = 2.55> <FuncUnit> <Opcode : 'add' 'sub'> <InPorts = 2> <OutPorts = 1>
ST_37 : Operation 818 [1/1] (0.00ns)   --->   "%sext_ln53 = sext i21 %workspace" [../import_files/import_files/2D_idct.cpp:53]   --->   Operation 818 'sext' 'sext_ln53' <Predicate = true> <Delay = 0.00>
ST_37 : Operation 819 [1/1] (0.00ns)   --->   "%sext_ln53_1 = sext i21 %workspace_48" [../import_files/import_files/2D_idct.cpp:53]   --->   Operation 819 'sext' 'sext_ln53_1' <Predicate = true> <Delay = 0.00>
ST_37 : Operation 820 [1/1] (2.52ns)   --->   "%add_ln81 = add i31 %tmp2_6, i31 1024" [../import_files/import_files/2D_idct.cpp:81]   --->   Operation 820 'add' 'add_ln81' <Predicate = true> <Delay = 2.52> <CoreInst = "Adder">   --->   Core 1 'Adder' <Latency = 0> <II = 1> <Delay = 2.52> <FuncUnit> <Opcode : 'add' 'sub'> <InPorts = 2> <OutPorts = 1>
ST_37 : Operation 821 [1/1] (0.00ns)   --->   "%sext_ln120 = sext i31 %add_ln81" [../import_files/import_files/2D_idct.cpp:120]   --->   Operation 821 'sext' 'sext_ln120' <Predicate = true> <Delay = 0.00>
ST_37 : Operation 822 [1/1] (2.52ns)   --->   "%add_ln120_2 = add i32 %sext_ln77_8, i32 %sext_ln120" [../import_files/import_files/2D_idct.cpp:120]   --->   Operation 822 'add' 'add_ln120_2' <Predicate = true> <Delay = 2.52> <CoreInst = "Adder">   --->   Core 1 'Adder' <Latency = 0> <II = 1> <Delay = 2.52> <FuncUnit> <Opcode : 'add' 'sub'> <InPorts = 2> <OutPorts = 1>
ST_37 : Operation 823 [1/1] (2.55ns)   --->   "%sub_ln121_1 = sub i32 %add_ln120_2, i32 %tmp2_9" [../import_files/import_files/2D_idct.cpp:121]   --->   Operation 823 'sub' 'sub_ln121_1' <Predicate = true> <Delay = 2.55> <CoreInst = "Adder">   --->   Core 1 'Adder' <Latency = 0> <II = 1> <Delay = 2.55> <FuncUnit> <Opcode : 'add' 'sub'> <InPorts = 2> <OutPorts = 1>
ST_37 : Operation 824 [1/1] (2.55ns)   --->   "%add_ln120_3 = add i32 %tmp2_9, i32 %add_ln120_2" [../import_files/import_files/2D_idct.cpp:120]   --->   Operation 824 'add' 'add_ln120_3' <Predicate = true> <Delay = 2.55> <CoreInst = "Adder">   --->   Core 1 'Adder' <Latency = 0> <II = 1> <Delay = 2.55> <FuncUnit> <Opcode : 'add' 'sub'> <InPorts = 2> <OutPorts = 1>
ST_37 : Operation 825 [1/1] (0.00ns)   --->   "%workspace_49 = partselect i21 @_ssdm_op_PartSelect.i21.i32.i32.i32, i32 %add_ln120_3, i32 11, i32 31" [../import_files/import_files/2D_idct.cpp:120]   --->   Operation 825 'partselect' 'workspace_49' <Predicate = true> <Delay = 0.00>
ST_37 : Operation 826 [1/1] (0.00ns)   --->   "%workspace_50 = partselect i21 @_ssdm_op_PartSelect.i21.i32.i32.i32, i32 %sub_ln121_1, i32 11, i32 31" [../import_files/import_files/2D_idct.cpp:121]   --->   Operation 826 'partselect' 'workspace_50' <Predicate = true> <Delay = 0.00>
ST_37 : Operation 827 [1/1] (4.37ns) (root node of TernaryAdder)   --->   "%add_ln122_2 = add i32 %tmp12_1, i32 1024" [../import_files/import_files/2D_idct.cpp:122]   --->   Operation 827 'add' 'add_ln122_2' <Predicate = true> <Delay = 4.37> <CoreInst = "TAddSub">   --->   Core 10 'TAddSub' <Latency = 0> <II = 1> <Delay = 2.18> <IPBlock> <Opcode : 'add' 'sub'> <InPorts = 3> <OutPorts = 1> <Sync> <CReg>
ST_37 : Operation 828 [1/1] (2.55ns)   --->   "%sub_ln123_1 = sub i32 %add_ln122_2, i32 %tmp1_9" [../import_files/import_files/2D_idct.cpp:123]   --->   Operation 828 'sub' 'sub_ln123_1' <Predicate = true> <Delay = 2.55> <CoreInst = "Adder">   --->   Core 1 'Adder' <Latency = 0> <II = 1> <Delay = 2.55> <FuncUnit> <Opcode : 'add' 'sub'> <InPorts = 2> <OutPorts = 1>
ST_37 : Operation 829 [1/1] (2.55ns)   --->   "%add_ln122_3 = add i32 %tmp1_9, i32 %add_ln122_2" [../import_files/import_files/2D_idct.cpp:122]   --->   Operation 829 'add' 'add_ln122_3' <Predicate = true> <Delay = 2.55> <CoreInst = "Adder">   --->   Core 1 'Adder' <Latency = 0> <II = 1> <Delay = 2.55> <FuncUnit> <Opcode : 'add' 'sub'> <InPorts = 2> <OutPorts = 1>
ST_37 : Operation 830 [1/1] (0.00ns)   --->   "%workspace_51 = partselect i21 @_ssdm_op_PartSelect.i21.i32.i32.i32, i32 %add_ln122_3, i32 11, i32 31" [../import_files/import_files/2D_idct.cpp:122]   --->   Operation 830 'partselect' 'workspace_51' <Predicate = true> <Delay = 0.00>
ST_37 : Operation 831 [1/1] (0.00ns)   --->   "%workspace_52 = partselect i21 @_ssdm_op_PartSelect.i21.i32.i32.i32, i32 %sub_ln123_1, i32 11, i32 31" [../import_files/import_files/2D_idct.cpp:123]   --->   Operation 831 'partselect' 'workspace_52' <Predicate = true> <Delay = 0.00>
ST_37 : Operation 832 [1/1] (0.00ns)   --->   "%sext_ln53_6 = sext i21 %workspace_53" [../import_files/import_files/2D_idct.cpp:53]   --->   Operation 832 'sext' 'sext_ln53_6' <Predicate = true> <Delay = 0.00>
ST_37 : Operation 833 [1/1] (0.00ns)   --->   "%sext_ln53_7 = sext i21 %workspace_54" [../import_files/import_files/2D_idct.cpp:53]   --->   Operation 833 'sext' 'sext_ln53_7' <Predicate = true> <Delay = 0.00>
ST_37 : Operation 834 [1/1] (0.00ns)   --->   "%sext_ln49_60 = sext i30 %tmp3_10" [../import_files/import_files/2D_idct.cpp:49]   --->   Operation 834 'sext' 'sext_ln49_60' <Predicate = true> <Delay = 0.00>
ST_37 : Operation 835 [1/1] (0.00ns)   --->   "%tmp0_11 = bitconcatenate i30 @_ssdm_op_BitConcatenate.i30.i17.i13, i17 %add_ln76_2, i13 0" [../import_files/import_files/2D_idct.cpp:76]   --->   Operation 835 'bitconcatenate' 'tmp0_11' <Predicate = true> <Delay = 0.00>
ST_37 : Operation 836 [1/1] (0.00ns)   --->   "%sext_ln80_1 = sext i30 %tmp0_11" [../import_files/import_files/2D_idct.cpp:80]   --->   Operation 836 'sext' 'sext_ln80_1' <Predicate = true> <Delay = 0.00>
ST_37 : Operation 837 [1/1] (2.49ns)   --->   "%tmp13_2 = sub i31 %sext_ln80_1, i31 %sext_ln49_60" [../import_files/import_files/2D_idct.cpp:80]   --->   Operation 837 'sub' 'tmp13_2' <Predicate = true> <Delay = 2.49> <CoreInst = "Adder">   --->   Core 1 'Adder' <Latency = 0> <II = 1> <Delay = 2.49> <FuncUnit> <Opcode : 'add' 'sub'> <InPorts = 2> <OutPorts = 1>
ST_37 : Operation 838 [1/1] (0.00ns)   --->   "%sext_ln49_64 = sext i31 %tmp13_2" [../import_files/import_files/2D_idct.cpp:49]   --->   Operation 838 'sext' 'sext_ln49_64' <Predicate = true> <Delay = 0.00>
ST_37 : Operation 839 [1/3] (0.00ns) (grouped into DSP with root node add_ln112_4)   --->   "%tmp1_12 = mul i32 %sext_ln89_1, i32 16819" [../import_files/import_files/2D_idct.cpp:100]   --->   Operation 839 'mul' 'tmp1_12' <Predicate = true> <Delay = 0.00> <CoreInst = "DSP48">   --->   Core 119 'DSP48' <Latency = 3> <II = 1> <Delay = 2.15> <IPBlock> <Opcode : 'mul' 'add' 'sub' 'select'> <InPorts = 0> <OutPorts = 1> <Sync> <CReg>
ST_37 : Operation 840 [1/3] (0.00ns) (grouped into DSP with root node add_ln113_4)   --->   "%tmp2_12 = mul i32 %sext_ln90_1, i32 25172" [../import_files/import_files/2D_idct.cpp:101]   --->   Operation 840 'mul' 'tmp2_12' <Predicate = true> <Delay = 0.00> <CoreInst = "DSP48">   --->   Core 119 'DSP48' <Latency = 3> <II = 1> <Delay = 2.15> <IPBlock> <Opcode : 'mul' 'add' 'sub' 'select'> <InPorts = 0> <OutPorts = 1> <Sync> <CReg>
ST_37 : Operation 841 [1/2] (2.10ns) (root node of the DSP)   --->   "%add_ln114_4 = add i31 %z1_6, i31 %tmp3_12" [../import_files/import_files/2D_idct.cpp:114]   --->   Operation 841 'add' 'add_ln114_4' <Predicate = true> <Delay = 2.10> <CoreInst = "DSP48">   --->   Core 119 'DSP48' <Latency = 3> <II = 1> <Delay = 2.15> <IPBlock> <Opcode : 'mul' 'add' 'sub' 'select'> <InPorts = 0> <OutPorts = 1> <Sync> <CReg>
ST_37 : Operation 842 [1/1] (0.00ns)   --->   "%sext_ln114_1 = sext i31 %add_ln114_4" [../import_files/import_files/2D_idct.cpp:114]   --->   Operation 842 'sext' 'sext_ln114_1' <Predicate = true> <Delay = 0.00>
ST_37 : Operation 843 [1/2] (2.10ns) (root node of the DSP)   --->   "%add_ln111_4 = add i31 %z1_6, i31 %sext_ln49_58" [../import_files/import_files/2D_idct.cpp:111]   --->   Operation 843 'add' 'add_ln111_4' <Predicate = true> <Delay = 2.10> <CoreInst = "DSP48">   --->   Core 119 'DSP48' <Latency = 3> <II = 1> <Delay = 2.15> <IPBlock> <Opcode : 'mul' 'add' 'sub' 'select'> <InPorts = 0> <OutPorts = 1> <Sync> <CReg>
ST_37 : Operation 844 [1/1] (0.00ns)   --->   "%sext_ln111_1 = sext i31 %add_ln111_4" [../import_files/import_files/2D_idct.cpp:111]   --->   Operation 844 'sext' 'sext_ln111_1' <Predicate = true> <Delay = 0.00>
ST_37 : Operation 845 [1/2] (2.10ns) (root node of the DSP)   --->   "%z3_19 = add i32 %z5_1, i32 %z3_16" [../import_files/import_files/2D_idct.cpp:108]   --->   Operation 845 'add' 'z3_19' <Predicate = true> <Delay = 2.10> <CoreInst = "DSP48">   --->   Core 119 'DSP48' <Latency = 3> <II = 1> <Delay = 2.15> <IPBlock> <Opcode : 'mul' 'add' 'sub' 'select'> <InPorts = 0> <OutPorts = 1> <Sync> <CReg>
ST_37 : Operation 846 [2/2] (2.10ns) (root node of the DSP)   --->   "%add_ln113_4 = add i32 %tmp2_12, i32 %z3_19" [../import_files/import_files/2D_idct.cpp:113]   --->   Operation 846 'add' 'add_ln113_4' <Predicate = true> <Delay = 2.10> <CoreInst = "DSP48">   --->   Core 119 'DSP48' <Latency = 3> <II = 1> <Delay = 2.15> <IPBlock> <Opcode : 'mul' 'add' 'sub' 'select'> <InPorts = 0> <OutPorts = 1> <Sync> <CReg>
ST_37 : Operation 847 [1/1] (2.55ns)   --->   "%tmp0_14 = add i32 %z3_19, i32 %sext_ln111_1" [../import_files/import_files/2D_idct.cpp:111]   --->   Operation 847 'add' 'tmp0_14' <Predicate = true> <Delay = 2.55> <CoreInst = "Adder">   --->   Core 1 'Adder' <Latency = 0> <II = 1> <Delay = 2.55> <FuncUnit> <Opcode : 'add' 'sub'> <InPorts = 2> <OutPorts = 1>
ST_37 : Operation 848 [1/2] (2.10ns) (root node of the DSP)   --->   "%z4_8 = add i32 %z5_1, i32 %sext_ln51_83" [../import_files/import_files/2D_idct.cpp:109]   --->   Operation 848 'add' 'z4_8' <Predicate = true> <Delay = 2.10> <CoreInst = "DSP48">   --->   Core 119 'DSP48' <Latency = 3> <II = 1> <Delay = 2.15> <IPBlock> <Opcode : 'mul' 'add' 'sub' 'select'> <InPorts = 0> <OutPorts = 1> <Sync> <CReg>
ST_37 : Operation 849 [1/1] (2.55ns)   --->   "%tmp3_13 = add i32 %z4_8, i32 %sext_ln114_1" [../import_files/import_files/2D_idct.cpp:114]   --->   Operation 849 'add' 'tmp3_13' <Predicate = true> <Delay = 2.55> <CoreInst = "Adder">   --->   Core 1 'Adder' <Latency = 0> <II = 1> <Delay = 2.55> <FuncUnit> <Opcode : 'add' 'sub'> <InPorts = 2> <OutPorts = 1>
ST_37 : Operation 850 [2/2] (2.10ns) (root node of the DSP)   --->   "%add_ln112_4 = add i32 %tmp1_12, i32 %z4_8" [../import_files/import_files/2D_idct.cpp:112]   --->   Operation 850 'add' 'add_ln112_4' <Predicate = true> <Delay = 2.10> <CoreInst = "DSP48">   --->   Core 119 'DSP48' <Latency = 3> <II = 1> <Delay = 2.15> <IPBlock> <Opcode : 'mul' 'add' 'sub' 'select'> <InPorts = 0> <OutPorts = 1> <Sync> <CReg>
ST_37 : Operation 851 [1/1] (2.49ns)   --->   "%add_ln79_1 = add i30 %tmp3_10, i30 1024" [../import_files/import_files/2D_idct.cpp:79]   --->   Operation 851 'add' 'add_ln79_1' <Predicate = true> <Delay = 2.49> <CoreInst = "Adder">   --->   Core 1 'Adder' <Latency = 0> <II = 1> <Delay = 2.49> <FuncUnit> <Opcode : 'add' 'sub'> <InPorts = 2> <OutPorts = 1>
ST_37 : Operation 852 [1/1] (0.00ns)   --->   "%sext_ln118_2 = sext i30 %add_ln79_1" [../import_files/import_files/2D_idct.cpp:118]   --->   Operation 852 'sext' 'sext_ln118_2' <Predicate = true> <Delay = 0.00>
ST_37 : Operation 853 [1/1] (2.49ns)   --->   "%add_ln118_4 = add i31 %sext_ln80_1, i31 %sext_ln118_2" [../import_files/import_files/2D_idct.cpp:118]   --->   Operation 853 'add' 'add_ln118_4' <Predicate = true> <Delay = 2.49> <CoreInst = "Adder">   --->   Core 1 'Adder' <Latency = 0> <II = 1> <Delay = 2.49> <FuncUnit> <Opcode : 'add' 'sub'> <InPorts = 2> <OutPorts = 1>
ST_37 : Operation 854 [1/1] (0.00ns)   --->   "%sext_ln119_7 = sext i31 %add_ln118_4" [../import_files/import_files/2D_idct.cpp:119]   --->   Operation 854 'sext' 'sext_ln119_7' <Predicate = true> <Delay = 0.00>
ST_37 : Operation 855 [1/1] (2.55ns)   --->   "%sub_ln119_2 = sub i32 %sext_ln119_7, i32 %tmp3_13" [../import_files/import_files/2D_idct.cpp:119]   --->   Operation 855 'sub' 'sub_ln119_2' <Predicate = true> <Delay = 2.55> <CoreInst = "Adder">   --->   Core 1 'Adder' <Latency = 0> <II = 1> <Delay = 2.55> <FuncUnit> <Opcode : 'add' 'sub'> <InPorts = 2> <OutPorts = 1>
ST_37 : Operation 856 [1/1] (2.55ns)   --->   "%add_ln118_5 = add i32 %tmp3_13, i32 %sext_ln119_7" [../import_files/import_files/2D_idct.cpp:118]   --->   Operation 856 'add' 'add_ln118_5' <Predicate = true> <Delay = 2.55> <CoreInst = "Adder">   --->   Core 1 'Adder' <Latency = 0> <II = 1> <Delay = 2.55> <FuncUnit> <Opcode : 'add' 'sub'> <InPorts = 2> <OutPorts = 1>
ST_37 : Operation 857 [1/1] (0.00ns)   --->   "%workspace_55 = partselect i21 @_ssdm_op_PartSelect.i21.i32.i32.i32, i32 %add_ln118_5, i32 11, i32 31" [../import_files/import_files/2D_idct.cpp:118]   --->   Operation 857 'partselect' 'workspace_55' <Predicate = true> <Delay = 0.00>
ST_37 : Operation 858 [1/1] (0.00ns)   --->   "%workspace_56 = partselect i21 @_ssdm_op_PartSelect.i21.i32.i32.i32, i32 %sub_ln119_2, i32 11, i32 31" [../import_files/import_files/2D_idct.cpp:119]   --->   Operation 858 'partselect' 'workspace_56' <Predicate = true> <Delay = 0.00>
ST_37 : Operation 859 [1/1] (2.52ns)   --->   "%add_ln124_4 = add i32 %sext_ln49_64, i32 1024" [../import_files/import_files/2D_idct.cpp:124]   --->   Operation 859 'add' 'add_ln124_4' <Predicate = true> <Delay = 2.52> <CoreInst = "Adder">   --->   Core 1 'Adder' <Latency = 0> <II = 1> <Delay = 2.52> <FuncUnit> <Opcode : 'add' 'sub'> <InPorts = 2> <OutPorts = 1>
ST_37 : Operation 860 [1/1] (2.55ns)   --->   "%sub_ln125_2 = sub i32 %add_ln124_4, i32 %tmp0_14" [../import_files/import_files/2D_idct.cpp:125]   --->   Operation 860 'sub' 'sub_ln125_2' <Predicate = true> <Delay = 2.55> <CoreInst = "Adder">   --->   Core 1 'Adder' <Latency = 0> <II = 1> <Delay = 2.55> <FuncUnit> <Opcode : 'add' 'sub'> <InPorts = 2> <OutPorts = 1>
ST_37 : Operation 861 [1/1] (2.55ns)   --->   "%add_ln124_5 = add i32 %tmp0_14, i32 %add_ln124_4" [../import_files/import_files/2D_idct.cpp:124]   --->   Operation 861 'add' 'add_ln124_5' <Predicate = true> <Delay = 2.55> <CoreInst = "Adder">   --->   Core 1 'Adder' <Latency = 0> <II = 1> <Delay = 2.55> <FuncUnit> <Opcode : 'add' 'sub'> <InPorts = 2> <OutPorts = 1>
ST_37 : Operation 862 [1/1] (0.00ns)   --->   "%workspace_61 = partselect i21 @_ssdm_op_PartSelect.i21.i32.i32.i32, i32 %add_ln124_5, i32 11, i32 31" [../import_files/import_files/2D_idct.cpp:124]   --->   Operation 862 'partselect' 'workspace_61' <Predicate = true> <Delay = 0.00>
ST_37 : Operation 863 [1/1] (0.00ns)   --->   "%workspace_62 = partselect i21 @_ssdm_op_PartSelect.i21.i32.i32.i32, i32 %sub_ln125_2, i32 11, i32 31" [../import_files/import_files/2D_idct.cpp:125]   --->   Operation 863 'partselect' 'workspace_62' <Predicate = true> <Delay = 0.00>
ST_37 : Operation 864 [1/1] (0.00ns)   --->   "%sext_ln49_59 = sext i31 %tmp2_14" [../import_files/import_files/2D_idct.cpp:49]   --->   Operation 864 'sext' 'sext_ln49_59' <Predicate = true> <Delay = 0.00>
ST_37 : Operation 865 [1/1] (0.00ns)   --->   "%tmp1_14 = bitconcatenate i30 @_ssdm_op_BitConcatenate.i30.i17.i13, i17 %sub_ln77_3, i13 0" [../import_files/import_files/2D_idct.cpp:77]   --->   Operation 865 'bitconcatenate' 'tmp1_14' <Predicate = true> <Delay = 0.00>
ST_37 : Operation 866 [1/1] (0.00ns)   --->   "%sext_ln77_10 = sext i30 %tmp1_14" [../import_files/import_files/2D_idct.cpp:77]   --->   Operation 866 'sext' 'sext_ln77_10' <Predicate = true> <Delay = 0.00>
ST_37 : Operation 867 [1/1] (0.00ns) (grouped into TernaryAdder)   --->   "%tmp12_3 = sub i32 %sext_ln77_10, i32 %sext_ln49_59" [../import_files/import_files/2D_idct.cpp:82]   --->   Operation 867 'sub' 'tmp12_3' <Predicate = true> <Delay = 0.00> <CoreInst = "TAddSub">   --->   Core 10 'TAddSub' <Latency = 0> <II = 1> <Delay = 2.18> <IPBlock> <Opcode : 'add' 'sub'> <InPorts = 3> <OutPorts = 1> <Sync> <CReg>
ST_37 : Operation 868 [1/2] (2.10ns) (root node of the DSP)   --->   "%add_ln113_6 = add i32 %tmp2_15, i32 %z3_27" [../import_files/import_files/2D_idct.cpp:113]   --->   Operation 868 'add' 'add_ln113_6' <Predicate = true> <Delay = 2.10> <CoreInst = "DSP48">   --->   Core 119 'DSP48' <Latency = 3> <II = 1> <Delay = 2.15> <IPBlock> <Opcode : 'mul' 'add' 'sub' 'select'> <InPorts = 0> <OutPorts = 1> <Sync> <CReg>
ST_37 : Operation 869 [1/1] (2.55ns)   --->   "%tmp2_16 = add i32 %add_ln113_6, i32 %z2_13" [../import_files/import_files/2D_idct.cpp:113]   --->   Operation 869 'add' 'tmp2_16' <Predicate = true> <Delay = 2.55> <CoreInst = "Adder">   --->   Core 1 'Adder' <Latency = 0> <II = 1> <Delay = 2.55> <FuncUnit> <Opcode : 'add' 'sub'> <InPorts = 2> <OutPorts = 1>
ST_37 : Operation 870 [1/2] (2.10ns) (root node of the DSP)   --->   "%add_ln112_6 = add i32 %tmp1_15, i32 %z4_11" [../import_files/import_files/2D_idct.cpp:112]   --->   Operation 870 'add' 'add_ln112_6' <Predicate = true> <Delay = 2.10> <CoreInst = "DSP48">   --->   Core 119 'DSP48' <Latency = 3> <II = 1> <Delay = 2.15> <IPBlock> <Opcode : 'mul' 'add' 'sub' 'select'> <InPorts = 0> <OutPorts = 1> <Sync> <CReg>
ST_37 : Operation 871 [1/1] (2.55ns)   --->   "%tmp1_16 = add i32 %add_ln112_6, i32 %z2_13" [../import_files/import_files/2D_idct.cpp:112]   --->   Operation 871 'add' 'tmp1_16' <Predicate = true> <Delay = 2.55> <CoreInst = "Adder">   --->   Core 1 'Adder' <Latency = 0> <II = 1> <Delay = 2.55> <FuncUnit> <Opcode : 'add' 'sub'> <InPorts = 2> <OutPorts = 1>
ST_37 : Operation 872 [1/1] (0.00ns)   --->   "%sext_ln53_16 = sext i21 %workspace_63" [../import_files/import_files/2D_idct.cpp:53]   --->   Operation 872 'sext' 'sext_ln53_16' <Predicate = true> <Delay = 0.00>
ST_37 : Operation 873 [1/1] (0.00ns)   --->   "%sext_ln53_17 = sext i21 %workspace_64" [../import_files/import_files/2D_idct.cpp:53]   --->   Operation 873 'sext' 'sext_ln53_17' <Predicate = true> <Delay = 0.00>
ST_37 : Operation 874 [1/1] (2.52ns)   --->   "%add_ln81_2 = add i31 %tmp2_14, i31 1024" [../import_files/import_files/2D_idct.cpp:81]   --->   Operation 874 'add' 'add_ln81_2' <Predicate = true> <Delay = 2.52> <CoreInst = "Adder">   --->   Core 1 'Adder' <Latency = 0> <II = 1> <Delay = 2.52> <FuncUnit> <Opcode : 'add' 'sub'> <InPorts = 2> <OutPorts = 1>
ST_37 : Operation 875 [1/1] (0.00ns)   --->   "%sext_ln120_4 = sext i31 %add_ln81_2" [../import_files/import_files/2D_idct.cpp:120]   --->   Operation 875 'sext' 'sext_ln120_4' <Predicate = true> <Delay = 0.00>
ST_37 : Operation 876 [1/1] (2.52ns)   --->   "%add_ln120_6 = add i32 %sext_ln77_10, i32 %sext_ln120_4" [../import_files/import_files/2D_idct.cpp:120]   --->   Operation 876 'add' 'add_ln120_6' <Predicate = true> <Delay = 2.52> <CoreInst = "Adder">   --->   Core 1 'Adder' <Latency = 0> <II = 1> <Delay = 2.52> <FuncUnit> <Opcode : 'add' 'sub'> <InPorts = 2> <OutPorts = 1>
ST_37 : Operation 877 [1/1] (2.55ns)   --->   "%sub_ln121_3 = sub i32 %add_ln120_6, i32 %tmp2_16" [../import_files/import_files/2D_idct.cpp:121]   --->   Operation 877 'sub' 'sub_ln121_3' <Predicate = true> <Delay = 2.55> <CoreInst = "Adder">   --->   Core 1 'Adder' <Latency = 0> <II = 1> <Delay = 2.55> <FuncUnit> <Opcode : 'add' 'sub'> <InPorts = 2> <OutPorts = 1>
ST_37 : Operation 878 [1/1] (2.55ns)   --->   "%add_ln120_7 = add i32 %tmp2_16, i32 %add_ln120_6" [../import_files/import_files/2D_idct.cpp:120]   --->   Operation 878 'add' 'add_ln120_7' <Predicate = true> <Delay = 2.55> <CoreInst = "Adder">   --->   Core 1 'Adder' <Latency = 0> <II = 1> <Delay = 2.55> <FuncUnit> <Opcode : 'add' 'sub'> <InPorts = 2> <OutPorts = 1>
ST_37 : Operation 879 [1/1] (0.00ns)   --->   "%workspace_65 = partselect i21 @_ssdm_op_PartSelect.i21.i32.i32.i32, i32 %add_ln120_7, i32 11, i32 31" [../import_files/import_files/2D_idct.cpp:120]   --->   Operation 879 'partselect' 'workspace_65' <Predicate = true> <Delay = 0.00>
ST_37 : Operation 880 [1/1] (0.00ns)   --->   "%workspace_66 = partselect i21 @_ssdm_op_PartSelect.i21.i32.i32.i32, i32 %sub_ln121_3, i32 11, i32 31" [../import_files/import_files/2D_idct.cpp:121]   --->   Operation 880 'partselect' 'workspace_66' <Predicate = true> <Delay = 0.00>
ST_37 : Operation 881 [1/1] (4.37ns) (root node of TernaryAdder)   --->   "%add_ln122_6 = add i32 %tmp12_3, i32 1024" [../import_files/import_files/2D_idct.cpp:122]   --->   Operation 881 'add' 'add_ln122_6' <Predicate = true> <Delay = 4.37> <CoreInst = "TAddSub">   --->   Core 10 'TAddSub' <Latency = 0> <II = 1> <Delay = 2.18> <IPBlock> <Opcode : 'add' 'sub'> <InPorts = 3> <OutPorts = 1> <Sync> <CReg>
ST_37 : Operation 882 [1/1] (2.55ns)   --->   "%sub_ln123_3 = sub i32 %add_ln122_6, i32 %tmp1_16" [../import_files/import_files/2D_idct.cpp:123]   --->   Operation 882 'sub' 'sub_ln123_3' <Predicate = true> <Delay = 2.55> <CoreInst = "Adder">   --->   Core 1 'Adder' <Latency = 0> <II = 1> <Delay = 2.55> <FuncUnit> <Opcode : 'add' 'sub'> <InPorts = 2> <OutPorts = 1>
ST_37 : Operation 883 [1/1] (2.55ns)   --->   "%add_ln122_7 = add i32 %tmp1_16, i32 %add_ln122_6" [../import_files/import_files/2D_idct.cpp:122]   --->   Operation 883 'add' 'add_ln122_7' <Predicate = true> <Delay = 2.55> <CoreInst = "Adder">   --->   Core 1 'Adder' <Latency = 0> <II = 1> <Delay = 2.55> <FuncUnit> <Opcode : 'add' 'sub'> <InPorts = 2> <OutPorts = 1>
ST_37 : Operation 884 [1/1] (0.00ns)   --->   "%workspace_67 = partselect i21 @_ssdm_op_PartSelect.i21.i32.i32.i32, i32 %add_ln122_7, i32 11, i32 31" [../import_files/import_files/2D_idct.cpp:122]   --->   Operation 884 'partselect' 'workspace_67' <Predicate = true> <Delay = 0.00>
ST_37 : Operation 885 [1/1] (0.00ns)   --->   "%workspace_68 = partselect i21 @_ssdm_op_PartSelect.i21.i32.i32.i32, i32 %sub_ln123_3, i32 11, i32 31" [../import_files/import_files/2D_idct.cpp:123]   --->   Operation 885 'partselect' 'workspace_68' <Predicate = true> <Delay = 0.00>
ST_37 : Operation 886 [1/1] (0.00ns)   --->   "%sext_ln53_22 = sext i21 %workspace_69" [../import_files/import_files/2D_idct.cpp:53]   --->   Operation 886 'sext' 'sext_ln53_22' <Predicate = true> <Delay = 0.00>
ST_37 : Operation 887 [1/1] (0.00ns)   --->   "%sext_ln53_23 = sext i21 %workspace_70" [../import_files/import_files/2D_idct.cpp:53]   --->   Operation 887 'sext' 'sext_ln53_23' <Predicate = true> <Delay = 0.00>
ST_37 : Operation 888 [3/4] (1.05ns) (root node of the DSP)   --->   "%mul_ln51_5 = mul i30 %sext_ln51_49, i30 4433" [../import_files/import_files/2D_idct.cpp:51]   --->   Operation 888 'mul' 'mul_ln51_5' <Predicate = true> <Delay = 1.05> <CoreInst = "DSP48">   --->   Core 119 'DSP48' <Latency = 3> <II = 1> <Delay = 2.15> <IPBlock> <Opcode : 'mul' 'add' 'sub' 'select'> <InPorts = 0> <OutPorts = 1> <Sync> <CReg>
ST_37 : Operation 889 [3/3] (1.05ns) (grouped into DSP with root node tmp2_17)   --->   "%mul_ln70_4 = mul i30 %sext_ln70_1, i30 1073726687" [../import_files/import_files/2D_idct.cpp:70]   --->   Operation 889 'mul' 'mul_ln70_4' <Predicate = true> <Delay = 1.05> <CoreInst = "DSP48">   --->   Core 119 'DSP48' <Latency = 3> <II = 1> <Delay = 2.15> <IPBlock> <Opcode : 'mul' 'add' 'sub' 'select'> <InPorts = 0> <OutPorts = 1> <Sync> <CReg>
ST_37 : Operation 890 [3/3] (1.05ns) (grouped into DSP with root node tmp3_17)   --->   "%mul_ln71_4 = mul i30 %sext_ln51_8, i30 6270" [../import_files/import_files/2D_idct.cpp:71]   --->   Operation 890 'mul' 'mul_ln71_4' <Predicate = true> <Delay = 1.05> <CoreInst = "DSP48">   --->   Core 119 'DSP48' <Latency = 3> <II = 1> <Delay = 2.15> <IPBlock> <Opcode : 'mul' 'add' 'sub' 'select'> <InPorts = 0> <OutPorts = 1> <Sync> <CReg>
ST_37 : Operation 891 [3/4] (1.05ns) (root node of the DSP)   --->   "%mul_ln51_6 = mul i30 %sext_ln51_71, i30 9633" [../import_files/import_files/2D_idct.cpp:51]   --->   Operation 891 'mul' 'mul_ln51_6' <Predicate = true> <Delay = 1.05> <CoreInst = "DSP48">   --->   Core 119 'DSP48' <Latency = 3> <II = 1> <Delay = 2.15> <IPBlock> <Opcode : 'mul' 'add' 'sub' 'select'> <InPorts = 0> <OutPorts = 1> <Sync> <CReg>
ST_37 : Operation 892 [3/4] (1.05ns) (root node of the DSP)   --->   "%mul_ln51_7 = mul i30 %sext_ln51_72, i30 1073734451" [../import_files/import_files/2D_idct.cpp:51]   --->   Operation 892 'mul' 'mul_ln51_7' <Predicate = true> <Delay = 1.05> <CoreInst = "DSP48">   --->   Core 119 'DSP48' <Latency = 3> <II = 1> <Delay = 2.15> <IPBlock> <Opcode : 'mul' 'add' 'sub' 'select'> <InPorts = 0> <OutPorts = 1> <Sync> <CReg>
ST_37 : Operation 893 [3/4] (1.05ns) (root node of the DSP)   --->   "%mul_ln51_8 = mul i30 %sext_ln51_30, i30 1073720829" [../import_files/import_files/2D_idct.cpp:51]   --->   Operation 893 'mul' 'mul_ln51_8' <Predicate = true> <Delay = 1.05> <CoreInst = "DSP48">   --->   Core 119 'DSP48' <Latency = 3> <II = 1> <Delay = 2.15> <IPBlock> <Opcode : 'mul' 'add' 'sub' 'select'> <InPorts = 0> <OutPorts = 1> <Sync> <CReg>
ST_37 : Operation 894 [3/3] (1.05ns) (grouped into DSP with root node z3_38)   --->   "%mul_ln51_9 = mul i30 %sext_ln51_69, i30 1073725755" [../import_files/import_files/2D_idct.cpp:51]   --->   Operation 894 'mul' 'mul_ln51_9' <Predicate = true> <Delay = 1.05> <CoreInst = "DSP48">   --->   Core 119 'DSP48' <Latency = 3> <II = 1> <Delay = 2.15> <IPBlock> <Opcode : 'mul' 'add' 'sub' 'select'> <InPorts = 0> <OutPorts = 1> <Sync> <CReg>
ST_37 : Operation 895 [3/3] (1.05ns) (grouped into DSP with root node z4_14)   --->   "%z4_13 = mul i30 %sext_ln51_28, i30 1073738628" [../import_files/import_files/2D_idct.cpp:106]   --->   Operation 895 'mul' 'z4_13' <Predicate = true> <Delay = 1.05> <CoreInst = "DSP48">   --->   Core 119 'DSP48' <Latency = 3> <II = 1> <Delay = 2.15> <IPBlock> <Opcode : 'mul' 'add' 'sub' 'select'> <InPorts = 0> <OutPorts = 1> <Sync> <CReg>
ST_37 : Operation 896 [1/1] (0.00ns)   --->   "%sext_ln49_63 = sext i31 %tmp2_20" [../import_files/import_files/2D_idct.cpp:49]   --->   Operation 896 'sext' 'sext_ln49_63' <Predicate = true> <Delay = 0.00>
ST_37 : Operation 897 [1/1] (0.00ns)   --->   "%tmp1_20 = bitconcatenate i30 @_ssdm_op_BitConcatenate.i30.i17.i13, i17 %sub_ln77_5, i13 0" [../import_files/import_files/2D_idct.cpp:77]   --->   Operation 897 'bitconcatenate' 'tmp1_20' <Predicate = true> <Delay = 0.00>
ST_37 : Operation 898 [1/1] (0.00ns)   --->   "%sext_ln77_11 = sext i30 %tmp1_20" [../import_files/import_files/2D_idct.cpp:77]   --->   Operation 898 'sext' 'sext_ln77_11' <Predicate = true> <Delay = 0.00>
ST_37 : Operation 899 [1/1] (0.00ns) (grouped into TernaryAdder)   --->   "%tmp12_5 = sub i32 %sext_ln77_11, i32 %sext_ln49_63" [../import_files/import_files/2D_idct.cpp:82]   --->   Operation 899 'sub' 'tmp12_5' <Predicate = true> <Delay = 0.00> <CoreInst = "TAddSub">   --->   Core 10 'TAddSub' <Latency = 0> <II = 1> <Delay = 2.18> <IPBlock> <Opcode : 'add' 'sub'> <InPorts = 3> <OutPorts = 1> <Sync> <CReg>
ST_37 : Operation 900 [1/2] (2.10ns) (root node of the DSP)   --->   "%add_ln113_10 = add i32 %tmp2_21, i32 %z3_50" [../import_files/import_files/2D_idct.cpp:113]   --->   Operation 900 'add' 'add_ln113_10' <Predicate = true> <Delay = 2.10> <CoreInst = "DSP48">   --->   Core 119 'DSP48' <Latency = 3> <II = 1> <Delay = 2.15> <IPBlock> <Opcode : 'mul' 'add' 'sub' 'select'> <InPorts = 0> <OutPorts = 1> <Sync> <CReg>
ST_37 : Operation 901 [1/1] (2.55ns)   --->   "%tmp2_22 = add i32 %add_ln113_10, i32 %z2_17" [../import_files/import_files/2D_idct.cpp:113]   --->   Operation 901 'add' 'tmp2_22' <Predicate = true> <Delay = 2.55> <CoreInst = "Adder">   --->   Core 1 'Adder' <Latency = 0> <II = 1> <Delay = 2.55> <FuncUnit> <Opcode : 'add' 'sub'> <InPorts = 2> <OutPorts = 1>
ST_37 : Operation 902 [1/2] (2.10ns) (root node of the DSP)   --->   "%add_ln112_10 = add i32 %tmp1_21, i32 %z4_17" [../import_files/import_files/2D_idct.cpp:112]   --->   Operation 902 'add' 'add_ln112_10' <Predicate = true> <Delay = 2.10> <CoreInst = "DSP48">   --->   Core 119 'DSP48' <Latency = 3> <II = 1> <Delay = 2.15> <IPBlock> <Opcode : 'mul' 'add' 'sub' 'select'> <InPorts = 0> <OutPorts = 1> <Sync> <CReg>
ST_37 : Operation 903 [1/1] (2.55ns)   --->   "%tmp1_22 = add i32 %add_ln112_10, i32 %z2_17" [../import_files/import_files/2D_idct.cpp:112]   --->   Operation 903 'add' 'tmp1_22' <Predicate = true> <Delay = 2.55> <CoreInst = "Adder">   --->   Core 1 'Adder' <Latency = 0> <II = 1> <Delay = 2.55> <FuncUnit> <Opcode : 'add' 'sub'> <InPorts = 2> <OutPorts = 1>
ST_37 : Operation 904 [1/1] (0.00ns)   --->   "%sext_ln53_24 = sext i21 %workspace_71" [../import_files/import_files/2D_idct.cpp:53]   --->   Operation 904 'sext' 'sext_ln53_24' <Predicate = true> <Delay = 0.00>
ST_37 : Operation 905 [1/1] (2.22ns)   --->   "%z4_24 = add i22 %sext_ln53_24, i22 %sext_ln53" [../import_files/import_files/2D_idct.cpp:167]   --->   Operation 905 'add' 'z4_24' <Predicate = true> <Delay = 2.22> <CoreInst = "Adder">   --->   Core 1 'Adder' <Latency = 0> <II = 1> <Delay = 2.22> <FuncUnit> <Opcode : 'add' 'sub'> <InPorts = 2> <OutPorts = 1>
ST_37 : Operation 906 [1/1] (0.00ns)   --->   "%sext_ln51_87 = sext i22 %z4_24" [../import_files/import_files/2D_idct.cpp:51]   --->   Operation 906 'sext' 'sext_ln51_87' <Predicate = true> <Delay = 0.00>
ST_37 : Operation 907 [1/1] (2.25ns) (grouped into DSP with root node z2_29)   --->   "%z2_28 = add i22 %sext_ln53_24, i22 %sext_ln53_16" [../import_files/import_files/2D_idct.cpp:165]   --->   Operation 907 'add' 'z2_28' <Predicate = true> <Delay = 2.25> <CoreInst = "DSP48">   --->   Core 119 'DSP48' <Latency = 3> <II = 1> <Delay = 2.15> <IPBlock> <Opcode : 'mul' 'add' 'sub' 'select'> <InPorts = 0> <OutPorts = 1> <Sync> <CReg>
ST_37 : Operation 908 [1/1] (0.00ns) (grouped into DSP with root node z2_29)   --->   "%sext_ln51_88 = sext i22 %z2_28" [../import_files/import_files/2D_idct.cpp:51]   --->   Operation 908 'sext' 'sext_ln51_88' <Predicate = true> <Delay = 0.00>
ST_37 : Operation 909 [1/1] (0.00ns)   --->   "%sext_ln53_25 = sext i21 %workspace_72" [../import_files/import_files/2D_idct.cpp:53]   --->   Operation 909 'sext' 'sext_ln53_25' <Predicate = true> <Delay = 0.00>
ST_37 : Operation 910 [1/1] (2.22ns)   --->   "%z4_45 = add i22 %sext_ln53_25, i22 %sext_ln53_1" [../import_files/import_files/2D_idct.cpp:167]   --->   Operation 910 'add' 'z4_45' <Predicate = true> <Delay = 2.22> <CoreInst = "Adder">   --->   Core 1 'Adder' <Latency = 0> <II = 1> <Delay = 2.22> <FuncUnit> <Opcode : 'add' 'sub'> <InPorts = 2> <OutPorts = 1>
ST_37 : Operation 911 [1/1] (0.00ns)   --->   "%sext_ln51_90 = sext i22 %z4_45" [../import_files/import_files/2D_idct.cpp:51]   --->   Operation 911 'sext' 'sext_ln51_90' <Predicate = true> <Delay = 0.00>
ST_37 : Operation 912 [1/1] (2.25ns) (grouped into DSP with root node z2_56)   --->   "%z2_55 = add i22 %sext_ln53_25, i22 %sext_ln53_17" [../import_files/import_files/2D_idct.cpp:165]   --->   Operation 912 'add' 'z2_55' <Predicate = true> <Delay = 2.25> <CoreInst = "DSP48">   --->   Core 119 'DSP48' <Latency = 3> <II = 1> <Delay = 2.15> <IPBlock> <Opcode : 'mul' 'add' 'sub' 'select'> <InPorts = 0> <OutPorts = 1> <Sync> <CReg>
ST_37 : Operation 913 [1/1] (0.00ns) (grouped into DSP with root node z2_56)   --->   "%sext_ln51_91 = sext i22 %z2_55" [../import_files/import_files/2D_idct.cpp:51]   --->   Operation 913 'sext' 'sext_ln51_91' <Predicate = true> <Delay = 0.00>
ST_37 : Operation 914 [1/1] (2.52ns)   --->   "%add_ln81_3 = add i31 %tmp2_20, i31 1024" [../import_files/import_files/2D_idct.cpp:81]   --->   Operation 914 'add' 'add_ln81_3' <Predicate = true> <Delay = 2.52> <CoreInst = "Adder">   --->   Core 1 'Adder' <Latency = 0> <II = 1> <Delay = 2.52> <FuncUnit> <Opcode : 'add' 'sub'> <InPorts = 2> <OutPorts = 1>
ST_37 : Operation 915 [1/1] (0.00ns)   --->   "%sext_ln120_6 = sext i31 %add_ln81_3" [../import_files/import_files/2D_idct.cpp:120]   --->   Operation 915 'sext' 'sext_ln120_6' <Predicate = true> <Delay = 0.00>
ST_37 : Operation 916 [1/1] (2.52ns)   --->   "%add_ln120_10 = add i32 %sext_ln77_11, i32 %sext_ln120_6" [../import_files/import_files/2D_idct.cpp:120]   --->   Operation 916 'add' 'add_ln120_10' <Predicate = true> <Delay = 2.52> <CoreInst = "Adder">   --->   Core 1 'Adder' <Latency = 0> <II = 1> <Delay = 2.52> <FuncUnit> <Opcode : 'add' 'sub'> <InPorts = 2> <OutPorts = 1>
ST_37 : Operation 917 [1/1] (2.55ns)   --->   "%sub_ln121_5 = sub i32 %add_ln120_10, i32 %tmp2_22" [../import_files/import_files/2D_idct.cpp:121]   --->   Operation 917 'sub' 'sub_ln121_5' <Predicate = true> <Delay = 2.55> <CoreInst = "Adder">   --->   Core 1 'Adder' <Latency = 0> <II = 1> <Delay = 2.55> <FuncUnit> <Opcode : 'add' 'sub'> <InPorts = 2> <OutPorts = 1>
ST_37 : Operation 918 [1/1] (2.55ns)   --->   "%add_ln120_11 = add i32 %tmp2_22, i32 %add_ln120_10" [../import_files/import_files/2D_idct.cpp:120]   --->   Operation 918 'add' 'add_ln120_11' <Predicate = true> <Delay = 2.55> <CoreInst = "Adder">   --->   Core 1 'Adder' <Latency = 0> <II = 1> <Delay = 2.55> <FuncUnit> <Opcode : 'add' 'sub'> <InPorts = 2> <OutPorts = 1>
ST_37 : Operation 919 [1/1] (0.00ns)   --->   "%workspace_73 = partselect i21 @_ssdm_op_PartSelect.i21.i32.i32.i32, i32 %add_ln120_11, i32 11, i32 31" [../import_files/import_files/2D_idct.cpp:120]   --->   Operation 919 'partselect' 'workspace_73' <Predicate = true> <Delay = 0.00>
ST_37 : Operation 920 [1/1] (0.00ns)   --->   "%workspace_74 = partselect i21 @_ssdm_op_PartSelect.i21.i32.i32.i32, i32 %sub_ln121_5, i32 11, i32 31" [../import_files/import_files/2D_idct.cpp:121]   --->   Operation 920 'partselect' 'workspace_74' <Predicate = true> <Delay = 0.00>
ST_37 : Operation 921 [1/1] (4.37ns) (root node of TernaryAdder)   --->   "%add_ln122_10 = add i32 %tmp12_5, i32 1024" [../import_files/import_files/2D_idct.cpp:122]   --->   Operation 921 'add' 'add_ln122_10' <Predicate = true> <Delay = 4.37> <CoreInst = "TAddSub">   --->   Core 10 'TAddSub' <Latency = 0> <II = 1> <Delay = 2.18> <IPBlock> <Opcode : 'add' 'sub'> <InPorts = 3> <OutPorts = 1> <Sync> <CReg>
ST_37 : Operation 922 [1/1] (2.55ns)   --->   "%sub_ln123_5 = sub i32 %add_ln122_10, i32 %tmp1_22" [../import_files/import_files/2D_idct.cpp:123]   --->   Operation 922 'sub' 'sub_ln123_5' <Predicate = true> <Delay = 2.55> <CoreInst = "Adder">   --->   Core 1 'Adder' <Latency = 0> <II = 1> <Delay = 2.55> <FuncUnit> <Opcode : 'add' 'sub'> <InPorts = 2> <OutPorts = 1>
ST_37 : Operation 923 [1/1] (2.55ns)   --->   "%add_ln122_11 = add i32 %tmp1_22, i32 %add_ln122_10" [../import_files/import_files/2D_idct.cpp:122]   --->   Operation 923 'add' 'add_ln122_11' <Predicate = true> <Delay = 2.55> <CoreInst = "Adder">   --->   Core 1 'Adder' <Latency = 0> <II = 1> <Delay = 2.55> <FuncUnit> <Opcode : 'add' 'sub'> <InPorts = 2> <OutPorts = 1>
ST_37 : Operation 924 [1/1] (0.00ns)   --->   "%workspace_75 = partselect i21 @_ssdm_op_PartSelect.i21.i32.i32.i32, i32 %add_ln122_11, i32 11, i32 31" [../import_files/import_files/2D_idct.cpp:122]   --->   Operation 924 'partselect' 'workspace_75' <Predicate = true> <Delay = 0.00>
ST_37 : Operation 925 [1/1] (0.00ns)   --->   "%workspace_76 = partselect i21 @_ssdm_op_PartSelect.i21.i32.i32.i32, i32 %sub_ln123_5, i32 11, i32 31" [../import_files/import_files/2D_idct.cpp:123]   --->   Operation 925 'partselect' 'workspace_76' <Predicate = true> <Delay = 0.00>
ST_37 : Operation 926 [1/1] (0.00ns)   --->   "%sext_ln53_30 = sext i21 %workspace_77" [../import_files/import_files/2D_idct.cpp:53]   --->   Operation 926 'sext' 'sext_ln53_30' <Predicate = true> <Delay = 0.00>
ST_37 : Operation 927 [1/1] (2.22ns)   --->   "%z4_33 = add i22 %sext_ln53_30, i22 %sext_ln53_6" [../import_files/import_files/2D_idct.cpp:167]   --->   Operation 927 'add' 'z4_33' <Predicate = true> <Delay = 2.22> <CoreInst = "Adder">   --->   Core 1 'Adder' <Latency = 0> <II = 1> <Delay = 2.22> <FuncUnit> <Opcode : 'add' 'sub'> <InPorts = 2> <OutPorts = 1>
ST_37 : Operation 928 [1/1] (0.00ns)   --->   "%sext_ln51_105 = sext i22 %z4_33" [../import_files/import_files/2D_idct.cpp:51]   --->   Operation 928 'sext' 'sext_ln51_105' <Predicate = true> <Delay = 0.00>
ST_37 : Operation 929 [1/1] (2.25ns) (grouped into DSP with root node z2_43)   --->   "%z2_41 = add i22 %sext_ln53_30, i22 %sext_ln53_22" [../import_files/import_files/2D_idct.cpp:165]   --->   Operation 929 'add' 'z2_41' <Predicate = true> <Delay = 2.25> <CoreInst = "DSP48">   --->   Core 119 'DSP48' <Latency = 3> <II = 1> <Delay = 2.15> <IPBlock> <Opcode : 'mul' 'add' 'sub' 'select'> <InPorts = 0> <OutPorts = 1> <Sync> <CReg>
ST_37 : Operation 930 [1/1] (0.00ns) (grouped into DSP with root node z2_43)   --->   "%sext_ln51_106 = sext i22 %z2_41" [../import_files/import_files/2D_idct.cpp:51]   --->   Operation 930 'sext' 'sext_ln51_106' <Predicate = true> <Delay = 0.00>
ST_37 : Operation 931 [1/1] (0.00ns)   --->   "%sext_ln53_31 = sext i21 %workspace_78" [../import_files/import_files/2D_idct.cpp:53]   --->   Operation 931 'sext' 'sext_ln53_31' <Predicate = true> <Delay = 0.00>
ST_37 : Operation 932 [1/1] (2.22ns)   --->   "%z4_36 = add i22 %sext_ln53_31, i22 %sext_ln53_7" [../import_files/import_files/2D_idct.cpp:167]   --->   Operation 932 'add' 'z4_36' <Predicate = true> <Delay = 2.22> <CoreInst = "Adder">   --->   Core 1 'Adder' <Latency = 0> <II = 1> <Delay = 2.22> <FuncUnit> <Opcode : 'add' 'sub'> <InPorts = 2> <OutPorts = 1>
ST_37 : Operation 933 [1/1] (0.00ns)   --->   "%sext_ln51_108 = sext i22 %z4_36" [../import_files/import_files/2D_idct.cpp:51]   --->   Operation 933 'sext' 'sext_ln51_108' <Predicate = true> <Delay = 0.00>
ST_37 : Operation 934 [1/1] (2.25ns) (grouped into DSP with root node z2_47)   --->   "%z2_46 = add i22 %sext_ln53_31, i22 %sext_ln53_23" [../import_files/import_files/2D_idct.cpp:165]   --->   Operation 934 'add' 'z2_46' <Predicate = true> <Delay = 2.25> <CoreInst = "DSP48">   --->   Core 119 'DSP48' <Latency = 3> <II = 1> <Delay = 2.15> <IPBlock> <Opcode : 'mul' 'add' 'sub' 'select'> <InPorts = 0> <OutPorts = 1> <Sync> <CReg>
ST_37 : Operation 935 [1/1] (0.00ns) (grouped into DSP with root node z2_47)   --->   "%sext_ln51_109 = sext i22 %z2_46" [../import_files/import_files/2D_idct.cpp:51]   --->   Operation 935 'sext' 'sext_ln51_109' <Predicate = true> <Delay = 0.00>
ST_37 : Operation 936 [1/1] (0.00ns)   --->   "%sext_ln49_74 = sext i30 %tmp3_23" [../import_files/import_files/2D_idct.cpp:49]   --->   Operation 936 'sext' 'sext_ln49_74' <Predicate = true> <Delay = 0.00>
ST_37 : Operation 937 [1/1] (0.00ns)   --->   "%tmp0_25 = bitconcatenate i30 @_ssdm_op_BitConcatenate.i30.i17.i13, i17 %add_ln76_6, i13 0" [../import_files/import_files/2D_idct.cpp:76]   --->   Operation 937 'bitconcatenate' 'tmp0_25' <Predicate = true> <Delay = 0.00>
ST_37 : Operation 938 [1/1] (0.00ns)   --->   "%sext_ln80_4 = sext i30 %tmp0_25" [../import_files/import_files/2D_idct.cpp:80]   --->   Operation 938 'sext' 'sext_ln80_4' <Predicate = true> <Delay = 0.00>
ST_37 : Operation 939 [1/1] (2.49ns)   --->   "%tmp13_6 = sub i31 %sext_ln80_4, i31 %sext_ln49_74" [../import_files/import_files/2D_idct.cpp:80]   --->   Operation 939 'sub' 'tmp13_6' <Predicate = true> <Delay = 2.49> <CoreInst = "Adder">   --->   Core 1 'Adder' <Latency = 0> <II = 1> <Delay = 2.49> <FuncUnit> <Opcode : 'add' 'sub'> <InPorts = 2> <OutPorts = 1>
ST_37 : Operation 940 [1/1] (0.00ns)   --->   "%sext_ln49_75 = sext i31 %tmp13_6" [../import_files/import_files/2D_idct.cpp:49]   --->   Operation 940 'sext' 'sext_ln49_75' <Predicate = true> <Delay = 0.00>
ST_37 : Operation 941 [1/3] (0.00ns) (grouped into DSP with root node add_ln112_12)   --->   "%tmp1_25 = mul i32 %sext_ln89_4, i32 16819" [../import_files/import_files/2D_idct.cpp:100]   --->   Operation 941 'mul' 'tmp1_25' <Predicate = true> <Delay = 0.00> <CoreInst = "DSP48">   --->   Core 119 'DSP48' <Latency = 3> <II = 1> <Delay = 2.15> <IPBlock> <Opcode : 'mul' 'add' 'sub' 'select'> <InPorts = 0> <OutPorts = 1> <Sync> <CReg>
ST_37 : Operation 942 [1/3] (0.00ns) (grouped into DSP with root node add_ln113_12)   --->   "%tmp2_25 = mul i32 %sext_ln90_4, i32 25172" [../import_files/import_files/2D_idct.cpp:101]   --->   Operation 942 'mul' 'tmp2_25' <Predicate = true> <Delay = 0.00> <CoreInst = "DSP48">   --->   Core 119 'DSP48' <Latency = 3> <II = 1> <Delay = 2.15> <IPBlock> <Opcode : 'mul' 'add' 'sub' 'select'> <InPorts = 0> <OutPorts = 1> <Sync> <CReg>
ST_37 : Operation 943 [1/2] (2.10ns) (root node of the DSP)   --->   "%add_ln114_12 = add i31 %z1_16, i31 %tmp3_25" [../import_files/import_files/2D_idct.cpp:114]   --->   Operation 943 'add' 'add_ln114_12' <Predicate = true> <Delay = 2.10> <CoreInst = "DSP48">   --->   Core 119 'DSP48' <Latency = 3> <II = 1> <Delay = 2.15> <IPBlock> <Opcode : 'mul' 'add' 'sub' 'select'> <InPorts = 0> <OutPorts = 1> <Sync> <CReg>
ST_37 : Operation 944 [1/1] (0.00ns)   --->   "%sext_ln114_4 = sext i31 %add_ln114_12" [../import_files/import_files/2D_idct.cpp:114]   --->   Operation 944 'sext' 'sext_ln114_4' <Predicate = true> <Delay = 0.00>
ST_37 : Operation 945 [1/2] (2.10ns) (root node of the DSP)   --->   "%add_ln111_12 = add i31 %z1_16, i31 %sext_ln49_68" [../import_files/import_files/2D_idct.cpp:111]   --->   Operation 945 'add' 'add_ln111_12' <Predicate = true> <Delay = 2.10> <CoreInst = "DSP48">   --->   Core 119 'DSP48' <Latency = 3> <II = 1> <Delay = 2.15> <IPBlock> <Opcode : 'mul' 'add' 'sub' 'select'> <InPorts = 0> <OutPorts = 1> <Sync> <CReg>
ST_37 : Operation 946 [1/1] (0.00ns)   --->   "%sext_ln111_4 = sext i31 %add_ln111_12" [../import_files/import_files/2D_idct.cpp:111]   --->   Operation 946 'sext' 'sext_ln111_4' <Predicate = true> <Delay = 0.00>
ST_37 : Operation 947 [1/2] (2.10ns) (root node of the DSP)   --->   "%z3_63 = add i32 %z5_4, i32 %z3_62" [../import_files/import_files/2D_idct.cpp:108]   --->   Operation 947 'add' 'z3_63' <Predicate = true> <Delay = 2.10> <CoreInst = "DSP48">   --->   Core 119 'DSP48' <Latency = 3> <II = 1> <Delay = 2.15> <IPBlock> <Opcode : 'mul' 'add' 'sub' 'select'> <InPorts = 0> <OutPorts = 1> <Sync> <CReg>
ST_37 : Operation 948 [2/2] (2.10ns) (root node of the DSP)   --->   "%add_ln113_12 = add i32 %tmp2_25, i32 %z3_63" [../import_files/import_files/2D_idct.cpp:113]   --->   Operation 948 'add' 'add_ln113_12' <Predicate = true> <Delay = 2.10> <CoreInst = "DSP48">   --->   Core 119 'DSP48' <Latency = 3> <II = 1> <Delay = 2.15> <IPBlock> <Opcode : 'mul' 'add' 'sub' 'select'> <InPorts = 0> <OutPorts = 1> <Sync> <CReg>
ST_37 : Operation 949 [1/1] (2.55ns)   --->   "%tmp0_28 = add i32 %z3_63, i32 %sext_ln111_4" [../import_files/import_files/2D_idct.cpp:111]   --->   Operation 949 'add' 'tmp0_28' <Predicate = true> <Delay = 2.55> <CoreInst = "Adder">   --->   Core 1 'Adder' <Latency = 0> <II = 1> <Delay = 2.55> <FuncUnit> <Opcode : 'add' 'sub'> <InPorts = 2> <OutPorts = 1>
ST_37 : Operation 950 [1/2] (2.10ns) (root node of the DSP)   --->   "%z4_20 = add i32 %z5_4, i32 %sext_ln51_110" [../import_files/import_files/2D_idct.cpp:109]   --->   Operation 950 'add' 'z4_20' <Predicate = true> <Delay = 2.10> <CoreInst = "DSP48">   --->   Core 119 'DSP48' <Latency = 3> <II = 1> <Delay = 2.15> <IPBlock> <Opcode : 'mul' 'add' 'sub' 'select'> <InPorts = 0> <OutPorts = 1> <Sync> <CReg>
ST_37 : Operation 951 [1/1] (2.55ns)   --->   "%tmp3_26 = add i32 %z4_20, i32 %sext_ln114_4" [../import_files/import_files/2D_idct.cpp:114]   --->   Operation 951 'add' 'tmp3_26' <Predicate = true> <Delay = 2.55> <CoreInst = "Adder">   --->   Core 1 'Adder' <Latency = 0> <II = 1> <Delay = 2.55> <FuncUnit> <Opcode : 'add' 'sub'> <InPorts = 2> <OutPorts = 1>
ST_37 : Operation 952 [2/2] (2.10ns) (root node of the DSP)   --->   "%add_ln112_12 = add i32 %tmp1_25, i32 %z4_20" [../import_files/import_files/2D_idct.cpp:112]   --->   Operation 952 'add' 'add_ln112_12' <Predicate = true> <Delay = 2.10> <CoreInst = "DSP48">   --->   Core 119 'DSP48' <Latency = 3> <II = 1> <Delay = 2.15> <IPBlock> <Opcode : 'mul' 'add' 'sub' 'select'> <InPorts = 0> <OutPorts = 1> <Sync> <CReg>
ST_37 : Operation 953 [1/1] (2.49ns)   --->   "%add_ln79_4 = add i30 %tmp3_23, i30 1024" [../import_files/import_files/2D_idct.cpp:79]   --->   Operation 953 'add' 'add_ln79_4' <Predicate = true> <Delay = 2.49> <CoreInst = "Adder">   --->   Core 1 'Adder' <Latency = 0> <II = 1> <Delay = 2.49> <FuncUnit> <Opcode : 'add' 'sub'> <InPorts = 2> <OutPorts = 1>
ST_37 : Operation 954 [1/1] (0.00ns)   --->   "%sext_ln118_8 = sext i30 %add_ln79_4" [../import_files/import_files/2D_idct.cpp:118]   --->   Operation 954 'sext' 'sext_ln118_8' <Predicate = true> <Delay = 0.00>
ST_37 : Operation 955 [1/1] (2.49ns)   --->   "%add_ln118_12 = add i31 %sext_ln80_4, i31 %sext_ln118_8" [../import_files/import_files/2D_idct.cpp:118]   --->   Operation 955 'add' 'add_ln118_12' <Predicate = true> <Delay = 2.49> <CoreInst = "Adder">   --->   Core 1 'Adder' <Latency = 0> <II = 1> <Delay = 2.49> <FuncUnit> <Opcode : 'add' 'sub'> <InPorts = 2> <OutPorts = 1>
ST_37 : Operation 956 [1/1] (0.00ns)   --->   "%sext_ln119_10 = sext i31 %add_ln118_12" [../import_files/import_files/2D_idct.cpp:119]   --->   Operation 956 'sext' 'sext_ln119_10' <Predicate = true> <Delay = 0.00>
ST_37 : Operation 957 [1/1] (2.55ns)   --->   "%sub_ln119_6 = sub i32 %sext_ln119_10, i32 %tmp3_26" [../import_files/import_files/2D_idct.cpp:119]   --->   Operation 957 'sub' 'sub_ln119_6' <Predicate = true> <Delay = 2.55> <CoreInst = "Adder">   --->   Core 1 'Adder' <Latency = 0> <II = 1> <Delay = 2.55> <FuncUnit> <Opcode : 'add' 'sub'> <InPorts = 2> <OutPorts = 1>
ST_37 : Operation 958 [1/1] (2.55ns)   --->   "%add_ln118_13 = add i32 %tmp3_26, i32 %sext_ln119_10" [../import_files/import_files/2D_idct.cpp:118]   --->   Operation 958 'add' 'add_ln118_13' <Predicate = true> <Delay = 2.55> <CoreInst = "Adder">   --->   Core 1 'Adder' <Latency = 0> <II = 1> <Delay = 2.55> <FuncUnit> <Opcode : 'add' 'sub'> <InPorts = 2> <OutPorts = 1>
ST_37 : Operation 959 [1/1] (0.00ns)   --->   "%workspace_79 = partselect i21 @_ssdm_op_PartSelect.i21.i32.i32.i32, i32 %add_ln118_13, i32 11, i32 31" [../import_files/import_files/2D_idct.cpp:118]   --->   Operation 959 'partselect' 'workspace_79' <Predicate = true> <Delay = 0.00>
ST_37 : Operation 960 [1/1] (0.00ns)   --->   "%workspace_80 = partselect i21 @_ssdm_op_PartSelect.i21.i32.i32.i32, i32 %sub_ln119_6, i32 11, i32 31" [../import_files/import_files/2D_idct.cpp:119]   --->   Operation 960 'partselect' 'workspace_80' <Predicate = true> <Delay = 0.00>
ST_37 : Operation 961 [1/1] (2.52ns)   --->   "%add_ln124_12 = add i32 %sext_ln49_75, i32 1024" [../import_files/import_files/2D_idct.cpp:124]   --->   Operation 961 'add' 'add_ln124_12' <Predicate = true> <Delay = 2.52> <CoreInst = "Adder">   --->   Core 1 'Adder' <Latency = 0> <II = 1> <Delay = 2.52> <FuncUnit> <Opcode : 'add' 'sub'> <InPorts = 2> <OutPorts = 1>
ST_37 : Operation 962 [1/1] (2.55ns)   --->   "%sub_ln125_6 = sub i32 %add_ln124_12, i32 %tmp0_28" [../import_files/import_files/2D_idct.cpp:125]   --->   Operation 962 'sub' 'sub_ln125_6' <Predicate = true> <Delay = 2.55> <CoreInst = "Adder">   --->   Core 1 'Adder' <Latency = 0> <II = 1> <Delay = 2.55> <FuncUnit> <Opcode : 'add' 'sub'> <InPorts = 2> <OutPorts = 1>
ST_37 : Operation 963 [1/1] (2.55ns)   --->   "%add_ln124_13 = add i32 %tmp0_28, i32 %add_ln124_12" [../import_files/import_files/2D_idct.cpp:124]   --->   Operation 963 'add' 'add_ln124_13' <Predicate = true> <Delay = 2.55> <CoreInst = "Adder">   --->   Core 1 'Adder' <Latency = 0> <II = 1> <Delay = 2.55> <FuncUnit> <Opcode : 'add' 'sub'> <InPorts = 2> <OutPorts = 1>
ST_37 : Operation 964 [1/1] (0.00ns)   --->   "%workspace_85 = partselect i21 @_ssdm_op_PartSelect.i21.i32.i32.i32, i32 %add_ln124_13, i32 11, i32 31" [../import_files/import_files/2D_idct.cpp:124]   --->   Operation 964 'partselect' 'workspace_85' <Predicate = true> <Delay = 0.00>
ST_37 : Operation 965 [1/1] (0.00ns)   --->   "%workspace_86 = partselect i21 @_ssdm_op_PartSelect.i21.i32.i32.i32, i32 %sub_ln125_6, i32 11, i32 31" [../import_files/import_files/2D_idct.cpp:125]   --->   Operation 965 'partselect' 'workspace_86' <Predicate = true> <Delay = 0.00>
ST_37 : Operation 966 [1/1] (0.00ns)   --->   "%sext_ln49_69 = sext i31 %tmp2_27" [../import_files/import_files/2D_idct.cpp:49]   --->   Operation 966 'sext' 'sext_ln49_69' <Predicate = true> <Delay = 0.00>
ST_37 : Operation 967 [1/1] (0.00ns)   --->   "%tmp1_27 = bitconcatenate i30 @_ssdm_op_BitConcatenate.i30.i17.i13, i17 %sub_ln77_7, i13 0" [../import_files/import_files/2D_idct.cpp:77]   --->   Operation 967 'bitconcatenate' 'tmp1_27' <Predicate = true> <Delay = 0.00>
ST_37 : Operation 968 [1/1] (0.00ns)   --->   "%sext_ln77_13 = sext i30 %tmp1_27" [../import_files/import_files/2D_idct.cpp:77]   --->   Operation 968 'sext' 'sext_ln77_13' <Predicate = true> <Delay = 0.00>
ST_37 : Operation 969 [1/1] (0.00ns) (grouped into TernaryAdder)   --->   "%tmp12_7 = sub i32 %sext_ln77_13, i32 %sext_ln49_69" [../import_files/import_files/2D_idct.cpp:82]   --->   Operation 969 'sub' 'tmp12_7' <Predicate = true> <Delay = 0.00> <CoreInst = "TAddSub">   --->   Core 10 'TAddSub' <Latency = 0> <II = 1> <Delay = 2.18> <IPBlock> <Opcode : 'add' 'sub'> <InPorts = 3> <OutPorts = 1> <Sync> <CReg>
ST_37 : Operation 970 [1/2] (2.10ns) (root node of the DSP)   --->   "%add_ln113_14 = add i32 %tmp2_28, i32 %z3_66" [../import_files/import_files/2D_idct.cpp:113]   --->   Operation 970 'add' 'add_ln113_14' <Predicate = true> <Delay = 2.10> <CoreInst = "DSP48">   --->   Core 119 'DSP48' <Latency = 3> <II = 1> <Delay = 2.15> <IPBlock> <Opcode : 'mul' 'add' 'sub' 'select'> <InPorts = 0> <OutPorts = 1> <Sync> <CReg>
ST_37 : Operation 971 [1/1] (2.55ns)   --->   "%tmp2_29 = add i32 %add_ln113_14, i32 %z2_25" [../import_files/import_files/2D_idct.cpp:113]   --->   Operation 971 'add' 'tmp2_29' <Predicate = true> <Delay = 2.55> <CoreInst = "Adder">   --->   Core 1 'Adder' <Latency = 0> <II = 1> <Delay = 2.55> <FuncUnit> <Opcode : 'add' 'sub'> <InPorts = 2> <OutPorts = 1>
ST_37 : Operation 972 [1/2] (2.10ns) (root node of the DSP)   --->   "%add_ln112_14 = add i32 %tmp1_28, i32 %z4_23" [../import_files/import_files/2D_idct.cpp:112]   --->   Operation 972 'add' 'add_ln112_14' <Predicate = true> <Delay = 2.10> <CoreInst = "DSP48">   --->   Core 119 'DSP48' <Latency = 3> <II = 1> <Delay = 2.15> <IPBlock> <Opcode : 'mul' 'add' 'sub' 'select'> <InPorts = 0> <OutPorts = 1> <Sync> <CReg>
ST_37 : Operation 973 [1/1] (2.55ns)   --->   "%tmp1_29 = add i32 %add_ln112_14, i32 %z2_25" [../import_files/import_files/2D_idct.cpp:112]   --->   Operation 973 'add' 'tmp1_29' <Predicate = true> <Delay = 2.55> <CoreInst = "Adder">   --->   Core 1 'Adder' <Latency = 0> <II = 1> <Delay = 2.55> <FuncUnit> <Opcode : 'add' 'sub'> <InPorts = 2> <OutPorts = 1>
ST_37 : Operation 974 [1/1] (0.00ns)   --->   "%sext_ln53_40 = sext i21 %workspace_87" [../import_files/import_files/2D_idct.cpp:53]   --->   Operation 974 'sext' 'sext_ln53_40' <Predicate = true> <Delay = 0.00>
ST_37 : Operation 975 [1/1] (2.22ns)   --->   "%z3_68 = add i22 %sext_ln53_40, i22 %sext_ln53_16" [../import_files/import_files/2D_idct.cpp:166]   --->   Operation 975 'add' 'z3_68' <Predicate = true> <Delay = 2.22> <CoreInst = "Adder">   --->   Core 1 'Adder' <Latency = 0> <II = 1> <Delay = 2.22> <FuncUnit> <Opcode : 'add' 'sub'> <InPorts = 2> <OutPorts = 1>
ST_37 : Operation 976 [1/1] (0.00ns)   --->   "%sext_ln51_113 = sext i22 %z3_68" [../import_files/import_files/2D_idct.cpp:51]   --->   Operation 976 'sext' 'sext_ln51_113' <Predicate = true> <Delay = 0.00>
ST_37 : Operation 977 [1/1] (2.25ns) (grouped into DSP with root node z5_6)   --->   "%add_ln168 = add i23 %sext_ln51_113, i23 %sext_ln51_87" [../import_files/import_files/2D_idct.cpp:168]   --->   Operation 977 'add' 'add_ln168' <Predicate = true> <Delay = 2.25> <CoreInst = "DSP48">   --->   Core 119 'DSP48' <Latency = 3> <II = 1> <Delay = 2.15> <IPBlock> <Opcode : 'mul' 'add' 'sub' 'select'> <InPorts = 0> <OutPorts = 1> <Sync> <CReg>
ST_37 : Operation 978 [1/1] (0.00ns) (grouped into DSP with root node z5_6)   --->   "%sext_ln168 = sext i23 %add_ln168" [../import_files/import_files/2D_idct.cpp:168]   --->   Operation 978 'sext' 'sext_ln168' <Predicate = true> <Delay = 0.00>
ST_37 : Operation 979 [1/1] (2.25ns) (grouped into DSP with root node z1_22)   --->   "%z1_21 = add i22 %sext_ln53_40, i22 %sext_ln53" [../import_files/import_files/2D_idct.cpp:164]   --->   Operation 979 'add' 'z1_21' <Predicate = true> <Delay = 2.25> <CoreInst = "DSP48">   --->   Core 119 'DSP48' <Latency = 3> <II = 1> <Delay = 2.15> <IPBlock> <Opcode : 'mul' 'add' 'sub' 'select'> <InPorts = 0> <OutPorts = 1> <Sync> <CReg>
ST_37 : Operation 980 [1/1] (0.00ns) (grouped into DSP with root node z1_22)   --->   "%sext_ln51_114 = sext i22 %z1_21" [../import_files/import_files/2D_idct.cpp:51]   --->   Operation 980 'sext' 'sext_ln51_114' <Predicate = true> <Delay = 0.00>
ST_37 : Operation 981 [1/1] (0.00ns)   --->   "%sext_ln53_41 = sext i21 %workspace_88" [../import_files/import_files/2D_idct.cpp:53]   --->   Operation 981 'sext' 'sext_ln53_41' <Predicate = true> <Delay = 0.00>
ST_37 : Operation 982 [1/1] (2.22ns)   --->   "%z3_96 = add i22 %sext_ln53_41, i22 %sext_ln53_17" [../import_files/import_files/2D_idct.cpp:166]   --->   Operation 982 'add' 'z3_96' <Predicate = true> <Delay = 2.22> <CoreInst = "Adder">   --->   Core 1 'Adder' <Latency = 0> <II = 1> <Delay = 2.22> <FuncUnit> <Opcode : 'add' 'sub'> <InPorts = 2> <OutPorts = 1>
ST_37 : Operation 983 [1/1] (0.00ns)   --->   "%sext_ln51_116 = sext i22 %z3_96" [../import_files/import_files/2D_idct.cpp:51]   --->   Operation 983 'sext' 'sext_ln51_116' <Predicate = true> <Delay = 0.00>
ST_37 : Operation 984 [1/1] (2.25ns) (grouped into DSP with root node z5_13)   --->   "%add_ln168_7 = add i23 %sext_ln51_116, i23 %sext_ln51_90" [../import_files/import_files/2D_idct.cpp:168]   --->   Operation 984 'add' 'add_ln168_7' <Predicate = true> <Delay = 2.25> <CoreInst = "DSP48">   --->   Core 119 'DSP48' <Latency = 3> <II = 1> <Delay = 2.15> <IPBlock> <Opcode : 'mul' 'add' 'sub' 'select'> <InPorts = 0> <OutPorts = 1> <Sync> <CReg>
ST_37 : Operation 985 [1/1] (0.00ns) (grouped into DSP with root node z5_13)   --->   "%sext_ln168_1 = sext i23 %add_ln168_7" [../import_files/import_files/2D_idct.cpp:168]   --->   Operation 985 'sext' 'sext_ln168_1' <Predicate = true> <Delay = 0.00>
ST_37 : Operation 986 [1/1] (2.25ns) (grouped into DSP with root node z1_43)   --->   "%z1_42 = add i22 %sext_ln53_41, i22 %sext_ln53_1" [../import_files/import_files/2D_idct.cpp:164]   --->   Operation 986 'add' 'z1_42' <Predicate = true> <Delay = 2.25> <CoreInst = "DSP48">   --->   Core 119 'DSP48' <Latency = 3> <II = 1> <Delay = 2.15> <IPBlock> <Opcode : 'mul' 'add' 'sub' 'select'> <InPorts = 0> <OutPorts = 1> <Sync> <CReg>
ST_37 : Operation 987 [1/1] (0.00ns) (grouped into DSP with root node z1_43)   --->   "%sext_ln51_117 = sext i22 %z1_42" [../import_files/import_files/2D_idct.cpp:51]   --->   Operation 987 'sext' 'sext_ln51_117' <Predicate = true> <Delay = 0.00>
ST_37 : Operation 988 [1/1] (2.52ns)   --->   "%add_ln81_5 = add i31 %tmp2_27, i31 1024" [../import_files/import_files/2D_idct.cpp:81]   --->   Operation 988 'add' 'add_ln81_5' <Predicate = true> <Delay = 2.52> <CoreInst = "Adder">   --->   Core 1 'Adder' <Latency = 0> <II = 1> <Delay = 2.52> <FuncUnit> <Opcode : 'add' 'sub'> <InPorts = 2> <OutPorts = 1>
ST_37 : Operation 989 [1/1] (0.00ns)   --->   "%sext_ln120_10 = sext i31 %add_ln81_5" [../import_files/import_files/2D_idct.cpp:120]   --->   Operation 989 'sext' 'sext_ln120_10' <Predicate = true> <Delay = 0.00>
ST_37 : Operation 990 [1/1] (2.52ns)   --->   "%add_ln120_14 = add i32 %sext_ln77_13, i32 %sext_ln120_10" [../import_files/import_files/2D_idct.cpp:120]   --->   Operation 990 'add' 'add_ln120_14' <Predicate = true> <Delay = 2.52> <CoreInst = "Adder">   --->   Core 1 'Adder' <Latency = 0> <II = 1> <Delay = 2.52> <FuncUnit> <Opcode : 'add' 'sub'> <InPorts = 2> <OutPorts = 1>
ST_37 : Operation 991 [1/1] (2.55ns)   --->   "%sub_ln121_7 = sub i32 %add_ln120_14, i32 %tmp2_29" [../import_files/import_files/2D_idct.cpp:121]   --->   Operation 991 'sub' 'sub_ln121_7' <Predicate = true> <Delay = 2.55> <CoreInst = "Adder">   --->   Core 1 'Adder' <Latency = 0> <II = 1> <Delay = 2.55> <FuncUnit> <Opcode : 'add' 'sub'> <InPorts = 2> <OutPorts = 1>
ST_37 : Operation 992 [1/1] (2.55ns)   --->   "%add_ln120_15 = add i32 %tmp2_29, i32 %add_ln120_14" [../import_files/import_files/2D_idct.cpp:120]   --->   Operation 992 'add' 'add_ln120_15' <Predicate = true> <Delay = 2.55> <CoreInst = "Adder">   --->   Core 1 'Adder' <Latency = 0> <II = 1> <Delay = 2.55> <FuncUnit> <Opcode : 'add' 'sub'> <InPorts = 2> <OutPorts = 1>
ST_37 : Operation 993 [1/1] (0.00ns)   --->   "%workspace_89 = partselect i21 @_ssdm_op_PartSelect.i21.i32.i32.i32, i32 %add_ln120_15, i32 11, i32 31" [../import_files/import_files/2D_idct.cpp:120]   --->   Operation 993 'partselect' 'workspace_89' <Predicate = true> <Delay = 0.00>
ST_37 : Operation 994 [1/1] (0.00ns)   --->   "%workspace_90 = partselect i21 @_ssdm_op_PartSelect.i21.i32.i32.i32, i32 %sub_ln121_7, i32 11, i32 31" [../import_files/import_files/2D_idct.cpp:121]   --->   Operation 994 'partselect' 'workspace_90' <Predicate = true> <Delay = 0.00>
ST_37 : Operation 995 [1/1] (4.37ns) (root node of TernaryAdder)   --->   "%add_ln122_14 = add i32 %tmp12_7, i32 1024" [../import_files/import_files/2D_idct.cpp:122]   --->   Operation 995 'add' 'add_ln122_14' <Predicate = true> <Delay = 4.37> <CoreInst = "TAddSub">   --->   Core 10 'TAddSub' <Latency = 0> <II = 1> <Delay = 2.18> <IPBlock> <Opcode : 'add' 'sub'> <InPorts = 3> <OutPorts = 1> <Sync> <CReg>
ST_37 : Operation 996 [1/1] (2.55ns)   --->   "%sub_ln123_7 = sub i32 %add_ln122_14, i32 %tmp1_29" [../import_files/import_files/2D_idct.cpp:123]   --->   Operation 996 'sub' 'sub_ln123_7' <Predicate = true> <Delay = 2.55> <CoreInst = "Adder">   --->   Core 1 'Adder' <Latency = 0> <II = 1> <Delay = 2.55> <FuncUnit> <Opcode : 'add' 'sub'> <InPorts = 2> <OutPorts = 1>
ST_37 : Operation 997 [1/1] (2.55ns)   --->   "%add_ln122_15 = add i32 %tmp1_29, i32 %add_ln122_14" [../import_files/import_files/2D_idct.cpp:122]   --->   Operation 997 'add' 'add_ln122_15' <Predicate = true> <Delay = 2.55> <CoreInst = "Adder">   --->   Core 1 'Adder' <Latency = 0> <II = 1> <Delay = 2.55> <FuncUnit> <Opcode : 'add' 'sub'> <InPorts = 2> <OutPorts = 1>
ST_37 : Operation 998 [1/1] (0.00ns)   --->   "%workspace_91 = partselect i21 @_ssdm_op_PartSelect.i21.i32.i32.i32, i32 %add_ln122_15, i32 11, i32 31" [../import_files/import_files/2D_idct.cpp:122]   --->   Operation 998 'partselect' 'workspace_91' <Predicate = true> <Delay = 0.00>
ST_37 : Operation 999 [1/1] (0.00ns)   --->   "%workspace_92 = partselect i21 @_ssdm_op_PartSelect.i21.i32.i32.i32, i32 %sub_ln123_7, i32 11, i32 31" [../import_files/import_files/2D_idct.cpp:123]   --->   Operation 999 'partselect' 'workspace_92' <Predicate = true> <Delay = 0.00>
ST_37 : Operation 1000 [1/1] (0.00ns)   --->   "%sext_ln53_46 = sext i21 %workspace_93" [../import_files/import_files/2D_idct.cpp:53]   --->   Operation 1000 'sext' 'sext_ln53_46' <Predicate = true> <Delay = 0.00>
ST_37 : Operation 1001 [1/1] (2.22ns)   --->   "%z3_80 = add i22 %sext_ln53_46, i22 %sext_ln53_22" [../import_files/import_files/2D_idct.cpp:166]   --->   Operation 1001 'add' 'z3_80' <Predicate = true> <Delay = 2.22> <CoreInst = "Adder">   --->   Core 1 'Adder' <Latency = 0> <II = 1> <Delay = 2.22> <FuncUnit> <Opcode : 'add' 'sub'> <InPorts = 2> <OutPorts = 1>
ST_37 : Operation 1002 [1/1] (0.00ns)   --->   "%sext_ln51_131 = sext i22 %z3_80" [../import_files/import_files/2D_idct.cpp:51]   --->   Operation 1002 'sext' 'sext_ln51_131' <Predicate = true> <Delay = 0.00>
ST_37 : Operation 1003 [1/1] (2.25ns) (grouped into DSP with root node z5_9)   --->   "%add_ln168_3 = add i23 %sext_ln51_131, i23 %sext_ln51_105" [../import_files/import_files/2D_idct.cpp:168]   --->   Operation 1003 'add' 'add_ln168_3' <Predicate = true> <Delay = 2.25> <CoreInst = "DSP48">   --->   Core 119 'DSP48' <Latency = 3> <II = 1> <Delay = 2.15> <IPBlock> <Opcode : 'mul' 'add' 'sub' 'select'> <InPorts = 0> <OutPorts = 1> <Sync> <CReg>
ST_37 : Operation 1004 [1/1] (0.00ns) (grouped into DSP with root node z5_9)   --->   "%sext_ln168_6 = sext i23 %add_ln168_3" [../import_files/import_files/2D_idct.cpp:168]   --->   Operation 1004 'sext' 'sext_ln168_6' <Predicate = true> <Delay = 0.00>
ST_37 : Operation 1005 [1/1] (2.25ns) (grouped into DSP with root node z1_31)   --->   "%z1_30 = add i22 %sext_ln53_46, i22 %sext_ln53_6" [../import_files/import_files/2D_idct.cpp:164]   --->   Operation 1005 'add' 'z1_30' <Predicate = true> <Delay = 2.25> <CoreInst = "DSP48">   --->   Core 119 'DSP48' <Latency = 3> <II = 1> <Delay = 2.15> <IPBlock> <Opcode : 'mul' 'add' 'sub' 'select'> <InPorts = 0> <OutPorts = 1> <Sync> <CReg>
ST_37 : Operation 1006 [1/1] (0.00ns) (grouped into DSP with root node z1_31)   --->   "%sext_ln51_132 = sext i22 %z1_30" [../import_files/import_files/2D_idct.cpp:51]   --->   Operation 1006 'sext' 'sext_ln51_132' <Predicate = true> <Delay = 0.00>
ST_37 : Operation 1007 [1/1] (0.00ns)   --->   "%sext_ln53_47 = sext i21 %workspace_94" [../import_files/import_files/2D_idct.cpp:53]   --->   Operation 1007 'sext' 'sext_ln53_47' <Predicate = true> <Delay = 0.00>
ST_37 : Operation 1008 [1/1] (2.22ns)   --->   "%z3_84 = add i22 %sext_ln53_47, i22 %sext_ln53_23" [../import_files/import_files/2D_idct.cpp:166]   --->   Operation 1008 'add' 'z3_84' <Predicate = true> <Delay = 2.22> <CoreInst = "Adder">   --->   Core 1 'Adder' <Latency = 0> <II = 1> <Delay = 2.22> <FuncUnit> <Opcode : 'add' 'sub'> <InPorts = 2> <OutPorts = 1>
ST_37 : Operation 1009 [1/1] (0.00ns)   --->   "%sext_ln51_134 = sext i22 %z3_84" [../import_files/import_files/2D_idct.cpp:51]   --->   Operation 1009 'sext' 'sext_ln51_134' <Predicate = true> <Delay = 0.00>
ST_37 : Operation 1010 [1/1] (2.25ns) (grouped into DSP with root node z5_10)   --->   "%add_ln168_4 = add i23 %sext_ln51_134, i23 %sext_ln51_108" [../import_files/import_files/2D_idct.cpp:168]   --->   Operation 1010 'add' 'add_ln168_4' <Predicate = true> <Delay = 2.25> <CoreInst = "DSP48">   --->   Core 119 'DSP48' <Latency = 3> <II = 1> <Delay = 2.15> <IPBlock> <Opcode : 'mul' 'add' 'sub' 'select'> <InPorts = 0> <OutPorts = 1> <Sync> <CReg>
ST_37 : Operation 1011 [1/1] (0.00ns) (grouped into DSP with root node z5_10)   --->   "%sext_ln168_7 = sext i23 %add_ln168_4" [../import_files/import_files/2D_idct.cpp:168]   --->   Operation 1011 'sext' 'sext_ln168_7' <Predicate = true> <Delay = 0.00>
ST_37 : Operation 1012 [1/1] (2.25ns) (grouped into DSP with root node z1_34)   --->   "%z1_33 = add i22 %sext_ln53_47, i22 %sext_ln53_7" [../import_files/import_files/2D_idct.cpp:164]   --->   Operation 1012 'add' 'z1_33' <Predicate = true> <Delay = 2.25> <CoreInst = "DSP48">   --->   Core 119 'DSP48' <Latency = 3> <II = 1> <Delay = 2.15> <IPBlock> <Opcode : 'mul' 'add' 'sub' 'select'> <InPorts = 0> <OutPorts = 1> <Sync> <CReg>
ST_37 : Operation 1013 [1/1] (0.00ns) (grouped into DSP with root node z1_34)   --->   "%sext_ln51_135 = sext i22 %z1_33" [../import_files/import_files/2D_idct.cpp:51]   --->   Operation 1013 'sext' 'sext_ln51_135' <Predicate = true> <Delay = 0.00>
ST_37 : Operation 1014 [4/4] (1.05ns) (root node of the DSP)   --->   "%z5_6 = mul i32 %sext_ln168, i32 9633" [../import_files/import_files/2D_idct.cpp:168]   --->   Operation 1014 'mul' 'z5_6' <Predicate = true> <Delay = 1.05> <CoreInst = "DSP48">   --->   Core 119 'DSP48' <Latency = 3> <II = 1> <Delay = 2.15> <IPBlock> <Opcode : 'mul' 'add' 'sub' 'select'> <InPorts = 0> <OutPorts = 1> <Sync> <CReg>
ST_37 : Operation 1015 [4/4] (1.05ns) (root node of the DSP)   --->   "%z1_22 = mul i32 %sext_ln51_114, i32 4294959923" [../import_files/import_files/2D_idct.cpp:175]   --->   Operation 1015 'mul' 'z1_22' <Predicate = true> <Delay = 1.05> <CoreInst = "DSP48">   --->   Core 119 'DSP48' <Latency = 3> <II = 1> <Delay = 2.15> <IPBlock> <Opcode : 'mul' 'add' 'sub' 'select'> <InPorts = 0> <OutPorts = 1> <Sync> <CReg>
ST_37 : Operation 1016 [4/4] (1.05ns) (root node of the DSP)   --->   "%z2_29 = mul i32 %sext_ln51_88, i32 4294946301" [../import_files/import_files/2D_idct.cpp:176]   --->   Operation 1016 'mul' 'z2_29' <Predicate = true> <Delay = 1.05> <CoreInst = "DSP48">   --->   Core 119 'DSP48' <Latency = 3> <II = 1> <Delay = 2.15> <IPBlock> <Opcode : 'mul' 'add' 'sub' 'select'> <InPorts = 0> <OutPorts = 1> <Sync> <CReg>
ST_37 : Operation 1017 [4/4] (1.05ns) (root node of the DSP)   --->   "%z5_9 = mul i32 %sext_ln168_6, i32 9633" [../import_files/import_files/2D_idct.cpp:168]   --->   Operation 1017 'mul' 'z5_9' <Predicate = true> <Delay = 1.05> <CoreInst = "DSP48">   --->   Core 119 'DSP48' <Latency = 3> <II = 1> <Delay = 2.15> <IPBlock> <Opcode : 'mul' 'add' 'sub' 'select'> <InPorts = 0> <OutPorts = 1> <Sync> <CReg>
ST_37 : Operation 1018 [4/4] (1.05ns) (root node of the DSP)   --->   "%z1_31 = mul i32 %sext_ln51_132, i32 4294959923" [../import_files/import_files/2D_idct.cpp:175]   --->   Operation 1018 'mul' 'z1_31' <Predicate = true> <Delay = 1.05> <CoreInst = "DSP48">   --->   Core 119 'DSP48' <Latency = 3> <II = 1> <Delay = 2.15> <IPBlock> <Opcode : 'mul' 'add' 'sub' 'select'> <InPorts = 0> <OutPorts = 1> <Sync> <CReg>
ST_37 : Operation 1019 [4/4] (1.05ns) (root node of the DSP)   --->   "%z2_43 = mul i32 %sext_ln51_106, i32 4294946301" [../import_files/import_files/2D_idct.cpp:176]   --->   Operation 1019 'mul' 'z2_43' <Predicate = true> <Delay = 1.05> <CoreInst = "DSP48">   --->   Core 119 'DSP48' <Latency = 3> <II = 1> <Delay = 2.15> <IPBlock> <Opcode : 'mul' 'add' 'sub' 'select'> <InPorts = 0> <OutPorts = 1> <Sync> <CReg>
ST_37 : Operation 1020 [4/4] (1.05ns) (root node of the DSP)   --->   "%z5_10 = mul i32 %sext_ln168_7, i32 9633" [../import_files/import_files/2D_idct.cpp:168]   --->   Operation 1020 'mul' 'z5_10' <Predicate = true> <Delay = 1.05> <CoreInst = "DSP48">   --->   Core 119 'DSP48' <Latency = 3> <II = 1> <Delay = 2.15> <IPBlock> <Opcode : 'mul' 'add' 'sub' 'select'> <InPorts = 0> <OutPorts = 1> <Sync> <CReg>
ST_37 : Operation 1021 [4/4] (1.05ns) (root node of the DSP)   --->   "%z1_34 = mul i32 %sext_ln51_135, i32 4294959923" [../import_files/import_files/2D_idct.cpp:175]   --->   Operation 1021 'mul' 'z1_34' <Predicate = true> <Delay = 1.05> <CoreInst = "DSP48">   --->   Core 119 'DSP48' <Latency = 3> <II = 1> <Delay = 2.15> <IPBlock> <Opcode : 'mul' 'add' 'sub' 'select'> <InPorts = 0> <OutPorts = 1> <Sync> <CReg>
ST_37 : Operation 1022 [4/4] (1.05ns) (root node of the DSP)   --->   "%z2_47 = mul i32 %sext_ln51_109, i32 4294946301" [../import_files/import_files/2D_idct.cpp:176]   --->   Operation 1022 'mul' 'z2_47' <Predicate = true> <Delay = 1.05> <CoreInst = "DSP48">   --->   Core 119 'DSP48' <Latency = 3> <II = 1> <Delay = 2.15> <IPBlock> <Opcode : 'mul' 'add' 'sub' 'select'> <InPorts = 0> <OutPorts = 1> <Sync> <CReg>
ST_37 : Operation 1023 [4/4] (1.05ns) (root node of the DSP)   --->   "%z5_13 = mul i32 %sext_ln168_1, i32 9633" [../import_files/import_files/2D_idct.cpp:168]   --->   Operation 1023 'mul' 'z5_13' <Predicate = true> <Delay = 1.05> <CoreInst = "DSP48">   --->   Core 119 'DSP48' <Latency = 3> <II = 1> <Delay = 2.15> <IPBlock> <Opcode : 'mul' 'add' 'sub' 'select'> <InPorts = 0> <OutPorts = 1> <Sync> <CReg>
ST_37 : Operation 1024 [4/4] (1.05ns) (root node of the DSP)   --->   "%z1_43 = mul i32 %sext_ln51_117, i32 4294959923" [../import_files/import_files/2D_idct.cpp:175]   --->   Operation 1024 'mul' 'z1_43' <Predicate = true> <Delay = 1.05> <CoreInst = "DSP48">   --->   Core 119 'DSP48' <Latency = 3> <II = 1> <Delay = 2.15> <IPBlock> <Opcode : 'mul' 'add' 'sub' 'select'> <InPorts = 0> <OutPorts = 1> <Sync> <CReg>
ST_37 : Operation 1025 [4/4] (1.05ns) (root node of the DSP)   --->   "%z2_56 = mul i32 %sext_ln51_91, i32 4294946301" [../import_files/import_files/2D_idct.cpp:176]   --->   Operation 1025 'mul' 'z2_56' <Predicate = true> <Delay = 1.05> <CoreInst = "DSP48">   --->   Core 119 'DSP48' <Latency = 3> <II = 1> <Delay = 2.15> <IPBlock> <Opcode : 'mul' 'add' 'sub' 'select'> <InPorts = 0> <OutPorts = 1> <Sync> <CReg>

State 38 <SV = 37> <Delay = 7.59>
ST_38 : Operation 1026 [1/1] (0.00ns)   --->   "%sext_ln49 = sext i16 %tmp3_4" [../import_files/import_files/2D_idct.cpp:49]   --->   Operation 1026 'sext' 'sext_ln49' <Predicate = true> <Delay = 0.00>
ST_38 : Operation 1027 [1/1] (0.00ns)   --->   "%sext_ln49_8 = sext i16 %tmp3_18" [../import_files/import_files/2D_idct.cpp:49]   --->   Operation 1027 'sext' 'sext_ln49_8' <Predicate = true> <Delay = 0.00>
ST_38 : Operation 1028 [1/1] (0.00ns)   --->   "%sext_ln49_16 = sext i16 %tmp2_4" [../import_files/import_files/2D_idct.cpp:49]   --->   Operation 1028 'sext' 'sext_ln49_16' <Predicate = true> <Delay = 0.00>
ST_38 : Operation 1029 [1/1] (0.00ns)   --->   "%sext_ln49_21 = sext i16 %tmp2_18" [../import_files/import_files/2D_idct.cpp:49]   --->   Operation 1029 'sext' 'sext_ln49_21' <Predicate = true> <Delay = 0.00>
ST_38 : Operation 1030 [1/1] (0.00ns)   --->   "%sext_ln49_26 = sext i16 %tmp1_4" [../import_files/import_files/2D_idct.cpp:49]   --->   Operation 1030 'sext' 'sext_ln49_26' <Predicate = true> <Delay = 0.00>
ST_38 : Operation 1031 [1/1] (0.00ns)   --->   "%sext_ln49_31 = sext i16 %tmp1_18" [../import_files/import_files/2D_idct.cpp:49]   --->   Operation 1031 'sext' 'sext_ln49_31' <Predicate = true> <Delay = 0.00>
ST_38 : Operation 1032 [1/1] (0.00ns)   --->   "%sext_ln49_36 = sext i16 %tmp0_4" [../import_files/import_files/2D_idct.cpp:49]   --->   Operation 1032 'sext' 'sext_ln49_36' <Predicate = true> <Delay = 0.00>
ST_38 : Operation 1033 [1/1] (0.00ns)   --->   "%sext_ln49_44 = sext i16 %tmp0_19" [../import_files/import_files/2D_idct.cpp:49]   --->   Operation 1033 'sext' 'sext_ln49_44' <Predicate = true> <Delay = 0.00>
ST_38 : Operation 1034 [2/4] (1.05ns) (root node of the DSP)   --->   "%mul_ln51 = mul i30 %sext_ln51_41, i30 4433" [../import_files/import_files/2D_idct.cpp:51]   --->   Operation 1034 'mul' 'mul_ln51' <Predicate = true> <Delay = 1.05> <CoreInst = "DSP48">   --->   Core 119 'DSP48' <Latency = 3> <II = 1> <Delay = 2.15> <IPBlock> <Opcode : 'mul' 'add' 'sub' 'select'> <InPorts = 0> <OutPorts = 1> <Sync> <CReg>
ST_38 : Operation 1035 [2/3] (1.05ns) (grouped into DSP with root node tmp2)   --->   "%mul_ln70 = mul i30 %sext_ln70, i30 1073726687" [../import_files/import_files/2D_idct.cpp:70]   --->   Operation 1035 'mul' 'mul_ln70' <Predicate = true> <Delay = 1.05> <CoreInst = "DSP48">   --->   Core 119 'DSP48' <Latency = 3> <II = 1> <Delay = 2.15> <IPBlock> <Opcode : 'mul' 'add' 'sub' 'select'> <InPorts = 0> <OutPorts = 1> <Sync> <CReg>
ST_38 : Operation 1036 [2/3] (1.05ns) (grouped into DSP with root node tmp3)   --->   "%mul_ln71 = mul i30 %sext_ln51, i30 6270" [../import_files/import_files/2D_idct.cpp:71]   --->   Operation 1036 'mul' 'mul_ln71' <Predicate = true> <Delay = 1.05> <CoreInst = "DSP48">   --->   Core 119 'DSP48' <Latency = 3> <II = 1> <Delay = 2.15> <IPBlock> <Opcode : 'mul' 'add' 'sub' 'select'> <InPorts = 0> <OutPorts = 1> <Sync> <CReg>
ST_38 : Operation 1037 [2/4] (1.05ns) (root node of the DSP)   --->   "%mul_ln51_1 = mul i30 %sext_ln51_58, i30 9633" [../import_files/import_files/2D_idct.cpp:51]   --->   Operation 1037 'mul' 'mul_ln51_1' <Predicate = true> <Delay = 1.05> <CoreInst = "DSP48">   --->   Core 119 'DSP48' <Latency = 3> <II = 1> <Delay = 2.15> <IPBlock> <Opcode : 'mul' 'add' 'sub' 'select'> <InPorts = 0> <OutPorts = 1> <Sync> <CReg>
ST_38 : Operation 1038 [3/3] (1.05ns) (grouped into DSP with root node add_ln111)   --->   "%tmp0_5 = mul i29 %sext_ln49_36, i29 2446" [../import_files/import_files/2D_idct.cpp:99]   --->   Operation 1038 'mul' 'tmp0_5' <Predicate = true> <Delay = 1.05> <CoreInst = "DSP48">   --->   Core 119 'DSP48' <Latency = 3> <II = 1> <Delay = 2.15> <IPBlock> <Opcode : 'mul' 'add' 'sub' 'select'> <InPorts = 0> <OutPorts = 1> <Sync> <CReg>
ST_38 : Operation 1039 [3/3] (1.05ns) (grouped into DSP with root node add_ln112)   --->   "%mul_ln49 = mul i30 %sext_ln49_26, i30 16819" [../import_files/import_files/2D_idct.cpp:49]   --->   Operation 1039 'mul' 'mul_ln49' <Predicate = true> <Delay = 1.05> <CoreInst = "DSP48">   --->   Core 119 'DSP48' <Latency = 3> <II = 1> <Delay = 2.15> <IPBlock> <Opcode : 'mul' 'add' 'sub' 'select'> <InPorts = 0> <OutPorts = 1> <Sync> <CReg>
ST_38 : Operation 1040 [3/3] (1.05ns) (grouped into DSP with root node add_ln113)   --->   "%mul_ln49_1 = mul i30 %sext_ln49_16, i30 25172" [../import_files/import_files/2D_idct.cpp:49]   --->   Operation 1040 'mul' 'mul_ln49_1' <Predicate = true> <Delay = 1.05> <CoreInst = "DSP48">   --->   Core 119 'DSP48' <Latency = 3> <II = 1> <Delay = 2.15> <IPBlock> <Opcode : 'mul' 'add' 'sub' 'select'> <InPorts = 0> <OutPorts = 1> <Sync> <CReg>
ST_38 : Operation 1041 [3/3] (1.05ns) (grouped into DSP with root node add_ln114)   --->   "%mul_ln49_2 = mul i30 %sext_ln49, i30 12299" [../import_files/import_files/2D_idct.cpp:49]   --->   Operation 1041 'mul' 'mul_ln49_2' <Predicate = true> <Delay = 1.05> <CoreInst = "DSP48">   --->   Core 119 'DSP48' <Latency = 3> <II = 1> <Delay = 2.15> <IPBlock> <Opcode : 'mul' 'add' 'sub' 'select'> <InPorts = 0> <OutPorts = 1> <Sync> <CReg>
ST_38 : Operation 1042 [2/4] (1.05ns) (root node of the DSP)   --->   "%mul_ln51_2 = mul i30 %sext_ln51_59, i30 1073734451" [../import_files/import_files/2D_idct.cpp:51]   --->   Operation 1042 'mul' 'mul_ln51_2' <Predicate = true> <Delay = 1.05> <CoreInst = "DSP48">   --->   Core 119 'DSP48' <Latency = 3> <II = 1> <Delay = 2.15> <IPBlock> <Opcode : 'mul' 'add' 'sub' 'select'> <InPorts = 0> <OutPorts = 1> <Sync> <CReg>
ST_38 : Operation 1043 [2/4] (1.05ns) (root node of the DSP)   --->   "%mul_ln51_3 = mul i30 %sext_ln51_18, i30 1073720829" [../import_files/import_files/2D_idct.cpp:51]   --->   Operation 1043 'mul' 'mul_ln51_3' <Predicate = true> <Delay = 1.05> <CoreInst = "DSP48">   --->   Core 119 'DSP48' <Latency = 3> <II = 1> <Delay = 2.15> <IPBlock> <Opcode : 'mul' 'add' 'sub' 'select'> <InPorts = 0> <OutPorts = 1> <Sync> <CReg>
ST_38 : Operation 1044 [2/3] (1.05ns) (grouped into DSP with root node z3_2)   --->   "%mul_ln51_4 = mul i30 %sext_ln51_56, i30 1073725755" [../import_files/import_files/2D_idct.cpp:51]   --->   Operation 1044 'mul' 'mul_ln51_4' <Predicate = true> <Delay = 1.05> <CoreInst = "DSP48">   --->   Core 119 'DSP48' <Latency = 3> <II = 1> <Delay = 2.15> <IPBlock> <Opcode : 'mul' 'add' 'sub' 'select'> <InPorts = 0> <OutPorts = 1> <Sync> <CReg>
ST_38 : Operation 1045 [2/3] (1.05ns) (grouped into DSP with root node z4_2)   --->   "%z4_1 = mul i30 %sext_ln51_16, i30 1073738628" [../import_files/import_files/2D_idct.cpp:106]   --->   Operation 1045 'mul' 'z4_1' <Predicate = true> <Delay = 1.05> <CoreInst = "DSP48">   --->   Core 119 'DSP48' <Latency = 3> <II = 1> <Delay = 2.15> <IPBlock> <Opcode : 'mul' 'add' 'sub' 'select'> <InPorts = 0> <OutPorts = 1> <Sync> <CReg>
ST_38 : Operation 1046 [1/1] (0.00ns)   --->   "%sext_ln53_2 = sext i21 %workspace_49" [../import_files/import_files/2D_idct.cpp:53]   --->   Operation 1046 'sext' 'sext_ln53_2' <Predicate = true> <Delay = 0.00>
ST_38 : Operation 1047 [1/1] (0.00ns)   --->   "%sext_ln53_3 = sext i21 %workspace_50" [../import_files/import_files/2D_idct.cpp:53]   --->   Operation 1047 'sext' 'sext_ln53_3' <Predicate = true> <Delay = 0.00>
ST_38 : Operation 1048 [1/1] (0.00ns)   --->   "%sext_ln53_4 = sext i21 %workspace_51" [../import_files/import_files/2D_idct.cpp:53]   --->   Operation 1048 'sext' 'sext_ln53_4' <Predicate = true> <Delay = 0.00>
ST_38 : Operation 1049 [1/1] (0.00ns)   --->   "%sext_ln53_5 = sext i21 %workspace_52" [../import_files/import_files/2D_idct.cpp:53]   --->   Operation 1049 'sext' 'sext_ln53_5' <Predicate = true> <Delay = 0.00>
ST_38 : Operation 1050 [1/1] (0.00ns)   --->   "%sext_ln49_56 = sext i31 %tmp2_10" [../import_files/import_files/2D_idct.cpp:49]   --->   Operation 1050 'sext' 'sext_ln49_56' <Predicate = true> <Delay = 0.00>
ST_38 : Operation 1051 [1/1] (0.00ns)   --->   "%tmp1_10 = bitconcatenate i30 @_ssdm_op_BitConcatenate.i30.i17.i13, i17 %sub_ln77_2, i13 0" [../import_files/import_files/2D_idct.cpp:77]   --->   Operation 1051 'bitconcatenate' 'tmp1_10' <Predicate = true> <Delay = 0.00>
ST_38 : Operation 1052 [1/1] (0.00ns)   --->   "%sext_ln77_9 = sext i30 %tmp1_10" [../import_files/import_files/2D_idct.cpp:77]   --->   Operation 1052 'sext' 'sext_ln77_9' <Predicate = true> <Delay = 0.00>
ST_38 : Operation 1053 [1/1] (0.00ns) (grouped into TernaryAdder)   --->   "%tmp12_2 = sub i32 %sext_ln77_9, i32 %sext_ln49_56" [../import_files/import_files/2D_idct.cpp:82]   --->   Operation 1053 'sub' 'tmp12_2' <Predicate = true> <Delay = 0.00> <CoreInst = "TAddSub">   --->   Core 10 'TAddSub' <Latency = 0> <II = 1> <Delay = 2.18> <IPBlock> <Opcode : 'add' 'sub'> <InPorts = 3> <OutPorts = 1> <Sync> <CReg>
ST_38 : Operation 1054 [1/2] (2.10ns) (root node of the DSP)   --->   "%add_ln113_4 = add i32 %tmp2_12, i32 %z3_19" [../import_files/import_files/2D_idct.cpp:113]   --->   Operation 1054 'add' 'add_ln113_4' <Predicate = true> <Delay = 2.10> <CoreInst = "DSP48">   --->   Core 119 'DSP48' <Latency = 3> <II = 1> <Delay = 2.15> <IPBlock> <Opcode : 'mul' 'add' 'sub' 'select'> <InPorts = 0> <OutPorts = 1> <Sync> <CReg>
ST_38 : Operation 1055 [1/1] (2.55ns)   --->   "%tmp2_13 = add i32 %add_ln113_4, i32 %z2_11" [../import_files/import_files/2D_idct.cpp:113]   --->   Operation 1055 'add' 'tmp2_13' <Predicate = true> <Delay = 2.55> <CoreInst = "Adder">   --->   Core 1 'Adder' <Latency = 0> <II = 1> <Delay = 2.55> <FuncUnit> <Opcode : 'add' 'sub'> <InPorts = 2> <OutPorts = 1>
ST_38 : Operation 1056 [1/2] (2.10ns) (root node of the DSP)   --->   "%add_ln112_4 = add i32 %tmp1_12, i32 %z4_8" [../import_files/import_files/2D_idct.cpp:112]   --->   Operation 1056 'add' 'add_ln112_4' <Predicate = true> <Delay = 2.10> <CoreInst = "DSP48">   --->   Core 119 'DSP48' <Latency = 3> <II = 1> <Delay = 2.15> <IPBlock> <Opcode : 'mul' 'add' 'sub' 'select'> <InPorts = 0> <OutPorts = 1> <Sync> <CReg>
ST_38 : Operation 1057 [1/1] (2.55ns)   --->   "%tmp1_13 = add i32 %add_ln112_4, i32 %z2_11" [../import_files/import_files/2D_idct.cpp:112]   --->   Operation 1057 'add' 'tmp1_13' <Predicate = true> <Delay = 2.55> <CoreInst = "Adder">   --->   Core 1 'Adder' <Latency = 0> <II = 1> <Delay = 2.55> <FuncUnit> <Opcode : 'add' 'sub'> <InPorts = 2> <OutPorts = 1>
ST_38 : Operation 1058 [1/1] (0.00ns)   --->   "%sext_ln53_8 = sext i21 %workspace_55" [../import_files/import_files/2D_idct.cpp:53]   --->   Operation 1058 'sext' 'sext_ln53_8' <Predicate = true> <Delay = 0.00>
ST_38 : Operation 1059 [1/1] (0.00ns)   --->   "%sext_ln53_9 = sext i21 %workspace_56" [../import_files/import_files/2D_idct.cpp:53]   --->   Operation 1059 'sext' 'sext_ln53_9' <Predicate = true> <Delay = 0.00>
ST_38 : Operation 1060 [1/1] (2.52ns)   --->   "%add_ln81_1 = add i31 %tmp2_10, i31 1024" [../import_files/import_files/2D_idct.cpp:81]   --->   Operation 1060 'add' 'add_ln81_1' <Predicate = true> <Delay = 2.52> <CoreInst = "Adder">   --->   Core 1 'Adder' <Latency = 0> <II = 1> <Delay = 2.52> <FuncUnit> <Opcode : 'add' 'sub'> <InPorts = 2> <OutPorts = 1>
ST_38 : Operation 1061 [1/1] (0.00ns)   --->   "%sext_ln120_2 = sext i31 %add_ln81_1" [../import_files/import_files/2D_idct.cpp:120]   --->   Operation 1061 'sext' 'sext_ln120_2' <Predicate = true> <Delay = 0.00>
ST_38 : Operation 1062 [1/1] (2.52ns)   --->   "%add_ln120_4 = add i32 %sext_ln77_9, i32 %sext_ln120_2" [../import_files/import_files/2D_idct.cpp:120]   --->   Operation 1062 'add' 'add_ln120_4' <Predicate = true> <Delay = 2.52> <CoreInst = "Adder">   --->   Core 1 'Adder' <Latency = 0> <II = 1> <Delay = 2.52> <FuncUnit> <Opcode : 'add' 'sub'> <InPorts = 2> <OutPorts = 1>
ST_38 : Operation 1063 [1/1] (2.55ns)   --->   "%sub_ln121_2 = sub i32 %add_ln120_4, i32 %tmp2_13" [../import_files/import_files/2D_idct.cpp:121]   --->   Operation 1063 'sub' 'sub_ln121_2' <Predicate = true> <Delay = 2.55> <CoreInst = "Adder">   --->   Core 1 'Adder' <Latency = 0> <II = 1> <Delay = 2.55> <FuncUnit> <Opcode : 'add' 'sub'> <InPorts = 2> <OutPorts = 1>
ST_38 : Operation 1064 [1/1] (2.55ns)   --->   "%add_ln120_5 = add i32 %tmp2_13, i32 %add_ln120_4" [../import_files/import_files/2D_idct.cpp:120]   --->   Operation 1064 'add' 'add_ln120_5' <Predicate = true> <Delay = 2.55> <CoreInst = "Adder">   --->   Core 1 'Adder' <Latency = 0> <II = 1> <Delay = 2.55> <FuncUnit> <Opcode : 'add' 'sub'> <InPorts = 2> <OutPorts = 1>
ST_38 : Operation 1065 [1/1] (0.00ns)   --->   "%workspace_57 = partselect i21 @_ssdm_op_PartSelect.i21.i32.i32.i32, i32 %add_ln120_5, i32 11, i32 31" [../import_files/import_files/2D_idct.cpp:120]   --->   Operation 1065 'partselect' 'workspace_57' <Predicate = true> <Delay = 0.00>
ST_38 : Operation 1066 [1/1] (0.00ns)   --->   "%workspace_58 = partselect i21 @_ssdm_op_PartSelect.i21.i32.i32.i32, i32 %sub_ln121_2, i32 11, i32 31" [../import_files/import_files/2D_idct.cpp:121]   --->   Operation 1066 'partselect' 'workspace_58' <Predicate = true> <Delay = 0.00>
ST_38 : Operation 1067 [1/1] (4.37ns) (root node of TernaryAdder)   --->   "%add_ln122_4 = add i32 %tmp12_2, i32 1024" [../import_files/import_files/2D_idct.cpp:122]   --->   Operation 1067 'add' 'add_ln122_4' <Predicate = true> <Delay = 4.37> <CoreInst = "TAddSub">   --->   Core 10 'TAddSub' <Latency = 0> <II = 1> <Delay = 2.18> <IPBlock> <Opcode : 'add' 'sub'> <InPorts = 3> <OutPorts = 1> <Sync> <CReg>
ST_38 : Operation 1068 [1/1] (2.55ns)   --->   "%sub_ln123_2 = sub i32 %add_ln122_4, i32 %tmp1_13" [../import_files/import_files/2D_idct.cpp:123]   --->   Operation 1068 'sub' 'sub_ln123_2' <Predicate = true> <Delay = 2.55> <CoreInst = "Adder">   --->   Core 1 'Adder' <Latency = 0> <II = 1> <Delay = 2.55> <FuncUnit> <Opcode : 'add' 'sub'> <InPorts = 2> <OutPorts = 1>
ST_38 : Operation 1069 [1/1] (2.55ns)   --->   "%add_ln122_5 = add i32 %tmp1_13, i32 %add_ln122_4" [../import_files/import_files/2D_idct.cpp:122]   --->   Operation 1069 'add' 'add_ln122_5' <Predicate = true> <Delay = 2.55> <CoreInst = "Adder">   --->   Core 1 'Adder' <Latency = 0> <II = 1> <Delay = 2.55> <FuncUnit> <Opcode : 'add' 'sub'> <InPorts = 2> <OutPorts = 1>
ST_38 : Operation 1070 [1/1] (0.00ns)   --->   "%workspace_59 = partselect i21 @_ssdm_op_PartSelect.i21.i32.i32.i32, i32 %add_ln122_5, i32 11, i32 31" [../import_files/import_files/2D_idct.cpp:122]   --->   Operation 1070 'partselect' 'workspace_59' <Predicate = true> <Delay = 0.00>
ST_38 : Operation 1071 [1/1] (0.00ns)   --->   "%workspace_60 = partselect i21 @_ssdm_op_PartSelect.i21.i32.i32.i32, i32 %sub_ln123_2, i32 11, i32 31" [../import_files/import_files/2D_idct.cpp:123]   --->   Operation 1071 'partselect' 'workspace_60' <Predicate = true> <Delay = 0.00>
ST_38 : Operation 1072 [1/1] (0.00ns)   --->   "%sext_ln53_14 = sext i21 %workspace_61" [../import_files/import_files/2D_idct.cpp:53]   --->   Operation 1072 'sext' 'sext_ln53_14' <Predicate = true> <Delay = 0.00>
ST_38 : Operation 1073 [1/1] (0.00ns)   --->   "%sext_ln53_15 = sext i21 %workspace_62" [../import_files/import_files/2D_idct.cpp:53]   --->   Operation 1073 'sext' 'sext_ln53_15' <Predicate = true> <Delay = 0.00>
ST_38 : Operation 1074 [1/1] (0.00ns)   --->   "%sext_ln53_18 = sext i21 %workspace_65" [../import_files/import_files/2D_idct.cpp:53]   --->   Operation 1074 'sext' 'sext_ln53_18' <Predicate = true> <Delay = 0.00>
ST_38 : Operation 1075 [1/1] (0.00ns)   --->   "%sext_ln53_19 = sext i21 %workspace_66" [../import_files/import_files/2D_idct.cpp:53]   --->   Operation 1075 'sext' 'sext_ln53_19' <Predicate = true> <Delay = 0.00>
ST_38 : Operation 1076 [1/1] (0.00ns)   --->   "%sext_ln53_20 = sext i21 %workspace_67" [../import_files/import_files/2D_idct.cpp:53]   --->   Operation 1076 'sext' 'sext_ln53_20' <Predicate = true> <Delay = 0.00>
ST_38 : Operation 1077 [1/1] (0.00ns)   --->   "%sext_ln53_21 = sext i21 %workspace_68" [../import_files/import_files/2D_idct.cpp:53]   --->   Operation 1077 'sext' 'sext_ln53_21' <Predicate = true> <Delay = 0.00>
ST_38 : Operation 1078 [2/4] (1.05ns) (root node of the DSP)   --->   "%mul_ln51_5 = mul i30 %sext_ln51_49, i30 4433" [../import_files/import_files/2D_idct.cpp:51]   --->   Operation 1078 'mul' 'mul_ln51_5' <Predicate = true> <Delay = 1.05> <CoreInst = "DSP48">   --->   Core 119 'DSP48' <Latency = 3> <II = 1> <Delay = 2.15> <IPBlock> <Opcode : 'mul' 'add' 'sub' 'select'> <InPorts = 0> <OutPorts = 1> <Sync> <CReg>
ST_38 : Operation 1079 [2/3] (1.05ns) (grouped into DSP with root node tmp2_17)   --->   "%mul_ln70_4 = mul i30 %sext_ln70_1, i30 1073726687" [../import_files/import_files/2D_idct.cpp:70]   --->   Operation 1079 'mul' 'mul_ln70_4' <Predicate = true> <Delay = 1.05> <CoreInst = "DSP48">   --->   Core 119 'DSP48' <Latency = 3> <II = 1> <Delay = 2.15> <IPBlock> <Opcode : 'mul' 'add' 'sub' 'select'> <InPorts = 0> <OutPorts = 1> <Sync> <CReg>
ST_38 : Operation 1080 [2/3] (1.05ns) (grouped into DSP with root node tmp3_17)   --->   "%mul_ln71_4 = mul i30 %sext_ln51_8, i30 6270" [../import_files/import_files/2D_idct.cpp:71]   --->   Operation 1080 'mul' 'mul_ln71_4' <Predicate = true> <Delay = 1.05> <CoreInst = "DSP48">   --->   Core 119 'DSP48' <Latency = 3> <II = 1> <Delay = 2.15> <IPBlock> <Opcode : 'mul' 'add' 'sub' 'select'> <InPorts = 0> <OutPorts = 1> <Sync> <CReg>
ST_38 : Operation 1081 [2/4] (1.05ns) (root node of the DSP)   --->   "%mul_ln51_6 = mul i30 %sext_ln51_71, i30 9633" [../import_files/import_files/2D_idct.cpp:51]   --->   Operation 1081 'mul' 'mul_ln51_6' <Predicate = true> <Delay = 1.05> <CoreInst = "DSP48">   --->   Core 119 'DSP48' <Latency = 3> <II = 1> <Delay = 2.15> <IPBlock> <Opcode : 'mul' 'add' 'sub' 'select'> <InPorts = 0> <OutPorts = 1> <Sync> <CReg>
ST_38 : Operation 1082 [3/3] (1.05ns) (grouped into DSP with root node add_ln111_8)   --->   "%tmp0_20 = mul i29 %sext_ln49_44, i29 2446" [../import_files/import_files/2D_idct.cpp:99]   --->   Operation 1082 'mul' 'tmp0_20' <Predicate = true> <Delay = 1.05> <CoreInst = "DSP48">   --->   Core 119 'DSP48' <Latency = 3> <II = 1> <Delay = 2.15> <IPBlock> <Opcode : 'mul' 'add' 'sub' 'select'> <InPorts = 0> <OutPorts = 1> <Sync> <CReg>
ST_38 : Operation 1083 [3/3] (1.05ns) (grouped into DSP with root node add_ln112_8)   --->   "%mul_ln49_3 = mul i30 %sext_ln49_31, i30 16819" [../import_files/import_files/2D_idct.cpp:49]   --->   Operation 1083 'mul' 'mul_ln49_3' <Predicate = true> <Delay = 1.05> <CoreInst = "DSP48">   --->   Core 119 'DSP48' <Latency = 3> <II = 1> <Delay = 2.15> <IPBlock> <Opcode : 'mul' 'add' 'sub' 'select'> <InPorts = 0> <OutPorts = 1> <Sync> <CReg>
ST_38 : Operation 1084 [3/3] (1.05ns) (grouped into DSP with root node add_ln113_8)   --->   "%mul_ln49_4 = mul i30 %sext_ln49_21, i30 25172" [../import_files/import_files/2D_idct.cpp:49]   --->   Operation 1084 'mul' 'mul_ln49_4' <Predicate = true> <Delay = 1.05> <CoreInst = "DSP48">   --->   Core 119 'DSP48' <Latency = 3> <II = 1> <Delay = 2.15> <IPBlock> <Opcode : 'mul' 'add' 'sub' 'select'> <InPorts = 0> <OutPorts = 1> <Sync> <CReg>
ST_38 : Operation 1085 [3/3] (1.05ns) (grouped into DSP with root node add_ln114_8)   --->   "%mul_ln49_5 = mul i30 %sext_ln49_8, i30 12299" [../import_files/import_files/2D_idct.cpp:49]   --->   Operation 1085 'mul' 'mul_ln49_5' <Predicate = true> <Delay = 1.05> <CoreInst = "DSP48">   --->   Core 119 'DSP48' <Latency = 3> <II = 1> <Delay = 2.15> <IPBlock> <Opcode : 'mul' 'add' 'sub' 'select'> <InPorts = 0> <OutPorts = 1> <Sync> <CReg>
ST_38 : Operation 1086 [2/4] (1.05ns) (root node of the DSP)   --->   "%mul_ln51_7 = mul i30 %sext_ln51_72, i30 1073734451" [../import_files/import_files/2D_idct.cpp:51]   --->   Operation 1086 'mul' 'mul_ln51_7' <Predicate = true> <Delay = 1.05> <CoreInst = "DSP48">   --->   Core 119 'DSP48' <Latency = 3> <II = 1> <Delay = 2.15> <IPBlock> <Opcode : 'mul' 'add' 'sub' 'select'> <InPorts = 0> <OutPorts = 1> <Sync> <CReg>
ST_38 : Operation 1087 [2/4] (1.05ns) (root node of the DSP)   --->   "%mul_ln51_8 = mul i30 %sext_ln51_30, i30 1073720829" [../import_files/import_files/2D_idct.cpp:51]   --->   Operation 1087 'mul' 'mul_ln51_8' <Predicate = true> <Delay = 1.05> <CoreInst = "DSP48">   --->   Core 119 'DSP48' <Latency = 3> <II = 1> <Delay = 2.15> <IPBlock> <Opcode : 'mul' 'add' 'sub' 'select'> <InPorts = 0> <OutPorts = 1> <Sync> <CReg>
ST_38 : Operation 1088 [2/3] (1.05ns) (grouped into DSP with root node z3_38)   --->   "%mul_ln51_9 = mul i30 %sext_ln51_69, i30 1073725755" [../import_files/import_files/2D_idct.cpp:51]   --->   Operation 1088 'mul' 'mul_ln51_9' <Predicate = true> <Delay = 1.05> <CoreInst = "DSP48">   --->   Core 119 'DSP48' <Latency = 3> <II = 1> <Delay = 2.15> <IPBlock> <Opcode : 'mul' 'add' 'sub' 'select'> <InPorts = 0> <OutPorts = 1> <Sync> <CReg>
ST_38 : Operation 1089 [2/3] (1.05ns) (grouped into DSP with root node z4_14)   --->   "%z4_13 = mul i30 %sext_ln51_28, i30 1073738628" [../import_files/import_files/2D_idct.cpp:106]   --->   Operation 1089 'mul' 'z4_13' <Predicate = true> <Delay = 1.05> <CoreInst = "DSP48">   --->   Core 119 'DSP48' <Latency = 3> <II = 1> <Delay = 2.15> <IPBlock> <Opcode : 'mul' 'add' 'sub' 'select'> <InPorts = 0> <OutPorts = 1> <Sync> <CReg>
ST_38 : Operation 1090 [1/1] (0.00ns)   --->   "%sext_ln51_86 = sext i22 %z4_24" [../import_files/import_files/2D_idct.cpp:51]   --->   Operation 1090 'sext' 'sext_ln51_86' <Predicate = true> <Delay = 0.00>
ST_38 : Operation 1091 [1/1] (0.00ns)   --->   "%sext_ln51_89 = sext i22 %z4_45" [../import_files/import_files/2D_idct.cpp:51]   --->   Operation 1091 'sext' 'sext_ln51_89' <Predicate = true> <Delay = 0.00>
ST_38 : Operation 1092 [1/1] (0.00ns)   --->   "%sext_ln53_26 = sext i21 %workspace_73" [../import_files/import_files/2D_idct.cpp:53]   --->   Operation 1092 'sext' 'sext_ln53_26' <Predicate = true> <Delay = 0.00>
ST_38 : Operation 1093 [1/1] (2.22ns)   --->   "%z4_27 = add i22 %sext_ln53_26, i22 %sext_ln53_2" [../import_files/import_files/2D_idct.cpp:167]   --->   Operation 1093 'add' 'z4_27' <Predicate = true> <Delay = 2.22> <CoreInst = "Adder">   --->   Core 1 'Adder' <Latency = 0> <II = 1> <Delay = 2.22> <FuncUnit> <Opcode : 'add' 'sub'> <InPorts = 2> <OutPorts = 1>
ST_38 : Operation 1094 [1/1] (0.00ns)   --->   "%sext_ln51_93 = sext i22 %z4_27" [../import_files/import_files/2D_idct.cpp:51]   --->   Operation 1094 'sext' 'sext_ln51_93' <Predicate = true> <Delay = 0.00>
ST_38 : Operation 1095 [1/1] (2.25ns) (grouped into DSP with root node z2_34)   --->   "%z2_32 = add i22 %sext_ln53_26, i22 %sext_ln53_18" [../import_files/import_files/2D_idct.cpp:165]   --->   Operation 1095 'add' 'z2_32' <Predicate = true> <Delay = 2.25> <CoreInst = "DSP48">   --->   Core 119 'DSP48' <Latency = 3> <II = 1> <Delay = 2.15> <IPBlock> <Opcode : 'mul' 'add' 'sub' 'select'> <InPorts = 0> <OutPorts = 1> <Sync> <CReg>
ST_38 : Operation 1096 [1/1] (0.00ns) (grouped into DSP with root node z2_34)   --->   "%sext_ln51_94 = sext i22 %z2_32" [../import_files/import_files/2D_idct.cpp:51]   --->   Operation 1096 'sext' 'sext_ln51_94' <Predicate = true> <Delay = 0.00>
ST_38 : Operation 1097 [1/1] (0.00ns)   --->   "%sext_ln53_27 = sext i21 %workspace_74" [../import_files/import_files/2D_idct.cpp:53]   --->   Operation 1097 'sext' 'sext_ln53_27' <Predicate = true> <Delay = 0.00>
ST_38 : Operation 1098 [1/1] (2.22ns)   --->   "%z4_42 = add i22 %sext_ln53_27, i22 %sext_ln53_3" [../import_files/import_files/2D_idct.cpp:167]   --->   Operation 1098 'add' 'z4_42' <Predicate = true> <Delay = 2.22> <CoreInst = "Adder">   --->   Core 1 'Adder' <Latency = 0> <II = 1> <Delay = 2.22> <FuncUnit> <Opcode : 'add' 'sub'> <InPorts = 2> <OutPorts = 1>
ST_38 : Operation 1099 [1/1] (0.00ns)   --->   "%sext_ln51_96 = sext i22 %z4_42" [../import_files/import_files/2D_idct.cpp:51]   --->   Operation 1099 'sext' 'sext_ln51_96' <Predicate = true> <Delay = 0.00>
ST_38 : Operation 1100 [1/1] (2.25ns) (grouped into DSP with root node z2_53)   --->   "%z2_52 = add i22 %sext_ln53_27, i22 %sext_ln53_19" [../import_files/import_files/2D_idct.cpp:165]   --->   Operation 1100 'add' 'z2_52' <Predicate = true> <Delay = 2.25> <CoreInst = "DSP48">   --->   Core 119 'DSP48' <Latency = 3> <II = 1> <Delay = 2.15> <IPBlock> <Opcode : 'mul' 'add' 'sub' 'select'> <InPorts = 0> <OutPorts = 1> <Sync> <CReg>
ST_38 : Operation 1101 [1/1] (0.00ns) (grouped into DSP with root node z2_53)   --->   "%sext_ln51_97 = sext i22 %z2_52" [../import_files/import_files/2D_idct.cpp:51]   --->   Operation 1101 'sext' 'sext_ln51_97' <Predicate = true> <Delay = 0.00>
ST_38 : Operation 1102 [1/1] (0.00ns)   --->   "%sext_ln53_28 = sext i21 %workspace_75" [../import_files/import_files/2D_idct.cpp:53]   --->   Operation 1102 'sext' 'sext_ln53_28' <Predicate = true> <Delay = 0.00>
ST_38 : Operation 1103 [1/1] (2.22ns)   --->   "%z4_30 = add i22 %sext_ln53_28, i22 %sext_ln53_4" [../import_files/import_files/2D_idct.cpp:167]   --->   Operation 1103 'add' 'z4_30' <Predicate = true> <Delay = 2.22> <CoreInst = "Adder">   --->   Core 1 'Adder' <Latency = 0> <II = 1> <Delay = 2.22> <FuncUnit> <Opcode : 'add' 'sub'> <InPorts = 2> <OutPorts = 1>
ST_38 : Operation 1104 [1/1] (0.00ns)   --->   "%sext_ln51_99 = sext i22 %z4_30" [../import_files/import_files/2D_idct.cpp:51]   --->   Operation 1104 'sext' 'sext_ln51_99' <Predicate = true> <Delay = 0.00>
ST_38 : Operation 1105 [1/1] (2.25ns) (grouped into DSP with root node z2_38)   --->   "%z2_37 = add i22 %sext_ln53_28, i22 %sext_ln53_20" [../import_files/import_files/2D_idct.cpp:165]   --->   Operation 1105 'add' 'z2_37' <Predicate = true> <Delay = 2.25> <CoreInst = "DSP48">   --->   Core 119 'DSP48' <Latency = 3> <II = 1> <Delay = 2.15> <IPBlock> <Opcode : 'mul' 'add' 'sub' 'select'> <InPorts = 0> <OutPorts = 1> <Sync> <CReg>
ST_38 : Operation 1106 [1/1] (0.00ns) (grouped into DSP with root node z2_38)   --->   "%sext_ln51_100 = sext i22 %z2_37" [../import_files/import_files/2D_idct.cpp:51]   --->   Operation 1106 'sext' 'sext_ln51_100' <Predicate = true> <Delay = 0.00>
ST_38 : Operation 1107 [1/1] (0.00ns)   --->   "%sext_ln53_29 = sext i21 %workspace_76" [../import_files/import_files/2D_idct.cpp:53]   --->   Operation 1107 'sext' 'sext_ln53_29' <Predicate = true> <Delay = 0.00>
ST_38 : Operation 1108 [1/1] (2.22ns)   --->   "%z4_39 = add i22 %sext_ln53_29, i22 %sext_ln53_5" [../import_files/import_files/2D_idct.cpp:167]   --->   Operation 1108 'add' 'z4_39' <Predicate = true> <Delay = 2.22> <CoreInst = "Adder">   --->   Core 1 'Adder' <Latency = 0> <II = 1> <Delay = 2.22> <FuncUnit> <Opcode : 'add' 'sub'> <InPorts = 2> <OutPorts = 1>
ST_38 : Operation 1109 [1/1] (0.00ns)   --->   "%sext_ln51_102 = sext i22 %z4_39" [../import_files/import_files/2D_idct.cpp:51]   --->   Operation 1109 'sext' 'sext_ln51_102' <Predicate = true> <Delay = 0.00>
ST_38 : Operation 1110 [1/1] (2.25ns) (grouped into DSP with root node z2_50)   --->   "%z2_49 = add i22 %sext_ln53_29, i22 %sext_ln53_21" [../import_files/import_files/2D_idct.cpp:165]   --->   Operation 1110 'add' 'z2_49' <Predicate = true> <Delay = 2.25> <CoreInst = "DSP48">   --->   Core 119 'DSP48' <Latency = 3> <II = 1> <Delay = 2.15> <IPBlock> <Opcode : 'mul' 'add' 'sub' 'select'> <InPorts = 0> <OutPorts = 1> <Sync> <CReg>
ST_38 : Operation 1111 [1/1] (0.00ns) (grouped into DSP with root node z2_50)   --->   "%sext_ln51_103 = sext i22 %z2_49" [../import_files/import_files/2D_idct.cpp:51]   --->   Operation 1111 'sext' 'sext_ln51_103' <Predicate = true> <Delay = 0.00>
ST_38 : Operation 1112 [1/1] (0.00ns)   --->   "%sext_ln51_104 = sext i22 %z4_33" [../import_files/import_files/2D_idct.cpp:51]   --->   Operation 1112 'sext' 'sext_ln51_104' <Predicate = true> <Delay = 0.00>
ST_38 : Operation 1113 [1/1] (0.00ns)   --->   "%sext_ln51_107 = sext i22 %z4_36" [../import_files/import_files/2D_idct.cpp:51]   --->   Operation 1113 'sext' 'sext_ln51_107' <Predicate = true> <Delay = 0.00>
ST_38 : Operation 1114 [1/1] (0.00ns)   --->   "%sext_ln49_66 = sext i31 %tmp2_23" [../import_files/import_files/2D_idct.cpp:49]   --->   Operation 1114 'sext' 'sext_ln49_66' <Predicate = true> <Delay = 0.00>
ST_38 : Operation 1115 [1/1] (0.00ns)   --->   "%tmp1_23 = bitconcatenate i30 @_ssdm_op_BitConcatenate.i30.i17.i13, i17 %sub_ln77_6, i13 0" [../import_files/import_files/2D_idct.cpp:77]   --->   Operation 1115 'bitconcatenate' 'tmp1_23' <Predicate = true> <Delay = 0.00>
ST_38 : Operation 1116 [1/1] (0.00ns)   --->   "%sext_ln77_12 = sext i30 %tmp1_23" [../import_files/import_files/2D_idct.cpp:77]   --->   Operation 1116 'sext' 'sext_ln77_12' <Predicate = true> <Delay = 0.00>
ST_38 : Operation 1117 [1/1] (0.00ns) (grouped into TernaryAdder)   --->   "%tmp12_6 = sub i32 %sext_ln77_12, i32 %sext_ln49_66" [../import_files/import_files/2D_idct.cpp:82]   --->   Operation 1117 'sub' 'tmp12_6' <Predicate = true> <Delay = 0.00> <CoreInst = "TAddSub">   --->   Core 10 'TAddSub' <Latency = 0> <II = 1> <Delay = 2.18> <IPBlock> <Opcode : 'add' 'sub'> <InPorts = 3> <OutPorts = 1> <Sync> <CReg>
ST_38 : Operation 1118 [1/2] (2.10ns) (root node of the DSP)   --->   "%add_ln113_12 = add i32 %tmp2_25, i32 %z3_63" [../import_files/import_files/2D_idct.cpp:113]   --->   Operation 1118 'add' 'add_ln113_12' <Predicate = true> <Delay = 2.10> <CoreInst = "DSP48">   --->   Core 119 'DSP48' <Latency = 3> <II = 1> <Delay = 2.15> <IPBlock> <Opcode : 'mul' 'add' 'sub' 'select'> <InPorts = 0> <OutPorts = 1> <Sync> <CReg>
ST_38 : Operation 1119 [1/1] (2.55ns)   --->   "%tmp2_26 = add i32 %add_ln113_12, i32 %z2_22" [../import_files/import_files/2D_idct.cpp:113]   --->   Operation 1119 'add' 'tmp2_26' <Predicate = true> <Delay = 2.55> <CoreInst = "Adder">   --->   Core 1 'Adder' <Latency = 0> <II = 1> <Delay = 2.55> <FuncUnit> <Opcode : 'add' 'sub'> <InPorts = 2> <OutPorts = 1>
ST_38 : Operation 1120 [1/2] (2.10ns) (root node of the DSP)   --->   "%add_ln112_12 = add i32 %tmp1_25, i32 %z4_20" [../import_files/import_files/2D_idct.cpp:112]   --->   Operation 1120 'add' 'add_ln112_12' <Predicate = true> <Delay = 2.10> <CoreInst = "DSP48">   --->   Core 119 'DSP48' <Latency = 3> <II = 1> <Delay = 2.15> <IPBlock> <Opcode : 'mul' 'add' 'sub' 'select'> <InPorts = 0> <OutPorts = 1> <Sync> <CReg>
ST_38 : Operation 1121 [1/1] (2.55ns)   --->   "%tmp1_26 = add i32 %add_ln112_12, i32 %z2_22" [../import_files/import_files/2D_idct.cpp:112]   --->   Operation 1121 'add' 'tmp1_26' <Predicate = true> <Delay = 2.55> <CoreInst = "Adder">   --->   Core 1 'Adder' <Latency = 0> <II = 1> <Delay = 2.55> <FuncUnit> <Opcode : 'add' 'sub'> <InPorts = 2> <OutPorts = 1>
ST_38 : Operation 1122 [1/1] (0.00ns)   --->   "%sext_ln53_32 = sext i21 %workspace_79" [../import_files/import_files/2D_idct.cpp:53]   --->   Operation 1122 'sext' 'sext_ln53_32' <Predicate = true> <Delay = 0.00>
ST_38 : Operation 1123 [1/1] (2.25ns) (grouped into DSP with root node z1_20)   --->   "%add_ln143 = add i22 %sext_ln53_32, i22 %sext_ln53_8" [../import_files/import_files/2D_idct.cpp:143]   --->   Operation 1123 'add' 'add_ln143' <Predicate = true> <Delay = 2.25> <CoreInst = "DSP48">   --->   Core 119 'DSP48' <Latency = 3> <II = 1> <Delay = 2.15> <IPBlock> <Opcode : 'mul' 'add' 'sub' 'select'> <InPorts = 0> <OutPorts = 1> <Sync> <CReg>
ST_38 : Operation 1124 [1/1] (0.00ns) (grouped into DSP with root node z1_20)   --->   "%sext_ln143 = sext i22 %add_ln143" [../import_files/import_files/2D_idct.cpp:143]   --->   Operation 1124 'sext' 'sext_ln143' <Predicate = true> <Delay = 0.00>
ST_38 : Operation 1125 [1/1] (0.00ns)   --->   "%sext_ln53_33 = sext i21 %workspace_80" [../import_files/import_files/2D_idct.cpp:53]   --->   Operation 1125 'sext' 'sext_ln53_33' <Predicate = true> <Delay = 0.00>
ST_38 : Operation 1126 [1/1] (2.25ns) (grouped into DSP with root node z1_41)   --->   "%add_ln143_7 = add i22 %sext_ln53_33, i22 %sext_ln53_9" [../import_files/import_files/2D_idct.cpp:143]   --->   Operation 1126 'add' 'add_ln143_7' <Predicate = true> <Delay = 2.25> <CoreInst = "DSP48">   --->   Core 119 'DSP48' <Latency = 3> <II = 1> <Delay = 2.15> <IPBlock> <Opcode : 'mul' 'add' 'sub' 'select'> <InPorts = 0> <OutPorts = 1> <Sync> <CReg>
ST_38 : Operation 1127 [1/1] (0.00ns) (grouped into DSP with root node z1_41)   --->   "%sext_ln143_1 = sext i22 %add_ln143_7" [../import_files/import_files/2D_idct.cpp:143]   --->   Operation 1127 'sext' 'sext_ln143_1' <Predicate = true> <Delay = 0.00>
ST_38 : Operation 1128 [1/1] (2.52ns)   --->   "%add_ln81_4 = add i31 %tmp2_23, i31 1024" [../import_files/import_files/2D_idct.cpp:81]   --->   Operation 1128 'add' 'add_ln81_4' <Predicate = true> <Delay = 2.52> <CoreInst = "Adder">   --->   Core 1 'Adder' <Latency = 0> <II = 1> <Delay = 2.52> <FuncUnit> <Opcode : 'add' 'sub'> <InPorts = 2> <OutPorts = 1>
ST_38 : Operation 1129 [1/1] (0.00ns)   --->   "%sext_ln120_8 = sext i31 %add_ln81_4" [../import_files/import_files/2D_idct.cpp:120]   --->   Operation 1129 'sext' 'sext_ln120_8' <Predicate = true> <Delay = 0.00>
ST_38 : Operation 1130 [1/1] (2.52ns)   --->   "%add_ln120_12 = add i32 %sext_ln77_12, i32 %sext_ln120_8" [../import_files/import_files/2D_idct.cpp:120]   --->   Operation 1130 'add' 'add_ln120_12' <Predicate = true> <Delay = 2.52> <CoreInst = "Adder">   --->   Core 1 'Adder' <Latency = 0> <II = 1> <Delay = 2.52> <FuncUnit> <Opcode : 'add' 'sub'> <InPorts = 2> <OutPorts = 1>
ST_38 : Operation 1131 [1/1] (2.55ns)   --->   "%sub_ln121_6 = sub i32 %add_ln120_12, i32 %tmp2_26" [../import_files/import_files/2D_idct.cpp:121]   --->   Operation 1131 'sub' 'sub_ln121_6' <Predicate = true> <Delay = 2.55> <CoreInst = "Adder">   --->   Core 1 'Adder' <Latency = 0> <II = 1> <Delay = 2.55> <FuncUnit> <Opcode : 'add' 'sub'> <InPorts = 2> <OutPorts = 1>
ST_38 : Operation 1132 [1/1] (2.55ns)   --->   "%add_ln120_13 = add i32 %tmp2_26, i32 %add_ln120_12" [../import_files/import_files/2D_idct.cpp:120]   --->   Operation 1132 'add' 'add_ln120_13' <Predicate = true> <Delay = 2.55> <CoreInst = "Adder">   --->   Core 1 'Adder' <Latency = 0> <II = 1> <Delay = 2.55> <FuncUnit> <Opcode : 'add' 'sub'> <InPorts = 2> <OutPorts = 1>
ST_38 : Operation 1133 [1/1] (0.00ns)   --->   "%workspace_81 = partselect i21 @_ssdm_op_PartSelect.i21.i32.i32.i32, i32 %add_ln120_13, i32 11, i32 31" [../import_files/import_files/2D_idct.cpp:120]   --->   Operation 1133 'partselect' 'workspace_81' <Predicate = true> <Delay = 0.00>
ST_38 : Operation 1134 [1/1] (0.00ns)   --->   "%workspace_82 = partselect i21 @_ssdm_op_PartSelect.i21.i32.i32.i32, i32 %sub_ln121_6, i32 11, i32 31" [../import_files/import_files/2D_idct.cpp:121]   --->   Operation 1134 'partselect' 'workspace_82' <Predicate = true> <Delay = 0.00>
ST_38 : Operation 1135 [1/1] (4.37ns) (root node of TernaryAdder)   --->   "%add_ln122_12 = add i32 %tmp12_6, i32 1024" [../import_files/import_files/2D_idct.cpp:122]   --->   Operation 1135 'add' 'add_ln122_12' <Predicate = true> <Delay = 4.37> <CoreInst = "TAddSub">   --->   Core 10 'TAddSub' <Latency = 0> <II = 1> <Delay = 2.18> <IPBlock> <Opcode : 'add' 'sub'> <InPorts = 3> <OutPorts = 1> <Sync> <CReg>
ST_38 : Operation 1136 [1/1] (2.55ns)   --->   "%sub_ln123_6 = sub i32 %add_ln122_12, i32 %tmp1_26" [../import_files/import_files/2D_idct.cpp:123]   --->   Operation 1136 'sub' 'sub_ln123_6' <Predicate = true> <Delay = 2.55> <CoreInst = "Adder">   --->   Core 1 'Adder' <Latency = 0> <II = 1> <Delay = 2.55> <FuncUnit> <Opcode : 'add' 'sub'> <InPorts = 2> <OutPorts = 1>
ST_38 : Operation 1137 [1/1] (2.55ns)   --->   "%add_ln122_13 = add i32 %tmp1_26, i32 %add_ln122_12" [../import_files/import_files/2D_idct.cpp:122]   --->   Operation 1137 'add' 'add_ln122_13' <Predicate = true> <Delay = 2.55> <CoreInst = "Adder">   --->   Core 1 'Adder' <Latency = 0> <II = 1> <Delay = 2.55> <FuncUnit> <Opcode : 'add' 'sub'> <InPorts = 2> <OutPorts = 1>
ST_38 : Operation 1138 [1/1] (0.00ns)   --->   "%workspace_83 = partselect i21 @_ssdm_op_PartSelect.i21.i32.i32.i32, i32 %add_ln122_13, i32 11, i32 31" [../import_files/import_files/2D_idct.cpp:122]   --->   Operation 1138 'partselect' 'workspace_83' <Predicate = true> <Delay = 0.00>
ST_38 : Operation 1139 [1/1] (0.00ns)   --->   "%workspace_84 = partselect i21 @_ssdm_op_PartSelect.i21.i32.i32.i32, i32 %sub_ln123_6, i32 11, i32 31" [../import_files/import_files/2D_idct.cpp:123]   --->   Operation 1139 'partselect' 'workspace_84' <Predicate = true> <Delay = 0.00>
ST_38 : Operation 1140 [1/1] (0.00ns)   --->   "%sext_ln53_38 = sext i21 %workspace_85" [../import_files/import_files/2D_idct.cpp:53]   --->   Operation 1140 'sext' 'sext_ln53_38' <Predicate = true> <Delay = 0.00>
ST_38 : Operation 1141 [1/1] (2.25ns) (grouped into DSP with root node z1_29)   --->   "%add_ln143_3 = add i22 %sext_ln53_38, i22 %sext_ln53_14" [../import_files/import_files/2D_idct.cpp:143]   --->   Operation 1141 'add' 'add_ln143_3' <Predicate = true> <Delay = 2.25> <CoreInst = "DSP48">   --->   Core 119 'DSP48' <Latency = 3> <II = 1> <Delay = 2.15> <IPBlock> <Opcode : 'mul' 'add' 'sub' 'select'> <InPorts = 0> <OutPorts = 1> <Sync> <CReg>
ST_38 : Operation 1142 [1/1] (0.00ns) (grouped into DSP with root node z1_29)   --->   "%sext_ln143_6 = sext i22 %add_ln143_3" [../import_files/import_files/2D_idct.cpp:143]   --->   Operation 1142 'sext' 'sext_ln143_6' <Predicate = true> <Delay = 0.00>
ST_38 : Operation 1143 [1/1] (0.00ns)   --->   "%sext_ln53_39 = sext i21 %workspace_86" [../import_files/import_files/2D_idct.cpp:53]   --->   Operation 1143 'sext' 'sext_ln53_39' <Predicate = true> <Delay = 0.00>
ST_38 : Operation 1144 [1/1] (2.25ns) (grouped into DSP with root node z1_32)   --->   "%add_ln143_4 = add i22 %sext_ln53_39, i22 %sext_ln53_15" [../import_files/import_files/2D_idct.cpp:143]   --->   Operation 1144 'add' 'add_ln143_4' <Predicate = true> <Delay = 2.25> <CoreInst = "DSP48">   --->   Core 119 'DSP48' <Latency = 3> <II = 1> <Delay = 2.15> <IPBlock> <Opcode : 'mul' 'add' 'sub' 'select'> <InPorts = 0> <OutPorts = 1> <Sync> <CReg>
ST_38 : Operation 1145 [1/1] (0.00ns) (grouped into DSP with root node z1_32)   --->   "%sext_ln143_7 = sext i22 %add_ln143_4" [../import_files/import_files/2D_idct.cpp:143]   --->   Operation 1145 'sext' 'sext_ln143_7' <Predicate = true> <Delay = 0.00>
ST_38 : Operation 1146 [1/1] (0.00ns)   --->   "%sext_ln51_112 = sext i22 %z3_68" [../import_files/import_files/2D_idct.cpp:51]   --->   Operation 1146 'sext' 'sext_ln51_112' <Predicate = true> <Delay = 0.00>
ST_38 : Operation 1147 [1/1] (0.00ns)   --->   "%sext_ln51_115 = sext i22 %z3_96" [../import_files/import_files/2D_idct.cpp:51]   --->   Operation 1147 'sext' 'sext_ln51_115' <Predicate = true> <Delay = 0.00>
ST_38 : Operation 1148 [1/1] (0.00ns)   --->   "%sext_ln53_42 = sext i21 %workspace_89" [../import_files/import_files/2D_idct.cpp:53]   --->   Operation 1148 'sext' 'sext_ln53_42' <Predicate = true> <Delay = 0.00>
ST_38 : Operation 1149 [1/1] (2.22ns)   --->   "%z3_72 = add i22 %sext_ln53_42, i22 %sext_ln53_18" [../import_files/import_files/2D_idct.cpp:166]   --->   Operation 1149 'add' 'z3_72' <Predicate = true> <Delay = 2.22> <CoreInst = "Adder">   --->   Core 1 'Adder' <Latency = 0> <II = 1> <Delay = 2.22> <FuncUnit> <Opcode : 'add' 'sub'> <InPorts = 2> <OutPorts = 1>
ST_38 : Operation 1150 [1/1] (0.00ns)   --->   "%sext_ln51_119 = sext i22 %z3_72" [../import_files/import_files/2D_idct.cpp:51]   --->   Operation 1150 'sext' 'sext_ln51_119' <Predicate = true> <Delay = 0.00>
ST_38 : Operation 1151 [1/1] (2.25ns) (grouped into DSP with root node z5_7)   --->   "%add_ln168_1 = add i23 %sext_ln51_119, i23 %sext_ln51_93" [../import_files/import_files/2D_idct.cpp:168]   --->   Operation 1151 'add' 'add_ln168_1' <Predicate = true> <Delay = 2.25> <CoreInst = "DSP48">   --->   Core 119 'DSP48' <Latency = 3> <II = 1> <Delay = 2.15> <IPBlock> <Opcode : 'mul' 'add' 'sub' 'select'> <InPorts = 0> <OutPorts = 1> <Sync> <CReg>
ST_38 : Operation 1152 [1/1] (0.00ns) (grouped into DSP with root node z5_7)   --->   "%sext_ln168_2 = sext i23 %add_ln168_1" [../import_files/import_files/2D_idct.cpp:168]   --->   Operation 1152 'sext' 'sext_ln168_2' <Predicate = true> <Delay = 0.00>
ST_38 : Operation 1153 [1/1] (2.25ns) (grouped into DSP with root node z1_25)   --->   "%z1_24 = add i22 %sext_ln53_42, i22 %sext_ln53_2" [../import_files/import_files/2D_idct.cpp:164]   --->   Operation 1153 'add' 'z1_24' <Predicate = true> <Delay = 2.25> <CoreInst = "DSP48">   --->   Core 119 'DSP48' <Latency = 3> <II = 1> <Delay = 2.15> <IPBlock> <Opcode : 'mul' 'add' 'sub' 'select'> <InPorts = 0> <OutPorts = 1> <Sync> <CReg>
ST_38 : Operation 1154 [1/1] (0.00ns) (grouped into DSP with root node z1_25)   --->   "%sext_ln51_120 = sext i22 %z1_24" [../import_files/import_files/2D_idct.cpp:51]   --->   Operation 1154 'sext' 'sext_ln51_120' <Predicate = true> <Delay = 0.00>
ST_38 : Operation 1155 [1/1] (0.00ns)   --->   "%sext_ln53_43 = sext i21 %workspace_90" [../import_files/import_files/2D_idct.cpp:53]   --->   Operation 1155 'sext' 'sext_ln53_43' <Predicate = true> <Delay = 0.00>
ST_38 : Operation 1156 [1/1] (2.22ns)   --->   "%z3_92 = add i22 %sext_ln53_43, i22 %sext_ln53_19" [../import_files/import_files/2D_idct.cpp:166]   --->   Operation 1156 'add' 'z3_92' <Predicate = true> <Delay = 2.22> <CoreInst = "Adder">   --->   Core 1 'Adder' <Latency = 0> <II = 1> <Delay = 2.22> <FuncUnit> <Opcode : 'add' 'sub'> <InPorts = 2> <OutPorts = 1>
ST_38 : Operation 1157 [1/1] (0.00ns)   --->   "%sext_ln51_122 = sext i22 %z3_92" [../import_files/import_files/2D_idct.cpp:51]   --->   Operation 1157 'sext' 'sext_ln51_122' <Predicate = true> <Delay = 0.00>
ST_38 : Operation 1158 [1/1] (2.25ns) (grouped into DSP with root node z5_12)   --->   "%add_ln168_6 = add i23 %sext_ln51_122, i23 %sext_ln51_96" [../import_files/import_files/2D_idct.cpp:168]   --->   Operation 1158 'add' 'add_ln168_6' <Predicate = true> <Delay = 2.25> <CoreInst = "DSP48">   --->   Core 119 'DSP48' <Latency = 3> <II = 1> <Delay = 2.15> <IPBlock> <Opcode : 'mul' 'add' 'sub' 'select'> <InPorts = 0> <OutPorts = 1> <Sync> <CReg>
ST_38 : Operation 1159 [1/1] (0.00ns) (grouped into DSP with root node z5_12)   --->   "%sext_ln168_3 = sext i23 %add_ln168_6" [../import_files/import_files/2D_idct.cpp:168]   --->   Operation 1159 'sext' 'sext_ln168_3' <Predicate = true> <Delay = 0.00>
ST_38 : Operation 1160 [1/1] (2.25ns) (grouped into DSP with root node z1_40)   --->   "%z1_39 = add i22 %sext_ln53_43, i22 %sext_ln53_3" [../import_files/import_files/2D_idct.cpp:164]   --->   Operation 1160 'add' 'z1_39' <Predicate = true> <Delay = 2.25> <CoreInst = "DSP48">   --->   Core 119 'DSP48' <Latency = 3> <II = 1> <Delay = 2.15> <IPBlock> <Opcode : 'mul' 'add' 'sub' 'select'> <InPorts = 0> <OutPorts = 1> <Sync> <CReg>
ST_38 : Operation 1161 [1/1] (0.00ns) (grouped into DSP with root node z1_40)   --->   "%sext_ln51_123 = sext i22 %z1_39" [../import_files/import_files/2D_idct.cpp:51]   --->   Operation 1161 'sext' 'sext_ln51_123' <Predicate = true> <Delay = 0.00>
ST_38 : Operation 1162 [1/1] (0.00ns)   --->   "%sext_ln53_44 = sext i21 %workspace_91" [../import_files/import_files/2D_idct.cpp:53]   --->   Operation 1162 'sext' 'sext_ln53_44' <Predicate = true> <Delay = 0.00>
ST_38 : Operation 1163 [1/1] (2.22ns)   --->   "%z3_76 = add i22 %sext_ln53_44, i22 %sext_ln53_20" [../import_files/import_files/2D_idct.cpp:166]   --->   Operation 1163 'add' 'z3_76' <Predicate = true> <Delay = 2.22> <CoreInst = "Adder">   --->   Core 1 'Adder' <Latency = 0> <II = 1> <Delay = 2.22> <FuncUnit> <Opcode : 'add' 'sub'> <InPorts = 2> <OutPorts = 1>
ST_38 : Operation 1164 [1/1] (0.00ns)   --->   "%sext_ln51_125 = sext i22 %z3_76" [../import_files/import_files/2D_idct.cpp:51]   --->   Operation 1164 'sext' 'sext_ln51_125' <Predicate = true> <Delay = 0.00>
ST_38 : Operation 1165 [1/1] (2.25ns) (grouped into DSP with root node z5_8)   --->   "%add_ln168_2 = add i23 %sext_ln51_125, i23 %sext_ln51_99" [../import_files/import_files/2D_idct.cpp:168]   --->   Operation 1165 'add' 'add_ln168_2' <Predicate = true> <Delay = 2.25> <CoreInst = "DSP48">   --->   Core 119 'DSP48' <Latency = 3> <II = 1> <Delay = 2.15> <IPBlock> <Opcode : 'mul' 'add' 'sub' 'select'> <InPorts = 0> <OutPorts = 1> <Sync> <CReg>
ST_38 : Operation 1166 [1/1] (0.00ns) (grouped into DSP with root node z5_8)   --->   "%sext_ln168_4 = sext i23 %add_ln168_2" [../import_files/import_files/2D_idct.cpp:168]   --->   Operation 1166 'sext' 'sext_ln168_4' <Predicate = true> <Delay = 0.00>
ST_38 : Operation 1167 [1/1] (2.25ns) (grouped into DSP with root node z1_28)   --->   "%z1_27 = add i22 %sext_ln53_44, i22 %sext_ln53_4" [../import_files/import_files/2D_idct.cpp:164]   --->   Operation 1167 'add' 'z1_27' <Predicate = true> <Delay = 2.25> <CoreInst = "DSP48">   --->   Core 119 'DSP48' <Latency = 3> <II = 1> <Delay = 2.15> <IPBlock> <Opcode : 'mul' 'add' 'sub' 'select'> <InPorts = 0> <OutPorts = 1> <Sync> <CReg>
ST_38 : Operation 1168 [1/1] (0.00ns) (grouped into DSP with root node z1_28)   --->   "%sext_ln51_126 = sext i22 %z1_27" [../import_files/import_files/2D_idct.cpp:51]   --->   Operation 1168 'sext' 'sext_ln51_126' <Predicate = true> <Delay = 0.00>
ST_38 : Operation 1169 [1/1] (0.00ns)   --->   "%sext_ln53_45 = sext i21 %workspace_92" [../import_files/import_files/2D_idct.cpp:53]   --->   Operation 1169 'sext' 'sext_ln53_45' <Predicate = true> <Delay = 0.00>
ST_38 : Operation 1170 [1/1] (2.22ns)   --->   "%z3_88 = add i22 %sext_ln53_45, i22 %sext_ln53_21" [../import_files/import_files/2D_idct.cpp:166]   --->   Operation 1170 'add' 'z3_88' <Predicate = true> <Delay = 2.22> <CoreInst = "Adder">   --->   Core 1 'Adder' <Latency = 0> <II = 1> <Delay = 2.22> <FuncUnit> <Opcode : 'add' 'sub'> <InPorts = 2> <OutPorts = 1>
ST_38 : Operation 1171 [1/1] (0.00ns)   --->   "%sext_ln51_128 = sext i22 %z3_88" [../import_files/import_files/2D_idct.cpp:51]   --->   Operation 1171 'sext' 'sext_ln51_128' <Predicate = true> <Delay = 0.00>
ST_38 : Operation 1172 [1/1] (2.25ns) (grouped into DSP with root node z5_11)   --->   "%add_ln168_5 = add i23 %sext_ln51_128, i23 %sext_ln51_102" [../import_files/import_files/2D_idct.cpp:168]   --->   Operation 1172 'add' 'add_ln168_5' <Predicate = true> <Delay = 2.25> <CoreInst = "DSP48">   --->   Core 119 'DSP48' <Latency = 3> <II = 1> <Delay = 2.15> <IPBlock> <Opcode : 'mul' 'add' 'sub' 'select'> <InPorts = 0> <OutPorts = 1> <Sync> <CReg>
ST_38 : Operation 1173 [1/1] (0.00ns) (grouped into DSP with root node z5_11)   --->   "%sext_ln168_5 = sext i23 %add_ln168_5" [../import_files/import_files/2D_idct.cpp:168]   --->   Operation 1173 'sext' 'sext_ln168_5' <Predicate = true> <Delay = 0.00>
ST_38 : Operation 1174 [1/1] (2.25ns) (grouped into DSP with root node z1_37)   --->   "%z1_36 = add i22 %sext_ln53_45, i22 %sext_ln53_5" [../import_files/import_files/2D_idct.cpp:164]   --->   Operation 1174 'add' 'z1_36' <Predicate = true> <Delay = 2.25> <CoreInst = "DSP48">   --->   Core 119 'DSP48' <Latency = 3> <II = 1> <Delay = 2.15> <IPBlock> <Opcode : 'mul' 'add' 'sub' 'select'> <InPorts = 0> <OutPorts = 1> <Sync> <CReg>
ST_38 : Operation 1175 [1/1] (0.00ns) (grouped into DSP with root node z1_37)   --->   "%sext_ln51_129 = sext i22 %z1_36" [../import_files/import_files/2D_idct.cpp:51]   --->   Operation 1175 'sext' 'sext_ln51_129' <Predicate = true> <Delay = 0.00>
ST_38 : Operation 1176 [1/1] (0.00ns)   --->   "%sext_ln51_130 = sext i22 %z3_80" [../import_files/import_files/2D_idct.cpp:51]   --->   Operation 1176 'sext' 'sext_ln51_130' <Predicate = true> <Delay = 0.00>
ST_38 : Operation 1177 [1/1] (0.00ns)   --->   "%sext_ln51_133 = sext i22 %z3_84" [../import_files/import_files/2D_idct.cpp:51]   --->   Operation 1177 'sext' 'sext_ln51_133' <Predicate = true> <Delay = 0.00>
ST_38 : Operation 1178 [4/4] (1.05ns) (root node of the DSP)   --->   "%z1_20 = mul i32 %sext_ln143, i32 4433" [../import_files/import_files/2D_idct.cpp:143]   --->   Operation 1178 'mul' 'z1_20' <Predicate = true> <Delay = 1.05> <CoreInst = "DSP48">   --->   Core 119 'DSP48' <Latency = 3> <II = 1> <Delay = 2.15> <IPBlock> <Opcode : 'mul' 'add' 'sub' 'select'> <InPorts = 0> <OutPorts = 1> <Sync> <CReg>
ST_38 : Operation 1179 [3/4] (1.05ns) (root node of the DSP)   --->   "%z5_6 = mul i32 %sext_ln168, i32 9633" [../import_files/import_files/2D_idct.cpp:168]   --->   Operation 1179 'mul' 'z5_6' <Predicate = true> <Delay = 1.05> <CoreInst = "DSP48">   --->   Core 119 'DSP48' <Latency = 3> <II = 1> <Delay = 2.15> <IPBlock> <Opcode : 'mul' 'add' 'sub' 'select'> <InPorts = 0> <OutPorts = 1> <Sync> <CReg>
ST_38 : Operation 1180 [3/4] (1.05ns) (root node of the DSP)   --->   "%z1_22 = mul i32 %sext_ln51_114, i32 4294959923" [../import_files/import_files/2D_idct.cpp:175]   --->   Operation 1180 'mul' 'z1_22' <Predicate = true> <Delay = 1.05> <CoreInst = "DSP48">   --->   Core 119 'DSP48' <Latency = 3> <II = 1> <Delay = 2.15> <IPBlock> <Opcode : 'mul' 'add' 'sub' 'select'> <InPorts = 0> <OutPorts = 1> <Sync> <CReg>
ST_38 : Operation 1181 [3/4] (1.05ns) (root node of the DSP)   --->   "%z2_29 = mul i32 %sext_ln51_88, i32 4294946301" [../import_files/import_files/2D_idct.cpp:176]   --->   Operation 1181 'mul' 'z2_29' <Predicate = true> <Delay = 1.05> <CoreInst = "DSP48">   --->   Core 119 'DSP48' <Latency = 3> <II = 1> <Delay = 2.15> <IPBlock> <Opcode : 'mul' 'add' 'sub' 'select'> <InPorts = 0> <OutPorts = 1> <Sync> <CReg>
ST_38 : Operation 1182 [3/3] (1.05ns) (grouped into DSP with root node z3_70)   --->   "%z3_69 = mul i32 %sext_ln51_112, i32 4294951227" [../import_files/import_files/2D_idct.cpp:177]   --->   Operation 1182 'mul' 'z3_69' <Predicate = true> <Delay = 1.05> <CoreInst = "DSP48">   --->   Core 119 'DSP48' <Latency = 3> <II = 1> <Delay = 2.15> <IPBlock> <Opcode : 'mul' 'add' 'sub' 'select'> <InPorts = 0> <OutPorts = 1> <Sync> <CReg>
ST_38 : Operation 1183 [3/3] (1.05ns) (grouped into DSP with root node z4_26)   --->   "%z4_25 = mul i32 %sext_ln51_86, i32 4294964100" [../import_files/import_files/2D_idct.cpp:178]   --->   Operation 1183 'mul' 'z4_25' <Predicate = true> <Delay = 1.05> <CoreInst = "DSP48">   --->   Core 119 'DSP48' <Latency = 3> <II = 1> <Delay = 2.15> <IPBlock> <Opcode : 'mul' 'add' 'sub' 'select'> <InPorts = 0> <OutPorts = 1> <Sync> <CReg>
ST_38 : Operation 1184 [4/4] (1.05ns) (root node of the DSP)   --->   "%z5_7 = mul i32 %sext_ln168_2, i32 9633" [../import_files/import_files/2D_idct.cpp:168]   --->   Operation 1184 'mul' 'z5_7' <Predicate = true> <Delay = 1.05> <CoreInst = "DSP48">   --->   Core 119 'DSP48' <Latency = 3> <II = 1> <Delay = 2.15> <IPBlock> <Opcode : 'mul' 'add' 'sub' 'select'> <InPorts = 0> <OutPorts = 1> <Sync> <CReg>
ST_38 : Operation 1185 [4/4] (1.05ns) (root node of the DSP)   --->   "%z1_25 = mul i32 %sext_ln51_120, i32 4294959923" [../import_files/import_files/2D_idct.cpp:175]   --->   Operation 1185 'mul' 'z1_25' <Predicate = true> <Delay = 1.05> <CoreInst = "DSP48">   --->   Core 119 'DSP48' <Latency = 3> <II = 1> <Delay = 2.15> <IPBlock> <Opcode : 'mul' 'add' 'sub' 'select'> <InPorts = 0> <OutPorts = 1> <Sync> <CReg>
ST_38 : Operation 1186 [4/4] (1.05ns) (root node of the DSP)   --->   "%z2_34 = mul i32 %sext_ln51_94, i32 4294946301" [../import_files/import_files/2D_idct.cpp:176]   --->   Operation 1186 'mul' 'z2_34' <Predicate = true> <Delay = 1.05> <CoreInst = "DSP48">   --->   Core 119 'DSP48' <Latency = 3> <II = 1> <Delay = 2.15> <IPBlock> <Opcode : 'mul' 'add' 'sub' 'select'> <InPorts = 0> <OutPorts = 1> <Sync> <CReg>
ST_38 : Operation 1187 [4/4] (1.05ns) (root node of the DSP)   --->   "%z5_8 = mul i32 %sext_ln168_4, i32 9633" [../import_files/import_files/2D_idct.cpp:168]   --->   Operation 1187 'mul' 'z5_8' <Predicate = true> <Delay = 1.05> <CoreInst = "DSP48">   --->   Core 119 'DSP48' <Latency = 3> <II = 1> <Delay = 2.15> <IPBlock> <Opcode : 'mul' 'add' 'sub' 'select'> <InPorts = 0> <OutPorts = 1> <Sync> <CReg>
ST_38 : Operation 1188 [4/4] (1.05ns) (root node of the DSP)   --->   "%z1_28 = mul i32 %sext_ln51_126, i32 4294959923" [../import_files/import_files/2D_idct.cpp:175]   --->   Operation 1188 'mul' 'z1_28' <Predicate = true> <Delay = 1.05> <CoreInst = "DSP48">   --->   Core 119 'DSP48' <Latency = 3> <II = 1> <Delay = 2.15> <IPBlock> <Opcode : 'mul' 'add' 'sub' 'select'> <InPorts = 0> <OutPorts = 1> <Sync> <CReg>
ST_38 : Operation 1189 [4/4] (1.05ns) (root node of the DSP)   --->   "%z2_38 = mul i32 %sext_ln51_100, i32 4294946301" [../import_files/import_files/2D_idct.cpp:176]   --->   Operation 1189 'mul' 'z2_38' <Predicate = true> <Delay = 1.05> <CoreInst = "DSP48">   --->   Core 119 'DSP48' <Latency = 3> <II = 1> <Delay = 2.15> <IPBlock> <Opcode : 'mul' 'add' 'sub' 'select'> <InPorts = 0> <OutPorts = 1> <Sync> <CReg>
ST_38 : Operation 1190 [4/4] (1.05ns) (root node of the DSP)   --->   "%z1_29 = mul i32 %sext_ln143_6, i32 4433" [../import_files/import_files/2D_idct.cpp:143]   --->   Operation 1190 'mul' 'z1_29' <Predicate = true> <Delay = 1.05> <CoreInst = "DSP48">   --->   Core 119 'DSP48' <Latency = 3> <II = 1> <Delay = 2.15> <IPBlock> <Opcode : 'mul' 'add' 'sub' 'select'> <InPorts = 0> <OutPorts = 1> <Sync> <CReg>
ST_38 : Operation 1191 [3/4] (1.05ns) (root node of the DSP)   --->   "%z5_9 = mul i32 %sext_ln168_6, i32 9633" [../import_files/import_files/2D_idct.cpp:168]   --->   Operation 1191 'mul' 'z5_9' <Predicate = true> <Delay = 1.05> <CoreInst = "DSP48">   --->   Core 119 'DSP48' <Latency = 3> <II = 1> <Delay = 2.15> <IPBlock> <Opcode : 'mul' 'add' 'sub' 'select'> <InPorts = 0> <OutPorts = 1> <Sync> <CReg>
ST_38 : Operation 1192 [3/4] (1.05ns) (root node of the DSP)   --->   "%z1_31 = mul i32 %sext_ln51_132, i32 4294959923" [../import_files/import_files/2D_idct.cpp:175]   --->   Operation 1192 'mul' 'z1_31' <Predicate = true> <Delay = 1.05> <CoreInst = "DSP48">   --->   Core 119 'DSP48' <Latency = 3> <II = 1> <Delay = 2.15> <IPBlock> <Opcode : 'mul' 'add' 'sub' 'select'> <InPorts = 0> <OutPorts = 1> <Sync> <CReg>
ST_38 : Operation 1193 [3/4] (1.05ns) (root node of the DSP)   --->   "%z2_43 = mul i32 %sext_ln51_106, i32 4294946301" [../import_files/import_files/2D_idct.cpp:176]   --->   Operation 1193 'mul' 'z2_43' <Predicate = true> <Delay = 1.05> <CoreInst = "DSP48">   --->   Core 119 'DSP48' <Latency = 3> <II = 1> <Delay = 2.15> <IPBlock> <Opcode : 'mul' 'add' 'sub' 'select'> <InPorts = 0> <OutPorts = 1> <Sync> <CReg>
ST_38 : Operation 1194 [3/3] (1.05ns) (grouped into DSP with root node z3_82)   --->   "%z3_81 = mul i32 %sext_ln51_130, i32 4294951227" [../import_files/import_files/2D_idct.cpp:177]   --->   Operation 1194 'mul' 'z3_81' <Predicate = true> <Delay = 1.05> <CoreInst = "DSP48">   --->   Core 119 'DSP48' <Latency = 3> <II = 1> <Delay = 2.15> <IPBlock> <Opcode : 'mul' 'add' 'sub' 'select'> <InPorts = 0> <OutPorts = 1> <Sync> <CReg>
ST_38 : Operation 1195 [3/3] (1.05ns) (grouped into DSP with root node z4_35)   --->   "%z4_34 = mul i32 %sext_ln51_104, i32 4294964100" [../import_files/import_files/2D_idct.cpp:178]   --->   Operation 1195 'mul' 'z4_34' <Predicate = true> <Delay = 1.05> <CoreInst = "DSP48">   --->   Core 119 'DSP48' <Latency = 3> <II = 1> <Delay = 2.15> <IPBlock> <Opcode : 'mul' 'add' 'sub' 'select'> <InPorts = 0> <OutPorts = 1> <Sync> <CReg>
ST_38 : Operation 1196 [4/4] (1.05ns) (root node of the DSP)   --->   "%z1_32 = mul i32 %sext_ln143_7, i32 4433" [../import_files/import_files/2D_idct.cpp:143]   --->   Operation 1196 'mul' 'z1_32' <Predicate = true> <Delay = 1.05> <CoreInst = "DSP48">   --->   Core 119 'DSP48' <Latency = 3> <II = 1> <Delay = 2.15> <IPBlock> <Opcode : 'mul' 'add' 'sub' 'select'> <InPorts = 0> <OutPorts = 1> <Sync> <CReg>
ST_38 : Operation 1197 [3/4] (1.05ns) (root node of the DSP)   --->   "%z5_10 = mul i32 %sext_ln168_7, i32 9633" [../import_files/import_files/2D_idct.cpp:168]   --->   Operation 1197 'mul' 'z5_10' <Predicate = true> <Delay = 1.05> <CoreInst = "DSP48">   --->   Core 119 'DSP48' <Latency = 3> <II = 1> <Delay = 2.15> <IPBlock> <Opcode : 'mul' 'add' 'sub' 'select'> <InPorts = 0> <OutPorts = 1> <Sync> <CReg>
ST_38 : Operation 1198 [3/4] (1.05ns) (root node of the DSP)   --->   "%z1_34 = mul i32 %sext_ln51_135, i32 4294959923" [../import_files/import_files/2D_idct.cpp:175]   --->   Operation 1198 'mul' 'z1_34' <Predicate = true> <Delay = 1.05> <CoreInst = "DSP48">   --->   Core 119 'DSP48' <Latency = 3> <II = 1> <Delay = 2.15> <IPBlock> <Opcode : 'mul' 'add' 'sub' 'select'> <InPorts = 0> <OutPorts = 1> <Sync> <CReg>
ST_38 : Operation 1199 [3/4] (1.05ns) (root node of the DSP)   --->   "%z2_47 = mul i32 %sext_ln51_109, i32 4294946301" [../import_files/import_files/2D_idct.cpp:176]   --->   Operation 1199 'mul' 'z2_47' <Predicate = true> <Delay = 1.05> <CoreInst = "DSP48">   --->   Core 119 'DSP48' <Latency = 3> <II = 1> <Delay = 2.15> <IPBlock> <Opcode : 'mul' 'add' 'sub' 'select'> <InPorts = 0> <OutPorts = 1> <Sync> <CReg>
ST_38 : Operation 1200 [3/3] (1.05ns) (grouped into DSP with root node z3_86)   --->   "%z3_85 = mul i32 %sext_ln51_133, i32 4294951227" [../import_files/import_files/2D_idct.cpp:177]   --->   Operation 1200 'mul' 'z3_85' <Predicate = true> <Delay = 1.05> <CoreInst = "DSP48">   --->   Core 119 'DSP48' <Latency = 3> <II = 1> <Delay = 2.15> <IPBlock> <Opcode : 'mul' 'add' 'sub' 'select'> <InPorts = 0> <OutPorts = 1> <Sync> <CReg>
ST_38 : Operation 1201 [3/3] (1.05ns) (grouped into DSP with root node z4_38)   --->   "%z4_37 = mul i32 %sext_ln51_107, i32 4294964100" [../import_files/import_files/2D_idct.cpp:178]   --->   Operation 1201 'mul' 'z4_37' <Predicate = true> <Delay = 1.05> <CoreInst = "DSP48">   --->   Core 119 'DSP48' <Latency = 3> <II = 1> <Delay = 2.15> <IPBlock> <Opcode : 'mul' 'add' 'sub' 'select'> <InPorts = 0> <OutPorts = 1> <Sync> <CReg>
ST_38 : Operation 1202 [4/4] (1.05ns) (root node of the DSP)   --->   "%z5_11 = mul i32 %sext_ln168_5, i32 9633" [../import_files/import_files/2D_idct.cpp:168]   --->   Operation 1202 'mul' 'z5_11' <Predicate = true> <Delay = 1.05> <CoreInst = "DSP48">   --->   Core 119 'DSP48' <Latency = 3> <II = 1> <Delay = 2.15> <IPBlock> <Opcode : 'mul' 'add' 'sub' 'select'> <InPorts = 0> <OutPorts = 1> <Sync> <CReg>
ST_38 : Operation 1203 [4/4] (1.05ns) (root node of the DSP)   --->   "%z1_37 = mul i32 %sext_ln51_129, i32 4294959923" [../import_files/import_files/2D_idct.cpp:175]   --->   Operation 1203 'mul' 'z1_37' <Predicate = true> <Delay = 1.05> <CoreInst = "DSP48">   --->   Core 119 'DSP48' <Latency = 3> <II = 1> <Delay = 2.15> <IPBlock> <Opcode : 'mul' 'add' 'sub' 'select'> <InPorts = 0> <OutPorts = 1> <Sync> <CReg>
ST_38 : Operation 1204 [4/4] (1.05ns) (root node of the DSP)   --->   "%z2_50 = mul i32 %sext_ln51_103, i32 4294946301" [../import_files/import_files/2D_idct.cpp:176]   --->   Operation 1204 'mul' 'z2_50' <Predicate = true> <Delay = 1.05> <CoreInst = "DSP48">   --->   Core 119 'DSP48' <Latency = 3> <II = 1> <Delay = 2.15> <IPBlock> <Opcode : 'mul' 'add' 'sub' 'select'> <InPorts = 0> <OutPorts = 1> <Sync> <CReg>
ST_38 : Operation 1205 [4/4] (1.05ns) (root node of the DSP)   --->   "%z5_12 = mul i32 %sext_ln168_3, i32 9633" [../import_files/import_files/2D_idct.cpp:168]   --->   Operation 1205 'mul' 'z5_12' <Predicate = true> <Delay = 1.05> <CoreInst = "DSP48">   --->   Core 119 'DSP48' <Latency = 3> <II = 1> <Delay = 2.15> <IPBlock> <Opcode : 'mul' 'add' 'sub' 'select'> <InPorts = 0> <OutPorts = 1> <Sync> <CReg>
ST_38 : Operation 1206 [4/4] (1.05ns) (root node of the DSP)   --->   "%z1_40 = mul i32 %sext_ln51_123, i32 4294959923" [../import_files/import_files/2D_idct.cpp:175]   --->   Operation 1206 'mul' 'z1_40' <Predicate = true> <Delay = 1.05> <CoreInst = "DSP48">   --->   Core 119 'DSP48' <Latency = 3> <II = 1> <Delay = 2.15> <IPBlock> <Opcode : 'mul' 'add' 'sub' 'select'> <InPorts = 0> <OutPorts = 1> <Sync> <CReg>
ST_38 : Operation 1207 [4/4] (1.05ns) (root node of the DSP)   --->   "%z2_53 = mul i32 %sext_ln51_97, i32 4294946301" [../import_files/import_files/2D_idct.cpp:176]   --->   Operation 1207 'mul' 'z2_53' <Predicate = true> <Delay = 1.05> <CoreInst = "DSP48">   --->   Core 119 'DSP48' <Latency = 3> <II = 1> <Delay = 2.15> <IPBlock> <Opcode : 'mul' 'add' 'sub' 'select'> <InPorts = 0> <OutPorts = 1> <Sync> <CReg>
ST_38 : Operation 1208 [4/4] (1.05ns) (root node of the DSP)   --->   "%z1_41 = mul i32 %sext_ln143_1, i32 4433" [../import_files/import_files/2D_idct.cpp:143]   --->   Operation 1208 'mul' 'z1_41' <Predicate = true> <Delay = 1.05> <CoreInst = "DSP48">   --->   Core 119 'DSP48' <Latency = 3> <II = 1> <Delay = 2.15> <IPBlock> <Opcode : 'mul' 'add' 'sub' 'select'> <InPorts = 0> <OutPorts = 1> <Sync> <CReg>
ST_38 : Operation 1209 [3/4] (1.05ns) (root node of the DSP)   --->   "%z5_13 = mul i32 %sext_ln168_1, i32 9633" [../import_files/import_files/2D_idct.cpp:168]   --->   Operation 1209 'mul' 'z5_13' <Predicate = true> <Delay = 1.05> <CoreInst = "DSP48">   --->   Core 119 'DSP48' <Latency = 3> <II = 1> <Delay = 2.15> <IPBlock> <Opcode : 'mul' 'add' 'sub' 'select'> <InPorts = 0> <OutPorts = 1> <Sync> <CReg>
ST_38 : Operation 1210 [3/4] (1.05ns) (root node of the DSP)   --->   "%z1_43 = mul i32 %sext_ln51_117, i32 4294959923" [../import_files/import_files/2D_idct.cpp:175]   --->   Operation 1210 'mul' 'z1_43' <Predicate = true> <Delay = 1.05> <CoreInst = "DSP48">   --->   Core 119 'DSP48' <Latency = 3> <II = 1> <Delay = 2.15> <IPBlock> <Opcode : 'mul' 'add' 'sub' 'select'> <InPorts = 0> <OutPorts = 1> <Sync> <CReg>
ST_38 : Operation 1211 [3/4] (1.05ns) (root node of the DSP)   --->   "%z2_56 = mul i32 %sext_ln51_91, i32 4294946301" [../import_files/import_files/2D_idct.cpp:176]   --->   Operation 1211 'mul' 'z2_56' <Predicate = true> <Delay = 1.05> <CoreInst = "DSP48">   --->   Core 119 'DSP48' <Latency = 3> <II = 1> <Delay = 2.15> <IPBlock> <Opcode : 'mul' 'add' 'sub' 'select'> <InPorts = 0> <OutPorts = 1> <Sync> <CReg>
ST_38 : Operation 1212 [3/3] (1.05ns) (grouped into DSP with root node z3_98)   --->   "%z3_97 = mul i32 %sext_ln51_115, i32 4294951227" [../import_files/import_files/2D_idct.cpp:177]   --->   Operation 1212 'mul' 'z3_97' <Predicate = true> <Delay = 1.05> <CoreInst = "DSP48">   --->   Core 119 'DSP48' <Latency = 3> <II = 1> <Delay = 2.15> <IPBlock> <Opcode : 'mul' 'add' 'sub' 'select'> <InPorts = 0> <OutPorts = 1> <Sync> <CReg>
ST_38 : Operation 1213 [3/3] (1.05ns) (grouped into DSP with root node z4_47)   --->   "%z4_46 = mul i32 %sext_ln51_89, i32 4294964100" [../import_files/import_files/2D_idct.cpp:178]   --->   Operation 1213 'mul' 'z4_46' <Predicate = true> <Delay = 1.05> <CoreInst = "DSP48">   --->   Core 119 'DSP48' <Latency = 3> <II = 1> <Delay = 2.15> <IPBlock> <Opcode : 'mul' 'add' 'sub' 'select'> <InPorts = 0> <OutPorts = 1> <Sync> <CReg>

State 39 <SV = 38> <Delay = 3.30>
ST_39 : Operation 1214 [1/4] (0.00ns) (root node of the DSP)   --->   "%mul_ln51 = mul i30 %sext_ln51_41, i30 4433" [../import_files/import_files/2D_idct.cpp:51]   --->   Operation 1214 'mul' 'mul_ln51' <Predicate = true> <Delay = 0.00> <CoreInst = "DSP48">   --->   Core 119 'DSP48' <Latency = 3> <II = 1> <Delay = 2.15> <IPBlock> <Opcode : 'mul' 'add' 'sub' 'select'> <InPorts = 0> <OutPorts = 1> <Sync> <CReg>
ST_39 : Operation 1215 [1/3] (0.00ns) (grouped into DSP with root node tmp2)   --->   "%mul_ln70 = mul i30 %sext_ln70, i30 1073726687" [../import_files/import_files/2D_idct.cpp:70]   --->   Operation 1215 'mul' 'mul_ln70' <Predicate = true> <Delay = 0.00> <CoreInst = "DSP48">   --->   Core 119 'DSP48' <Latency = 3> <II = 1> <Delay = 2.15> <IPBlock> <Opcode : 'mul' 'add' 'sub' 'select'> <InPorts = 0> <OutPorts = 1> <Sync> <CReg>
ST_39 : Operation 1216 [2/2] (2.10ns) (root node of the DSP)   --->   "%tmp2 = add i30 %mul_ln51, i30 %mul_ln70" [../import_files/import_files/2D_idct.cpp:70]   --->   Operation 1216 'add' 'tmp2' <Predicate = true> <Delay = 2.10> <CoreInst = "DSP48">   --->   Core 119 'DSP48' <Latency = 3> <II = 1> <Delay = 2.15> <IPBlock> <Opcode : 'mul' 'add' 'sub' 'select'> <InPorts = 0> <OutPorts = 1> <Sync> <CReg>
ST_39 : Operation 1217 [1/3] (0.00ns) (grouped into DSP with root node tmp3)   --->   "%mul_ln71 = mul i30 %sext_ln51, i30 6270" [../import_files/import_files/2D_idct.cpp:71]   --->   Operation 1217 'mul' 'mul_ln71' <Predicate = true> <Delay = 0.00> <CoreInst = "DSP48">   --->   Core 119 'DSP48' <Latency = 3> <II = 1> <Delay = 2.15> <IPBlock> <Opcode : 'mul' 'add' 'sub' 'select'> <InPorts = 0> <OutPorts = 1> <Sync> <CReg>
ST_39 : Operation 1218 [2/2] (2.10ns) (root node of the DSP)   --->   "%tmp3 = add i30 %mul_ln51, i30 %mul_ln71" [../import_files/import_files/2D_idct.cpp:71]   --->   Operation 1218 'add' 'tmp3' <Predicate = true> <Delay = 2.10> <CoreInst = "DSP48">   --->   Core 119 'DSP48' <Latency = 3> <II = 1> <Delay = 2.15> <IPBlock> <Opcode : 'mul' 'add' 'sub' 'select'> <InPorts = 0> <OutPorts = 1> <Sync> <CReg>
ST_39 : Operation 1219 [1/4] (0.00ns) (root node of the DSP)   --->   "%mul_ln51_1 = mul i30 %sext_ln51_58, i30 9633" [../import_files/import_files/2D_idct.cpp:51]   --->   Operation 1219 'mul' 'mul_ln51_1' <Predicate = true> <Delay = 0.00> <CoreInst = "DSP48">   --->   Core 119 'DSP48' <Latency = 3> <II = 1> <Delay = 2.15> <IPBlock> <Opcode : 'mul' 'add' 'sub' 'select'> <InPorts = 0> <OutPorts = 1> <Sync> <CReg>
ST_39 : Operation 1220 [2/3] (1.05ns) (grouped into DSP with root node add_ln111)   --->   "%tmp0_5 = mul i29 %sext_ln49_36, i29 2446" [../import_files/import_files/2D_idct.cpp:99]   --->   Operation 1220 'mul' 'tmp0_5' <Predicate = true> <Delay = 1.05> <CoreInst = "DSP48">   --->   Core 119 'DSP48' <Latency = 3> <II = 1> <Delay = 2.15> <IPBlock> <Opcode : 'mul' 'add' 'sub' 'select'> <InPorts = 0> <OutPorts = 1> <Sync> <CReg>
ST_39 : Operation 1221 [2/3] (1.05ns) (grouped into DSP with root node add_ln112)   --->   "%mul_ln49 = mul i30 %sext_ln49_26, i30 16819" [../import_files/import_files/2D_idct.cpp:49]   --->   Operation 1221 'mul' 'mul_ln49' <Predicate = true> <Delay = 1.05> <CoreInst = "DSP48">   --->   Core 119 'DSP48' <Latency = 3> <II = 1> <Delay = 2.15> <IPBlock> <Opcode : 'mul' 'add' 'sub' 'select'> <InPorts = 0> <OutPorts = 1> <Sync> <CReg>
ST_39 : Operation 1222 [2/3] (1.05ns) (grouped into DSP with root node add_ln113)   --->   "%mul_ln49_1 = mul i30 %sext_ln49_16, i30 25172" [../import_files/import_files/2D_idct.cpp:49]   --->   Operation 1222 'mul' 'mul_ln49_1' <Predicate = true> <Delay = 1.05> <CoreInst = "DSP48">   --->   Core 119 'DSP48' <Latency = 3> <II = 1> <Delay = 2.15> <IPBlock> <Opcode : 'mul' 'add' 'sub' 'select'> <InPorts = 0> <OutPorts = 1> <Sync> <CReg>
ST_39 : Operation 1223 [2/3] (1.05ns) (grouped into DSP with root node add_ln114)   --->   "%mul_ln49_2 = mul i30 %sext_ln49, i30 12299" [../import_files/import_files/2D_idct.cpp:49]   --->   Operation 1223 'mul' 'mul_ln49_2' <Predicate = true> <Delay = 1.05> <CoreInst = "DSP48">   --->   Core 119 'DSP48' <Latency = 3> <II = 1> <Delay = 2.15> <IPBlock> <Opcode : 'mul' 'add' 'sub' 'select'> <InPorts = 0> <OutPorts = 1> <Sync> <CReg>
ST_39 : Operation 1224 [1/4] (0.00ns) (root node of the DSP)   --->   "%mul_ln51_2 = mul i30 %sext_ln51_59, i30 1073734451" [../import_files/import_files/2D_idct.cpp:51]   --->   Operation 1224 'mul' 'mul_ln51_2' <Predicate = true> <Delay = 0.00> <CoreInst = "DSP48">   --->   Core 119 'DSP48' <Latency = 3> <II = 1> <Delay = 2.15> <IPBlock> <Opcode : 'mul' 'add' 'sub' 'select'> <InPorts = 0> <OutPorts = 1> <Sync> <CReg>
ST_39 : Operation 1225 [1/4] (0.00ns) (root node of the DSP)   --->   "%mul_ln51_3 = mul i30 %sext_ln51_18, i30 1073720829" [../import_files/import_files/2D_idct.cpp:51]   --->   Operation 1225 'mul' 'mul_ln51_3' <Predicate = true> <Delay = 0.00> <CoreInst = "DSP48">   --->   Core 119 'DSP48' <Latency = 3> <II = 1> <Delay = 2.15> <IPBlock> <Opcode : 'mul' 'add' 'sub' 'select'> <InPorts = 0> <OutPorts = 1> <Sync> <CReg>
ST_39 : Operation 1226 [1/3] (0.00ns) (grouped into DSP with root node z3_2)   --->   "%mul_ln51_4 = mul i30 %sext_ln51_56, i30 1073725755" [../import_files/import_files/2D_idct.cpp:51]   --->   Operation 1226 'mul' 'mul_ln51_4' <Predicate = true> <Delay = 0.00> <CoreInst = "DSP48">   --->   Core 119 'DSP48' <Latency = 3> <II = 1> <Delay = 2.15> <IPBlock> <Opcode : 'mul' 'add' 'sub' 'select'> <InPorts = 0> <OutPorts = 1> <Sync> <CReg>
ST_39 : Operation 1227 [2/2] (2.10ns) (root node of the DSP)   --->   "%z3_2 = add i30 %mul_ln51_1, i30 %mul_ln51_4" [../import_files/import_files/2D_idct.cpp:108]   --->   Operation 1227 'add' 'z3_2' <Predicate = true> <Delay = 2.10> <CoreInst = "DSP48">   --->   Core 119 'DSP48' <Latency = 3> <II = 1> <Delay = 2.15> <IPBlock> <Opcode : 'mul' 'add' 'sub' 'select'> <InPorts = 0> <OutPorts = 1> <Sync> <CReg>
ST_39 : Operation 1228 [1/3] (0.00ns) (grouped into DSP with root node z4_2)   --->   "%z4_1 = mul i30 %sext_ln51_16, i30 1073738628" [../import_files/import_files/2D_idct.cpp:106]   --->   Operation 1228 'mul' 'z4_1' <Predicate = true> <Delay = 0.00> <CoreInst = "DSP48">   --->   Core 119 'DSP48' <Latency = 3> <II = 1> <Delay = 2.15> <IPBlock> <Opcode : 'mul' 'add' 'sub' 'select'> <InPorts = 0> <OutPorts = 1> <Sync> <CReg>
ST_39 : Operation 1229 [2/2] (2.10ns) (root node of the DSP)   --->   "%z4_2 = add i30 %mul_ln51_1, i30 %z4_1" [../import_files/import_files/2D_idct.cpp:109]   --->   Operation 1229 'add' 'z4_2' <Predicate = true> <Delay = 2.10> <CoreInst = "DSP48">   --->   Core 119 'DSP48' <Latency = 3> <II = 1> <Delay = 2.15> <IPBlock> <Opcode : 'mul' 'add' 'sub' 'select'> <InPorts = 0> <OutPorts = 1> <Sync> <CReg>
ST_39 : Operation 1230 [1/1] (0.00ns)   --->   "%sext_ln118_1 = sext i21 %workspace" [../import_files/import_files/2D_idct.cpp:118]   --->   Operation 1230 'sext' 'sext_ln118_1' <Predicate = true> <Delay = 0.00>
ST_39 : Operation 1231 [1/1] (0.00ns)   --->   "%sext_ln119 = sext i21 %workspace_48" [../import_files/import_files/2D_idct.cpp:119]   --->   Operation 1231 'sext' 'sext_ln119' <Predicate = true> <Delay = 0.00>
ST_39 : Operation 1232 [1/1] (0.00ns)   --->   "%sext_ln124 = sext i21 %workspace_53" [../import_files/import_files/2D_idct.cpp:124]   --->   Operation 1232 'sext' 'sext_ln124' <Predicate = true> <Delay = 0.00>
ST_39 : Operation 1233 [1/1] (0.00ns)   --->   "%sext_ln125 = sext i21 %workspace_54" [../import_files/import_files/2D_idct.cpp:125]   --->   Operation 1233 'sext' 'sext_ln125' <Predicate = true> <Delay = 0.00>
ST_39 : Operation 1234 [1/1] (0.00ns)   --->   "%sext_ln118_3 = sext i21 %workspace_55" [../import_files/import_files/2D_idct.cpp:118]   --->   Operation 1234 'sext' 'sext_ln118_3' <Predicate = true> <Delay = 0.00>
ST_39 : Operation 1235 [1/1] (0.00ns)   --->   "%sext_ln119_1 = sext i21 %workspace_56" [../import_files/import_files/2D_idct.cpp:119]   --->   Operation 1235 'sext' 'sext_ln119_1' <Predicate = true> <Delay = 0.00>
ST_39 : Operation 1236 [1/1] (0.00ns)   --->   "%sext_ln53_10 = sext i21 %workspace_57" [../import_files/import_files/2D_idct.cpp:53]   --->   Operation 1236 'sext' 'sext_ln53_10' <Predicate = true> <Delay = 0.00>
ST_39 : Operation 1237 [1/1] (0.00ns)   --->   "%sext_ln53_11 = sext i21 %workspace_58" [../import_files/import_files/2D_idct.cpp:53]   --->   Operation 1237 'sext' 'sext_ln53_11' <Predicate = true> <Delay = 0.00>
ST_39 : Operation 1238 [1/1] (0.00ns)   --->   "%sext_ln53_12 = sext i21 %workspace_59" [../import_files/import_files/2D_idct.cpp:53]   --->   Operation 1238 'sext' 'sext_ln53_12' <Predicate = true> <Delay = 0.00>
ST_39 : Operation 1239 [1/1] (0.00ns)   --->   "%sext_ln53_13 = sext i21 %workspace_60" [../import_files/import_files/2D_idct.cpp:53]   --->   Operation 1239 'sext' 'sext_ln53_13' <Predicate = true> <Delay = 0.00>
ST_39 : Operation 1240 [1/1] (0.00ns)   --->   "%sext_ln124_1 = sext i21 %workspace_61" [../import_files/import_files/2D_idct.cpp:124]   --->   Operation 1240 'sext' 'sext_ln124_1' <Predicate = true> <Delay = 0.00>
ST_39 : Operation 1241 [1/1] (0.00ns)   --->   "%sext_ln125_1 = sext i21 %workspace_62" [../import_files/import_files/2D_idct.cpp:125]   --->   Operation 1241 'sext' 'sext_ln125_1' <Predicate = true> <Delay = 0.00>
ST_39 : Operation 1242 [1/1] (0.00ns)   --->   "%sext_ln118_5 = sext i21 %workspace_63" [../import_files/import_files/2D_idct.cpp:118]   --->   Operation 1242 'sext' 'sext_ln118_5' <Predicate = true> <Delay = 0.00>
ST_39 : Operation 1243 [1/1] (0.00ns)   --->   "%sext_ln119_2 = sext i21 %workspace_64" [../import_files/import_files/2D_idct.cpp:119]   --->   Operation 1243 'sext' 'sext_ln119_2' <Predicate = true> <Delay = 0.00>
ST_39 : Operation 1244 [1/1] (0.00ns)   --->   "%sext_ln124_2 = sext i21 %workspace_69" [../import_files/import_files/2D_idct.cpp:124]   --->   Operation 1244 'sext' 'sext_ln124_2' <Predicate = true> <Delay = 0.00>
ST_39 : Operation 1245 [1/1] (0.00ns)   --->   "%sext_ln125_2 = sext i21 %workspace_70" [../import_files/import_files/2D_idct.cpp:125]   --->   Operation 1245 'sext' 'sext_ln125_2' <Predicate = true> <Delay = 0.00>
ST_39 : Operation 1246 [1/4] (0.00ns) (root node of the DSP)   --->   "%mul_ln51_5 = mul i30 %sext_ln51_49, i30 4433" [../import_files/import_files/2D_idct.cpp:51]   --->   Operation 1246 'mul' 'mul_ln51_5' <Predicate = true> <Delay = 0.00> <CoreInst = "DSP48">   --->   Core 119 'DSP48' <Latency = 3> <II = 1> <Delay = 2.15> <IPBlock> <Opcode : 'mul' 'add' 'sub' 'select'> <InPorts = 0> <OutPorts = 1> <Sync> <CReg>
ST_39 : Operation 1247 [1/3] (0.00ns) (grouped into DSP with root node tmp2_17)   --->   "%mul_ln70_4 = mul i30 %sext_ln70_1, i30 1073726687" [../import_files/import_files/2D_idct.cpp:70]   --->   Operation 1247 'mul' 'mul_ln70_4' <Predicate = true> <Delay = 0.00> <CoreInst = "DSP48">   --->   Core 119 'DSP48' <Latency = 3> <II = 1> <Delay = 2.15> <IPBlock> <Opcode : 'mul' 'add' 'sub' 'select'> <InPorts = 0> <OutPorts = 1> <Sync> <CReg>
ST_39 : Operation 1248 [2/2] (2.10ns) (root node of the DSP)   --->   "%tmp2_17 = add i30 %mul_ln51_5, i30 %mul_ln70_4" [../import_files/import_files/2D_idct.cpp:70]   --->   Operation 1248 'add' 'tmp2_17' <Predicate = true> <Delay = 2.10> <CoreInst = "DSP48">   --->   Core 119 'DSP48' <Latency = 3> <II = 1> <Delay = 2.15> <IPBlock> <Opcode : 'mul' 'add' 'sub' 'select'> <InPorts = 0> <OutPorts = 1> <Sync> <CReg>
ST_39 : Operation 1249 [1/3] (0.00ns) (grouped into DSP with root node tmp3_17)   --->   "%mul_ln71_4 = mul i30 %sext_ln51_8, i30 6270" [../import_files/import_files/2D_idct.cpp:71]   --->   Operation 1249 'mul' 'mul_ln71_4' <Predicate = true> <Delay = 0.00> <CoreInst = "DSP48">   --->   Core 119 'DSP48' <Latency = 3> <II = 1> <Delay = 2.15> <IPBlock> <Opcode : 'mul' 'add' 'sub' 'select'> <InPorts = 0> <OutPorts = 1> <Sync> <CReg>
ST_39 : Operation 1250 [2/2] (2.10ns) (root node of the DSP)   --->   "%tmp3_17 = add i30 %mul_ln51_5, i30 %mul_ln71_4" [../import_files/import_files/2D_idct.cpp:71]   --->   Operation 1250 'add' 'tmp3_17' <Predicate = true> <Delay = 2.10> <CoreInst = "DSP48">   --->   Core 119 'DSP48' <Latency = 3> <II = 1> <Delay = 2.15> <IPBlock> <Opcode : 'mul' 'add' 'sub' 'select'> <InPorts = 0> <OutPorts = 1> <Sync> <CReg>
ST_39 : Operation 1251 [1/4] (0.00ns) (root node of the DSP)   --->   "%mul_ln51_6 = mul i30 %sext_ln51_71, i30 9633" [../import_files/import_files/2D_idct.cpp:51]   --->   Operation 1251 'mul' 'mul_ln51_6' <Predicate = true> <Delay = 0.00> <CoreInst = "DSP48">   --->   Core 119 'DSP48' <Latency = 3> <II = 1> <Delay = 2.15> <IPBlock> <Opcode : 'mul' 'add' 'sub' 'select'> <InPorts = 0> <OutPorts = 1> <Sync> <CReg>
ST_39 : Operation 1252 [2/3] (1.05ns) (grouped into DSP with root node add_ln111_8)   --->   "%tmp0_20 = mul i29 %sext_ln49_44, i29 2446" [../import_files/import_files/2D_idct.cpp:99]   --->   Operation 1252 'mul' 'tmp0_20' <Predicate = true> <Delay = 1.05> <CoreInst = "DSP48">   --->   Core 119 'DSP48' <Latency = 3> <II = 1> <Delay = 2.15> <IPBlock> <Opcode : 'mul' 'add' 'sub' 'select'> <InPorts = 0> <OutPorts = 1> <Sync> <CReg>
ST_39 : Operation 1253 [2/3] (1.05ns) (grouped into DSP with root node add_ln112_8)   --->   "%mul_ln49_3 = mul i30 %sext_ln49_31, i30 16819" [../import_files/import_files/2D_idct.cpp:49]   --->   Operation 1253 'mul' 'mul_ln49_3' <Predicate = true> <Delay = 1.05> <CoreInst = "DSP48">   --->   Core 119 'DSP48' <Latency = 3> <II = 1> <Delay = 2.15> <IPBlock> <Opcode : 'mul' 'add' 'sub' 'select'> <InPorts = 0> <OutPorts = 1> <Sync> <CReg>
ST_39 : Operation 1254 [2/3] (1.05ns) (grouped into DSP with root node add_ln113_8)   --->   "%mul_ln49_4 = mul i30 %sext_ln49_21, i30 25172" [../import_files/import_files/2D_idct.cpp:49]   --->   Operation 1254 'mul' 'mul_ln49_4' <Predicate = true> <Delay = 1.05> <CoreInst = "DSP48">   --->   Core 119 'DSP48' <Latency = 3> <II = 1> <Delay = 2.15> <IPBlock> <Opcode : 'mul' 'add' 'sub' 'select'> <InPorts = 0> <OutPorts = 1> <Sync> <CReg>
ST_39 : Operation 1255 [2/3] (1.05ns) (grouped into DSP with root node add_ln114_8)   --->   "%mul_ln49_5 = mul i30 %sext_ln49_8, i30 12299" [../import_files/import_files/2D_idct.cpp:49]   --->   Operation 1255 'mul' 'mul_ln49_5' <Predicate = true> <Delay = 1.05> <CoreInst = "DSP48">   --->   Core 119 'DSP48' <Latency = 3> <II = 1> <Delay = 2.15> <IPBlock> <Opcode : 'mul' 'add' 'sub' 'select'> <InPorts = 0> <OutPorts = 1> <Sync> <CReg>
ST_39 : Operation 1256 [1/4] (0.00ns) (root node of the DSP)   --->   "%mul_ln51_7 = mul i30 %sext_ln51_72, i30 1073734451" [../import_files/import_files/2D_idct.cpp:51]   --->   Operation 1256 'mul' 'mul_ln51_7' <Predicate = true> <Delay = 0.00> <CoreInst = "DSP48">   --->   Core 119 'DSP48' <Latency = 3> <II = 1> <Delay = 2.15> <IPBlock> <Opcode : 'mul' 'add' 'sub' 'select'> <InPorts = 0> <OutPorts = 1> <Sync> <CReg>
ST_39 : Operation 1257 [1/4] (0.00ns) (root node of the DSP)   --->   "%mul_ln51_8 = mul i30 %sext_ln51_30, i30 1073720829" [../import_files/import_files/2D_idct.cpp:51]   --->   Operation 1257 'mul' 'mul_ln51_8' <Predicate = true> <Delay = 0.00> <CoreInst = "DSP48">   --->   Core 119 'DSP48' <Latency = 3> <II = 1> <Delay = 2.15> <IPBlock> <Opcode : 'mul' 'add' 'sub' 'select'> <InPorts = 0> <OutPorts = 1> <Sync> <CReg>
ST_39 : Operation 1258 [1/3] (0.00ns) (grouped into DSP with root node z3_38)   --->   "%mul_ln51_9 = mul i30 %sext_ln51_69, i30 1073725755" [../import_files/import_files/2D_idct.cpp:51]   --->   Operation 1258 'mul' 'mul_ln51_9' <Predicate = true> <Delay = 0.00> <CoreInst = "DSP48">   --->   Core 119 'DSP48' <Latency = 3> <II = 1> <Delay = 2.15> <IPBlock> <Opcode : 'mul' 'add' 'sub' 'select'> <InPorts = 0> <OutPorts = 1> <Sync> <CReg>
ST_39 : Operation 1259 [2/2] (2.10ns) (root node of the DSP)   --->   "%z3_38 = add i30 %mul_ln51_6, i30 %mul_ln51_9" [../import_files/import_files/2D_idct.cpp:108]   --->   Operation 1259 'add' 'z3_38' <Predicate = true> <Delay = 2.10> <CoreInst = "DSP48">   --->   Core 119 'DSP48' <Latency = 3> <II = 1> <Delay = 2.15> <IPBlock> <Opcode : 'mul' 'add' 'sub' 'select'> <InPorts = 0> <OutPorts = 1> <Sync> <CReg>
ST_39 : Operation 1260 [1/3] (0.00ns) (grouped into DSP with root node z4_14)   --->   "%z4_13 = mul i30 %sext_ln51_28, i30 1073738628" [../import_files/import_files/2D_idct.cpp:106]   --->   Operation 1260 'mul' 'z4_13' <Predicate = true> <Delay = 0.00> <CoreInst = "DSP48">   --->   Core 119 'DSP48' <Latency = 3> <II = 1> <Delay = 2.15> <IPBlock> <Opcode : 'mul' 'add' 'sub' 'select'> <InPorts = 0> <OutPorts = 1> <Sync> <CReg>
ST_39 : Operation 1261 [2/2] (2.10ns) (root node of the DSP)   --->   "%z4_14 = add i30 %mul_ln51_6, i30 %z4_13" [../import_files/import_files/2D_idct.cpp:109]   --->   Operation 1261 'add' 'z4_14' <Predicate = true> <Delay = 2.10> <CoreInst = "DSP48">   --->   Core 119 'DSP48' <Latency = 3> <II = 1> <Delay = 2.15> <IPBlock> <Opcode : 'mul' 'add' 'sub' 'select'> <InPorts = 0> <OutPorts = 1> <Sync> <CReg>
ST_39 : Operation 1262 [1/1] (0.00ns)   --->   "%sext_ln118_7 = sext i21 %workspace_71" [../import_files/import_files/2D_idct.cpp:118]   --->   Operation 1262 'sext' 'sext_ln118_7' <Predicate = true> <Delay = 0.00>
ST_39 : Operation 1263 [1/1] (0.00ns)   --->   "%sext_ln119_3 = sext i21 %workspace_72" [../import_files/import_files/2D_idct.cpp:119]   --->   Operation 1263 'sext' 'sext_ln119_3' <Predicate = true> <Delay = 0.00>
ST_39 : Operation 1264 [1/1] (0.00ns)   --->   "%sext_ln51_92 = sext i22 %z4_27" [../import_files/import_files/2D_idct.cpp:51]   --->   Operation 1264 'sext' 'sext_ln51_92' <Predicate = true> <Delay = 0.00>
ST_39 : Operation 1265 [1/1] (0.00ns)   --->   "%sext_ln51_95 = sext i22 %z4_42" [../import_files/import_files/2D_idct.cpp:51]   --->   Operation 1265 'sext' 'sext_ln51_95' <Predicate = true> <Delay = 0.00>
ST_39 : Operation 1266 [1/1] (0.00ns)   --->   "%sext_ln51_98 = sext i22 %z4_30" [../import_files/import_files/2D_idct.cpp:51]   --->   Operation 1266 'sext' 'sext_ln51_98' <Predicate = true> <Delay = 0.00>
ST_39 : Operation 1267 [1/1] (0.00ns)   --->   "%sext_ln51_101 = sext i22 %z4_39" [../import_files/import_files/2D_idct.cpp:51]   --->   Operation 1267 'sext' 'sext_ln51_101' <Predicate = true> <Delay = 0.00>
ST_39 : Operation 1268 [1/1] (0.00ns)   --->   "%sext_ln124_3 = sext i21 %workspace_77" [../import_files/import_files/2D_idct.cpp:124]   --->   Operation 1268 'sext' 'sext_ln124_3' <Predicate = true> <Delay = 0.00>
ST_39 : Operation 1269 [1/1] (0.00ns)   --->   "%sext_ln125_3 = sext i21 %workspace_78" [../import_files/import_files/2D_idct.cpp:125]   --->   Operation 1269 'sext' 'sext_ln125_3' <Predicate = true> <Delay = 0.00>
ST_39 : Operation 1270 [1/1] (0.00ns)   --->   "%sext_ln118_9 = sext i21 %workspace_79" [../import_files/import_files/2D_idct.cpp:118]   --->   Operation 1270 'sext' 'sext_ln118_9' <Predicate = true> <Delay = 0.00>
ST_39 : Operation 1271 [1/1] (0.00ns)   --->   "%sext_ln119_4 = sext i21 %workspace_80" [../import_files/import_files/2D_idct.cpp:119]   --->   Operation 1271 'sext' 'sext_ln119_4' <Predicate = true> <Delay = 0.00>
ST_39 : Operation 1272 [1/1] (0.00ns)   --->   "%sext_ln53_34 = sext i21 %workspace_81" [../import_files/import_files/2D_idct.cpp:53]   --->   Operation 1272 'sext' 'sext_ln53_34' <Predicate = true> <Delay = 0.00>
ST_39 : Operation 1273 [1/1] (2.25ns) (grouped into DSP with root node z1_23)   --->   "%add_ln143_1 = add i22 %sext_ln53_34, i22 %sext_ln53_10" [../import_files/import_files/2D_idct.cpp:143]   --->   Operation 1273 'add' 'add_ln143_1' <Predicate = true> <Delay = 2.25> <CoreInst = "DSP48">   --->   Core 119 'DSP48' <Latency = 3> <II = 1> <Delay = 2.15> <IPBlock> <Opcode : 'mul' 'add' 'sub' 'select'> <InPorts = 0> <OutPorts = 1> <Sync> <CReg>
ST_39 : Operation 1274 [1/1] (0.00ns) (grouped into DSP with root node z1_23)   --->   "%sext_ln143_2 = sext i22 %add_ln143_1" [../import_files/import_files/2D_idct.cpp:143]   --->   Operation 1274 'sext' 'sext_ln143_2' <Predicate = true> <Delay = 0.00>
ST_39 : Operation 1275 [1/1] (0.00ns)   --->   "%sext_ln53_35 = sext i21 %workspace_82" [../import_files/import_files/2D_idct.cpp:53]   --->   Operation 1275 'sext' 'sext_ln53_35' <Predicate = true> <Delay = 0.00>
ST_39 : Operation 1276 [1/1] (2.25ns) (grouped into DSP with root node z1_38)   --->   "%add_ln143_6 = add i22 %sext_ln53_35, i22 %sext_ln53_11" [../import_files/import_files/2D_idct.cpp:143]   --->   Operation 1276 'add' 'add_ln143_6' <Predicate = true> <Delay = 2.25> <CoreInst = "DSP48">   --->   Core 119 'DSP48' <Latency = 3> <II = 1> <Delay = 2.15> <IPBlock> <Opcode : 'mul' 'add' 'sub' 'select'> <InPorts = 0> <OutPorts = 1> <Sync> <CReg>
ST_39 : Operation 1277 [1/1] (0.00ns) (grouped into DSP with root node z1_38)   --->   "%sext_ln143_3 = sext i22 %add_ln143_6" [../import_files/import_files/2D_idct.cpp:143]   --->   Operation 1277 'sext' 'sext_ln143_3' <Predicate = true> <Delay = 0.00>
ST_39 : Operation 1278 [1/1] (0.00ns)   --->   "%sext_ln53_36 = sext i21 %workspace_83" [../import_files/import_files/2D_idct.cpp:53]   --->   Operation 1278 'sext' 'sext_ln53_36' <Predicate = true> <Delay = 0.00>
ST_39 : Operation 1279 [1/1] (2.25ns) (grouped into DSP with root node z1_26)   --->   "%add_ln143_2 = add i22 %sext_ln53_36, i22 %sext_ln53_12" [../import_files/import_files/2D_idct.cpp:143]   --->   Operation 1279 'add' 'add_ln143_2' <Predicate = true> <Delay = 2.25> <CoreInst = "DSP48">   --->   Core 119 'DSP48' <Latency = 3> <II = 1> <Delay = 2.15> <IPBlock> <Opcode : 'mul' 'add' 'sub' 'select'> <InPorts = 0> <OutPorts = 1> <Sync> <CReg>
ST_39 : Operation 1280 [1/1] (0.00ns) (grouped into DSP with root node z1_26)   --->   "%sext_ln143_4 = sext i22 %add_ln143_2" [../import_files/import_files/2D_idct.cpp:143]   --->   Operation 1280 'sext' 'sext_ln143_4' <Predicate = true> <Delay = 0.00>
ST_39 : Operation 1281 [1/1] (0.00ns)   --->   "%sext_ln53_37 = sext i21 %workspace_84" [../import_files/import_files/2D_idct.cpp:53]   --->   Operation 1281 'sext' 'sext_ln53_37' <Predicate = true> <Delay = 0.00>
ST_39 : Operation 1282 [1/1] (2.25ns) (grouped into DSP with root node z1_35)   --->   "%add_ln143_5 = add i22 %sext_ln53_37, i22 %sext_ln53_13" [../import_files/import_files/2D_idct.cpp:143]   --->   Operation 1282 'add' 'add_ln143_5' <Predicate = true> <Delay = 2.25> <CoreInst = "DSP48">   --->   Core 119 'DSP48' <Latency = 3> <II = 1> <Delay = 2.15> <IPBlock> <Opcode : 'mul' 'add' 'sub' 'select'> <InPorts = 0> <OutPorts = 1> <Sync> <CReg>
ST_39 : Operation 1283 [1/1] (0.00ns) (grouped into DSP with root node z1_35)   --->   "%sext_ln143_5 = sext i22 %add_ln143_5" [../import_files/import_files/2D_idct.cpp:143]   --->   Operation 1283 'sext' 'sext_ln143_5' <Predicate = true> <Delay = 0.00>
ST_39 : Operation 1284 [1/1] (0.00ns)   --->   "%sext_ln124_4 = sext i21 %workspace_85" [../import_files/import_files/2D_idct.cpp:124]   --->   Operation 1284 'sext' 'sext_ln124_4' <Predicate = true> <Delay = 0.00>
ST_39 : Operation 1285 [1/1] (0.00ns)   --->   "%sext_ln125_4 = sext i21 %workspace_86" [../import_files/import_files/2D_idct.cpp:125]   --->   Operation 1285 'sext' 'sext_ln125_4' <Predicate = true> <Delay = 0.00>
ST_39 : Operation 1286 [1/1] (0.00ns)   --->   "%sext_ln118_11 = sext i21 %workspace_87" [../import_files/import_files/2D_idct.cpp:118]   --->   Operation 1286 'sext' 'sext_ln118_11' <Predicate = true> <Delay = 0.00>
ST_39 : Operation 1287 [1/1] (0.00ns)   --->   "%sext_ln119_5 = sext i21 %workspace_88" [../import_files/import_files/2D_idct.cpp:119]   --->   Operation 1287 'sext' 'sext_ln119_5' <Predicate = true> <Delay = 0.00>
ST_39 : Operation 1288 [1/1] (0.00ns)   --->   "%sext_ln51_118 = sext i22 %z3_72" [../import_files/import_files/2D_idct.cpp:51]   --->   Operation 1288 'sext' 'sext_ln51_118' <Predicate = true> <Delay = 0.00>
ST_39 : Operation 1289 [1/1] (0.00ns)   --->   "%sext_ln51_121 = sext i22 %z3_92" [../import_files/import_files/2D_idct.cpp:51]   --->   Operation 1289 'sext' 'sext_ln51_121' <Predicate = true> <Delay = 0.00>
ST_39 : Operation 1290 [1/1] (0.00ns)   --->   "%sext_ln51_124 = sext i22 %z3_76" [../import_files/import_files/2D_idct.cpp:51]   --->   Operation 1290 'sext' 'sext_ln51_124' <Predicate = true> <Delay = 0.00>
ST_39 : Operation 1291 [1/1] (0.00ns)   --->   "%sext_ln51_127 = sext i22 %z3_88" [../import_files/import_files/2D_idct.cpp:51]   --->   Operation 1291 'sext' 'sext_ln51_127' <Predicate = true> <Delay = 0.00>
ST_39 : Operation 1292 [1/1] (0.00ns)   --->   "%sext_ln124_5 = sext i21 %workspace_93" [../import_files/import_files/2D_idct.cpp:124]   --->   Operation 1292 'sext' 'sext_ln124_5' <Predicate = true> <Delay = 0.00>
ST_39 : Operation 1293 [1/1] (0.00ns)   --->   "%sext_ln125_5 = sext i21 %workspace_94" [../import_files/import_files/2D_idct.cpp:125]   --->   Operation 1293 'sext' 'sext_ln125_5' <Predicate = true> <Delay = 0.00>
ST_39 : Operation 1294 [3/4] (1.05ns) (root node of the DSP)   --->   "%z1_20 = mul i32 %sext_ln143, i32 4433" [../import_files/import_files/2D_idct.cpp:143]   --->   Operation 1294 'mul' 'z1_20' <Predicate = true> <Delay = 1.05> <CoreInst = "DSP48">   --->   Core 119 'DSP48' <Latency = 3> <II = 1> <Delay = 2.15> <IPBlock> <Opcode : 'mul' 'add' 'sub' 'select'> <InPorts = 0> <OutPorts = 1> <Sync> <CReg>
ST_39 : Operation 1295 [3/3] (1.05ns) (grouped into DSP with root node tmp2_30)   --->   "%mul_ln144 = mul i32 %sext_ln118_9, i32 4294952159" [../import_files/import_files/2D_idct.cpp:144]   --->   Operation 1295 'mul' 'mul_ln144' <Predicate = true> <Delay = 1.05> <CoreInst = "DSP48">   --->   Core 119 'DSP48' <Latency = 3> <II = 1> <Delay = 2.15> <IPBlock> <Opcode : 'mul' 'add' 'sub' 'select'> <InPorts = 0> <OutPorts = 1> <Sync> <CReg>
ST_39 : Operation 1296 [3/3] (1.05ns) (grouped into DSP with root node tmp3_30)   --->   "%mul_ln145 = mul i32 %sext_ln118_3, i32 6270" [../import_files/import_files/2D_idct.cpp:145]   --->   Operation 1296 'mul' 'mul_ln145' <Predicate = true> <Delay = 1.05> <CoreInst = "DSP48">   --->   Core 119 'DSP48' <Latency = 3> <II = 1> <Delay = 2.15> <IPBlock> <Opcode : 'mul' 'add' 'sub' 'select'> <InPorts = 0> <OutPorts = 1> <Sync> <CReg>
ST_39 : Operation 1297 [2/4] (1.05ns) (root node of the DSP)   --->   "%z5_6 = mul i32 %sext_ln168, i32 9633" [../import_files/import_files/2D_idct.cpp:168]   --->   Operation 1297 'mul' 'z5_6' <Predicate = true> <Delay = 1.05> <CoreInst = "DSP48">   --->   Core 119 'DSP48' <Latency = 3> <II = 1> <Delay = 2.15> <IPBlock> <Opcode : 'mul' 'add' 'sub' 'select'> <InPorts = 0> <OutPorts = 1> <Sync> <CReg>
ST_39 : Operation 1298 [3/3] (1.05ns) (grouped into DSP with root node add_ln183)   --->   "%tmp0_34 = mul i32 %sext_ln118_11, i32 2446" [../import_files/import_files/2D_idct.cpp:170]   --->   Operation 1298 'mul' 'tmp0_34' <Predicate = true> <Delay = 1.05> <CoreInst = "DSP48">   --->   Core 119 'DSP48' <Latency = 3> <II = 1> <Delay = 2.15> <IPBlock> <Opcode : 'mul' 'add' 'sub' 'select'> <InPorts = 0> <OutPorts = 1> <Sync> <CReg>
ST_39 : Operation 1299 [3/3] (1.05ns) (grouped into DSP with root node add_ln184)   --->   "%tmp1_32 = mul i32 %sext_ln118_7, i32 16819" [../import_files/import_files/2D_idct.cpp:171]   --->   Operation 1299 'mul' 'tmp1_32' <Predicate = true> <Delay = 1.05> <CoreInst = "DSP48">   --->   Core 119 'DSP48' <Latency = 3> <II = 1> <Delay = 2.15> <IPBlock> <Opcode : 'mul' 'add' 'sub' 'select'> <InPorts = 0> <OutPorts = 1> <Sync> <CReg>
ST_39 : Operation 1300 [3/3] (1.05ns) (grouped into DSP with root node add_ln185)   --->   "%tmp2_32 = mul i32 %sext_ln118_5, i32 25172" [../import_files/import_files/2D_idct.cpp:172]   --->   Operation 1300 'mul' 'tmp2_32' <Predicate = true> <Delay = 1.05> <CoreInst = "DSP48">   --->   Core 119 'DSP48' <Latency = 3> <II = 1> <Delay = 2.15> <IPBlock> <Opcode : 'mul' 'add' 'sub' 'select'> <InPorts = 0> <OutPorts = 1> <Sync> <CReg>
ST_39 : Operation 1301 [3/3] (1.05ns) (grouped into DSP with root node add_ln186)   --->   "%tmp3_32 = mul i32 %sext_ln118_1, i32 12299" [../import_files/import_files/2D_idct.cpp:173]   --->   Operation 1301 'mul' 'tmp3_32' <Predicate = true> <Delay = 1.05> <CoreInst = "DSP48">   --->   Core 119 'DSP48' <Latency = 3> <II = 1> <Delay = 2.15> <IPBlock> <Opcode : 'mul' 'add' 'sub' 'select'> <InPorts = 0> <OutPorts = 1> <Sync> <CReg>
ST_39 : Operation 1302 [2/4] (1.05ns) (root node of the DSP)   --->   "%z1_22 = mul i32 %sext_ln51_114, i32 4294959923" [../import_files/import_files/2D_idct.cpp:175]   --->   Operation 1302 'mul' 'z1_22' <Predicate = true> <Delay = 1.05> <CoreInst = "DSP48">   --->   Core 119 'DSP48' <Latency = 3> <II = 1> <Delay = 2.15> <IPBlock> <Opcode : 'mul' 'add' 'sub' 'select'> <InPorts = 0> <OutPorts = 1> <Sync> <CReg>
ST_39 : Operation 1303 [2/4] (1.05ns) (root node of the DSP)   --->   "%z2_29 = mul i32 %sext_ln51_88, i32 4294946301" [../import_files/import_files/2D_idct.cpp:176]   --->   Operation 1303 'mul' 'z2_29' <Predicate = true> <Delay = 1.05> <CoreInst = "DSP48">   --->   Core 119 'DSP48' <Latency = 3> <II = 1> <Delay = 2.15> <IPBlock> <Opcode : 'mul' 'add' 'sub' 'select'> <InPorts = 0> <OutPorts = 1> <Sync> <CReg>
ST_39 : Operation 1304 [2/3] (1.05ns) (grouped into DSP with root node z3_70)   --->   "%z3_69 = mul i32 %sext_ln51_112, i32 4294951227" [../import_files/import_files/2D_idct.cpp:177]   --->   Operation 1304 'mul' 'z3_69' <Predicate = true> <Delay = 1.05> <CoreInst = "DSP48">   --->   Core 119 'DSP48' <Latency = 3> <II = 1> <Delay = 2.15> <IPBlock> <Opcode : 'mul' 'add' 'sub' 'select'> <InPorts = 0> <OutPorts = 1> <Sync> <CReg>
ST_39 : Operation 1305 [2/3] (1.05ns) (grouped into DSP with root node z4_26)   --->   "%z4_25 = mul i32 %sext_ln51_86, i32 4294964100" [../import_files/import_files/2D_idct.cpp:178]   --->   Operation 1305 'mul' 'z4_25' <Predicate = true> <Delay = 1.05> <CoreInst = "DSP48">   --->   Core 119 'DSP48' <Latency = 3> <II = 1> <Delay = 2.15> <IPBlock> <Opcode : 'mul' 'add' 'sub' 'select'> <InPorts = 0> <OutPorts = 1> <Sync> <CReg>
ST_39 : Operation 1306 [4/4] (1.05ns) (root node of the DSP)   --->   "%z1_23 = mul i32 %sext_ln143_2, i32 4433" [../import_files/import_files/2D_idct.cpp:143]   --->   Operation 1306 'mul' 'z1_23' <Predicate = true> <Delay = 1.05> <CoreInst = "DSP48">   --->   Core 119 'DSP48' <Latency = 3> <II = 1> <Delay = 2.15> <IPBlock> <Opcode : 'mul' 'add' 'sub' 'select'> <InPorts = 0> <OutPorts = 1> <Sync> <CReg>
ST_39 : Operation 1307 [3/4] (1.05ns) (root node of the DSP)   --->   "%z5_7 = mul i32 %sext_ln168_2, i32 9633" [../import_files/import_files/2D_idct.cpp:168]   --->   Operation 1307 'mul' 'z5_7' <Predicate = true> <Delay = 1.05> <CoreInst = "DSP48">   --->   Core 119 'DSP48' <Latency = 3> <II = 1> <Delay = 2.15> <IPBlock> <Opcode : 'mul' 'add' 'sub' 'select'> <InPorts = 0> <OutPorts = 1> <Sync> <CReg>
ST_39 : Operation 1308 [3/4] (1.05ns) (root node of the DSP)   --->   "%z1_25 = mul i32 %sext_ln51_120, i32 4294959923" [../import_files/import_files/2D_idct.cpp:175]   --->   Operation 1308 'mul' 'z1_25' <Predicate = true> <Delay = 1.05> <CoreInst = "DSP48">   --->   Core 119 'DSP48' <Latency = 3> <II = 1> <Delay = 2.15> <IPBlock> <Opcode : 'mul' 'add' 'sub' 'select'> <InPorts = 0> <OutPorts = 1> <Sync> <CReg>
ST_39 : Operation 1309 [3/4] (1.05ns) (root node of the DSP)   --->   "%z2_34 = mul i32 %sext_ln51_94, i32 4294946301" [../import_files/import_files/2D_idct.cpp:176]   --->   Operation 1309 'mul' 'z2_34' <Predicate = true> <Delay = 1.05> <CoreInst = "DSP48">   --->   Core 119 'DSP48' <Latency = 3> <II = 1> <Delay = 2.15> <IPBlock> <Opcode : 'mul' 'add' 'sub' 'select'> <InPorts = 0> <OutPorts = 1> <Sync> <CReg>
ST_39 : Operation 1310 [3/3] (1.05ns) (grouped into DSP with root node z3_74)   --->   "%z3_73 = mul i32 %sext_ln51_118, i32 4294951227" [../import_files/import_files/2D_idct.cpp:177]   --->   Operation 1310 'mul' 'z3_73' <Predicate = true> <Delay = 1.05> <CoreInst = "DSP48">   --->   Core 119 'DSP48' <Latency = 3> <II = 1> <Delay = 2.15> <IPBlock> <Opcode : 'mul' 'add' 'sub' 'select'> <InPorts = 0> <OutPorts = 1> <Sync> <CReg>
ST_39 : Operation 1311 [3/3] (1.05ns) (grouped into DSP with root node z4_29)   --->   "%z4_28 = mul i32 %sext_ln51_92, i32 4294964100" [../import_files/import_files/2D_idct.cpp:178]   --->   Operation 1311 'mul' 'z4_28' <Predicate = true> <Delay = 1.05> <CoreInst = "DSP48">   --->   Core 119 'DSP48' <Latency = 3> <II = 1> <Delay = 2.15> <IPBlock> <Opcode : 'mul' 'add' 'sub' 'select'> <InPorts = 0> <OutPorts = 1> <Sync> <CReg>
ST_39 : Operation 1312 [4/4] (1.05ns) (root node of the DSP)   --->   "%z1_26 = mul i32 %sext_ln143_4, i32 4433" [../import_files/import_files/2D_idct.cpp:143]   --->   Operation 1312 'mul' 'z1_26' <Predicate = true> <Delay = 1.05> <CoreInst = "DSP48">   --->   Core 119 'DSP48' <Latency = 3> <II = 1> <Delay = 2.15> <IPBlock> <Opcode : 'mul' 'add' 'sub' 'select'> <InPorts = 0> <OutPorts = 1> <Sync> <CReg>
ST_39 : Operation 1313 [3/4] (1.05ns) (root node of the DSP)   --->   "%z5_8 = mul i32 %sext_ln168_4, i32 9633" [../import_files/import_files/2D_idct.cpp:168]   --->   Operation 1313 'mul' 'z5_8' <Predicate = true> <Delay = 1.05> <CoreInst = "DSP48">   --->   Core 119 'DSP48' <Latency = 3> <II = 1> <Delay = 2.15> <IPBlock> <Opcode : 'mul' 'add' 'sub' 'select'> <InPorts = 0> <OutPorts = 1> <Sync> <CReg>
ST_39 : Operation 1314 [3/4] (1.05ns) (root node of the DSP)   --->   "%z1_28 = mul i32 %sext_ln51_126, i32 4294959923" [../import_files/import_files/2D_idct.cpp:175]   --->   Operation 1314 'mul' 'z1_28' <Predicate = true> <Delay = 1.05> <CoreInst = "DSP48">   --->   Core 119 'DSP48' <Latency = 3> <II = 1> <Delay = 2.15> <IPBlock> <Opcode : 'mul' 'add' 'sub' 'select'> <InPorts = 0> <OutPorts = 1> <Sync> <CReg>
ST_39 : Operation 1315 [3/4] (1.05ns) (root node of the DSP)   --->   "%z2_38 = mul i32 %sext_ln51_100, i32 4294946301" [../import_files/import_files/2D_idct.cpp:176]   --->   Operation 1315 'mul' 'z2_38' <Predicate = true> <Delay = 1.05> <CoreInst = "DSP48">   --->   Core 119 'DSP48' <Latency = 3> <II = 1> <Delay = 2.15> <IPBlock> <Opcode : 'mul' 'add' 'sub' 'select'> <InPorts = 0> <OutPorts = 1> <Sync> <CReg>
ST_39 : Operation 1316 [3/3] (1.05ns) (grouped into DSP with root node z3_78)   --->   "%z3_77 = mul i32 %sext_ln51_124, i32 4294951227" [../import_files/import_files/2D_idct.cpp:177]   --->   Operation 1316 'mul' 'z3_77' <Predicate = true> <Delay = 1.05> <CoreInst = "DSP48">   --->   Core 119 'DSP48' <Latency = 3> <II = 1> <Delay = 2.15> <IPBlock> <Opcode : 'mul' 'add' 'sub' 'select'> <InPorts = 0> <OutPorts = 1> <Sync> <CReg>
ST_39 : Operation 1317 [3/3] (1.05ns) (grouped into DSP with root node z4_32)   --->   "%z4_31 = mul i32 %sext_ln51_98, i32 4294964100" [../import_files/import_files/2D_idct.cpp:178]   --->   Operation 1317 'mul' 'z4_31' <Predicate = true> <Delay = 1.05> <CoreInst = "DSP48">   --->   Core 119 'DSP48' <Latency = 3> <II = 1> <Delay = 2.15> <IPBlock> <Opcode : 'mul' 'add' 'sub' 'select'> <InPorts = 0> <OutPorts = 1> <Sync> <CReg>
ST_39 : Operation 1318 [3/4] (1.05ns) (root node of the DSP)   --->   "%z1_29 = mul i32 %sext_ln143_6, i32 4433" [../import_files/import_files/2D_idct.cpp:143]   --->   Operation 1318 'mul' 'z1_29' <Predicate = true> <Delay = 1.05> <CoreInst = "DSP48">   --->   Core 119 'DSP48' <Latency = 3> <II = 1> <Delay = 2.15> <IPBlock> <Opcode : 'mul' 'add' 'sub' 'select'> <InPorts = 0> <OutPorts = 1> <Sync> <CReg>
ST_39 : Operation 1319 [3/3] (1.05ns) (grouped into DSP with root node tmp2_42)   --->   "%mul_ln144_3 = mul i32 %sext_ln124_4, i32 4294952159" [../import_files/import_files/2D_idct.cpp:144]   --->   Operation 1319 'mul' 'mul_ln144_3' <Predicate = true> <Delay = 1.05> <CoreInst = "DSP48">   --->   Core 119 'DSP48' <Latency = 3> <II = 1> <Delay = 2.15> <IPBlock> <Opcode : 'mul' 'add' 'sub' 'select'> <InPorts = 0> <OutPorts = 1> <Sync> <CReg>
ST_39 : Operation 1320 [3/3] (1.05ns) (grouped into DSP with root node tmp3_42)   --->   "%mul_ln145_3 = mul i32 %sext_ln124_1, i32 6270" [../import_files/import_files/2D_idct.cpp:145]   --->   Operation 1320 'mul' 'mul_ln145_3' <Predicate = true> <Delay = 1.05> <CoreInst = "DSP48">   --->   Core 119 'DSP48' <Latency = 3> <II = 1> <Delay = 2.15> <IPBlock> <Opcode : 'mul' 'add' 'sub' 'select'> <InPorts = 0> <OutPorts = 1> <Sync> <CReg>
ST_39 : Operation 1321 [2/4] (1.05ns) (root node of the DSP)   --->   "%z5_9 = mul i32 %sext_ln168_6, i32 9633" [../import_files/import_files/2D_idct.cpp:168]   --->   Operation 1321 'mul' 'z5_9' <Predicate = true> <Delay = 1.05> <CoreInst = "DSP48">   --->   Core 119 'DSP48' <Latency = 3> <II = 1> <Delay = 2.15> <IPBlock> <Opcode : 'mul' 'add' 'sub' 'select'> <InPorts = 0> <OutPorts = 1> <Sync> <CReg>
ST_39 : Operation 1322 [3/3] (1.05ns) (grouped into DSP with root node add_ln183_6)   --->   "%tmp0_46 = mul i32 %sext_ln124_5, i32 2446" [../import_files/import_files/2D_idct.cpp:170]   --->   Operation 1322 'mul' 'tmp0_46' <Predicate = true> <Delay = 1.05> <CoreInst = "DSP48">   --->   Core 119 'DSP48' <Latency = 3> <II = 1> <Delay = 2.15> <IPBlock> <Opcode : 'mul' 'add' 'sub' 'select'> <InPorts = 0> <OutPorts = 1> <Sync> <CReg>
ST_39 : Operation 1323 [3/3] (1.05ns) (grouped into DSP with root node add_ln184_6)   --->   "%tmp1_44 = mul i32 %sext_ln124_3, i32 16819" [../import_files/import_files/2D_idct.cpp:171]   --->   Operation 1323 'mul' 'tmp1_44' <Predicate = true> <Delay = 1.05> <CoreInst = "DSP48">   --->   Core 119 'DSP48' <Latency = 3> <II = 1> <Delay = 2.15> <IPBlock> <Opcode : 'mul' 'add' 'sub' 'select'> <InPorts = 0> <OutPorts = 1> <Sync> <CReg>
ST_39 : Operation 1324 [3/3] (1.05ns) (grouped into DSP with root node add_ln185_6)   --->   "%tmp2_44 = mul i32 %sext_ln124_2, i32 25172" [../import_files/import_files/2D_idct.cpp:172]   --->   Operation 1324 'mul' 'tmp2_44' <Predicate = true> <Delay = 1.05> <CoreInst = "DSP48">   --->   Core 119 'DSP48' <Latency = 3> <II = 1> <Delay = 2.15> <IPBlock> <Opcode : 'mul' 'add' 'sub' 'select'> <InPorts = 0> <OutPorts = 1> <Sync> <CReg>
ST_39 : Operation 1325 [3/3] (1.05ns) (grouped into DSP with root node add_ln186_6)   --->   "%tmp3_44 = mul i32 %sext_ln124, i32 12299" [../import_files/import_files/2D_idct.cpp:173]   --->   Operation 1325 'mul' 'tmp3_44' <Predicate = true> <Delay = 1.05> <CoreInst = "DSP48">   --->   Core 119 'DSP48' <Latency = 3> <II = 1> <Delay = 2.15> <IPBlock> <Opcode : 'mul' 'add' 'sub' 'select'> <InPorts = 0> <OutPorts = 1> <Sync> <CReg>
ST_39 : Operation 1326 [2/4] (1.05ns) (root node of the DSP)   --->   "%z1_31 = mul i32 %sext_ln51_132, i32 4294959923" [../import_files/import_files/2D_idct.cpp:175]   --->   Operation 1326 'mul' 'z1_31' <Predicate = true> <Delay = 1.05> <CoreInst = "DSP48">   --->   Core 119 'DSP48' <Latency = 3> <II = 1> <Delay = 2.15> <IPBlock> <Opcode : 'mul' 'add' 'sub' 'select'> <InPorts = 0> <OutPorts = 1> <Sync> <CReg>
ST_39 : Operation 1327 [2/4] (1.05ns) (root node of the DSP)   --->   "%z2_43 = mul i32 %sext_ln51_106, i32 4294946301" [../import_files/import_files/2D_idct.cpp:176]   --->   Operation 1327 'mul' 'z2_43' <Predicate = true> <Delay = 1.05> <CoreInst = "DSP48">   --->   Core 119 'DSP48' <Latency = 3> <II = 1> <Delay = 2.15> <IPBlock> <Opcode : 'mul' 'add' 'sub' 'select'> <InPorts = 0> <OutPorts = 1> <Sync> <CReg>
ST_39 : Operation 1328 [2/3] (1.05ns) (grouped into DSP with root node z3_82)   --->   "%z3_81 = mul i32 %sext_ln51_130, i32 4294951227" [../import_files/import_files/2D_idct.cpp:177]   --->   Operation 1328 'mul' 'z3_81' <Predicate = true> <Delay = 1.05> <CoreInst = "DSP48">   --->   Core 119 'DSP48' <Latency = 3> <II = 1> <Delay = 2.15> <IPBlock> <Opcode : 'mul' 'add' 'sub' 'select'> <InPorts = 0> <OutPorts = 1> <Sync> <CReg>
ST_39 : Operation 1329 [2/3] (1.05ns) (grouped into DSP with root node z4_35)   --->   "%z4_34 = mul i32 %sext_ln51_104, i32 4294964100" [../import_files/import_files/2D_idct.cpp:178]   --->   Operation 1329 'mul' 'z4_34' <Predicate = true> <Delay = 1.05> <CoreInst = "DSP48">   --->   Core 119 'DSP48' <Latency = 3> <II = 1> <Delay = 2.15> <IPBlock> <Opcode : 'mul' 'add' 'sub' 'select'> <InPorts = 0> <OutPorts = 1> <Sync> <CReg>
ST_39 : Operation 1330 [3/4] (1.05ns) (root node of the DSP)   --->   "%z1_32 = mul i32 %sext_ln143_7, i32 4433" [../import_files/import_files/2D_idct.cpp:143]   --->   Operation 1330 'mul' 'z1_32' <Predicate = true> <Delay = 1.05> <CoreInst = "DSP48">   --->   Core 119 'DSP48' <Latency = 3> <II = 1> <Delay = 2.15> <IPBlock> <Opcode : 'mul' 'add' 'sub' 'select'> <InPorts = 0> <OutPorts = 1> <Sync> <CReg>
ST_39 : Operation 1331 [3/3] (1.05ns) (grouped into DSP with root node tmp2_46)   --->   "%mul_ln144_4 = mul i32 %sext_ln125_4, i32 4294952159" [../import_files/import_files/2D_idct.cpp:144]   --->   Operation 1331 'mul' 'mul_ln144_4' <Predicate = true> <Delay = 1.05> <CoreInst = "DSP48">   --->   Core 119 'DSP48' <Latency = 3> <II = 1> <Delay = 2.15> <IPBlock> <Opcode : 'mul' 'add' 'sub' 'select'> <InPorts = 0> <OutPorts = 1> <Sync> <CReg>
ST_39 : Operation 1332 [3/3] (1.05ns) (grouped into DSP with root node tmp3_46)   --->   "%mul_ln145_4 = mul i32 %sext_ln125_1, i32 6270" [../import_files/import_files/2D_idct.cpp:145]   --->   Operation 1332 'mul' 'mul_ln145_4' <Predicate = true> <Delay = 1.05> <CoreInst = "DSP48">   --->   Core 119 'DSP48' <Latency = 3> <II = 1> <Delay = 2.15> <IPBlock> <Opcode : 'mul' 'add' 'sub' 'select'> <InPorts = 0> <OutPorts = 1> <Sync> <CReg>
ST_39 : Operation 1333 [2/4] (1.05ns) (root node of the DSP)   --->   "%z5_10 = mul i32 %sext_ln168_7, i32 9633" [../import_files/import_files/2D_idct.cpp:168]   --->   Operation 1333 'mul' 'z5_10' <Predicate = true> <Delay = 1.05> <CoreInst = "DSP48">   --->   Core 119 'DSP48' <Latency = 3> <II = 1> <Delay = 2.15> <IPBlock> <Opcode : 'mul' 'add' 'sub' 'select'> <InPorts = 0> <OutPorts = 1> <Sync> <CReg>
ST_39 : Operation 1334 [3/3] (1.05ns) (grouped into DSP with root node add_ln183_8)   --->   "%tmp0_50 = mul i32 %sext_ln125_5, i32 2446" [../import_files/import_files/2D_idct.cpp:170]   --->   Operation 1334 'mul' 'tmp0_50' <Predicate = true> <Delay = 1.05> <CoreInst = "DSP48">   --->   Core 119 'DSP48' <Latency = 3> <II = 1> <Delay = 2.15> <IPBlock> <Opcode : 'mul' 'add' 'sub' 'select'> <InPorts = 0> <OutPorts = 1> <Sync> <CReg>
ST_39 : Operation 1335 [3/3] (1.05ns) (grouped into DSP with root node add_ln184_8)   --->   "%tmp1_48 = mul i32 %sext_ln125_3, i32 16819" [../import_files/import_files/2D_idct.cpp:171]   --->   Operation 1335 'mul' 'tmp1_48' <Predicate = true> <Delay = 1.05> <CoreInst = "DSP48">   --->   Core 119 'DSP48' <Latency = 3> <II = 1> <Delay = 2.15> <IPBlock> <Opcode : 'mul' 'add' 'sub' 'select'> <InPorts = 0> <OutPorts = 1> <Sync> <CReg>
ST_39 : Operation 1336 [3/3] (1.05ns) (grouped into DSP with root node add_ln185_8)   --->   "%tmp2_48 = mul i32 %sext_ln125_2, i32 25172" [../import_files/import_files/2D_idct.cpp:172]   --->   Operation 1336 'mul' 'tmp2_48' <Predicate = true> <Delay = 1.05> <CoreInst = "DSP48">   --->   Core 119 'DSP48' <Latency = 3> <II = 1> <Delay = 2.15> <IPBlock> <Opcode : 'mul' 'add' 'sub' 'select'> <InPorts = 0> <OutPorts = 1> <Sync> <CReg>
ST_39 : Operation 1337 [3/3] (1.05ns) (grouped into DSP with root node add_ln186_8)   --->   "%tmp3_48 = mul i32 %sext_ln125, i32 12299" [../import_files/import_files/2D_idct.cpp:173]   --->   Operation 1337 'mul' 'tmp3_48' <Predicate = true> <Delay = 1.05> <CoreInst = "DSP48">   --->   Core 119 'DSP48' <Latency = 3> <II = 1> <Delay = 2.15> <IPBlock> <Opcode : 'mul' 'add' 'sub' 'select'> <InPorts = 0> <OutPorts = 1> <Sync> <CReg>
ST_39 : Operation 1338 [2/4] (1.05ns) (root node of the DSP)   --->   "%z1_34 = mul i32 %sext_ln51_135, i32 4294959923" [../import_files/import_files/2D_idct.cpp:175]   --->   Operation 1338 'mul' 'z1_34' <Predicate = true> <Delay = 1.05> <CoreInst = "DSP48">   --->   Core 119 'DSP48' <Latency = 3> <II = 1> <Delay = 2.15> <IPBlock> <Opcode : 'mul' 'add' 'sub' 'select'> <InPorts = 0> <OutPorts = 1> <Sync> <CReg>
ST_39 : Operation 1339 [2/4] (1.05ns) (root node of the DSP)   --->   "%z2_47 = mul i32 %sext_ln51_109, i32 4294946301" [../import_files/import_files/2D_idct.cpp:176]   --->   Operation 1339 'mul' 'z2_47' <Predicate = true> <Delay = 1.05> <CoreInst = "DSP48">   --->   Core 119 'DSP48' <Latency = 3> <II = 1> <Delay = 2.15> <IPBlock> <Opcode : 'mul' 'add' 'sub' 'select'> <InPorts = 0> <OutPorts = 1> <Sync> <CReg>
ST_39 : Operation 1340 [2/3] (1.05ns) (grouped into DSP with root node z3_86)   --->   "%z3_85 = mul i32 %sext_ln51_133, i32 4294951227" [../import_files/import_files/2D_idct.cpp:177]   --->   Operation 1340 'mul' 'z3_85' <Predicate = true> <Delay = 1.05> <CoreInst = "DSP48">   --->   Core 119 'DSP48' <Latency = 3> <II = 1> <Delay = 2.15> <IPBlock> <Opcode : 'mul' 'add' 'sub' 'select'> <InPorts = 0> <OutPorts = 1> <Sync> <CReg>
ST_39 : Operation 1341 [2/3] (1.05ns) (grouped into DSP with root node z4_38)   --->   "%z4_37 = mul i32 %sext_ln51_107, i32 4294964100" [../import_files/import_files/2D_idct.cpp:178]   --->   Operation 1341 'mul' 'z4_37' <Predicate = true> <Delay = 1.05> <CoreInst = "DSP48">   --->   Core 119 'DSP48' <Latency = 3> <II = 1> <Delay = 2.15> <IPBlock> <Opcode : 'mul' 'add' 'sub' 'select'> <InPorts = 0> <OutPorts = 1> <Sync> <CReg>
ST_39 : Operation 1342 [4/4] (1.05ns) (root node of the DSP)   --->   "%z1_35 = mul i32 %sext_ln143_5, i32 4433" [../import_files/import_files/2D_idct.cpp:143]   --->   Operation 1342 'mul' 'z1_35' <Predicate = true> <Delay = 1.05> <CoreInst = "DSP48">   --->   Core 119 'DSP48' <Latency = 3> <II = 1> <Delay = 2.15> <IPBlock> <Opcode : 'mul' 'add' 'sub' 'select'> <InPorts = 0> <OutPorts = 1> <Sync> <CReg>
ST_39 : Operation 1343 [3/4] (1.05ns) (root node of the DSP)   --->   "%z5_11 = mul i32 %sext_ln168_5, i32 9633" [../import_files/import_files/2D_idct.cpp:168]   --->   Operation 1343 'mul' 'z5_11' <Predicate = true> <Delay = 1.05> <CoreInst = "DSP48">   --->   Core 119 'DSP48' <Latency = 3> <II = 1> <Delay = 2.15> <IPBlock> <Opcode : 'mul' 'add' 'sub' 'select'> <InPorts = 0> <OutPorts = 1> <Sync> <CReg>
ST_39 : Operation 1344 [3/4] (1.05ns) (root node of the DSP)   --->   "%z1_37 = mul i32 %sext_ln51_129, i32 4294959923" [../import_files/import_files/2D_idct.cpp:175]   --->   Operation 1344 'mul' 'z1_37' <Predicate = true> <Delay = 1.05> <CoreInst = "DSP48">   --->   Core 119 'DSP48' <Latency = 3> <II = 1> <Delay = 2.15> <IPBlock> <Opcode : 'mul' 'add' 'sub' 'select'> <InPorts = 0> <OutPorts = 1> <Sync> <CReg>
ST_39 : Operation 1345 [3/4] (1.05ns) (root node of the DSP)   --->   "%z2_50 = mul i32 %sext_ln51_103, i32 4294946301" [../import_files/import_files/2D_idct.cpp:176]   --->   Operation 1345 'mul' 'z2_50' <Predicate = true> <Delay = 1.05> <CoreInst = "DSP48">   --->   Core 119 'DSP48' <Latency = 3> <II = 1> <Delay = 2.15> <IPBlock> <Opcode : 'mul' 'add' 'sub' 'select'> <InPorts = 0> <OutPorts = 1> <Sync> <CReg>
ST_39 : Operation 1346 [3/3] (1.05ns) (grouped into DSP with root node z3_90)   --->   "%z3_89 = mul i32 %sext_ln51_127, i32 4294951227" [../import_files/import_files/2D_idct.cpp:177]   --->   Operation 1346 'mul' 'z3_89' <Predicate = true> <Delay = 1.05> <CoreInst = "DSP48">   --->   Core 119 'DSP48' <Latency = 3> <II = 1> <Delay = 2.15> <IPBlock> <Opcode : 'mul' 'add' 'sub' 'select'> <InPorts = 0> <OutPorts = 1> <Sync> <CReg>
ST_39 : Operation 1347 [3/3] (1.05ns) (grouped into DSP with root node z4_41)   --->   "%z4_40 = mul i32 %sext_ln51_101, i32 4294964100" [../import_files/import_files/2D_idct.cpp:178]   --->   Operation 1347 'mul' 'z4_40' <Predicate = true> <Delay = 1.05> <CoreInst = "DSP48">   --->   Core 119 'DSP48' <Latency = 3> <II = 1> <Delay = 2.15> <IPBlock> <Opcode : 'mul' 'add' 'sub' 'select'> <InPorts = 0> <OutPorts = 1> <Sync> <CReg>
ST_39 : Operation 1348 [4/4] (1.05ns) (root node of the DSP)   --->   "%z1_38 = mul i32 %sext_ln143_3, i32 4433" [../import_files/import_files/2D_idct.cpp:143]   --->   Operation 1348 'mul' 'z1_38' <Predicate = true> <Delay = 1.05> <CoreInst = "DSP48">   --->   Core 119 'DSP48' <Latency = 3> <II = 1> <Delay = 2.15> <IPBlock> <Opcode : 'mul' 'add' 'sub' 'select'> <InPorts = 0> <OutPorts = 1> <Sync> <CReg>
ST_39 : Operation 1349 [3/4] (1.05ns) (root node of the DSP)   --->   "%z5_12 = mul i32 %sext_ln168_3, i32 9633" [../import_files/import_files/2D_idct.cpp:168]   --->   Operation 1349 'mul' 'z5_12' <Predicate = true> <Delay = 1.05> <CoreInst = "DSP48">   --->   Core 119 'DSP48' <Latency = 3> <II = 1> <Delay = 2.15> <IPBlock> <Opcode : 'mul' 'add' 'sub' 'select'> <InPorts = 0> <OutPorts = 1> <Sync> <CReg>
ST_39 : Operation 1350 [3/4] (1.05ns) (root node of the DSP)   --->   "%z1_40 = mul i32 %sext_ln51_123, i32 4294959923" [../import_files/import_files/2D_idct.cpp:175]   --->   Operation 1350 'mul' 'z1_40' <Predicate = true> <Delay = 1.05> <CoreInst = "DSP48">   --->   Core 119 'DSP48' <Latency = 3> <II = 1> <Delay = 2.15> <IPBlock> <Opcode : 'mul' 'add' 'sub' 'select'> <InPorts = 0> <OutPorts = 1> <Sync> <CReg>
ST_39 : Operation 1351 [3/4] (1.05ns) (root node of the DSP)   --->   "%z2_53 = mul i32 %sext_ln51_97, i32 4294946301" [../import_files/import_files/2D_idct.cpp:176]   --->   Operation 1351 'mul' 'z2_53' <Predicate = true> <Delay = 1.05> <CoreInst = "DSP48">   --->   Core 119 'DSP48' <Latency = 3> <II = 1> <Delay = 2.15> <IPBlock> <Opcode : 'mul' 'add' 'sub' 'select'> <InPorts = 0> <OutPorts = 1> <Sync> <CReg>
ST_39 : Operation 1352 [3/3] (1.05ns) (grouped into DSP with root node z3_94)   --->   "%z3_93 = mul i32 %sext_ln51_121, i32 4294951227" [../import_files/import_files/2D_idct.cpp:177]   --->   Operation 1352 'mul' 'z3_93' <Predicate = true> <Delay = 1.05> <CoreInst = "DSP48">   --->   Core 119 'DSP48' <Latency = 3> <II = 1> <Delay = 2.15> <IPBlock> <Opcode : 'mul' 'add' 'sub' 'select'> <InPorts = 0> <OutPorts = 1> <Sync> <CReg>
ST_39 : Operation 1353 [3/3] (1.05ns) (grouped into DSP with root node z4_44)   --->   "%z4_43 = mul i32 %sext_ln51_95, i32 4294964100" [../import_files/import_files/2D_idct.cpp:178]   --->   Operation 1353 'mul' 'z4_43' <Predicate = true> <Delay = 1.05> <CoreInst = "DSP48">   --->   Core 119 'DSP48' <Latency = 3> <II = 1> <Delay = 2.15> <IPBlock> <Opcode : 'mul' 'add' 'sub' 'select'> <InPorts = 0> <OutPorts = 1> <Sync> <CReg>
ST_39 : Operation 1354 [3/4] (1.05ns) (root node of the DSP)   --->   "%z1_41 = mul i32 %sext_ln143_1, i32 4433" [../import_files/import_files/2D_idct.cpp:143]   --->   Operation 1354 'mul' 'z1_41' <Predicate = true> <Delay = 1.05> <CoreInst = "DSP48">   --->   Core 119 'DSP48' <Latency = 3> <II = 1> <Delay = 2.15> <IPBlock> <Opcode : 'mul' 'add' 'sub' 'select'> <InPorts = 0> <OutPorts = 1> <Sync> <CReg>
ST_39 : Operation 1355 [3/3] (1.05ns) (grouped into DSP with root node tmp2_58)   --->   "%mul_ln144_7 = mul i32 %sext_ln119_4, i32 4294952159" [../import_files/import_files/2D_idct.cpp:144]   --->   Operation 1355 'mul' 'mul_ln144_7' <Predicate = true> <Delay = 1.05> <CoreInst = "DSP48">   --->   Core 119 'DSP48' <Latency = 3> <II = 1> <Delay = 2.15> <IPBlock> <Opcode : 'mul' 'add' 'sub' 'select'> <InPorts = 0> <OutPorts = 1> <Sync> <CReg>
ST_39 : Operation 1356 [3/3] (1.05ns) (grouped into DSP with root node tmp3_58)   --->   "%mul_ln145_7 = mul i32 %sext_ln119_1, i32 6270" [../import_files/import_files/2D_idct.cpp:145]   --->   Operation 1356 'mul' 'mul_ln145_7' <Predicate = true> <Delay = 1.05> <CoreInst = "DSP48">   --->   Core 119 'DSP48' <Latency = 3> <II = 1> <Delay = 2.15> <IPBlock> <Opcode : 'mul' 'add' 'sub' 'select'> <InPorts = 0> <OutPorts = 1> <Sync> <CReg>
ST_39 : Operation 1357 [2/4] (1.05ns) (root node of the DSP)   --->   "%z5_13 = mul i32 %sext_ln168_1, i32 9633" [../import_files/import_files/2D_idct.cpp:168]   --->   Operation 1357 'mul' 'z5_13' <Predicate = true> <Delay = 1.05> <CoreInst = "DSP48">   --->   Core 119 'DSP48' <Latency = 3> <II = 1> <Delay = 2.15> <IPBlock> <Opcode : 'mul' 'add' 'sub' 'select'> <InPorts = 0> <OutPorts = 1> <Sync> <CReg>
ST_39 : Operation 1358 [3/3] (1.05ns) (grouped into DSP with root node add_ln183_14)   --->   "%tmp0_62 = mul i32 %sext_ln119_5, i32 2446" [../import_files/import_files/2D_idct.cpp:170]   --->   Operation 1358 'mul' 'tmp0_62' <Predicate = true> <Delay = 1.05> <CoreInst = "DSP48">   --->   Core 119 'DSP48' <Latency = 3> <II = 1> <Delay = 2.15> <IPBlock> <Opcode : 'mul' 'add' 'sub' 'select'> <InPorts = 0> <OutPorts = 1> <Sync> <CReg>
ST_39 : Operation 1359 [3/3] (1.05ns) (grouped into DSP with root node add_ln184_14)   --->   "%tmp1_60 = mul i32 %sext_ln119_3, i32 16819" [../import_files/import_files/2D_idct.cpp:171]   --->   Operation 1359 'mul' 'tmp1_60' <Predicate = true> <Delay = 1.05> <CoreInst = "DSP48">   --->   Core 119 'DSP48' <Latency = 3> <II = 1> <Delay = 2.15> <IPBlock> <Opcode : 'mul' 'add' 'sub' 'select'> <InPorts = 0> <OutPorts = 1> <Sync> <CReg>
ST_39 : Operation 1360 [3/3] (1.05ns) (grouped into DSP with root node add_ln185_14)   --->   "%tmp2_60 = mul i32 %sext_ln119_2, i32 25172" [../import_files/import_files/2D_idct.cpp:172]   --->   Operation 1360 'mul' 'tmp2_60' <Predicate = true> <Delay = 1.05> <CoreInst = "DSP48">   --->   Core 119 'DSP48' <Latency = 3> <II = 1> <Delay = 2.15> <IPBlock> <Opcode : 'mul' 'add' 'sub' 'select'> <InPorts = 0> <OutPorts = 1> <Sync> <CReg>
ST_39 : Operation 1361 [3/3] (1.05ns) (grouped into DSP with root node add_ln186_14)   --->   "%tmp3_60 = mul i32 %sext_ln119, i32 12299" [../import_files/import_files/2D_idct.cpp:173]   --->   Operation 1361 'mul' 'tmp3_60' <Predicate = true> <Delay = 1.05> <CoreInst = "DSP48">   --->   Core 119 'DSP48' <Latency = 3> <II = 1> <Delay = 2.15> <IPBlock> <Opcode : 'mul' 'add' 'sub' 'select'> <InPorts = 0> <OutPorts = 1> <Sync> <CReg>
ST_39 : Operation 1362 [2/4] (1.05ns) (root node of the DSP)   --->   "%z1_43 = mul i32 %sext_ln51_117, i32 4294959923" [../import_files/import_files/2D_idct.cpp:175]   --->   Operation 1362 'mul' 'z1_43' <Predicate = true> <Delay = 1.05> <CoreInst = "DSP48">   --->   Core 119 'DSP48' <Latency = 3> <II = 1> <Delay = 2.15> <IPBlock> <Opcode : 'mul' 'add' 'sub' 'select'> <InPorts = 0> <OutPorts = 1> <Sync> <CReg>
ST_39 : Operation 1363 [2/4] (1.05ns) (root node of the DSP)   --->   "%z2_56 = mul i32 %sext_ln51_91, i32 4294946301" [../import_files/import_files/2D_idct.cpp:176]   --->   Operation 1363 'mul' 'z2_56' <Predicate = true> <Delay = 1.05> <CoreInst = "DSP48">   --->   Core 119 'DSP48' <Latency = 3> <II = 1> <Delay = 2.15> <IPBlock> <Opcode : 'mul' 'add' 'sub' 'select'> <InPorts = 0> <OutPorts = 1> <Sync> <CReg>
ST_39 : Operation 1364 [2/3] (1.05ns) (grouped into DSP with root node z3_98)   --->   "%z3_97 = mul i32 %sext_ln51_115, i32 4294951227" [../import_files/import_files/2D_idct.cpp:177]   --->   Operation 1364 'mul' 'z3_97' <Predicate = true> <Delay = 1.05> <CoreInst = "DSP48">   --->   Core 119 'DSP48' <Latency = 3> <II = 1> <Delay = 2.15> <IPBlock> <Opcode : 'mul' 'add' 'sub' 'select'> <InPorts = 0> <OutPorts = 1> <Sync> <CReg>
ST_39 : Operation 1365 [2/3] (1.05ns) (grouped into DSP with root node z4_47)   --->   "%z4_46 = mul i32 %sext_ln51_89, i32 4294964100" [../import_files/import_files/2D_idct.cpp:178]   --->   Operation 1365 'mul' 'z4_46' <Predicate = true> <Delay = 1.05> <CoreInst = "DSP48">   --->   Core 119 'DSP48' <Latency = 3> <II = 1> <Delay = 2.15> <IPBlock> <Opcode : 'mul' 'add' 'sub' 'select'> <InPorts = 0> <OutPorts = 1> <Sync> <CReg>

State 40 <SV = 39> <Delay = 4.20>
ST_40 : Operation 1366 [1/1] (0.00ns)   --->   "%sext_ln77 = sext i16 %trunc_ln39" [../import_files/import_files/2D_idct.cpp:77]   --->   Operation 1366 'sext' 'sext_ln77' <Predicate = true> <Delay = 0.00>
ST_40 : Operation 1367 [1/1] (0.00ns)   --->   "%sext_ln77_4 = sext i16 %trunc_ln43" [../import_files/import_files/2D_idct.cpp:77]   --->   Operation 1367 'sext' 'sext_ln77_4' <Predicate = true> <Delay = 0.00>
ST_40 : Operation 1368 [1/1] (0.00ns)   --->   "%sext_ln76 = sext i16 %trunc_ln39_4" [../import_files/import_files/2D_idct.cpp:76]   --->   Operation 1368 'sext' 'sext_ln76' <Predicate = true> <Delay = 0.00>
ST_40 : Operation 1369 [1/1] (2.07ns)   --->   "%sub_ln77 = sub i17 %sext_ln77, i17 %sext_ln76" [../import_files/import_files/2D_idct.cpp:77]   --->   Operation 1369 'sub' 'sub_ln77' <Predicate = true> <Delay = 2.07> <CoreInst = "Adder">   --->   Core 1 'Adder' <Latency = 0> <II = 1> <Delay = 2.07> <FuncUnit> <Opcode : 'add' 'sub'> <InPorts = 2> <OutPorts = 1>
ST_40 : Operation 1370 [1/1] (2.07ns)   --->   "%add_ln76 = add i17 %sext_ln77, i17 %sext_ln76" [../import_files/import_files/2D_idct.cpp:76]   --->   Operation 1370 'add' 'add_ln76' <Predicate = true> <Delay = 2.07> <CoreInst = "Adder">   --->   Core 1 'Adder' <Latency = 0> <II = 1> <Delay = 2.07> <FuncUnit> <Opcode : 'add' 'sub'> <InPorts = 2> <OutPorts = 1>
ST_40 : Operation 1371 [1/1] (0.00ns)   --->   "%sext_ln76_4 = sext i16 %trunc_ln43_4" [../import_files/import_files/2D_idct.cpp:76]   --->   Operation 1371 'sext' 'sext_ln76_4' <Predicate = true> <Delay = 0.00>
ST_40 : Operation 1372 [1/1] (2.07ns)   --->   "%sub_ln77_4 = sub i17 %sext_ln77_4, i17 %sext_ln76_4" [../import_files/import_files/2D_idct.cpp:77]   --->   Operation 1372 'sub' 'sub_ln77_4' <Predicate = true> <Delay = 2.07> <CoreInst = "Adder">   --->   Core 1 'Adder' <Latency = 0> <II = 1> <Delay = 2.07> <FuncUnit> <Opcode : 'add' 'sub'> <InPorts = 2> <OutPorts = 1>
ST_40 : Operation 1373 [1/1] (2.07ns)   --->   "%add_ln76_4 = add i17 %sext_ln76_4, i17 %sext_ln77_4" [../import_files/import_files/2D_idct.cpp:76]   --->   Operation 1373 'add' 'add_ln76_4' <Predicate = true> <Delay = 2.07> <CoreInst = "Adder">   --->   Core 1 'Adder' <Latency = 0> <II = 1> <Delay = 2.07> <FuncUnit> <Opcode : 'add' 'sub'> <InPorts = 2> <OutPorts = 1>
ST_40 : Operation 1374 [1/2] (2.10ns) (root node of the DSP)   --->   "%tmp2 = add i30 %mul_ln51, i30 %mul_ln70" [../import_files/import_files/2D_idct.cpp:70]   --->   Operation 1374 'add' 'tmp2' <Predicate = true> <Delay = 2.10> <CoreInst = "DSP48">   --->   Core 119 'DSP48' <Latency = 3> <II = 1> <Delay = 2.15> <IPBlock> <Opcode : 'mul' 'add' 'sub' 'select'> <InPorts = 0> <OutPorts = 1> <Sync> <CReg>
ST_40 : Operation 1375 [1/2] (2.10ns) (root node of the DSP)   --->   "%tmp3 = add i30 %mul_ln51, i30 %mul_ln71" [../import_files/import_files/2D_idct.cpp:71]   --->   Operation 1375 'add' 'tmp3' <Predicate = true> <Delay = 2.10> <CoreInst = "DSP48">   --->   Core 119 'DSP48' <Latency = 3> <II = 1> <Delay = 2.15> <IPBlock> <Opcode : 'mul' 'add' 'sub' 'select'> <InPorts = 0> <OutPorts = 1> <Sync> <CReg>
ST_40 : Operation 1376 [1/3] (0.00ns) (grouped into DSP with root node add_ln111)   --->   "%tmp0_5 = mul i29 %sext_ln49_36, i29 2446" [../import_files/import_files/2D_idct.cpp:99]   --->   Operation 1376 'mul' 'tmp0_5' <Predicate = true> <Delay = 0.00> <CoreInst = "DSP48">   --->   Core 119 'DSP48' <Latency = 3> <II = 1> <Delay = 2.15> <IPBlock> <Opcode : 'mul' 'add' 'sub' 'select'> <InPorts = 0> <OutPorts = 1> <Sync> <CReg>
ST_40 : Operation 1377 [1/1] (0.00ns) (grouped into DSP with root node add_ln111)   --->   "%sext_ln49_52 = sext i29 %tmp0_5" [../import_files/import_files/2D_idct.cpp:49]   --->   Operation 1377 'sext' 'sext_ln49_52' <Predicate = true> <Delay = 0.00>
ST_40 : Operation 1378 [1/3] (0.00ns) (grouped into DSP with root node add_ln112)   --->   "%mul_ln49 = mul i30 %sext_ln49_26, i30 16819" [../import_files/import_files/2D_idct.cpp:49]   --->   Operation 1378 'mul' 'mul_ln49' <Predicate = true> <Delay = 0.00> <CoreInst = "DSP48">   --->   Core 119 'DSP48' <Latency = 3> <II = 1> <Delay = 2.15> <IPBlock> <Opcode : 'mul' 'add' 'sub' 'select'> <InPorts = 0> <OutPorts = 1> <Sync> <CReg>
ST_40 : Operation 1379 [1/3] (0.00ns) (grouped into DSP with root node add_ln113)   --->   "%mul_ln49_1 = mul i30 %sext_ln49_16, i30 25172" [../import_files/import_files/2D_idct.cpp:49]   --->   Operation 1379 'mul' 'mul_ln49_1' <Predicate = true> <Delay = 0.00> <CoreInst = "DSP48">   --->   Core 119 'DSP48' <Latency = 3> <II = 1> <Delay = 2.15> <IPBlock> <Opcode : 'mul' 'add' 'sub' 'select'> <InPorts = 0> <OutPorts = 1> <Sync> <CReg>
ST_40 : Operation 1380 [1/3] (0.00ns) (grouped into DSP with root node add_ln114)   --->   "%mul_ln49_2 = mul i30 %sext_ln49, i30 12299" [../import_files/import_files/2D_idct.cpp:49]   --->   Operation 1380 'mul' 'mul_ln49_2' <Predicate = true> <Delay = 0.00> <CoreInst = "DSP48">   --->   Core 119 'DSP48' <Latency = 3> <II = 1> <Delay = 2.15> <IPBlock> <Opcode : 'mul' 'add' 'sub' 'select'> <InPorts = 0> <OutPorts = 1> <Sync> <CReg>
ST_40 : Operation 1381 [1/2] (2.10ns) (root node of the DSP)   --->   "%z3_2 = add i30 %mul_ln51_1, i30 %mul_ln51_4" [../import_files/import_files/2D_idct.cpp:108]   --->   Operation 1381 'add' 'z3_2' <Predicate = true> <Delay = 2.10> <CoreInst = "DSP48">   --->   Core 119 'DSP48' <Latency = 3> <II = 1> <Delay = 2.15> <IPBlock> <Opcode : 'mul' 'add' 'sub' 'select'> <InPorts = 0> <OutPorts = 1> <Sync> <CReg>
ST_40 : Operation 1382 [2/2] (2.10ns) (root node of the DSP)   --->   "%add_ln113 = add i30 %mul_ln49_1, i30 %z3_2" [../import_files/import_files/2D_idct.cpp:113]   --->   Operation 1382 'add' 'add_ln113' <Predicate = true> <Delay = 2.10> <CoreInst = "DSP48">   --->   Core 119 'DSP48' <Latency = 3> <II = 1> <Delay = 2.15> <IPBlock> <Opcode : 'mul' 'add' 'sub' 'select'> <InPorts = 0> <OutPorts = 1> <Sync> <CReg>
ST_40 : Operation 1383 [2/2] (2.10ns) (root node of the DSP)   --->   "%add_ln111 = add i30 %z3_2, i30 %sext_ln49_52" [../import_files/import_files/2D_idct.cpp:111]   --->   Operation 1383 'add' 'add_ln111' <Predicate = true> <Delay = 2.10> <CoreInst = "DSP48">   --->   Core 119 'DSP48' <Latency = 3> <II = 1> <Delay = 2.15> <IPBlock> <Opcode : 'mul' 'add' 'sub' 'select'> <InPorts = 0> <OutPorts = 1> <Sync> <CReg>
ST_40 : Operation 1384 [1/2] (2.10ns) (root node of the DSP)   --->   "%z4_2 = add i30 %mul_ln51_1, i30 %z4_1" [../import_files/import_files/2D_idct.cpp:109]   --->   Operation 1384 'add' 'z4_2' <Predicate = true> <Delay = 2.10> <CoreInst = "DSP48">   --->   Core 119 'DSP48' <Latency = 3> <II = 1> <Delay = 2.15> <IPBlock> <Opcode : 'mul' 'add' 'sub' 'select'> <InPorts = 0> <OutPorts = 1> <Sync> <CReg>
ST_40 : Operation 1385 [2/2] (2.10ns) (root node of the DSP)   --->   "%add_ln114 = add i30 %mul_ln49_2, i30 %z4_2" [../import_files/import_files/2D_idct.cpp:114]   --->   Operation 1385 'add' 'add_ln114' <Predicate = true> <Delay = 2.10> <CoreInst = "DSP48">   --->   Core 119 'DSP48' <Latency = 3> <II = 1> <Delay = 2.15> <IPBlock> <Opcode : 'mul' 'add' 'sub' 'select'> <InPorts = 0> <OutPorts = 1> <Sync> <CReg>
ST_40 : Operation 1386 [2/2] (2.10ns) (root node of the DSP)   --->   "%add_ln112 = add i30 %mul_ln49, i30 %z4_2" [../import_files/import_files/2D_idct.cpp:112]   --->   Operation 1386 'add' 'add_ln112' <Predicate = true> <Delay = 2.10> <CoreInst = "DSP48">   --->   Core 119 'DSP48' <Latency = 3> <II = 1> <Delay = 2.15> <IPBlock> <Opcode : 'mul' 'add' 'sub' 'select'> <InPorts = 0> <OutPorts = 1> <Sync> <CReg>
ST_40 : Operation 1387 [1/1] (0.00ns)   --->   "%sext_ln120_1 = sext i21 %workspace_49" [../import_files/import_files/2D_idct.cpp:120]   --->   Operation 1387 'sext' 'sext_ln120_1' <Predicate = true> <Delay = 0.00>
ST_40 : Operation 1388 [1/1] (0.00ns)   --->   "%sext_ln121 = sext i21 %workspace_50" [../import_files/import_files/2D_idct.cpp:121]   --->   Operation 1388 'sext' 'sext_ln121' <Predicate = true> <Delay = 0.00>
ST_40 : Operation 1389 [1/1] (0.00ns)   --->   "%sext_ln122 = sext i21 %workspace_51" [../import_files/import_files/2D_idct.cpp:122]   --->   Operation 1389 'sext' 'sext_ln122' <Predicate = true> <Delay = 0.00>
ST_40 : Operation 1390 [1/1] (0.00ns)   --->   "%sext_ln123 = sext i21 %workspace_52" [../import_files/import_files/2D_idct.cpp:123]   --->   Operation 1390 'sext' 'sext_ln123' <Predicate = true> <Delay = 0.00>
ST_40 : Operation 1391 [1/1] (0.00ns)   --->   "%sext_ln120_3 = sext i21 %workspace_57" [../import_files/import_files/2D_idct.cpp:120]   --->   Operation 1391 'sext' 'sext_ln120_3' <Predicate = true> <Delay = 0.00>
ST_40 : Operation 1392 [1/1] (0.00ns)   --->   "%sext_ln121_1 = sext i21 %workspace_58" [../import_files/import_files/2D_idct.cpp:121]   --->   Operation 1392 'sext' 'sext_ln121_1' <Predicate = true> <Delay = 0.00>
ST_40 : Operation 1393 [1/1] (0.00ns)   --->   "%sext_ln122_1 = sext i21 %workspace_59" [../import_files/import_files/2D_idct.cpp:122]   --->   Operation 1393 'sext' 'sext_ln122_1' <Predicate = true> <Delay = 0.00>
ST_40 : Operation 1394 [1/1] (0.00ns)   --->   "%sext_ln123_1 = sext i21 %workspace_60" [../import_files/import_files/2D_idct.cpp:123]   --->   Operation 1394 'sext' 'sext_ln123_1' <Predicate = true> <Delay = 0.00>
ST_40 : Operation 1395 [1/1] (0.00ns)   --->   "%sext_ln120_5 = sext i21 %workspace_65" [../import_files/import_files/2D_idct.cpp:120]   --->   Operation 1395 'sext' 'sext_ln120_5' <Predicate = true> <Delay = 0.00>
ST_40 : Operation 1396 [1/1] (0.00ns)   --->   "%sext_ln121_2 = sext i21 %workspace_66" [../import_files/import_files/2D_idct.cpp:121]   --->   Operation 1396 'sext' 'sext_ln121_2' <Predicate = true> <Delay = 0.00>
ST_40 : Operation 1397 [1/1] (0.00ns)   --->   "%sext_ln122_2 = sext i21 %workspace_67" [../import_files/import_files/2D_idct.cpp:122]   --->   Operation 1397 'sext' 'sext_ln122_2' <Predicate = true> <Delay = 0.00>
ST_40 : Operation 1398 [1/1] (0.00ns)   --->   "%sext_ln123_2 = sext i21 %workspace_68" [../import_files/import_files/2D_idct.cpp:123]   --->   Operation 1398 'sext' 'sext_ln123_2' <Predicate = true> <Delay = 0.00>
ST_40 : Operation 1399 [1/2] (2.10ns) (root node of the DSP)   --->   "%tmp2_17 = add i30 %mul_ln51_5, i30 %mul_ln70_4" [../import_files/import_files/2D_idct.cpp:70]   --->   Operation 1399 'add' 'tmp2_17' <Predicate = true> <Delay = 2.10> <CoreInst = "DSP48">   --->   Core 119 'DSP48' <Latency = 3> <II = 1> <Delay = 2.15> <IPBlock> <Opcode : 'mul' 'add' 'sub' 'select'> <InPorts = 0> <OutPorts = 1> <Sync> <CReg>
ST_40 : Operation 1400 [1/2] (2.10ns) (root node of the DSP)   --->   "%tmp3_17 = add i30 %mul_ln51_5, i30 %mul_ln71_4" [../import_files/import_files/2D_idct.cpp:71]   --->   Operation 1400 'add' 'tmp3_17' <Predicate = true> <Delay = 2.10> <CoreInst = "DSP48">   --->   Core 119 'DSP48' <Latency = 3> <II = 1> <Delay = 2.15> <IPBlock> <Opcode : 'mul' 'add' 'sub' 'select'> <InPorts = 0> <OutPorts = 1> <Sync> <CReg>
ST_40 : Operation 1401 [1/3] (0.00ns) (grouped into DSP with root node add_ln111_8)   --->   "%tmp0_20 = mul i29 %sext_ln49_44, i29 2446" [../import_files/import_files/2D_idct.cpp:99]   --->   Operation 1401 'mul' 'tmp0_20' <Predicate = true> <Delay = 0.00> <CoreInst = "DSP48">   --->   Core 119 'DSP48' <Latency = 3> <II = 1> <Delay = 2.15> <IPBlock> <Opcode : 'mul' 'add' 'sub' 'select'> <InPorts = 0> <OutPorts = 1> <Sync> <CReg>
ST_40 : Operation 1402 [1/1] (0.00ns) (grouped into DSP with root node add_ln111_8)   --->   "%sext_ln49_62 = sext i29 %tmp0_20" [../import_files/import_files/2D_idct.cpp:49]   --->   Operation 1402 'sext' 'sext_ln49_62' <Predicate = true> <Delay = 0.00>
ST_40 : Operation 1403 [1/3] (0.00ns) (grouped into DSP with root node add_ln112_8)   --->   "%mul_ln49_3 = mul i30 %sext_ln49_31, i30 16819" [../import_files/import_files/2D_idct.cpp:49]   --->   Operation 1403 'mul' 'mul_ln49_3' <Predicate = true> <Delay = 0.00> <CoreInst = "DSP48">   --->   Core 119 'DSP48' <Latency = 3> <II = 1> <Delay = 2.15> <IPBlock> <Opcode : 'mul' 'add' 'sub' 'select'> <InPorts = 0> <OutPorts = 1> <Sync> <CReg>
ST_40 : Operation 1404 [1/3] (0.00ns) (grouped into DSP with root node add_ln113_8)   --->   "%mul_ln49_4 = mul i30 %sext_ln49_21, i30 25172" [../import_files/import_files/2D_idct.cpp:49]   --->   Operation 1404 'mul' 'mul_ln49_4' <Predicate = true> <Delay = 0.00> <CoreInst = "DSP48">   --->   Core 119 'DSP48' <Latency = 3> <II = 1> <Delay = 2.15> <IPBlock> <Opcode : 'mul' 'add' 'sub' 'select'> <InPorts = 0> <OutPorts = 1> <Sync> <CReg>
ST_40 : Operation 1405 [1/3] (0.00ns) (grouped into DSP with root node add_ln114_8)   --->   "%mul_ln49_5 = mul i30 %sext_ln49_8, i30 12299" [../import_files/import_files/2D_idct.cpp:49]   --->   Operation 1405 'mul' 'mul_ln49_5' <Predicate = true> <Delay = 0.00> <CoreInst = "DSP48">   --->   Core 119 'DSP48' <Latency = 3> <II = 1> <Delay = 2.15> <IPBlock> <Opcode : 'mul' 'add' 'sub' 'select'> <InPorts = 0> <OutPorts = 1> <Sync> <CReg>
ST_40 : Operation 1406 [1/2] (2.10ns) (root node of the DSP)   --->   "%z3_38 = add i30 %mul_ln51_6, i30 %mul_ln51_9" [../import_files/import_files/2D_idct.cpp:108]   --->   Operation 1406 'add' 'z3_38' <Predicate = true> <Delay = 2.10> <CoreInst = "DSP48">   --->   Core 119 'DSP48' <Latency = 3> <II = 1> <Delay = 2.15> <IPBlock> <Opcode : 'mul' 'add' 'sub' 'select'> <InPorts = 0> <OutPorts = 1> <Sync> <CReg>
ST_40 : Operation 1407 [2/2] (2.10ns) (root node of the DSP)   --->   "%add_ln113_8 = add i30 %mul_ln49_4, i30 %z3_38" [../import_files/import_files/2D_idct.cpp:113]   --->   Operation 1407 'add' 'add_ln113_8' <Predicate = true> <Delay = 2.10> <CoreInst = "DSP48">   --->   Core 119 'DSP48' <Latency = 3> <II = 1> <Delay = 2.15> <IPBlock> <Opcode : 'mul' 'add' 'sub' 'select'> <InPorts = 0> <OutPorts = 1> <Sync> <CReg>
ST_40 : Operation 1408 [2/2] (2.10ns) (root node of the DSP)   --->   "%add_ln111_8 = add i30 %z3_38, i30 %sext_ln49_62" [../import_files/import_files/2D_idct.cpp:111]   --->   Operation 1408 'add' 'add_ln111_8' <Predicate = true> <Delay = 2.10> <CoreInst = "DSP48">   --->   Core 119 'DSP48' <Latency = 3> <II = 1> <Delay = 2.15> <IPBlock> <Opcode : 'mul' 'add' 'sub' 'select'> <InPorts = 0> <OutPorts = 1> <Sync> <CReg>
ST_40 : Operation 1409 [1/2] (2.10ns) (root node of the DSP)   --->   "%z4_14 = add i30 %mul_ln51_6, i30 %z4_13" [../import_files/import_files/2D_idct.cpp:109]   --->   Operation 1409 'add' 'z4_14' <Predicate = true> <Delay = 2.10> <CoreInst = "DSP48">   --->   Core 119 'DSP48' <Latency = 3> <II = 1> <Delay = 2.15> <IPBlock> <Opcode : 'mul' 'add' 'sub' 'select'> <InPorts = 0> <OutPorts = 1> <Sync> <CReg>
ST_40 : Operation 1410 [2/2] (2.10ns) (root node of the DSP)   --->   "%add_ln114_8 = add i30 %mul_ln49_5, i30 %z4_14" [../import_files/import_files/2D_idct.cpp:114]   --->   Operation 1410 'add' 'add_ln114_8' <Predicate = true> <Delay = 2.10> <CoreInst = "DSP48">   --->   Core 119 'DSP48' <Latency = 3> <II = 1> <Delay = 2.15> <IPBlock> <Opcode : 'mul' 'add' 'sub' 'select'> <InPorts = 0> <OutPorts = 1> <Sync> <CReg>
ST_40 : Operation 1411 [2/2] (2.10ns) (root node of the DSP)   --->   "%add_ln112_8 = add i30 %mul_ln49_3, i30 %z4_14" [../import_files/import_files/2D_idct.cpp:112]   --->   Operation 1411 'add' 'add_ln112_8' <Predicate = true> <Delay = 2.10> <CoreInst = "DSP48">   --->   Core 119 'DSP48' <Latency = 3> <II = 1> <Delay = 2.15> <IPBlock> <Opcode : 'mul' 'add' 'sub' 'select'> <InPorts = 0> <OutPorts = 1> <Sync> <CReg>
ST_40 : Operation 1412 [1/1] (0.00ns)   --->   "%sext_ln120_7 = sext i21 %workspace_73" [../import_files/import_files/2D_idct.cpp:120]   --->   Operation 1412 'sext' 'sext_ln120_7' <Predicate = true> <Delay = 0.00>
ST_40 : Operation 1413 [1/1] (0.00ns)   --->   "%sext_ln121_3 = sext i21 %workspace_74" [../import_files/import_files/2D_idct.cpp:121]   --->   Operation 1413 'sext' 'sext_ln121_3' <Predicate = true> <Delay = 0.00>
ST_40 : Operation 1414 [1/1] (0.00ns)   --->   "%sext_ln122_3 = sext i21 %workspace_75" [../import_files/import_files/2D_idct.cpp:122]   --->   Operation 1414 'sext' 'sext_ln122_3' <Predicate = true> <Delay = 0.00>
ST_40 : Operation 1415 [1/1] (0.00ns)   --->   "%sext_ln123_3 = sext i21 %workspace_76" [../import_files/import_files/2D_idct.cpp:123]   --->   Operation 1415 'sext' 'sext_ln123_3' <Predicate = true> <Delay = 0.00>
ST_40 : Operation 1416 [1/1] (0.00ns)   --->   "%sext_ln120_9 = sext i21 %workspace_81" [../import_files/import_files/2D_idct.cpp:120]   --->   Operation 1416 'sext' 'sext_ln120_9' <Predicate = true> <Delay = 0.00>
ST_40 : Operation 1417 [1/1] (0.00ns)   --->   "%sext_ln121_4 = sext i21 %workspace_82" [../import_files/import_files/2D_idct.cpp:121]   --->   Operation 1417 'sext' 'sext_ln121_4' <Predicate = true> <Delay = 0.00>
ST_40 : Operation 1418 [1/1] (0.00ns)   --->   "%sext_ln122_4 = sext i21 %workspace_83" [../import_files/import_files/2D_idct.cpp:122]   --->   Operation 1418 'sext' 'sext_ln122_4' <Predicate = true> <Delay = 0.00>
ST_40 : Operation 1419 [1/1] (0.00ns)   --->   "%sext_ln123_4 = sext i21 %workspace_84" [../import_files/import_files/2D_idct.cpp:123]   --->   Operation 1419 'sext' 'sext_ln123_4' <Predicate = true> <Delay = 0.00>
ST_40 : Operation 1420 [1/1] (0.00ns)   --->   "%sext_ln120_11 = sext i21 %workspace_89" [../import_files/import_files/2D_idct.cpp:120]   --->   Operation 1420 'sext' 'sext_ln120_11' <Predicate = true> <Delay = 0.00>
ST_40 : Operation 1421 [1/1] (0.00ns)   --->   "%sext_ln121_5 = sext i21 %workspace_90" [../import_files/import_files/2D_idct.cpp:121]   --->   Operation 1421 'sext' 'sext_ln121_5' <Predicate = true> <Delay = 0.00>
ST_40 : Operation 1422 [1/1] (0.00ns)   --->   "%sext_ln122_5 = sext i21 %workspace_91" [../import_files/import_files/2D_idct.cpp:122]   --->   Operation 1422 'sext' 'sext_ln122_5' <Predicate = true> <Delay = 0.00>
ST_40 : Operation 1423 [1/1] (0.00ns)   --->   "%sext_ln123_5 = sext i21 %workspace_92" [../import_files/import_files/2D_idct.cpp:123]   --->   Operation 1423 'sext' 'sext_ln123_5' <Predicate = true> <Delay = 0.00>
ST_40 : Operation 1424 [2/4] (1.05ns) (root node of the DSP)   --->   "%z1_20 = mul i32 %sext_ln143, i32 4433" [../import_files/import_files/2D_idct.cpp:143]   --->   Operation 1424 'mul' 'z1_20' <Predicate = true> <Delay = 1.05> <CoreInst = "DSP48">   --->   Core 119 'DSP48' <Latency = 3> <II = 1> <Delay = 2.15> <IPBlock> <Opcode : 'mul' 'add' 'sub' 'select'> <InPorts = 0> <OutPorts = 1> <Sync> <CReg>
ST_40 : Operation 1425 [2/3] (1.05ns) (grouped into DSP with root node tmp2_30)   --->   "%mul_ln144 = mul i32 %sext_ln118_9, i32 4294952159" [../import_files/import_files/2D_idct.cpp:144]   --->   Operation 1425 'mul' 'mul_ln144' <Predicate = true> <Delay = 1.05> <CoreInst = "DSP48">   --->   Core 119 'DSP48' <Latency = 3> <II = 1> <Delay = 2.15> <IPBlock> <Opcode : 'mul' 'add' 'sub' 'select'> <InPorts = 0> <OutPorts = 1> <Sync> <CReg>
ST_40 : Operation 1426 [2/3] (1.05ns) (grouped into DSP with root node tmp3_30)   --->   "%mul_ln145 = mul i32 %sext_ln118_3, i32 6270" [../import_files/import_files/2D_idct.cpp:145]   --->   Operation 1426 'mul' 'mul_ln145' <Predicate = true> <Delay = 1.05> <CoreInst = "DSP48">   --->   Core 119 'DSP48' <Latency = 3> <II = 1> <Delay = 2.15> <IPBlock> <Opcode : 'mul' 'add' 'sub' 'select'> <InPorts = 0> <OutPorts = 1> <Sync> <CReg>
ST_40 : Operation 1427 [1/4] (0.00ns) (root node of the DSP)   --->   "%z5_6 = mul i32 %sext_ln168, i32 9633" [../import_files/import_files/2D_idct.cpp:168]   --->   Operation 1427 'mul' 'z5_6' <Predicate = true> <Delay = 0.00> <CoreInst = "DSP48">   --->   Core 119 'DSP48' <Latency = 3> <II = 1> <Delay = 2.15> <IPBlock> <Opcode : 'mul' 'add' 'sub' 'select'> <InPorts = 0> <OutPorts = 1> <Sync> <CReg>
ST_40 : Operation 1428 [2/3] (1.05ns) (grouped into DSP with root node add_ln183)   --->   "%tmp0_34 = mul i32 %sext_ln118_11, i32 2446" [../import_files/import_files/2D_idct.cpp:170]   --->   Operation 1428 'mul' 'tmp0_34' <Predicate = true> <Delay = 1.05> <CoreInst = "DSP48">   --->   Core 119 'DSP48' <Latency = 3> <II = 1> <Delay = 2.15> <IPBlock> <Opcode : 'mul' 'add' 'sub' 'select'> <InPorts = 0> <OutPorts = 1> <Sync> <CReg>
ST_40 : Operation 1429 [2/3] (1.05ns) (grouped into DSP with root node add_ln184)   --->   "%tmp1_32 = mul i32 %sext_ln118_7, i32 16819" [../import_files/import_files/2D_idct.cpp:171]   --->   Operation 1429 'mul' 'tmp1_32' <Predicate = true> <Delay = 1.05> <CoreInst = "DSP48">   --->   Core 119 'DSP48' <Latency = 3> <II = 1> <Delay = 2.15> <IPBlock> <Opcode : 'mul' 'add' 'sub' 'select'> <InPorts = 0> <OutPorts = 1> <Sync> <CReg>
ST_40 : Operation 1430 [2/3] (1.05ns) (grouped into DSP with root node add_ln185)   --->   "%tmp2_32 = mul i32 %sext_ln118_5, i32 25172" [../import_files/import_files/2D_idct.cpp:172]   --->   Operation 1430 'mul' 'tmp2_32' <Predicate = true> <Delay = 1.05> <CoreInst = "DSP48">   --->   Core 119 'DSP48' <Latency = 3> <II = 1> <Delay = 2.15> <IPBlock> <Opcode : 'mul' 'add' 'sub' 'select'> <InPorts = 0> <OutPorts = 1> <Sync> <CReg>
ST_40 : Operation 1431 [2/3] (1.05ns) (grouped into DSP with root node add_ln186)   --->   "%tmp3_32 = mul i32 %sext_ln118_1, i32 12299" [../import_files/import_files/2D_idct.cpp:173]   --->   Operation 1431 'mul' 'tmp3_32' <Predicate = true> <Delay = 1.05> <CoreInst = "DSP48">   --->   Core 119 'DSP48' <Latency = 3> <II = 1> <Delay = 2.15> <IPBlock> <Opcode : 'mul' 'add' 'sub' 'select'> <InPorts = 0> <OutPorts = 1> <Sync> <CReg>
ST_40 : Operation 1432 [1/4] (0.00ns) (root node of the DSP)   --->   "%z1_22 = mul i32 %sext_ln51_114, i32 4294959923" [../import_files/import_files/2D_idct.cpp:175]   --->   Operation 1432 'mul' 'z1_22' <Predicate = true> <Delay = 0.00> <CoreInst = "DSP48">   --->   Core 119 'DSP48' <Latency = 3> <II = 1> <Delay = 2.15> <IPBlock> <Opcode : 'mul' 'add' 'sub' 'select'> <InPorts = 0> <OutPorts = 1> <Sync> <CReg>
ST_40 : Operation 1433 [1/4] (0.00ns) (root node of the DSP)   --->   "%z2_29 = mul i32 %sext_ln51_88, i32 4294946301" [../import_files/import_files/2D_idct.cpp:176]   --->   Operation 1433 'mul' 'z2_29' <Predicate = true> <Delay = 0.00> <CoreInst = "DSP48">   --->   Core 119 'DSP48' <Latency = 3> <II = 1> <Delay = 2.15> <IPBlock> <Opcode : 'mul' 'add' 'sub' 'select'> <InPorts = 0> <OutPorts = 1> <Sync> <CReg>
ST_40 : Operation 1434 [1/3] (0.00ns) (grouped into DSP with root node z3_70)   --->   "%z3_69 = mul i32 %sext_ln51_112, i32 4294951227" [../import_files/import_files/2D_idct.cpp:177]   --->   Operation 1434 'mul' 'z3_69' <Predicate = true> <Delay = 0.00> <CoreInst = "DSP48">   --->   Core 119 'DSP48' <Latency = 3> <II = 1> <Delay = 2.15> <IPBlock> <Opcode : 'mul' 'add' 'sub' 'select'> <InPorts = 0> <OutPorts = 1> <Sync> <CReg>
ST_40 : Operation 1435 [2/2] (2.10ns) (root node of the DSP)   --->   "%z3_70 = add i32 %z5_6, i32 %z3_69" [../import_files/import_files/2D_idct.cpp:180]   --->   Operation 1435 'add' 'z3_70' <Predicate = true> <Delay = 2.10> <CoreInst = "DSP48">   --->   Core 119 'DSP48' <Latency = 3> <II = 1> <Delay = 2.15> <IPBlock> <Opcode : 'mul' 'add' 'sub' 'select'> <InPorts = 0> <OutPorts = 1> <Sync> <CReg>
ST_40 : Operation 1436 [1/3] (0.00ns) (grouped into DSP with root node z4_26)   --->   "%z4_25 = mul i32 %sext_ln51_86, i32 4294964100" [../import_files/import_files/2D_idct.cpp:178]   --->   Operation 1436 'mul' 'z4_25' <Predicate = true> <Delay = 0.00> <CoreInst = "DSP48">   --->   Core 119 'DSP48' <Latency = 3> <II = 1> <Delay = 2.15> <IPBlock> <Opcode : 'mul' 'add' 'sub' 'select'> <InPorts = 0> <OutPorts = 1> <Sync> <CReg>
ST_40 : Operation 1437 [2/2] (2.10ns) (root node of the DSP)   --->   "%z4_26 = add i32 %z5_6, i32 %z4_25" [../import_files/import_files/2D_idct.cpp:181]   --->   Operation 1437 'add' 'z4_26' <Predicate = true> <Delay = 2.10> <CoreInst = "DSP48">   --->   Core 119 'DSP48' <Latency = 3> <II = 1> <Delay = 2.15> <IPBlock> <Opcode : 'mul' 'add' 'sub' 'select'> <InPorts = 0> <OutPorts = 1> <Sync> <CReg>
ST_40 : Operation 1438 [3/4] (1.05ns) (root node of the DSP)   --->   "%z1_23 = mul i32 %sext_ln143_2, i32 4433" [../import_files/import_files/2D_idct.cpp:143]   --->   Operation 1438 'mul' 'z1_23' <Predicate = true> <Delay = 1.05> <CoreInst = "DSP48">   --->   Core 119 'DSP48' <Latency = 3> <II = 1> <Delay = 2.15> <IPBlock> <Opcode : 'mul' 'add' 'sub' 'select'> <InPorts = 0> <OutPorts = 1> <Sync> <CReg>
ST_40 : Operation 1439 [3/3] (1.05ns) (grouped into DSP with root node tmp2_34)   --->   "%mul_ln144_1 = mul i32 %sext_ln120_9, i32 4294952159" [../import_files/import_files/2D_idct.cpp:144]   --->   Operation 1439 'mul' 'mul_ln144_1' <Predicate = true> <Delay = 1.05> <CoreInst = "DSP48">   --->   Core 119 'DSP48' <Latency = 3> <II = 1> <Delay = 2.15> <IPBlock> <Opcode : 'mul' 'add' 'sub' 'select'> <InPorts = 0> <OutPorts = 1> <Sync> <CReg>
ST_40 : Operation 1440 [3/3] (1.05ns) (grouped into DSP with root node tmp3_34)   --->   "%mul_ln145_1 = mul i32 %sext_ln120_3, i32 6270" [../import_files/import_files/2D_idct.cpp:145]   --->   Operation 1440 'mul' 'mul_ln145_1' <Predicate = true> <Delay = 1.05> <CoreInst = "DSP48">   --->   Core 119 'DSP48' <Latency = 3> <II = 1> <Delay = 2.15> <IPBlock> <Opcode : 'mul' 'add' 'sub' 'select'> <InPorts = 0> <OutPorts = 1> <Sync> <CReg>
ST_40 : Operation 1441 [2/4] (1.05ns) (root node of the DSP)   --->   "%z5_7 = mul i32 %sext_ln168_2, i32 9633" [../import_files/import_files/2D_idct.cpp:168]   --->   Operation 1441 'mul' 'z5_7' <Predicate = true> <Delay = 1.05> <CoreInst = "DSP48">   --->   Core 119 'DSP48' <Latency = 3> <II = 1> <Delay = 2.15> <IPBlock> <Opcode : 'mul' 'add' 'sub' 'select'> <InPorts = 0> <OutPorts = 1> <Sync> <CReg>
ST_40 : Operation 1442 [3/3] (1.05ns) (grouped into DSP with root node add_ln183_2)   --->   "%tmp0_38 = mul i32 %sext_ln120_11, i32 2446" [../import_files/import_files/2D_idct.cpp:170]   --->   Operation 1442 'mul' 'tmp0_38' <Predicate = true> <Delay = 1.05> <CoreInst = "DSP48">   --->   Core 119 'DSP48' <Latency = 3> <II = 1> <Delay = 2.15> <IPBlock> <Opcode : 'mul' 'add' 'sub' 'select'> <InPorts = 0> <OutPorts = 1> <Sync> <CReg>
ST_40 : Operation 1443 [3/3] (1.05ns) (grouped into DSP with root node add_ln184_2)   --->   "%tmp1_36 = mul i32 %sext_ln120_7, i32 16819" [../import_files/import_files/2D_idct.cpp:171]   --->   Operation 1443 'mul' 'tmp1_36' <Predicate = true> <Delay = 1.05> <CoreInst = "DSP48">   --->   Core 119 'DSP48' <Latency = 3> <II = 1> <Delay = 2.15> <IPBlock> <Opcode : 'mul' 'add' 'sub' 'select'> <InPorts = 0> <OutPorts = 1> <Sync> <CReg>
ST_40 : Operation 1444 [3/3] (1.05ns) (grouped into DSP with root node add_ln185_2)   --->   "%tmp2_36 = mul i32 %sext_ln120_5, i32 25172" [../import_files/import_files/2D_idct.cpp:172]   --->   Operation 1444 'mul' 'tmp2_36' <Predicate = true> <Delay = 1.05> <CoreInst = "DSP48">   --->   Core 119 'DSP48' <Latency = 3> <II = 1> <Delay = 2.15> <IPBlock> <Opcode : 'mul' 'add' 'sub' 'select'> <InPorts = 0> <OutPorts = 1> <Sync> <CReg>
ST_40 : Operation 1445 [3/3] (1.05ns) (grouped into DSP with root node add_ln186_2)   --->   "%tmp3_36 = mul i32 %sext_ln120_1, i32 12299" [../import_files/import_files/2D_idct.cpp:173]   --->   Operation 1445 'mul' 'tmp3_36' <Predicate = true> <Delay = 1.05> <CoreInst = "DSP48">   --->   Core 119 'DSP48' <Latency = 3> <II = 1> <Delay = 2.15> <IPBlock> <Opcode : 'mul' 'add' 'sub' 'select'> <InPorts = 0> <OutPorts = 1> <Sync> <CReg>
ST_40 : Operation 1446 [2/4] (1.05ns) (root node of the DSP)   --->   "%z1_25 = mul i32 %sext_ln51_120, i32 4294959923" [../import_files/import_files/2D_idct.cpp:175]   --->   Operation 1446 'mul' 'z1_25' <Predicate = true> <Delay = 1.05> <CoreInst = "DSP48">   --->   Core 119 'DSP48' <Latency = 3> <II = 1> <Delay = 2.15> <IPBlock> <Opcode : 'mul' 'add' 'sub' 'select'> <InPorts = 0> <OutPorts = 1> <Sync> <CReg>
ST_40 : Operation 1447 [2/4] (1.05ns) (root node of the DSP)   --->   "%z2_34 = mul i32 %sext_ln51_94, i32 4294946301" [../import_files/import_files/2D_idct.cpp:176]   --->   Operation 1447 'mul' 'z2_34' <Predicate = true> <Delay = 1.05> <CoreInst = "DSP48">   --->   Core 119 'DSP48' <Latency = 3> <II = 1> <Delay = 2.15> <IPBlock> <Opcode : 'mul' 'add' 'sub' 'select'> <InPorts = 0> <OutPorts = 1> <Sync> <CReg>
ST_40 : Operation 1448 [2/3] (1.05ns) (grouped into DSP with root node z3_74)   --->   "%z3_73 = mul i32 %sext_ln51_118, i32 4294951227" [../import_files/import_files/2D_idct.cpp:177]   --->   Operation 1448 'mul' 'z3_73' <Predicate = true> <Delay = 1.05> <CoreInst = "DSP48">   --->   Core 119 'DSP48' <Latency = 3> <II = 1> <Delay = 2.15> <IPBlock> <Opcode : 'mul' 'add' 'sub' 'select'> <InPorts = 0> <OutPorts = 1> <Sync> <CReg>
ST_40 : Operation 1449 [2/3] (1.05ns) (grouped into DSP with root node z4_29)   --->   "%z4_28 = mul i32 %sext_ln51_92, i32 4294964100" [../import_files/import_files/2D_idct.cpp:178]   --->   Operation 1449 'mul' 'z4_28' <Predicate = true> <Delay = 1.05> <CoreInst = "DSP48">   --->   Core 119 'DSP48' <Latency = 3> <II = 1> <Delay = 2.15> <IPBlock> <Opcode : 'mul' 'add' 'sub' 'select'> <InPorts = 0> <OutPorts = 1> <Sync> <CReg>
ST_40 : Operation 1450 [3/4] (1.05ns) (root node of the DSP)   --->   "%z1_26 = mul i32 %sext_ln143_4, i32 4433" [../import_files/import_files/2D_idct.cpp:143]   --->   Operation 1450 'mul' 'z1_26' <Predicate = true> <Delay = 1.05> <CoreInst = "DSP48">   --->   Core 119 'DSP48' <Latency = 3> <II = 1> <Delay = 2.15> <IPBlock> <Opcode : 'mul' 'add' 'sub' 'select'> <InPorts = 0> <OutPorts = 1> <Sync> <CReg>
ST_40 : Operation 1451 [3/3] (1.05ns) (grouped into DSP with root node tmp2_38)   --->   "%mul_ln144_2 = mul i32 %sext_ln122_4, i32 4294952159" [../import_files/import_files/2D_idct.cpp:144]   --->   Operation 1451 'mul' 'mul_ln144_2' <Predicate = true> <Delay = 1.05> <CoreInst = "DSP48">   --->   Core 119 'DSP48' <Latency = 3> <II = 1> <Delay = 2.15> <IPBlock> <Opcode : 'mul' 'add' 'sub' 'select'> <InPorts = 0> <OutPorts = 1> <Sync> <CReg>
ST_40 : Operation 1452 [3/3] (1.05ns) (grouped into DSP with root node tmp3_38)   --->   "%mul_ln145_2 = mul i32 %sext_ln122_1, i32 6270" [../import_files/import_files/2D_idct.cpp:145]   --->   Operation 1452 'mul' 'mul_ln145_2' <Predicate = true> <Delay = 1.05> <CoreInst = "DSP48">   --->   Core 119 'DSP48' <Latency = 3> <II = 1> <Delay = 2.15> <IPBlock> <Opcode : 'mul' 'add' 'sub' 'select'> <InPorts = 0> <OutPorts = 1> <Sync> <CReg>
ST_40 : Operation 1453 [2/4] (1.05ns) (root node of the DSP)   --->   "%z5_8 = mul i32 %sext_ln168_4, i32 9633" [../import_files/import_files/2D_idct.cpp:168]   --->   Operation 1453 'mul' 'z5_8' <Predicate = true> <Delay = 1.05> <CoreInst = "DSP48">   --->   Core 119 'DSP48' <Latency = 3> <II = 1> <Delay = 2.15> <IPBlock> <Opcode : 'mul' 'add' 'sub' 'select'> <InPorts = 0> <OutPorts = 1> <Sync> <CReg>
ST_40 : Operation 1454 [3/3] (1.05ns) (grouped into DSP with root node add_ln183_4)   --->   "%tmp0_42 = mul i32 %sext_ln122_5, i32 2446" [../import_files/import_files/2D_idct.cpp:170]   --->   Operation 1454 'mul' 'tmp0_42' <Predicate = true> <Delay = 1.05> <CoreInst = "DSP48">   --->   Core 119 'DSP48' <Latency = 3> <II = 1> <Delay = 2.15> <IPBlock> <Opcode : 'mul' 'add' 'sub' 'select'> <InPorts = 0> <OutPorts = 1> <Sync> <CReg>
ST_40 : Operation 1455 [3/3] (1.05ns) (grouped into DSP with root node add_ln184_4)   --->   "%tmp1_40 = mul i32 %sext_ln122_3, i32 16819" [../import_files/import_files/2D_idct.cpp:171]   --->   Operation 1455 'mul' 'tmp1_40' <Predicate = true> <Delay = 1.05> <CoreInst = "DSP48">   --->   Core 119 'DSP48' <Latency = 3> <II = 1> <Delay = 2.15> <IPBlock> <Opcode : 'mul' 'add' 'sub' 'select'> <InPorts = 0> <OutPorts = 1> <Sync> <CReg>
ST_40 : Operation 1456 [3/3] (1.05ns) (grouped into DSP with root node add_ln185_4)   --->   "%tmp2_40 = mul i32 %sext_ln122_2, i32 25172" [../import_files/import_files/2D_idct.cpp:172]   --->   Operation 1456 'mul' 'tmp2_40' <Predicate = true> <Delay = 1.05> <CoreInst = "DSP48">   --->   Core 119 'DSP48' <Latency = 3> <II = 1> <Delay = 2.15> <IPBlock> <Opcode : 'mul' 'add' 'sub' 'select'> <InPorts = 0> <OutPorts = 1> <Sync> <CReg>
ST_40 : Operation 1457 [3/3] (1.05ns) (grouped into DSP with root node add_ln186_4)   --->   "%tmp3_40 = mul i32 %sext_ln122, i32 12299" [../import_files/import_files/2D_idct.cpp:173]   --->   Operation 1457 'mul' 'tmp3_40' <Predicate = true> <Delay = 1.05> <CoreInst = "DSP48">   --->   Core 119 'DSP48' <Latency = 3> <II = 1> <Delay = 2.15> <IPBlock> <Opcode : 'mul' 'add' 'sub' 'select'> <InPorts = 0> <OutPorts = 1> <Sync> <CReg>
ST_40 : Operation 1458 [2/4] (1.05ns) (root node of the DSP)   --->   "%z1_28 = mul i32 %sext_ln51_126, i32 4294959923" [../import_files/import_files/2D_idct.cpp:175]   --->   Operation 1458 'mul' 'z1_28' <Predicate = true> <Delay = 1.05> <CoreInst = "DSP48">   --->   Core 119 'DSP48' <Latency = 3> <II = 1> <Delay = 2.15> <IPBlock> <Opcode : 'mul' 'add' 'sub' 'select'> <InPorts = 0> <OutPorts = 1> <Sync> <CReg>
ST_40 : Operation 1459 [2/4] (1.05ns) (root node of the DSP)   --->   "%z2_38 = mul i32 %sext_ln51_100, i32 4294946301" [../import_files/import_files/2D_idct.cpp:176]   --->   Operation 1459 'mul' 'z2_38' <Predicate = true> <Delay = 1.05> <CoreInst = "DSP48">   --->   Core 119 'DSP48' <Latency = 3> <II = 1> <Delay = 2.15> <IPBlock> <Opcode : 'mul' 'add' 'sub' 'select'> <InPorts = 0> <OutPorts = 1> <Sync> <CReg>
ST_40 : Operation 1460 [2/3] (1.05ns) (grouped into DSP with root node z3_78)   --->   "%z3_77 = mul i32 %sext_ln51_124, i32 4294951227" [../import_files/import_files/2D_idct.cpp:177]   --->   Operation 1460 'mul' 'z3_77' <Predicate = true> <Delay = 1.05> <CoreInst = "DSP48">   --->   Core 119 'DSP48' <Latency = 3> <II = 1> <Delay = 2.15> <IPBlock> <Opcode : 'mul' 'add' 'sub' 'select'> <InPorts = 0> <OutPorts = 1> <Sync> <CReg>
ST_40 : Operation 1461 [2/3] (1.05ns) (grouped into DSP with root node z4_32)   --->   "%z4_31 = mul i32 %sext_ln51_98, i32 4294964100" [../import_files/import_files/2D_idct.cpp:178]   --->   Operation 1461 'mul' 'z4_31' <Predicate = true> <Delay = 1.05> <CoreInst = "DSP48">   --->   Core 119 'DSP48' <Latency = 3> <II = 1> <Delay = 2.15> <IPBlock> <Opcode : 'mul' 'add' 'sub' 'select'> <InPorts = 0> <OutPorts = 1> <Sync> <CReg>
ST_40 : Operation 1462 [2/4] (1.05ns) (root node of the DSP)   --->   "%z1_29 = mul i32 %sext_ln143_6, i32 4433" [../import_files/import_files/2D_idct.cpp:143]   --->   Operation 1462 'mul' 'z1_29' <Predicate = true> <Delay = 1.05> <CoreInst = "DSP48">   --->   Core 119 'DSP48' <Latency = 3> <II = 1> <Delay = 2.15> <IPBlock> <Opcode : 'mul' 'add' 'sub' 'select'> <InPorts = 0> <OutPorts = 1> <Sync> <CReg>
ST_40 : Operation 1463 [2/3] (1.05ns) (grouped into DSP with root node tmp2_42)   --->   "%mul_ln144_3 = mul i32 %sext_ln124_4, i32 4294952159" [../import_files/import_files/2D_idct.cpp:144]   --->   Operation 1463 'mul' 'mul_ln144_3' <Predicate = true> <Delay = 1.05> <CoreInst = "DSP48">   --->   Core 119 'DSP48' <Latency = 3> <II = 1> <Delay = 2.15> <IPBlock> <Opcode : 'mul' 'add' 'sub' 'select'> <InPorts = 0> <OutPorts = 1> <Sync> <CReg>
ST_40 : Operation 1464 [2/3] (1.05ns) (grouped into DSP with root node tmp3_42)   --->   "%mul_ln145_3 = mul i32 %sext_ln124_1, i32 6270" [../import_files/import_files/2D_idct.cpp:145]   --->   Operation 1464 'mul' 'mul_ln145_3' <Predicate = true> <Delay = 1.05> <CoreInst = "DSP48">   --->   Core 119 'DSP48' <Latency = 3> <II = 1> <Delay = 2.15> <IPBlock> <Opcode : 'mul' 'add' 'sub' 'select'> <InPorts = 0> <OutPorts = 1> <Sync> <CReg>
ST_40 : Operation 1465 [1/4] (0.00ns) (root node of the DSP)   --->   "%z5_9 = mul i32 %sext_ln168_6, i32 9633" [../import_files/import_files/2D_idct.cpp:168]   --->   Operation 1465 'mul' 'z5_9' <Predicate = true> <Delay = 0.00> <CoreInst = "DSP48">   --->   Core 119 'DSP48' <Latency = 3> <II = 1> <Delay = 2.15> <IPBlock> <Opcode : 'mul' 'add' 'sub' 'select'> <InPorts = 0> <OutPorts = 1> <Sync> <CReg>
ST_40 : Operation 1466 [2/3] (1.05ns) (grouped into DSP with root node add_ln183_6)   --->   "%tmp0_46 = mul i32 %sext_ln124_5, i32 2446" [../import_files/import_files/2D_idct.cpp:170]   --->   Operation 1466 'mul' 'tmp0_46' <Predicate = true> <Delay = 1.05> <CoreInst = "DSP48">   --->   Core 119 'DSP48' <Latency = 3> <II = 1> <Delay = 2.15> <IPBlock> <Opcode : 'mul' 'add' 'sub' 'select'> <InPorts = 0> <OutPorts = 1> <Sync> <CReg>
ST_40 : Operation 1467 [2/3] (1.05ns) (grouped into DSP with root node add_ln184_6)   --->   "%tmp1_44 = mul i32 %sext_ln124_3, i32 16819" [../import_files/import_files/2D_idct.cpp:171]   --->   Operation 1467 'mul' 'tmp1_44' <Predicate = true> <Delay = 1.05> <CoreInst = "DSP48">   --->   Core 119 'DSP48' <Latency = 3> <II = 1> <Delay = 2.15> <IPBlock> <Opcode : 'mul' 'add' 'sub' 'select'> <InPorts = 0> <OutPorts = 1> <Sync> <CReg>
ST_40 : Operation 1468 [2/3] (1.05ns) (grouped into DSP with root node add_ln185_6)   --->   "%tmp2_44 = mul i32 %sext_ln124_2, i32 25172" [../import_files/import_files/2D_idct.cpp:172]   --->   Operation 1468 'mul' 'tmp2_44' <Predicate = true> <Delay = 1.05> <CoreInst = "DSP48">   --->   Core 119 'DSP48' <Latency = 3> <II = 1> <Delay = 2.15> <IPBlock> <Opcode : 'mul' 'add' 'sub' 'select'> <InPorts = 0> <OutPorts = 1> <Sync> <CReg>
ST_40 : Operation 1469 [2/3] (1.05ns) (grouped into DSP with root node add_ln186_6)   --->   "%tmp3_44 = mul i32 %sext_ln124, i32 12299" [../import_files/import_files/2D_idct.cpp:173]   --->   Operation 1469 'mul' 'tmp3_44' <Predicate = true> <Delay = 1.05> <CoreInst = "DSP48">   --->   Core 119 'DSP48' <Latency = 3> <II = 1> <Delay = 2.15> <IPBlock> <Opcode : 'mul' 'add' 'sub' 'select'> <InPorts = 0> <OutPorts = 1> <Sync> <CReg>
ST_40 : Operation 1470 [1/4] (0.00ns) (root node of the DSP)   --->   "%z1_31 = mul i32 %sext_ln51_132, i32 4294959923" [../import_files/import_files/2D_idct.cpp:175]   --->   Operation 1470 'mul' 'z1_31' <Predicate = true> <Delay = 0.00> <CoreInst = "DSP48">   --->   Core 119 'DSP48' <Latency = 3> <II = 1> <Delay = 2.15> <IPBlock> <Opcode : 'mul' 'add' 'sub' 'select'> <InPorts = 0> <OutPorts = 1> <Sync> <CReg>
ST_40 : Operation 1471 [1/4] (0.00ns) (root node of the DSP)   --->   "%z2_43 = mul i32 %sext_ln51_106, i32 4294946301" [../import_files/import_files/2D_idct.cpp:176]   --->   Operation 1471 'mul' 'z2_43' <Predicate = true> <Delay = 0.00> <CoreInst = "DSP48">   --->   Core 119 'DSP48' <Latency = 3> <II = 1> <Delay = 2.15> <IPBlock> <Opcode : 'mul' 'add' 'sub' 'select'> <InPorts = 0> <OutPorts = 1> <Sync> <CReg>
ST_40 : Operation 1472 [1/3] (0.00ns) (grouped into DSP with root node z3_82)   --->   "%z3_81 = mul i32 %sext_ln51_130, i32 4294951227" [../import_files/import_files/2D_idct.cpp:177]   --->   Operation 1472 'mul' 'z3_81' <Predicate = true> <Delay = 0.00> <CoreInst = "DSP48">   --->   Core 119 'DSP48' <Latency = 3> <II = 1> <Delay = 2.15> <IPBlock> <Opcode : 'mul' 'add' 'sub' 'select'> <InPorts = 0> <OutPorts = 1> <Sync> <CReg>
ST_40 : Operation 1473 [2/2] (2.10ns) (root node of the DSP)   --->   "%z3_82 = add i32 %z5_9, i32 %z3_81" [../import_files/import_files/2D_idct.cpp:180]   --->   Operation 1473 'add' 'z3_82' <Predicate = true> <Delay = 2.10> <CoreInst = "DSP48">   --->   Core 119 'DSP48' <Latency = 3> <II = 1> <Delay = 2.15> <IPBlock> <Opcode : 'mul' 'add' 'sub' 'select'> <InPorts = 0> <OutPorts = 1> <Sync> <CReg>
ST_40 : Operation 1474 [1/3] (0.00ns) (grouped into DSP with root node z4_35)   --->   "%z4_34 = mul i32 %sext_ln51_104, i32 4294964100" [../import_files/import_files/2D_idct.cpp:178]   --->   Operation 1474 'mul' 'z4_34' <Predicate = true> <Delay = 0.00> <CoreInst = "DSP48">   --->   Core 119 'DSP48' <Latency = 3> <II = 1> <Delay = 2.15> <IPBlock> <Opcode : 'mul' 'add' 'sub' 'select'> <InPorts = 0> <OutPorts = 1> <Sync> <CReg>
ST_40 : Operation 1475 [2/2] (2.10ns) (root node of the DSP)   --->   "%z4_35 = add i32 %z5_9, i32 %z4_34" [../import_files/import_files/2D_idct.cpp:181]   --->   Operation 1475 'add' 'z4_35' <Predicate = true> <Delay = 2.10> <CoreInst = "DSP48">   --->   Core 119 'DSP48' <Latency = 3> <II = 1> <Delay = 2.15> <IPBlock> <Opcode : 'mul' 'add' 'sub' 'select'> <InPorts = 0> <OutPorts = 1> <Sync> <CReg>
ST_40 : Operation 1476 [2/4] (1.05ns) (root node of the DSP)   --->   "%z1_32 = mul i32 %sext_ln143_7, i32 4433" [../import_files/import_files/2D_idct.cpp:143]   --->   Operation 1476 'mul' 'z1_32' <Predicate = true> <Delay = 1.05> <CoreInst = "DSP48">   --->   Core 119 'DSP48' <Latency = 3> <II = 1> <Delay = 2.15> <IPBlock> <Opcode : 'mul' 'add' 'sub' 'select'> <InPorts = 0> <OutPorts = 1> <Sync> <CReg>
ST_40 : Operation 1477 [2/3] (1.05ns) (grouped into DSP with root node tmp2_46)   --->   "%mul_ln144_4 = mul i32 %sext_ln125_4, i32 4294952159" [../import_files/import_files/2D_idct.cpp:144]   --->   Operation 1477 'mul' 'mul_ln144_4' <Predicate = true> <Delay = 1.05> <CoreInst = "DSP48">   --->   Core 119 'DSP48' <Latency = 3> <II = 1> <Delay = 2.15> <IPBlock> <Opcode : 'mul' 'add' 'sub' 'select'> <InPorts = 0> <OutPorts = 1> <Sync> <CReg>
ST_40 : Operation 1478 [2/3] (1.05ns) (grouped into DSP with root node tmp3_46)   --->   "%mul_ln145_4 = mul i32 %sext_ln125_1, i32 6270" [../import_files/import_files/2D_idct.cpp:145]   --->   Operation 1478 'mul' 'mul_ln145_4' <Predicate = true> <Delay = 1.05> <CoreInst = "DSP48">   --->   Core 119 'DSP48' <Latency = 3> <II = 1> <Delay = 2.15> <IPBlock> <Opcode : 'mul' 'add' 'sub' 'select'> <InPorts = 0> <OutPorts = 1> <Sync> <CReg>
ST_40 : Operation 1479 [1/4] (0.00ns) (root node of the DSP)   --->   "%z5_10 = mul i32 %sext_ln168_7, i32 9633" [../import_files/import_files/2D_idct.cpp:168]   --->   Operation 1479 'mul' 'z5_10' <Predicate = true> <Delay = 0.00> <CoreInst = "DSP48">   --->   Core 119 'DSP48' <Latency = 3> <II = 1> <Delay = 2.15> <IPBlock> <Opcode : 'mul' 'add' 'sub' 'select'> <InPorts = 0> <OutPorts = 1> <Sync> <CReg>
ST_40 : Operation 1480 [2/3] (1.05ns) (grouped into DSP with root node add_ln183_8)   --->   "%tmp0_50 = mul i32 %sext_ln125_5, i32 2446" [../import_files/import_files/2D_idct.cpp:170]   --->   Operation 1480 'mul' 'tmp0_50' <Predicate = true> <Delay = 1.05> <CoreInst = "DSP48">   --->   Core 119 'DSP48' <Latency = 3> <II = 1> <Delay = 2.15> <IPBlock> <Opcode : 'mul' 'add' 'sub' 'select'> <InPorts = 0> <OutPorts = 1> <Sync> <CReg>
ST_40 : Operation 1481 [2/3] (1.05ns) (grouped into DSP with root node add_ln184_8)   --->   "%tmp1_48 = mul i32 %sext_ln125_3, i32 16819" [../import_files/import_files/2D_idct.cpp:171]   --->   Operation 1481 'mul' 'tmp1_48' <Predicate = true> <Delay = 1.05> <CoreInst = "DSP48">   --->   Core 119 'DSP48' <Latency = 3> <II = 1> <Delay = 2.15> <IPBlock> <Opcode : 'mul' 'add' 'sub' 'select'> <InPorts = 0> <OutPorts = 1> <Sync> <CReg>
ST_40 : Operation 1482 [2/3] (1.05ns) (grouped into DSP with root node add_ln185_8)   --->   "%tmp2_48 = mul i32 %sext_ln125_2, i32 25172" [../import_files/import_files/2D_idct.cpp:172]   --->   Operation 1482 'mul' 'tmp2_48' <Predicate = true> <Delay = 1.05> <CoreInst = "DSP48">   --->   Core 119 'DSP48' <Latency = 3> <II = 1> <Delay = 2.15> <IPBlock> <Opcode : 'mul' 'add' 'sub' 'select'> <InPorts = 0> <OutPorts = 1> <Sync> <CReg>
ST_40 : Operation 1483 [2/3] (1.05ns) (grouped into DSP with root node add_ln186_8)   --->   "%tmp3_48 = mul i32 %sext_ln125, i32 12299" [../import_files/import_files/2D_idct.cpp:173]   --->   Operation 1483 'mul' 'tmp3_48' <Predicate = true> <Delay = 1.05> <CoreInst = "DSP48">   --->   Core 119 'DSP48' <Latency = 3> <II = 1> <Delay = 2.15> <IPBlock> <Opcode : 'mul' 'add' 'sub' 'select'> <InPorts = 0> <OutPorts = 1> <Sync> <CReg>
ST_40 : Operation 1484 [1/4] (0.00ns) (root node of the DSP)   --->   "%z1_34 = mul i32 %sext_ln51_135, i32 4294959923" [../import_files/import_files/2D_idct.cpp:175]   --->   Operation 1484 'mul' 'z1_34' <Predicate = true> <Delay = 0.00> <CoreInst = "DSP48">   --->   Core 119 'DSP48' <Latency = 3> <II = 1> <Delay = 2.15> <IPBlock> <Opcode : 'mul' 'add' 'sub' 'select'> <InPorts = 0> <OutPorts = 1> <Sync> <CReg>
ST_40 : Operation 1485 [1/4] (0.00ns) (root node of the DSP)   --->   "%z2_47 = mul i32 %sext_ln51_109, i32 4294946301" [../import_files/import_files/2D_idct.cpp:176]   --->   Operation 1485 'mul' 'z2_47' <Predicate = true> <Delay = 0.00> <CoreInst = "DSP48">   --->   Core 119 'DSP48' <Latency = 3> <II = 1> <Delay = 2.15> <IPBlock> <Opcode : 'mul' 'add' 'sub' 'select'> <InPorts = 0> <OutPorts = 1> <Sync> <CReg>
ST_40 : Operation 1486 [1/3] (0.00ns) (grouped into DSP with root node z3_86)   --->   "%z3_85 = mul i32 %sext_ln51_133, i32 4294951227" [../import_files/import_files/2D_idct.cpp:177]   --->   Operation 1486 'mul' 'z3_85' <Predicate = true> <Delay = 0.00> <CoreInst = "DSP48">   --->   Core 119 'DSP48' <Latency = 3> <II = 1> <Delay = 2.15> <IPBlock> <Opcode : 'mul' 'add' 'sub' 'select'> <InPorts = 0> <OutPorts = 1> <Sync> <CReg>
ST_40 : Operation 1487 [2/2] (2.10ns) (root node of the DSP)   --->   "%z3_86 = add i32 %z5_10, i32 %z3_85" [../import_files/import_files/2D_idct.cpp:180]   --->   Operation 1487 'add' 'z3_86' <Predicate = true> <Delay = 2.10> <CoreInst = "DSP48">   --->   Core 119 'DSP48' <Latency = 3> <II = 1> <Delay = 2.15> <IPBlock> <Opcode : 'mul' 'add' 'sub' 'select'> <InPorts = 0> <OutPorts = 1> <Sync> <CReg>
ST_40 : Operation 1488 [1/3] (0.00ns) (grouped into DSP with root node z4_38)   --->   "%z4_37 = mul i32 %sext_ln51_107, i32 4294964100" [../import_files/import_files/2D_idct.cpp:178]   --->   Operation 1488 'mul' 'z4_37' <Predicate = true> <Delay = 0.00> <CoreInst = "DSP48">   --->   Core 119 'DSP48' <Latency = 3> <II = 1> <Delay = 2.15> <IPBlock> <Opcode : 'mul' 'add' 'sub' 'select'> <InPorts = 0> <OutPorts = 1> <Sync> <CReg>
ST_40 : Operation 1489 [2/2] (2.10ns) (root node of the DSP)   --->   "%z4_38 = add i32 %z5_10, i32 %z4_37" [../import_files/import_files/2D_idct.cpp:181]   --->   Operation 1489 'add' 'z4_38' <Predicate = true> <Delay = 2.10> <CoreInst = "DSP48">   --->   Core 119 'DSP48' <Latency = 3> <II = 1> <Delay = 2.15> <IPBlock> <Opcode : 'mul' 'add' 'sub' 'select'> <InPorts = 0> <OutPorts = 1> <Sync> <CReg>
ST_40 : Operation 1490 [3/4] (1.05ns) (root node of the DSP)   --->   "%z1_35 = mul i32 %sext_ln143_5, i32 4433" [../import_files/import_files/2D_idct.cpp:143]   --->   Operation 1490 'mul' 'z1_35' <Predicate = true> <Delay = 1.05> <CoreInst = "DSP48">   --->   Core 119 'DSP48' <Latency = 3> <II = 1> <Delay = 2.15> <IPBlock> <Opcode : 'mul' 'add' 'sub' 'select'> <InPorts = 0> <OutPorts = 1> <Sync> <CReg>
ST_40 : Operation 1491 [3/3] (1.05ns) (grouped into DSP with root node tmp2_50)   --->   "%mul_ln144_5 = mul i32 %sext_ln123_4, i32 4294952159" [../import_files/import_files/2D_idct.cpp:144]   --->   Operation 1491 'mul' 'mul_ln144_5' <Predicate = true> <Delay = 1.05> <CoreInst = "DSP48">   --->   Core 119 'DSP48' <Latency = 3> <II = 1> <Delay = 2.15> <IPBlock> <Opcode : 'mul' 'add' 'sub' 'select'> <InPorts = 0> <OutPorts = 1> <Sync> <CReg>
ST_40 : Operation 1492 [3/3] (1.05ns) (grouped into DSP with root node tmp3_50)   --->   "%mul_ln145_5 = mul i32 %sext_ln123_1, i32 6270" [../import_files/import_files/2D_idct.cpp:145]   --->   Operation 1492 'mul' 'mul_ln145_5' <Predicate = true> <Delay = 1.05> <CoreInst = "DSP48">   --->   Core 119 'DSP48' <Latency = 3> <II = 1> <Delay = 2.15> <IPBlock> <Opcode : 'mul' 'add' 'sub' 'select'> <InPorts = 0> <OutPorts = 1> <Sync> <CReg>
ST_40 : Operation 1493 [2/4] (1.05ns) (root node of the DSP)   --->   "%z5_11 = mul i32 %sext_ln168_5, i32 9633" [../import_files/import_files/2D_idct.cpp:168]   --->   Operation 1493 'mul' 'z5_11' <Predicate = true> <Delay = 1.05> <CoreInst = "DSP48">   --->   Core 119 'DSP48' <Latency = 3> <II = 1> <Delay = 2.15> <IPBlock> <Opcode : 'mul' 'add' 'sub' 'select'> <InPorts = 0> <OutPorts = 1> <Sync> <CReg>
ST_40 : Operation 1494 [3/3] (1.05ns) (grouped into DSP with root node add_ln183_10)   --->   "%tmp0_54 = mul i32 %sext_ln123_5, i32 2446" [../import_files/import_files/2D_idct.cpp:170]   --->   Operation 1494 'mul' 'tmp0_54' <Predicate = true> <Delay = 1.05> <CoreInst = "DSP48">   --->   Core 119 'DSP48' <Latency = 3> <II = 1> <Delay = 2.15> <IPBlock> <Opcode : 'mul' 'add' 'sub' 'select'> <InPorts = 0> <OutPorts = 1> <Sync> <CReg>
ST_40 : Operation 1495 [3/3] (1.05ns) (grouped into DSP with root node add_ln184_10)   --->   "%tmp1_52 = mul i32 %sext_ln123_3, i32 16819" [../import_files/import_files/2D_idct.cpp:171]   --->   Operation 1495 'mul' 'tmp1_52' <Predicate = true> <Delay = 1.05> <CoreInst = "DSP48">   --->   Core 119 'DSP48' <Latency = 3> <II = 1> <Delay = 2.15> <IPBlock> <Opcode : 'mul' 'add' 'sub' 'select'> <InPorts = 0> <OutPorts = 1> <Sync> <CReg>
ST_40 : Operation 1496 [3/3] (1.05ns) (grouped into DSP with root node add_ln185_10)   --->   "%tmp2_52 = mul i32 %sext_ln123_2, i32 25172" [../import_files/import_files/2D_idct.cpp:172]   --->   Operation 1496 'mul' 'tmp2_52' <Predicate = true> <Delay = 1.05> <CoreInst = "DSP48">   --->   Core 119 'DSP48' <Latency = 3> <II = 1> <Delay = 2.15> <IPBlock> <Opcode : 'mul' 'add' 'sub' 'select'> <InPorts = 0> <OutPorts = 1> <Sync> <CReg>
ST_40 : Operation 1497 [3/3] (1.05ns) (grouped into DSP with root node add_ln186_10)   --->   "%tmp3_52 = mul i32 %sext_ln123, i32 12299" [../import_files/import_files/2D_idct.cpp:173]   --->   Operation 1497 'mul' 'tmp3_52' <Predicate = true> <Delay = 1.05> <CoreInst = "DSP48">   --->   Core 119 'DSP48' <Latency = 3> <II = 1> <Delay = 2.15> <IPBlock> <Opcode : 'mul' 'add' 'sub' 'select'> <InPorts = 0> <OutPorts = 1> <Sync> <CReg>
ST_40 : Operation 1498 [2/4] (1.05ns) (root node of the DSP)   --->   "%z1_37 = mul i32 %sext_ln51_129, i32 4294959923" [../import_files/import_files/2D_idct.cpp:175]   --->   Operation 1498 'mul' 'z1_37' <Predicate = true> <Delay = 1.05> <CoreInst = "DSP48">   --->   Core 119 'DSP48' <Latency = 3> <II = 1> <Delay = 2.15> <IPBlock> <Opcode : 'mul' 'add' 'sub' 'select'> <InPorts = 0> <OutPorts = 1> <Sync> <CReg>
ST_40 : Operation 1499 [2/4] (1.05ns) (root node of the DSP)   --->   "%z2_50 = mul i32 %sext_ln51_103, i32 4294946301" [../import_files/import_files/2D_idct.cpp:176]   --->   Operation 1499 'mul' 'z2_50' <Predicate = true> <Delay = 1.05> <CoreInst = "DSP48">   --->   Core 119 'DSP48' <Latency = 3> <II = 1> <Delay = 2.15> <IPBlock> <Opcode : 'mul' 'add' 'sub' 'select'> <InPorts = 0> <OutPorts = 1> <Sync> <CReg>
ST_40 : Operation 1500 [2/3] (1.05ns) (grouped into DSP with root node z3_90)   --->   "%z3_89 = mul i32 %sext_ln51_127, i32 4294951227" [../import_files/import_files/2D_idct.cpp:177]   --->   Operation 1500 'mul' 'z3_89' <Predicate = true> <Delay = 1.05> <CoreInst = "DSP48">   --->   Core 119 'DSP48' <Latency = 3> <II = 1> <Delay = 2.15> <IPBlock> <Opcode : 'mul' 'add' 'sub' 'select'> <InPorts = 0> <OutPorts = 1> <Sync> <CReg>
ST_40 : Operation 1501 [2/3] (1.05ns) (grouped into DSP with root node z4_41)   --->   "%z4_40 = mul i32 %sext_ln51_101, i32 4294964100" [../import_files/import_files/2D_idct.cpp:178]   --->   Operation 1501 'mul' 'z4_40' <Predicate = true> <Delay = 1.05> <CoreInst = "DSP48">   --->   Core 119 'DSP48' <Latency = 3> <II = 1> <Delay = 2.15> <IPBlock> <Opcode : 'mul' 'add' 'sub' 'select'> <InPorts = 0> <OutPorts = 1> <Sync> <CReg>
ST_40 : Operation 1502 [3/4] (1.05ns) (root node of the DSP)   --->   "%z1_38 = mul i32 %sext_ln143_3, i32 4433" [../import_files/import_files/2D_idct.cpp:143]   --->   Operation 1502 'mul' 'z1_38' <Predicate = true> <Delay = 1.05> <CoreInst = "DSP48">   --->   Core 119 'DSP48' <Latency = 3> <II = 1> <Delay = 2.15> <IPBlock> <Opcode : 'mul' 'add' 'sub' 'select'> <InPorts = 0> <OutPorts = 1> <Sync> <CReg>
ST_40 : Operation 1503 [3/3] (1.05ns) (grouped into DSP with root node tmp2_54)   --->   "%mul_ln144_6 = mul i32 %sext_ln121_4, i32 4294952159" [../import_files/import_files/2D_idct.cpp:144]   --->   Operation 1503 'mul' 'mul_ln144_6' <Predicate = true> <Delay = 1.05> <CoreInst = "DSP48">   --->   Core 119 'DSP48' <Latency = 3> <II = 1> <Delay = 2.15> <IPBlock> <Opcode : 'mul' 'add' 'sub' 'select'> <InPorts = 0> <OutPorts = 1> <Sync> <CReg>
ST_40 : Operation 1504 [3/3] (1.05ns) (grouped into DSP with root node tmp3_54)   --->   "%mul_ln145_6 = mul i32 %sext_ln121_1, i32 6270" [../import_files/import_files/2D_idct.cpp:145]   --->   Operation 1504 'mul' 'mul_ln145_6' <Predicate = true> <Delay = 1.05> <CoreInst = "DSP48">   --->   Core 119 'DSP48' <Latency = 3> <II = 1> <Delay = 2.15> <IPBlock> <Opcode : 'mul' 'add' 'sub' 'select'> <InPorts = 0> <OutPorts = 1> <Sync> <CReg>
ST_40 : Operation 1505 [2/4] (1.05ns) (root node of the DSP)   --->   "%z5_12 = mul i32 %sext_ln168_3, i32 9633" [../import_files/import_files/2D_idct.cpp:168]   --->   Operation 1505 'mul' 'z5_12' <Predicate = true> <Delay = 1.05> <CoreInst = "DSP48">   --->   Core 119 'DSP48' <Latency = 3> <II = 1> <Delay = 2.15> <IPBlock> <Opcode : 'mul' 'add' 'sub' 'select'> <InPorts = 0> <OutPorts = 1> <Sync> <CReg>
ST_40 : Operation 1506 [3/3] (1.05ns) (grouped into DSP with root node add_ln183_12)   --->   "%tmp0_58 = mul i32 %sext_ln121_5, i32 2446" [../import_files/import_files/2D_idct.cpp:170]   --->   Operation 1506 'mul' 'tmp0_58' <Predicate = true> <Delay = 1.05> <CoreInst = "DSP48">   --->   Core 119 'DSP48' <Latency = 3> <II = 1> <Delay = 2.15> <IPBlock> <Opcode : 'mul' 'add' 'sub' 'select'> <InPorts = 0> <OutPorts = 1> <Sync> <CReg>
ST_40 : Operation 1507 [3/3] (1.05ns) (grouped into DSP with root node add_ln184_12)   --->   "%tmp1_56 = mul i32 %sext_ln121_3, i32 16819" [../import_files/import_files/2D_idct.cpp:171]   --->   Operation 1507 'mul' 'tmp1_56' <Predicate = true> <Delay = 1.05> <CoreInst = "DSP48">   --->   Core 119 'DSP48' <Latency = 3> <II = 1> <Delay = 2.15> <IPBlock> <Opcode : 'mul' 'add' 'sub' 'select'> <InPorts = 0> <OutPorts = 1> <Sync> <CReg>
ST_40 : Operation 1508 [3/3] (1.05ns) (grouped into DSP with root node add_ln185_12)   --->   "%tmp2_56 = mul i32 %sext_ln121_2, i32 25172" [../import_files/import_files/2D_idct.cpp:172]   --->   Operation 1508 'mul' 'tmp2_56' <Predicate = true> <Delay = 1.05> <CoreInst = "DSP48">   --->   Core 119 'DSP48' <Latency = 3> <II = 1> <Delay = 2.15> <IPBlock> <Opcode : 'mul' 'add' 'sub' 'select'> <InPorts = 0> <OutPorts = 1> <Sync> <CReg>
ST_40 : Operation 1509 [3/3] (1.05ns) (grouped into DSP with root node add_ln186_12)   --->   "%tmp3_56 = mul i32 %sext_ln121, i32 12299" [../import_files/import_files/2D_idct.cpp:173]   --->   Operation 1509 'mul' 'tmp3_56' <Predicate = true> <Delay = 1.05> <CoreInst = "DSP48">   --->   Core 119 'DSP48' <Latency = 3> <II = 1> <Delay = 2.15> <IPBlock> <Opcode : 'mul' 'add' 'sub' 'select'> <InPorts = 0> <OutPorts = 1> <Sync> <CReg>
ST_40 : Operation 1510 [2/4] (1.05ns) (root node of the DSP)   --->   "%z1_40 = mul i32 %sext_ln51_123, i32 4294959923" [../import_files/import_files/2D_idct.cpp:175]   --->   Operation 1510 'mul' 'z1_40' <Predicate = true> <Delay = 1.05> <CoreInst = "DSP48">   --->   Core 119 'DSP48' <Latency = 3> <II = 1> <Delay = 2.15> <IPBlock> <Opcode : 'mul' 'add' 'sub' 'select'> <InPorts = 0> <OutPorts = 1> <Sync> <CReg>
ST_40 : Operation 1511 [2/4] (1.05ns) (root node of the DSP)   --->   "%z2_53 = mul i32 %sext_ln51_97, i32 4294946301" [../import_files/import_files/2D_idct.cpp:176]   --->   Operation 1511 'mul' 'z2_53' <Predicate = true> <Delay = 1.05> <CoreInst = "DSP48">   --->   Core 119 'DSP48' <Latency = 3> <II = 1> <Delay = 2.15> <IPBlock> <Opcode : 'mul' 'add' 'sub' 'select'> <InPorts = 0> <OutPorts = 1> <Sync> <CReg>
ST_40 : Operation 1512 [2/3] (1.05ns) (grouped into DSP with root node z3_94)   --->   "%z3_93 = mul i32 %sext_ln51_121, i32 4294951227" [../import_files/import_files/2D_idct.cpp:177]   --->   Operation 1512 'mul' 'z3_93' <Predicate = true> <Delay = 1.05> <CoreInst = "DSP48">   --->   Core 119 'DSP48' <Latency = 3> <II = 1> <Delay = 2.15> <IPBlock> <Opcode : 'mul' 'add' 'sub' 'select'> <InPorts = 0> <OutPorts = 1> <Sync> <CReg>
ST_40 : Operation 1513 [2/3] (1.05ns) (grouped into DSP with root node z4_44)   --->   "%z4_43 = mul i32 %sext_ln51_95, i32 4294964100" [../import_files/import_files/2D_idct.cpp:178]   --->   Operation 1513 'mul' 'z4_43' <Predicate = true> <Delay = 1.05> <CoreInst = "DSP48">   --->   Core 119 'DSP48' <Latency = 3> <II = 1> <Delay = 2.15> <IPBlock> <Opcode : 'mul' 'add' 'sub' 'select'> <InPorts = 0> <OutPorts = 1> <Sync> <CReg>
ST_40 : Operation 1514 [2/4] (1.05ns) (root node of the DSP)   --->   "%z1_41 = mul i32 %sext_ln143_1, i32 4433" [../import_files/import_files/2D_idct.cpp:143]   --->   Operation 1514 'mul' 'z1_41' <Predicate = true> <Delay = 1.05> <CoreInst = "DSP48">   --->   Core 119 'DSP48' <Latency = 3> <II = 1> <Delay = 2.15> <IPBlock> <Opcode : 'mul' 'add' 'sub' 'select'> <InPorts = 0> <OutPorts = 1> <Sync> <CReg>
ST_40 : Operation 1515 [2/3] (1.05ns) (grouped into DSP with root node tmp2_58)   --->   "%mul_ln144_7 = mul i32 %sext_ln119_4, i32 4294952159" [../import_files/import_files/2D_idct.cpp:144]   --->   Operation 1515 'mul' 'mul_ln144_7' <Predicate = true> <Delay = 1.05> <CoreInst = "DSP48">   --->   Core 119 'DSP48' <Latency = 3> <II = 1> <Delay = 2.15> <IPBlock> <Opcode : 'mul' 'add' 'sub' 'select'> <InPorts = 0> <OutPorts = 1> <Sync> <CReg>
ST_40 : Operation 1516 [2/3] (1.05ns) (grouped into DSP with root node tmp3_58)   --->   "%mul_ln145_7 = mul i32 %sext_ln119_1, i32 6270" [../import_files/import_files/2D_idct.cpp:145]   --->   Operation 1516 'mul' 'mul_ln145_7' <Predicate = true> <Delay = 1.05> <CoreInst = "DSP48">   --->   Core 119 'DSP48' <Latency = 3> <II = 1> <Delay = 2.15> <IPBlock> <Opcode : 'mul' 'add' 'sub' 'select'> <InPorts = 0> <OutPorts = 1> <Sync> <CReg>
ST_40 : Operation 1517 [1/4] (0.00ns) (root node of the DSP)   --->   "%z5_13 = mul i32 %sext_ln168_1, i32 9633" [../import_files/import_files/2D_idct.cpp:168]   --->   Operation 1517 'mul' 'z5_13' <Predicate = true> <Delay = 0.00> <CoreInst = "DSP48">   --->   Core 119 'DSP48' <Latency = 3> <II = 1> <Delay = 2.15> <IPBlock> <Opcode : 'mul' 'add' 'sub' 'select'> <InPorts = 0> <OutPorts = 1> <Sync> <CReg>
ST_40 : Operation 1518 [2/3] (1.05ns) (grouped into DSP with root node add_ln183_14)   --->   "%tmp0_62 = mul i32 %sext_ln119_5, i32 2446" [../import_files/import_files/2D_idct.cpp:170]   --->   Operation 1518 'mul' 'tmp0_62' <Predicate = true> <Delay = 1.05> <CoreInst = "DSP48">   --->   Core 119 'DSP48' <Latency = 3> <II = 1> <Delay = 2.15> <IPBlock> <Opcode : 'mul' 'add' 'sub' 'select'> <InPorts = 0> <OutPorts = 1> <Sync> <CReg>
ST_40 : Operation 1519 [2/3] (1.05ns) (grouped into DSP with root node add_ln184_14)   --->   "%tmp1_60 = mul i32 %sext_ln119_3, i32 16819" [../import_files/import_files/2D_idct.cpp:171]   --->   Operation 1519 'mul' 'tmp1_60' <Predicate = true> <Delay = 1.05> <CoreInst = "DSP48">   --->   Core 119 'DSP48' <Latency = 3> <II = 1> <Delay = 2.15> <IPBlock> <Opcode : 'mul' 'add' 'sub' 'select'> <InPorts = 0> <OutPorts = 1> <Sync> <CReg>
ST_40 : Operation 1520 [2/3] (1.05ns) (grouped into DSP with root node add_ln185_14)   --->   "%tmp2_60 = mul i32 %sext_ln119_2, i32 25172" [../import_files/import_files/2D_idct.cpp:172]   --->   Operation 1520 'mul' 'tmp2_60' <Predicate = true> <Delay = 1.05> <CoreInst = "DSP48">   --->   Core 119 'DSP48' <Latency = 3> <II = 1> <Delay = 2.15> <IPBlock> <Opcode : 'mul' 'add' 'sub' 'select'> <InPorts = 0> <OutPorts = 1> <Sync> <CReg>
ST_40 : Operation 1521 [2/3] (1.05ns) (grouped into DSP with root node add_ln186_14)   --->   "%tmp3_60 = mul i32 %sext_ln119, i32 12299" [../import_files/import_files/2D_idct.cpp:173]   --->   Operation 1521 'mul' 'tmp3_60' <Predicate = true> <Delay = 1.05> <CoreInst = "DSP48">   --->   Core 119 'DSP48' <Latency = 3> <II = 1> <Delay = 2.15> <IPBlock> <Opcode : 'mul' 'add' 'sub' 'select'> <InPorts = 0> <OutPorts = 1> <Sync> <CReg>
ST_40 : Operation 1522 [1/4] (0.00ns) (root node of the DSP)   --->   "%z1_43 = mul i32 %sext_ln51_117, i32 4294959923" [../import_files/import_files/2D_idct.cpp:175]   --->   Operation 1522 'mul' 'z1_43' <Predicate = true> <Delay = 0.00> <CoreInst = "DSP48">   --->   Core 119 'DSP48' <Latency = 3> <II = 1> <Delay = 2.15> <IPBlock> <Opcode : 'mul' 'add' 'sub' 'select'> <InPorts = 0> <OutPorts = 1> <Sync> <CReg>
ST_40 : Operation 1523 [1/4] (0.00ns) (root node of the DSP)   --->   "%z2_56 = mul i32 %sext_ln51_91, i32 4294946301" [../import_files/import_files/2D_idct.cpp:176]   --->   Operation 1523 'mul' 'z2_56' <Predicate = true> <Delay = 0.00> <CoreInst = "DSP48">   --->   Core 119 'DSP48' <Latency = 3> <II = 1> <Delay = 2.15> <IPBlock> <Opcode : 'mul' 'add' 'sub' 'select'> <InPorts = 0> <OutPorts = 1> <Sync> <CReg>
ST_40 : Operation 1524 [1/3] (0.00ns) (grouped into DSP with root node z3_98)   --->   "%z3_97 = mul i32 %sext_ln51_115, i32 4294951227" [../import_files/import_files/2D_idct.cpp:177]   --->   Operation 1524 'mul' 'z3_97' <Predicate = true> <Delay = 0.00> <CoreInst = "DSP48">   --->   Core 119 'DSP48' <Latency = 3> <II = 1> <Delay = 2.15> <IPBlock> <Opcode : 'mul' 'add' 'sub' 'select'> <InPorts = 0> <OutPorts = 1> <Sync> <CReg>
ST_40 : Operation 1525 [2/2] (2.10ns) (root node of the DSP)   --->   "%z3_98 = add i32 %z5_13, i32 %z3_97" [../import_files/import_files/2D_idct.cpp:180]   --->   Operation 1525 'add' 'z3_98' <Predicate = true> <Delay = 2.10> <CoreInst = "DSP48">   --->   Core 119 'DSP48' <Latency = 3> <II = 1> <Delay = 2.15> <IPBlock> <Opcode : 'mul' 'add' 'sub' 'select'> <InPorts = 0> <OutPorts = 1> <Sync> <CReg>
ST_40 : Operation 1526 [1/3] (0.00ns) (grouped into DSP with root node z4_47)   --->   "%z4_46 = mul i32 %sext_ln51_89, i32 4294964100" [../import_files/import_files/2D_idct.cpp:178]   --->   Operation 1526 'mul' 'z4_46' <Predicate = true> <Delay = 0.00> <CoreInst = "DSP48">   --->   Core 119 'DSP48' <Latency = 3> <II = 1> <Delay = 2.15> <IPBlock> <Opcode : 'mul' 'add' 'sub' 'select'> <InPorts = 0> <OutPorts = 1> <Sync> <CReg>
ST_40 : Operation 1527 [2/2] (2.10ns) (root node of the DSP)   --->   "%z4_47 = add i32 %z5_13, i32 %z4_46" [../import_files/import_files/2D_idct.cpp:181]   --->   Operation 1527 'add' 'z4_47' <Predicate = true> <Delay = 2.10> <CoreInst = "DSP48">   --->   Core 119 'DSP48' <Latency = 3> <II = 1> <Delay = 2.15> <IPBlock> <Opcode : 'mul' 'add' 'sub' 'select'> <InPorts = 0> <OutPorts = 1> <Sync> <CReg>

State 41 <SV = 40> <Delay = 7.08>
ST_41 : Operation 1528 [1/1] (0.00ns)   --->   "%tmp0 = bitconcatenate i30 @_ssdm_op_BitConcatenate.i30.i17.i13, i17 %add_ln76, i13 0" [../import_files/import_files/2D_idct.cpp:76]   --->   Operation 1528 'bitconcatenate' 'tmp0' <Predicate = true> <Delay = 0.00>
ST_41 : Operation 1529 [1/1] (0.00ns) (grouped into TernaryAdder)   --->   "%tmp13 = sub i30 %tmp0, i30 %tmp3" [../import_files/import_files/2D_idct.cpp:80]   --->   Operation 1529 'sub' 'tmp13' <Predicate = true> <Delay = 0.00> <CoreInst = "TAddSub">   --->   Core 10 'TAddSub' <Latency = 0> <II = 1> <Delay = 2.18> <IPBlock> <Opcode : 'add' 'sub'> <InPorts = 3> <OutPorts = 1> <Sync> <CReg>
ST_41 : Operation 1530 [1/1] (0.00ns)   --->   "%tmp1 = bitconcatenate i30 @_ssdm_op_BitConcatenate.i30.i17.i13, i17 %sub_ln77, i13 0" [../import_files/import_files/2D_idct.cpp:77]   --->   Operation 1530 'bitconcatenate' 'tmp1' <Predicate = true> <Delay = 0.00>
ST_41 : Operation 1531 [1/1] (0.00ns) (grouped into TernaryAdder)   --->   "%tmp12 = sub i30 %tmp1, i30 %tmp2" [../import_files/import_files/2D_idct.cpp:82]   --->   Operation 1531 'sub' 'tmp12' <Predicate = true> <Delay = 0.00> <CoreInst = "TAddSub">   --->   Core 10 'TAddSub' <Latency = 0> <II = 1> <Delay = 2.18> <IPBlock> <Opcode : 'add' 'sub'> <InPorts = 3> <OutPorts = 1> <Sync> <CReg>
ST_41 : Operation 1532 [1/2] (2.10ns) (root node of the DSP)   --->   "%add_ln113 = add i30 %mul_ln49_1, i30 %z3_2" [../import_files/import_files/2D_idct.cpp:113]   --->   Operation 1532 'add' 'add_ln113' <Predicate = true> <Delay = 2.10> <CoreInst = "DSP48">   --->   Core 119 'DSP48' <Latency = 3> <II = 1> <Delay = 2.15> <IPBlock> <Opcode : 'mul' 'add' 'sub' 'select'> <InPorts = 0> <OutPorts = 1> <Sync> <CReg>
ST_41 : Operation 1533 [1/1] (2.49ns)   --->   "%tmp2_5 = add i30 %add_ln113, i30 %mul_ln51_3" [../import_files/import_files/2D_idct.cpp:113]   --->   Operation 1533 'add' 'tmp2_5' <Predicate = true> <Delay = 2.49> <CoreInst = "Adder">   --->   Core 1 'Adder' <Latency = 0> <II = 1> <Delay = 2.49> <FuncUnit> <Opcode : 'add' 'sub'> <InPorts = 2> <OutPorts = 1>
ST_41 : Operation 1534 [1/2] (2.10ns) (root node of the DSP)   --->   "%add_ln111 = add i30 %z3_2, i30 %sext_ln49_52" [../import_files/import_files/2D_idct.cpp:111]   --->   Operation 1534 'add' 'add_ln111' <Predicate = true> <Delay = 2.10> <CoreInst = "DSP48">   --->   Core 119 'DSP48' <Latency = 3> <II = 1> <Delay = 2.15> <IPBlock> <Opcode : 'mul' 'add' 'sub' 'select'> <InPorts = 0> <OutPorts = 1> <Sync> <CReg>
ST_41 : Operation 1535 [1/1] (2.49ns)   --->   "%tmp0_6 = add i30 %add_ln111, i30 %mul_ln51_2" [../import_files/import_files/2D_idct.cpp:111]   --->   Operation 1535 'add' 'tmp0_6' <Predicate = true> <Delay = 2.49> <CoreInst = "Adder">   --->   Core 1 'Adder' <Latency = 0> <II = 1> <Delay = 2.49> <FuncUnit> <Opcode : 'add' 'sub'> <InPorts = 2> <OutPorts = 1>
ST_41 : Operation 1536 [1/2] (2.10ns) (root node of the DSP)   --->   "%add_ln114 = add i30 %mul_ln49_2, i30 %z4_2" [../import_files/import_files/2D_idct.cpp:114]   --->   Operation 1536 'add' 'add_ln114' <Predicate = true> <Delay = 2.10> <CoreInst = "DSP48">   --->   Core 119 'DSP48' <Latency = 3> <II = 1> <Delay = 2.15> <IPBlock> <Opcode : 'mul' 'add' 'sub' 'select'> <InPorts = 0> <OutPorts = 1> <Sync> <CReg>
ST_41 : Operation 1537 [1/1] (2.49ns)   --->   "%tmp3_5 = add i30 %add_ln114, i30 %mul_ln51_2" [../import_files/import_files/2D_idct.cpp:114]   --->   Operation 1537 'add' 'tmp3_5' <Predicate = true> <Delay = 2.49> <CoreInst = "Adder">   --->   Core 1 'Adder' <Latency = 0> <II = 1> <Delay = 2.49> <FuncUnit> <Opcode : 'add' 'sub'> <InPorts = 2> <OutPorts = 1>
ST_41 : Operation 1538 [1/2] (2.10ns) (root node of the DSP)   --->   "%add_ln112 = add i30 %mul_ln49, i30 %z4_2" [../import_files/import_files/2D_idct.cpp:112]   --->   Operation 1538 'add' 'add_ln112' <Predicate = true> <Delay = 2.10> <CoreInst = "DSP48">   --->   Core 119 'DSP48' <Latency = 3> <II = 1> <Delay = 2.15> <IPBlock> <Opcode : 'mul' 'add' 'sub' 'select'> <InPorts = 0> <OutPorts = 1> <Sync> <CReg>
ST_41 : Operation 1539 [1/1] (2.49ns)   --->   "%tmp1_5 = add i30 %add_ln112, i30 %mul_ln51_3" [../import_files/import_files/2D_idct.cpp:112]   --->   Operation 1539 'add' 'tmp1_5' <Predicate = true> <Delay = 2.49> <CoreInst = "Adder">   --->   Core 1 'Adder' <Latency = 0> <II = 1> <Delay = 2.49> <FuncUnit> <Opcode : 'add' 'sub'> <InPorts = 2> <OutPorts = 1>
ST_41 : Operation 1540 [1/1] (0.00ns) (grouped into LUT with out node add_ln118)   --->   "%or_ln118 = or i30 %tmp0, i30 1024" [../import_files/import_files/2D_idct.cpp:118]   --->   Operation 1540 'or' 'or_ln118' <Predicate = true> <Delay = 0.00>
ST_41 : Operation 1541 [1/1] (2.49ns) (out node of the LUT)   --->   "%add_ln118 = add i30 %or_ln118, i30 %tmp3" [../import_files/import_files/2D_idct.cpp:118]   --->   Operation 1541 'add' 'add_ln118' <Predicate = true> <Delay = 2.49> <CoreInst = "Adder">   --->   Core 1 'Adder' <Latency = 0> <II = 1> <Delay = 2.49> <FuncUnit> <Opcode : 'add' 'sub'> <InPorts = 2> <OutPorts = 1>
ST_41 : Operation 1542 [1/1] (2.49ns)   --->   "%sub_ln119 = sub i30 %add_ln118, i30 %tmp3_5" [../import_files/import_files/2D_idct.cpp:119]   --->   Operation 1542 'sub' 'sub_ln119' <Predicate = true> <Delay = 2.49> <CoreInst = "Adder">   --->   Core 1 'Adder' <Latency = 0> <II = 1> <Delay = 2.49> <FuncUnit> <Opcode : 'add' 'sub'> <InPorts = 2> <OutPorts = 1>
ST_41 : Operation 1543 [1/1] (2.49ns)   --->   "%add_ln118_1 = add i30 %tmp3_5, i30 %add_ln118" [../import_files/import_files/2D_idct.cpp:118]   --->   Operation 1543 'add' 'add_ln118_1' <Predicate = true> <Delay = 2.49> <CoreInst = "Adder">   --->   Core 1 'Adder' <Latency = 0> <II = 1> <Delay = 2.49> <FuncUnit> <Opcode : 'add' 'sub'> <InPorts = 2> <OutPorts = 1>
ST_41 : Operation 1544 [1/1] (0.00ns)   --->   "%trunc_ln4 = partselect i19 @_ssdm_op_PartSelect.i19.i30.i32.i32, i30 %add_ln118_1, i32 11, i32 29" [../import_files/import_files/2D_idct.cpp:148]   --->   Operation 1544 'partselect' 'trunc_ln4' <Predicate = true> <Delay = 0.00>
ST_41 : Operation 1545 [1/1] (0.00ns)   --->   "%trunc_ln148_1 = partselect i19 @_ssdm_op_PartSelect.i19.i30.i32.i32, i30 %sub_ln119, i32 11, i32 29" [../import_files/import_files/2D_idct.cpp:148]   --->   Operation 1545 'partselect' 'trunc_ln148_1' <Predicate = true> <Delay = 0.00>
ST_41 : Operation 1546 [1/1] (0.00ns) (grouped into LUT with out node add_ln120)   --->   "%or_ln120 = or i30 %tmp1, i30 1024" [../import_files/import_files/2D_idct.cpp:120]   --->   Operation 1546 'or' 'or_ln120' <Predicate = true> <Delay = 0.00>
ST_41 : Operation 1547 [1/1] (2.49ns) (out node of the LUT)   --->   "%add_ln120 = add i30 %or_ln120, i30 %tmp2" [../import_files/import_files/2D_idct.cpp:120]   --->   Operation 1547 'add' 'add_ln120' <Predicate = true> <Delay = 2.49> <CoreInst = "Adder">   --->   Core 1 'Adder' <Latency = 0> <II = 1> <Delay = 2.49> <FuncUnit> <Opcode : 'add' 'sub'> <InPorts = 2> <OutPorts = 1>
ST_41 : Operation 1548 [1/1] (2.49ns)   --->   "%sub_ln121 = sub i30 %add_ln120, i30 %tmp2_5" [../import_files/import_files/2D_idct.cpp:121]   --->   Operation 1548 'sub' 'sub_ln121' <Predicate = true> <Delay = 2.49> <CoreInst = "Adder">   --->   Core 1 'Adder' <Latency = 0> <II = 1> <Delay = 2.49> <FuncUnit> <Opcode : 'add' 'sub'> <InPorts = 2> <OutPorts = 1>
ST_41 : Operation 1549 [1/1] (2.49ns)   --->   "%add_ln120_1 = add i30 %tmp2_5, i30 %add_ln120" [../import_files/import_files/2D_idct.cpp:120]   --->   Operation 1549 'add' 'add_ln120_1' <Predicate = true> <Delay = 2.49> <CoreInst = "Adder">   --->   Core 1 'Adder' <Latency = 0> <II = 1> <Delay = 2.49> <FuncUnit> <Opcode : 'add' 'sub'> <InPorts = 2> <OutPorts = 1>
ST_41 : Operation 1550 [1/1] (0.00ns)   --->   "%trunc_ln148_2 = partselect i19 @_ssdm_op_PartSelect.i19.i30.i32.i32, i30 %add_ln120_1, i32 11, i32 29" [../import_files/import_files/2D_idct.cpp:148]   --->   Operation 1550 'partselect' 'trunc_ln148_2' <Predicate = true> <Delay = 0.00>
ST_41 : Operation 1551 [1/1] (0.00ns)   --->   "%trunc_ln148_3 = partselect i19 @_ssdm_op_PartSelect.i19.i30.i32.i32, i30 %sub_ln121, i32 11, i32 29" [../import_files/import_files/2D_idct.cpp:148]   --->   Operation 1551 'partselect' 'trunc_ln148_3' <Predicate = true> <Delay = 0.00>
ST_41 : Operation 1552 [1/1] (4.31ns) (root node of TernaryAdder)   --->   "%add_ln122 = add i30 %tmp12, i30 1024" [../import_files/import_files/2D_idct.cpp:122]   --->   Operation 1552 'add' 'add_ln122' <Predicate = true> <Delay = 4.31> <CoreInst = "TAddSub">   --->   Core 10 'TAddSub' <Latency = 0> <II = 1> <Delay = 2.18> <IPBlock> <Opcode : 'add' 'sub'> <InPorts = 3> <OutPorts = 1> <Sync> <CReg>
ST_41 : Operation 1553 [1/1] (2.49ns)   --->   "%sub_ln123 = sub i30 %add_ln122, i30 %tmp1_5" [../import_files/import_files/2D_idct.cpp:123]   --->   Operation 1553 'sub' 'sub_ln123' <Predicate = true> <Delay = 2.49> <CoreInst = "Adder">   --->   Core 1 'Adder' <Latency = 0> <II = 1> <Delay = 2.49> <FuncUnit> <Opcode : 'add' 'sub'> <InPorts = 2> <OutPorts = 1>
ST_41 : Operation 1554 [1/1] (2.49ns)   --->   "%add_ln122_1 = add i30 %tmp1_5, i30 %add_ln122" [../import_files/import_files/2D_idct.cpp:122]   --->   Operation 1554 'add' 'add_ln122_1' <Predicate = true> <Delay = 2.49> <CoreInst = "Adder">   --->   Core 1 'Adder' <Latency = 0> <II = 1> <Delay = 2.49> <FuncUnit> <Opcode : 'add' 'sub'> <InPorts = 2> <OutPorts = 1>
ST_41 : Operation 1555 [1/1] (0.00ns)   --->   "%trunc_ln148_4 = partselect i19 @_ssdm_op_PartSelect.i19.i30.i32.i32, i30 %add_ln122_1, i32 11, i32 29" [../import_files/import_files/2D_idct.cpp:148]   --->   Operation 1555 'partselect' 'trunc_ln148_4' <Predicate = true> <Delay = 0.00>
ST_41 : Operation 1556 [1/1] (0.00ns)   --->   "%trunc_ln148_5 = partselect i19 @_ssdm_op_PartSelect.i19.i30.i32.i32, i30 %sub_ln123, i32 11, i32 29" [../import_files/import_files/2D_idct.cpp:148]   --->   Operation 1556 'partselect' 'trunc_ln148_5' <Predicate = true> <Delay = 0.00>
ST_41 : Operation 1557 [1/1] (4.31ns) (root node of TernaryAdder)   --->   "%add_ln124 = add i30 %tmp13, i30 1024" [../import_files/import_files/2D_idct.cpp:124]   --->   Operation 1557 'add' 'add_ln124' <Predicate = true> <Delay = 4.31> <CoreInst = "TAddSub">   --->   Core 10 'TAddSub' <Latency = 0> <II = 1> <Delay = 2.18> <IPBlock> <Opcode : 'add' 'sub'> <InPorts = 3> <OutPorts = 1> <Sync> <CReg>
ST_41 : Operation 1558 [1/1] (2.49ns)   --->   "%sub_ln125 = sub i30 %add_ln124, i30 %tmp0_6" [../import_files/import_files/2D_idct.cpp:125]   --->   Operation 1558 'sub' 'sub_ln125' <Predicate = true> <Delay = 2.49> <CoreInst = "Adder">   --->   Core 1 'Adder' <Latency = 0> <II = 1> <Delay = 2.49> <FuncUnit> <Opcode : 'add' 'sub'> <InPorts = 2> <OutPorts = 1>
ST_41 : Operation 1559 [1/1] (2.49ns)   --->   "%add_ln124_1 = add i30 %tmp0_6, i30 %add_ln124" [../import_files/import_files/2D_idct.cpp:124]   --->   Operation 1559 'add' 'add_ln124_1' <Predicate = true> <Delay = 2.49> <CoreInst = "Adder">   --->   Core 1 'Adder' <Latency = 0> <II = 1> <Delay = 2.49> <FuncUnit> <Opcode : 'add' 'sub'> <InPorts = 2> <OutPorts = 1>
ST_41 : Operation 1560 [1/1] (0.00ns)   --->   "%trunc_ln148_6 = partselect i19 @_ssdm_op_PartSelect.i19.i30.i32.i32, i30 %add_ln124_1, i32 11, i32 29" [../import_files/import_files/2D_idct.cpp:148]   --->   Operation 1560 'partselect' 'trunc_ln148_6' <Predicate = true> <Delay = 0.00>
ST_41 : Operation 1561 [1/1] (0.00ns)   --->   "%trunc_ln148_7 = partselect i19 @_ssdm_op_PartSelect.i19.i30.i32.i32, i30 %sub_ln125, i32 11, i32 29" [../import_files/import_files/2D_idct.cpp:148]   --->   Operation 1561 'partselect' 'trunc_ln148_7' <Predicate = true> <Delay = 0.00>
ST_41 : Operation 1562 [1/1] (0.00ns)   --->   "%tmp0_18 = bitconcatenate i30 @_ssdm_op_BitConcatenate.i30.i17.i13, i17 %add_ln76_4, i13 0" [../import_files/import_files/2D_idct.cpp:76]   --->   Operation 1562 'bitconcatenate' 'tmp0_18' <Predicate = true> <Delay = 0.00>
ST_41 : Operation 1563 [1/1] (0.00ns) (grouped into TernaryAdder)   --->   "%tmp13_4 = sub i30 %tmp0_18, i30 %tmp3_17" [../import_files/import_files/2D_idct.cpp:80]   --->   Operation 1563 'sub' 'tmp13_4' <Predicate = true> <Delay = 0.00> <CoreInst = "TAddSub">   --->   Core 10 'TAddSub' <Latency = 0> <II = 1> <Delay = 2.18> <IPBlock> <Opcode : 'add' 'sub'> <InPorts = 3> <OutPorts = 1> <Sync> <CReg>
ST_41 : Operation 1564 [1/1] (0.00ns)   --->   "%tmp1_17 = bitconcatenate i30 @_ssdm_op_BitConcatenate.i30.i17.i13, i17 %sub_ln77_4, i13 0" [../import_files/import_files/2D_idct.cpp:77]   --->   Operation 1564 'bitconcatenate' 'tmp1_17' <Predicate = true> <Delay = 0.00>
ST_41 : Operation 1565 [1/1] (0.00ns) (grouped into TernaryAdder)   --->   "%tmp12_4 = sub i30 %tmp1_17, i30 %tmp2_17" [../import_files/import_files/2D_idct.cpp:82]   --->   Operation 1565 'sub' 'tmp12_4' <Predicate = true> <Delay = 0.00> <CoreInst = "TAddSub">   --->   Core 10 'TAddSub' <Latency = 0> <II = 1> <Delay = 2.18> <IPBlock> <Opcode : 'add' 'sub'> <InPorts = 3> <OutPorts = 1> <Sync> <CReg>
ST_41 : Operation 1566 [1/2] (2.10ns) (root node of the DSP)   --->   "%add_ln113_8 = add i30 %mul_ln49_4, i30 %z3_38" [../import_files/import_files/2D_idct.cpp:113]   --->   Operation 1566 'add' 'add_ln113_8' <Predicate = true> <Delay = 2.10> <CoreInst = "DSP48">   --->   Core 119 'DSP48' <Latency = 3> <II = 1> <Delay = 2.15> <IPBlock> <Opcode : 'mul' 'add' 'sub' 'select'> <InPorts = 0> <OutPorts = 1> <Sync> <CReg>
ST_41 : Operation 1567 [1/1] (2.49ns)   --->   "%tmp2_19 = add i30 %add_ln113_8, i30 %mul_ln51_8" [../import_files/import_files/2D_idct.cpp:113]   --->   Operation 1567 'add' 'tmp2_19' <Predicate = true> <Delay = 2.49> <CoreInst = "Adder">   --->   Core 1 'Adder' <Latency = 0> <II = 1> <Delay = 2.49> <FuncUnit> <Opcode : 'add' 'sub'> <InPorts = 2> <OutPorts = 1>
ST_41 : Operation 1568 [1/2] (2.10ns) (root node of the DSP)   --->   "%add_ln111_8 = add i30 %z3_38, i30 %sext_ln49_62" [../import_files/import_files/2D_idct.cpp:111]   --->   Operation 1568 'add' 'add_ln111_8' <Predicate = true> <Delay = 2.10> <CoreInst = "DSP48">   --->   Core 119 'DSP48' <Latency = 3> <II = 1> <Delay = 2.15> <IPBlock> <Opcode : 'mul' 'add' 'sub' 'select'> <InPorts = 0> <OutPorts = 1> <Sync> <CReg>
ST_41 : Operation 1569 [1/1] (2.49ns)   --->   "%tmp0_21 = add i30 %add_ln111_8, i30 %mul_ln51_7" [../import_files/import_files/2D_idct.cpp:111]   --->   Operation 1569 'add' 'tmp0_21' <Predicate = true> <Delay = 2.49> <CoreInst = "Adder">   --->   Core 1 'Adder' <Latency = 0> <II = 1> <Delay = 2.49> <FuncUnit> <Opcode : 'add' 'sub'> <InPorts = 2> <OutPorts = 1>
ST_41 : Operation 1570 [1/2] (2.10ns) (root node of the DSP)   --->   "%add_ln114_8 = add i30 %mul_ln49_5, i30 %z4_14" [../import_files/import_files/2D_idct.cpp:114]   --->   Operation 1570 'add' 'add_ln114_8' <Predicate = true> <Delay = 2.10> <CoreInst = "DSP48">   --->   Core 119 'DSP48' <Latency = 3> <II = 1> <Delay = 2.15> <IPBlock> <Opcode : 'mul' 'add' 'sub' 'select'> <InPorts = 0> <OutPorts = 1> <Sync> <CReg>
ST_41 : Operation 1571 [1/1] (2.49ns)   --->   "%tmp3_19 = add i30 %add_ln114_8, i30 %mul_ln51_7" [../import_files/import_files/2D_idct.cpp:114]   --->   Operation 1571 'add' 'tmp3_19' <Predicate = true> <Delay = 2.49> <CoreInst = "Adder">   --->   Core 1 'Adder' <Latency = 0> <II = 1> <Delay = 2.49> <FuncUnit> <Opcode : 'add' 'sub'> <InPorts = 2> <OutPorts = 1>
ST_41 : Operation 1572 [1/2] (2.10ns) (root node of the DSP)   --->   "%add_ln112_8 = add i30 %mul_ln49_3, i30 %z4_14" [../import_files/import_files/2D_idct.cpp:112]   --->   Operation 1572 'add' 'add_ln112_8' <Predicate = true> <Delay = 2.10> <CoreInst = "DSP48">   --->   Core 119 'DSP48' <Latency = 3> <II = 1> <Delay = 2.15> <IPBlock> <Opcode : 'mul' 'add' 'sub' 'select'> <InPorts = 0> <OutPorts = 1> <Sync> <CReg>
ST_41 : Operation 1573 [1/1] (2.49ns)   --->   "%tmp1_19 = add i30 %add_ln112_8, i30 %mul_ln51_8" [../import_files/import_files/2D_idct.cpp:112]   --->   Operation 1573 'add' 'tmp1_19' <Predicate = true> <Delay = 2.49> <CoreInst = "Adder">   --->   Core 1 'Adder' <Latency = 0> <II = 1> <Delay = 2.49> <FuncUnit> <Opcode : 'add' 'sub'> <InPorts = 2> <OutPorts = 1>
ST_41 : Operation 1574 [1/1] (0.00ns) (grouped into LUT with out node add_ln118_8)   --->   "%or_ln118_1 = or i30 %tmp0_18, i30 1024" [../import_files/import_files/2D_idct.cpp:118]   --->   Operation 1574 'or' 'or_ln118_1' <Predicate = true> <Delay = 0.00>
ST_41 : Operation 1575 [1/1] (2.49ns) (out node of the LUT)   --->   "%add_ln118_8 = add i30 %or_ln118_1, i30 %tmp3_17" [../import_files/import_files/2D_idct.cpp:118]   --->   Operation 1575 'add' 'add_ln118_8' <Predicate = true> <Delay = 2.49> <CoreInst = "Adder">   --->   Core 1 'Adder' <Latency = 0> <II = 1> <Delay = 2.49> <FuncUnit> <Opcode : 'add' 'sub'> <InPorts = 2> <OutPorts = 1>
ST_41 : Operation 1576 [1/1] (2.49ns)   --->   "%sub_ln119_4 = sub i30 %add_ln118_8, i30 %tmp3_19" [../import_files/import_files/2D_idct.cpp:119]   --->   Operation 1576 'sub' 'sub_ln119_4' <Predicate = true> <Delay = 2.49> <CoreInst = "Adder">   --->   Core 1 'Adder' <Latency = 0> <II = 1> <Delay = 2.49> <FuncUnit> <Opcode : 'add' 'sub'> <InPorts = 2> <OutPorts = 1>
ST_41 : Operation 1577 [1/1] (2.49ns)   --->   "%add_ln118_9 = add i30 %tmp3_19, i30 %add_ln118_8" [../import_files/import_files/2D_idct.cpp:118]   --->   Operation 1577 'add' 'add_ln118_9' <Predicate = true> <Delay = 2.49> <CoreInst = "Adder">   --->   Core 1 'Adder' <Latency = 0> <II = 1> <Delay = 2.49> <FuncUnit> <Opcode : 'add' 'sub'> <InPorts = 2> <OutPorts = 1>
ST_41 : Operation 1578 [1/1] (0.00ns)   --->   "%trunc_ln148_8 = partselect i19 @_ssdm_op_PartSelect.i19.i30.i32.i32, i30 %add_ln118_9, i32 11, i32 29" [../import_files/import_files/2D_idct.cpp:148]   --->   Operation 1578 'partselect' 'trunc_ln148_8' <Predicate = true> <Delay = 0.00>
ST_41 : Operation 1579 [1/1] (0.00ns)   --->   "%trunc_ln148_9 = partselect i19 @_ssdm_op_PartSelect.i19.i30.i32.i32, i30 %sub_ln119_4, i32 11, i32 29" [../import_files/import_files/2D_idct.cpp:148]   --->   Operation 1579 'partselect' 'trunc_ln148_9' <Predicate = true> <Delay = 0.00>
ST_41 : Operation 1580 [1/1] (0.00ns) (grouped into LUT with out node add_ln120_8)   --->   "%or_ln120_1 = or i30 %tmp1_17, i30 1024" [../import_files/import_files/2D_idct.cpp:120]   --->   Operation 1580 'or' 'or_ln120_1' <Predicate = true> <Delay = 0.00>
ST_41 : Operation 1581 [1/1] (2.49ns) (out node of the LUT)   --->   "%add_ln120_8 = add i30 %or_ln120_1, i30 %tmp2_17" [../import_files/import_files/2D_idct.cpp:120]   --->   Operation 1581 'add' 'add_ln120_8' <Predicate = true> <Delay = 2.49> <CoreInst = "Adder">   --->   Core 1 'Adder' <Latency = 0> <II = 1> <Delay = 2.49> <FuncUnit> <Opcode : 'add' 'sub'> <InPorts = 2> <OutPorts = 1>
ST_41 : Operation 1582 [1/1] (2.49ns)   --->   "%sub_ln121_4 = sub i30 %add_ln120_8, i30 %tmp2_19" [../import_files/import_files/2D_idct.cpp:121]   --->   Operation 1582 'sub' 'sub_ln121_4' <Predicate = true> <Delay = 2.49> <CoreInst = "Adder">   --->   Core 1 'Adder' <Latency = 0> <II = 1> <Delay = 2.49> <FuncUnit> <Opcode : 'add' 'sub'> <InPorts = 2> <OutPorts = 1>
ST_41 : Operation 1583 [1/1] (2.49ns)   --->   "%add_ln120_9 = add i30 %tmp2_19, i30 %add_ln120_8" [../import_files/import_files/2D_idct.cpp:120]   --->   Operation 1583 'add' 'add_ln120_9' <Predicate = true> <Delay = 2.49> <CoreInst = "Adder">   --->   Core 1 'Adder' <Latency = 0> <II = 1> <Delay = 2.49> <FuncUnit> <Opcode : 'add' 'sub'> <InPorts = 2> <OutPorts = 1>
ST_41 : Operation 1584 [1/1] (0.00ns)   --->   "%trunc_ln148_s = partselect i19 @_ssdm_op_PartSelect.i19.i30.i32.i32, i30 %add_ln120_9, i32 11, i32 29" [../import_files/import_files/2D_idct.cpp:148]   --->   Operation 1584 'partselect' 'trunc_ln148_s' <Predicate = true> <Delay = 0.00>
ST_41 : Operation 1585 [1/1] (0.00ns)   --->   "%trunc_ln148_10 = partselect i19 @_ssdm_op_PartSelect.i19.i30.i32.i32, i30 %sub_ln121_4, i32 11, i32 29" [../import_files/import_files/2D_idct.cpp:148]   --->   Operation 1585 'partselect' 'trunc_ln148_10' <Predicate = true> <Delay = 0.00>
ST_41 : Operation 1586 [1/1] (4.31ns) (root node of TernaryAdder)   --->   "%add_ln122_8 = add i30 %tmp12_4, i30 1024" [../import_files/import_files/2D_idct.cpp:122]   --->   Operation 1586 'add' 'add_ln122_8' <Predicate = true> <Delay = 4.31> <CoreInst = "TAddSub">   --->   Core 10 'TAddSub' <Latency = 0> <II = 1> <Delay = 2.18> <IPBlock> <Opcode : 'add' 'sub'> <InPorts = 3> <OutPorts = 1> <Sync> <CReg>
ST_41 : Operation 1587 [1/1] (2.49ns)   --->   "%sub_ln123_4 = sub i30 %add_ln122_8, i30 %tmp1_19" [../import_files/import_files/2D_idct.cpp:123]   --->   Operation 1587 'sub' 'sub_ln123_4' <Predicate = true> <Delay = 2.49> <CoreInst = "Adder">   --->   Core 1 'Adder' <Latency = 0> <II = 1> <Delay = 2.49> <FuncUnit> <Opcode : 'add' 'sub'> <InPorts = 2> <OutPorts = 1>
ST_41 : Operation 1588 [1/1] (2.49ns)   --->   "%add_ln122_9 = add i30 %tmp1_19, i30 %add_ln122_8" [../import_files/import_files/2D_idct.cpp:122]   --->   Operation 1588 'add' 'add_ln122_9' <Predicate = true> <Delay = 2.49> <CoreInst = "Adder">   --->   Core 1 'Adder' <Latency = 0> <II = 1> <Delay = 2.49> <FuncUnit> <Opcode : 'add' 'sub'> <InPorts = 2> <OutPorts = 1>
ST_41 : Operation 1589 [1/1] (0.00ns)   --->   "%trunc_ln148_11 = partselect i19 @_ssdm_op_PartSelect.i19.i30.i32.i32, i30 %add_ln122_9, i32 11, i32 29" [../import_files/import_files/2D_idct.cpp:148]   --->   Operation 1589 'partselect' 'trunc_ln148_11' <Predicate = true> <Delay = 0.00>
ST_41 : Operation 1590 [1/1] (0.00ns)   --->   "%trunc_ln148_12 = partselect i19 @_ssdm_op_PartSelect.i19.i30.i32.i32, i30 %sub_ln123_4, i32 11, i32 29" [../import_files/import_files/2D_idct.cpp:148]   --->   Operation 1590 'partselect' 'trunc_ln148_12' <Predicate = true> <Delay = 0.00>
ST_41 : Operation 1591 [1/1] (4.31ns) (root node of TernaryAdder)   --->   "%add_ln124_8 = add i30 %tmp13_4, i30 1024" [../import_files/import_files/2D_idct.cpp:124]   --->   Operation 1591 'add' 'add_ln124_8' <Predicate = true> <Delay = 4.31> <CoreInst = "TAddSub">   --->   Core 10 'TAddSub' <Latency = 0> <II = 1> <Delay = 2.18> <IPBlock> <Opcode : 'add' 'sub'> <InPorts = 3> <OutPorts = 1> <Sync> <CReg>
ST_41 : Operation 1592 [1/1] (2.49ns)   --->   "%sub_ln125_4 = sub i30 %add_ln124_8, i30 %tmp0_21" [../import_files/import_files/2D_idct.cpp:125]   --->   Operation 1592 'sub' 'sub_ln125_4' <Predicate = true> <Delay = 2.49> <CoreInst = "Adder">   --->   Core 1 'Adder' <Latency = 0> <II = 1> <Delay = 2.49> <FuncUnit> <Opcode : 'add' 'sub'> <InPorts = 2> <OutPorts = 1>
ST_41 : Operation 1593 [1/1] (2.49ns)   --->   "%add_ln124_9 = add i30 %tmp0_21, i30 %add_ln124_8" [../import_files/import_files/2D_idct.cpp:124]   --->   Operation 1593 'add' 'add_ln124_9' <Predicate = true> <Delay = 2.49> <CoreInst = "Adder">   --->   Core 1 'Adder' <Latency = 0> <II = 1> <Delay = 2.49> <FuncUnit> <Opcode : 'add' 'sub'> <InPorts = 2> <OutPorts = 1>
ST_41 : Operation 1594 [1/1] (0.00ns)   --->   "%trunc_ln148_13 = partselect i19 @_ssdm_op_PartSelect.i19.i30.i32.i32, i30 %add_ln124_9, i32 11, i32 29" [../import_files/import_files/2D_idct.cpp:148]   --->   Operation 1594 'partselect' 'trunc_ln148_13' <Predicate = true> <Delay = 0.00>
ST_41 : Operation 1595 [1/1] (0.00ns)   --->   "%trunc_ln148_14 = partselect i19 @_ssdm_op_PartSelect.i19.i30.i32.i32, i30 %sub_ln125_4, i32 11, i32 29" [../import_files/import_files/2D_idct.cpp:148]   --->   Operation 1595 'partselect' 'trunc_ln148_14' <Predicate = true> <Delay = 0.00>
ST_41 : Operation 1596 [1/4] (0.00ns) (root node of the DSP)   --->   "%z1_20 = mul i32 %sext_ln143, i32 4433" [../import_files/import_files/2D_idct.cpp:143]   --->   Operation 1596 'mul' 'z1_20' <Predicate = true> <Delay = 0.00> <CoreInst = "DSP48">   --->   Core 119 'DSP48' <Latency = 3> <II = 1> <Delay = 2.15> <IPBlock> <Opcode : 'mul' 'add' 'sub' 'select'> <InPorts = 0> <OutPorts = 1> <Sync> <CReg>
ST_41 : Operation 1597 [1/3] (0.00ns) (grouped into DSP with root node tmp2_30)   --->   "%mul_ln144 = mul i32 %sext_ln118_9, i32 4294952159" [../import_files/import_files/2D_idct.cpp:144]   --->   Operation 1597 'mul' 'mul_ln144' <Predicate = true> <Delay = 0.00> <CoreInst = "DSP48">   --->   Core 119 'DSP48' <Latency = 3> <II = 1> <Delay = 2.15> <IPBlock> <Opcode : 'mul' 'add' 'sub' 'select'> <InPorts = 0> <OutPorts = 1> <Sync> <CReg>
ST_41 : Operation 1598 [2/2] (2.10ns) (root node of the DSP)   --->   "%tmp2_30 = add i32 %z1_20, i32 %mul_ln144" [../import_files/import_files/2D_idct.cpp:144]   --->   Operation 1598 'add' 'tmp2_30' <Predicate = true> <Delay = 2.10> <CoreInst = "DSP48">   --->   Core 119 'DSP48' <Latency = 3> <II = 1> <Delay = 2.15> <IPBlock> <Opcode : 'mul' 'add' 'sub' 'select'> <InPorts = 0> <OutPorts = 1> <Sync> <CReg>
ST_41 : Operation 1599 [1/3] (0.00ns) (grouped into DSP with root node tmp3_30)   --->   "%mul_ln145 = mul i32 %sext_ln118_3, i32 6270" [../import_files/import_files/2D_idct.cpp:145]   --->   Operation 1599 'mul' 'mul_ln145' <Predicate = true> <Delay = 0.00> <CoreInst = "DSP48">   --->   Core 119 'DSP48' <Latency = 3> <II = 1> <Delay = 2.15> <IPBlock> <Opcode : 'mul' 'add' 'sub' 'select'> <InPorts = 0> <OutPorts = 1> <Sync> <CReg>
ST_41 : Operation 1600 [2/2] (2.10ns) (root node of the DSP)   --->   "%tmp3_30 = add i32 %z1_20, i32 %mul_ln145" [../import_files/import_files/2D_idct.cpp:145]   --->   Operation 1600 'add' 'tmp3_30' <Predicate = true> <Delay = 2.10> <CoreInst = "DSP48">   --->   Core 119 'DSP48' <Latency = 3> <II = 1> <Delay = 2.15> <IPBlock> <Opcode : 'mul' 'add' 'sub' 'select'> <InPorts = 0> <OutPorts = 1> <Sync> <CReg>
ST_41 : Operation 1601 [1/3] (0.00ns) (grouped into DSP with root node add_ln183)   --->   "%tmp0_34 = mul i32 %sext_ln118_11, i32 2446" [../import_files/import_files/2D_idct.cpp:170]   --->   Operation 1601 'mul' 'tmp0_34' <Predicate = true> <Delay = 0.00> <CoreInst = "DSP48">   --->   Core 119 'DSP48' <Latency = 3> <II = 1> <Delay = 2.15> <IPBlock> <Opcode : 'mul' 'add' 'sub' 'select'> <InPorts = 0> <OutPorts = 1> <Sync> <CReg>
ST_41 : Operation 1602 [1/3] (0.00ns) (grouped into DSP with root node add_ln184)   --->   "%tmp1_32 = mul i32 %sext_ln118_7, i32 16819" [../import_files/import_files/2D_idct.cpp:171]   --->   Operation 1602 'mul' 'tmp1_32' <Predicate = true> <Delay = 0.00> <CoreInst = "DSP48">   --->   Core 119 'DSP48' <Latency = 3> <II = 1> <Delay = 2.15> <IPBlock> <Opcode : 'mul' 'add' 'sub' 'select'> <InPorts = 0> <OutPorts = 1> <Sync> <CReg>
ST_41 : Operation 1603 [1/3] (0.00ns) (grouped into DSP with root node add_ln185)   --->   "%tmp2_32 = mul i32 %sext_ln118_5, i32 25172" [../import_files/import_files/2D_idct.cpp:172]   --->   Operation 1603 'mul' 'tmp2_32' <Predicate = true> <Delay = 0.00> <CoreInst = "DSP48">   --->   Core 119 'DSP48' <Latency = 3> <II = 1> <Delay = 2.15> <IPBlock> <Opcode : 'mul' 'add' 'sub' 'select'> <InPorts = 0> <OutPorts = 1> <Sync> <CReg>
ST_41 : Operation 1604 [1/3] (0.00ns) (grouped into DSP with root node add_ln186)   --->   "%tmp3_32 = mul i32 %sext_ln118_1, i32 12299" [../import_files/import_files/2D_idct.cpp:173]   --->   Operation 1604 'mul' 'tmp3_32' <Predicate = true> <Delay = 0.00> <CoreInst = "DSP48">   --->   Core 119 'DSP48' <Latency = 3> <II = 1> <Delay = 2.15> <IPBlock> <Opcode : 'mul' 'add' 'sub' 'select'> <InPorts = 0> <OutPorts = 1> <Sync> <CReg>
ST_41 : Operation 1605 [1/2] (2.10ns) (root node of the DSP)   --->   "%z3_70 = add i32 %z5_6, i32 %z3_69" [../import_files/import_files/2D_idct.cpp:180]   --->   Operation 1605 'add' 'z3_70' <Predicate = true> <Delay = 2.10> <CoreInst = "DSP48">   --->   Core 119 'DSP48' <Latency = 3> <II = 1> <Delay = 2.15> <IPBlock> <Opcode : 'mul' 'add' 'sub' 'select'> <InPorts = 0> <OutPorts = 1> <Sync> <CReg>
ST_41 : Operation 1606 [2/2] (2.10ns) (root node of the DSP)   --->   "%add_ln185 = add i32 %tmp2_32, i32 %z3_70" [../import_files/import_files/2D_idct.cpp:185]   --->   Operation 1606 'add' 'add_ln185' <Predicate = true> <Delay = 2.10> <CoreInst = "DSP48">   --->   Core 119 'DSP48' <Latency = 3> <II = 1> <Delay = 2.15> <IPBlock> <Opcode : 'mul' 'add' 'sub' 'select'> <InPorts = 0> <OutPorts = 1> <Sync> <CReg>
ST_41 : Operation 1607 [2/2] (2.10ns) (root node of the DSP)   --->   "%add_ln183 = add i32 %tmp0_34, i32 %z3_70" [../import_files/import_files/2D_idct.cpp:183]   --->   Operation 1607 'add' 'add_ln183' <Predicate = true> <Delay = 2.10> <CoreInst = "DSP48">   --->   Core 119 'DSP48' <Latency = 3> <II = 1> <Delay = 2.15> <IPBlock> <Opcode : 'mul' 'add' 'sub' 'select'> <InPorts = 0> <OutPorts = 1> <Sync> <CReg>
ST_41 : Operation 1608 [1/2] (2.10ns) (root node of the DSP)   --->   "%z4_26 = add i32 %z5_6, i32 %z4_25" [../import_files/import_files/2D_idct.cpp:181]   --->   Operation 1608 'add' 'z4_26' <Predicate = true> <Delay = 2.10> <CoreInst = "DSP48">   --->   Core 119 'DSP48' <Latency = 3> <II = 1> <Delay = 2.15> <IPBlock> <Opcode : 'mul' 'add' 'sub' 'select'> <InPorts = 0> <OutPorts = 1> <Sync> <CReg>
ST_41 : Operation 1609 [2/2] (2.10ns) (root node of the DSP)   --->   "%add_ln186 = add i32 %tmp3_32, i32 %z4_26" [../import_files/import_files/2D_idct.cpp:186]   --->   Operation 1609 'add' 'add_ln186' <Predicate = true> <Delay = 2.10> <CoreInst = "DSP48">   --->   Core 119 'DSP48' <Latency = 3> <II = 1> <Delay = 2.15> <IPBlock> <Opcode : 'mul' 'add' 'sub' 'select'> <InPorts = 0> <OutPorts = 1> <Sync> <CReg>
ST_41 : Operation 1610 [2/2] (2.10ns) (root node of the DSP)   --->   "%add_ln184 = add i32 %tmp1_32, i32 %z4_26" [../import_files/import_files/2D_idct.cpp:184]   --->   Operation 1610 'add' 'add_ln184' <Predicate = true> <Delay = 2.10> <CoreInst = "DSP48">   --->   Core 119 'DSP48' <Latency = 3> <II = 1> <Delay = 2.15> <IPBlock> <Opcode : 'mul' 'add' 'sub' 'select'> <InPorts = 0> <OutPorts = 1> <Sync> <CReg>
ST_41 : Operation 1611 [2/4] (1.05ns) (root node of the DSP)   --->   "%z1_23 = mul i32 %sext_ln143_2, i32 4433" [../import_files/import_files/2D_idct.cpp:143]   --->   Operation 1611 'mul' 'z1_23' <Predicate = true> <Delay = 1.05> <CoreInst = "DSP48">   --->   Core 119 'DSP48' <Latency = 3> <II = 1> <Delay = 2.15> <IPBlock> <Opcode : 'mul' 'add' 'sub' 'select'> <InPorts = 0> <OutPorts = 1> <Sync> <CReg>
ST_41 : Operation 1612 [2/3] (1.05ns) (grouped into DSP with root node tmp2_34)   --->   "%mul_ln144_1 = mul i32 %sext_ln120_9, i32 4294952159" [../import_files/import_files/2D_idct.cpp:144]   --->   Operation 1612 'mul' 'mul_ln144_1' <Predicate = true> <Delay = 1.05> <CoreInst = "DSP48">   --->   Core 119 'DSP48' <Latency = 3> <II = 1> <Delay = 2.15> <IPBlock> <Opcode : 'mul' 'add' 'sub' 'select'> <InPorts = 0> <OutPorts = 1> <Sync> <CReg>
ST_41 : Operation 1613 [2/3] (1.05ns) (grouped into DSP with root node tmp3_34)   --->   "%mul_ln145_1 = mul i32 %sext_ln120_3, i32 6270" [../import_files/import_files/2D_idct.cpp:145]   --->   Operation 1613 'mul' 'mul_ln145_1' <Predicate = true> <Delay = 1.05> <CoreInst = "DSP48">   --->   Core 119 'DSP48' <Latency = 3> <II = 1> <Delay = 2.15> <IPBlock> <Opcode : 'mul' 'add' 'sub' 'select'> <InPorts = 0> <OutPorts = 1> <Sync> <CReg>
ST_41 : Operation 1614 [1/4] (0.00ns) (root node of the DSP)   --->   "%z5_7 = mul i32 %sext_ln168_2, i32 9633" [../import_files/import_files/2D_idct.cpp:168]   --->   Operation 1614 'mul' 'z5_7' <Predicate = true> <Delay = 0.00> <CoreInst = "DSP48">   --->   Core 119 'DSP48' <Latency = 3> <II = 1> <Delay = 2.15> <IPBlock> <Opcode : 'mul' 'add' 'sub' 'select'> <InPorts = 0> <OutPorts = 1> <Sync> <CReg>
ST_41 : Operation 1615 [2/3] (1.05ns) (grouped into DSP with root node add_ln183_2)   --->   "%tmp0_38 = mul i32 %sext_ln120_11, i32 2446" [../import_files/import_files/2D_idct.cpp:170]   --->   Operation 1615 'mul' 'tmp0_38' <Predicate = true> <Delay = 1.05> <CoreInst = "DSP48">   --->   Core 119 'DSP48' <Latency = 3> <II = 1> <Delay = 2.15> <IPBlock> <Opcode : 'mul' 'add' 'sub' 'select'> <InPorts = 0> <OutPorts = 1> <Sync> <CReg>
ST_41 : Operation 1616 [2/3] (1.05ns) (grouped into DSP with root node add_ln184_2)   --->   "%tmp1_36 = mul i32 %sext_ln120_7, i32 16819" [../import_files/import_files/2D_idct.cpp:171]   --->   Operation 1616 'mul' 'tmp1_36' <Predicate = true> <Delay = 1.05> <CoreInst = "DSP48">   --->   Core 119 'DSP48' <Latency = 3> <II = 1> <Delay = 2.15> <IPBlock> <Opcode : 'mul' 'add' 'sub' 'select'> <InPorts = 0> <OutPorts = 1> <Sync> <CReg>
ST_41 : Operation 1617 [2/3] (1.05ns) (grouped into DSP with root node add_ln185_2)   --->   "%tmp2_36 = mul i32 %sext_ln120_5, i32 25172" [../import_files/import_files/2D_idct.cpp:172]   --->   Operation 1617 'mul' 'tmp2_36' <Predicate = true> <Delay = 1.05> <CoreInst = "DSP48">   --->   Core 119 'DSP48' <Latency = 3> <II = 1> <Delay = 2.15> <IPBlock> <Opcode : 'mul' 'add' 'sub' 'select'> <InPorts = 0> <OutPorts = 1> <Sync> <CReg>
ST_41 : Operation 1618 [2/3] (1.05ns) (grouped into DSP with root node add_ln186_2)   --->   "%tmp3_36 = mul i32 %sext_ln120_1, i32 12299" [../import_files/import_files/2D_idct.cpp:173]   --->   Operation 1618 'mul' 'tmp3_36' <Predicate = true> <Delay = 1.05> <CoreInst = "DSP48">   --->   Core 119 'DSP48' <Latency = 3> <II = 1> <Delay = 2.15> <IPBlock> <Opcode : 'mul' 'add' 'sub' 'select'> <InPorts = 0> <OutPorts = 1> <Sync> <CReg>
ST_41 : Operation 1619 [1/4] (0.00ns) (root node of the DSP)   --->   "%z1_25 = mul i32 %sext_ln51_120, i32 4294959923" [../import_files/import_files/2D_idct.cpp:175]   --->   Operation 1619 'mul' 'z1_25' <Predicate = true> <Delay = 0.00> <CoreInst = "DSP48">   --->   Core 119 'DSP48' <Latency = 3> <II = 1> <Delay = 2.15> <IPBlock> <Opcode : 'mul' 'add' 'sub' 'select'> <InPorts = 0> <OutPorts = 1> <Sync> <CReg>
ST_41 : Operation 1620 [1/4] (0.00ns) (root node of the DSP)   --->   "%z2_34 = mul i32 %sext_ln51_94, i32 4294946301" [../import_files/import_files/2D_idct.cpp:176]   --->   Operation 1620 'mul' 'z2_34' <Predicate = true> <Delay = 0.00> <CoreInst = "DSP48">   --->   Core 119 'DSP48' <Latency = 3> <II = 1> <Delay = 2.15> <IPBlock> <Opcode : 'mul' 'add' 'sub' 'select'> <InPorts = 0> <OutPorts = 1> <Sync> <CReg>
ST_41 : Operation 1621 [1/3] (0.00ns) (grouped into DSP with root node z3_74)   --->   "%z3_73 = mul i32 %sext_ln51_118, i32 4294951227" [../import_files/import_files/2D_idct.cpp:177]   --->   Operation 1621 'mul' 'z3_73' <Predicate = true> <Delay = 0.00> <CoreInst = "DSP48">   --->   Core 119 'DSP48' <Latency = 3> <II = 1> <Delay = 2.15> <IPBlock> <Opcode : 'mul' 'add' 'sub' 'select'> <InPorts = 0> <OutPorts = 1> <Sync> <CReg>
ST_41 : Operation 1622 [2/2] (2.10ns) (root node of the DSP)   --->   "%z3_74 = add i32 %z5_7, i32 %z3_73" [../import_files/import_files/2D_idct.cpp:180]   --->   Operation 1622 'add' 'z3_74' <Predicate = true> <Delay = 2.10> <CoreInst = "DSP48">   --->   Core 119 'DSP48' <Latency = 3> <II = 1> <Delay = 2.15> <IPBlock> <Opcode : 'mul' 'add' 'sub' 'select'> <InPorts = 0> <OutPorts = 1> <Sync> <CReg>
ST_41 : Operation 1623 [1/3] (0.00ns) (grouped into DSP with root node z4_29)   --->   "%z4_28 = mul i32 %sext_ln51_92, i32 4294964100" [../import_files/import_files/2D_idct.cpp:178]   --->   Operation 1623 'mul' 'z4_28' <Predicate = true> <Delay = 0.00> <CoreInst = "DSP48">   --->   Core 119 'DSP48' <Latency = 3> <II = 1> <Delay = 2.15> <IPBlock> <Opcode : 'mul' 'add' 'sub' 'select'> <InPorts = 0> <OutPorts = 1> <Sync> <CReg>
ST_41 : Operation 1624 [2/2] (2.10ns) (root node of the DSP)   --->   "%z4_29 = add i32 %z5_7, i32 %z4_28" [../import_files/import_files/2D_idct.cpp:181]   --->   Operation 1624 'add' 'z4_29' <Predicate = true> <Delay = 2.10> <CoreInst = "DSP48">   --->   Core 119 'DSP48' <Latency = 3> <II = 1> <Delay = 2.15> <IPBlock> <Opcode : 'mul' 'add' 'sub' 'select'> <InPorts = 0> <OutPorts = 1> <Sync> <CReg>
ST_41 : Operation 1625 [2/4] (1.05ns) (root node of the DSP)   --->   "%z1_26 = mul i32 %sext_ln143_4, i32 4433" [../import_files/import_files/2D_idct.cpp:143]   --->   Operation 1625 'mul' 'z1_26' <Predicate = true> <Delay = 1.05> <CoreInst = "DSP48">   --->   Core 119 'DSP48' <Latency = 3> <II = 1> <Delay = 2.15> <IPBlock> <Opcode : 'mul' 'add' 'sub' 'select'> <InPorts = 0> <OutPorts = 1> <Sync> <CReg>
ST_41 : Operation 1626 [2/3] (1.05ns) (grouped into DSP with root node tmp2_38)   --->   "%mul_ln144_2 = mul i32 %sext_ln122_4, i32 4294952159" [../import_files/import_files/2D_idct.cpp:144]   --->   Operation 1626 'mul' 'mul_ln144_2' <Predicate = true> <Delay = 1.05> <CoreInst = "DSP48">   --->   Core 119 'DSP48' <Latency = 3> <II = 1> <Delay = 2.15> <IPBlock> <Opcode : 'mul' 'add' 'sub' 'select'> <InPorts = 0> <OutPorts = 1> <Sync> <CReg>
ST_41 : Operation 1627 [2/3] (1.05ns) (grouped into DSP with root node tmp3_38)   --->   "%mul_ln145_2 = mul i32 %sext_ln122_1, i32 6270" [../import_files/import_files/2D_idct.cpp:145]   --->   Operation 1627 'mul' 'mul_ln145_2' <Predicate = true> <Delay = 1.05> <CoreInst = "DSP48">   --->   Core 119 'DSP48' <Latency = 3> <II = 1> <Delay = 2.15> <IPBlock> <Opcode : 'mul' 'add' 'sub' 'select'> <InPorts = 0> <OutPorts = 1> <Sync> <CReg>
ST_41 : Operation 1628 [1/4] (0.00ns) (root node of the DSP)   --->   "%z5_8 = mul i32 %sext_ln168_4, i32 9633" [../import_files/import_files/2D_idct.cpp:168]   --->   Operation 1628 'mul' 'z5_8' <Predicate = true> <Delay = 0.00> <CoreInst = "DSP48">   --->   Core 119 'DSP48' <Latency = 3> <II = 1> <Delay = 2.15> <IPBlock> <Opcode : 'mul' 'add' 'sub' 'select'> <InPorts = 0> <OutPorts = 1> <Sync> <CReg>
ST_41 : Operation 1629 [2/3] (1.05ns) (grouped into DSP with root node add_ln183_4)   --->   "%tmp0_42 = mul i32 %sext_ln122_5, i32 2446" [../import_files/import_files/2D_idct.cpp:170]   --->   Operation 1629 'mul' 'tmp0_42' <Predicate = true> <Delay = 1.05> <CoreInst = "DSP48">   --->   Core 119 'DSP48' <Latency = 3> <II = 1> <Delay = 2.15> <IPBlock> <Opcode : 'mul' 'add' 'sub' 'select'> <InPorts = 0> <OutPorts = 1> <Sync> <CReg>
ST_41 : Operation 1630 [2/3] (1.05ns) (grouped into DSP with root node add_ln184_4)   --->   "%tmp1_40 = mul i32 %sext_ln122_3, i32 16819" [../import_files/import_files/2D_idct.cpp:171]   --->   Operation 1630 'mul' 'tmp1_40' <Predicate = true> <Delay = 1.05> <CoreInst = "DSP48">   --->   Core 119 'DSP48' <Latency = 3> <II = 1> <Delay = 2.15> <IPBlock> <Opcode : 'mul' 'add' 'sub' 'select'> <InPorts = 0> <OutPorts = 1> <Sync> <CReg>
ST_41 : Operation 1631 [2/3] (1.05ns) (grouped into DSP with root node add_ln185_4)   --->   "%tmp2_40 = mul i32 %sext_ln122_2, i32 25172" [../import_files/import_files/2D_idct.cpp:172]   --->   Operation 1631 'mul' 'tmp2_40' <Predicate = true> <Delay = 1.05> <CoreInst = "DSP48">   --->   Core 119 'DSP48' <Latency = 3> <II = 1> <Delay = 2.15> <IPBlock> <Opcode : 'mul' 'add' 'sub' 'select'> <InPorts = 0> <OutPorts = 1> <Sync> <CReg>
ST_41 : Operation 1632 [2/3] (1.05ns) (grouped into DSP with root node add_ln186_4)   --->   "%tmp3_40 = mul i32 %sext_ln122, i32 12299" [../import_files/import_files/2D_idct.cpp:173]   --->   Operation 1632 'mul' 'tmp3_40' <Predicate = true> <Delay = 1.05> <CoreInst = "DSP48">   --->   Core 119 'DSP48' <Latency = 3> <II = 1> <Delay = 2.15> <IPBlock> <Opcode : 'mul' 'add' 'sub' 'select'> <InPorts = 0> <OutPorts = 1> <Sync> <CReg>
ST_41 : Operation 1633 [1/4] (0.00ns) (root node of the DSP)   --->   "%z1_28 = mul i32 %sext_ln51_126, i32 4294959923" [../import_files/import_files/2D_idct.cpp:175]   --->   Operation 1633 'mul' 'z1_28' <Predicate = true> <Delay = 0.00> <CoreInst = "DSP48">   --->   Core 119 'DSP48' <Latency = 3> <II = 1> <Delay = 2.15> <IPBlock> <Opcode : 'mul' 'add' 'sub' 'select'> <InPorts = 0> <OutPorts = 1> <Sync> <CReg>
ST_41 : Operation 1634 [1/4] (0.00ns) (root node of the DSP)   --->   "%z2_38 = mul i32 %sext_ln51_100, i32 4294946301" [../import_files/import_files/2D_idct.cpp:176]   --->   Operation 1634 'mul' 'z2_38' <Predicate = true> <Delay = 0.00> <CoreInst = "DSP48">   --->   Core 119 'DSP48' <Latency = 3> <II = 1> <Delay = 2.15> <IPBlock> <Opcode : 'mul' 'add' 'sub' 'select'> <InPorts = 0> <OutPorts = 1> <Sync> <CReg>
ST_41 : Operation 1635 [1/3] (0.00ns) (grouped into DSP with root node z3_78)   --->   "%z3_77 = mul i32 %sext_ln51_124, i32 4294951227" [../import_files/import_files/2D_idct.cpp:177]   --->   Operation 1635 'mul' 'z3_77' <Predicate = true> <Delay = 0.00> <CoreInst = "DSP48">   --->   Core 119 'DSP48' <Latency = 3> <II = 1> <Delay = 2.15> <IPBlock> <Opcode : 'mul' 'add' 'sub' 'select'> <InPorts = 0> <OutPorts = 1> <Sync> <CReg>
ST_41 : Operation 1636 [2/2] (2.10ns) (root node of the DSP)   --->   "%z3_78 = add i32 %z5_8, i32 %z3_77" [../import_files/import_files/2D_idct.cpp:180]   --->   Operation 1636 'add' 'z3_78' <Predicate = true> <Delay = 2.10> <CoreInst = "DSP48">   --->   Core 119 'DSP48' <Latency = 3> <II = 1> <Delay = 2.15> <IPBlock> <Opcode : 'mul' 'add' 'sub' 'select'> <InPorts = 0> <OutPorts = 1> <Sync> <CReg>
ST_41 : Operation 1637 [1/3] (0.00ns) (grouped into DSP with root node z4_32)   --->   "%z4_31 = mul i32 %sext_ln51_98, i32 4294964100" [../import_files/import_files/2D_idct.cpp:178]   --->   Operation 1637 'mul' 'z4_31' <Predicate = true> <Delay = 0.00> <CoreInst = "DSP48">   --->   Core 119 'DSP48' <Latency = 3> <II = 1> <Delay = 2.15> <IPBlock> <Opcode : 'mul' 'add' 'sub' 'select'> <InPorts = 0> <OutPorts = 1> <Sync> <CReg>
ST_41 : Operation 1638 [2/2] (2.10ns) (root node of the DSP)   --->   "%z4_32 = add i32 %z5_8, i32 %z4_31" [../import_files/import_files/2D_idct.cpp:181]   --->   Operation 1638 'add' 'z4_32' <Predicate = true> <Delay = 2.10> <CoreInst = "DSP48">   --->   Core 119 'DSP48' <Latency = 3> <II = 1> <Delay = 2.15> <IPBlock> <Opcode : 'mul' 'add' 'sub' 'select'> <InPorts = 0> <OutPorts = 1> <Sync> <CReg>
ST_41 : Operation 1639 [1/4] (0.00ns) (root node of the DSP)   --->   "%z1_29 = mul i32 %sext_ln143_6, i32 4433" [../import_files/import_files/2D_idct.cpp:143]   --->   Operation 1639 'mul' 'z1_29' <Predicate = true> <Delay = 0.00> <CoreInst = "DSP48">   --->   Core 119 'DSP48' <Latency = 3> <II = 1> <Delay = 2.15> <IPBlock> <Opcode : 'mul' 'add' 'sub' 'select'> <InPorts = 0> <OutPorts = 1> <Sync> <CReg>
ST_41 : Operation 1640 [1/3] (0.00ns) (grouped into DSP with root node tmp2_42)   --->   "%mul_ln144_3 = mul i32 %sext_ln124_4, i32 4294952159" [../import_files/import_files/2D_idct.cpp:144]   --->   Operation 1640 'mul' 'mul_ln144_3' <Predicate = true> <Delay = 0.00> <CoreInst = "DSP48">   --->   Core 119 'DSP48' <Latency = 3> <II = 1> <Delay = 2.15> <IPBlock> <Opcode : 'mul' 'add' 'sub' 'select'> <InPorts = 0> <OutPorts = 1> <Sync> <CReg>
ST_41 : Operation 1641 [2/2] (2.10ns) (root node of the DSP)   --->   "%tmp2_42 = add i32 %z1_29, i32 %mul_ln144_3" [../import_files/import_files/2D_idct.cpp:144]   --->   Operation 1641 'add' 'tmp2_42' <Predicate = true> <Delay = 2.10> <CoreInst = "DSP48">   --->   Core 119 'DSP48' <Latency = 3> <II = 1> <Delay = 2.15> <IPBlock> <Opcode : 'mul' 'add' 'sub' 'select'> <InPorts = 0> <OutPorts = 1> <Sync> <CReg>
ST_41 : Operation 1642 [1/3] (0.00ns) (grouped into DSP with root node tmp3_42)   --->   "%mul_ln145_3 = mul i32 %sext_ln124_1, i32 6270" [../import_files/import_files/2D_idct.cpp:145]   --->   Operation 1642 'mul' 'mul_ln145_3' <Predicate = true> <Delay = 0.00> <CoreInst = "DSP48">   --->   Core 119 'DSP48' <Latency = 3> <II = 1> <Delay = 2.15> <IPBlock> <Opcode : 'mul' 'add' 'sub' 'select'> <InPorts = 0> <OutPorts = 1> <Sync> <CReg>
ST_41 : Operation 1643 [2/2] (2.10ns) (root node of the DSP)   --->   "%tmp3_42 = add i32 %z1_29, i32 %mul_ln145_3" [../import_files/import_files/2D_idct.cpp:145]   --->   Operation 1643 'add' 'tmp3_42' <Predicate = true> <Delay = 2.10> <CoreInst = "DSP48">   --->   Core 119 'DSP48' <Latency = 3> <II = 1> <Delay = 2.15> <IPBlock> <Opcode : 'mul' 'add' 'sub' 'select'> <InPorts = 0> <OutPorts = 1> <Sync> <CReg>
ST_41 : Operation 1644 [1/3] (0.00ns) (grouped into DSP with root node add_ln183_6)   --->   "%tmp0_46 = mul i32 %sext_ln124_5, i32 2446" [../import_files/import_files/2D_idct.cpp:170]   --->   Operation 1644 'mul' 'tmp0_46' <Predicate = true> <Delay = 0.00> <CoreInst = "DSP48">   --->   Core 119 'DSP48' <Latency = 3> <II = 1> <Delay = 2.15> <IPBlock> <Opcode : 'mul' 'add' 'sub' 'select'> <InPorts = 0> <OutPorts = 1> <Sync> <CReg>
ST_41 : Operation 1645 [1/3] (0.00ns) (grouped into DSP with root node add_ln184_6)   --->   "%tmp1_44 = mul i32 %sext_ln124_3, i32 16819" [../import_files/import_files/2D_idct.cpp:171]   --->   Operation 1645 'mul' 'tmp1_44' <Predicate = true> <Delay = 0.00> <CoreInst = "DSP48">   --->   Core 119 'DSP48' <Latency = 3> <II = 1> <Delay = 2.15> <IPBlock> <Opcode : 'mul' 'add' 'sub' 'select'> <InPorts = 0> <OutPorts = 1> <Sync> <CReg>
ST_41 : Operation 1646 [1/3] (0.00ns) (grouped into DSP with root node add_ln185_6)   --->   "%tmp2_44 = mul i32 %sext_ln124_2, i32 25172" [../import_files/import_files/2D_idct.cpp:172]   --->   Operation 1646 'mul' 'tmp2_44' <Predicate = true> <Delay = 0.00> <CoreInst = "DSP48">   --->   Core 119 'DSP48' <Latency = 3> <II = 1> <Delay = 2.15> <IPBlock> <Opcode : 'mul' 'add' 'sub' 'select'> <InPorts = 0> <OutPorts = 1> <Sync> <CReg>
ST_41 : Operation 1647 [1/3] (0.00ns) (grouped into DSP with root node add_ln186_6)   --->   "%tmp3_44 = mul i32 %sext_ln124, i32 12299" [../import_files/import_files/2D_idct.cpp:173]   --->   Operation 1647 'mul' 'tmp3_44' <Predicate = true> <Delay = 0.00> <CoreInst = "DSP48">   --->   Core 119 'DSP48' <Latency = 3> <II = 1> <Delay = 2.15> <IPBlock> <Opcode : 'mul' 'add' 'sub' 'select'> <InPorts = 0> <OutPorts = 1> <Sync> <CReg>
ST_41 : Operation 1648 [1/2] (2.10ns) (root node of the DSP)   --->   "%z3_82 = add i32 %z5_9, i32 %z3_81" [../import_files/import_files/2D_idct.cpp:180]   --->   Operation 1648 'add' 'z3_82' <Predicate = true> <Delay = 2.10> <CoreInst = "DSP48">   --->   Core 119 'DSP48' <Latency = 3> <II = 1> <Delay = 2.15> <IPBlock> <Opcode : 'mul' 'add' 'sub' 'select'> <InPorts = 0> <OutPorts = 1> <Sync> <CReg>
ST_41 : Operation 1649 [2/2] (2.10ns) (root node of the DSP)   --->   "%add_ln185_6 = add i32 %tmp2_44, i32 %z3_82" [../import_files/import_files/2D_idct.cpp:185]   --->   Operation 1649 'add' 'add_ln185_6' <Predicate = true> <Delay = 2.10> <CoreInst = "DSP48">   --->   Core 119 'DSP48' <Latency = 3> <II = 1> <Delay = 2.15> <IPBlock> <Opcode : 'mul' 'add' 'sub' 'select'> <InPorts = 0> <OutPorts = 1> <Sync> <CReg>
ST_41 : Operation 1650 [2/2] (2.10ns) (root node of the DSP)   --->   "%add_ln183_6 = add i32 %tmp0_46, i32 %z3_82" [../import_files/import_files/2D_idct.cpp:183]   --->   Operation 1650 'add' 'add_ln183_6' <Predicate = true> <Delay = 2.10> <CoreInst = "DSP48">   --->   Core 119 'DSP48' <Latency = 3> <II = 1> <Delay = 2.15> <IPBlock> <Opcode : 'mul' 'add' 'sub' 'select'> <InPorts = 0> <OutPorts = 1> <Sync> <CReg>
ST_41 : Operation 1651 [1/2] (2.10ns) (root node of the DSP)   --->   "%z4_35 = add i32 %z5_9, i32 %z4_34" [../import_files/import_files/2D_idct.cpp:181]   --->   Operation 1651 'add' 'z4_35' <Predicate = true> <Delay = 2.10> <CoreInst = "DSP48">   --->   Core 119 'DSP48' <Latency = 3> <II = 1> <Delay = 2.15> <IPBlock> <Opcode : 'mul' 'add' 'sub' 'select'> <InPorts = 0> <OutPorts = 1> <Sync> <CReg>
ST_41 : Operation 1652 [2/2] (2.10ns) (root node of the DSP)   --->   "%add_ln186_6 = add i32 %tmp3_44, i32 %z4_35" [../import_files/import_files/2D_idct.cpp:186]   --->   Operation 1652 'add' 'add_ln186_6' <Predicate = true> <Delay = 2.10> <CoreInst = "DSP48">   --->   Core 119 'DSP48' <Latency = 3> <II = 1> <Delay = 2.15> <IPBlock> <Opcode : 'mul' 'add' 'sub' 'select'> <InPorts = 0> <OutPorts = 1> <Sync> <CReg>
ST_41 : Operation 1653 [2/2] (2.10ns) (root node of the DSP)   --->   "%add_ln184_6 = add i32 %tmp1_44, i32 %z4_35" [../import_files/import_files/2D_idct.cpp:184]   --->   Operation 1653 'add' 'add_ln184_6' <Predicate = true> <Delay = 2.10> <CoreInst = "DSP48">   --->   Core 119 'DSP48' <Latency = 3> <II = 1> <Delay = 2.15> <IPBlock> <Opcode : 'mul' 'add' 'sub' 'select'> <InPorts = 0> <OutPorts = 1> <Sync> <CReg>
ST_41 : Operation 1654 [1/4] (0.00ns) (root node of the DSP)   --->   "%z1_32 = mul i32 %sext_ln143_7, i32 4433" [../import_files/import_files/2D_idct.cpp:143]   --->   Operation 1654 'mul' 'z1_32' <Predicate = true> <Delay = 0.00> <CoreInst = "DSP48">   --->   Core 119 'DSP48' <Latency = 3> <II = 1> <Delay = 2.15> <IPBlock> <Opcode : 'mul' 'add' 'sub' 'select'> <InPorts = 0> <OutPorts = 1> <Sync> <CReg>
ST_41 : Operation 1655 [1/3] (0.00ns) (grouped into DSP with root node tmp2_46)   --->   "%mul_ln144_4 = mul i32 %sext_ln125_4, i32 4294952159" [../import_files/import_files/2D_idct.cpp:144]   --->   Operation 1655 'mul' 'mul_ln144_4' <Predicate = true> <Delay = 0.00> <CoreInst = "DSP48">   --->   Core 119 'DSP48' <Latency = 3> <II = 1> <Delay = 2.15> <IPBlock> <Opcode : 'mul' 'add' 'sub' 'select'> <InPorts = 0> <OutPorts = 1> <Sync> <CReg>
ST_41 : Operation 1656 [2/2] (2.10ns) (root node of the DSP)   --->   "%tmp2_46 = add i32 %z1_32, i32 %mul_ln144_4" [../import_files/import_files/2D_idct.cpp:144]   --->   Operation 1656 'add' 'tmp2_46' <Predicate = true> <Delay = 2.10> <CoreInst = "DSP48">   --->   Core 119 'DSP48' <Latency = 3> <II = 1> <Delay = 2.15> <IPBlock> <Opcode : 'mul' 'add' 'sub' 'select'> <InPorts = 0> <OutPorts = 1> <Sync> <CReg>
ST_41 : Operation 1657 [1/3] (0.00ns) (grouped into DSP with root node tmp3_46)   --->   "%mul_ln145_4 = mul i32 %sext_ln125_1, i32 6270" [../import_files/import_files/2D_idct.cpp:145]   --->   Operation 1657 'mul' 'mul_ln145_4' <Predicate = true> <Delay = 0.00> <CoreInst = "DSP48">   --->   Core 119 'DSP48' <Latency = 3> <II = 1> <Delay = 2.15> <IPBlock> <Opcode : 'mul' 'add' 'sub' 'select'> <InPorts = 0> <OutPorts = 1> <Sync> <CReg>
ST_41 : Operation 1658 [2/2] (2.10ns) (root node of the DSP)   --->   "%tmp3_46 = add i32 %z1_32, i32 %mul_ln145_4" [../import_files/import_files/2D_idct.cpp:145]   --->   Operation 1658 'add' 'tmp3_46' <Predicate = true> <Delay = 2.10> <CoreInst = "DSP48">   --->   Core 119 'DSP48' <Latency = 3> <II = 1> <Delay = 2.15> <IPBlock> <Opcode : 'mul' 'add' 'sub' 'select'> <InPorts = 0> <OutPorts = 1> <Sync> <CReg>
ST_41 : Operation 1659 [1/3] (0.00ns) (grouped into DSP with root node add_ln183_8)   --->   "%tmp0_50 = mul i32 %sext_ln125_5, i32 2446" [../import_files/import_files/2D_idct.cpp:170]   --->   Operation 1659 'mul' 'tmp0_50' <Predicate = true> <Delay = 0.00> <CoreInst = "DSP48">   --->   Core 119 'DSP48' <Latency = 3> <II = 1> <Delay = 2.15> <IPBlock> <Opcode : 'mul' 'add' 'sub' 'select'> <InPorts = 0> <OutPorts = 1> <Sync> <CReg>
ST_41 : Operation 1660 [1/3] (0.00ns) (grouped into DSP with root node add_ln184_8)   --->   "%tmp1_48 = mul i32 %sext_ln125_3, i32 16819" [../import_files/import_files/2D_idct.cpp:171]   --->   Operation 1660 'mul' 'tmp1_48' <Predicate = true> <Delay = 0.00> <CoreInst = "DSP48">   --->   Core 119 'DSP48' <Latency = 3> <II = 1> <Delay = 2.15> <IPBlock> <Opcode : 'mul' 'add' 'sub' 'select'> <InPorts = 0> <OutPorts = 1> <Sync> <CReg>
ST_41 : Operation 1661 [1/3] (0.00ns) (grouped into DSP with root node add_ln185_8)   --->   "%tmp2_48 = mul i32 %sext_ln125_2, i32 25172" [../import_files/import_files/2D_idct.cpp:172]   --->   Operation 1661 'mul' 'tmp2_48' <Predicate = true> <Delay = 0.00> <CoreInst = "DSP48">   --->   Core 119 'DSP48' <Latency = 3> <II = 1> <Delay = 2.15> <IPBlock> <Opcode : 'mul' 'add' 'sub' 'select'> <InPorts = 0> <OutPorts = 1> <Sync> <CReg>
ST_41 : Operation 1662 [1/3] (0.00ns) (grouped into DSP with root node add_ln186_8)   --->   "%tmp3_48 = mul i32 %sext_ln125, i32 12299" [../import_files/import_files/2D_idct.cpp:173]   --->   Operation 1662 'mul' 'tmp3_48' <Predicate = true> <Delay = 0.00> <CoreInst = "DSP48">   --->   Core 119 'DSP48' <Latency = 3> <II = 1> <Delay = 2.15> <IPBlock> <Opcode : 'mul' 'add' 'sub' 'select'> <InPorts = 0> <OutPorts = 1> <Sync> <CReg>
ST_41 : Operation 1663 [1/2] (2.10ns) (root node of the DSP)   --->   "%z3_86 = add i32 %z5_10, i32 %z3_85" [../import_files/import_files/2D_idct.cpp:180]   --->   Operation 1663 'add' 'z3_86' <Predicate = true> <Delay = 2.10> <CoreInst = "DSP48">   --->   Core 119 'DSP48' <Latency = 3> <II = 1> <Delay = 2.15> <IPBlock> <Opcode : 'mul' 'add' 'sub' 'select'> <InPorts = 0> <OutPorts = 1> <Sync> <CReg>
ST_41 : Operation 1664 [2/2] (2.10ns) (root node of the DSP)   --->   "%add_ln185_8 = add i32 %tmp2_48, i32 %z3_86" [../import_files/import_files/2D_idct.cpp:185]   --->   Operation 1664 'add' 'add_ln185_8' <Predicate = true> <Delay = 2.10> <CoreInst = "DSP48">   --->   Core 119 'DSP48' <Latency = 3> <II = 1> <Delay = 2.15> <IPBlock> <Opcode : 'mul' 'add' 'sub' 'select'> <InPorts = 0> <OutPorts = 1> <Sync> <CReg>
ST_41 : Operation 1665 [2/2] (2.10ns) (root node of the DSP)   --->   "%add_ln183_8 = add i32 %tmp0_50, i32 %z3_86" [../import_files/import_files/2D_idct.cpp:183]   --->   Operation 1665 'add' 'add_ln183_8' <Predicate = true> <Delay = 2.10> <CoreInst = "DSP48">   --->   Core 119 'DSP48' <Latency = 3> <II = 1> <Delay = 2.15> <IPBlock> <Opcode : 'mul' 'add' 'sub' 'select'> <InPorts = 0> <OutPorts = 1> <Sync> <CReg>
ST_41 : Operation 1666 [1/2] (2.10ns) (root node of the DSP)   --->   "%z4_38 = add i32 %z5_10, i32 %z4_37" [../import_files/import_files/2D_idct.cpp:181]   --->   Operation 1666 'add' 'z4_38' <Predicate = true> <Delay = 2.10> <CoreInst = "DSP48">   --->   Core 119 'DSP48' <Latency = 3> <II = 1> <Delay = 2.15> <IPBlock> <Opcode : 'mul' 'add' 'sub' 'select'> <InPorts = 0> <OutPorts = 1> <Sync> <CReg>
ST_41 : Operation 1667 [2/2] (2.10ns) (root node of the DSP)   --->   "%add_ln186_8 = add i32 %tmp3_48, i32 %z4_38" [../import_files/import_files/2D_idct.cpp:186]   --->   Operation 1667 'add' 'add_ln186_8' <Predicate = true> <Delay = 2.10> <CoreInst = "DSP48">   --->   Core 119 'DSP48' <Latency = 3> <II = 1> <Delay = 2.15> <IPBlock> <Opcode : 'mul' 'add' 'sub' 'select'> <InPorts = 0> <OutPorts = 1> <Sync> <CReg>
ST_41 : Operation 1668 [2/2] (2.10ns) (root node of the DSP)   --->   "%add_ln184_8 = add i32 %tmp1_48, i32 %z4_38" [../import_files/import_files/2D_idct.cpp:184]   --->   Operation 1668 'add' 'add_ln184_8' <Predicate = true> <Delay = 2.10> <CoreInst = "DSP48">   --->   Core 119 'DSP48' <Latency = 3> <II = 1> <Delay = 2.15> <IPBlock> <Opcode : 'mul' 'add' 'sub' 'select'> <InPorts = 0> <OutPorts = 1> <Sync> <CReg>
ST_41 : Operation 1669 [2/4] (1.05ns) (root node of the DSP)   --->   "%z1_35 = mul i32 %sext_ln143_5, i32 4433" [../import_files/import_files/2D_idct.cpp:143]   --->   Operation 1669 'mul' 'z1_35' <Predicate = true> <Delay = 1.05> <CoreInst = "DSP48">   --->   Core 119 'DSP48' <Latency = 3> <II = 1> <Delay = 2.15> <IPBlock> <Opcode : 'mul' 'add' 'sub' 'select'> <InPorts = 0> <OutPorts = 1> <Sync> <CReg>
ST_41 : Operation 1670 [2/3] (1.05ns) (grouped into DSP with root node tmp2_50)   --->   "%mul_ln144_5 = mul i32 %sext_ln123_4, i32 4294952159" [../import_files/import_files/2D_idct.cpp:144]   --->   Operation 1670 'mul' 'mul_ln144_5' <Predicate = true> <Delay = 1.05> <CoreInst = "DSP48">   --->   Core 119 'DSP48' <Latency = 3> <II = 1> <Delay = 2.15> <IPBlock> <Opcode : 'mul' 'add' 'sub' 'select'> <InPorts = 0> <OutPorts = 1> <Sync> <CReg>
ST_41 : Operation 1671 [2/3] (1.05ns) (grouped into DSP with root node tmp3_50)   --->   "%mul_ln145_5 = mul i32 %sext_ln123_1, i32 6270" [../import_files/import_files/2D_idct.cpp:145]   --->   Operation 1671 'mul' 'mul_ln145_5' <Predicate = true> <Delay = 1.05> <CoreInst = "DSP48">   --->   Core 119 'DSP48' <Latency = 3> <II = 1> <Delay = 2.15> <IPBlock> <Opcode : 'mul' 'add' 'sub' 'select'> <InPorts = 0> <OutPorts = 1> <Sync> <CReg>
ST_41 : Operation 1672 [1/4] (0.00ns) (root node of the DSP)   --->   "%z5_11 = mul i32 %sext_ln168_5, i32 9633" [../import_files/import_files/2D_idct.cpp:168]   --->   Operation 1672 'mul' 'z5_11' <Predicate = true> <Delay = 0.00> <CoreInst = "DSP48">   --->   Core 119 'DSP48' <Latency = 3> <II = 1> <Delay = 2.15> <IPBlock> <Opcode : 'mul' 'add' 'sub' 'select'> <InPorts = 0> <OutPorts = 1> <Sync> <CReg>
ST_41 : Operation 1673 [2/3] (1.05ns) (grouped into DSP with root node add_ln183_10)   --->   "%tmp0_54 = mul i32 %sext_ln123_5, i32 2446" [../import_files/import_files/2D_idct.cpp:170]   --->   Operation 1673 'mul' 'tmp0_54' <Predicate = true> <Delay = 1.05> <CoreInst = "DSP48">   --->   Core 119 'DSP48' <Latency = 3> <II = 1> <Delay = 2.15> <IPBlock> <Opcode : 'mul' 'add' 'sub' 'select'> <InPorts = 0> <OutPorts = 1> <Sync> <CReg>
ST_41 : Operation 1674 [2/3] (1.05ns) (grouped into DSP with root node add_ln184_10)   --->   "%tmp1_52 = mul i32 %sext_ln123_3, i32 16819" [../import_files/import_files/2D_idct.cpp:171]   --->   Operation 1674 'mul' 'tmp1_52' <Predicate = true> <Delay = 1.05> <CoreInst = "DSP48">   --->   Core 119 'DSP48' <Latency = 3> <II = 1> <Delay = 2.15> <IPBlock> <Opcode : 'mul' 'add' 'sub' 'select'> <InPorts = 0> <OutPorts = 1> <Sync> <CReg>
ST_41 : Operation 1675 [2/3] (1.05ns) (grouped into DSP with root node add_ln185_10)   --->   "%tmp2_52 = mul i32 %sext_ln123_2, i32 25172" [../import_files/import_files/2D_idct.cpp:172]   --->   Operation 1675 'mul' 'tmp2_52' <Predicate = true> <Delay = 1.05> <CoreInst = "DSP48">   --->   Core 119 'DSP48' <Latency = 3> <II = 1> <Delay = 2.15> <IPBlock> <Opcode : 'mul' 'add' 'sub' 'select'> <InPorts = 0> <OutPorts = 1> <Sync> <CReg>
ST_41 : Operation 1676 [2/3] (1.05ns) (grouped into DSP with root node add_ln186_10)   --->   "%tmp3_52 = mul i32 %sext_ln123, i32 12299" [../import_files/import_files/2D_idct.cpp:173]   --->   Operation 1676 'mul' 'tmp3_52' <Predicate = true> <Delay = 1.05> <CoreInst = "DSP48">   --->   Core 119 'DSP48' <Latency = 3> <II = 1> <Delay = 2.15> <IPBlock> <Opcode : 'mul' 'add' 'sub' 'select'> <InPorts = 0> <OutPorts = 1> <Sync> <CReg>
ST_41 : Operation 1677 [1/4] (0.00ns) (root node of the DSP)   --->   "%z1_37 = mul i32 %sext_ln51_129, i32 4294959923" [../import_files/import_files/2D_idct.cpp:175]   --->   Operation 1677 'mul' 'z1_37' <Predicate = true> <Delay = 0.00> <CoreInst = "DSP48">   --->   Core 119 'DSP48' <Latency = 3> <II = 1> <Delay = 2.15> <IPBlock> <Opcode : 'mul' 'add' 'sub' 'select'> <InPorts = 0> <OutPorts = 1> <Sync> <CReg>
ST_41 : Operation 1678 [1/4] (0.00ns) (root node of the DSP)   --->   "%z2_50 = mul i32 %sext_ln51_103, i32 4294946301" [../import_files/import_files/2D_idct.cpp:176]   --->   Operation 1678 'mul' 'z2_50' <Predicate = true> <Delay = 0.00> <CoreInst = "DSP48">   --->   Core 119 'DSP48' <Latency = 3> <II = 1> <Delay = 2.15> <IPBlock> <Opcode : 'mul' 'add' 'sub' 'select'> <InPorts = 0> <OutPorts = 1> <Sync> <CReg>
ST_41 : Operation 1679 [1/3] (0.00ns) (grouped into DSP with root node z3_90)   --->   "%z3_89 = mul i32 %sext_ln51_127, i32 4294951227" [../import_files/import_files/2D_idct.cpp:177]   --->   Operation 1679 'mul' 'z3_89' <Predicate = true> <Delay = 0.00> <CoreInst = "DSP48">   --->   Core 119 'DSP48' <Latency = 3> <II = 1> <Delay = 2.15> <IPBlock> <Opcode : 'mul' 'add' 'sub' 'select'> <InPorts = 0> <OutPorts = 1> <Sync> <CReg>
ST_41 : Operation 1680 [2/2] (2.10ns) (root node of the DSP)   --->   "%z3_90 = add i32 %z5_11, i32 %z3_89" [../import_files/import_files/2D_idct.cpp:180]   --->   Operation 1680 'add' 'z3_90' <Predicate = true> <Delay = 2.10> <CoreInst = "DSP48">   --->   Core 119 'DSP48' <Latency = 3> <II = 1> <Delay = 2.15> <IPBlock> <Opcode : 'mul' 'add' 'sub' 'select'> <InPorts = 0> <OutPorts = 1> <Sync> <CReg>
ST_41 : Operation 1681 [1/3] (0.00ns) (grouped into DSP with root node z4_41)   --->   "%z4_40 = mul i32 %sext_ln51_101, i32 4294964100" [../import_files/import_files/2D_idct.cpp:178]   --->   Operation 1681 'mul' 'z4_40' <Predicate = true> <Delay = 0.00> <CoreInst = "DSP48">   --->   Core 119 'DSP48' <Latency = 3> <II = 1> <Delay = 2.15> <IPBlock> <Opcode : 'mul' 'add' 'sub' 'select'> <InPorts = 0> <OutPorts = 1> <Sync> <CReg>
ST_41 : Operation 1682 [2/2] (2.10ns) (root node of the DSP)   --->   "%z4_41 = add i32 %z5_11, i32 %z4_40" [../import_files/import_files/2D_idct.cpp:181]   --->   Operation 1682 'add' 'z4_41' <Predicate = true> <Delay = 2.10> <CoreInst = "DSP48">   --->   Core 119 'DSP48' <Latency = 3> <II = 1> <Delay = 2.15> <IPBlock> <Opcode : 'mul' 'add' 'sub' 'select'> <InPorts = 0> <OutPorts = 1> <Sync> <CReg>
ST_41 : Operation 1683 [2/4] (1.05ns) (root node of the DSP)   --->   "%z1_38 = mul i32 %sext_ln143_3, i32 4433" [../import_files/import_files/2D_idct.cpp:143]   --->   Operation 1683 'mul' 'z1_38' <Predicate = true> <Delay = 1.05> <CoreInst = "DSP48">   --->   Core 119 'DSP48' <Latency = 3> <II = 1> <Delay = 2.15> <IPBlock> <Opcode : 'mul' 'add' 'sub' 'select'> <InPorts = 0> <OutPorts = 1> <Sync> <CReg>
ST_41 : Operation 1684 [2/3] (1.05ns) (grouped into DSP with root node tmp2_54)   --->   "%mul_ln144_6 = mul i32 %sext_ln121_4, i32 4294952159" [../import_files/import_files/2D_idct.cpp:144]   --->   Operation 1684 'mul' 'mul_ln144_6' <Predicate = true> <Delay = 1.05> <CoreInst = "DSP48">   --->   Core 119 'DSP48' <Latency = 3> <II = 1> <Delay = 2.15> <IPBlock> <Opcode : 'mul' 'add' 'sub' 'select'> <InPorts = 0> <OutPorts = 1> <Sync> <CReg>
ST_41 : Operation 1685 [2/3] (1.05ns) (grouped into DSP with root node tmp3_54)   --->   "%mul_ln145_6 = mul i32 %sext_ln121_1, i32 6270" [../import_files/import_files/2D_idct.cpp:145]   --->   Operation 1685 'mul' 'mul_ln145_6' <Predicate = true> <Delay = 1.05> <CoreInst = "DSP48">   --->   Core 119 'DSP48' <Latency = 3> <II = 1> <Delay = 2.15> <IPBlock> <Opcode : 'mul' 'add' 'sub' 'select'> <InPorts = 0> <OutPorts = 1> <Sync> <CReg>
ST_41 : Operation 1686 [1/4] (0.00ns) (root node of the DSP)   --->   "%z5_12 = mul i32 %sext_ln168_3, i32 9633" [../import_files/import_files/2D_idct.cpp:168]   --->   Operation 1686 'mul' 'z5_12' <Predicate = true> <Delay = 0.00> <CoreInst = "DSP48">   --->   Core 119 'DSP48' <Latency = 3> <II = 1> <Delay = 2.15> <IPBlock> <Opcode : 'mul' 'add' 'sub' 'select'> <InPorts = 0> <OutPorts = 1> <Sync> <CReg>
ST_41 : Operation 1687 [2/3] (1.05ns) (grouped into DSP with root node add_ln183_12)   --->   "%tmp0_58 = mul i32 %sext_ln121_5, i32 2446" [../import_files/import_files/2D_idct.cpp:170]   --->   Operation 1687 'mul' 'tmp0_58' <Predicate = true> <Delay = 1.05> <CoreInst = "DSP48">   --->   Core 119 'DSP48' <Latency = 3> <II = 1> <Delay = 2.15> <IPBlock> <Opcode : 'mul' 'add' 'sub' 'select'> <InPorts = 0> <OutPorts = 1> <Sync> <CReg>
ST_41 : Operation 1688 [2/3] (1.05ns) (grouped into DSP with root node add_ln184_12)   --->   "%tmp1_56 = mul i32 %sext_ln121_3, i32 16819" [../import_files/import_files/2D_idct.cpp:171]   --->   Operation 1688 'mul' 'tmp1_56' <Predicate = true> <Delay = 1.05> <CoreInst = "DSP48">   --->   Core 119 'DSP48' <Latency = 3> <II = 1> <Delay = 2.15> <IPBlock> <Opcode : 'mul' 'add' 'sub' 'select'> <InPorts = 0> <OutPorts = 1> <Sync> <CReg>
ST_41 : Operation 1689 [2/3] (1.05ns) (grouped into DSP with root node add_ln185_12)   --->   "%tmp2_56 = mul i32 %sext_ln121_2, i32 25172" [../import_files/import_files/2D_idct.cpp:172]   --->   Operation 1689 'mul' 'tmp2_56' <Predicate = true> <Delay = 1.05> <CoreInst = "DSP48">   --->   Core 119 'DSP48' <Latency = 3> <II = 1> <Delay = 2.15> <IPBlock> <Opcode : 'mul' 'add' 'sub' 'select'> <InPorts = 0> <OutPorts = 1> <Sync> <CReg>
ST_41 : Operation 1690 [2/3] (1.05ns) (grouped into DSP with root node add_ln186_12)   --->   "%tmp3_56 = mul i32 %sext_ln121, i32 12299" [../import_files/import_files/2D_idct.cpp:173]   --->   Operation 1690 'mul' 'tmp3_56' <Predicate = true> <Delay = 1.05> <CoreInst = "DSP48">   --->   Core 119 'DSP48' <Latency = 3> <II = 1> <Delay = 2.15> <IPBlock> <Opcode : 'mul' 'add' 'sub' 'select'> <InPorts = 0> <OutPorts = 1> <Sync> <CReg>
ST_41 : Operation 1691 [1/4] (0.00ns) (root node of the DSP)   --->   "%z1_40 = mul i32 %sext_ln51_123, i32 4294959923" [../import_files/import_files/2D_idct.cpp:175]   --->   Operation 1691 'mul' 'z1_40' <Predicate = true> <Delay = 0.00> <CoreInst = "DSP48">   --->   Core 119 'DSP48' <Latency = 3> <II = 1> <Delay = 2.15> <IPBlock> <Opcode : 'mul' 'add' 'sub' 'select'> <InPorts = 0> <OutPorts = 1> <Sync> <CReg>
ST_41 : Operation 1692 [1/4] (0.00ns) (root node of the DSP)   --->   "%z2_53 = mul i32 %sext_ln51_97, i32 4294946301" [../import_files/import_files/2D_idct.cpp:176]   --->   Operation 1692 'mul' 'z2_53' <Predicate = true> <Delay = 0.00> <CoreInst = "DSP48">   --->   Core 119 'DSP48' <Latency = 3> <II = 1> <Delay = 2.15> <IPBlock> <Opcode : 'mul' 'add' 'sub' 'select'> <InPorts = 0> <OutPorts = 1> <Sync> <CReg>
ST_41 : Operation 1693 [1/3] (0.00ns) (grouped into DSP with root node z3_94)   --->   "%z3_93 = mul i32 %sext_ln51_121, i32 4294951227" [../import_files/import_files/2D_idct.cpp:177]   --->   Operation 1693 'mul' 'z3_93' <Predicate = true> <Delay = 0.00> <CoreInst = "DSP48">   --->   Core 119 'DSP48' <Latency = 3> <II = 1> <Delay = 2.15> <IPBlock> <Opcode : 'mul' 'add' 'sub' 'select'> <InPorts = 0> <OutPorts = 1> <Sync> <CReg>
ST_41 : Operation 1694 [2/2] (2.10ns) (root node of the DSP)   --->   "%z3_94 = add i32 %z5_12, i32 %z3_93" [../import_files/import_files/2D_idct.cpp:180]   --->   Operation 1694 'add' 'z3_94' <Predicate = true> <Delay = 2.10> <CoreInst = "DSP48">   --->   Core 119 'DSP48' <Latency = 3> <II = 1> <Delay = 2.15> <IPBlock> <Opcode : 'mul' 'add' 'sub' 'select'> <InPorts = 0> <OutPorts = 1> <Sync> <CReg>
ST_41 : Operation 1695 [1/3] (0.00ns) (grouped into DSP with root node z4_44)   --->   "%z4_43 = mul i32 %sext_ln51_95, i32 4294964100" [../import_files/import_files/2D_idct.cpp:178]   --->   Operation 1695 'mul' 'z4_43' <Predicate = true> <Delay = 0.00> <CoreInst = "DSP48">   --->   Core 119 'DSP48' <Latency = 3> <II = 1> <Delay = 2.15> <IPBlock> <Opcode : 'mul' 'add' 'sub' 'select'> <InPorts = 0> <OutPorts = 1> <Sync> <CReg>
ST_41 : Operation 1696 [2/2] (2.10ns) (root node of the DSP)   --->   "%z4_44 = add i32 %z5_12, i32 %z4_43" [../import_files/import_files/2D_idct.cpp:181]   --->   Operation 1696 'add' 'z4_44' <Predicate = true> <Delay = 2.10> <CoreInst = "DSP48">   --->   Core 119 'DSP48' <Latency = 3> <II = 1> <Delay = 2.15> <IPBlock> <Opcode : 'mul' 'add' 'sub' 'select'> <InPorts = 0> <OutPorts = 1> <Sync> <CReg>
ST_41 : Operation 1697 [1/4] (0.00ns) (root node of the DSP)   --->   "%z1_41 = mul i32 %sext_ln143_1, i32 4433" [../import_files/import_files/2D_idct.cpp:143]   --->   Operation 1697 'mul' 'z1_41' <Predicate = true> <Delay = 0.00> <CoreInst = "DSP48">   --->   Core 119 'DSP48' <Latency = 3> <II = 1> <Delay = 2.15> <IPBlock> <Opcode : 'mul' 'add' 'sub' 'select'> <InPorts = 0> <OutPorts = 1> <Sync> <CReg>
ST_41 : Operation 1698 [1/3] (0.00ns) (grouped into DSP with root node tmp2_58)   --->   "%mul_ln144_7 = mul i32 %sext_ln119_4, i32 4294952159" [../import_files/import_files/2D_idct.cpp:144]   --->   Operation 1698 'mul' 'mul_ln144_7' <Predicate = true> <Delay = 0.00> <CoreInst = "DSP48">   --->   Core 119 'DSP48' <Latency = 3> <II = 1> <Delay = 2.15> <IPBlock> <Opcode : 'mul' 'add' 'sub' 'select'> <InPorts = 0> <OutPorts = 1> <Sync> <CReg>
ST_41 : Operation 1699 [2/2] (2.10ns) (root node of the DSP)   --->   "%tmp2_58 = add i32 %z1_41, i32 %mul_ln144_7" [../import_files/import_files/2D_idct.cpp:144]   --->   Operation 1699 'add' 'tmp2_58' <Predicate = true> <Delay = 2.10> <CoreInst = "DSP48">   --->   Core 119 'DSP48' <Latency = 3> <II = 1> <Delay = 2.15> <IPBlock> <Opcode : 'mul' 'add' 'sub' 'select'> <InPorts = 0> <OutPorts = 1> <Sync> <CReg>
ST_41 : Operation 1700 [1/3] (0.00ns) (grouped into DSP with root node tmp3_58)   --->   "%mul_ln145_7 = mul i32 %sext_ln119_1, i32 6270" [../import_files/import_files/2D_idct.cpp:145]   --->   Operation 1700 'mul' 'mul_ln145_7' <Predicate = true> <Delay = 0.00> <CoreInst = "DSP48">   --->   Core 119 'DSP48' <Latency = 3> <II = 1> <Delay = 2.15> <IPBlock> <Opcode : 'mul' 'add' 'sub' 'select'> <InPorts = 0> <OutPorts = 1> <Sync> <CReg>
ST_41 : Operation 1701 [2/2] (2.10ns) (root node of the DSP)   --->   "%tmp3_58 = add i32 %z1_41, i32 %mul_ln145_7" [../import_files/import_files/2D_idct.cpp:145]   --->   Operation 1701 'add' 'tmp3_58' <Predicate = true> <Delay = 2.10> <CoreInst = "DSP48">   --->   Core 119 'DSP48' <Latency = 3> <II = 1> <Delay = 2.15> <IPBlock> <Opcode : 'mul' 'add' 'sub' 'select'> <InPorts = 0> <OutPorts = 1> <Sync> <CReg>
ST_41 : Operation 1702 [1/3] (0.00ns) (grouped into DSP with root node add_ln183_14)   --->   "%tmp0_62 = mul i32 %sext_ln119_5, i32 2446" [../import_files/import_files/2D_idct.cpp:170]   --->   Operation 1702 'mul' 'tmp0_62' <Predicate = true> <Delay = 0.00> <CoreInst = "DSP48">   --->   Core 119 'DSP48' <Latency = 3> <II = 1> <Delay = 2.15> <IPBlock> <Opcode : 'mul' 'add' 'sub' 'select'> <InPorts = 0> <OutPorts = 1> <Sync> <CReg>
ST_41 : Operation 1703 [1/3] (0.00ns) (grouped into DSP with root node add_ln184_14)   --->   "%tmp1_60 = mul i32 %sext_ln119_3, i32 16819" [../import_files/import_files/2D_idct.cpp:171]   --->   Operation 1703 'mul' 'tmp1_60' <Predicate = true> <Delay = 0.00> <CoreInst = "DSP48">   --->   Core 119 'DSP48' <Latency = 3> <II = 1> <Delay = 2.15> <IPBlock> <Opcode : 'mul' 'add' 'sub' 'select'> <InPorts = 0> <OutPorts = 1> <Sync> <CReg>
ST_41 : Operation 1704 [1/3] (0.00ns) (grouped into DSP with root node add_ln185_14)   --->   "%tmp2_60 = mul i32 %sext_ln119_2, i32 25172" [../import_files/import_files/2D_idct.cpp:172]   --->   Operation 1704 'mul' 'tmp2_60' <Predicate = true> <Delay = 0.00> <CoreInst = "DSP48">   --->   Core 119 'DSP48' <Latency = 3> <II = 1> <Delay = 2.15> <IPBlock> <Opcode : 'mul' 'add' 'sub' 'select'> <InPorts = 0> <OutPorts = 1> <Sync> <CReg>
ST_41 : Operation 1705 [1/3] (0.00ns) (grouped into DSP with root node add_ln186_14)   --->   "%tmp3_60 = mul i32 %sext_ln119, i32 12299" [../import_files/import_files/2D_idct.cpp:173]   --->   Operation 1705 'mul' 'tmp3_60' <Predicate = true> <Delay = 0.00> <CoreInst = "DSP48">   --->   Core 119 'DSP48' <Latency = 3> <II = 1> <Delay = 2.15> <IPBlock> <Opcode : 'mul' 'add' 'sub' 'select'> <InPorts = 0> <OutPorts = 1> <Sync> <CReg>
ST_41 : Operation 1706 [1/2] (2.10ns) (root node of the DSP)   --->   "%z3_98 = add i32 %z5_13, i32 %z3_97" [../import_files/import_files/2D_idct.cpp:180]   --->   Operation 1706 'add' 'z3_98' <Predicate = true> <Delay = 2.10> <CoreInst = "DSP48">   --->   Core 119 'DSP48' <Latency = 3> <II = 1> <Delay = 2.15> <IPBlock> <Opcode : 'mul' 'add' 'sub' 'select'> <InPorts = 0> <OutPorts = 1> <Sync> <CReg>
ST_41 : Operation 1707 [2/2] (2.10ns) (root node of the DSP)   --->   "%add_ln185_14 = add i32 %tmp2_60, i32 %z3_98" [../import_files/import_files/2D_idct.cpp:185]   --->   Operation 1707 'add' 'add_ln185_14' <Predicate = true> <Delay = 2.10> <CoreInst = "DSP48">   --->   Core 119 'DSP48' <Latency = 3> <II = 1> <Delay = 2.15> <IPBlock> <Opcode : 'mul' 'add' 'sub' 'select'> <InPorts = 0> <OutPorts = 1> <Sync> <CReg>
ST_41 : Operation 1708 [2/2] (2.10ns) (root node of the DSP)   --->   "%add_ln183_14 = add i32 %tmp0_62, i32 %z3_98" [../import_files/import_files/2D_idct.cpp:183]   --->   Operation 1708 'add' 'add_ln183_14' <Predicate = true> <Delay = 2.10> <CoreInst = "DSP48">   --->   Core 119 'DSP48' <Latency = 3> <II = 1> <Delay = 2.15> <IPBlock> <Opcode : 'mul' 'add' 'sub' 'select'> <InPorts = 0> <OutPorts = 1> <Sync> <CReg>
ST_41 : Operation 1709 [1/2] (2.10ns) (root node of the DSP)   --->   "%z4_47 = add i32 %z5_13, i32 %z4_46" [../import_files/import_files/2D_idct.cpp:181]   --->   Operation 1709 'add' 'z4_47' <Predicate = true> <Delay = 2.10> <CoreInst = "DSP48">   --->   Core 119 'DSP48' <Latency = 3> <II = 1> <Delay = 2.15> <IPBlock> <Opcode : 'mul' 'add' 'sub' 'select'> <InPorts = 0> <OutPorts = 1> <Sync> <CReg>
ST_41 : Operation 1710 [2/2] (2.10ns) (root node of the DSP)   --->   "%add_ln186_14 = add i32 %tmp3_60, i32 %z4_47" [../import_files/import_files/2D_idct.cpp:186]   --->   Operation 1710 'add' 'add_ln186_14' <Predicate = true> <Delay = 2.10> <CoreInst = "DSP48">   --->   Core 119 'DSP48' <Latency = 3> <II = 1> <Delay = 2.15> <IPBlock> <Opcode : 'mul' 'add' 'sub' 'select'> <InPorts = 0> <OutPorts = 1> <Sync> <CReg>
ST_41 : Operation 1711 [2/2] (2.10ns) (root node of the DSP)   --->   "%add_ln184_14 = add i32 %tmp1_60, i32 %z4_47" [../import_files/import_files/2D_idct.cpp:184]   --->   Operation 1711 'add' 'add_ln184_14' <Predicate = true> <Delay = 2.10> <CoreInst = "DSP48">   --->   Core 119 'DSP48' <Latency = 3> <II = 1> <Delay = 2.15> <IPBlock> <Opcode : 'mul' 'add' 'sub' 'select'> <InPorts = 0> <OutPorts = 1> <Sync> <CReg>

State 42 <SV = 41> <Delay = 6.53>
ST_42 : Operation 1712 [1/1] (2.16ns)   --->   "%sub_ln148 = sub i19 %trunc_ln4, i19 %trunc_ln148_8" [../import_files/import_files/2D_idct.cpp:148]   --->   Operation 1712 'sub' 'sub_ln148' <Predicate = true> <Delay = 2.16> <CoreInst = "Adder">   --->   Core 1 'Adder' <Latency = 0> <II = 1> <Delay = 2.16> <FuncUnit> <Opcode : 'add' 'sub'> <InPorts = 2> <OutPorts = 1>
ST_42 : Operation 1713 [1/1] (2.16ns)   --->   "%add_ln147 = add i19 %trunc_ln148_8, i19 %trunc_ln4" [../import_files/import_files/2D_idct.cpp:147]   --->   Operation 1713 'add' 'add_ln147' <Predicate = true> <Delay = 2.16> <CoreInst = "Adder">   --->   Core 1 'Adder' <Latency = 0> <II = 1> <Delay = 2.16> <FuncUnit> <Opcode : 'add' 'sub'> <InPorts = 2> <OutPorts = 1>
ST_42 : Operation 1714 [1/1] (2.16ns)   --->   "%sub_ln148_7 = sub i19 %trunc_ln148_1, i19 %trunc_ln148_9" [../import_files/import_files/2D_idct.cpp:148]   --->   Operation 1714 'sub' 'sub_ln148_7' <Predicate = true> <Delay = 2.16> <CoreInst = "Adder">   --->   Core 1 'Adder' <Latency = 0> <II = 1> <Delay = 2.16> <FuncUnit> <Opcode : 'add' 'sub'> <InPorts = 2> <OutPorts = 1>
ST_42 : Operation 1715 [1/1] (2.16ns)   --->   "%add_ln147_7 = add i19 %trunc_ln148_9, i19 %trunc_ln148_1" [../import_files/import_files/2D_idct.cpp:147]   --->   Operation 1715 'add' 'add_ln147_7' <Predicate = true> <Delay = 2.16> <CoreInst = "Adder">   --->   Core 1 'Adder' <Latency = 0> <II = 1> <Delay = 2.16> <FuncUnit> <Opcode : 'add' 'sub'> <InPorts = 2> <OutPorts = 1>
ST_42 : Operation 1716 [1/1] (2.16ns)   --->   "%sub_ln148_3 = sub i19 %trunc_ln148_6, i19 %trunc_ln148_13" [../import_files/import_files/2D_idct.cpp:148]   --->   Operation 1716 'sub' 'sub_ln148_3' <Predicate = true> <Delay = 2.16> <CoreInst = "Adder">   --->   Core 1 'Adder' <Latency = 0> <II = 1> <Delay = 2.16> <FuncUnit> <Opcode : 'add' 'sub'> <InPorts = 2> <OutPorts = 1>
ST_42 : Operation 1717 [1/1] (2.16ns)   --->   "%add_ln147_3 = add i19 %trunc_ln148_13, i19 %trunc_ln148_6" [../import_files/import_files/2D_idct.cpp:147]   --->   Operation 1717 'add' 'add_ln147_3' <Predicate = true> <Delay = 2.16> <CoreInst = "Adder">   --->   Core 1 'Adder' <Latency = 0> <II = 1> <Delay = 2.16> <FuncUnit> <Opcode : 'add' 'sub'> <InPorts = 2> <OutPorts = 1>
ST_42 : Operation 1718 [1/1] (2.16ns)   --->   "%sub_ln148_4 = sub i19 %trunc_ln148_7, i19 %trunc_ln148_14" [../import_files/import_files/2D_idct.cpp:148]   --->   Operation 1718 'sub' 'sub_ln148_4' <Predicate = true> <Delay = 2.16> <CoreInst = "Adder">   --->   Core 1 'Adder' <Latency = 0> <II = 1> <Delay = 2.16> <FuncUnit> <Opcode : 'add' 'sub'> <InPorts = 2> <OutPorts = 1>
ST_42 : Operation 1719 [1/1] (2.16ns)   --->   "%add_ln147_4 = add i19 %trunc_ln148_14, i19 %trunc_ln148_7" [../import_files/import_files/2D_idct.cpp:147]   --->   Operation 1719 'add' 'add_ln147_4' <Predicate = true> <Delay = 2.16> <CoreInst = "Adder">   --->   Core 1 'Adder' <Latency = 0> <II = 1> <Delay = 2.16> <FuncUnit> <Opcode : 'add' 'sub'> <InPorts = 2> <OutPorts = 1>
ST_42 : Operation 1720 [1/2] (2.10ns) (root node of the DSP)   --->   "%tmp2_30 = add i32 %z1_20, i32 %mul_ln144" [../import_files/import_files/2D_idct.cpp:144]   --->   Operation 1720 'add' 'tmp2_30' <Predicate = true> <Delay = 2.10> <CoreInst = "DSP48">   --->   Core 119 'DSP48' <Latency = 3> <II = 1> <Delay = 2.15> <IPBlock> <Opcode : 'mul' 'add' 'sub' 'select'> <InPorts = 0> <OutPorts = 1> <Sync> <CReg>
ST_42 : Operation 1721 [1/2] (2.10ns) (root node of the DSP)   --->   "%tmp3_30 = add i32 %z1_20, i32 %mul_ln145" [../import_files/import_files/2D_idct.cpp:145]   --->   Operation 1721 'add' 'tmp3_30' <Predicate = true> <Delay = 2.10> <CoreInst = "DSP48">   --->   Core 119 'DSP48' <Latency = 3> <II = 1> <Delay = 2.15> <IPBlock> <Opcode : 'mul' 'add' 'sub' 'select'> <InPorts = 0> <OutPorts = 1> <Sync> <CReg>
ST_42 : Operation 1722 [1/1] (0.00ns)   --->   "%tmp0_32 = bitconcatenate i32 @_ssdm_op_BitConcatenate.i32.i19.i13, i19 %add_ln147, i13 0" [../import_files/import_files/2D_idct.cpp:147]   --->   Operation 1722 'bitconcatenate' 'tmp0_32' <Predicate = true> <Delay = 0.00>
ST_42 : Operation 1723 [1/1] (0.00ns) (grouped into TernaryAdder)   --->   "%tmp13_8 = sub i32 %tmp0_32, i32 %tmp3_30" [../import_files/import_files/2D_idct.cpp:151]   --->   Operation 1723 'sub' 'tmp13_8' <Predicate = true> <Delay = 0.00> <CoreInst = "TAddSub">   --->   Core 10 'TAddSub' <Latency = 0> <II = 1> <Delay = 2.18> <IPBlock> <Opcode : 'add' 'sub'> <InPorts = 3> <OutPorts = 1> <Sync> <CReg>
ST_42 : Operation 1724 [1/1] (0.00ns)   --->   "%tmp1_30 = bitconcatenate i32 @_ssdm_op_BitConcatenate.i32.i19.i13, i19 %sub_ln148, i13 0" [../import_files/import_files/2D_idct.cpp:148]   --->   Operation 1724 'bitconcatenate' 'tmp1_30' <Predicate = true> <Delay = 0.00>
ST_42 : Operation 1725 [1/1] (0.00ns) (grouped into TernaryAdder)   --->   "%tmp12_8 = sub i32 %tmp1_30, i32 %tmp2_30" [../import_files/import_files/2D_idct.cpp:153]   --->   Operation 1725 'sub' 'tmp12_8' <Predicate = true> <Delay = 0.00> <CoreInst = "TAddSub">   --->   Core 10 'TAddSub' <Latency = 0> <II = 1> <Delay = 2.18> <IPBlock> <Opcode : 'add' 'sub'> <InPorts = 3> <OutPorts = 1> <Sync> <CReg>
ST_42 : Operation 1726 [1/2] (2.10ns) (root node of the DSP)   --->   "%add_ln185 = add i32 %tmp2_32, i32 %z3_70" [../import_files/import_files/2D_idct.cpp:185]   --->   Operation 1726 'add' 'add_ln185' <Predicate = true> <Delay = 2.10> <CoreInst = "DSP48">   --->   Core 119 'DSP48' <Latency = 3> <II = 1> <Delay = 2.15> <IPBlock> <Opcode : 'mul' 'add' 'sub' 'select'> <InPorts = 0> <OutPorts = 1> <Sync> <CReg>
ST_42 : Operation 1727 [1/1] (2.55ns)   --->   "%tmp2_33 = add i32 %add_ln185, i32 %z2_29" [../import_files/import_files/2D_idct.cpp:185]   --->   Operation 1727 'add' 'tmp2_33' <Predicate = true> <Delay = 2.55> <CoreInst = "Adder">   --->   Core 1 'Adder' <Latency = 0> <II = 1> <Delay = 2.55> <FuncUnit> <Opcode : 'add' 'sub'> <InPorts = 2> <OutPorts = 1>
ST_42 : Operation 1728 [1/2] (2.10ns) (root node of the DSP)   --->   "%add_ln183 = add i32 %tmp0_34, i32 %z3_70" [../import_files/import_files/2D_idct.cpp:183]   --->   Operation 1728 'add' 'add_ln183' <Predicate = true> <Delay = 2.10> <CoreInst = "DSP48">   --->   Core 119 'DSP48' <Latency = 3> <II = 1> <Delay = 2.15> <IPBlock> <Opcode : 'mul' 'add' 'sub' 'select'> <InPorts = 0> <OutPorts = 1> <Sync> <CReg>
ST_42 : Operation 1729 [1/1] (2.55ns)   --->   "%tmp0_35 = add i32 %add_ln183, i32 %z1_22" [../import_files/import_files/2D_idct.cpp:183]   --->   Operation 1729 'add' 'tmp0_35' <Predicate = true> <Delay = 2.55> <CoreInst = "Adder">   --->   Core 1 'Adder' <Latency = 0> <II = 1> <Delay = 2.55> <FuncUnit> <Opcode : 'add' 'sub'> <InPorts = 2> <OutPorts = 1>
ST_42 : Operation 1730 [1/2] (2.10ns) (root node of the DSP)   --->   "%add_ln186 = add i32 %tmp3_32, i32 %z4_26" [../import_files/import_files/2D_idct.cpp:186]   --->   Operation 1730 'add' 'add_ln186' <Predicate = true> <Delay = 2.10> <CoreInst = "DSP48">   --->   Core 119 'DSP48' <Latency = 3> <II = 1> <Delay = 2.15> <IPBlock> <Opcode : 'mul' 'add' 'sub' 'select'> <InPorts = 0> <OutPorts = 1> <Sync> <CReg>
ST_42 : Operation 1731 [1/1] (2.55ns)   --->   "%tmp3_33 = add i32 %add_ln186, i32 %z1_22" [../import_files/import_files/2D_idct.cpp:186]   --->   Operation 1731 'add' 'tmp3_33' <Predicate = true> <Delay = 2.55> <CoreInst = "Adder">   --->   Core 1 'Adder' <Latency = 0> <II = 1> <Delay = 2.55> <FuncUnit> <Opcode : 'add' 'sub'> <InPorts = 2> <OutPorts = 1>
ST_42 : Operation 1732 [1/2] (2.10ns) (root node of the DSP)   --->   "%add_ln184 = add i32 %tmp1_32, i32 %z4_26" [../import_files/import_files/2D_idct.cpp:184]   --->   Operation 1732 'add' 'add_ln184' <Predicate = true> <Delay = 2.10> <CoreInst = "DSP48">   --->   Core 119 'DSP48' <Latency = 3> <II = 1> <Delay = 2.15> <IPBlock> <Opcode : 'mul' 'add' 'sub' 'select'> <InPorts = 0> <OutPorts = 1> <Sync> <CReg>
ST_42 : Operation 1733 [1/1] (2.55ns)   --->   "%tmp1_33 = add i32 %add_ln184, i32 %z2_29" [../import_files/import_files/2D_idct.cpp:184]   --->   Operation 1733 'add' 'tmp1_33' <Predicate = true> <Delay = 2.55> <CoreInst = "Adder">   --->   Core 1 'Adder' <Latency = 0> <II = 1> <Delay = 2.55> <FuncUnit> <Opcode : 'add' 'sub'> <InPorts = 2> <OutPorts = 1>
ST_42 : Operation 1734 [1/1] (0.00ns) (grouped into TernaryAdder)   --->   "%add_ln190_16 = add i32 %tmp3_30, i32 131072" [../import_files/import_files/2D_idct.cpp:190]   --->   Operation 1734 'add' 'add_ln190_16' <Predicate = true> <Delay = 0.00> <CoreInst = "TAddSub">   --->   Core 10 'TAddSub' <Latency = 0> <II = 1> <Delay = 2.18> <IPBlock> <Opcode : 'add' 'sub'> <InPorts = 3> <OutPorts = 1> <Sync> <CReg>
ST_42 : Operation 1735 [1/1] (4.37ns) (root node of TernaryAdder)   --->   "%add_ln190 = add i32 %add_ln190_16, i32 %tmp0_32" [../import_files/import_files/2D_idct.cpp:190]   --->   Operation 1735 'add' 'add_ln190' <Predicate = true> <Delay = 4.37> <CoreInst = "TAddSub">   --->   Core 10 'TAddSub' <Latency = 0> <II = 1> <Delay = 2.18> <IPBlock> <Opcode : 'add' 'sub'> <InPorts = 3> <OutPorts = 1> <Sync> <CReg>
ST_42 : Operation 1736 [1/1] (0.00ns) (grouped into TernaryAdder)   --->   "%add_ln191_16 = add i32 %tmp2_30, i32 131072" [../import_files/import_files/2D_idct.cpp:191]   --->   Operation 1736 'add' 'add_ln191_16' <Predicate = true> <Delay = 0.00> <CoreInst = "TAddSub">   --->   Core 10 'TAddSub' <Latency = 0> <II = 1> <Delay = 2.18> <IPBlock> <Opcode : 'add' 'sub'> <InPorts = 3> <OutPorts = 1> <Sync> <CReg>
ST_42 : Operation 1737 [1/1] (4.37ns) (root node of TernaryAdder)   --->   "%add_ln191 = add i32 %add_ln191_16, i32 %tmp1_30" [../import_files/import_files/2D_idct.cpp:191]   --->   Operation 1737 'add' 'add_ln191' <Predicate = true> <Delay = 4.37> <CoreInst = "TAddSub">   --->   Core 10 'TAddSub' <Latency = 0> <II = 1> <Delay = 2.18> <IPBlock> <Opcode : 'add' 'sub'> <InPorts = 3> <OutPorts = 1> <Sync> <CReg>
ST_42 : Operation 1738 [1/1] (4.37ns) (root node of TernaryAdder)   --->   "%add_ln192 = add i32 %tmp12_8, i32 131072" [../import_files/import_files/2D_idct.cpp:192]   --->   Operation 1738 'add' 'add_ln192' <Predicate = true> <Delay = 4.37> <CoreInst = "TAddSub">   --->   Core 10 'TAddSub' <Latency = 0> <II = 1> <Delay = 2.18> <IPBlock> <Opcode : 'add' 'sub'> <InPorts = 3> <OutPorts = 1> <Sync> <CReg>
ST_42 : Operation 1739 [1/1] (4.37ns) (root node of TernaryAdder)   --->   "%add_ln193 = add i32 %tmp13_8, i32 131072" [../import_files/import_files/2D_idct.cpp:193]   --->   Operation 1739 'add' 'add_ln193' <Predicate = true> <Delay = 4.37> <CoreInst = "TAddSub">   --->   Core 10 'TAddSub' <Latency = 0> <II = 1> <Delay = 2.18> <IPBlock> <Opcode : 'add' 'sub'> <InPorts = 3> <OutPorts = 1> <Sync> <CReg>
ST_42 : Operation 1740 [1/4] (0.00ns) (root node of the DSP)   --->   "%z1_23 = mul i32 %sext_ln143_2, i32 4433" [../import_files/import_files/2D_idct.cpp:143]   --->   Operation 1740 'mul' 'z1_23' <Predicate = true> <Delay = 0.00> <CoreInst = "DSP48">   --->   Core 119 'DSP48' <Latency = 3> <II = 1> <Delay = 2.15> <IPBlock> <Opcode : 'mul' 'add' 'sub' 'select'> <InPorts = 0> <OutPorts = 1> <Sync> <CReg>
ST_42 : Operation 1741 [1/3] (0.00ns) (grouped into DSP with root node tmp2_34)   --->   "%mul_ln144_1 = mul i32 %sext_ln120_9, i32 4294952159" [../import_files/import_files/2D_idct.cpp:144]   --->   Operation 1741 'mul' 'mul_ln144_1' <Predicate = true> <Delay = 0.00> <CoreInst = "DSP48">   --->   Core 119 'DSP48' <Latency = 3> <II = 1> <Delay = 2.15> <IPBlock> <Opcode : 'mul' 'add' 'sub' 'select'> <InPorts = 0> <OutPorts = 1> <Sync> <CReg>
ST_42 : Operation 1742 [2/2] (2.10ns) (root node of the DSP)   --->   "%tmp2_34 = add i32 %z1_23, i32 %mul_ln144_1" [../import_files/import_files/2D_idct.cpp:144]   --->   Operation 1742 'add' 'tmp2_34' <Predicate = true> <Delay = 2.10> <CoreInst = "DSP48">   --->   Core 119 'DSP48' <Latency = 3> <II = 1> <Delay = 2.15> <IPBlock> <Opcode : 'mul' 'add' 'sub' 'select'> <InPorts = 0> <OutPorts = 1> <Sync> <CReg>
ST_42 : Operation 1743 [1/3] (0.00ns) (grouped into DSP with root node tmp3_34)   --->   "%mul_ln145_1 = mul i32 %sext_ln120_3, i32 6270" [../import_files/import_files/2D_idct.cpp:145]   --->   Operation 1743 'mul' 'mul_ln145_1' <Predicate = true> <Delay = 0.00> <CoreInst = "DSP48">   --->   Core 119 'DSP48' <Latency = 3> <II = 1> <Delay = 2.15> <IPBlock> <Opcode : 'mul' 'add' 'sub' 'select'> <InPorts = 0> <OutPorts = 1> <Sync> <CReg>
ST_42 : Operation 1744 [2/2] (2.10ns) (root node of the DSP)   --->   "%tmp3_34 = add i32 %z1_23, i32 %mul_ln145_1" [../import_files/import_files/2D_idct.cpp:145]   --->   Operation 1744 'add' 'tmp3_34' <Predicate = true> <Delay = 2.10> <CoreInst = "DSP48">   --->   Core 119 'DSP48' <Latency = 3> <II = 1> <Delay = 2.15> <IPBlock> <Opcode : 'mul' 'add' 'sub' 'select'> <InPorts = 0> <OutPorts = 1> <Sync> <CReg>
ST_42 : Operation 1745 [1/3] (0.00ns) (grouped into DSP with root node add_ln183_2)   --->   "%tmp0_38 = mul i32 %sext_ln120_11, i32 2446" [../import_files/import_files/2D_idct.cpp:170]   --->   Operation 1745 'mul' 'tmp0_38' <Predicate = true> <Delay = 0.00> <CoreInst = "DSP48">   --->   Core 119 'DSP48' <Latency = 3> <II = 1> <Delay = 2.15> <IPBlock> <Opcode : 'mul' 'add' 'sub' 'select'> <InPorts = 0> <OutPorts = 1> <Sync> <CReg>
ST_42 : Operation 1746 [1/3] (0.00ns) (grouped into DSP with root node add_ln184_2)   --->   "%tmp1_36 = mul i32 %sext_ln120_7, i32 16819" [../import_files/import_files/2D_idct.cpp:171]   --->   Operation 1746 'mul' 'tmp1_36' <Predicate = true> <Delay = 0.00> <CoreInst = "DSP48">   --->   Core 119 'DSP48' <Latency = 3> <II = 1> <Delay = 2.15> <IPBlock> <Opcode : 'mul' 'add' 'sub' 'select'> <InPorts = 0> <OutPorts = 1> <Sync> <CReg>
ST_42 : Operation 1747 [1/3] (0.00ns) (grouped into DSP with root node add_ln185_2)   --->   "%tmp2_36 = mul i32 %sext_ln120_5, i32 25172" [../import_files/import_files/2D_idct.cpp:172]   --->   Operation 1747 'mul' 'tmp2_36' <Predicate = true> <Delay = 0.00> <CoreInst = "DSP48">   --->   Core 119 'DSP48' <Latency = 3> <II = 1> <Delay = 2.15> <IPBlock> <Opcode : 'mul' 'add' 'sub' 'select'> <InPorts = 0> <OutPorts = 1> <Sync> <CReg>
ST_42 : Operation 1748 [1/3] (0.00ns) (grouped into DSP with root node add_ln186_2)   --->   "%tmp3_36 = mul i32 %sext_ln120_1, i32 12299" [../import_files/import_files/2D_idct.cpp:173]   --->   Operation 1748 'mul' 'tmp3_36' <Predicate = true> <Delay = 0.00> <CoreInst = "DSP48">   --->   Core 119 'DSP48' <Latency = 3> <II = 1> <Delay = 2.15> <IPBlock> <Opcode : 'mul' 'add' 'sub' 'select'> <InPorts = 0> <OutPorts = 1> <Sync> <CReg>
ST_42 : Operation 1749 [1/2] (2.10ns) (root node of the DSP)   --->   "%z3_74 = add i32 %z5_7, i32 %z3_73" [../import_files/import_files/2D_idct.cpp:180]   --->   Operation 1749 'add' 'z3_74' <Predicate = true> <Delay = 2.10> <CoreInst = "DSP48">   --->   Core 119 'DSP48' <Latency = 3> <II = 1> <Delay = 2.15> <IPBlock> <Opcode : 'mul' 'add' 'sub' 'select'> <InPorts = 0> <OutPorts = 1> <Sync> <CReg>
ST_42 : Operation 1750 [2/2] (2.10ns) (root node of the DSP)   --->   "%add_ln185_2 = add i32 %tmp2_36, i32 %z3_74" [../import_files/import_files/2D_idct.cpp:185]   --->   Operation 1750 'add' 'add_ln185_2' <Predicate = true> <Delay = 2.10> <CoreInst = "DSP48">   --->   Core 119 'DSP48' <Latency = 3> <II = 1> <Delay = 2.15> <IPBlock> <Opcode : 'mul' 'add' 'sub' 'select'> <InPorts = 0> <OutPorts = 1> <Sync> <CReg>
ST_42 : Operation 1751 [2/2] (2.10ns) (root node of the DSP)   --->   "%add_ln183_2 = add i32 %tmp0_38, i32 %z3_74" [../import_files/import_files/2D_idct.cpp:183]   --->   Operation 1751 'add' 'add_ln183_2' <Predicate = true> <Delay = 2.10> <CoreInst = "DSP48">   --->   Core 119 'DSP48' <Latency = 3> <II = 1> <Delay = 2.15> <IPBlock> <Opcode : 'mul' 'add' 'sub' 'select'> <InPorts = 0> <OutPorts = 1> <Sync> <CReg>
ST_42 : Operation 1752 [1/2] (2.10ns) (root node of the DSP)   --->   "%z4_29 = add i32 %z5_7, i32 %z4_28" [../import_files/import_files/2D_idct.cpp:181]   --->   Operation 1752 'add' 'z4_29' <Predicate = true> <Delay = 2.10> <CoreInst = "DSP48">   --->   Core 119 'DSP48' <Latency = 3> <II = 1> <Delay = 2.15> <IPBlock> <Opcode : 'mul' 'add' 'sub' 'select'> <InPorts = 0> <OutPorts = 1> <Sync> <CReg>
ST_42 : Operation 1753 [2/2] (2.10ns) (root node of the DSP)   --->   "%add_ln186_2 = add i32 %tmp3_36, i32 %z4_29" [../import_files/import_files/2D_idct.cpp:186]   --->   Operation 1753 'add' 'add_ln186_2' <Predicate = true> <Delay = 2.10> <CoreInst = "DSP48">   --->   Core 119 'DSP48' <Latency = 3> <II = 1> <Delay = 2.15> <IPBlock> <Opcode : 'mul' 'add' 'sub' 'select'> <InPorts = 0> <OutPorts = 1> <Sync> <CReg>
ST_42 : Operation 1754 [2/2] (2.10ns) (root node of the DSP)   --->   "%add_ln184_2 = add i32 %tmp1_36, i32 %z4_29" [../import_files/import_files/2D_idct.cpp:184]   --->   Operation 1754 'add' 'add_ln184_2' <Predicate = true> <Delay = 2.10> <CoreInst = "DSP48">   --->   Core 119 'DSP48' <Latency = 3> <II = 1> <Delay = 2.15> <IPBlock> <Opcode : 'mul' 'add' 'sub' 'select'> <InPorts = 0> <OutPorts = 1> <Sync> <CReg>
ST_42 : Operation 1755 [1/4] (0.00ns) (root node of the DSP)   --->   "%z1_26 = mul i32 %sext_ln143_4, i32 4433" [../import_files/import_files/2D_idct.cpp:143]   --->   Operation 1755 'mul' 'z1_26' <Predicate = true> <Delay = 0.00> <CoreInst = "DSP48">   --->   Core 119 'DSP48' <Latency = 3> <II = 1> <Delay = 2.15> <IPBlock> <Opcode : 'mul' 'add' 'sub' 'select'> <InPorts = 0> <OutPorts = 1> <Sync> <CReg>
ST_42 : Operation 1756 [1/3] (0.00ns) (grouped into DSP with root node tmp2_38)   --->   "%mul_ln144_2 = mul i32 %sext_ln122_4, i32 4294952159" [../import_files/import_files/2D_idct.cpp:144]   --->   Operation 1756 'mul' 'mul_ln144_2' <Predicate = true> <Delay = 0.00> <CoreInst = "DSP48">   --->   Core 119 'DSP48' <Latency = 3> <II = 1> <Delay = 2.15> <IPBlock> <Opcode : 'mul' 'add' 'sub' 'select'> <InPorts = 0> <OutPorts = 1> <Sync> <CReg>
ST_42 : Operation 1757 [2/2] (2.10ns) (root node of the DSP)   --->   "%tmp2_38 = add i32 %z1_26, i32 %mul_ln144_2" [../import_files/import_files/2D_idct.cpp:144]   --->   Operation 1757 'add' 'tmp2_38' <Predicate = true> <Delay = 2.10> <CoreInst = "DSP48">   --->   Core 119 'DSP48' <Latency = 3> <II = 1> <Delay = 2.15> <IPBlock> <Opcode : 'mul' 'add' 'sub' 'select'> <InPorts = 0> <OutPorts = 1> <Sync> <CReg>
ST_42 : Operation 1758 [1/3] (0.00ns) (grouped into DSP with root node tmp3_38)   --->   "%mul_ln145_2 = mul i32 %sext_ln122_1, i32 6270" [../import_files/import_files/2D_idct.cpp:145]   --->   Operation 1758 'mul' 'mul_ln145_2' <Predicate = true> <Delay = 0.00> <CoreInst = "DSP48">   --->   Core 119 'DSP48' <Latency = 3> <II = 1> <Delay = 2.15> <IPBlock> <Opcode : 'mul' 'add' 'sub' 'select'> <InPorts = 0> <OutPorts = 1> <Sync> <CReg>
ST_42 : Operation 1759 [2/2] (2.10ns) (root node of the DSP)   --->   "%tmp3_38 = add i32 %z1_26, i32 %mul_ln145_2" [../import_files/import_files/2D_idct.cpp:145]   --->   Operation 1759 'add' 'tmp3_38' <Predicate = true> <Delay = 2.10> <CoreInst = "DSP48">   --->   Core 119 'DSP48' <Latency = 3> <II = 1> <Delay = 2.15> <IPBlock> <Opcode : 'mul' 'add' 'sub' 'select'> <InPorts = 0> <OutPorts = 1> <Sync> <CReg>
ST_42 : Operation 1760 [1/3] (0.00ns) (grouped into DSP with root node add_ln183_4)   --->   "%tmp0_42 = mul i32 %sext_ln122_5, i32 2446" [../import_files/import_files/2D_idct.cpp:170]   --->   Operation 1760 'mul' 'tmp0_42' <Predicate = true> <Delay = 0.00> <CoreInst = "DSP48">   --->   Core 119 'DSP48' <Latency = 3> <II = 1> <Delay = 2.15> <IPBlock> <Opcode : 'mul' 'add' 'sub' 'select'> <InPorts = 0> <OutPorts = 1> <Sync> <CReg>
ST_42 : Operation 1761 [1/3] (0.00ns) (grouped into DSP with root node add_ln184_4)   --->   "%tmp1_40 = mul i32 %sext_ln122_3, i32 16819" [../import_files/import_files/2D_idct.cpp:171]   --->   Operation 1761 'mul' 'tmp1_40' <Predicate = true> <Delay = 0.00> <CoreInst = "DSP48">   --->   Core 119 'DSP48' <Latency = 3> <II = 1> <Delay = 2.15> <IPBlock> <Opcode : 'mul' 'add' 'sub' 'select'> <InPorts = 0> <OutPorts = 1> <Sync> <CReg>
ST_42 : Operation 1762 [1/3] (0.00ns) (grouped into DSP with root node add_ln185_4)   --->   "%tmp2_40 = mul i32 %sext_ln122_2, i32 25172" [../import_files/import_files/2D_idct.cpp:172]   --->   Operation 1762 'mul' 'tmp2_40' <Predicate = true> <Delay = 0.00> <CoreInst = "DSP48">   --->   Core 119 'DSP48' <Latency = 3> <II = 1> <Delay = 2.15> <IPBlock> <Opcode : 'mul' 'add' 'sub' 'select'> <InPorts = 0> <OutPorts = 1> <Sync> <CReg>
ST_42 : Operation 1763 [1/3] (0.00ns) (grouped into DSP with root node add_ln186_4)   --->   "%tmp3_40 = mul i32 %sext_ln122, i32 12299" [../import_files/import_files/2D_idct.cpp:173]   --->   Operation 1763 'mul' 'tmp3_40' <Predicate = true> <Delay = 0.00> <CoreInst = "DSP48">   --->   Core 119 'DSP48' <Latency = 3> <II = 1> <Delay = 2.15> <IPBlock> <Opcode : 'mul' 'add' 'sub' 'select'> <InPorts = 0> <OutPorts = 1> <Sync> <CReg>
ST_42 : Operation 1764 [1/2] (2.10ns) (root node of the DSP)   --->   "%z3_78 = add i32 %z5_8, i32 %z3_77" [../import_files/import_files/2D_idct.cpp:180]   --->   Operation 1764 'add' 'z3_78' <Predicate = true> <Delay = 2.10> <CoreInst = "DSP48">   --->   Core 119 'DSP48' <Latency = 3> <II = 1> <Delay = 2.15> <IPBlock> <Opcode : 'mul' 'add' 'sub' 'select'> <InPorts = 0> <OutPorts = 1> <Sync> <CReg>
ST_42 : Operation 1765 [2/2] (2.10ns) (root node of the DSP)   --->   "%add_ln185_4 = add i32 %tmp2_40, i32 %z3_78" [../import_files/import_files/2D_idct.cpp:185]   --->   Operation 1765 'add' 'add_ln185_4' <Predicate = true> <Delay = 2.10> <CoreInst = "DSP48">   --->   Core 119 'DSP48' <Latency = 3> <II = 1> <Delay = 2.15> <IPBlock> <Opcode : 'mul' 'add' 'sub' 'select'> <InPorts = 0> <OutPorts = 1> <Sync> <CReg>
ST_42 : Operation 1766 [2/2] (2.10ns) (root node of the DSP)   --->   "%add_ln183_4 = add i32 %tmp0_42, i32 %z3_78" [../import_files/import_files/2D_idct.cpp:183]   --->   Operation 1766 'add' 'add_ln183_4' <Predicate = true> <Delay = 2.10> <CoreInst = "DSP48">   --->   Core 119 'DSP48' <Latency = 3> <II = 1> <Delay = 2.15> <IPBlock> <Opcode : 'mul' 'add' 'sub' 'select'> <InPorts = 0> <OutPorts = 1> <Sync> <CReg>
ST_42 : Operation 1767 [1/2] (2.10ns) (root node of the DSP)   --->   "%z4_32 = add i32 %z5_8, i32 %z4_31" [../import_files/import_files/2D_idct.cpp:181]   --->   Operation 1767 'add' 'z4_32' <Predicate = true> <Delay = 2.10> <CoreInst = "DSP48">   --->   Core 119 'DSP48' <Latency = 3> <II = 1> <Delay = 2.15> <IPBlock> <Opcode : 'mul' 'add' 'sub' 'select'> <InPorts = 0> <OutPorts = 1> <Sync> <CReg>
ST_42 : Operation 1768 [2/2] (2.10ns) (root node of the DSP)   --->   "%add_ln186_4 = add i32 %tmp3_40, i32 %z4_32" [../import_files/import_files/2D_idct.cpp:186]   --->   Operation 1768 'add' 'add_ln186_4' <Predicate = true> <Delay = 2.10> <CoreInst = "DSP48">   --->   Core 119 'DSP48' <Latency = 3> <II = 1> <Delay = 2.15> <IPBlock> <Opcode : 'mul' 'add' 'sub' 'select'> <InPorts = 0> <OutPorts = 1> <Sync> <CReg>
ST_42 : Operation 1769 [2/2] (2.10ns) (root node of the DSP)   --->   "%add_ln184_4 = add i32 %tmp1_40, i32 %z4_32" [../import_files/import_files/2D_idct.cpp:184]   --->   Operation 1769 'add' 'add_ln184_4' <Predicate = true> <Delay = 2.10> <CoreInst = "DSP48">   --->   Core 119 'DSP48' <Latency = 3> <II = 1> <Delay = 2.15> <IPBlock> <Opcode : 'mul' 'add' 'sub' 'select'> <InPorts = 0> <OutPorts = 1> <Sync> <CReg>
ST_42 : Operation 1770 [1/2] (2.10ns) (root node of the DSP)   --->   "%tmp2_42 = add i32 %z1_29, i32 %mul_ln144_3" [../import_files/import_files/2D_idct.cpp:144]   --->   Operation 1770 'add' 'tmp2_42' <Predicate = true> <Delay = 2.10> <CoreInst = "DSP48">   --->   Core 119 'DSP48' <Latency = 3> <II = 1> <Delay = 2.15> <IPBlock> <Opcode : 'mul' 'add' 'sub' 'select'> <InPorts = 0> <OutPorts = 1> <Sync> <CReg>
ST_42 : Operation 1771 [1/2] (2.10ns) (root node of the DSP)   --->   "%tmp3_42 = add i32 %z1_29, i32 %mul_ln145_3" [../import_files/import_files/2D_idct.cpp:145]   --->   Operation 1771 'add' 'tmp3_42' <Predicate = true> <Delay = 2.10> <CoreInst = "DSP48">   --->   Core 119 'DSP48' <Latency = 3> <II = 1> <Delay = 2.15> <IPBlock> <Opcode : 'mul' 'add' 'sub' 'select'> <InPorts = 0> <OutPorts = 1> <Sync> <CReg>
ST_42 : Operation 1772 [1/1] (0.00ns)   --->   "%tmp0_44 = bitconcatenate i32 @_ssdm_op_BitConcatenate.i32.i19.i13, i19 %add_ln147_3, i13 0" [../import_files/import_files/2D_idct.cpp:147]   --->   Operation 1772 'bitconcatenate' 'tmp0_44' <Predicate = true> <Delay = 0.00>
ST_42 : Operation 1773 [1/1] (0.00ns) (grouped into TernaryAdder)   --->   "%tmp13_11 = sub i32 %tmp0_44, i32 %tmp3_42" [../import_files/import_files/2D_idct.cpp:151]   --->   Operation 1773 'sub' 'tmp13_11' <Predicate = true> <Delay = 0.00> <CoreInst = "TAddSub">   --->   Core 10 'TAddSub' <Latency = 0> <II = 1> <Delay = 2.18> <IPBlock> <Opcode : 'add' 'sub'> <InPorts = 3> <OutPorts = 1> <Sync> <CReg>
ST_42 : Operation 1774 [1/1] (0.00ns)   --->   "%tmp1_42 = bitconcatenate i32 @_ssdm_op_BitConcatenate.i32.i19.i13, i19 %sub_ln148_3, i13 0" [../import_files/import_files/2D_idct.cpp:148]   --->   Operation 1774 'bitconcatenate' 'tmp1_42' <Predicate = true> <Delay = 0.00>
ST_42 : Operation 1775 [1/1] (0.00ns) (grouped into TernaryAdder)   --->   "%tmp12_11 = sub i32 %tmp1_42, i32 %tmp2_42" [../import_files/import_files/2D_idct.cpp:153]   --->   Operation 1775 'sub' 'tmp12_11' <Predicate = true> <Delay = 0.00> <CoreInst = "TAddSub">   --->   Core 10 'TAddSub' <Latency = 0> <II = 1> <Delay = 2.18> <IPBlock> <Opcode : 'add' 'sub'> <InPorts = 3> <OutPorts = 1> <Sync> <CReg>
ST_42 : Operation 1776 [1/2] (2.10ns) (root node of the DSP)   --->   "%add_ln185_6 = add i32 %tmp2_44, i32 %z3_82" [../import_files/import_files/2D_idct.cpp:185]   --->   Operation 1776 'add' 'add_ln185_6' <Predicate = true> <Delay = 2.10> <CoreInst = "DSP48">   --->   Core 119 'DSP48' <Latency = 3> <II = 1> <Delay = 2.15> <IPBlock> <Opcode : 'mul' 'add' 'sub' 'select'> <InPorts = 0> <OutPorts = 1> <Sync> <CReg>
ST_42 : Operation 1777 [1/1] (2.55ns)   --->   "%tmp2_45 = add i32 %add_ln185_6, i32 %z2_43" [../import_files/import_files/2D_idct.cpp:185]   --->   Operation 1777 'add' 'tmp2_45' <Predicate = true> <Delay = 2.55> <CoreInst = "Adder">   --->   Core 1 'Adder' <Latency = 0> <II = 1> <Delay = 2.55> <FuncUnit> <Opcode : 'add' 'sub'> <InPorts = 2> <OutPorts = 1>
ST_42 : Operation 1778 [1/2] (2.10ns) (root node of the DSP)   --->   "%add_ln183_6 = add i32 %tmp0_46, i32 %z3_82" [../import_files/import_files/2D_idct.cpp:183]   --->   Operation 1778 'add' 'add_ln183_6' <Predicate = true> <Delay = 2.10> <CoreInst = "DSP48">   --->   Core 119 'DSP48' <Latency = 3> <II = 1> <Delay = 2.15> <IPBlock> <Opcode : 'mul' 'add' 'sub' 'select'> <InPorts = 0> <OutPorts = 1> <Sync> <CReg>
ST_42 : Operation 1779 [1/1] (2.55ns)   --->   "%tmp0_47 = add i32 %add_ln183_6, i32 %z1_31" [../import_files/import_files/2D_idct.cpp:183]   --->   Operation 1779 'add' 'tmp0_47' <Predicate = true> <Delay = 2.55> <CoreInst = "Adder">   --->   Core 1 'Adder' <Latency = 0> <II = 1> <Delay = 2.55> <FuncUnit> <Opcode : 'add' 'sub'> <InPorts = 2> <OutPorts = 1>
ST_42 : Operation 1780 [1/2] (2.10ns) (root node of the DSP)   --->   "%add_ln186_6 = add i32 %tmp3_44, i32 %z4_35" [../import_files/import_files/2D_idct.cpp:186]   --->   Operation 1780 'add' 'add_ln186_6' <Predicate = true> <Delay = 2.10> <CoreInst = "DSP48">   --->   Core 119 'DSP48' <Latency = 3> <II = 1> <Delay = 2.15> <IPBlock> <Opcode : 'mul' 'add' 'sub' 'select'> <InPorts = 0> <OutPorts = 1> <Sync> <CReg>
ST_42 : Operation 1781 [1/1] (2.55ns)   --->   "%tmp3_45 = add i32 %add_ln186_6, i32 %z1_31" [../import_files/import_files/2D_idct.cpp:186]   --->   Operation 1781 'add' 'tmp3_45' <Predicate = true> <Delay = 2.55> <CoreInst = "Adder">   --->   Core 1 'Adder' <Latency = 0> <II = 1> <Delay = 2.55> <FuncUnit> <Opcode : 'add' 'sub'> <InPorts = 2> <OutPorts = 1>
ST_42 : Operation 1782 [1/2] (2.10ns) (root node of the DSP)   --->   "%add_ln184_6 = add i32 %tmp1_44, i32 %z4_35" [../import_files/import_files/2D_idct.cpp:184]   --->   Operation 1782 'add' 'add_ln184_6' <Predicate = true> <Delay = 2.10> <CoreInst = "DSP48">   --->   Core 119 'DSP48' <Latency = 3> <II = 1> <Delay = 2.15> <IPBlock> <Opcode : 'mul' 'add' 'sub' 'select'> <InPorts = 0> <OutPorts = 1> <Sync> <CReg>
ST_42 : Operation 1783 [1/1] (2.55ns)   --->   "%tmp1_45 = add i32 %add_ln184_6, i32 %z2_43" [../import_files/import_files/2D_idct.cpp:184]   --->   Operation 1783 'add' 'tmp1_45' <Predicate = true> <Delay = 2.55> <CoreInst = "Adder">   --->   Core 1 'Adder' <Latency = 0> <II = 1> <Delay = 2.55> <FuncUnit> <Opcode : 'add' 'sub'> <InPorts = 2> <OutPorts = 1>
ST_42 : Operation 1784 [1/1] (0.00ns) (grouped into TernaryAdder)   --->   "%add_ln190_19 = add i32 %tmp3_42, i32 131072" [../import_files/import_files/2D_idct.cpp:190]   --->   Operation 1784 'add' 'add_ln190_19' <Predicate = true> <Delay = 0.00> <CoreInst = "TAddSub">   --->   Core 10 'TAddSub' <Latency = 0> <II = 1> <Delay = 2.18> <IPBlock> <Opcode : 'add' 'sub'> <InPorts = 3> <OutPorts = 1> <Sync> <CReg>
ST_42 : Operation 1785 [1/1] (4.37ns) (root node of TernaryAdder)   --->   "%add_ln190_6 = add i32 %add_ln190_19, i32 %tmp0_44" [../import_files/import_files/2D_idct.cpp:190]   --->   Operation 1785 'add' 'add_ln190_6' <Predicate = true> <Delay = 4.37> <CoreInst = "TAddSub">   --->   Core 10 'TAddSub' <Latency = 0> <II = 1> <Delay = 2.18> <IPBlock> <Opcode : 'add' 'sub'> <InPorts = 3> <OutPorts = 1> <Sync> <CReg>
ST_42 : Operation 1786 [1/1] (0.00ns) (grouped into TernaryAdder)   --->   "%add_ln191_19 = add i32 %tmp2_42, i32 131072" [../import_files/import_files/2D_idct.cpp:191]   --->   Operation 1786 'add' 'add_ln191_19' <Predicate = true> <Delay = 0.00> <CoreInst = "TAddSub">   --->   Core 10 'TAddSub' <Latency = 0> <II = 1> <Delay = 2.18> <IPBlock> <Opcode : 'add' 'sub'> <InPorts = 3> <OutPorts = 1> <Sync> <CReg>
ST_42 : Operation 1787 [1/1] (4.37ns) (root node of TernaryAdder)   --->   "%add_ln191_6 = add i32 %add_ln191_19, i32 %tmp1_42" [../import_files/import_files/2D_idct.cpp:191]   --->   Operation 1787 'add' 'add_ln191_6' <Predicate = true> <Delay = 4.37> <CoreInst = "TAddSub">   --->   Core 10 'TAddSub' <Latency = 0> <II = 1> <Delay = 2.18> <IPBlock> <Opcode : 'add' 'sub'> <InPorts = 3> <OutPorts = 1> <Sync> <CReg>
ST_42 : Operation 1788 [1/1] (4.37ns) (root node of TernaryAdder)   --->   "%add_ln192_6 = add i32 %tmp12_11, i32 131072" [../import_files/import_files/2D_idct.cpp:192]   --->   Operation 1788 'add' 'add_ln192_6' <Predicate = true> <Delay = 4.37> <CoreInst = "TAddSub">   --->   Core 10 'TAddSub' <Latency = 0> <II = 1> <Delay = 2.18> <IPBlock> <Opcode : 'add' 'sub'> <InPorts = 3> <OutPorts = 1> <Sync> <CReg>
ST_42 : Operation 1789 [1/1] (4.37ns) (root node of TernaryAdder)   --->   "%add_ln193_6 = add i32 %tmp13_11, i32 131072" [../import_files/import_files/2D_idct.cpp:193]   --->   Operation 1789 'add' 'add_ln193_6' <Predicate = true> <Delay = 4.37> <CoreInst = "TAddSub">   --->   Core 10 'TAddSub' <Latency = 0> <II = 1> <Delay = 2.18> <IPBlock> <Opcode : 'add' 'sub'> <InPorts = 3> <OutPorts = 1> <Sync> <CReg>
ST_42 : Operation 1790 [1/2] (2.10ns) (root node of the DSP)   --->   "%tmp2_46 = add i32 %z1_32, i32 %mul_ln144_4" [../import_files/import_files/2D_idct.cpp:144]   --->   Operation 1790 'add' 'tmp2_46' <Predicate = true> <Delay = 2.10> <CoreInst = "DSP48">   --->   Core 119 'DSP48' <Latency = 3> <II = 1> <Delay = 2.15> <IPBlock> <Opcode : 'mul' 'add' 'sub' 'select'> <InPorts = 0> <OutPorts = 1> <Sync> <CReg>
ST_42 : Operation 1791 [1/2] (2.10ns) (root node of the DSP)   --->   "%tmp3_46 = add i32 %z1_32, i32 %mul_ln145_4" [../import_files/import_files/2D_idct.cpp:145]   --->   Operation 1791 'add' 'tmp3_46' <Predicate = true> <Delay = 2.10> <CoreInst = "DSP48">   --->   Core 119 'DSP48' <Latency = 3> <II = 1> <Delay = 2.15> <IPBlock> <Opcode : 'mul' 'add' 'sub' 'select'> <InPorts = 0> <OutPorts = 1> <Sync> <CReg>
ST_42 : Operation 1792 [1/1] (0.00ns)   --->   "%tmp0_48 = bitconcatenate i32 @_ssdm_op_BitConcatenate.i32.i19.i13, i19 %add_ln147_4, i13 0" [../import_files/import_files/2D_idct.cpp:147]   --->   Operation 1792 'bitconcatenate' 'tmp0_48' <Predicate = true> <Delay = 0.00>
ST_42 : Operation 1793 [1/1] (0.00ns) (grouped into TernaryAdder)   --->   "%tmp13_12 = sub i32 %tmp0_48, i32 %tmp3_46" [../import_files/import_files/2D_idct.cpp:151]   --->   Operation 1793 'sub' 'tmp13_12' <Predicate = true> <Delay = 0.00> <CoreInst = "TAddSub">   --->   Core 10 'TAddSub' <Latency = 0> <II = 1> <Delay = 2.18> <IPBlock> <Opcode : 'add' 'sub'> <InPorts = 3> <OutPorts = 1> <Sync> <CReg>
ST_42 : Operation 1794 [1/1] (0.00ns)   --->   "%tmp1_46 = bitconcatenate i32 @_ssdm_op_BitConcatenate.i32.i19.i13, i19 %sub_ln148_4, i13 0" [../import_files/import_files/2D_idct.cpp:148]   --->   Operation 1794 'bitconcatenate' 'tmp1_46' <Predicate = true> <Delay = 0.00>
ST_42 : Operation 1795 [1/1] (0.00ns) (grouped into TernaryAdder)   --->   "%tmp12_12 = sub i32 %tmp1_46, i32 %tmp2_46" [../import_files/import_files/2D_idct.cpp:153]   --->   Operation 1795 'sub' 'tmp12_12' <Predicate = true> <Delay = 0.00> <CoreInst = "TAddSub">   --->   Core 10 'TAddSub' <Latency = 0> <II = 1> <Delay = 2.18> <IPBlock> <Opcode : 'add' 'sub'> <InPorts = 3> <OutPorts = 1> <Sync> <CReg>
ST_42 : Operation 1796 [1/2] (2.10ns) (root node of the DSP)   --->   "%add_ln185_8 = add i32 %tmp2_48, i32 %z3_86" [../import_files/import_files/2D_idct.cpp:185]   --->   Operation 1796 'add' 'add_ln185_8' <Predicate = true> <Delay = 2.10> <CoreInst = "DSP48">   --->   Core 119 'DSP48' <Latency = 3> <II = 1> <Delay = 2.15> <IPBlock> <Opcode : 'mul' 'add' 'sub' 'select'> <InPorts = 0> <OutPorts = 1> <Sync> <CReg>
ST_42 : Operation 1797 [1/1] (2.55ns)   --->   "%tmp2_49 = add i32 %add_ln185_8, i32 %z2_47" [../import_files/import_files/2D_idct.cpp:185]   --->   Operation 1797 'add' 'tmp2_49' <Predicate = true> <Delay = 2.55> <CoreInst = "Adder">   --->   Core 1 'Adder' <Latency = 0> <II = 1> <Delay = 2.55> <FuncUnit> <Opcode : 'add' 'sub'> <InPorts = 2> <OutPorts = 1>
ST_42 : Operation 1798 [1/2] (2.10ns) (root node of the DSP)   --->   "%add_ln183_8 = add i32 %tmp0_50, i32 %z3_86" [../import_files/import_files/2D_idct.cpp:183]   --->   Operation 1798 'add' 'add_ln183_8' <Predicate = true> <Delay = 2.10> <CoreInst = "DSP48">   --->   Core 119 'DSP48' <Latency = 3> <II = 1> <Delay = 2.15> <IPBlock> <Opcode : 'mul' 'add' 'sub' 'select'> <InPorts = 0> <OutPorts = 1> <Sync> <CReg>
ST_42 : Operation 1799 [1/1] (2.55ns)   --->   "%tmp0_51 = add i32 %add_ln183_8, i32 %z1_34" [../import_files/import_files/2D_idct.cpp:183]   --->   Operation 1799 'add' 'tmp0_51' <Predicate = true> <Delay = 2.55> <CoreInst = "Adder">   --->   Core 1 'Adder' <Latency = 0> <II = 1> <Delay = 2.55> <FuncUnit> <Opcode : 'add' 'sub'> <InPorts = 2> <OutPorts = 1>
ST_42 : Operation 1800 [1/2] (2.10ns) (root node of the DSP)   --->   "%add_ln186_8 = add i32 %tmp3_48, i32 %z4_38" [../import_files/import_files/2D_idct.cpp:186]   --->   Operation 1800 'add' 'add_ln186_8' <Predicate = true> <Delay = 2.10> <CoreInst = "DSP48">   --->   Core 119 'DSP48' <Latency = 3> <II = 1> <Delay = 2.15> <IPBlock> <Opcode : 'mul' 'add' 'sub' 'select'> <InPorts = 0> <OutPorts = 1> <Sync> <CReg>
ST_42 : Operation 1801 [1/1] (2.55ns)   --->   "%tmp3_49 = add i32 %add_ln186_8, i32 %z1_34" [../import_files/import_files/2D_idct.cpp:186]   --->   Operation 1801 'add' 'tmp3_49' <Predicate = true> <Delay = 2.55> <CoreInst = "Adder">   --->   Core 1 'Adder' <Latency = 0> <II = 1> <Delay = 2.55> <FuncUnit> <Opcode : 'add' 'sub'> <InPorts = 2> <OutPorts = 1>
ST_42 : Operation 1802 [1/2] (2.10ns) (root node of the DSP)   --->   "%add_ln184_8 = add i32 %tmp1_48, i32 %z4_38" [../import_files/import_files/2D_idct.cpp:184]   --->   Operation 1802 'add' 'add_ln184_8' <Predicate = true> <Delay = 2.10> <CoreInst = "DSP48">   --->   Core 119 'DSP48' <Latency = 3> <II = 1> <Delay = 2.15> <IPBlock> <Opcode : 'mul' 'add' 'sub' 'select'> <InPorts = 0> <OutPorts = 1> <Sync> <CReg>
ST_42 : Operation 1803 [1/1] (2.55ns)   --->   "%tmp1_49 = add i32 %add_ln184_8, i32 %z2_47" [../import_files/import_files/2D_idct.cpp:184]   --->   Operation 1803 'add' 'tmp1_49' <Predicate = true> <Delay = 2.55> <CoreInst = "Adder">   --->   Core 1 'Adder' <Latency = 0> <II = 1> <Delay = 2.55> <FuncUnit> <Opcode : 'add' 'sub'> <InPorts = 2> <OutPorts = 1>
ST_42 : Operation 1804 [1/1] (0.00ns) (grouped into TernaryAdder)   --->   "%add_ln190_20 = add i32 %tmp3_46, i32 131072" [../import_files/import_files/2D_idct.cpp:190]   --->   Operation 1804 'add' 'add_ln190_20' <Predicate = true> <Delay = 0.00> <CoreInst = "TAddSub">   --->   Core 10 'TAddSub' <Latency = 0> <II = 1> <Delay = 2.18> <IPBlock> <Opcode : 'add' 'sub'> <InPorts = 3> <OutPorts = 1> <Sync> <CReg>
ST_42 : Operation 1805 [1/1] (4.37ns) (root node of TernaryAdder)   --->   "%add_ln190_8 = add i32 %add_ln190_20, i32 %tmp0_48" [../import_files/import_files/2D_idct.cpp:190]   --->   Operation 1805 'add' 'add_ln190_8' <Predicate = true> <Delay = 4.37> <CoreInst = "TAddSub">   --->   Core 10 'TAddSub' <Latency = 0> <II = 1> <Delay = 2.18> <IPBlock> <Opcode : 'add' 'sub'> <InPorts = 3> <OutPorts = 1> <Sync> <CReg>
ST_42 : Operation 1806 [1/1] (0.00ns) (grouped into TernaryAdder)   --->   "%add_ln191_20 = add i32 %tmp2_46, i32 131072" [../import_files/import_files/2D_idct.cpp:191]   --->   Operation 1806 'add' 'add_ln191_20' <Predicate = true> <Delay = 0.00> <CoreInst = "TAddSub">   --->   Core 10 'TAddSub' <Latency = 0> <II = 1> <Delay = 2.18> <IPBlock> <Opcode : 'add' 'sub'> <InPorts = 3> <OutPorts = 1> <Sync> <CReg>
ST_42 : Operation 1807 [1/1] (4.37ns) (root node of TernaryAdder)   --->   "%add_ln191_8 = add i32 %add_ln191_20, i32 %tmp1_46" [../import_files/import_files/2D_idct.cpp:191]   --->   Operation 1807 'add' 'add_ln191_8' <Predicate = true> <Delay = 4.37> <CoreInst = "TAddSub">   --->   Core 10 'TAddSub' <Latency = 0> <II = 1> <Delay = 2.18> <IPBlock> <Opcode : 'add' 'sub'> <InPorts = 3> <OutPorts = 1> <Sync> <CReg>
ST_42 : Operation 1808 [1/1] (4.37ns) (root node of TernaryAdder)   --->   "%add_ln192_8 = add i32 %tmp12_12, i32 131072" [../import_files/import_files/2D_idct.cpp:192]   --->   Operation 1808 'add' 'add_ln192_8' <Predicate = true> <Delay = 4.37> <CoreInst = "TAddSub">   --->   Core 10 'TAddSub' <Latency = 0> <II = 1> <Delay = 2.18> <IPBlock> <Opcode : 'add' 'sub'> <InPorts = 3> <OutPorts = 1> <Sync> <CReg>
ST_42 : Operation 1809 [1/1] (4.37ns) (root node of TernaryAdder)   --->   "%add_ln193_8 = add i32 %tmp13_12, i32 131072" [../import_files/import_files/2D_idct.cpp:193]   --->   Operation 1809 'add' 'add_ln193_8' <Predicate = true> <Delay = 4.37> <CoreInst = "TAddSub">   --->   Core 10 'TAddSub' <Latency = 0> <II = 1> <Delay = 2.18> <IPBlock> <Opcode : 'add' 'sub'> <InPorts = 3> <OutPorts = 1> <Sync> <CReg>
ST_42 : Operation 1810 [1/4] (0.00ns) (root node of the DSP)   --->   "%z1_35 = mul i32 %sext_ln143_5, i32 4433" [../import_files/import_files/2D_idct.cpp:143]   --->   Operation 1810 'mul' 'z1_35' <Predicate = true> <Delay = 0.00> <CoreInst = "DSP48">   --->   Core 119 'DSP48' <Latency = 3> <II = 1> <Delay = 2.15> <IPBlock> <Opcode : 'mul' 'add' 'sub' 'select'> <InPorts = 0> <OutPorts = 1> <Sync> <CReg>
ST_42 : Operation 1811 [1/3] (0.00ns) (grouped into DSP with root node tmp2_50)   --->   "%mul_ln144_5 = mul i32 %sext_ln123_4, i32 4294952159" [../import_files/import_files/2D_idct.cpp:144]   --->   Operation 1811 'mul' 'mul_ln144_5' <Predicate = true> <Delay = 0.00> <CoreInst = "DSP48">   --->   Core 119 'DSP48' <Latency = 3> <II = 1> <Delay = 2.15> <IPBlock> <Opcode : 'mul' 'add' 'sub' 'select'> <InPorts = 0> <OutPorts = 1> <Sync> <CReg>
ST_42 : Operation 1812 [2/2] (2.10ns) (root node of the DSP)   --->   "%tmp2_50 = add i32 %z1_35, i32 %mul_ln144_5" [../import_files/import_files/2D_idct.cpp:144]   --->   Operation 1812 'add' 'tmp2_50' <Predicate = true> <Delay = 2.10> <CoreInst = "DSP48">   --->   Core 119 'DSP48' <Latency = 3> <II = 1> <Delay = 2.15> <IPBlock> <Opcode : 'mul' 'add' 'sub' 'select'> <InPorts = 0> <OutPorts = 1> <Sync> <CReg>
ST_42 : Operation 1813 [1/3] (0.00ns) (grouped into DSP with root node tmp3_50)   --->   "%mul_ln145_5 = mul i32 %sext_ln123_1, i32 6270" [../import_files/import_files/2D_idct.cpp:145]   --->   Operation 1813 'mul' 'mul_ln145_5' <Predicate = true> <Delay = 0.00> <CoreInst = "DSP48">   --->   Core 119 'DSP48' <Latency = 3> <II = 1> <Delay = 2.15> <IPBlock> <Opcode : 'mul' 'add' 'sub' 'select'> <InPorts = 0> <OutPorts = 1> <Sync> <CReg>
ST_42 : Operation 1814 [2/2] (2.10ns) (root node of the DSP)   --->   "%tmp3_50 = add i32 %z1_35, i32 %mul_ln145_5" [../import_files/import_files/2D_idct.cpp:145]   --->   Operation 1814 'add' 'tmp3_50' <Predicate = true> <Delay = 2.10> <CoreInst = "DSP48">   --->   Core 119 'DSP48' <Latency = 3> <II = 1> <Delay = 2.15> <IPBlock> <Opcode : 'mul' 'add' 'sub' 'select'> <InPorts = 0> <OutPorts = 1> <Sync> <CReg>
ST_42 : Operation 1815 [1/3] (0.00ns) (grouped into DSP with root node add_ln183_10)   --->   "%tmp0_54 = mul i32 %sext_ln123_5, i32 2446" [../import_files/import_files/2D_idct.cpp:170]   --->   Operation 1815 'mul' 'tmp0_54' <Predicate = true> <Delay = 0.00> <CoreInst = "DSP48">   --->   Core 119 'DSP48' <Latency = 3> <II = 1> <Delay = 2.15> <IPBlock> <Opcode : 'mul' 'add' 'sub' 'select'> <InPorts = 0> <OutPorts = 1> <Sync> <CReg>
ST_42 : Operation 1816 [1/3] (0.00ns) (grouped into DSP with root node add_ln184_10)   --->   "%tmp1_52 = mul i32 %sext_ln123_3, i32 16819" [../import_files/import_files/2D_idct.cpp:171]   --->   Operation 1816 'mul' 'tmp1_52' <Predicate = true> <Delay = 0.00> <CoreInst = "DSP48">   --->   Core 119 'DSP48' <Latency = 3> <II = 1> <Delay = 2.15> <IPBlock> <Opcode : 'mul' 'add' 'sub' 'select'> <InPorts = 0> <OutPorts = 1> <Sync> <CReg>
ST_42 : Operation 1817 [1/3] (0.00ns) (grouped into DSP with root node add_ln185_10)   --->   "%tmp2_52 = mul i32 %sext_ln123_2, i32 25172" [../import_files/import_files/2D_idct.cpp:172]   --->   Operation 1817 'mul' 'tmp2_52' <Predicate = true> <Delay = 0.00> <CoreInst = "DSP48">   --->   Core 119 'DSP48' <Latency = 3> <II = 1> <Delay = 2.15> <IPBlock> <Opcode : 'mul' 'add' 'sub' 'select'> <InPorts = 0> <OutPorts = 1> <Sync> <CReg>
ST_42 : Operation 1818 [1/3] (0.00ns) (grouped into DSP with root node add_ln186_10)   --->   "%tmp3_52 = mul i32 %sext_ln123, i32 12299" [../import_files/import_files/2D_idct.cpp:173]   --->   Operation 1818 'mul' 'tmp3_52' <Predicate = true> <Delay = 0.00> <CoreInst = "DSP48">   --->   Core 119 'DSP48' <Latency = 3> <II = 1> <Delay = 2.15> <IPBlock> <Opcode : 'mul' 'add' 'sub' 'select'> <InPorts = 0> <OutPorts = 1> <Sync> <CReg>
ST_42 : Operation 1819 [1/2] (2.10ns) (root node of the DSP)   --->   "%z3_90 = add i32 %z5_11, i32 %z3_89" [../import_files/import_files/2D_idct.cpp:180]   --->   Operation 1819 'add' 'z3_90' <Predicate = true> <Delay = 2.10> <CoreInst = "DSP48">   --->   Core 119 'DSP48' <Latency = 3> <II = 1> <Delay = 2.15> <IPBlock> <Opcode : 'mul' 'add' 'sub' 'select'> <InPorts = 0> <OutPorts = 1> <Sync> <CReg>
ST_42 : Operation 1820 [2/2] (2.10ns) (root node of the DSP)   --->   "%add_ln185_10 = add i32 %tmp2_52, i32 %z3_90" [../import_files/import_files/2D_idct.cpp:185]   --->   Operation 1820 'add' 'add_ln185_10' <Predicate = true> <Delay = 2.10> <CoreInst = "DSP48">   --->   Core 119 'DSP48' <Latency = 3> <II = 1> <Delay = 2.15> <IPBlock> <Opcode : 'mul' 'add' 'sub' 'select'> <InPorts = 0> <OutPorts = 1> <Sync> <CReg>
ST_42 : Operation 1821 [2/2] (2.10ns) (root node of the DSP)   --->   "%add_ln183_10 = add i32 %tmp0_54, i32 %z3_90" [../import_files/import_files/2D_idct.cpp:183]   --->   Operation 1821 'add' 'add_ln183_10' <Predicate = true> <Delay = 2.10> <CoreInst = "DSP48">   --->   Core 119 'DSP48' <Latency = 3> <II = 1> <Delay = 2.15> <IPBlock> <Opcode : 'mul' 'add' 'sub' 'select'> <InPorts = 0> <OutPorts = 1> <Sync> <CReg>
ST_42 : Operation 1822 [1/2] (2.10ns) (root node of the DSP)   --->   "%z4_41 = add i32 %z5_11, i32 %z4_40" [../import_files/import_files/2D_idct.cpp:181]   --->   Operation 1822 'add' 'z4_41' <Predicate = true> <Delay = 2.10> <CoreInst = "DSP48">   --->   Core 119 'DSP48' <Latency = 3> <II = 1> <Delay = 2.15> <IPBlock> <Opcode : 'mul' 'add' 'sub' 'select'> <InPorts = 0> <OutPorts = 1> <Sync> <CReg>
ST_42 : Operation 1823 [2/2] (2.10ns) (root node of the DSP)   --->   "%add_ln186_10 = add i32 %tmp3_52, i32 %z4_41" [../import_files/import_files/2D_idct.cpp:186]   --->   Operation 1823 'add' 'add_ln186_10' <Predicate = true> <Delay = 2.10> <CoreInst = "DSP48">   --->   Core 119 'DSP48' <Latency = 3> <II = 1> <Delay = 2.15> <IPBlock> <Opcode : 'mul' 'add' 'sub' 'select'> <InPorts = 0> <OutPorts = 1> <Sync> <CReg>
ST_42 : Operation 1824 [2/2] (2.10ns) (root node of the DSP)   --->   "%add_ln184_10 = add i32 %tmp1_52, i32 %z4_41" [../import_files/import_files/2D_idct.cpp:184]   --->   Operation 1824 'add' 'add_ln184_10' <Predicate = true> <Delay = 2.10> <CoreInst = "DSP48">   --->   Core 119 'DSP48' <Latency = 3> <II = 1> <Delay = 2.15> <IPBlock> <Opcode : 'mul' 'add' 'sub' 'select'> <InPorts = 0> <OutPorts = 1> <Sync> <CReg>
ST_42 : Operation 1825 [1/4] (0.00ns) (root node of the DSP)   --->   "%z1_38 = mul i32 %sext_ln143_3, i32 4433" [../import_files/import_files/2D_idct.cpp:143]   --->   Operation 1825 'mul' 'z1_38' <Predicate = true> <Delay = 0.00> <CoreInst = "DSP48">   --->   Core 119 'DSP48' <Latency = 3> <II = 1> <Delay = 2.15> <IPBlock> <Opcode : 'mul' 'add' 'sub' 'select'> <InPorts = 0> <OutPorts = 1> <Sync> <CReg>
ST_42 : Operation 1826 [1/3] (0.00ns) (grouped into DSP with root node tmp2_54)   --->   "%mul_ln144_6 = mul i32 %sext_ln121_4, i32 4294952159" [../import_files/import_files/2D_idct.cpp:144]   --->   Operation 1826 'mul' 'mul_ln144_6' <Predicate = true> <Delay = 0.00> <CoreInst = "DSP48">   --->   Core 119 'DSP48' <Latency = 3> <II = 1> <Delay = 2.15> <IPBlock> <Opcode : 'mul' 'add' 'sub' 'select'> <InPorts = 0> <OutPorts = 1> <Sync> <CReg>
ST_42 : Operation 1827 [2/2] (2.10ns) (root node of the DSP)   --->   "%tmp2_54 = add i32 %z1_38, i32 %mul_ln144_6" [../import_files/import_files/2D_idct.cpp:144]   --->   Operation 1827 'add' 'tmp2_54' <Predicate = true> <Delay = 2.10> <CoreInst = "DSP48">   --->   Core 119 'DSP48' <Latency = 3> <II = 1> <Delay = 2.15> <IPBlock> <Opcode : 'mul' 'add' 'sub' 'select'> <InPorts = 0> <OutPorts = 1> <Sync> <CReg>
ST_42 : Operation 1828 [1/3] (0.00ns) (grouped into DSP with root node tmp3_54)   --->   "%mul_ln145_6 = mul i32 %sext_ln121_1, i32 6270" [../import_files/import_files/2D_idct.cpp:145]   --->   Operation 1828 'mul' 'mul_ln145_6' <Predicate = true> <Delay = 0.00> <CoreInst = "DSP48">   --->   Core 119 'DSP48' <Latency = 3> <II = 1> <Delay = 2.15> <IPBlock> <Opcode : 'mul' 'add' 'sub' 'select'> <InPorts = 0> <OutPorts = 1> <Sync> <CReg>
ST_42 : Operation 1829 [2/2] (2.10ns) (root node of the DSP)   --->   "%tmp3_54 = add i32 %z1_38, i32 %mul_ln145_6" [../import_files/import_files/2D_idct.cpp:145]   --->   Operation 1829 'add' 'tmp3_54' <Predicate = true> <Delay = 2.10> <CoreInst = "DSP48">   --->   Core 119 'DSP48' <Latency = 3> <II = 1> <Delay = 2.15> <IPBlock> <Opcode : 'mul' 'add' 'sub' 'select'> <InPorts = 0> <OutPorts = 1> <Sync> <CReg>
ST_42 : Operation 1830 [1/3] (0.00ns) (grouped into DSP with root node add_ln183_12)   --->   "%tmp0_58 = mul i32 %sext_ln121_5, i32 2446" [../import_files/import_files/2D_idct.cpp:170]   --->   Operation 1830 'mul' 'tmp0_58' <Predicate = true> <Delay = 0.00> <CoreInst = "DSP48">   --->   Core 119 'DSP48' <Latency = 3> <II = 1> <Delay = 2.15> <IPBlock> <Opcode : 'mul' 'add' 'sub' 'select'> <InPorts = 0> <OutPorts = 1> <Sync> <CReg>
ST_42 : Operation 1831 [1/3] (0.00ns) (grouped into DSP with root node add_ln184_12)   --->   "%tmp1_56 = mul i32 %sext_ln121_3, i32 16819" [../import_files/import_files/2D_idct.cpp:171]   --->   Operation 1831 'mul' 'tmp1_56' <Predicate = true> <Delay = 0.00> <CoreInst = "DSP48">   --->   Core 119 'DSP48' <Latency = 3> <II = 1> <Delay = 2.15> <IPBlock> <Opcode : 'mul' 'add' 'sub' 'select'> <InPorts = 0> <OutPorts = 1> <Sync> <CReg>
ST_42 : Operation 1832 [1/3] (0.00ns) (grouped into DSP with root node add_ln185_12)   --->   "%tmp2_56 = mul i32 %sext_ln121_2, i32 25172" [../import_files/import_files/2D_idct.cpp:172]   --->   Operation 1832 'mul' 'tmp2_56' <Predicate = true> <Delay = 0.00> <CoreInst = "DSP48">   --->   Core 119 'DSP48' <Latency = 3> <II = 1> <Delay = 2.15> <IPBlock> <Opcode : 'mul' 'add' 'sub' 'select'> <InPorts = 0> <OutPorts = 1> <Sync> <CReg>
ST_42 : Operation 1833 [1/3] (0.00ns) (grouped into DSP with root node add_ln186_12)   --->   "%tmp3_56 = mul i32 %sext_ln121, i32 12299" [../import_files/import_files/2D_idct.cpp:173]   --->   Operation 1833 'mul' 'tmp3_56' <Predicate = true> <Delay = 0.00> <CoreInst = "DSP48">   --->   Core 119 'DSP48' <Latency = 3> <II = 1> <Delay = 2.15> <IPBlock> <Opcode : 'mul' 'add' 'sub' 'select'> <InPorts = 0> <OutPorts = 1> <Sync> <CReg>
ST_42 : Operation 1834 [1/2] (2.10ns) (root node of the DSP)   --->   "%z3_94 = add i32 %z5_12, i32 %z3_93" [../import_files/import_files/2D_idct.cpp:180]   --->   Operation 1834 'add' 'z3_94' <Predicate = true> <Delay = 2.10> <CoreInst = "DSP48">   --->   Core 119 'DSP48' <Latency = 3> <II = 1> <Delay = 2.15> <IPBlock> <Opcode : 'mul' 'add' 'sub' 'select'> <InPorts = 0> <OutPorts = 1> <Sync> <CReg>
ST_42 : Operation 1835 [2/2] (2.10ns) (root node of the DSP)   --->   "%add_ln185_12 = add i32 %tmp2_56, i32 %z3_94" [../import_files/import_files/2D_idct.cpp:185]   --->   Operation 1835 'add' 'add_ln185_12' <Predicate = true> <Delay = 2.10> <CoreInst = "DSP48">   --->   Core 119 'DSP48' <Latency = 3> <II = 1> <Delay = 2.15> <IPBlock> <Opcode : 'mul' 'add' 'sub' 'select'> <InPorts = 0> <OutPorts = 1> <Sync> <CReg>
ST_42 : Operation 1836 [2/2] (2.10ns) (root node of the DSP)   --->   "%add_ln183_12 = add i32 %tmp0_58, i32 %z3_94" [../import_files/import_files/2D_idct.cpp:183]   --->   Operation 1836 'add' 'add_ln183_12' <Predicate = true> <Delay = 2.10> <CoreInst = "DSP48">   --->   Core 119 'DSP48' <Latency = 3> <II = 1> <Delay = 2.15> <IPBlock> <Opcode : 'mul' 'add' 'sub' 'select'> <InPorts = 0> <OutPorts = 1> <Sync> <CReg>
ST_42 : Operation 1837 [1/2] (2.10ns) (root node of the DSP)   --->   "%z4_44 = add i32 %z5_12, i32 %z4_43" [../import_files/import_files/2D_idct.cpp:181]   --->   Operation 1837 'add' 'z4_44' <Predicate = true> <Delay = 2.10> <CoreInst = "DSP48">   --->   Core 119 'DSP48' <Latency = 3> <II = 1> <Delay = 2.15> <IPBlock> <Opcode : 'mul' 'add' 'sub' 'select'> <InPorts = 0> <OutPorts = 1> <Sync> <CReg>
ST_42 : Operation 1838 [2/2] (2.10ns) (root node of the DSP)   --->   "%add_ln186_12 = add i32 %tmp3_56, i32 %z4_44" [../import_files/import_files/2D_idct.cpp:186]   --->   Operation 1838 'add' 'add_ln186_12' <Predicate = true> <Delay = 2.10> <CoreInst = "DSP48">   --->   Core 119 'DSP48' <Latency = 3> <II = 1> <Delay = 2.15> <IPBlock> <Opcode : 'mul' 'add' 'sub' 'select'> <InPorts = 0> <OutPorts = 1> <Sync> <CReg>
ST_42 : Operation 1839 [2/2] (2.10ns) (root node of the DSP)   --->   "%add_ln184_12 = add i32 %tmp1_56, i32 %z4_44" [../import_files/import_files/2D_idct.cpp:184]   --->   Operation 1839 'add' 'add_ln184_12' <Predicate = true> <Delay = 2.10> <CoreInst = "DSP48">   --->   Core 119 'DSP48' <Latency = 3> <II = 1> <Delay = 2.15> <IPBlock> <Opcode : 'mul' 'add' 'sub' 'select'> <InPorts = 0> <OutPorts = 1> <Sync> <CReg>
ST_42 : Operation 1840 [1/2] (2.10ns) (root node of the DSP)   --->   "%tmp2_58 = add i32 %z1_41, i32 %mul_ln144_7" [../import_files/import_files/2D_idct.cpp:144]   --->   Operation 1840 'add' 'tmp2_58' <Predicate = true> <Delay = 2.10> <CoreInst = "DSP48">   --->   Core 119 'DSP48' <Latency = 3> <II = 1> <Delay = 2.15> <IPBlock> <Opcode : 'mul' 'add' 'sub' 'select'> <InPorts = 0> <OutPorts = 1> <Sync> <CReg>
ST_42 : Operation 1841 [1/2] (2.10ns) (root node of the DSP)   --->   "%tmp3_58 = add i32 %z1_41, i32 %mul_ln145_7" [../import_files/import_files/2D_idct.cpp:145]   --->   Operation 1841 'add' 'tmp3_58' <Predicate = true> <Delay = 2.10> <CoreInst = "DSP48">   --->   Core 119 'DSP48' <Latency = 3> <II = 1> <Delay = 2.15> <IPBlock> <Opcode : 'mul' 'add' 'sub' 'select'> <InPorts = 0> <OutPorts = 1> <Sync> <CReg>
ST_42 : Operation 1842 [1/1] (0.00ns)   --->   "%tmp0_60 = bitconcatenate i32 @_ssdm_op_BitConcatenate.i32.i19.i13, i19 %add_ln147_7, i13 0" [../import_files/import_files/2D_idct.cpp:147]   --->   Operation 1842 'bitconcatenate' 'tmp0_60' <Predicate = true> <Delay = 0.00>
ST_42 : Operation 1843 [1/1] (0.00ns) (grouped into TernaryAdder)   --->   "%tmp13_15 = sub i32 %tmp0_60, i32 %tmp3_58" [../import_files/import_files/2D_idct.cpp:151]   --->   Operation 1843 'sub' 'tmp13_15' <Predicate = true> <Delay = 0.00> <CoreInst = "TAddSub">   --->   Core 10 'TAddSub' <Latency = 0> <II = 1> <Delay = 2.18> <IPBlock> <Opcode : 'add' 'sub'> <InPorts = 3> <OutPorts = 1> <Sync> <CReg>
ST_42 : Operation 1844 [1/1] (0.00ns)   --->   "%tmp1_58 = bitconcatenate i32 @_ssdm_op_BitConcatenate.i32.i19.i13, i19 %sub_ln148_7, i13 0" [../import_files/import_files/2D_idct.cpp:148]   --->   Operation 1844 'bitconcatenate' 'tmp1_58' <Predicate = true> <Delay = 0.00>
ST_42 : Operation 1845 [1/1] (0.00ns) (grouped into TernaryAdder)   --->   "%tmp12_15 = sub i32 %tmp1_58, i32 %tmp2_58" [../import_files/import_files/2D_idct.cpp:153]   --->   Operation 1845 'sub' 'tmp12_15' <Predicate = true> <Delay = 0.00> <CoreInst = "TAddSub">   --->   Core 10 'TAddSub' <Latency = 0> <II = 1> <Delay = 2.18> <IPBlock> <Opcode : 'add' 'sub'> <InPorts = 3> <OutPorts = 1> <Sync> <CReg>
ST_42 : Operation 1846 [1/2] (2.10ns) (root node of the DSP)   --->   "%add_ln185_14 = add i32 %tmp2_60, i32 %z3_98" [../import_files/import_files/2D_idct.cpp:185]   --->   Operation 1846 'add' 'add_ln185_14' <Predicate = true> <Delay = 2.10> <CoreInst = "DSP48">   --->   Core 119 'DSP48' <Latency = 3> <II = 1> <Delay = 2.15> <IPBlock> <Opcode : 'mul' 'add' 'sub' 'select'> <InPorts = 0> <OutPorts = 1> <Sync> <CReg>
ST_42 : Operation 1847 [1/1] (2.55ns)   --->   "%tmp2_61 = add i32 %add_ln185_14, i32 %z2_56" [../import_files/import_files/2D_idct.cpp:185]   --->   Operation 1847 'add' 'tmp2_61' <Predicate = true> <Delay = 2.55> <CoreInst = "Adder">   --->   Core 1 'Adder' <Latency = 0> <II = 1> <Delay = 2.55> <FuncUnit> <Opcode : 'add' 'sub'> <InPorts = 2> <OutPorts = 1>
ST_42 : Operation 1848 [1/2] (2.10ns) (root node of the DSP)   --->   "%add_ln183_14 = add i32 %tmp0_62, i32 %z3_98" [../import_files/import_files/2D_idct.cpp:183]   --->   Operation 1848 'add' 'add_ln183_14' <Predicate = true> <Delay = 2.10> <CoreInst = "DSP48">   --->   Core 119 'DSP48' <Latency = 3> <II = 1> <Delay = 2.15> <IPBlock> <Opcode : 'mul' 'add' 'sub' 'select'> <InPorts = 0> <OutPorts = 1> <Sync> <CReg>
ST_42 : Operation 1849 [1/1] (2.55ns)   --->   "%tmp0_63 = add i32 %add_ln183_14, i32 %z1_43" [../import_files/import_files/2D_idct.cpp:183]   --->   Operation 1849 'add' 'tmp0_63' <Predicate = true> <Delay = 2.55> <CoreInst = "Adder">   --->   Core 1 'Adder' <Latency = 0> <II = 1> <Delay = 2.55> <FuncUnit> <Opcode : 'add' 'sub'> <InPorts = 2> <OutPorts = 1>
ST_42 : Operation 1850 [1/2] (2.10ns) (root node of the DSP)   --->   "%add_ln186_14 = add i32 %tmp3_60, i32 %z4_47" [../import_files/import_files/2D_idct.cpp:186]   --->   Operation 1850 'add' 'add_ln186_14' <Predicate = true> <Delay = 2.10> <CoreInst = "DSP48">   --->   Core 119 'DSP48' <Latency = 3> <II = 1> <Delay = 2.15> <IPBlock> <Opcode : 'mul' 'add' 'sub' 'select'> <InPorts = 0> <OutPorts = 1> <Sync> <CReg>
ST_42 : Operation 1851 [1/1] (2.55ns)   --->   "%tmp3_61 = add i32 %add_ln186_14, i32 %z1_43" [../import_files/import_files/2D_idct.cpp:186]   --->   Operation 1851 'add' 'tmp3_61' <Predicate = true> <Delay = 2.55> <CoreInst = "Adder">   --->   Core 1 'Adder' <Latency = 0> <II = 1> <Delay = 2.55> <FuncUnit> <Opcode : 'add' 'sub'> <InPorts = 2> <OutPorts = 1>
ST_42 : Operation 1852 [1/2] (2.10ns) (root node of the DSP)   --->   "%add_ln184_14 = add i32 %tmp1_60, i32 %z4_47" [../import_files/import_files/2D_idct.cpp:184]   --->   Operation 1852 'add' 'add_ln184_14' <Predicate = true> <Delay = 2.10> <CoreInst = "DSP48">   --->   Core 119 'DSP48' <Latency = 3> <II = 1> <Delay = 2.15> <IPBlock> <Opcode : 'mul' 'add' 'sub' 'select'> <InPorts = 0> <OutPorts = 1> <Sync> <CReg>
ST_42 : Operation 1853 [1/1] (2.55ns)   --->   "%tmp1_61 = add i32 %add_ln184_14, i32 %z2_56" [../import_files/import_files/2D_idct.cpp:184]   --->   Operation 1853 'add' 'tmp1_61' <Predicate = true> <Delay = 2.55> <CoreInst = "Adder">   --->   Core 1 'Adder' <Latency = 0> <II = 1> <Delay = 2.55> <FuncUnit> <Opcode : 'add' 'sub'> <InPorts = 2> <OutPorts = 1>
ST_42 : Operation 1854 [1/1] (0.00ns) (grouped into TernaryAdder)   --->   "%add_ln190_23 = add i32 %tmp3_58, i32 131072" [../import_files/import_files/2D_idct.cpp:190]   --->   Operation 1854 'add' 'add_ln190_23' <Predicate = true> <Delay = 0.00> <CoreInst = "TAddSub">   --->   Core 10 'TAddSub' <Latency = 0> <II = 1> <Delay = 2.18> <IPBlock> <Opcode : 'add' 'sub'> <InPorts = 3> <OutPorts = 1> <Sync> <CReg>
ST_42 : Operation 1855 [1/1] (4.37ns) (root node of TernaryAdder)   --->   "%add_ln190_14 = add i32 %add_ln190_23, i32 %tmp0_60" [../import_files/import_files/2D_idct.cpp:190]   --->   Operation 1855 'add' 'add_ln190_14' <Predicate = true> <Delay = 4.37> <CoreInst = "TAddSub">   --->   Core 10 'TAddSub' <Latency = 0> <II = 1> <Delay = 2.18> <IPBlock> <Opcode : 'add' 'sub'> <InPorts = 3> <OutPorts = 1> <Sync> <CReg>
ST_42 : Operation 1856 [1/1] (0.00ns) (grouped into TernaryAdder)   --->   "%add_ln191_23 = add i32 %tmp2_58, i32 131072" [../import_files/import_files/2D_idct.cpp:191]   --->   Operation 1856 'add' 'add_ln191_23' <Predicate = true> <Delay = 0.00> <CoreInst = "TAddSub">   --->   Core 10 'TAddSub' <Latency = 0> <II = 1> <Delay = 2.18> <IPBlock> <Opcode : 'add' 'sub'> <InPorts = 3> <OutPorts = 1> <Sync> <CReg>
ST_42 : Operation 1857 [1/1] (4.37ns) (root node of TernaryAdder)   --->   "%add_ln191_14 = add i32 %add_ln191_23, i32 %tmp1_58" [../import_files/import_files/2D_idct.cpp:191]   --->   Operation 1857 'add' 'add_ln191_14' <Predicate = true> <Delay = 4.37> <CoreInst = "TAddSub">   --->   Core 10 'TAddSub' <Latency = 0> <II = 1> <Delay = 2.18> <IPBlock> <Opcode : 'add' 'sub'> <InPorts = 3> <OutPorts = 1> <Sync> <CReg>
ST_42 : Operation 1858 [1/1] (4.37ns) (root node of TernaryAdder)   --->   "%add_ln192_14 = add i32 %tmp12_15, i32 131072" [../import_files/import_files/2D_idct.cpp:192]   --->   Operation 1858 'add' 'add_ln192_14' <Predicate = true> <Delay = 4.37> <CoreInst = "TAddSub">   --->   Core 10 'TAddSub' <Latency = 0> <II = 1> <Delay = 2.18> <IPBlock> <Opcode : 'add' 'sub'> <InPorts = 3> <OutPorts = 1> <Sync> <CReg>
ST_42 : Operation 1859 [1/1] (4.37ns) (root node of TernaryAdder)   --->   "%add_ln193_14 = add i32 %tmp13_15, i32 131072" [../import_files/import_files/2D_idct.cpp:193]   --->   Operation 1859 'add' 'add_ln193_14' <Predicate = true> <Delay = 4.37> <CoreInst = "TAddSub">   --->   Core 10 'TAddSub' <Latency = 0> <II = 1> <Delay = 2.18> <IPBlock> <Opcode : 'add' 'sub'> <InPorts = 3> <OutPorts = 1> <Sync> <CReg>

State 43 <SV = 42> <Delay = 6.53>
ST_43 : Operation 1860 [1/1] (2.16ns)   --->   "%sub_ln148_1 = sub i19 %trunc_ln148_2, i19 %trunc_ln148_s" [../import_files/import_files/2D_idct.cpp:148]   --->   Operation 1860 'sub' 'sub_ln148_1' <Predicate = true> <Delay = 2.16> <CoreInst = "Adder">   --->   Core 1 'Adder' <Latency = 0> <II = 1> <Delay = 2.16> <FuncUnit> <Opcode : 'add' 'sub'> <InPorts = 2> <OutPorts = 1>
ST_43 : Operation 1861 [1/1] (2.16ns)   --->   "%add_ln147_1 = add i19 %trunc_ln148_s, i19 %trunc_ln148_2" [../import_files/import_files/2D_idct.cpp:147]   --->   Operation 1861 'add' 'add_ln147_1' <Predicate = true> <Delay = 2.16> <CoreInst = "Adder">   --->   Core 1 'Adder' <Latency = 0> <II = 1> <Delay = 2.16> <FuncUnit> <Opcode : 'add' 'sub'> <InPorts = 2> <OutPorts = 1>
ST_43 : Operation 1862 [1/1] (2.16ns)   --->   "%sub_ln148_6 = sub i19 %trunc_ln148_3, i19 %trunc_ln148_10" [../import_files/import_files/2D_idct.cpp:148]   --->   Operation 1862 'sub' 'sub_ln148_6' <Predicate = true> <Delay = 2.16> <CoreInst = "Adder">   --->   Core 1 'Adder' <Latency = 0> <II = 1> <Delay = 2.16> <FuncUnit> <Opcode : 'add' 'sub'> <InPorts = 2> <OutPorts = 1>
ST_43 : Operation 1863 [1/1] (2.16ns)   --->   "%add_ln147_6 = add i19 %trunc_ln148_10, i19 %trunc_ln148_3" [../import_files/import_files/2D_idct.cpp:147]   --->   Operation 1863 'add' 'add_ln147_6' <Predicate = true> <Delay = 2.16> <CoreInst = "Adder">   --->   Core 1 'Adder' <Latency = 0> <II = 1> <Delay = 2.16> <FuncUnit> <Opcode : 'add' 'sub'> <InPorts = 2> <OutPorts = 1>
ST_43 : Operation 1864 [1/1] (2.16ns)   --->   "%sub_ln148_2 = sub i19 %trunc_ln148_4, i19 %trunc_ln148_11" [../import_files/import_files/2D_idct.cpp:148]   --->   Operation 1864 'sub' 'sub_ln148_2' <Predicate = true> <Delay = 2.16> <CoreInst = "Adder">   --->   Core 1 'Adder' <Latency = 0> <II = 1> <Delay = 2.16> <FuncUnit> <Opcode : 'add' 'sub'> <InPorts = 2> <OutPorts = 1>
ST_43 : Operation 1865 [1/1] (2.16ns)   --->   "%add_ln147_2 = add i19 %trunc_ln148_11, i19 %trunc_ln148_4" [../import_files/import_files/2D_idct.cpp:147]   --->   Operation 1865 'add' 'add_ln147_2' <Predicate = true> <Delay = 2.16> <CoreInst = "Adder">   --->   Core 1 'Adder' <Latency = 0> <II = 1> <Delay = 2.16> <FuncUnit> <Opcode : 'add' 'sub'> <InPorts = 2> <OutPorts = 1>
ST_43 : Operation 1866 [1/1] (2.16ns)   --->   "%sub_ln148_5 = sub i19 %trunc_ln148_5, i19 %trunc_ln148_12" [../import_files/import_files/2D_idct.cpp:148]   --->   Operation 1866 'sub' 'sub_ln148_5' <Predicate = true> <Delay = 2.16> <CoreInst = "Adder">   --->   Core 1 'Adder' <Latency = 0> <II = 1> <Delay = 2.16> <FuncUnit> <Opcode : 'add' 'sub'> <InPorts = 2> <OutPorts = 1>
ST_43 : Operation 1867 [1/1] (2.16ns)   --->   "%add_ln147_5 = add i19 %trunc_ln148_12, i19 %trunc_ln148_5" [../import_files/import_files/2D_idct.cpp:147]   --->   Operation 1867 'add' 'add_ln147_5' <Predicate = true> <Delay = 2.16> <CoreInst = "Adder">   --->   Core 1 'Adder' <Latency = 0> <II = 1> <Delay = 2.16> <FuncUnit> <Opcode : 'add' 'sub'> <InPorts = 2> <OutPorts = 1>
ST_43 : Operation 1868 [1/1] (2.55ns)   --->   "%sub_ln197 = sub i32 %add_ln190, i32 %tmp3_33" [../import_files/import_files/2D_idct.cpp:197]   --->   Operation 1868 'sub' 'sub_ln197' <Predicate = true> <Delay = 2.55> <CoreInst = "Adder">   --->   Core 1 'Adder' <Latency = 0> <II = 1> <Delay = 2.55> <FuncUnit> <Opcode : 'add' 'sub'> <InPorts = 2> <OutPorts = 1>
ST_43 : Operation 1869 [1/1] (2.55ns)   --->   "%add_ln190_1 = add i32 %tmp3_33, i32 %add_ln190" [../import_files/import_files/2D_idct.cpp:190]   --->   Operation 1869 'add' 'add_ln190_1' <Predicate = true> <Delay = 2.55> <CoreInst = "Adder">   --->   Core 1 'Adder' <Latency = 0> <II = 1> <Delay = 2.55> <FuncUnit> <Opcode : 'add' 'sub'> <InPorts = 2> <OutPorts = 1>
ST_43 : Operation 1870 [1/1] (0.00ns) (grouped into LUT with out node select_ln190)   --->   "%trunc_ln6 = partselect i8 @_ssdm_op_PartSelect.i8.i32.i32.i32, i32 %add_ln190_1, i32 18, i32 25" [../import_files/import_files/2D_idct.cpp:190]   --->   Operation 1870 'partselect' 'trunc_ln6' <Predicate = true> <Delay = 0.00>
ST_43 : Operation 1871 [1/1] (0.00ns)   --->   "%tmp_7 = bitselect i1 @_ssdm_op_BitSelect.i1.i32.i32, i32 %add_ln190_1, i32 31" [../import_files/import_files/2D_idct.cpp:190]   --->   Operation 1871 'bitselect' 'tmp_7' <Predicate = true> <Delay = 0.00>
ST_43 : Operation 1872 [1/1] (0.00ns)   --->   "%tmp_8 = partselect i6 @_ssdm_op_PartSelect.i6.i32.i32.i32, i32 %add_ln190_1, i32 26, i32 31" [../import_files/import_files/2D_idct.cpp:190]   --->   Operation 1872 'partselect' 'tmp_8' <Predicate = true> <Delay = 0.00>
ST_43 : Operation 1873 [1/1] (1.42ns)   --->   "%icmp_ln190 = icmp_sgt  i6 %tmp_8, i6 0" [../import_files/import_files/2D_idct.cpp:190]   --->   Operation 1873 'icmp' 'icmp_ln190' <Predicate = true> <Delay = 1.42> <CoreInst = "Cmp">   --->   Core 9 'Cmp' <Latency = 0> <II = 1> <Delay = 1.42> <FuncUnit> <Opcode : 'icmp'> <InPorts = 2> <OutPorts = 1>
ST_43 : Operation 1874 [1/1] (0.00ns) (grouped into LUT with out node select_ln190)   --->   "%or_ln190 = or i1 %tmp_7, i1 %icmp_ln190" [../import_files/import_files/2D_idct.cpp:190]   --->   Operation 1874 'or' 'or_ln190' <Predicate = true> <Delay = 0.00> <CoreInst = "LogicGate">   --->   Core 74 'LogicGate' <Latency = 0> <II = 1> <Delay = 0.97> <FuncUnit> <Opcode : 'and' 'or' 'xor'> <InPorts = 2> <OutPorts = 1>
ST_43 : Operation 1875 [1/1] (0.00ns) (grouped into LUT with out node select_ln190)   --->   "%xor_ln190 = xor i1 %tmp_7, i1 1" [../import_files/import_files/2D_idct.cpp:190]   --->   Operation 1875 'xor' 'xor_ln190' <Predicate = true> <Delay = 0.00> <CoreInst = "LogicGate">   --->   Core 74 'LogicGate' <Latency = 0> <II = 1> <Delay = 0.97> <FuncUnit> <Opcode : 'and' 'or' 'xor'> <InPorts = 2> <OutPorts = 1>
ST_43 : Operation 1876 [1/1] (0.00ns) (grouped into LUT with out node select_ln190)   --->   "%select_ln190_8 = select i1 %xor_ln190, i8 255, i8 0" [../import_files/import_files/2D_idct.cpp:190]   --->   Operation 1876 'select' 'select_ln190_8' <Predicate = true> <Delay = 0.00> <CoreInst = "Sel">   --->   Core 73 'Sel' <Latency = 0> <II = 1> <Delay = 0.99> <FuncUnit> <Opcode : 'select'> <InPorts = 3> <OutPorts = 1>
ST_43 : Operation 1877 [1/1] (1.24ns) (out node of the LUT)   --->   "%select_ln190 = select i1 %or_ln190, i8 %select_ln190_8, i8 %trunc_ln6" [../import_files/import_files/2D_idct.cpp:190]   --->   Operation 1877 'select' 'select_ln190' <Predicate = true> <Delay = 1.24> <CoreInst = "Sel">   --->   Core 73 'Sel' <Latency = 0> <II = 1> <Delay = 1.24> <FuncUnit> <Opcode : 'select'> <InPorts = 3> <OutPorts = 1>
ST_43 : Operation 1878 [1/1] (2.55ns)   --->   "%sub_ln196 = sub i32 %add_ln191, i32 %tmp2_33" [../import_files/import_files/2D_idct.cpp:196]   --->   Operation 1878 'sub' 'sub_ln196' <Predicate = true> <Delay = 2.55> <CoreInst = "Adder">   --->   Core 1 'Adder' <Latency = 0> <II = 1> <Delay = 2.55> <FuncUnit> <Opcode : 'add' 'sub'> <InPorts = 2> <OutPorts = 1>
ST_43 : Operation 1879 [1/1] (2.55ns)   --->   "%add_ln191_1 = add i32 %tmp2_33, i32 %add_ln191" [../import_files/import_files/2D_idct.cpp:191]   --->   Operation 1879 'add' 'add_ln191_1' <Predicate = true> <Delay = 2.55> <CoreInst = "Adder">   --->   Core 1 'Adder' <Latency = 0> <II = 1> <Delay = 2.55> <FuncUnit> <Opcode : 'add' 'sub'> <InPorts = 2> <OutPorts = 1>
ST_43 : Operation 1880 [1/1] (0.00ns) (grouped into LUT with out node select_ln191)   --->   "%trunc_ln7 = partselect i8 @_ssdm_op_PartSelect.i8.i32.i32.i32, i32 %add_ln191_1, i32 18, i32 25" [../import_files/import_files/2D_idct.cpp:191]   --->   Operation 1880 'partselect' 'trunc_ln7' <Predicate = true> <Delay = 0.00>
ST_43 : Operation 1881 [1/1] (0.00ns)   --->   "%tmp_9 = bitselect i1 @_ssdm_op_BitSelect.i1.i32.i32, i32 %add_ln191_1, i32 31" [../import_files/import_files/2D_idct.cpp:191]   --->   Operation 1881 'bitselect' 'tmp_9' <Predicate = true> <Delay = 0.00>
ST_43 : Operation 1882 [1/1] (0.00ns)   --->   "%tmp_10 = partselect i6 @_ssdm_op_PartSelect.i6.i32.i32.i32, i32 %add_ln191_1, i32 26, i32 31" [../import_files/import_files/2D_idct.cpp:191]   --->   Operation 1882 'partselect' 'tmp_10' <Predicate = true> <Delay = 0.00>
ST_43 : Operation 1883 [1/1] (1.42ns)   --->   "%icmp_ln191 = icmp_sgt  i6 %tmp_10, i6 0" [../import_files/import_files/2D_idct.cpp:191]   --->   Operation 1883 'icmp' 'icmp_ln191' <Predicate = true> <Delay = 1.42> <CoreInst = "Cmp">   --->   Core 9 'Cmp' <Latency = 0> <II = 1> <Delay = 1.42> <FuncUnit> <Opcode : 'icmp'> <InPorts = 2> <OutPorts = 1>
ST_43 : Operation 1884 [1/1] (0.00ns) (grouped into LUT with out node select_ln191)   --->   "%or_ln191 = or i1 %tmp_9, i1 %icmp_ln191" [../import_files/import_files/2D_idct.cpp:191]   --->   Operation 1884 'or' 'or_ln191' <Predicate = true> <Delay = 0.00> <CoreInst = "LogicGate">   --->   Core 74 'LogicGate' <Latency = 0> <II = 1> <Delay = 0.97> <FuncUnit> <Opcode : 'and' 'or' 'xor'> <InPorts = 2> <OutPorts = 1>
ST_43 : Operation 1885 [1/1] (0.00ns) (grouped into LUT with out node select_ln191)   --->   "%xor_ln191 = xor i1 %tmp_9, i1 1" [../import_files/import_files/2D_idct.cpp:191]   --->   Operation 1885 'xor' 'xor_ln191' <Predicate = true> <Delay = 0.00> <CoreInst = "LogicGate">   --->   Core 74 'LogicGate' <Latency = 0> <II = 1> <Delay = 0.97> <FuncUnit> <Opcode : 'and' 'or' 'xor'> <InPorts = 2> <OutPorts = 1>
ST_43 : Operation 1886 [1/1] (0.00ns) (grouped into LUT with out node select_ln191)   --->   "%select_ln191_8 = select i1 %xor_ln191, i8 255, i8 0" [../import_files/import_files/2D_idct.cpp:191]   --->   Operation 1886 'select' 'select_ln191_8' <Predicate = true> <Delay = 0.00> <CoreInst = "Sel">   --->   Core 73 'Sel' <Latency = 0> <II = 1> <Delay = 0.99> <FuncUnit> <Opcode : 'select'> <InPorts = 3> <OutPorts = 1>
ST_43 : Operation 1887 [1/1] (1.24ns) (out node of the LUT)   --->   "%select_ln191 = select i1 %or_ln191, i8 %select_ln191_8, i8 %trunc_ln7" [../import_files/import_files/2D_idct.cpp:191]   --->   Operation 1887 'select' 'select_ln191' <Predicate = true> <Delay = 1.24> <CoreInst = "Sel">   --->   Core 73 'Sel' <Latency = 0> <II = 1> <Delay = 1.24> <FuncUnit> <Opcode : 'select'> <InPorts = 3> <OutPorts = 1>
ST_43 : Operation 1888 [1/1] (2.55ns)   --->   "%sub_ln195 = sub i32 %add_ln192, i32 %tmp1_33" [../import_files/import_files/2D_idct.cpp:195]   --->   Operation 1888 'sub' 'sub_ln195' <Predicate = true> <Delay = 2.55> <CoreInst = "Adder">   --->   Core 1 'Adder' <Latency = 0> <II = 1> <Delay = 2.55> <FuncUnit> <Opcode : 'add' 'sub'> <InPorts = 2> <OutPorts = 1>
ST_43 : Operation 1889 [1/1] (2.55ns)   --->   "%add_ln192_1 = add i32 %tmp1_33, i32 %add_ln192" [../import_files/import_files/2D_idct.cpp:192]   --->   Operation 1889 'add' 'add_ln192_1' <Predicate = true> <Delay = 2.55> <CoreInst = "Adder">   --->   Core 1 'Adder' <Latency = 0> <II = 1> <Delay = 2.55> <FuncUnit> <Opcode : 'add' 'sub'> <InPorts = 2> <OutPorts = 1>
ST_43 : Operation 1890 [1/1] (0.00ns) (grouped into LUT with out node select_ln192)   --->   "%trunc_ln8 = partselect i8 @_ssdm_op_PartSelect.i8.i32.i32.i32, i32 %add_ln192_1, i32 18, i32 25" [../import_files/import_files/2D_idct.cpp:192]   --->   Operation 1890 'partselect' 'trunc_ln8' <Predicate = true> <Delay = 0.00>
ST_43 : Operation 1891 [1/1] (0.00ns)   --->   "%tmp_11 = bitselect i1 @_ssdm_op_BitSelect.i1.i32.i32, i32 %add_ln192_1, i32 31" [../import_files/import_files/2D_idct.cpp:192]   --->   Operation 1891 'bitselect' 'tmp_11' <Predicate = true> <Delay = 0.00>
ST_43 : Operation 1892 [1/1] (0.00ns)   --->   "%tmp_12 = partselect i6 @_ssdm_op_PartSelect.i6.i32.i32.i32, i32 %add_ln192_1, i32 26, i32 31" [../import_files/import_files/2D_idct.cpp:192]   --->   Operation 1892 'partselect' 'tmp_12' <Predicate = true> <Delay = 0.00>
ST_43 : Operation 1893 [1/1] (1.42ns)   --->   "%icmp_ln192 = icmp_sgt  i6 %tmp_12, i6 0" [../import_files/import_files/2D_idct.cpp:192]   --->   Operation 1893 'icmp' 'icmp_ln192' <Predicate = true> <Delay = 1.42> <CoreInst = "Cmp">   --->   Core 9 'Cmp' <Latency = 0> <II = 1> <Delay = 1.42> <FuncUnit> <Opcode : 'icmp'> <InPorts = 2> <OutPorts = 1>
ST_43 : Operation 1894 [1/1] (0.00ns) (grouped into LUT with out node select_ln192)   --->   "%or_ln192 = or i1 %tmp_11, i1 %icmp_ln192" [../import_files/import_files/2D_idct.cpp:192]   --->   Operation 1894 'or' 'or_ln192' <Predicate = true> <Delay = 0.00> <CoreInst = "LogicGate">   --->   Core 74 'LogicGate' <Latency = 0> <II = 1> <Delay = 0.97> <FuncUnit> <Opcode : 'and' 'or' 'xor'> <InPorts = 2> <OutPorts = 1>
ST_43 : Operation 1895 [1/1] (0.00ns) (grouped into LUT with out node select_ln192)   --->   "%xor_ln192 = xor i1 %tmp_11, i1 1" [../import_files/import_files/2D_idct.cpp:192]   --->   Operation 1895 'xor' 'xor_ln192' <Predicate = true> <Delay = 0.00> <CoreInst = "LogicGate">   --->   Core 74 'LogicGate' <Latency = 0> <II = 1> <Delay = 0.97> <FuncUnit> <Opcode : 'and' 'or' 'xor'> <InPorts = 2> <OutPorts = 1>
ST_43 : Operation 1896 [1/1] (0.00ns) (grouped into LUT with out node select_ln192)   --->   "%select_ln192_8 = select i1 %xor_ln192, i8 255, i8 0" [../import_files/import_files/2D_idct.cpp:192]   --->   Operation 1896 'select' 'select_ln192_8' <Predicate = true> <Delay = 0.00> <CoreInst = "Sel">   --->   Core 73 'Sel' <Latency = 0> <II = 1> <Delay = 0.99> <FuncUnit> <Opcode : 'select'> <InPorts = 3> <OutPorts = 1>
ST_43 : Operation 1897 [1/1] (1.24ns) (out node of the LUT)   --->   "%select_ln192 = select i1 %or_ln192, i8 %select_ln192_8, i8 %trunc_ln8" [../import_files/import_files/2D_idct.cpp:192]   --->   Operation 1897 'select' 'select_ln192' <Predicate = true> <Delay = 1.24> <CoreInst = "Sel">   --->   Core 73 'Sel' <Latency = 0> <II = 1> <Delay = 1.24> <FuncUnit> <Opcode : 'select'> <InPorts = 3> <OutPorts = 1>
ST_43 : Operation 1898 [1/1] (2.55ns)   --->   "%sub_ln194 = sub i32 %add_ln193, i32 %tmp0_35" [../import_files/import_files/2D_idct.cpp:194]   --->   Operation 1898 'sub' 'sub_ln194' <Predicate = true> <Delay = 2.55> <CoreInst = "Adder">   --->   Core 1 'Adder' <Latency = 0> <II = 1> <Delay = 2.55> <FuncUnit> <Opcode : 'add' 'sub'> <InPorts = 2> <OutPorts = 1>
ST_43 : Operation 1899 [1/1] (2.55ns)   --->   "%add_ln193_1 = add i32 %tmp0_35, i32 %add_ln193" [../import_files/import_files/2D_idct.cpp:193]   --->   Operation 1899 'add' 'add_ln193_1' <Predicate = true> <Delay = 2.55> <CoreInst = "Adder">   --->   Core 1 'Adder' <Latency = 0> <II = 1> <Delay = 2.55> <FuncUnit> <Opcode : 'add' 'sub'> <InPorts = 2> <OutPorts = 1>
ST_43 : Operation 1900 [1/1] (0.00ns) (grouped into LUT with out node select_ln193)   --->   "%trunc_ln9 = partselect i8 @_ssdm_op_PartSelect.i8.i32.i32.i32, i32 %add_ln193_1, i32 18, i32 25" [../import_files/import_files/2D_idct.cpp:193]   --->   Operation 1900 'partselect' 'trunc_ln9' <Predicate = true> <Delay = 0.00>
ST_43 : Operation 1901 [1/1] (0.00ns)   --->   "%tmp_13 = bitselect i1 @_ssdm_op_BitSelect.i1.i32.i32, i32 %add_ln193_1, i32 31" [../import_files/import_files/2D_idct.cpp:193]   --->   Operation 1901 'bitselect' 'tmp_13' <Predicate = true> <Delay = 0.00>
ST_43 : Operation 1902 [1/1] (0.00ns)   --->   "%tmp_14 = partselect i6 @_ssdm_op_PartSelect.i6.i32.i32.i32, i32 %add_ln193_1, i32 26, i32 31" [../import_files/import_files/2D_idct.cpp:193]   --->   Operation 1902 'partselect' 'tmp_14' <Predicate = true> <Delay = 0.00>
ST_43 : Operation 1903 [1/1] (1.42ns)   --->   "%icmp_ln193 = icmp_sgt  i6 %tmp_14, i6 0" [../import_files/import_files/2D_idct.cpp:193]   --->   Operation 1903 'icmp' 'icmp_ln193' <Predicate = true> <Delay = 1.42> <CoreInst = "Cmp">   --->   Core 9 'Cmp' <Latency = 0> <II = 1> <Delay = 1.42> <FuncUnit> <Opcode : 'icmp'> <InPorts = 2> <OutPorts = 1>
ST_43 : Operation 1904 [1/1] (0.00ns) (grouped into LUT with out node select_ln193)   --->   "%or_ln193 = or i1 %tmp_13, i1 %icmp_ln193" [../import_files/import_files/2D_idct.cpp:193]   --->   Operation 1904 'or' 'or_ln193' <Predicate = true> <Delay = 0.00> <CoreInst = "LogicGate">   --->   Core 74 'LogicGate' <Latency = 0> <II = 1> <Delay = 0.97> <FuncUnit> <Opcode : 'and' 'or' 'xor'> <InPorts = 2> <OutPorts = 1>
ST_43 : Operation 1905 [1/1] (0.00ns) (grouped into LUT with out node select_ln193)   --->   "%xor_ln193 = xor i1 %tmp_13, i1 1" [../import_files/import_files/2D_idct.cpp:193]   --->   Operation 1905 'xor' 'xor_ln193' <Predicate = true> <Delay = 0.00> <CoreInst = "LogicGate">   --->   Core 74 'LogicGate' <Latency = 0> <II = 1> <Delay = 0.97> <FuncUnit> <Opcode : 'and' 'or' 'xor'> <InPorts = 2> <OutPorts = 1>
ST_43 : Operation 1906 [1/1] (0.00ns) (grouped into LUT with out node select_ln193)   --->   "%select_ln193_8 = select i1 %xor_ln193, i8 255, i8 0" [../import_files/import_files/2D_idct.cpp:193]   --->   Operation 1906 'select' 'select_ln193_8' <Predicate = true> <Delay = 0.00> <CoreInst = "Sel">   --->   Core 73 'Sel' <Latency = 0> <II = 1> <Delay = 0.99> <FuncUnit> <Opcode : 'select'> <InPorts = 3> <OutPorts = 1>
ST_43 : Operation 1907 [1/1] (1.24ns) (out node of the LUT)   --->   "%select_ln193 = select i1 %or_ln193, i8 %select_ln193_8, i8 %trunc_ln9" [../import_files/import_files/2D_idct.cpp:193]   --->   Operation 1907 'select' 'select_ln193' <Predicate = true> <Delay = 1.24> <CoreInst = "Sel">   --->   Core 73 'Sel' <Latency = 0> <II = 1> <Delay = 1.24> <FuncUnit> <Opcode : 'select'> <InPorts = 3> <OutPorts = 1>
ST_43 : Operation 1908 [1/1] (0.00ns) (grouped into LUT with out node select_ln194)   --->   "%trunc_ln = partselect i8 @_ssdm_op_PartSelect.i8.i32.i32.i32, i32 %sub_ln194, i32 18, i32 25" [../import_files/import_files/2D_idct.cpp:194]   --->   Operation 1908 'partselect' 'trunc_ln' <Predicate = true> <Delay = 0.00>
ST_43 : Operation 1909 [1/1] (0.00ns)   --->   "%tmp_15 = bitselect i1 @_ssdm_op_BitSelect.i1.i32.i32, i32 %sub_ln194, i32 31" [../import_files/import_files/2D_idct.cpp:194]   --->   Operation 1909 'bitselect' 'tmp_15' <Predicate = true> <Delay = 0.00>
ST_43 : Operation 1910 [1/1] (0.00ns)   --->   "%tmp_16 = partselect i6 @_ssdm_op_PartSelect.i6.i32.i32.i32, i32 %sub_ln194, i32 26, i32 31" [../import_files/import_files/2D_idct.cpp:194]   --->   Operation 1910 'partselect' 'tmp_16' <Predicate = true> <Delay = 0.00>
ST_43 : Operation 1911 [1/1] (1.42ns)   --->   "%icmp_ln194 = icmp_sgt  i6 %tmp_16, i6 0" [../import_files/import_files/2D_idct.cpp:194]   --->   Operation 1911 'icmp' 'icmp_ln194' <Predicate = true> <Delay = 1.42> <CoreInst = "Cmp">   --->   Core 9 'Cmp' <Latency = 0> <II = 1> <Delay = 1.42> <FuncUnit> <Opcode : 'icmp'> <InPorts = 2> <OutPorts = 1>
ST_43 : Operation 1912 [1/1] (0.00ns) (grouped into LUT with out node select_ln194)   --->   "%or_ln194 = or i1 %tmp_15, i1 %icmp_ln194" [../import_files/import_files/2D_idct.cpp:194]   --->   Operation 1912 'or' 'or_ln194' <Predicate = true> <Delay = 0.00> <CoreInst = "LogicGate">   --->   Core 74 'LogicGate' <Latency = 0> <II = 1> <Delay = 0.97> <FuncUnit> <Opcode : 'and' 'or' 'xor'> <InPorts = 2> <OutPorts = 1>
ST_43 : Operation 1913 [1/1] (0.00ns) (grouped into LUT with out node select_ln194)   --->   "%xor_ln194 = xor i1 %tmp_15, i1 1" [../import_files/import_files/2D_idct.cpp:194]   --->   Operation 1913 'xor' 'xor_ln194' <Predicate = true> <Delay = 0.00> <CoreInst = "LogicGate">   --->   Core 74 'LogicGate' <Latency = 0> <II = 1> <Delay = 0.97> <FuncUnit> <Opcode : 'and' 'or' 'xor'> <InPorts = 2> <OutPorts = 1>
ST_43 : Operation 1914 [1/1] (0.00ns) (grouped into LUT with out node select_ln194)   --->   "%select_ln194_8 = select i1 %xor_ln194, i8 255, i8 0" [../import_files/import_files/2D_idct.cpp:194]   --->   Operation 1914 'select' 'select_ln194_8' <Predicate = true> <Delay = 0.00> <CoreInst = "Sel">   --->   Core 73 'Sel' <Latency = 0> <II = 1> <Delay = 0.99> <FuncUnit> <Opcode : 'select'> <InPorts = 3> <OutPorts = 1>
ST_43 : Operation 1915 [1/1] (1.24ns) (out node of the LUT)   --->   "%select_ln194 = select i1 %or_ln194, i8 %select_ln194_8, i8 %trunc_ln" [../import_files/import_files/2D_idct.cpp:194]   --->   Operation 1915 'select' 'select_ln194' <Predicate = true> <Delay = 1.24> <CoreInst = "Sel">   --->   Core 73 'Sel' <Latency = 0> <II = 1> <Delay = 1.24> <FuncUnit> <Opcode : 'select'> <InPorts = 3> <OutPorts = 1>
ST_43 : Operation 1916 [1/1] (0.00ns) (grouped into LUT with out node select_ln195)   --->   "%trunc_ln1 = partselect i8 @_ssdm_op_PartSelect.i8.i32.i32.i32, i32 %sub_ln195, i32 18, i32 25" [../import_files/import_files/2D_idct.cpp:195]   --->   Operation 1916 'partselect' 'trunc_ln1' <Predicate = true> <Delay = 0.00>
ST_43 : Operation 1917 [1/1] (0.00ns)   --->   "%tmp_17 = bitselect i1 @_ssdm_op_BitSelect.i1.i32.i32, i32 %sub_ln195, i32 31" [../import_files/import_files/2D_idct.cpp:195]   --->   Operation 1917 'bitselect' 'tmp_17' <Predicate = true> <Delay = 0.00>
ST_43 : Operation 1918 [1/1] (0.00ns)   --->   "%tmp_18 = partselect i6 @_ssdm_op_PartSelect.i6.i32.i32.i32, i32 %sub_ln195, i32 26, i32 31" [../import_files/import_files/2D_idct.cpp:195]   --->   Operation 1918 'partselect' 'tmp_18' <Predicate = true> <Delay = 0.00>
ST_43 : Operation 1919 [1/1] (1.42ns)   --->   "%icmp_ln195 = icmp_sgt  i6 %tmp_18, i6 0" [../import_files/import_files/2D_idct.cpp:195]   --->   Operation 1919 'icmp' 'icmp_ln195' <Predicate = true> <Delay = 1.42> <CoreInst = "Cmp">   --->   Core 9 'Cmp' <Latency = 0> <II = 1> <Delay = 1.42> <FuncUnit> <Opcode : 'icmp'> <InPorts = 2> <OutPorts = 1>
ST_43 : Operation 1920 [1/1] (0.00ns) (grouped into LUT with out node select_ln195)   --->   "%or_ln195 = or i1 %tmp_17, i1 %icmp_ln195" [../import_files/import_files/2D_idct.cpp:195]   --->   Operation 1920 'or' 'or_ln195' <Predicate = true> <Delay = 0.00> <CoreInst = "LogicGate">   --->   Core 74 'LogicGate' <Latency = 0> <II = 1> <Delay = 0.97> <FuncUnit> <Opcode : 'and' 'or' 'xor'> <InPorts = 2> <OutPorts = 1>
ST_43 : Operation 1921 [1/1] (0.00ns) (grouped into LUT with out node select_ln195)   --->   "%xor_ln195 = xor i1 %tmp_17, i1 1" [../import_files/import_files/2D_idct.cpp:195]   --->   Operation 1921 'xor' 'xor_ln195' <Predicate = true> <Delay = 0.00> <CoreInst = "LogicGate">   --->   Core 74 'LogicGate' <Latency = 0> <II = 1> <Delay = 0.97> <FuncUnit> <Opcode : 'and' 'or' 'xor'> <InPorts = 2> <OutPorts = 1>
ST_43 : Operation 1922 [1/1] (0.00ns) (grouped into LUT with out node select_ln195)   --->   "%select_ln195_8 = select i1 %xor_ln195, i8 255, i8 0" [../import_files/import_files/2D_idct.cpp:195]   --->   Operation 1922 'select' 'select_ln195_8' <Predicate = true> <Delay = 0.00> <CoreInst = "Sel">   --->   Core 73 'Sel' <Latency = 0> <II = 1> <Delay = 0.99> <FuncUnit> <Opcode : 'select'> <InPorts = 3> <OutPorts = 1>
ST_43 : Operation 1923 [1/1] (1.24ns) (out node of the LUT)   --->   "%select_ln195 = select i1 %or_ln195, i8 %select_ln195_8, i8 %trunc_ln1" [../import_files/import_files/2D_idct.cpp:195]   --->   Operation 1923 'select' 'select_ln195' <Predicate = true> <Delay = 1.24> <CoreInst = "Sel">   --->   Core 73 'Sel' <Latency = 0> <II = 1> <Delay = 1.24> <FuncUnit> <Opcode : 'select'> <InPorts = 3> <OutPorts = 1>
ST_43 : Operation 1924 [1/1] (0.00ns) (grouped into LUT with out node select_ln196)   --->   "%trunc_ln2 = partselect i8 @_ssdm_op_PartSelect.i8.i32.i32.i32, i32 %sub_ln196, i32 18, i32 25" [../import_files/import_files/2D_idct.cpp:196]   --->   Operation 1924 'partselect' 'trunc_ln2' <Predicate = true> <Delay = 0.00>
ST_43 : Operation 1925 [1/1] (0.00ns)   --->   "%tmp_19 = bitselect i1 @_ssdm_op_BitSelect.i1.i32.i32, i32 %sub_ln196, i32 31" [../import_files/import_files/2D_idct.cpp:196]   --->   Operation 1925 'bitselect' 'tmp_19' <Predicate = true> <Delay = 0.00>
ST_43 : Operation 1926 [1/1] (0.00ns)   --->   "%tmp_20 = partselect i6 @_ssdm_op_PartSelect.i6.i32.i32.i32, i32 %sub_ln196, i32 26, i32 31" [../import_files/import_files/2D_idct.cpp:196]   --->   Operation 1926 'partselect' 'tmp_20' <Predicate = true> <Delay = 0.00>
ST_43 : Operation 1927 [1/1] (1.42ns)   --->   "%icmp_ln196 = icmp_sgt  i6 %tmp_20, i6 0" [../import_files/import_files/2D_idct.cpp:196]   --->   Operation 1927 'icmp' 'icmp_ln196' <Predicate = true> <Delay = 1.42> <CoreInst = "Cmp">   --->   Core 9 'Cmp' <Latency = 0> <II = 1> <Delay = 1.42> <FuncUnit> <Opcode : 'icmp'> <InPorts = 2> <OutPorts = 1>
ST_43 : Operation 1928 [1/1] (0.00ns) (grouped into LUT with out node select_ln196)   --->   "%or_ln196 = or i1 %tmp_19, i1 %icmp_ln196" [../import_files/import_files/2D_idct.cpp:196]   --->   Operation 1928 'or' 'or_ln196' <Predicate = true> <Delay = 0.00> <CoreInst = "LogicGate">   --->   Core 74 'LogicGate' <Latency = 0> <II = 1> <Delay = 0.97> <FuncUnit> <Opcode : 'and' 'or' 'xor'> <InPorts = 2> <OutPorts = 1>
ST_43 : Operation 1929 [1/1] (0.00ns) (grouped into LUT with out node select_ln196)   --->   "%xor_ln196 = xor i1 %tmp_19, i1 1" [../import_files/import_files/2D_idct.cpp:196]   --->   Operation 1929 'xor' 'xor_ln196' <Predicate = true> <Delay = 0.00> <CoreInst = "LogicGate">   --->   Core 74 'LogicGate' <Latency = 0> <II = 1> <Delay = 0.97> <FuncUnit> <Opcode : 'and' 'or' 'xor'> <InPorts = 2> <OutPorts = 1>
ST_43 : Operation 1930 [1/1] (0.00ns) (grouped into LUT with out node select_ln196)   --->   "%select_ln196_8 = select i1 %xor_ln196, i8 255, i8 0" [../import_files/import_files/2D_idct.cpp:196]   --->   Operation 1930 'select' 'select_ln196_8' <Predicate = true> <Delay = 0.00> <CoreInst = "Sel">   --->   Core 73 'Sel' <Latency = 0> <II = 1> <Delay = 0.99> <FuncUnit> <Opcode : 'select'> <InPorts = 3> <OutPorts = 1>
ST_43 : Operation 1931 [1/1] (1.24ns) (out node of the LUT)   --->   "%select_ln196 = select i1 %or_ln196, i8 %select_ln196_8, i8 %trunc_ln2" [../import_files/import_files/2D_idct.cpp:196]   --->   Operation 1931 'select' 'select_ln196' <Predicate = true> <Delay = 1.24> <CoreInst = "Sel">   --->   Core 73 'Sel' <Latency = 0> <II = 1> <Delay = 1.24> <FuncUnit> <Opcode : 'select'> <InPorts = 3> <OutPorts = 1>
ST_43 : Operation 1932 [1/1] (0.00ns) (grouped into LUT with out node select_ln197)   --->   "%trunc_ln3 = partselect i8 @_ssdm_op_PartSelect.i8.i32.i32.i32, i32 %sub_ln197, i32 18, i32 25" [../import_files/import_files/2D_idct.cpp:197]   --->   Operation 1932 'partselect' 'trunc_ln3' <Predicate = true> <Delay = 0.00>
ST_43 : Operation 1933 [1/1] (0.00ns)   --->   "%tmp_21 = bitselect i1 @_ssdm_op_BitSelect.i1.i32.i32, i32 %sub_ln197, i32 31" [../import_files/import_files/2D_idct.cpp:197]   --->   Operation 1933 'bitselect' 'tmp_21' <Predicate = true> <Delay = 0.00>
ST_43 : Operation 1934 [1/1] (0.00ns)   --->   "%tmp_22 = partselect i6 @_ssdm_op_PartSelect.i6.i32.i32.i32, i32 %sub_ln197, i32 26, i32 31" [../import_files/import_files/2D_idct.cpp:197]   --->   Operation 1934 'partselect' 'tmp_22' <Predicate = true> <Delay = 0.00>
ST_43 : Operation 1935 [1/1] (1.42ns)   --->   "%icmp_ln197 = icmp_sgt  i6 %tmp_22, i6 0" [../import_files/import_files/2D_idct.cpp:197]   --->   Operation 1935 'icmp' 'icmp_ln197' <Predicate = true> <Delay = 1.42> <CoreInst = "Cmp">   --->   Core 9 'Cmp' <Latency = 0> <II = 1> <Delay = 1.42> <FuncUnit> <Opcode : 'icmp'> <InPorts = 2> <OutPorts = 1>
ST_43 : Operation 1936 [1/1] (0.00ns) (grouped into LUT with out node select_ln197)   --->   "%or_ln197 = or i1 %tmp_21, i1 %icmp_ln197" [../import_files/import_files/2D_idct.cpp:197]   --->   Operation 1936 'or' 'or_ln197' <Predicate = true> <Delay = 0.00> <CoreInst = "LogicGate">   --->   Core 74 'LogicGate' <Latency = 0> <II = 1> <Delay = 0.97> <FuncUnit> <Opcode : 'and' 'or' 'xor'> <InPorts = 2> <OutPorts = 1>
ST_43 : Operation 1937 [1/1] (0.00ns) (grouped into LUT with out node select_ln197)   --->   "%xor_ln197 = xor i1 %tmp_21, i1 1" [../import_files/import_files/2D_idct.cpp:197]   --->   Operation 1937 'xor' 'xor_ln197' <Predicate = true> <Delay = 0.00> <CoreInst = "LogicGate">   --->   Core 74 'LogicGate' <Latency = 0> <II = 1> <Delay = 0.97> <FuncUnit> <Opcode : 'and' 'or' 'xor'> <InPorts = 2> <OutPorts = 1>
ST_43 : Operation 1938 [1/1] (0.00ns) (grouped into LUT with out node select_ln197)   --->   "%select_ln197_8 = select i1 %xor_ln197, i8 255, i8 0" [../import_files/import_files/2D_idct.cpp:197]   --->   Operation 1938 'select' 'select_ln197_8' <Predicate = true> <Delay = 0.00> <CoreInst = "Sel">   --->   Core 73 'Sel' <Latency = 0> <II = 1> <Delay = 0.99> <FuncUnit> <Opcode : 'select'> <InPorts = 3> <OutPorts = 1>
ST_43 : Operation 1939 [1/1] (1.24ns) (out node of the LUT)   --->   "%select_ln197 = select i1 %or_ln197, i8 %select_ln197_8, i8 %trunc_ln3" [../import_files/import_files/2D_idct.cpp:197]   --->   Operation 1939 'select' 'select_ln197' <Predicate = true> <Delay = 1.24> <CoreInst = "Sel">   --->   Core 73 'Sel' <Latency = 0> <II = 1> <Delay = 1.24> <FuncUnit> <Opcode : 'select'> <InPorts = 3> <OutPorts = 1>
ST_43 : Operation 1940 [1/1] (0.00ns)   --->   "%p_s = bitconcatenate i32 @_ssdm_op_BitConcatenate.i32.i8.i8.i8.i8, i8 %select_ln193, i8 %select_ln192, i8 %select_ln191, i8 %select_ln190" [../import_files/import_files/2D_idct.cpp:202]   --->   Operation 1940 'bitconcatenate' 'p_s' <Predicate = true> <Delay = 0.00>
ST_43 : Operation 1941 [2/2] (0.00ns)   --->   "%write_ln202 = write void @_ssdm_op_Write.axis.volatile.i32P128A, i32 %blockout, i32 %p_s" [../import_files/import_files/2D_idct.cpp:202]   --->   Operation 1941 'write' 'write_ln202' <Predicate = true> <Delay = 0.00> <CoreInst = "axis">   --->   Core 115 'axis' <Latency = 0> <II = 1> <Delay = 1.00> <Adapter> <Opcode : >
ST_43 : Operation 1942 [1/2] (2.10ns) (root node of the DSP)   --->   "%tmp2_34 = add i32 %z1_23, i32 %mul_ln144_1" [../import_files/import_files/2D_idct.cpp:144]   --->   Operation 1942 'add' 'tmp2_34' <Predicate = true> <Delay = 2.10> <CoreInst = "DSP48">   --->   Core 119 'DSP48' <Latency = 3> <II = 1> <Delay = 2.15> <IPBlock> <Opcode : 'mul' 'add' 'sub' 'select'> <InPorts = 0> <OutPorts = 1> <Sync> <CReg>
ST_43 : Operation 1943 [1/2] (2.10ns) (root node of the DSP)   --->   "%tmp3_34 = add i32 %z1_23, i32 %mul_ln145_1" [../import_files/import_files/2D_idct.cpp:145]   --->   Operation 1943 'add' 'tmp3_34' <Predicate = true> <Delay = 2.10> <CoreInst = "DSP48">   --->   Core 119 'DSP48' <Latency = 3> <II = 1> <Delay = 2.15> <IPBlock> <Opcode : 'mul' 'add' 'sub' 'select'> <InPorts = 0> <OutPorts = 1> <Sync> <CReg>
ST_43 : Operation 1944 [1/1] (0.00ns)   --->   "%tmp0_36 = bitconcatenate i32 @_ssdm_op_BitConcatenate.i32.i19.i13, i19 %add_ln147_1, i13 0" [../import_files/import_files/2D_idct.cpp:147]   --->   Operation 1944 'bitconcatenate' 'tmp0_36' <Predicate = true> <Delay = 0.00>
ST_43 : Operation 1945 [1/1] (0.00ns) (grouped into TernaryAdder)   --->   "%tmp13_9 = sub i32 %tmp0_36, i32 %tmp3_34" [../import_files/import_files/2D_idct.cpp:151]   --->   Operation 1945 'sub' 'tmp13_9' <Predicate = true> <Delay = 0.00> <CoreInst = "TAddSub">   --->   Core 10 'TAddSub' <Latency = 0> <II = 1> <Delay = 2.18> <IPBlock> <Opcode : 'add' 'sub'> <InPorts = 3> <OutPorts = 1> <Sync> <CReg>
ST_43 : Operation 1946 [1/1] (0.00ns)   --->   "%tmp1_34 = bitconcatenate i32 @_ssdm_op_BitConcatenate.i32.i19.i13, i19 %sub_ln148_1, i13 0" [../import_files/import_files/2D_idct.cpp:148]   --->   Operation 1946 'bitconcatenate' 'tmp1_34' <Predicate = true> <Delay = 0.00>
ST_43 : Operation 1947 [1/1] (0.00ns) (grouped into TernaryAdder)   --->   "%tmp12_9 = sub i32 %tmp1_34, i32 %tmp2_34" [../import_files/import_files/2D_idct.cpp:153]   --->   Operation 1947 'sub' 'tmp12_9' <Predicate = true> <Delay = 0.00> <CoreInst = "TAddSub">   --->   Core 10 'TAddSub' <Latency = 0> <II = 1> <Delay = 2.18> <IPBlock> <Opcode : 'add' 'sub'> <InPorts = 3> <OutPorts = 1> <Sync> <CReg>
ST_43 : Operation 1948 [1/2] (2.10ns) (root node of the DSP)   --->   "%add_ln185_2 = add i32 %tmp2_36, i32 %z3_74" [../import_files/import_files/2D_idct.cpp:185]   --->   Operation 1948 'add' 'add_ln185_2' <Predicate = true> <Delay = 2.10> <CoreInst = "DSP48">   --->   Core 119 'DSP48' <Latency = 3> <II = 1> <Delay = 2.15> <IPBlock> <Opcode : 'mul' 'add' 'sub' 'select'> <InPorts = 0> <OutPorts = 1> <Sync> <CReg>
ST_43 : Operation 1949 [1/1] (2.55ns)   --->   "%tmp2_37 = add i32 %add_ln185_2, i32 %z2_34" [../import_files/import_files/2D_idct.cpp:185]   --->   Operation 1949 'add' 'tmp2_37' <Predicate = true> <Delay = 2.55> <CoreInst = "Adder">   --->   Core 1 'Adder' <Latency = 0> <II = 1> <Delay = 2.55> <FuncUnit> <Opcode : 'add' 'sub'> <InPorts = 2> <OutPorts = 1>
ST_43 : Operation 1950 [1/2] (2.10ns) (root node of the DSP)   --->   "%add_ln183_2 = add i32 %tmp0_38, i32 %z3_74" [../import_files/import_files/2D_idct.cpp:183]   --->   Operation 1950 'add' 'add_ln183_2' <Predicate = true> <Delay = 2.10> <CoreInst = "DSP48">   --->   Core 119 'DSP48' <Latency = 3> <II = 1> <Delay = 2.15> <IPBlock> <Opcode : 'mul' 'add' 'sub' 'select'> <InPorts = 0> <OutPorts = 1> <Sync> <CReg>
ST_43 : Operation 1951 [1/1] (2.55ns)   --->   "%tmp0_39 = add i32 %add_ln183_2, i32 %z1_25" [../import_files/import_files/2D_idct.cpp:183]   --->   Operation 1951 'add' 'tmp0_39' <Predicate = true> <Delay = 2.55> <CoreInst = "Adder">   --->   Core 1 'Adder' <Latency = 0> <II = 1> <Delay = 2.55> <FuncUnit> <Opcode : 'add' 'sub'> <InPorts = 2> <OutPorts = 1>
ST_43 : Operation 1952 [1/2] (2.10ns) (root node of the DSP)   --->   "%add_ln186_2 = add i32 %tmp3_36, i32 %z4_29" [../import_files/import_files/2D_idct.cpp:186]   --->   Operation 1952 'add' 'add_ln186_2' <Predicate = true> <Delay = 2.10> <CoreInst = "DSP48">   --->   Core 119 'DSP48' <Latency = 3> <II = 1> <Delay = 2.15> <IPBlock> <Opcode : 'mul' 'add' 'sub' 'select'> <InPorts = 0> <OutPorts = 1> <Sync> <CReg>
ST_43 : Operation 1953 [1/1] (2.55ns)   --->   "%tmp3_37 = add i32 %add_ln186_2, i32 %z1_25" [../import_files/import_files/2D_idct.cpp:186]   --->   Operation 1953 'add' 'tmp3_37' <Predicate = true> <Delay = 2.55> <CoreInst = "Adder">   --->   Core 1 'Adder' <Latency = 0> <II = 1> <Delay = 2.55> <FuncUnit> <Opcode : 'add' 'sub'> <InPorts = 2> <OutPorts = 1>
ST_43 : Operation 1954 [1/2] (2.10ns) (root node of the DSP)   --->   "%add_ln184_2 = add i32 %tmp1_36, i32 %z4_29" [../import_files/import_files/2D_idct.cpp:184]   --->   Operation 1954 'add' 'add_ln184_2' <Predicate = true> <Delay = 2.10> <CoreInst = "DSP48">   --->   Core 119 'DSP48' <Latency = 3> <II = 1> <Delay = 2.15> <IPBlock> <Opcode : 'mul' 'add' 'sub' 'select'> <InPorts = 0> <OutPorts = 1> <Sync> <CReg>
ST_43 : Operation 1955 [1/1] (2.55ns)   --->   "%tmp1_37 = add i32 %add_ln184_2, i32 %z2_34" [../import_files/import_files/2D_idct.cpp:184]   --->   Operation 1955 'add' 'tmp1_37' <Predicate = true> <Delay = 2.55> <CoreInst = "Adder">   --->   Core 1 'Adder' <Latency = 0> <II = 1> <Delay = 2.55> <FuncUnit> <Opcode : 'add' 'sub'> <InPorts = 2> <OutPorts = 1>
ST_43 : Operation 1956 [1/1] (0.00ns) (grouped into TernaryAdder)   --->   "%add_ln190_17 = add i32 %tmp3_34, i32 131072" [../import_files/import_files/2D_idct.cpp:190]   --->   Operation 1956 'add' 'add_ln190_17' <Predicate = true> <Delay = 0.00> <CoreInst = "TAddSub">   --->   Core 10 'TAddSub' <Latency = 0> <II = 1> <Delay = 2.18> <IPBlock> <Opcode : 'add' 'sub'> <InPorts = 3> <OutPorts = 1> <Sync> <CReg>
ST_43 : Operation 1957 [1/1] (4.37ns) (root node of TernaryAdder)   --->   "%add_ln190_2 = add i32 %add_ln190_17, i32 %tmp0_36" [../import_files/import_files/2D_idct.cpp:190]   --->   Operation 1957 'add' 'add_ln190_2' <Predicate = true> <Delay = 4.37> <CoreInst = "TAddSub">   --->   Core 10 'TAddSub' <Latency = 0> <II = 1> <Delay = 2.18> <IPBlock> <Opcode : 'add' 'sub'> <InPorts = 3> <OutPorts = 1> <Sync> <CReg>
ST_43 : Operation 1958 [1/1] (0.00ns) (grouped into TernaryAdder)   --->   "%add_ln191_17 = add i32 %tmp2_34, i32 131072" [../import_files/import_files/2D_idct.cpp:191]   --->   Operation 1958 'add' 'add_ln191_17' <Predicate = true> <Delay = 0.00> <CoreInst = "TAddSub">   --->   Core 10 'TAddSub' <Latency = 0> <II = 1> <Delay = 2.18> <IPBlock> <Opcode : 'add' 'sub'> <InPorts = 3> <OutPorts = 1> <Sync> <CReg>
ST_43 : Operation 1959 [1/1] (4.37ns) (root node of TernaryAdder)   --->   "%add_ln191_2 = add i32 %add_ln191_17, i32 %tmp1_34" [../import_files/import_files/2D_idct.cpp:191]   --->   Operation 1959 'add' 'add_ln191_2' <Predicate = true> <Delay = 4.37> <CoreInst = "TAddSub">   --->   Core 10 'TAddSub' <Latency = 0> <II = 1> <Delay = 2.18> <IPBlock> <Opcode : 'add' 'sub'> <InPorts = 3> <OutPorts = 1> <Sync> <CReg>
ST_43 : Operation 1960 [1/1] (4.37ns) (root node of TernaryAdder)   --->   "%add_ln192_2 = add i32 %tmp12_9, i32 131072" [../import_files/import_files/2D_idct.cpp:192]   --->   Operation 1960 'add' 'add_ln192_2' <Predicate = true> <Delay = 4.37> <CoreInst = "TAddSub">   --->   Core 10 'TAddSub' <Latency = 0> <II = 1> <Delay = 2.18> <IPBlock> <Opcode : 'add' 'sub'> <InPorts = 3> <OutPorts = 1> <Sync> <CReg>
ST_43 : Operation 1961 [1/1] (4.37ns) (root node of TernaryAdder)   --->   "%add_ln193_2 = add i32 %tmp13_9, i32 131072" [../import_files/import_files/2D_idct.cpp:193]   --->   Operation 1961 'add' 'add_ln193_2' <Predicate = true> <Delay = 4.37> <CoreInst = "TAddSub">   --->   Core 10 'TAddSub' <Latency = 0> <II = 1> <Delay = 2.18> <IPBlock> <Opcode : 'add' 'sub'> <InPorts = 3> <OutPorts = 1> <Sync> <CReg>
ST_43 : Operation 1962 [1/2] (2.10ns) (root node of the DSP)   --->   "%tmp2_38 = add i32 %z1_26, i32 %mul_ln144_2" [../import_files/import_files/2D_idct.cpp:144]   --->   Operation 1962 'add' 'tmp2_38' <Predicate = true> <Delay = 2.10> <CoreInst = "DSP48">   --->   Core 119 'DSP48' <Latency = 3> <II = 1> <Delay = 2.15> <IPBlock> <Opcode : 'mul' 'add' 'sub' 'select'> <InPorts = 0> <OutPorts = 1> <Sync> <CReg>
ST_43 : Operation 1963 [1/2] (2.10ns) (root node of the DSP)   --->   "%tmp3_38 = add i32 %z1_26, i32 %mul_ln145_2" [../import_files/import_files/2D_idct.cpp:145]   --->   Operation 1963 'add' 'tmp3_38' <Predicate = true> <Delay = 2.10> <CoreInst = "DSP48">   --->   Core 119 'DSP48' <Latency = 3> <II = 1> <Delay = 2.15> <IPBlock> <Opcode : 'mul' 'add' 'sub' 'select'> <InPorts = 0> <OutPorts = 1> <Sync> <CReg>
ST_43 : Operation 1964 [1/1] (0.00ns)   --->   "%tmp0_40 = bitconcatenate i32 @_ssdm_op_BitConcatenate.i32.i19.i13, i19 %add_ln147_2, i13 0" [../import_files/import_files/2D_idct.cpp:147]   --->   Operation 1964 'bitconcatenate' 'tmp0_40' <Predicate = true> <Delay = 0.00>
ST_43 : Operation 1965 [1/1] (0.00ns) (grouped into TernaryAdder)   --->   "%tmp13_10 = sub i32 %tmp0_40, i32 %tmp3_38" [../import_files/import_files/2D_idct.cpp:151]   --->   Operation 1965 'sub' 'tmp13_10' <Predicate = true> <Delay = 0.00> <CoreInst = "TAddSub">   --->   Core 10 'TAddSub' <Latency = 0> <II = 1> <Delay = 2.18> <IPBlock> <Opcode : 'add' 'sub'> <InPorts = 3> <OutPorts = 1> <Sync> <CReg>
ST_43 : Operation 1966 [1/1] (0.00ns)   --->   "%tmp1_38 = bitconcatenate i32 @_ssdm_op_BitConcatenate.i32.i19.i13, i19 %sub_ln148_2, i13 0" [../import_files/import_files/2D_idct.cpp:148]   --->   Operation 1966 'bitconcatenate' 'tmp1_38' <Predicate = true> <Delay = 0.00>
ST_43 : Operation 1967 [1/1] (0.00ns) (grouped into TernaryAdder)   --->   "%tmp12_10 = sub i32 %tmp1_38, i32 %tmp2_38" [../import_files/import_files/2D_idct.cpp:153]   --->   Operation 1967 'sub' 'tmp12_10' <Predicate = true> <Delay = 0.00> <CoreInst = "TAddSub">   --->   Core 10 'TAddSub' <Latency = 0> <II = 1> <Delay = 2.18> <IPBlock> <Opcode : 'add' 'sub'> <InPorts = 3> <OutPorts = 1> <Sync> <CReg>
ST_43 : Operation 1968 [1/2] (2.10ns) (root node of the DSP)   --->   "%add_ln185_4 = add i32 %tmp2_40, i32 %z3_78" [../import_files/import_files/2D_idct.cpp:185]   --->   Operation 1968 'add' 'add_ln185_4' <Predicate = true> <Delay = 2.10> <CoreInst = "DSP48">   --->   Core 119 'DSP48' <Latency = 3> <II = 1> <Delay = 2.15> <IPBlock> <Opcode : 'mul' 'add' 'sub' 'select'> <InPorts = 0> <OutPorts = 1> <Sync> <CReg>
ST_43 : Operation 1969 [1/1] (2.55ns)   --->   "%tmp2_41 = add i32 %add_ln185_4, i32 %z2_38" [../import_files/import_files/2D_idct.cpp:185]   --->   Operation 1969 'add' 'tmp2_41' <Predicate = true> <Delay = 2.55> <CoreInst = "Adder">   --->   Core 1 'Adder' <Latency = 0> <II = 1> <Delay = 2.55> <FuncUnit> <Opcode : 'add' 'sub'> <InPorts = 2> <OutPorts = 1>
ST_43 : Operation 1970 [1/2] (2.10ns) (root node of the DSP)   --->   "%add_ln183_4 = add i32 %tmp0_42, i32 %z3_78" [../import_files/import_files/2D_idct.cpp:183]   --->   Operation 1970 'add' 'add_ln183_4' <Predicate = true> <Delay = 2.10> <CoreInst = "DSP48">   --->   Core 119 'DSP48' <Latency = 3> <II = 1> <Delay = 2.15> <IPBlock> <Opcode : 'mul' 'add' 'sub' 'select'> <InPorts = 0> <OutPorts = 1> <Sync> <CReg>
ST_43 : Operation 1971 [1/1] (2.55ns)   --->   "%tmp0_43 = add i32 %add_ln183_4, i32 %z1_28" [../import_files/import_files/2D_idct.cpp:183]   --->   Operation 1971 'add' 'tmp0_43' <Predicate = true> <Delay = 2.55> <CoreInst = "Adder">   --->   Core 1 'Adder' <Latency = 0> <II = 1> <Delay = 2.55> <FuncUnit> <Opcode : 'add' 'sub'> <InPorts = 2> <OutPorts = 1>
ST_43 : Operation 1972 [1/2] (2.10ns) (root node of the DSP)   --->   "%add_ln186_4 = add i32 %tmp3_40, i32 %z4_32" [../import_files/import_files/2D_idct.cpp:186]   --->   Operation 1972 'add' 'add_ln186_4' <Predicate = true> <Delay = 2.10> <CoreInst = "DSP48">   --->   Core 119 'DSP48' <Latency = 3> <II = 1> <Delay = 2.15> <IPBlock> <Opcode : 'mul' 'add' 'sub' 'select'> <InPorts = 0> <OutPorts = 1> <Sync> <CReg>
ST_43 : Operation 1973 [1/1] (2.55ns)   --->   "%tmp3_41 = add i32 %add_ln186_4, i32 %z1_28" [../import_files/import_files/2D_idct.cpp:186]   --->   Operation 1973 'add' 'tmp3_41' <Predicate = true> <Delay = 2.55> <CoreInst = "Adder">   --->   Core 1 'Adder' <Latency = 0> <II = 1> <Delay = 2.55> <FuncUnit> <Opcode : 'add' 'sub'> <InPorts = 2> <OutPorts = 1>
ST_43 : Operation 1974 [1/2] (2.10ns) (root node of the DSP)   --->   "%add_ln184_4 = add i32 %tmp1_40, i32 %z4_32" [../import_files/import_files/2D_idct.cpp:184]   --->   Operation 1974 'add' 'add_ln184_4' <Predicate = true> <Delay = 2.10> <CoreInst = "DSP48">   --->   Core 119 'DSP48' <Latency = 3> <II = 1> <Delay = 2.15> <IPBlock> <Opcode : 'mul' 'add' 'sub' 'select'> <InPorts = 0> <OutPorts = 1> <Sync> <CReg>
ST_43 : Operation 1975 [1/1] (2.55ns)   --->   "%tmp1_41 = add i32 %add_ln184_4, i32 %z2_38" [../import_files/import_files/2D_idct.cpp:184]   --->   Operation 1975 'add' 'tmp1_41' <Predicate = true> <Delay = 2.55> <CoreInst = "Adder">   --->   Core 1 'Adder' <Latency = 0> <II = 1> <Delay = 2.55> <FuncUnit> <Opcode : 'add' 'sub'> <InPorts = 2> <OutPorts = 1>
ST_43 : Operation 1976 [1/1] (0.00ns) (grouped into TernaryAdder)   --->   "%add_ln190_18 = add i32 %tmp3_38, i32 131072" [../import_files/import_files/2D_idct.cpp:190]   --->   Operation 1976 'add' 'add_ln190_18' <Predicate = true> <Delay = 0.00> <CoreInst = "TAddSub">   --->   Core 10 'TAddSub' <Latency = 0> <II = 1> <Delay = 2.18> <IPBlock> <Opcode : 'add' 'sub'> <InPorts = 3> <OutPorts = 1> <Sync> <CReg>
ST_43 : Operation 1977 [1/1] (4.37ns) (root node of TernaryAdder)   --->   "%add_ln190_4 = add i32 %add_ln190_18, i32 %tmp0_40" [../import_files/import_files/2D_idct.cpp:190]   --->   Operation 1977 'add' 'add_ln190_4' <Predicate = true> <Delay = 4.37> <CoreInst = "TAddSub">   --->   Core 10 'TAddSub' <Latency = 0> <II = 1> <Delay = 2.18> <IPBlock> <Opcode : 'add' 'sub'> <InPorts = 3> <OutPorts = 1> <Sync> <CReg>
ST_43 : Operation 1978 [1/1] (0.00ns) (grouped into TernaryAdder)   --->   "%add_ln191_18 = add i32 %tmp2_38, i32 131072" [../import_files/import_files/2D_idct.cpp:191]   --->   Operation 1978 'add' 'add_ln191_18' <Predicate = true> <Delay = 0.00> <CoreInst = "TAddSub">   --->   Core 10 'TAddSub' <Latency = 0> <II = 1> <Delay = 2.18> <IPBlock> <Opcode : 'add' 'sub'> <InPorts = 3> <OutPorts = 1> <Sync> <CReg>
ST_43 : Operation 1979 [1/1] (4.37ns) (root node of TernaryAdder)   --->   "%add_ln191_4 = add i32 %add_ln191_18, i32 %tmp1_38" [../import_files/import_files/2D_idct.cpp:191]   --->   Operation 1979 'add' 'add_ln191_4' <Predicate = true> <Delay = 4.37> <CoreInst = "TAddSub">   --->   Core 10 'TAddSub' <Latency = 0> <II = 1> <Delay = 2.18> <IPBlock> <Opcode : 'add' 'sub'> <InPorts = 3> <OutPorts = 1> <Sync> <CReg>
ST_43 : Operation 1980 [1/1] (4.37ns) (root node of TernaryAdder)   --->   "%add_ln192_4 = add i32 %tmp12_10, i32 131072" [../import_files/import_files/2D_idct.cpp:192]   --->   Operation 1980 'add' 'add_ln192_4' <Predicate = true> <Delay = 4.37> <CoreInst = "TAddSub">   --->   Core 10 'TAddSub' <Latency = 0> <II = 1> <Delay = 2.18> <IPBlock> <Opcode : 'add' 'sub'> <InPorts = 3> <OutPorts = 1> <Sync> <CReg>
ST_43 : Operation 1981 [1/1] (4.37ns) (root node of TernaryAdder)   --->   "%add_ln193_4 = add i32 %tmp13_10, i32 131072" [../import_files/import_files/2D_idct.cpp:193]   --->   Operation 1981 'add' 'add_ln193_4' <Predicate = true> <Delay = 4.37> <CoreInst = "TAddSub">   --->   Core 10 'TAddSub' <Latency = 0> <II = 1> <Delay = 2.18> <IPBlock> <Opcode : 'add' 'sub'> <InPorts = 3> <OutPorts = 1> <Sync> <CReg>
ST_43 : Operation 1982 [1/1] (2.55ns)   --->   "%sub_ln197_3 = sub i32 %add_ln190_6, i32 %tmp3_45" [../import_files/import_files/2D_idct.cpp:197]   --->   Operation 1982 'sub' 'sub_ln197_3' <Predicate = true> <Delay = 2.55> <CoreInst = "Adder">   --->   Core 1 'Adder' <Latency = 0> <II = 1> <Delay = 2.55> <FuncUnit> <Opcode : 'add' 'sub'> <InPorts = 2> <OutPorts = 1>
ST_43 : Operation 1983 [1/1] (2.55ns)   --->   "%add_ln190_7 = add i32 %tmp3_45, i32 %add_ln190_6" [../import_files/import_files/2D_idct.cpp:190]   --->   Operation 1983 'add' 'add_ln190_7' <Predicate = true> <Delay = 2.55> <CoreInst = "Adder">   --->   Core 1 'Adder' <Latency = 0> <II = 1> <Delay = 2.55> <FuncUnit> <Opcode : 'add' 'sub'> <InPorts = 2> <OutPorts = 1>
ST_43 : Operation 1984 [1/1] (0.00ns) (grouped into LUT with out node select_ln190_3)   --->   "%trunc_ln190_3 = partselect i8 @_ssdm_op_PartSelect.i8.i32.i32.i32, i32 %add_ln190_7, i32 18, i32 25" [../import_files/import_files/2D_idct.cpp:190]   --->   Operation 1984 'partselect' 'trunc_ln190_3' <Predicate = true> <Delay = 0.00>
ST_43 : Operation 1985 [1/1] (0.00ns)   --->   "%tmp_55 = bitselect i1 @_ssdm_op_BitSelect.i1.i32.i32, i32 %add_ln190_7, i32 31" [../import_files/import_files/2D_idct.cpp:190]   --->   Operation 1985 'bitselect' 'tmp_55' <Predicate = true> <Delay = 0.00>
ST_43 : Operation 1986 [1/1] (0.00ns)   --->   "%tmp_56 = partselect i6 @_ssdm_op_PartSelect.i6.i32.i32.i32, i32 %add_ln190_7, i32 26, i32 31" [../import_files/import_files/2D_idct.cpp:190]   --->   Operation 1986 'partselect' 'tmp_56' <Predicate = true> <Delay = 0.00>
ST_43 : Operation 1987 [1/1] (1.42ns)   --->   "%icmp_ln190_3 = icmp_sgt  i6 %tmp_56, i6 0" [../import_files/import_files/2D_idct.cpp:190]   --->   Operation 1987 'icmp' 'icmp_ln190_3' <Predicate = true> <Delay = 1.42> <CoreInst = "Cmp">   --->   Core 9 'Cmp' <Latency = 0> <II = 1> <Delay = 1.42> <FuncUnit> <Opcode : 'icmp'> <InPorts = 2> <OutPorts = 1>
ST_43 : Operation 1988 [1/1] (0.00ns) (grouped into LUT with out node select_ln190_3)   --->   "%or_ln190_3 = or i1 %tmp_55, i1 %icmp_ln190_3" [../import_files/import_files/2D_idct.cpp:190]   --->   Operation 1988 'or' 'or_ln190_3' <Predicate = true> <Delay = 0.00> <CoreInst = "LogicGate">   --->   Core 74 'LogicGate' <Latency = 0> <II = 1> <Delay = 0.97> <FuncUnit> <Opcode : 'and' 'or' 'xor'> <InPorts = 2> <OutPorts = 1>
ST_43 : Operation 1989 [1/1] (0.00ns) (grouped into LUT with out node select_ln190_3)   --->   "%xor_ln190_3 = xor i1 %tmp_55, i1 1" [../import_files/import_files/2D_idct.cpp:190]   --->   Operation 1989 'xor' 'xor_ln190_3' <Predicate = true> <Delay = 0.00> <CoreInst = "LogicGate">   --->   Core 74 'LogicGate' <Latency = 0> <II = 1> <Delay = 0.97> <FuncUnit> <Opcode : 'and' 'or' 'xor'> <InPorts = 2> <OutPorts = 1>
ST_43 : Operation 1990 [1/1] (0.00ns) (grouped into LUT with out node select_ln190_3)   --->   "%select_ln190_11 = select i1 %xor_ln190_3, i8 255, i8 0" [../import_files/import_files/2D_idct.cpp:190]   --->   Operation 1990 'select' 'select_ln190_11' <Predicate = true> <Delay = 0.00> <CoreInst = "Sel">   --->   Core 73 'Sel' <Latency = 0> <II = 1> <Delay = 0.99> <FuncUnit> <Opcode : 'select'> <InPorts = 3> <OutPorts = 1>
ST_43 : Operation 1991 [1/1] (1.24ns) (out node of the LUT)   --->   "%select_ln190_3 = select i1 %or_ln190_3, i8 %select_ln190_11, i8 %trunc_ln190_3" [../import_files/import_files/2D_idct.cpp:190]   --->   Operation 1991 'select' 'select_ln190_3' <Predicate = true> <Delay = 1.24> <CoreInst = "Sel">   --->   Core 73 'Sel' <Latency = 0> <II = 1> <Delay = 1.24> <FuncUnit> <Opcode : 'select'> <InPorts = 3> <OutPorts = 1>
ST_43 : Operation 1992 [1/1] (2.55ns)   --->   "%sub_ln196_3 = sub i32 %add_ln191_6, i32 %tmp2_45" [../import_files/import_files/2D_idct.cpp:196]   --->   Operation 1992 'sub' 'sub_ln196_3' <Predicate = true> <Delay = 2.55> <CoreInst = "Adder">   --->   Core 1 'Adder' <Latency = 0> <II = 1> <Delay = 2.55> <FuncUnit> <Opcode : 'add' 'sub'> <InPorts = 2> <OutPorts = 1>
ST_43 : Operation 1993 [1/1] (2.55ns)   --->   "%add_ln191_7 = add i32 %tmp2_45, i32 %add_ln191_6" [../import_files/import_files/2D_idct.cpp:191]   --->   Operation 1993 'add' 'add_ln191_7' <Predicate = true> <Delay = 2.55> <CoreInst = "Adder">   --->   Core 1 'Adder' <Latency = 0> <II = 1> <Delay = 2.55> <FuncUnit> <Opcode : 'add' 'sub'> <InPorts = 2> <OutPorts = 1>
ST_43 : Operation 1994 [1/1] (0.00ns) (grouped into LUT with out node select_ln191_3)   --->   "%trunc_ln191_3 = partselect i8 @_ssdm_op_PartSelect.i8.i32.i32.i32, i32 %add_ln191_7, i32 18, i32 25" [../import_files/import_files/2D_idct.cpp:191]   --->   Operation 1994 'partselect' 'trunc_ln191_3' <Predicate = true> <Delay = 0.00>
ST_43 : Operation 1995 [1/1] (0.00ns)   --->   "%tmp_57 = bitselect i1 @_ssdm_op_BitSelect.i1.i32.i32, i32 %add_ln191_7, i32 31" [../import_files/import_files/2D_idct.cpp:191]   --->   Operation 1995 'bitselect' 'tmp_57' <Predicate = true> <Delay = 0.00>
ST_43 : Operation 1996 [1/1] (0.00ns)   --->   "%tmp_58 = partselect i6 @_ssdm_op_PartSelect.i6.i32.i32.i32, i32 %add_ln191_7, i32 26, i32 31" [../import_files/import_files/2D_idct.cpp:191]   --->   Operation 1996 'partselect' 'tmp_58' <Predicate = true> <Delay = 0.00>
ST_43 : Operation 1997 [1/1] (1.42ns)   --->   "%icmp_ln191_3 = icmp_sgt  i6 %tmp_58, i6 0" [../import_files/import_files/2D_idct.cpp:191]   --->   Operation 1997 'icmp' 'icmp_ln191_3' <Predicate = true> <Delay = 1.42> <CoreInst = "Cmp">   --->   Core 9 'Cmp' <Latency = 0> <II = 1> <Delay = 1.42> <FuncUnit> <Opcode : 'icmp'> <InPorts = 2> <OutPorts = 1>
ST_43 : Operation 1998 [1/1] (0.00ns) (grouped into LUT with out node select_ln191_3)   --->   "%or_ln191_3 = or i1 %tmp_57, i1 %icmp_ln191_3" [../import_files/import_files/2D_idct.cpp:191]   --->   Operation 1998 'or' 'or_ln191_3' <Predicate = true> <Delay = 0.00> <CoreInst = "LogicGate">   --->   Core 74 'LogicGate' <Latency = 0> <II = 1> <Delay = 0.97> <FuncUnit> <Opcode : 'and' 'or' 'xor'> <InPorts = 2> <OutPorts = 1>
ST_43 : Operation 1999 [1/1] (0.00ns) (grouped into LUT with out node select_ln191_3)   --->   "%xor_ln191_3 = xor i1 %tmp_57, i1 1" [../import_files/import_files/2D_idct.cpp:191]   --->   Operation 1999 'xor' 'xor_ln191_3' <Predicate = true> <Delay = 0.00> <CoreInst = "LogicGate">   --->   Core 74 'LogicGate' <Latency = 0> <II = 1> <Delay = 0.97> <FuncUnit> <Opcode : 'and' 'or' 'xor'> <InPorts = 2> <OutPorts = 1>
ST_43 : Operation 2000 [1/1] (0.00ns) (grouped into LUT with out node select_ln191_3)   --->   "%select_ln191_11 = select i1 %xor_ln191_3, i8 255, i8 0" [../import_files/import_files/2D_idct.cpp:191]   --->   Operation 2000 'select' 'select_ln191_11' <Predicate = true> <Delay = 0.00> <CoreInst = "Sel">   --->   Core 73 'Sel' <Latency = 0> <II = 1> <Delay = 0.99> <FuncUnit> <Opcode : 'select'> <InPorts = 3> <OutPorts = 1>
ST_43 : Operation 2001 [1/1] (1.24ns) (out node of the LUT)   --->   "%select_ln191_3 = select i1 %or_ln191_3, i8 %select_ln191_11, i8 %trunc_ln191_3" [../import_files/import_files/2D_idct.cpp:191]   --->   Operation 2001 'select' 'select_ln191_3' <Predicate = true> <Delay = 1.24> <CoreInst = "Sel">   --->   Core 73 'Sel' <Latency = 0> <II = 1> <Delay = 1.24> <FuncUnit> <Opcode : 'select'> <InPorts = 3> <OutPorts = 1>
ST_43 : Operation 2002 [1/1] (2.55ns)   --->   "%sub_ln195_3 = sub i32 %add_ln192_6, i32 %tmp1_45" [../import_files/import_files/2D_idct.cpp:195]   --->   Operation 2002 'sub' 'sub_ln195_3' <Predicate = true> <Delay = 2.55> <CoreInst = "Adder">   --->   Core 1 'Adder' <Latency = 0> <II = 1> <Delay = 2.55> <FuncUnit> <Opcode : 'add' 'sub'> <InPorts = 2> <OutPorts = 1>
ST_43 : Operation 2003 [1/1] (2.55ns)   --->   "%add_ln192_7 = add i32 %tmp1_45, i32 %add_ln192_6" [../import_files/import_files/2D_idct.cpp:192]   --->   Operation 2003 'add' 'add_ln192_7' <Predicate = true> <Delay = 2.55> <CoreInst = "Adder">   --->   Core 1 'Adder' <Latency = 0> <II = 1> <Delay = 2.55> <FuncUnit> <Opcode : 'add' 'sub'> <InPorts = 2> <OutPorts = 1>
ST_43 : Operation 2004 [1/1] (0.00ns) (grouped into LUT with out node select_ln192_3)   --->   "%trunc_ln192_3 = partselect i8 @_ssdm_op_PartSelect.i8.i32.i32.i32, i32 %add_ln192_7, i32 18, i32 25" [../import_files/import_files/2D_idct.cpp:192]   --->   Operation 2004 'partselect' 'trunc_ln192_3' <Predicate = true> <Delay = 0.00>
ST_43 : Operation 2005 [1/1] (0.00ns)   --->   "%tmp_59 = bitselect i1 @_ssdm_op_BitSelect.i1.i32.i32, i32 %add_ln192_7, i32 31" [../import_files/import_files/2D_idct.cpp:192]   --->   Operation 2005 'bitselect' 'tmp_59' <Predicate = true> <Delay = 0.00>
ST_43 : Operation 2006 [1/1] (0.00ns)   --->   "%tmp_60 = partselect i6 @_ssdm_op_PartSelect.i6.i32.i32.i32, i32 %add_ln192_7, i32 26, i32 31" [../import_files/import_files/2D_idct.cpp:192]   --->   Operation 2006 'partselect' 'tmp_60' <Predicate = true> <Delay = 0.00>
ST_43 : Operation 2007 [1/1] (1.42ns)   --->   "%icmp_ln192_3 = icmp_sgt  i6 %tmp_60, i6 0" [../import_files/import_files/2D_idct.cpp:192]   --->   Operation 2007 'icmp' 'icmp_ln192_3' <Predicate = true> <Delay = 1.42> <CoreInst = "Cmp">   --->   Core 9 'Cmp' <Latency = 0> <II = 1> <Delay = 1.42> <FuncUnit> <Opcode : 'icmp'> <InPorts = 2> <OutPorts = 1>
ST_43 : Operation 2008 [1/1] (0.00ns) (grouped into LUT with out node select_ln192_3)   --->   "%or_ln192_3 = or i1 %tmp_59, i1 %icmp_ln192_3" [../import_files/import_files/2D_idct.cpp:192]   --->   Operation 2008 'or' 'or_ln192_3' <Predicate = true> <Delay = 0.00> <CoreInst = "LogicGate">   --->   Core 74 'LogicGate' <Latency = 0> <II = 1> <Delay = 0.97> <FuncUnit> <Opcode : 'and' 'or' 'xor'> <InPorts = 2> <OutPorts = 1>
ST_43 : Operation 2009 [1/1] (0.00ns) (grouped into LUT with out node select_ln192_3)   --->   "%xor_ln192_3 = xor i1 %tmp_59, i1 1" [../import_files/import_files/2D_idct.cpp:192]   --->   Operation 2009 'xor' 'xor_ln192_3' <Predicate = true> <Delay = 0.00> <CoreInst = "LogicGate">   --->   Core 74 'LogicGate' <Latency = 0> <II = 1> <Delay = 0.97> <FuncUnit> <Opcode : 'and' 'or' 'xor'> <InPorts = 2> <OutPorts = 1>
ST_43 : Operation 2010 [1/1] (0.00ns) (grouped into LUT with out node select_ln192_3)   --->   "%select_ln192_11 = select i1 %xor_ln192_3, i8 255, i8 0" [../import_files/import_files/2D_idct.cpp:192]   --->   Operation 2010 'select' 'select_ln192_11' <Predicate = true> <Delay = 0.00> <CoreInst = "Sel">   --->   Core 73 'Sel' <Latency = 0> <II = 1> <Delay = 0.99> <FuncUnit> <Opcode : 'select'> <InPorts = 3> <OutPorts = 1>
ST_43 : Operation 2011 [1/1] (1.24ns) (out node of the LUT)   --->   "%select_ln192_3 = select i1 %or_ln192_3, i8 %select_ln192_11, i8 %trunc_ln192_3" [../import_files/import_files/2D_idct.cpp:192]   --->   Operation 2011 'select' 'select_ln192_3' <Predicate = true> <Delay = 1.24> <CoreInst = "Sel">   --->   Core 73 'Sel' <Latency = 0> <II = 1> <Delay = 1.24> <FuncUnit> <Opcode : 'select'> <InPorts = 3> <OutPorts = 1>
ST_43 : Operation 2012 [1/1] (2.55ns)   --->   "%sub_ln194_3 = sub i32 %add_ln193_6, i32 %tmp0_47" [../import_files/import_files/2D_idct.cpp:194]   --->   Operation 2012 'sub' 'sub_ln194_3' <Predicate = true> <Delay = 2.55> <CoreInst = "Adder">   --->   Core 1 'Adder' <Latency = 0> <II = 1> <Delay = 2.55> <FuncUnit> <Opcode : 'add' 'sub'> <InPorts = 2> <OutPorts = 1>
ST_43 : Operation 2013 [1/1] (2.55ns)   --->   "%add_ln193_7 = add i32 %tmp0_47, i32 %add_ln193_6" [../import_files/import_files/2D_idct.cpp:193]   --->   Operation 2013 'add' 'add_ln193_7' <Predicate = true> <Delay = 2.55> <CoreInst = "Adder">   --->   Core 1 'Adder' <Latency = 0> <II = 1> <Delay = 2.55> <FuncUnit> <Opcode : 'add' 'sub'> <InPorts = 2> <OutPorts = 1>
ST_43 : Operation 2014 [1/1] (0.00ns) (grouped into LUT with out node select_ln193_3)   --->   "%trunc_ln193_3 = partselect i8 @_ssdm_op_PartSelect.i8.i32.i32.i32, i32 %add_ln193_7, i32 18, i32 25" [../import_files/import_files/2D_idct.cpp:193]   --->   Operation 2014 'partselect' 'trunc_ln193_3' <Predicate = true> <Delay = 0.00>
ST_43 : Operation 2015 [1/1] (0.00ns)   --->   "%tmp_61 = bitselect i1 @_ssdm_op_BitSelect.i1.i32.i32, i32 %add_ln193_7, i32 31" [../import_files/import_files/2D_idct.cpp:193]   --->   Operation 2015 'bitselect' 'tmp_61' <Predicate = true> <Delay = 0.00>
ST_43 : Operation 2016 [1/1] (0.00ns)   --->   "%tmp_62 = partselect i6 @_ssdm_op_PartSelect.i6.i32.i32.i32, i32 %add_ln193_7, i32 26, i32 31" [../import_files/import_files/2D_idct.cpp:193]   --->   Operation 2016 'partselect' 'tmp_62' <Predicate = true> <Delay = 0.00>
ST_43 : Operation 2017 [1/1] (1.42ns)   --->   "%icmp_ln193_3 = icmp_sgt  i6 %tmp_62, i6 0" [../import_files/import_files/2D_idct.cpp:193]   --->   Operation 2017 'icmp' 'icmp_ln193_3' <Predicate = true> <Delay = 1.42> <CoreInst = "Cmp">   --->   Core 9 'Cmp' <Latency = 0> <II = 1> <Delay = 1.42> <FuncUnit> <Opcode : 'icmp'> <InPorts = 2> <OutPorts = 1>
ST_43 : Operation 2018 [1/1] (0.00ns) (grouped into LUT with out node select_ln193_3)   --->   "%or_ln193_3 = or i1 %tmp_61, i1 %icmp_ln193_3" [../import_files/import_files/2D_idct.cpp:193]   --->   Operation 2018 'or' 'or_ln193_3' <Predicate = true> <Delay = 0.00> <CoreInst = "LogicGate">   --->   Core 74 'LogicGate' <Latency = 0> <II = 1> <Delay = 0.97> <FuncUnit> <Opcode : 'and' 'or' 'xor'> <InPorts = 2> <OutPorts = 1>
ST_43 : Operation 2019 [1/1] (0.00ns) (grouped into LUT with out node select_ln193_3)   --->   "%xor_ln193_3 = xor i1 %tmp_61, i1 1" [../import_files/import_files/2D_idct.cpp:193]   --->   Operation 2019 'xor' 'xor_ln193_3' <Predicate = true> <Delay = 0.00> <CoreInst = "LogicGate">   --->   Core 74 'LogicGate' <Latency = 0> <II = 1> <Delay = 0.97> <FuncUnit> <Opcode : 'and' 'or' 'xor'> <InPorts = 2> <OutPorts = 1>
ST_43 : Operation 2020 [1/1] (0.00ns) (grouped into LUT with out node select_ln193_3)   --->   "%select_ln193_11 = select i1 %xor_ln193_3, i8 255, i8 0" [../import_files/import_files/2D_idct.cpp:193]   --->   Operation 2020 'select' 'select_ln193_11' <Predicate = true> <Delay = 0.00> <CoreInst = "Sel">   --->   Core 73 'Sel' <Latency = 0> <II = 1> <Delay = 0.99> <FuncUnit> <Opcode : 'select'> <InPorts = 3> <OutPorts = 1>
ST_43 : Operation 2021 [1/1] (1.24ns) (out node of the LUT)   --->   "%select_ln193_3 = select i1 %or_ln193_3, i8 %select_ln193_11, i8 %trunc_ln193_3" [../import_files/import_files/2D_idct.cpp:193]   --->   Operation 2021 'select' 'select_ln193_3' <Predicate = true> <Delay = 1.24> <CoreInst = "Sel">   --->   Core 73 'Sel' <Latency = 0> <II = 1> <Delay = 1.24> <FuncUnit> <Opcode : 'select'> <InPorts = 3> <OutPorts = 1>
ST_43 : Operation 2022 [1/1] (0.00ns) (grouped into LUT with out node select_ln194_3)   --->   "%trunc_ln194_3 = partselect i8 @_ssdm_op_PartSelect.i8.i32.i32.i32, i32 %sub_ln194_3, i32 18, i32 25" [../import_files/import_files/2D_idct.cpp:194]   --->   Operation 2022 'partselect' 'trunc_ln194_3' <Predicate = true> <Delay = 0.00>
ST_43 : Operation 2023 [1/1] (0.00ns)   --->   "%tmp_63 = bitselect i1 @_ssdm_op_BitSelect.i1.i32.i32, i32 %sub_ln194_3, i32 31" [../import_files/import_files/2D_idct.cpp:194]   --->   Operation 2023 'bitselect' 'tmp_63' <Predicate = true> <Delay = 0.00>
ST_43 : Operation 2024 [1/1] (0.00ns)   --->   "%tmp_64 = partselect i6 @_ssdm_op_PartSelect.i6.i32.i32.i32, i32 %sub_ln194_3, i32 26, i32 31" [../import_files/import_files/2D_idct.cpp:194]   --->   Operation 2024 'partselect' 'tmp_64' <Predicate = true> <Delay = 0.00>
ST_43 : Operation 2025 [1/1] (1.42ns)   --->   "%icmp_ln194_3 = icmp_sgt  i6 %tmp_64, i6 0" [../import_files/import_files/2D_idct.cpp:194]   --->   Operation 2025 'icmp' 'icmp_ln194_3' <Predicate = true> <Delay = 1.42> <CoreInst = "Cmp">   --->   Core 9 'Cmp' <Latency = 0> <II = 1> <Delay = 1.42> <FuncUnit> <Opcode : 'icmp'> <InPorts = 2> <OutPorts = 1>
ST_43 : Operation 2026 [1/1] (0.00ns) (grouped into LUT with out node select_ln194_3)   --->   "%or_ln194_3 = or i1 %tmp_63, i1 %icmp_ln194_3" [../import_files/import_files/2D_idct.cpp:194]   --->   Operation 2026 'or' 'or_ln194_3' <Predicate = true> <Delay = 0.00> <CoreInst = "LogicGate">   --->   Core 74 'LogicGate' <Latency = 0> <II = 1> <Delay = 0.97> <FuncUnit> <Opcode : 'and' 'or' 'xor'> <InPorts = 2> <OutPorts = 1>
ST_43 : Operation 2027 [1/1] (0.00ns) (grouped into LUT with out node select_ln194_3)   --->   "%xor_ln194_3 = xor i1 %tmp_63, i1 1" [../import_files/import_files/2D_idct.cpp:194]   --->   Operation 2027 'xor' 'xor_ln194_3' <Predicate = true> <Delay = 0.00> <CoreInst = "LogicGate">   --->   Core 74 'LogicGate' <Latency = 0> <II = 1> <Delay = 0.97> <FuncUnit> <Opcode : 'and' 'or' 'xor'> <InPorts = 2> <OutPorts = 1>
ST_43 : Operation 2028 [1/1] (0.00ns) (grouped into LUT with out node select_ln194_3)   --->   "%select_ln194_11 = select i1 %xor_ln194_3, i8 255, i8 0" [../import_files/import_files/2D_idct.cpp:194]   --->   Operation 2028 'select' 'select_ln194_11' <Predicate = true> <Delay = 0.00> <CoreInst = "Sel">   --->   Core 73 'Sel' <Latency = 0> <II = 1> <Delay = 0.99> <FuncUnit> <Opcode : 'select'> <InPorts = 3> <OutPorts = 1>
ST_43 : Operation 2029 [1/1] (1.24ns) (out node of the LUT)   --->   "%select_ln194_3 = select i1 %or_ln194_3, i8 %select_ln194_11, i8 %trunc_ln194_3" [../import_files/import_files/2D_idct.cpp:194]   --->   Operation 2029 'select' 'select_ln194_3' <Predicate = true> <Delay = 1.24> <CoreInst = "Sel">   --->   Core 73 'Sel' <Latency = 0> <II = 1> <Delay = 1.24> <FuncUnit> <Opcode : 'select'> <InPorts = 3> <OutPorts = 1>
ST_43 : Operation 2030 [1/1] (0.00ns) (grouped into LUT with out node select_ln195_3)   --->   "%trunc_ln195_3 = partselect i8 @_ssdm_op_PartSelect.i8.i32.i32.i32, i32 %sub_ln195_3, i32 18, i32 25" [../import_files/import_files/2D_idct.cpp:195]   --->   Operation 2030 'partselect' 'trunc_ln195_3' <Predicate = true> <Delay = 0.00>
ST_43 : Operation 2031 [1/1] (0.00ns)   --->   "%tmp_65 = bitselect i1 @_ssdm_op_BitSelect.i1.i32.i32, i32 %sub_ln195_3, i32 31" [../import_files/import_files/2D_idct.cpp:195]   --->   Operation 2031 'bitselect' 'tmp_65' <Predicate = true> <Delay = 0.00>
ST_43 : Operation 2032 [1/1] (0.00ns)   --->   "%tmp_66 = partselect i6 @_ssdm_op_PartSelect.i6.i32.i32.i32, i32 %sub_ln195_3, i32 26, i32 31" [../import_files/import_files/2D_idct.cpp:195]   --->   Operation 2032 'partselect' 'tmp_66' <Predicate = true> <Delay = 0.00>
ST_43 : Operation 2033 [1/1] (1.42ns)   --->   "%icmp_ln195_3 = icmp_sgt  i6 %tmp_66, i6 0" [../import_files/import_files/2D_idct.cpp:195]   --->   Operation 2033 'icmp' 'icmp_ln195_3' <Predicate = true> <Delay = 1.42> <CoreInst = "Cmp">   --->   Core 9 'Cmp' <Latency = 0> <II = 1> <Delay = 1.42> <FuncUnit> <Opcode : 'icmp'> <InPorts = 2> <OutPorts = 1>
ST_43 : Operation 2034 [1/1] (0.00ns) (grouped into LUT with out node select_ln195_3)   --->   "%or_ln195_3 = or i1 %tmp_65, i1 %icmp_ln195_3" [../import_files/import_files/2D_idct.cpp:195]   --->   Operation 2034 'or' 'or_ln195_3' <Predicate = true> <Delay = 0.00> <CoreInst = "LogicGate">   --->   Core 74 'LogicGate' <Latency = 0> <II = 1> <Delay = 0.97> <FuncUnit> <Opcode : 'and' 'or' 'xor'> <InPorts = 2> <OutPorts = 1>
ST_43 : Operation 2035 [1/1] (0.00ns) (grouped into LUT with out node select_ln195_3)   --->   "%xor_ln195_3 = xor i1 %tmp_65, i1 1" [../import_files/import_files/2D_idct.cpp:195]   --->   Operation 2035 'xor' 'xor_ln195_3' <Predicate = true> <Delay = 0.00> <CoreInst = "LogicGate">   --->   Core 74 'LogicGate' <Latency = 0> <II = 1> <Delay = 0.97> <FuncUnit> <Opcode : 'and' 'or' 'xor'> <InPorts = 2> <OutPorts = 1>
ST_43 : Operation 2036 [1/1] (0.00ns) (grouped into LUT with out node select_ln195_3)   --->   "%select_ln195_11 = select i1 %xor_ln195_3, i8 255, i8 0" [../import_files/import_files/2D_idct.cpp:195]   --->   Operation 2036 'select' 'select_ln195_11' <Predicate = true> <Delay = 0.00> <CoreInst = "Sel">   --->   Core 73 'Sel' <Latency = 0> <II = 1> <Delay = 0.99> <FuncUnit> <Opcode : 'select'> <InPorts = 3> <OutPorts = 1>
ST_43 : Operation 2037 [1/1] (1.24ns) (out node of the LUT)   --->   "%select_ln195_3 = select i1 %or_ln195_3, i8 %select_ln195_11, i8 %trunc_ln195_3" [../import_files/import_files/2D_idct.cpp:195]   --->   Operation 2037 'select' 'select_ln195_3' <Predicate = true> <Delay = 1.24> <CoreInst = "Sel">   --->   Core 73 'Sel' <Latency = 0> <II = 1> <Delay = 1.24> <FuncUnit> <Opcode : 'select'> <InPorts = 3> <OutPorts = 1>
ST_43 : Operation 2038 [1/1] (0.00ns) (grouped into LUT with out node select_ln196_3)   --->   "%trunc_ln196_3 = partselect i8 @_ssdm_op_PartSelect.i8.i32.i32.i32, i32 %sub_ln196_3, i32 18, i32 25" [../import_files/import_files/2D_idct.cpp:196]   --->   Operation 2038 'partselect' 'trunc_ln196_3' <Predicate = true> <Delay = 0.00>
ST_43 : Operation 2039 [1/1] (0.00ns)   --->   "%tmp_67 = bitselect i1 @_ssdm_op_BitSelect.i1.i32.i32, i32 %sub_ln196_3, i32 31" [../import_files/import_files/2D_idct.cpp:196]   --->   Operation 2039 'bitselect' 'tmp_67' <Predicate = true> <Delay = 0.00>
ST_43 : Operation 2040 [1/1] (0.00ns)   --->   "%tmp_68 = partselect i6 @_ssdm_op_PartSelect.i6.i32.i32.i32, i32 %sub_ln196_3, i32 26, i32 31" [../import_files/import_files/2D_idct.cpp:196]   --->   Operation 2040 'partselect' 'tmp_68' <Predicate = true> <Delay = 0.00>
ST_43 : Operation 2041 [1/1] (1.42ns)   --->   "%icmp_ln196_3 = icmp_sgt  i6 %tmp_68, i6 0" [../import_files/import_files/2D_idct.cpp:196]   --->   Operation 2041 'icmp' 'icmp_ln196_3' <Predicate = true> <Delay = 1.42> <CoreInst = "Cmp">   --->   Core 9 'Cmp' <Latency = 0> <II = 1> <Delay = 1.42> <FuncUnit> <Opcode : 'icmp'> <InPorts = 2> <OutPorts = 1>
ST_43 : Operation 2042 [1/1] (0.00ns) (grouped into LUT with out node select_ln196_3)   --->   "%or_ln196_3 = or i1 %tmp_67, i1 %icmp_ln196_3" [../import_files/import_files/2D_idct.cpp:196]   --->   Operation 2042 'or' 'or_ln196_3' <Predicate = true> <Delay = 0.00> <CoreInst = "LogicGate">   --->   Core 74 'LogicGate' <Latency = 0> <II = 1> <Delay = 0.97> <FuncUnit> <Opcode : 'and' 'or' 'xor'> <InPorts = 2> <OutPorts = 1>
ST_43 : Operation 2043 [1/1] (0.00ns) (grouped into LUT with out node select_ln196_3)   --->   "%xor_ln196_3 = xor i1 %tmp_67, i1 1" [../import_files/import_files/2D_idct.cpp:196]   --->   Operation 2043 'xor' 'xor_ln196_3' <Predicate = true> <Delay = 0.00> <CoreInst = "LogicGate">   --->   Core 74 'LogicGate' <Latency = 0> <II = 1> <Delay = 0.97> <FuncUnit> <Opcode : 'and' 'or' 'xor'> <InPorts = 2> <OutPorts = 1>
ST_43 : Operation 2044 [1/1] (0.00ns) (grouped into LUT with out node select_ln196_3)   --->   "%select_ln196_11 = select i1 %xor_ln196_3, i8 255, i8 0" [../import_files/import_files/2D_idct.cpp:196]   --->   Operation 2044 'select' 'select_ln196_11' <Predicate = true> <Delay = 0.00> <CoreInst = "Sel">   --->   Core 73 'Sel' <Latency = 0> <II = 1> <Delay = 0.99> <FuncUnit> <Opcode : 'select'> <InPorts = 3> <OutPorts = 1>
ST_43 : Operation 2045 [1/1] (1.24ns) (out node of the LUT)   --->   "%select_ln196_3 = select i1 %or_ln196_3, i8 %select_ln196_11, i8 %trunc_ln196_3" [../import_files/import_files/2D_idct.cpp:196]   --->   Operation 2045 'select' 'select_ln196_3' <Predicate = true> <Delay = 1.24> <CoreInst = "Sel">   --->   Core 73 'Sel' <Latency = 0> <II = 1> <Delay = 1.24> <FuncUnit> <Opcode : 'select'> <InPorts = 3> <OutPorts = 1>
ST_43 : Operation 2046 [1/1] (0.00ns) (grouped into LUT with out node select_ln197_3)   --->   "%trunc_ln197_3 = partselect i8 @_ssdm_op_PartSelect.i8.i32.i32.i32, i32 %sub_ln197_3, i32 18, i32 25" [../import_files/import_files/2D_idct.cpp:197]   --->   Operation 2046 'partselect' 'trunc_ln197_3' <Predicate = true> <Delay = 0.00>
ST_43 : Operation 2047 [1/1] (0.00ns)   --->   "%tmp_69 = bitselect i1 @_ssdm_op_BitSelect.i1.i32.i32, i32 %sub_ln197_3, i32 31" [../import_files/import_files/2D_idct.cpp:197]   --->   Operation 2047 'bitselect' 'tmp_69' <Predicate = true> <Delay = 0.00>
ST_43 : Operation 2048 [1/1] (0.00ns)   --->   "%tmp_70 = partselect i6 @_ssdm_op_PartSelect.i6.i32.i32.i32, i32 %sub_ln197_3, i32 26, i32 31" [../import_files/import_files/2D_idct.cpp:197]   --->   Operation 2048 'partselect' 'tmp_70' <Predicate = true> <Delay = 0.00>
ST_43 : Operation 2049 [1/1] (1.42ns)   --->   "%icmp_ln197_3 = icmp_sgt  i6 %tmp_70, i6 0" [../import_files/import_files/2D_idct.cpp:197]   --->   Operation 2049 'icmp' 'icmp_ln197_3' <Predicate = true> <Delay = 1.42> <CoreInst = "Cmp">   --->   Core 9 'Cmp' <Latency = 0> <II = 1> <Delay = 1.42> <FuncUnit> <Opcode : 'icmp'> <InPorts = 2> <OutPorts = 1>
ST_43 : Operation 2050 [1/1] (0.00ns) (grouped into LUT with out node select_ln197_3)   --->   "%or_ln197_3 = or i1 %tmp_69, i1 %icmp_ln197_3" [../import_files/import_files/2D_idct.cpp:197]   --->   Operation 2050 'or' 'or_ln197_3' <Predicate = true> <Delay = 0.00> <CoreInst = "LogicGate">   --->   Core 74 'LogicGate' <Latency = 0> <II = 1> <Delay = 0.97> <FuncUnit> <Opcode : 'and' 'or' 'xor'> <InPorts = 2> <OutPorts = 1>
ST_43 : Operation 2051 [1/1] (0.00ns) (grouped into LUT with out node select_ln197_3)   --->   "%xor_ln197_3 = xor i1 %tmp_69, i1 1" [../import_files/import_files/2D_idct.cpp:197]   --->   Operation 2051 'xor' 'xor_ln197_3' <Predicate = true> <Delay = 0.00> <CoreInst = "LogicGate">   --->   Core 74 'LogicGate' <Latency = 0> <II = 1> <Delay = 0.97> <FuncUnit> <Opcode : 'and' 'or' 'xor'> <InPorts = 2> <OutPorts = 1>
ST_43 : Operation 2052 [1/1] (0.00ns) (grouped into LUT with out node select_ln197_3)   --->   "%select_ln197_11 = select i1 %xor_ln197_3, i8 255, i8 0" [../import_files/import_files/2D_idct.cpp:197]   --->   Operation 2052 'select' 'select_ln197_11' <Predicate = true> <Delay = 0.00> <CoreInst = "Sel">   --->   Core 73 'Sel' <Latency = 0> <II = 1> <Delay = 0.99> <FuncUnit> <Opcode : 'select'> <InPorts = 3> <OutPorts = 1>
ST_43 : Operation 2053 [1/1] (1.24ns) (out node of the LUT)   --->   "%select_ln197_3 = select i1 %or_ln197_3, i8 %select_ln197_11, i8 %trunc_ln197_3" [../import_files/import_files/2D_idct.cpp:197]   --->   Operation 2053 'select' 'select_ln197_3' <Predicate = true> <Delay = 1.24> <CoreInst = "Sel">   --->   Core 73 'Sel' <Latency = 0> <II = 1> <Delay = 1.24> <FuncUnit> <Opcode : 'select'> <InPorts = 3> <OutPorts = 1>
ST_43 : Operation 2054 [1/1] (2.55ns)   --->   "%sub_ln197_4 = sub i32 %add_ln190_8, i32 %tmp3_49" [../import_files/import_files/2D_idct.cpp:197]   --->   Operation 2054 'sub' 'sub_ln197_4' <Predicate = true> <Delay = 2.55> <CoreInst = "Adder">   --->   Core 1 'Adder' <Latency = 0> <II = 1> <Delay = 2.55> <FuncUnit> <Opcode : 'add' 'sub'> <InPorts = 2> <OutPorts = 1>
ST_43 : Operation 2055 [1/1] (2.55ns)   --->   "%add_ln190_9 = add i32 %tmp3_49, i32 %add_ln190_8" [../import_files/import_files/2D_idct.cpp:190]   --->   Operation 2055 'add' 'add_ln190_9' <Predicate = true> <Delay = 2.55> <CoreInst = "Adder">   --->   Core 1 'Adder' <Latency = 0> <II = 1> <Delay = 2.55> <FuncUnit> <Opcode : 'add' 'sub'> <InPorts = 2> <OutPorts = 1>
ST_43 : Operation 2056 [1/1] (0.00ns) (grouped into LUT with out node select_ln190_4)   --->   "%trunc_ln190_4 = partselect i8 @_ssdm_op_PartSelect.i8.i32.i32.i32, i32 %add_ln190_9, i32 18, i32 25" [../import_files/import_files/2D_idct.cpp:190]   --->   Operation 2056 'partselect' 'trunc_ln190_4' <Predicate = true> <Delay = 0.00>
ST_43 : Operation 2057 [1/1] (0.00ns)   --->   "%tmp_71 = bitselect i1 @_ssdm_op_BitSelect.i1.i32.i32, i32 %add_ln190_9, i32 31" [../import_files/import_files/2D_idct.cpp:190]   --->   Operation 2057 'bitselect' 'tmp_71' <Predicate = true> <Delay = 0.00>
ST_43 : Operation 2058 [1/1] (0.00ns)   --->   "%tmp_72 = partselect i6 @_ssdm_op_PartSelect.i6.i32.i32.i32, i32 %add_ln190_9, i32 26, i32 31" [../import_files/import_files/2D_idct.cpp:190]   --->   Operation 2058 'partselect' 'tmp_72' <Predicate = true> <Delay = 0.00>
ST_43 : Operation 2059 [1/1] (1.42ns)   --->   "%icmp_ln190_4 = icmp_sgt  i6 %tmp_72, i6 0" [../import_files/import_files/2D_idct.cpp:190]   --->   Operation 2059 'icmp' 'icmp_ln190_4' <Predicate = true> <Delay = 1.42> <CoreInst = "Cmp">   --->   Core 9 'Cmp' <Latency = 0> <II = 1> <Delay = 1.42> <FuncUnit> <Opcode : 'icmp'> <InPorts = 2> <OutPorts = 1>
ST_43 : Operation 2060 [1/1] (0.00ns) (grouped into LUT with out node select_ln190_4)   --->   "%or_ln190_4 = or i1 %tmp_71, i1 %icmp_ln190_4" [../import_files/import_files/2D_idct.cpp:190]   --->   Operation 2060 'or' 'or_ln190_4' <Predicate = true> <Delay = 0.00> <CoreInst = "LogicGate">   --->   Core 74 'LogicGate' <Latency = 0> <II = 1> <Delay = 0.97> <FuncUnit> <Opcode : 'and' 'or' 'xor'> <InPorts = 2> <OutPorts = 1>
ST_43 : Operation 2061 [1/1] (0.00ns) (grouped into LUT with out node select_ln190_4)   --->   "%xor_ln190_4 = xor i1 %tmp_71, i1 1" [../import_files/import_files/2D_idct.cpp:190]   --->   Operation 2061 'xor' 'xor_ln190_4' <Predicate = true> <Delay = 0.00> <CoreInst = "LogicGate">   --->   Core 74 'LogicGate' <Latency = 0> <II = 1> <Delay = 0.97> <FuncUnit> <Opcode : 'and' 'or' 'xor'> <InPorts = 2> <OutPorts = 1>
ST_43 : Operation 2062 [1/1] (0.00ns) (grouped into LUT with out node select_ln190_4)   --->   "%select_ln190_12 = select i1 %xor_ln190_4, i8 255, i8 0" [../import_files/import_files/2D_idct.cpp:190]   --->   Operation 2062 'select' 'select_ln190_12' <Predicate = true> <Delay = 0.00> <CoreInst = "Sel">   --->   Core 73 'Sel' <Latency = 0> <II = 1> <Delay = 0.99> <FuncUnit> <Opcode : 'select'> <InPorts = 3> <OutPorts = 1>
ST_43 : Operation 2063 [1/1] (1.24ns) (out node of the LUT)   --->   "%select_ln190_4 = select i1 %or_ln190_4, i8 %select_ln190_12, i8 %trunc_ln190_4" [../import_files/import_files/2D_idct.cpp:190]   --->   Operation 2063 'select' 'select_ln190_4' <Predicate = true> <Delay = 1.24> <CoreInst = "Sel">   --->   Core 73 'Sel' <Latency = 0> <II = 1> <Delay = 1.24> <FuncUnit> <Opcode : 'select'> <InPorts = 3> <OutPorts = 1>
ST_43 : Operation 2064 [1/1] (2.55ns)   --->   "%sub_ln196_4 = sub i32 %add_ln191_8, i32 %tmp2_49" [../import_files/import_files/2D_idct.cpp:196]   --->   Operation 2064 'sub' 'sub_ln196_4' <Predicate = true> <Delay = 2.55> <CoreInst = "Adder">   --->   Core 1 'Adder' <Latency = 0> <II = 1> <Delay = 2.55> <FuncUnit> <Opcode : 'add' 'sub'> <InPorts = 2> <OutPorts = 1>
ST_43 : Operation 2065 [1/1] (2.55ns)   --->   "%add_ln191_9 = add i32 %tmp2_49, i32 %add_ln191_8" [../import_files/import_files/2D_idct.cpp:191]   --->   Operation 2065 'add' 'add_ln191_9' <Predicate = true> <Delay = 2.55> <CoreInst = "Adder">   --->   Core 1 'Adder' <Latency = 0> <II = 1> <Delay = 2.55> <FuncUnit> <Opcode : 'add' 'sub'> <InPorts = 2> <OutPorts = 1>
ST_43 : Operation 2066 [1/1] (0.00ns) (grouped into LUT with out node select_ln191_4)   --->   "%trunc_ln191_4 = partselect i8 @_ssdm_op_PartSelect.i8.i32.i32.i32, i32 %add_ln191_9, i32 18, i32 25" [../import_files/import_files/2D_idct.cpp:191]   --->   Operation 2066 'partselect' 'trunc_ln191_4' <Predicate = true> <Delay = 0.00>
ST_43 : Operation 2067 [1/1] (0.00ns)   --->   "%tmp_73 = bitselect i1 @_ssdm_op_BitSelect.i1.i32.i32, i32 %add_ln191_9, i32 31" [../import_files/import_files/2D_idct.cpp:191]   --->   Operation 2067 'bitselect' 'tmp_73' <Predicate = true> <Delay = 0.00>
ST_43 : Operation 2068 [1/1] (0.00ns)   --->   "%tmp_74 = partselect i6 @_ssdm_op_PartSelect.i6.i32.i32.i32, i32 %add_ln191_9, i32 26, i32 31" [../import_files/import_files/2D_idct.cpp:191]   --->   Operation 2068 'partselect' 'tmp_74' <Predicate = true> <Delay = 0.00>
ST_43 : Operation 2069 [1/1] (1.42ns)   --->   "%icmp_ln191_4 = icmp_sgt  i6 %tmp_74, i6 0" [../import_files/import_files/2D_idct.cpp:191]   --->   Operation 2069 'icmp' 'icmp_ln191_4' <Predicate = true> <Delay = 1.42> <CoreInst = "Cmp">   --->   Core 9 'Cmp' <Latency = 0> <II = 1> <Delay = 1.42> <FuncUnit> <Opcode : 'icmp'> <InPorts = 2> <OutPorts = 1>
ST_43 : Operation 2070 [1/1] (0.00ns) (grouped into LUT with out node select_ln191_4)   --->   "%or_ln191_4 = or i1 %tmp_73, i1 %icmp_ln191_4" [../import_files/import_files/2D_idct.cpp:191]   --->   Operation 2070 'or' 'or_ln191_4' <Predicate = true> <Delay = 0.00> <CoreInst = "LogicGate">   --->   Core 74 'LogicGate' <Latency = 0> <II = 1> <Delay = 0.97> <FuncUnit> <Opcode : 'and' 'or' 'xor'> <InPorts = 2> <OutPorts = 1>
ST_43 : Operation 2071 [1/1] (0.00ns) (grouped into LUT with out node select_ln191_4)   --->   "%xor_ln191_4 = xor i1 %tmp_73, i1 1" [../import_files/import_files/2D_idct.cpp:191]   --->   Operation 2071 'xor' 'xor_ln191_4' <Predicate = true> <Delay = 0.00> <CoreInst = "LogicGate">   --->   Core 74 'LogicGate' <Latency = 0> <II = 1> <Delay = 0.97> <FuncUnit> <Opcode : 'and' 'or' 'xor'> <InPorts = 2> <OutPorts = 1>
ST_43 : Operation 2072 [1/1] (0.00ns) (grouped into LUT with out node select_ln191_4)   --->   "%select_ln191_12 = select i1 %xor_ln191_4, i8 255, i8 0" [../import_files/import_files/2D_idct.cpp:191]   --->   Operation 2072 'select' 'select_ln191_12' <Predicate = true> <Delay = 0.00> <CoreInst = "Sel">   --->   Core 73 'Sel' <Latency = 0> <II = 1> <Delay = 0.99> <FuncUnit> <Opcode : 'select'> <InPorts = 3> <OutPorts = 1>
ST_43 : Operation 2073 [1/1] (1.24ns) (out node of the LUT)   --->   "%select_ln191_4 = select i1 %or_ln191_4, i8 %select_ln191_12, i8 %trunc_ln191_4" [../import_files/import_files/2D_idct.cpp:191]   --->   Operation 2073 'select' 'select_ln191_4' <Predicate = true> <Delay = 1.24> <CoreInst = "Sel">   --->   Core 73 'Sel' <Latency = 0> <II = 1> <Delay = 1.24> <FuncUnit> <Opcode : 'select'> <InPorts = 3> <OutPorts = 1>
ST_43 : Operation 2074 [1/1] (2.55ns)   --->   "%sub_ln195_4 = sub i32 %add_ln192_8, i32 %tmp1_49" [../import_files/import_files/2D_idct.cpp:195]   --->   Operation 2074 'sub' 'sub_ln195_4' <Predicate = true> <Delay = 2.55> <CoreInst = "Adder">   --->   Core 1 'Adder' <Latency = 0> <II = 1> <Delay = 2.55> <FuncUnit> <Opcode : 'add' 'sub'> <InPorts = 2> <OutPorts = 1>
ST_43 : Operation 2075 [1/1] (2.55ns)   --->   "%add_ln192_9 = add i32 %tmp1_49, i32 %add_ln192_8" [../import_files/import_files/2D_idct.cpp:192]   --->   Operation 2075 'add' 'add_ln192_9' <Predicate = true> <Delay = 2.55> <CoreInst = "Adder">   --->   Core 1 'Adder' <Latency = 0> <II = 1> <Delay = 2.55> <FuncUnit> <Opcode : 'add' 'sub'> <InPorts = 2> <OutPorts = 1>
ST_43 : Operation 2076 [1/1] (0.00ns) (grouped into LUT with out node select_ln192_4)   --->   "%trunc_ln192_4 = partselect i8 @_ssdm_op_PartSelect.i8.i32.i32.i32, i32 %add_ln192_9, i32 18, i32 25" [../import_files/import_files/2D_idct.cpp:192]   --->   Operation 2076 'partselect' 'trunc_ln192_4' <Predicate = true> <Delay = 0.00>
ST_43 : Operation 2077 [1/1] (0.00ns)   --->   "%tmp_75 = bitselect i1 @_ssdm_op_BitSelect.i1.i32.i32, i32 %add_ln192_9, i32 31" [../import_files/import_files/2D_idct.cpp:192]   --->   Operation 2077 'bitselect' 'tmp_75' <Predicate = true> <Delay = 0.00>
ST_43 : Operation 2078 [1/1] (0.00ns)   --->   "%tmp_76 = partselect i6 @_ssdm_op_PartSelect.i6.i32.i32.i32, i32 %add_ln192_9, i32 26, i32 31" [../import_files/import_files/2D_idct.cpp:192]   --->   Operation 2078 'partselect' 'tmp_76' <Predicate = true> <Delay = 0.00>
ST_43 : Operation 2079 [1/1] (1.42ns)   --->   "%icmp_ln192_4 = icmp_sgt  i6 %tmp_76, i6 0" [../import_files/import_files/2D_idct.cpp:192]   --->   Operation 2079 'icmp' 'icmp_ln192_4' <Predicate = true> <Delay = 1.42> <CoreInst = "Cmp">   --->   Core 9 'Cmp' <Latency = 0> <II = 1> <Delay = 1.42> <FuncUnit> <Opcode : 'icmp'> <InPorts = 2> <OutPorts = 1>
ST_43 : Operation 2080 [1/1] (0.00ns) (grouped into LUT with out node select_ln192_4)   --->   "%or_ln192_4 = or i1 %tmp_75, i1 %icmp_ln192_4" [../import_files/import_files/2D_idct.cpp:192]   --->   Operation 2080 'or' 'or_ln192_4' <Predicate = true> <Delay = 0.00> <CoreInst = "LogicGate">   --->   Core 74 'LogicGate' <Latency = 0> <II = 1> <Delay = 0.97> <FuncUnit> <Opcode : 'and' 'or' 'xor'> <InPorts = 2> <OutPorts = 1>
ST_43 : Operation 2081 [1/1] (0.00ns) (grouped into LUT with out node select_ln192_4)   --->   "%xor_ln192_4 = xor i1 %tmp_75, i1 1" [../import_files/import_files/2D_idct.cpp:192]   --->   Operation 2081 'xor' 'xor_ln192_4' <Predicate = true> <Delay = 0.00> <CoreInst = "LogicGate">   --->   Core 74 'LogicGate' <Latency = 0> <II = 1> <Delay = 0.97> <FuncUnit> <Opcode : 'and' 'or' 'xor'> <InPorts = 2> <OutPorts = 1>
ST_43 : Operation 2082 [1/1] (0.00ns) (grouped into LUT with out node select_ln192_4)   --->   "%select_ln192_12 = select i1 %xor_ln192_4, i8 255, i8 0" [../import_files/import_files/2D_idct.cpp:192]   --->   Operation 2082 'select' 'select_ln192_12' <Predicate = true> <Delay = 0.00> <CoreInst = "Sel">   --->   Core 73 'Sel' <Latency = 0> <II = 1> <Delay = 0.99> <FuncUnit> <Opcode : 'select'> <InPorts = 3> <OutPorts = 1>
ST_43 : Operation 2083 [1/1] (1.24ns) (out node of the LUT)   --->   "%select_ln192_4 = select i1 %or_ln192_4, i8 %select_ln192_12, i8 %trunc_ln192_4" [../import_files/import_files/2D_idct.cpp:192]   --->   Operation 2083 'select' 'select_ln192_4' <Predicate = true> <Delay = 1.24> <CoreInst = "Sel">   --->   Core 73 'Sel' <Latency = 0> <II = 1> <Delay = 1.24> <FuncUnit> <Opcode : 'select'> <InPorts = 3> <OutPorts = 1>
ST_43 : Operation 2084 [1/1] (2.55ns)   --->   "%sub_ln194_4 = sub i32 %add_ln193_8, i32 %tmp0_51" [../import_files/import_files/2D_idct.cpp:194]   --->   Operation 2084 'sub' 'sub_ln194_4' <Predicate = true> <Delay = 2.55> <CoreInst = "Adder">   --->   Core 1 'Adder' <Latency = 0> <II = 1> <Delay = 2.55> <FuncUnit> <Opcode : 'add' 'sub'> <InPorts = 2> <OutPorts = 1>
ST_43 : Operation 2085 [1/1] (2.55ns)   --->   "%add_ln193_9 = add i32 %tmp0_51, i32 %add_ln193_8" [../import_files/import_files/2D_idct.cpp:193]   --->   Operation 2085 'add' 'add_ln193_9' <Predicate = true> <Delay = 2.55> <CoreInst = "Adder">   --->   Core 1 'Adder' <Latency = 0> <II = 1> <Delay = 2.55> <FuncUnit> <Opcode : 'add' 'sub'> <InPorts = 2> <OutPorts = 1>
ST_43 : Operation 2086 [1/1] (0.00ns) (grouped into LUT with out node select_ln193_4)   --->   "%trunc_ln193_4 = partselect i8 @_ssdm_op_PartSelect.i8.i32.i32.i32, i32 %add_ln193_9, i32 18, i32 25" [../import_files/import_files/2D_idct.cpp:193]   --->   Operation 2086 'partselect' 'trunc_ln193_4' <Predicate = true> <Delay = 0.00>
ST_43 : Operation 2087 [1/1] (0.00ns)   --->   "%tmp_77 = bitselect i1 @_ssdm_op_BitSelect.i1.i32.i32, i32 %add_ln193_9, i32 31" [../import_files/import_files/2D_idct.cpp:193]   --->   Operation 2087 'bitselect' 'tmp_77' <Predicate = true> <Delay = 0.00>
ST_43 : Operation 2088 [1/1] (0.00ns)   --->   "%tmp_78 = partselect i6 @_ssdm_op_PartSelect.i6.i32.i32.i32, i32 %add_ln193_9, i32 26, i32 31" [../import_files/import_files/2D_idct.cpp:193]   --->   Operation 2088 'partselect' 'tmp_78' <Predicate = true> <Delay = 0.00>
ST_43 : Operation 2089 [1/1] (1.42ns)   --->   "%icmp_ln193_4 = icmp_sgt  i6 %tmp_78, i6 0" [../import_files/import_files/2D_idct.cpp:193]   --->   Operation 2089 'icmp' 'icmp_ln193_4' <Predicate = true> <Delay = 1.42> <CoreInst = "Cmp">   --->   Core 9 'Cmp' <Latency = 0> <II = 1> <Delay = 1.42> <FuncUnit> <Opcode : 'icmp'> <InPorts = 2> <OutPorts = 1>
ST_43 : Operation 2090 [1/1] (0.00ns) (grouped into LUT with out node select_ln193_4)   --->   "%or_ln193_4 = or i1 %tmp_77, i1 %icmp_ln193_4" [../import_files/import_files/2D_idct.cpp:193]   --->   Operation 2090 'or' 'or_ln193_4' <Predicate = true> <Delay = 0.00> <CoreInst = "LogicGate">   --->   Core 74 'LogicGate' <Latency = 0> <II = 1> <Delay = 0.97> <FuncUnit> <Opcode : 'and' 'or' 'xor'> <InPorts = 2> <OutPorts = 1>
ST_43 : Operation 2091 [1/1] (0.00ns) (grouped into LUT with out node select_ln193_4)   --->   "%xor_ln193_4 = xor i1 %tmp_77, i1 1" [../import_files/import_files/2D_idct.cpp:193]   --->   Operation 2091 'xor' 'xor_ln193_4' <Predicate = true> <Delay = 0.00> <CoreInst = "LogicGate">   --->   Core 74 'LogicGate' <Latency = 0> <II = 1> <Delay = 0.97> <FuncUnit> <Opcode : 'and' 'or' 'xor'> <InPorts = 2> <OutPorts = 1>
ST_43 : Operation 2092 [1/1] (0.00ns) (grouped into LUT with out node select_ln193_4)   --->   "%select_ln193_12 = select i1 %xor_ln193_4, i8 255, i8 0" [../import_files/import_files/2D_idct.cpp:193]   --->   Operation 2092 'select' 'select_ln193_12' <Predicate = true> <Delay = 0.00> <CoreInst = "Sel">   --->   Core 73 'Sel' <Latency = 0> <II = 1> <Delay = 0.99> <FuncUnit> <Opcode : 'select'> <InPorts = 3> <OutPorts = 1>
ST_43 : Operation 2093 [1/1] (1.24ns) (out node of the LUT)   --->   "%select_ln193_4 = select i1 %or_ln193_4, i8 %select_ln193_12, i8 %trunc_ln193_4" [../import_files/import_files/2D_idct.cpp:193]   --->   Operation 2093 'select' 'select_ln193_4' <Predicate = true> <Delay = 1.24> <CoreInst = "Sel">   --->   Core 73 'Sel' <Latency = 0> <II = 1> <Delay = 1.24> <FuncUnit> <Opcode : 'select'> <InPorts = 3> <OutPorts = 1>
ST_43 : Operation 2094 [1/1] (0.00ns) (grouped into LUT with out node select_ln194_4)   --->   "%trunc_ln194_4 = partselect i8 @_ssdm_op_PartSelect.i8.i32.i32.i32, i32 %sub_ln194_4, i32 18, i32 25" [../import_files/import_files/2D_idct.cpp:194]   --->   Operation 2094 'partselect' 'trunc_ln194_4' <Predicate = true> <Delay = 0.00>
ST_43 : Operation 2095 [1/1] (0.00ns)   --->   "%tmp_79 = bitselect i1 @_ssdm_op_BitSelect.i1.i32.i32, i32 %sub_ln194_4, i32 31" [../import_files/import_files/2D_idct.cpp:194]   --->   Operation 2095 'bitselect' 'tmp_79' <Predicate = true> <Delay = 0.00>
ST_43 : Operation 2096 [1/1] (0.00ns)   --->   "%tmp_80 = partselect i6 @_ssdm_op_PartSelect.i6.i32.i32.i32, i32 %sub_ln194_4, i32 26, i32 31" [../import_files/import_files/2D_idct.cpp:194]   --->   Operation 2096 'partselect' 'tmp_80' <Predicate = true> <Delay = 0.00>
ST_43 : Operation 2097 [1/1] (1.42ns)   --->   "%icmp_ln194_4 = icmp_sgt  i6 %tmp_80, i6 0" [../import_files/import_files/2D_idct.cpp:194]   --->   Operation 2097 'icmp' 'icmp_ln194_4' <Predicate = true> <Delay = 1.42> <CoreInst = "Cmp">   --->   Core 9 'Cmp' <Latency = 0> <II = 1> <Delay = 1.42> <FuncUnit> <Opcode : 'icmp'> <InPorts = 2> <OutPorts = 1>
ST_43 : Operation 2098 [1/1] (0.00ns) (grouped into LUT with out node select_ln194_4)   --->   "%or_ln194_4 = or i1 %tmp_79, i1 %icmp_ln194_4" [../import_files/import_files/2D_idct.cpp:194]   --->   Operation 2098 'or' 'or_ln194_4' <Predicate = true> <Delay = 0.00> <CoreInst = "LogicGate">   --->   Core 74 'LogicGate' <Latency = 0> <II = 1> <Delay = 0.97> <FuncUnit> <Opcode : 'and' 'or' 'xor'> <InPorts = 2> <OutPorts = 1>
ST_43 : Operation 2099 [1/1] (0.00ns) (grouped into LUT with out node select_ln194_4)   --->   "%xor_ln194_4 = xor i1 %tmp_79, i1 1" [../import_files/import_files/2D_idct.cpp:194]   --->   Operation 2099 'xor' 'xor_ln194_4' <Predicate = true> <Delay = 0.00> <CoreInst = "LogicGate">   --->   Core 74 'LogicGate' <Latency = 0> <II = 1> <Delay = 0.97> <FuncUnit> <Opcode : 'and' 'or' 'xor'> <InPorts = 2> <OutPorts = 1>
ST_43 : Operation 2100 [1/1] (0.00ns) (grouped into LUT with out node select_ln194_4)   --->   "%select_ln194_12 = select i1 %xor_ln194_4, i8 255, i8 0" [../import_files/import_files/2D_idct.cpp:194]   --->   Operation 2100 'select' 'select_ln194_12' <Predicate = true> <Delay = 0.00> <CoreInst = "Sel">   --->   Core 73 'Sel' <Latency = 0> <II = 1> <Delay = 0.99> <FuncUnit> <Opcode : 'select'> <InPorts = 3> <OutPorts = 1>
ST_43 : Operation 2101 [1/1] (1.24ns) (out node of the LUT)   --->   "%select_ln194_4 = select i1 %or_ln194_4, i8 %select_ln194_12, i8 %trunc_ln194_4" [../import_files/import_files/2D_idct.cpp:194]   --->   Operation 2101 'select' 'select_ln194_4' <Predicate = true> <Delay = 1.24> <CoreInst = "Sel">   --->   Core 73 'Sel' <Latency = 0> <II = 1> <Delay = 1.24> <FuncUnit> <Opcode : 'select'> <InPorts = 3> <OutPorts = 1>
ST_43 : Operation 2102 [1/1] (0.00ns) (grouped into LUT with out node select_ln195_4)   --->   "%trunc_ln195_4 = partselect i8 @_ssdm_op_PartSelect.i8.i32.i32.i32, i32 %sub_ln195_4, i32 18, i32 25" [../import_files/import_files/2D_idct.cpp:195]   --->   Operation 2102 'partselect' 'trunc_ln195_4' <Predicate = true> <Delay = 0.00>
ST_43 : Operation 2103 [1/1] (0.00ns)   --->   "%tmp_81 = bitselect i1 @_ssdm_op_BitSelect.i1.i32.i32, i32 %sub_ln195_4, i32 31" [../import_files/import_files/2D_idct.cpp:195]   --->   Operation 2103 'bitselect' 'tmp_81' <Predicate = true> <Delay = 0.00>
ST_43 : Operation 2104 [1/1] (0.00ns)   --->   "%tmp_82 = partselect i6 @_ssdm_op_PartSelect.i6.i32.i32.i32, i32 %sub_ln195_4, i32 26, i32 31" [../import_files/import_files/2D_idct.cpp:195]   --->   Operation 2104 'partselect' 'tmp_82' <Predicate = true> <Delay = 0.00>
ST_43 : Operation 2105 [1/1] (1.42ns)   --->   "%icmp_ln195_4 = icmp_sgt  i6 %tmp_82, i6 0" [../import_files/import_files/2D_idct.cpp:195]   --->   Operation 2105 'icmp' 'icmp_ln195_4' <Predicate = true> <Delay = 1.42> <CoreInst = "Cmp">   --->   Core 9 'Cmp' <Latency = 0> <II = 1> <Delay = 1.42> <FuncUnit> <Opcode : 'icmp'> <InPorts = 2> <OutPorts = 1>
ST_43 : Operation 2106 [1/1] (0.00ns) (grouped into LUT with out node select_ln195_4)   --->   "%or_ln195_4 = or i1 %tmp_81, i1 %icmp_ln195_4" [../import_files/import_files/2D_idct.cpp:195]   --->   Operation 2106 'or' 'or_ln195_4' <Predicate = true> <Delay = 0.00> <CoreInst = "LogicGate">   --->   Core 74 'LogicGate' <Latency = 0> <II = 1> <Delay = 0.97> <FuncUnit> <Opcode : 'and' 'or' 'xor'> <InPorts = 2> <OutPorts = 1>
ST_43 : Operation 2107 [1/1] (0.00ns) (grouped into LUT with out node select_ln195_4)   --->   "%xor_ln195_4 = xor i1 %tmp_81, i1 1" [../import_files/import_files/2D_idct.cpp:195]   --->   Operation 2107 'xor' 'xor_ln195_4' <Predicate = true> <Delay = 0.00> <CoreInst = "LogicGate">   --->   Core 74 'LogicGate' <Latency = 0> <II = 1> <Delay = 0.97> <FuncUnit> <Opcode : 'and' 'or' 'xor'> <InPorts = 2> <OutPorts = 1>
ST_43 : Operation 2108 [1/1] (0.00ns) (grouped into LUT with out node select_ln195_4)   --->   "%select_ln195_12 = select i1 %xor_ln195_4, i8 255, i8 0" [../import_files/import_files/2D_idct.cpp:195]   --->   Operation 2108 'select' 'select_ln195_12' <Predicate = true> <Delay = 0.00> <CoreInst = "Sel">   --->   Core 73 'Sel' <Latency = 0> <II = 1> <Delay = 0.99> <FuncUnit> <Opcode : 'select'> <InPorts = 3> <OutPorts = 1>
ST_43 : Operation 2109 [1/1] (1.24ns) (out node of the LUT)   --->   "%select_ln195_4 = select i1 %or_ln195_4, i8 %select_ln195_12, i8 %trunc_ln195_4" [../import_files/import_files/2D_idct.cpp:195]   --->   Operation 2109 'select' 'select_ln195_4' <Predicate = true> <Delay = 1.24> <CoreInst = "Sel">   --->   Core 73 'Sel' <Latency = 0> <II = 1> <Delay = 1.24> <FuncUnit> <Opcode : 'select'> <InPorts = 3> <OutPorts = 1>
ST_43 : Operation 2110 [1/1] (0.00ns) (grouped into LUT with out node select_ln196_4)   --->   "%trunc_ln196_4 = partselect i8 @_ssdm_op_PartSelect.i8.i32.i32.i32, i32 %sub_ln196_4, i32 18, i32 25" [../import_files/import_files/2D_idct.cpp:196]   --->   Operation 2110 'partselect' 'trunc_ln196_4' <Predicate = true> <Delay = 0.00>
ST_43 : Operation 2111 [1/1] (0.00ns)   --->   "%tmp_83 = bitselect i1 @_ssdm_op_BitSelect.i1.i32.i32, i32 %sub_ln196_4, i32 31" [../import_files/import_files/2D_idct.cpp:196]   --->   Operation 2111 'bitselect' 'tmp_83' <Predicate = true> <Delay = 0.00>
ST_43 : Operation 2112 [1/1] (0.00ns)   --->   "%tmp_84 = partselect i6 @_ssdm_op_PartSelect.i6.i32.i32.i32, i32 %sub_ln196_4, i32 26, i32 31" [../import_files/import_files/2D_idct.cpp:196]   --->   Operation 2112 'partselect' 'tmp_84' <Predicate = true> <Delay = 0.00>
ST_43 : Operation 2113 [1/1] (1.42ns)   --->   "%icmp_ln196_4 = icmp_sgt  i6 %tmp_84, i6 0" [../import_files/import_files/2D_idct.cpp:196]   --->   Operation 2113 'icmp' 'icmp_ln196_4' <Predicate = true> <Delay = 1.42> <CoreInst = "Cmp">   --->   Core 9 'Cmp' <Latency = 0> <II = 1> <Delay = 1.42> <FuncUnit> <Opcode : 'icmp'> <InPorts = 2> <OutPorts = 1>
ST_43 : Operation 2114 [1/1] (0.00ns) (grouped into LUT with out node select_ln196_4)   --->   "%or_ln196_4 = or i1 %tmp_83, i1 %icmp_ln196_4" [../import_files/import_files/2D_idct.cpp:196]   --->   Operation 2114 'or' 'or_ln196_4' <Predicate = true> <Delay = 0.00> <CoreInst = "LogicGate">   --->   Core 74 'LogicGate' <Latency = 0> <II = 1> <Delay = 0.97> <FuncUnit> <Opcode : 'and' 'or' 'xor'> <InPorts = 2> <OutPorts = 1>
ST_43 : Operation 2115 [1/1] (0.00ns) (grouped into LUT with out node select_ln196_4)   --->   "%xor_ln196_4 = xor i1 %tmp_83, i1 1" [../import_files/import_files/2D_idct.cpp:196]   --->   Operation 2115 'xor' 'xor_ln196_4' <Predicate = true> <Delay = 0.00> <CoreInst = "LogicGate">   --->   Core 74 'LogicGate' <Latency = 0> <II = 1> <Delay = 0.97> <FuncUnit> <Opcode : 'and' 'or' 'xor'> <InPorts = 2> <OutPorts = 1>
ST_43 : Operation 2116 [1/1] (0.00ns) (grouped into LUT with out node select_ln196_4)   --->   "%select_ln196_12 = select i1 %xor_ln196_4, i8 255, i8 0" [../import_files/import_files/2D_idct.cpp:196]   --->   Operation 2116 'select' 'select_ln196_12' <Predicate = true> <Delay = 0.00> <CoreInst = "Sel">   --->   Core 73 'Sel' <Latency = 0> <II = 1> <Delay = 0.99> <FuncUnit> <Opcode : 'select'> <InPorts = 3> <OutPorts = 1>
ST_43 : Operation 2117 [1/1] (1.24ns) (out node of the LUT)   --->   "%select_ln196_4 = select i1 %or_ln196_4, i8 %select_ln196_12, i8 %trunc_ln196_4" [../import_files/import_files/2D_idct.cpp:196]   --->   Operation 2117 'select' 'select_ln196_4' <Predicate = true> <Delay = 1.24> <CoreInst = "Sel">   --->   Core 73 'Sel' <Latency = 0> <II = 1> <Delay = 1.24> <FuncUnit> <Opcode : 'select'> <InPorts = 3> <OutPorts = 1>
ST_43 : Operation 2118 [1/1] (0.00ns) (grouped into LUT with out node select_ln197_4)   --->   "%trunc_ln197_4 = partselect i8 @_ssdm_op_PartSelect.i8.i32.i32.i32, i32 %sub_ln197_4, i32 18, i32 25" [../import_files/import_files/2D_idct.cpp:197]   --->   Operation 2118 'partselect' 'trunc_ln197_4' <Predicate = true> <Delay = 0.00>
ST_43 : Operation 2119 [1/1] (0.00ns)   --->   "%tmp_85 = bitselect i1 @_ssdm_op_BitSelect.i1.i32.i32, i32 %sub_ln197_4, i32 31" [../import_files/import_files/2D_idct.cpp:197]   --->   Operation 2119 'bitselect' 'tmp_85' <Predicate = true> <Delay = 0.00>
ST_43 : Operation 2120 [1/1] (0.00ns)   --->   "%tmp_86 = partselect i6 @_ssdm_op_PartSelect.i6.i32.i32.i32, i32 %sub_ln197_4, i32 26, i32 31" [../import_files/import_files/2D_idct.cpp:197]   --->   Operation 2120 'partselect' 'tmp_86' <Predicate = true> <Delay = 0.00>
ST_43 : Operation 2121 [1/1] (1.42ns)   --->   "%icmp_ln197_4 = icmp_sgt  i6 %tmp_86, i6 0" [../import_files/import_files/2D_idct.cpp:197]   --->   Operation 2121 'icmp' 'icmp_ln197_4' <Predicate = true> <Delay = 1.42> <CoreInst = "Cmp">   --->   Core 9 'Cmp' <Latency = 0> <II = 1> <Delay = 1.42> <FuncUnit> <Opcode : 'icmp'> <InPorts = 2> <OutPorts = 1>
ST_43 : Operation 2122 [1/1] (0.00ns) (grouped into LUT with out node select_ln197_4)   --->   "%or_ln197_4 = or i1 %tmp_85, i1 %icmp_ln197_4" [../import_files/import_files/2D_idct.cpp:197]   --->   Operation 2122 'or' 'or_ln197_4' <Predicate = true> <Delay = 0.00> <CoreInst = "LogicGate">   --->   Core 74 'LogicGate' <Latency = 0> <II = 1> <Delay = 0.97> <FuncUnit> <Opcode : 'and' 'or' 'xor'> <InPorts = 2> <OutPorts = 1>
ST_43 : Operation 2123 [1/1] (0.00ns) (grouped into LUT with out node select_ln197_4)   --->   "%xor_ln197_4 = xor i1 %tmp_85, i1 1" [../import_files/import_files/2D_idct.cpp:197]   --->   Operation 2123 'xor' 'xor_ln197_4' <Predicate = true> <Delay = 0.00> <CoreInst = "LogicGate">   --->   Core 74 'LogicGate' <Latency = 0> <II = 1> <Delay = 0.97> <FuncUnit> <Opcode : 'and' 'or' 'xor'> <InPorts = 2> <OutPorts = 1>
ST_43 : Operation 2124 [1/1] (0.00ns) (grouped into LUT with out node select_ln197_4)   --->   "%select_ln197_12 = select i1 %xor_ln197_4, i8 255, i8 0" [../import_files/import_files/2D_idct.cpp:197]   --->   Operation 2124 'select' 'select_ln197_12' <Predicate = true> <Delay = 0.00> <CoreInst = "Sel">   --->   Core 73 'Sel' <Latency = 0> <II = 1> <Delay = 0.99> <FuncUnit> <Opcode : 'select'> <InPorts = 3> <OutPorts = 1>
ST_43 : Operation 2125 [1/1] (1.24ns) (out node of the LUT)   --->   "%select_ln197_4 = select i1 %or_ln197_4, i8 %select_ln197_12, i8 %trunc_ln197_4" [../import_files/import_files/2D_idct.cpp:197]   --->   Operation 2125 'select' 'select_ln197_4' <Predicate = true> <Delay = 1.24> <CoreInst = "Sel">   --->   Core 73 'Sel' <Latency = 0> <II = 1> <Delay = 1.24> <FuncUnit> <Opcode : 'select'> <InPorts = 3> <OutPorts = 1>
ST_43 : Operation 2126 [1/2] (2.10ns) (root node of the DSP)   --->   "%tmp2_50 = add i32 %z1_35, i32 %mul_ln144_5" [../import_files/import_files/2D_idct.cpp:144]   --->   Operation 2126 'add' 'tmp2_50' <Predicate = true> <Delay = 2.10> <CoreInst = "DSP48">   --->   Core 119 'DSP48' <Latency = 3> <II = 1> <Delay = 2.15> <IPBlock> <Opcode : 'mul' 'add' 'sub' 'select'> <InPorts = 0> <OutPorts = 1> <Sync> <CReg>
ST_43 : Operation 2127 [1/2] (2.10ns) (root node of the DSP)   --->   "%tmp3_50 = add i32 %z1_35, i32 %mul_ln145_5" [../import_files/import_files/2D_idct.cpp:145]   --->   Operation 2127 'add' 'tmp3_50' <Predicate = true> <Delay = 2.10> <CoreInst = "DSP48">   --->   Core 119 'DSP48' <Latency = 3> <II = 1> <Delay = 2.15> <IPBlock> <Opcode : 'mul' 'add' 'sub' 'select'> <InPorts = 0> <OutPorts = 1> <Sync> <CReg>
ST_43 : Operation 2128 [1/1] (0.00ns)   --->   "%tmp0_52 = bitconcatenate i32 @_ssdm_op_BitConcatenate.i32.i19.i13, i19 %add_ln147_5, i13 0" [../import_files/import_files/2D_idct.cpp:147]   --->   Operation 2128 'bitconcatenate' 'tmp0_52' <Predicate = true> <Delay = 0.00>
ST_43 : Operation 2129 [1/1] (0.00ns) (grouped into TernaryAdder)   --->   "%tmp13_13 = sub i32 %tmp0_52, i32 %tmp3_50" [../import_files/import_files/2D_idct.cpp:151]   --->   Operation 2129 'sub' 'tmp13_13' <Predicate = true> <Delay = 0.00> <CoreInst = "TAddSub">   --->   Core 10 'TAddSub' <Latency = 0> <II = 1> <Delay = 2.18> <IPBlock> <Opcode : 'add' 'sub'> <InPorts = 3> <OutPorts = 1> <Sync> <CReg>
ST_43 : Operation 2130 [1/1] (0.00ns)   --->   "%tmp1_50 = bitconcatenate i32 @_ssdm_op_BitConcatenate.i32.i19.i13, i19 %sub_ln148_5, i13 0" [../import_files/import_files/2D_idct.cpp:148]   --->   Operation 2130 'bitconcatenate' 'tmp1_50' <Predicate = true> <Delay = 0.00>
ST_43 : Operation 2131 [1/1] (0.00ns) (grouped into TernaryAdder)   --->   "%tmp12_13 = sub i32 %tmp1_50, i32 %tmp2_50" [../import_files/import_files/2D_idct.cpp:153]   --->   Operation 2131 'sub' 'tmp12_13' <Predicate = true> <Delay = 0.00> <CoreInst = "TAddSub">   --->   Core 10 'TAddSub' <Latency = 0> <II = 1> <Delay = 2.18> <IPBlock> <Opcode : 'add' 'sub'> <InPorts = 3> <OutPorts = 1> <Sync> <CReg>
ST_43 : Operation 2132 [1/2] (2.10ns) (root node of the DSP)   --->   "%add_ln185_10 = add i32 %tmp2_52, i32 %z3_90" [../import_files/import_files/2D_idct.cpp:185]   --->   Operation 2132 'add' 'add_ln185_10' <Predicate = true> <Delay = 2.10> <CoreInst = "DSP48">   --->   Core 119 'DSP48' <Latency = 3> <II = 1> <Delay = 2.15> <IPBlock> <Opcode : 'mul' 'add' 'sub' 'select'> <InPorts = 0> <OutPorts = 1> <Sync> <CReg>
ST_43 : Operation 2133 [1/1] (2.55ns)   --->   "%tmp2_53 = add i32 %add_ln185_10, i32 %z2_50" [../import_files/import_files/2D_idct.cpp:185]   --->   Operation 2133 'add' 'tmp2_53' <Predicate = true> <Delay = 2.55> <CoreInst = "Adder">   --->   Core 1 'Adder' <Latency = 0> <II = 1> <Delay = 2.55> <FuncUnit> <Opcode : 'add' 'sub'> <InPorts = 2> <OutPorts = 1>
ST_43 : Operation 2134 [1/2] (2.10ns) (root node of the DSP)   --->   "%add_ln183_10 = add i32 %tmp0_54, i32 %z3_90" [../import_files/import_files/2D_idct.cpp:183]   --->   Operation 2134 'add' 'add_ln183_10' <Predicate = true> <Delay = 2.10> <CoreInst = "DSP48">   --->   Core 119 'DSP48' <Latency = 3> <II = 1> <Delay = 2.15> <IPBlock> <Opcode : 'mul' 'add' 'sub' 'select'> <InPorts = 0> <OutPorts = 1> <Sync> <CReg>
ST_43 : Operation 2135 [1/1] (2.55ns)   --->   "%tmp0_55 = add i32 %add_ln183_10, i32 %z1_37" [../import_files/import_files/2D_idct.cpp:183]   --->   Operation 2135 'add' 'tmp0_55' <Predicate = true> <Delay = 2.55> <CoreInst = "Adder">   --->   Core 1 'Adder' <Latency = 0> <II = 1> <Delay = 2.55> <FuncUnit> <Opcode : 'add' 'sub'> <InPorts = 2> <OutPorts = 1>
ST_43 : Operation 2136 [1/2] (2.10ns) (root node of the DSP)   --->   "%add_ln186_10 = add i32 %tmp3_52, i32 %z4_41" [../import_files/import_files/2D_idct.cpp:186]   --->   Operation 2136 'add' 'add_ln186_10' <Predicate = true> <Delay = 2.10> <CoreInst = "DSP48">   --->   Core 119 'DSP48' <Latency = 3> <II = 1> <Delay = 2.15> <IPBlock> <Opcode : 'mul' 'add' 'sub' 'select'> <InPorts = 0> <OutPorts = 1> <Sync> <CReg>
ST_43 : Operation 2137 [1/1] (2.55ns)   --->   "%tmp3_53 = add i32 %add_ln186_10, i32 %z1_37" [../import_files/import_files/2D_idct.cpp:186]   --->   Operation 2137 'add' 'tmp3_53' <Predicate = true> <Delay = 2.55> <CoreInst = "Adder">   --->   Core 1 'Adder' <Latency = 0> <II = 1> <Delay = 2.55> <FuncUnit> <Opcode : 'add' 'sub'> <InPorts = 2> <OutPorts = 1>
ST_43 : Operation 2138 [1/2] (2.10ns) (root node of the DSP)   --->   "%add_ln184_10 = add i32 %tmp1_52, i32 %z4_41" [../import_files/import_files/2D_idct.cpp:184]   --->   Operation 2138 'add' 'add_ln184_10' <Predicate = true> <Delay = 2.10> <CoreInst = "DSP48">   --->   Core 119 'DSP48' <Latency = 3> <II = 1> <Delay = 2.15> <IPBlock> <Opcode : 'mul' 'add' 'sub' 'select'> <InPorts = 0> <OutPorts = 1> <Sync> <CReg>
ST_43 : Operation 2139 [1/1] (2.55ns)   --->   "%tmp1_53 = add i32 %add_ln184_10, i32 %z2_50" [../import_files/import_files/2D_idct.cpp:184]   --->   Operation 2139 'add' 'tmp1_53' <Predicate = true> <Delay = 2.55> <CoreInst = "Adder">   --->   Core 1 'Adder' <Latency = 0> <II = 1> <Delay = 2.55> <FuncUnit> <Opcode : 'add' 'sub'> <InPorts = 2> <OutPorts = 1>
ST_43 : Operation 2140 [1/1] (0.00ns) (grouped into TernaryAdder)   --->   "%add_ln190_21 = add i32 %tmp3_50, i32 131072" [../import_files/import_files/2D_idct.cpp:190]   --->   Operation 2140 'add' 'add_ln190_21' <Predicate = true> <Delay = 0.00> <CoreInst = "TAddSub">   --->   Core 10 'TAddSub' <Latency = 0> <II = 1> <Delay = 2.18> <IPBlock> <Opcode : 'add' 'sub'> <InPorts = 3> <OutPorts = 1> <Sync> <CReg>
ST_43 : Operation 2141 [1/1] (4.37ns) (root node of TernaryAdder)   --->   "%add_ln190_10 = add i32 %add_ln190_21, i32 %tmp0_52" [../import_files/import_files/2D_idct.cpp:190]   --->   Operation 2141 'add' 'add_ln190_10' <Predicate = true> <Delay = 4.37> <CoreInst = "TAddSub">   --->   Core 10 'TAddSub' <Latency = 0> <II = 1> <Delay = 2.18> <IPBlock> <Opcode : 'add' 'sub'> <InPorts = 3> <OutPorts = 1> <Sync> <CReg>
ST_43 : Operation 2142 [1/1] (0.00ns) (grouped into TernaryAdder)   --->   "%add_ln191_21 = add i32 %tmp2_50, i32 131072" [../import_files/import_files/2D_idct.cpp:191]   --->   Operation 2142 'add' 'add_ln191_21' <Predicate = true> <Delay = 0.00> <CoreInst = "TAddSub">   --->   Core 10 'TAddSub' <Latency = 0> <II = 1> <Delay = 2.18> <IPBlock> <Opcode : 'add' 'sub'> <InPorts = 3> <OutPorts = 1> <Sync> <CReg>
ST_43 : Operation 2143 [1/1] (4.37ns) (root node of TernaryAdder)   --->   "%add_ln191_10 = add i32 %add_ln191_21, i32 %tmp1_50" [../import_files/import_files/2D_idct.cpp:191]   --->   Operation 2143 'add' 'add_ln191_10' <Predicate = true> <Delay = 4.37> <CoreInst = "TAddSub">   --->   Core 10 'TAddSub' <Latency = 0> <II = 1> <Delay = 2.18> <IPBlock> <Opcode : 'add' 'sub'> <InPorts = 3> <OutPorts = 1> <Sync> <CReg>
ST_43 : Operation 2144 [1/1] (4.37ns) (root node of TernaryAdder)   --->   "%add_ln192_10 = add i32 %tmp12_13, i32 131072" [../import_files/import_files/2D_idct.cpp:192]   --->   Operation 2144 'add' 'add_ln192_10' <Predicate = true> <Delay = 4.37> <CoreInst = "TAddSub">   --->   Core 10 'TAddSub' <Latency = 0> <II = 1> <Delay = 2.18> <IPBlock> <Opcode : 'add' 'sub'> <InPorts = 3> <OutPorts = 1> <Sync> <CReg>
ST_43 : Operation 2145 [1/1] (4.37ns) (root node of TernaryAdder)   --->   "%add_ln193_10 = add i32 %tmp13_13, i32 131072" [../import_files/import_files/2D_idct.cpp:193]   --->   Operation 2145 'add' 'add_ln193_10' <Predicate = true> <Delay = 4.37> <CoreInst = "TAddSub">   --->   Core 10 'TAddSub' <Latency = 0> <II = 1> <Delay = 2.18> <IPBlock> <Opcode : 'add' 'sub'> <InPorts = 3> <OutPorts = 1> <Sync> <CReg>
ST_43 : Operation 2146 [1/2] (2.10ns) (root node of the DSP)   --->   "%tmp2_54 = add i32 %z1_38, i32 %mul_ln144_6" [../import_files/import_files/2D_idct.cpp:144]   --->   Operation 2146 'add' 'tmp2_54' <Predicate = true> <Delay = 2.10> <CoreInst = "DSP48">   --->   Core 119 'DSP48' <Latency = 3> <II = 1> <Delay = 2.15> <IPBlock> <Opcode : 'mul' 'add' 'sub' 'select'> <InPorts = 0> <OutPorts = 1> <Sync> <CReg>
ST_43 : Operation 2147 [1/2] (2.10ns) (root node of the DSP)   --->   "%tmp3_54 = add i32 %z1_38, i32 %mul_ln145_6" [../import_files/import_files/2D_idct.cpp:145]   --->   Operation 2147 'add' 'tmp3_54' <Predicate = true> <Delay = 2.10> <CoreInst = "DSP48">   --->   Core 119 'DSP48' <Latency = 3> <II = 1> <Delay = 2.15> <IPBlock> <Opcode : 'mul' 'add' 'sub' 'select'> <InPorts = 0> <OutPorts = 1> <Sync> <CReg>
ST_43 : Operation 2148 [1/1] (0.00ns)   --->   "%tmp0_56 = bitconcatenate i32 @_ssdm_op_BitConcatenate.i32.i19.i13, i19 %add_ln147_6, i13 0" [../import_files/import_files/2D_idct.cpp:147]   --->   Operation 2148 'bitconcatenate' 'tmp0_56' <Predicate = true> <Delay = 0.00>
ST_43 : Operation 2149 [1/1] (0.00ns) (grouped into TernaryAdder)   --->   "%tmp13_14 = sub i32 %tmp0_56, i32 %tmp3_54" [../import_files/import_files/2D_idct.cpp:151]   --->   Operation 2149 'sub' 'tmp13_14' <Predicate = true> <Delay = 0.00> <CoreInst = "TAddSub">   --->   Core 10 'TAddSub' <Latency = 0> <II = 1> <Delay = 2.18> <IPBlock> <Opcode : 'add' 'sub'> <InPorts = 3> <OutPorts = 1> <Sync> <CReg>
ST_43 : Operation 2150 [1/1] (0.00ns)   --->   "%tmp1_54 = bitconcatenate i32 @_ssdm_op_BitConcatenate.i32.i19.i13, i19 %sub_ln148_6, i13 0" [../import_files/import_files/2D_idct.cpp:148]   --->   Operation 2150 'bitconcatenate' 'tmp1_54' <Predicate = true> <Delay = 0.00>
ST_43 : Operation 2151 [1/1] (0.00ns) (grouped into TernaryAdder)   --->   "%tmp12_14 = sub i32 %tmp1_54, i32 %tmp2_54" [../import_files/import_files/2D_idct.cpp:153]   --->   Operation 2151 'sub' 'tmp12_14' <Predicate = true> <Delay = 0.00> <CoreInst = "TAddSub">   --->   Core 10 'TAddSub' <Latency = 0> <II = 1> <Delay = 2.18> <IPBlock> <Opcode : 'add' 'sub'> <InPorts = 3> <OutPorts = 1> <Sync> <CReg>
ST_43 : Operation 2152 [1/2] (2.10ns) (root node of the DSP)   --->   "%add_ln185_12 = add i32 %tmp2_56, i32 %z3_94" [../import_files/import_files/2D_idct.cpp:185]   --->   Operation 2152 'add' 'add_ln185_12' <Predicate = true> <Delay = 2.10> <CoreInst = "DSP48">   --->   Core 119 'DSP48' <Latency = 3> <II = 1> <Delay = 2.15> <IPBlock> <Opcode : 'mul' 'add' 'sub' 'select'> <InPorts = 0> <OutPorts = 1> <Sync> <CReg>
ST_43 : Operation 2153 [1/1] (2.55ns)   --->   "%tmp2_57 = add i32 %add_ln185_12, i32 %z2_53" [../import_files/import_files/2D_idct.cpp:185]   --->   Operation 2153 'add' 'tmp2_57' <Predicate = true> <Delay = 2.55> <CoreInst = "Adder">   --->   Core 1 'Adder' <Latency = 0> <II = 1> <Delay = 2.55> <FuncUnit> <Opcode : 'add' 'sub'> <InPorts = 2> <OutPorts = 1>
ST_43 : Operation 2154 [1/2] (2.10ns) (root node of the DSP)   --->   "%add_ln183_12 = add i32 %tmp0_58, i32 %z3_94" [../import_files/import_files/2D_idct.cpp:183]   --->   Operation 2154 'add' 'add_ln183_12' <Predicate = true> <Delay = 2.10> <CoreInst = "DSP48">   --->   Core 119 'DSP48' <Latency = 3> <II = 1> <Delay = 2.15> <IPBlock> <Opcode : 'mul' 'add' 'sub' 'select'> <InPorts = 0> <OutPorts = 1> <Sync> <CReg>
ST_43 : Operation 2155 [1/1] (2.55ns)   --->   "%tmp0_59 = add i32 %add_ln183_12, i32 %z1_40" [../import_files/import_files/2D_idct.cpp:183]   --->   Operation 2155 'add' 'tmp0_59' <Predicate = true> <Delay = 2.55> <CoreInst = "Adder">   --->   Core 1 'Adder' <Latency = 0> <II = 1> <Delay = 2.55> <FuncUnit> <Opcode : 'add' 'sub'> <InPorts = 2> <OutPorts = 1>
ST_43 : Operation 2156 [1/2] (2.10ns) (root node of the DSP)   --->   "%add_ln186_12 = add i32 %tmp3_56, i32 %z4_44" [../import_files/import_files/2D_idct.cpp:186]   --->   Operation 2156 'add' 'add_ln186_12' <Predicate = true> <Delay = 2.10> <CoreInst = "DSP48">   --->   Core 119 'DSP48' <Latency = 3> <II = 1> <Delay = 2.15> <IPBlock> <Opcode : 'mul' 'add' 'sub' 'select'> <InPorts = 0> <OutPorts = 1> <Sync> <CReg>
ST_43 : Operation 2157 [1/1] (2.55ns)   --->   "%tmp3_57 = add i32 %add_ln186_12, i32 %z1_40" [../import_files/import_files/2D_idct.cpp:186]   --->   Operation 2157 'add' 'tmp3_57' <Predicate = true> <Delay = 2.55> <CoreInst = "Adder">   --->   Core 1 'Adder' <Latency = 0> <II = 1> <Delay = 2.55> <FuncUnit> <Opcode : 'add' 'sub'> <InPorts = 2> <OutPorts = 1>
ST_43 : Operation 2158 [1/2] (2.10ns) (root node of the DSP)   --->   "%add_ln184_12 = add i32 %tmp1_56, i32 %z4_44" [../import_files/import_files/2D_idct.cpp:184]   --->   Operation 2158 'add' 'add_ln184_12' <Predicate = true> <Delay = 2.10> <CoreInst = "DSP48">   --->   Core 119 'DSP48' <Latency = 3> <II = 1> <Delay = 2.15> <IPBlock> <Opcode : 'mul' 'add' 'sub' 'select'> <InPorts = 0> <OutPorts = 1> <Sync> <CReg>
ST_43 : Operation 2159 [1/1] (2.55ns)   --->   "%tmp1_57 = add i32 %add_ln184_12, i32 %z2_53" [../import_files/import_files/2D_idct.cpp:184]   --->   Operation 2159 'add' 'tmp1_57' <Predicate = true> <Delay = 2.55> <CoreInst = "Adder">   --->   Core 1 'Adder' <Latency = 0> <II = 1> <Delay = 2.55> <FuncUnit> <Opcode : 'add' 'sub'> <InPorts = 2> <OutPorts = 1>
ST_43 : Operation 2160 [1/1] (0.00ns) (grouped into TernaryAdder)   --->   "%add_ln190_22 = add i32 %tmp3_54, i32 131072" [../import_files/import_files/2D_idct.cpp:190]   --->   Operation 2160 'add' 'add_ln190_22' <Predicate = true> <Delay = 0.00> <CoreInst = "TAddSub">   --->   Core 10 'TAddSub' <Latency = 0> <II = 1> <Delay = 2.18> <IPBlock> <Opcode : 'add' 'sub'> <InPorts = 3> <OutPorts = 1> <Sync> <CReg>
ST_43 : Operation 2161 [1/1] (4.37ns) (root node of TernaryAdder)   --->   "%add_ln190_12 = add i32 %add_ln190_22, i32 %tmp0_56" [../import_files/import_files/2D_idct.cpp:190]   --->   Operation 2161 'add' 'add_ln190_12' <Predicate = true> <Delay = 4.37> <CoreInst = "TAddSub">   --->   Core 10 'TAddSub' <Latency = 0> <II = 1> <Delay = 2.18> <IPBlock> <Opcode : 'add' 'sub'> <InPorts = 3> <OutPorts = 1> <Sync> <CReg>
ST_43 : Operation 2162 [1/1] (0.00ns) (grouped into TernaryAdder)   --->   "%add_ln191_22 = add i32 %tmp2_54, i32 131072" [../import_files/import_files/2D_idct.cpp:191]   --->   Operation 2162 'add' 'add_ln191_22' <Predicate = true> <Delay = 0.00> <CoreInst = "TAddSub">   --->   Core 10 'TAddSub' <Latency = 0> <II = 1> <Delay = 2.18> <IPBlock> <Opcode : 'add' 'sub'> <InPorts = 3> <OutPorts = 1> <Sync> <CReg>
ST_43 : Operation 2163 [1/1] (4.37ns) (root node of TernaryAdder)   --->   "%add_ln191_12 = add i32 %add_ln191_22, i32 %tmp1_54" [../import_files/import_files/2D_idct.cpp:191]   --->   Operation 2163 'add' 'add_ln191_12' <Predicate = true> <Delay = 4.37> <CoreInst = "TAddSub">   --->   Core 10 'TAddSub' <Latency = 0> <II = 1> <Delay = 2.18> <IPBlock> <Opcode : 'add' 'sub'> <InPorts = 3> <OutPorts = 1> <Sync> <CReg>
ST_43 : Operation 2164 [1/1] (4.37ns) (root node of TernaryAdder)   --->   "%add_ln192_12 = add i32 %tmp12_14, i32 131072" [../import_files/import_files/2D_idct.cpp:192]   --->   Operation 2164 'add' 'add_ln192_12' <Predicate = true> <Delay = 4.37> <CoreInst = "TAddSub">   --->   Core 10 'TAddSub' <Latency = 0> <II = 1> <Delay = 2.18> <IPBlock> <Opcode : 'add' 'sub'> <InPorts = 3> <OutPorts = 1> <Sync> <CReg>
ST_43 : Operation 2165 [1/1] (4.37ns) (root node of TernaryAdder)   --->   "%add_ln193_12 = add i32 %tmp13_14, i32 131072" [../import_files/import_files/2D_idct.cpp:193]   --->   Operation 2165 'add' 'add_ln193_12' <Predicate = true> <Delay = 4.37> <CoreInst = "TAddSub">   --->   Core 10 'TAddSub' <Latency = 0> <II = 1> <Delay = 2.18> <IPBlock> <Opcode : 'add' 'sub'> <InPorts = 3> <OutPorts = 1> <Sync> <CReg>
ST_43 : Operation 2166 [1/1] (2.55ns)   --->   "%sub_ln197_7 = sub i32 %add_ln190_14, i32 %tmp3_61" [../import_files/import_files/2D_idct.cpp:197]   --->   Operation 2166 'sub' 'sub_ln197_7' <Predicate = true> <Delay = 2.55> <CoreInst = "Adder">   --->   Core 1 'Adder' <Latency = 0> <II = 1> <Delay = 2.55> <FuncUnit> <Opcode : 'add' 'sub'> <InPorts = 2> <OutPorts = 1>
ST_43 : Operation 2167 [1/1] (2.55ns)   --->   "%add_ln190_15 = add i32 %tmp3_61, i32 %add_ln190_14" [../import_files/import_files/2D_idct.cpp:190]   --->   Operation 2167 'add' 'add_ln190_15' <Predicate = true> <Delay = 2.55> <CoreInst = "Adder">   --->   Core 1 'Adder' <Latency = 0> <II = 1> <Delay = 2.55> <FuncUnit> <Opcode : 'add' 'sub'> <InPorts = 2> <OutPorts = 1>
ST_43 : Operation 2168 [1/1] (0.00ns) (grouped into LUT with out node select_ln190_7)   --->   "%trunc_ln190_7 = partselect i8 @_ssdm_op_PartSelect.i8.i32.i32.i32, i32 %add_ln190_15, i32 18, i32 25" [../import_files/import_files/2D_idct.cpp:190]   --->   Operation 2168 'partselect' 'trunc_ln190_7' <Predicate = true> <Delay = 0.00>
ST_43 : Operation 2169 [1/1] (0.00ns)   --->   "%tmp_119 = bitselect i1 @_ssdm_op_BitSelect.i1.i32.i32, i32 %add_ln190_15, i32 31" [../import_files/import_files/2D_idct.cpp:190]   --->   Operation 2169 'bitselect' 'tmp_119' <Predicate = true> <Delay = 0.00>
ST_43 : Operation 2170 [1/1] (0.00ns)   --->   "%tmp_120 = partselect i6 @_ssdm_op_PartSelect.i6.i32.i32.i32, i32 %add_ln190_15, i32 26, i32 31" [../import_files/import_files/2D_idct.cpp:190]   --->   Operation 2170 'partselect' 'tmp_120' <Predicate = true> <Delay = 0.00>
ST_43 : Operation 2171 [1/1] (1.42ns)   --->   "%icmp_ln190_7 = icmp_sgt  i6 %tmp_120, i6 0" [../import_files/import_files/2D_idct.cpp:190]   --->   Operation 2171 'icmp' 'icmp_ln190_7' <Predicate = true> <Delay = 1.42> <CoreInst = "Cmp">   --->   Core 9 'Cmp' <Latency = 0> <II = 1> <Delay = 1.42> <FuncUnit> <Opcode : 'icmp'> <InPorts = 2> <OutPorts = 1>
ST_43 : Operation 2172 [1/1] (0.00ns) (grouped into LUT with out node select_ln190_7)   --->   "%or_ln190_7 = or i1 %tmp_119, i1 %icmp_ln190_7" [../import_files/import_files/2D_idct.cpp:190]   --->   Operation 2172 'or' 'or_ln190_7' <Predicate = true> <Delay = 0.00> <CoreInst = "LogicGate">   --->   Core 74 'LogicGate' <Latency = 0> <II = 1> <Delay = 0.97> <FuncUnit> <Opcode : 'and' 'or' 'xor'> <InPorts = 2> <OutPorts = 1>
ST_43 : Operation 2173 [1/1] (0.00ns) (grouped into LUT with out node select_ln190_7)   --->   "%xor_ln190_7 = xor i1 %tmp_119, i1 1" [../import_files/import_files/2D_idct.cpp:190]   --->   Operation 2173 'xor' 'xor_ln190_7' <Predicate = true> <Delay = 0.00> <CoreInst = "LogicGate">   --->   Core 74 'LogicGate' <Latency = 0> <II = 1> <Delay = 0.97> <FuncUnit> <Opcode : 'and' 'or' 'xor'> <InPorts = 2> <OutPorts = 1>
ST_43 : Operation 2174 [1/1] (0.00ns) (grouped into LUT with out node select_ln190_7)   --->   "%select_ln190_15 = select i1 %xor_ln190_7, i8 255, i8 0" [../import_files/import_files/2D_idct.cpp:190]   --->   Operation 2174 'select' 'select_ln190_15' <Predicate = true> <Delay = 0.00> <CoreInst = "Sel">   --->   Core 73 'Sel' <Latency = 0> <II = 1> <Delay = 0.99> <FuncUnit> <Opcode : 'select'> <InPorts = 3> <OutPorts = 1>
ST_43 : Operation 2175 [1/1] (1.24ns) (out node of the LUT)   --->   "%select_ln190_7 = select i1 %or_ln190_7, i8 %select_ln190_15, i8 %trunc_ln190_7" [../import_files/import_files/2D_idct.cpp:190]   --->   Operation 2175 'select' 'select_ln190_7' <Predicate = true> <Delay = 1.24> <CoreInst = "Sel">   --->   Core 73 'Sel' <Latency = 0> <II = 1> <Delay = 1.24> <FuncUnit> <Opcode : 'select'> <InPorts = 3> <OutPorts = 1>
ST_43 : Operation 2176 [1/1] (2.55ns)   --->   "%sub_ln196_7 = sub i32 %add_ln191_14, i32 %tmp2_61" [../import_files/import_files/2D_idct.cpp:196]   --->   Operation 2176 'sub' 'sub_ln196_7' <Predicate = true> <Delay = 2.55> <CoreInst = "Adder">   --->   Core 1 'Adder' <Latency = 0> <II = 1> <Delay = 2.55> <FuncUnit> <Opcode : 'add' 'sub'> <InPorts = 2> <OutPorts = 1>
ST_43 : Operation 2177 [1/1] (2.55ns)   --->   "%add_ln191_15 = add i32 %tmp2_61, i32 %add_ln191_14" [../import_files/import_files/2D_idct.cpp:191]   --->   Operation 2177 'add' 'add_ln191_15' <Predicate = true> <Delay = 2.55> <CoreInst = "Adder">   --->   Core 1 'Adder' <Latency = 0> <II = 1> <Delay = 2.55> <FuncUnit> <Opcode : 'add' 'sub'> <InPorts = 2> <OutPorts = 1>
ST_43 : Operation 2178 [1/1] (0.00ns) (grouped into LUT with out node select_ln191_7)   --->   "%trunc_ln191_7 = partselect i8 @_ssdm_op_PartSelect.i8.i32.i32.i32, i32 %add_ln191_15, i32 18, i32 25" [../import_files/import_files/2D_idct.cpp:191]   --->   Operation 2178 'partselect' 'trunc_ln191_7' <Predicate = true> <Delay = 0.00>
ST_43 : Operation 2179 [1/1] (0.00ns)   --->   "%tmp_121 = bitselect i1 @_ssdm_op_BitSelect.i1.i32.i32, i32 %add_ln191_15, i32 31" [../import_files/import_files/2D_idct.cpp:191]   --->   Operation 2179 'bitselect' 'tmp_121' <Predicate = true> <Delay = 0.00>
ST_43 : Operation 2180 [1/1] (0.00ns)   --->   "%tmp_122 = partselect i6 @_ssdm_op_PartSelect.i6.i32.i32.i32, i32 %add_ln191_15, i32 26, i32 31" [../import_files/import_files/2D_idct.cpp:191]   --->   Operation 2180 'partselect' 'tmp_122' <Predicate = true> <Delay = 0.00>
ST_43 : Operation 2181 [1/1] (1.42ns)   --->   "%icmp_ln191_7 = icmp_sgt  i6 %tmp_122, i6 0" [../import_files/import_files/2D_idct.cpp:191]   --->   Operation 2181 'icmp' 'icmp_ln191_7' <Predicate = true> <Delay = 1.42> <CoreInst = "Cmp">   --->   Core 9 'Cmp' <Latency = 0> <II = 1> <Delay = 1.42> <FuncUnit> <Opcode : 'icmp'> <InPorts = 2> <OutPorts = 1>
ST_43 : Operation 2182 [1/1] (0.00ns) (grouped into LUT with out node select_ln191_7)   --->   "%or_ln191_7 = or i1 %tmp_121, i1 %icmp_ln191_7" [../import_files/import_files/2D_idct.cpp:191]   --->   Operation 2182 'or' 'or_ln191_7' <Predicate = true> <Delay = 0.00> <CoreInst = "LogicGate">   --->   Core 74 'LogicGate' <Latency = 0> <II = 1> <Delay = 0.97> <FuncUnit> <Opcode : 'and' 'or' 'xor'> <InPorts = 2> <OutPorts = 1>
ST_43 : Operation 2183 [1/1] (0.00ns) (grouped into LUT with out node select_ln191_7)   --->   "%xor_ln191_7 = xor i1 %tmp_121, i1 1" [../import_files/import_files/2D_idct.cpp:191]   --->   Operation 2183 'xor' 'xor_ln191_7' <Predicate = true> <Delay = 0.00> <CoreInst = "LogicGate">   --->   Core 74 'LogicGate' <Latency = 0> <II = 1> <Delay = 0.97> <FuncUnit> <Opcode : 'and' 'or' 'xor'> <InPorts = 2> <OutPorts = 1>
ST_43 : Operation 2184 [1/1] (0.00ns) (grouped into LUT with out node select_ln191_7)   --->   "%select_ln191_15 = select i1 %xor_ln191_7, i8 255, i8 0" [../import_files/import_files/2D_idct.cpp:191]   --->   Operation 2184 'select' 'select_ln191_15' <Predicate = true> <Delay = 0.00> <CoreInst = "Sel">   --->   Core 73 'Sel' <Latency = 0> <II = 1> <Delay = 0.99> <FuncUnit> <Opcode : 'select'> <InPorts = 3> <OutPorts = 1>
ST_43 : Operation 2185 [1/1] (1.24ns) (out node of the LUT)   --->   "%select_ln191_7 = select i1 %or_ln191_7, i8 %select_ln191_15, i8 %trunc_ln191_7" [../import_files/import_files/2D_idct.cpp:191]   --->   Operation 2185 'select' 'select_ln191_7' <Predicate = true> <Delay = 1.24> <CoreInst = "Sel">   --->   Core 73 'Sel' <Latency = 0> <II = 1> <Delay = 1.24> <FuncUnit> <Opcode : 'select'> <InPorts = 3> <OutPorts = 1>
ST_43 : Operation 2186 [1/1] (2.55ns)   --->   "%sub_ln195_7 = sub i32 %add_ln192_14, i32 %tmp1_61" [../import_files/import_files/2D_idct.cpp:195]   --->   Operation 2186 'sub' 'sub_ln195_7' <Predicate = true> <Delay = 2.55> <CoreInst = "Adder">   --->   Core 1 'Adder' <Latency = 0> <II = 1> <Delay = 2.55> <FuncUnit> <Opcode : 'add' 'sub'> <InPorts = 2> <OutPorts = 1>
ST_43 : Operation 2187 [1/1] (2.55ns)   --->   "%add_ln192_15 = add i32 %tmp1_61, i32 %add_ln192_14" [../import_files/import_files/2D_idct.cpp:192]   --->   Operation 2187 'add' 'add_ln192_15' <Predicate = true> <Delay = 2.55> <CoreInst = "Adder">   --->   Core 1 'Adder' <Latency = 0> <II = 1> <Delay = 2.55> <FuncUnit> <Opcode : 'add' 'sub'> <InPorts = 2> <OutPorts = 1>
ST_43 : Operation 2188 [1/1] (0.00ns) (grouped into LUT with out node select_ln192_7)   --->   "%trunc_ln192_7 = partselect i8 @_ssdm_op_PartSelect.i8.i32.i32.i32, i32 %add_ln192_15, i32 18, i32 25" [../import_files/import_files/2D_idct.cpp:192]   --->   Operation 2188 'partselect' 'trunc_ln192_7' <Predicate = true> <Delay = 0.00>
ST_43 : Operation 2189 [1/1] (0.00ns)   --->   "%tmp_123 = bitselect i1 @_ssdm_op_BitSelect.i1.i32.i32, i32 %add_ln192_15, i32 31" [../import_files/import_files/2D_idct.cpp:192]   --->   Operation 2189 'bitselect' 'tmp_123' <Predicate = true> <Delay = 0.00>
ST_43 : Operation 2190 [1/1] (0.00ns)   --->   "%tmp_124 = partselect i6 @_ssdm_op_PartSelect.i6.i32.i32.i32, i32 %add_ln192_15, i32 26, i32 31" [../import_files/import_files/2D_idct.cpp:192]   --->   Operation 2190 'partselect' 'tmp_124' <Predicate = true> <Delay = 0.00>
ST_43 : Operation 2191 [1/1] (1.42ns)   --->   "%icmp_ln192_7 = icmp_sgt  i6 %tmp_124, i6 0" [../import_files/import_files/2D_idct.cpp:192]   --->   Operation 2191 'icmp' 'icmp_ln192_7' <Predicate = true> <Delay = 1.42> <CoreInst = "Cmp">   --->   Core 9 'Cmp' <Latency = 0> <II = 1> <Delay = 1.42> <FuncUnit> <Opcode : 'icmp'> <InPorts = 2> <OutPorts = 1>
ST_43 : Operation 2192 [1/1] (0.00ns) (grouped into LUT with out node select_ln192_7)   --->   "%or_ln192_7 = or i1 %tmp_123, i1 %icmp_ln192_7" [../import_files/import_files/2D_idct.cpp:192]   --->   Operation 2192 'or' 'or_ln192_7' <Predicate = true> <Delay = 0.00> <CoreInst = "LogicGate">   --->   Core 74 'LogicGate' <Latency = 0> <II = 1> <Delay = 0.97> <FuncUnit> <Opcode : 'and' 'or' 'xor'> <InPorts = 2> <OutPorts = 1>
ST_43 : Operation 2193 [1/1] (0.00ns) (grouped into LUT with out node select_ln192_7)   --->   "%xor_ln192_7 = xor i1 %tmp_123, i1 1" [../import_files/import_files/2D_idct.cpp:192]   --->   Operation 2193 'xor' 'xor_ln192_7' <Predicate = true> <Delay = 0.00> <CoreInst = "LogicGate">   --->   Core 74 'LogicGate' <Latency = 0> <II = 1> <Delay = 0.97> <FuncUnit> <Opcode : 'and' 'or' 'xor'> <InPorts = 2> <OutPorts = 1>
ST_43 : Operation 2194 [1/1] (0.00ns) (grouped into LUT with out node select_ln192_7)   --->   "%select_ln192_15 = select i1 %xor_ln192_7, i8 255, i8 0" [../import_files/import_files/2D_idct.cpp:192]   --->   Operation 2194 'select' 'select_ln192_15' <Predicate = true> <Delay = 0.00> <CoreInst = "Sel">   --->   Core 73 'Sel' <Latency = 0> <II = 1> <Delay = 0.99> <FuncUnit> <Opcode : 'select'> <InPorts = 3> <OutPorts = 1>
ST_43 : Operation 2195 [1/1] (1.24ns) (out node of the LUT)   --->   "%select_ln192_7 = select i1 %or_ln192_7, i8 %select_ln192_15, i8 %trunc_ln192_7" [../import_files/import_files/2D_idct.cpp:192]   --->   Operation 2195 'select' 'select_ln192_7' <Predicate = true> <Delay = 1.24> <CoreInst = "Sel">   --->   Core 73 'Sel' <Latency = 0> <II = 1> <Delay = 1.24> <FuncUnit> <Opcode : 'select'> <InPorts = 3> <OutPorts = 1>
ST_43 : Operation 2196 [1/1] (2.55ns)   --->   "%sub_ln194_7 = sub i32 %add_ln193_14, i32 %tmp0_63" [../import_files/import_files/2D_idct.cpp:194]   --->   Operation 2196 'sub' 'sub_ln194_7' <Predicate = true> <Delay = 2.55> <CoreInst = "Adder">   --->   Core 1 'Adder' <Latency = 0> <II = 1> <Delay = 2.55> <FuncUnit> <Opcode : 'add' 'sub'> <InPorts = 2> <OutPorts = 1>
ST_43 : Operation 2197 [1/1] (2.55ns)   --->   "%add_ln193_15 = add i32 %tmp0_63, i32 %add_ln193_14" [../import_files/import_files/2D_idct.cpp:193]   --->   Operation 2197 'add' 'add_ln193_15' <Predicate = true> <Delay = 2.55> <CoreInst = "Adder">   --->   Core 1 'Adder' <Latency = 0> <II = 1> <Delay = 2.55> <FuncUnit> <Opcode : 'add' 'sub'> <InPorts = 2> <OutPorts = 1>
ST_43 : Operation 2198 [1/1] (0.00ns) (grouped into LUT with out node select_ln193_7)   --->   "%trunc_ln193_7 = partselect i8 @_ssdm_op_PartSelect.i8.i32.i32.i32, i32 %add_ln193_15, i32 18, i32 25" [../import_files/import_files/2D_idct.cpp:193]   --->   Operation 2198 'partselect' 'trunc_ln193_7' <Predicate = true> <Delay = 0.00>
ST_43 : Operation 2199 [1/1] (0.00ns)   --->   "%tmp_125 = bitselect i1 @_ssdm_op_BitSelect.i1.i32.i32, i32 %add_ln193_15, i32 31" [../import_files/import_files/2D_idct.cpp:193]   --->   Operation 2199 'bitselect' 'tmp_125' <Predicate = true> <Delay = 0.00>
ST_43 : Operation 2200 [1/1] (0.00ns)   --->   "%tmp_126 = partselect i6 @_ssdm_op_PartSelect.i6.i32.i32.i32, i32 %add_ln193_15, i32 26, i32 31" [../import_files/import_files/2D_idct.cpp:193]   --->   Operation 2200 'partselect' 'tmp_126' <Predicate = true> <Delay = 0.00>
ST_43 : Operation 2201 [1/1] (1.42ns)   --->   "%icmp_ln193_7 = icmp_sgt  i6 %tmp_126, i6 0" [../import_files/import_files/2D_idct.cpp:193]   --->   Operation 2201 'icmp' 'icmp_ln193_7' <Predicate = true> <Delay = 1.42> <CoreInst = "Cmp">   --->   Core 9 'Cmp' <Latency = 0> <II = 1> <Delay = 1.42> <FuncUnit> <Opcode : 'icmp'> <InPorts = 2> <OutPorts = 1>
ST_43 : Operation 2202 [1/1] (0.00ns) (grouped into LUT with out node select_ln193_7)   --->   "%or_ln193_7 = or i1 %tmp_125, i1 %icmp_ln193_7" [../import_files/import_files/2D_idct.cpp:193]   --->   Operation 2202 'or' 'or_ln193_7' <Predicate = true> <Delay = 0.00> <CoreInst = "LogicGate">   --->   Core 74 'LogicGate' <Latency = 0> <II = 1> <Delay = 0.97> <FuncUnit> <Opcode : 'and' 'or' 'xor'> <InPorts = 2> <OutPorts = 1>
ST_43 : Operation 2203 [1/1] (0.00ns) (grouped into LUT with out node select_ln193_7)   --->   "%xor_ln193_7 = xor i1 %tmp_125, i1 1" [../import_files/import_files/2D_idct.cpp:193]   --->   Operation 2203 'xor' 'xor_ln193_7' <Predicate = true> <Delay = 0.00> <CoreInst = "LogicGate">   --->   Core 74 'LogicGate' <Latency = 0> <II = 1> <Delay = 0.97> <FuncUnit> <Opcode : 'and' 'or' 'xor'> <InPorts = 2> <OutPorts = 1>
ST_43 : Operation 2204 [1/1] (0.00ns) (grouped into LUT with out node select_ln193_7)   --->   "%select_ln193_15 = select i1 %xor_ln193_7, i8 255, i8 0" [../import_files/import_files/2D_idct.cpp:193]   --->   Operation 2204 'select' 'select_ln193_15' <Predicate = true> <Delay = 0.00> <CoreInst = "Sel">   --->   Core 73 'Sel' <Latency = 0> <II = 1> <Delay = 0.99> <FuncUnit> <Opcode : 'select'> <InPorts = 3> <OutPorts = 1>
ST_43 : Operation 2205 [1/1] (1.24ns) (out node of the LUT)   --->   "%select_ln193_7 = select i1 %or_ln193_7, i8 %select_ln193_15, i8 %trunc_ln193_7" [../import_files/import_files/2D_idct.cpp:193]   --->   Operation 2205 'select' 'select_ln193_7' <Predicate = true> <Delay = 1.24> <CoreInst = "Sel">   --->   Core 73 'Sel' <Latency = 0> <II = 1> <Delay = 1.24> <FuncUnit> <Opcode : 'select'> <InPorts = 3> <OutPorts = 1>
ST_43 : Operation 2206 [1/1] (0.00ns) (grouped into LUT with out node select_ln194_7)   --->   "%trunc_ln194_7 = partselect i8 @_ssdm_op_PartSelect.i8.i32.i32.i32, i32 %sub_ln194_7, i32 18, i32 25" [../import_files/import_files/2D_idct.cpp:194]   --->   Operation 2206 'partselect' 'trunc_ln194_7' <Predicate = true> <Delay = 0.00>
ST_43 : Operation 2207 [1/1] (0.00ns)   --->   "%tmp_127 = bitselect i1 @_ssdm_op_BitSelect.i1.i32.i32, i32 %sub_ln194_7, i32 31" [../import_files/import_files/2D_idct.cpp:194]   --->   Operation 2207 'bitselect' 'tmp_127' <Predicate = true> <Delay = 0.00>
ST_43 : Operation 2208 [1/1] (0.00ns)   --->   "%tmp_128 = partselect i6 @_ssdm_op_PartSelect.i6.i32.i32.i32, i32 %sub_ln194_7, i32 26, i32 31" [../import_files/import_files/2D_idct.cpp:194]   --->   Operation 2208 'partselect' 'tmp_128' <Predicate = true> <Delay = 0.00>
ST_43 : Operation 2209 [1/1] (1.42ns)   --->   "%icmp_ln194_7 = icmp_sgt  i6 %tmp_128, i6 0" [../import_files/import_files/2D_idct.cpp:194]   --->   Operation 2209 'icmp' 'icmp_ln194_7' <Predicate = true> <Delay = 1.42> <CoreInst = "Cmp">   --->   Core 9 'Cmp' <Latency = 0> <II = 1> <Delay = 1.42> <FuncUnit> <Opcode : 'icmp'> <InPorts = 2> <OutPorts = 1>
ST_43 : Operation 2210 [1/1] (0.00ns) (grouped into LUT with out node select_ln194_7)   --->   "%or_ln194_7 = or i1 %tmp_127, i1 %icmp_ln194_7" [../import_files/import_files/2D_idct.cpp:194]   --->   Operation 2210 'or' 'or_ln194_7' <Predicate = true> <Delay = 0.00> <CoreInst = "LogicGate">   --->   Core 74 'LogicGate' <Latency = 0> <II = 1> <Delay = 0.97> <FuncUnit> <Opcode : 'and' 'or' 'xor'> <InPorts = 2> <OutPorts = 1>
ST_43 : Operation 2211 [1/1] (0.00ns) (grouped into LUT with out node select_ln194_7)   --->   "%xor_ln194_7 = xor i1 %tmp_127, i1 1" [../import_files/import_files/2D_idct.cpp:194]   --->   Operation 2211 'xor' 'xor_ln194_7' <Predicate = true> <Delay = 0.00> <CoreInst = "LogicGate">   --->   Core 74 'LogicGate' <Latency = 0> <II = 1> <Delay = 0.97> <FuncUnit> <Opcode : 'and' 'or' 'xor'> <InPorts = 2> <OutPorts = 1>
ST_43 : Operation 2212 [1/1] (0.00ns) (grouped into LUT with out node select_ln194_7)   --->   "%select_ln194_15 = select i1 %xor_ln194_7, i8 255, i8 0" [../import_files/import_files/2D_idct.cpp:194]   --->   Operation 2212 'select' 'select_ln194_15' <Predicate = true> <Delay = 0.00> <CoreInst = "Sel">   --->   Core 73 'Sel' <Latency = 0> <II = 1> <Delay = 0.99> <FuncUnit> <Opcode : 'select'> <InPorts = 3> <OutPorts = 1>
ST_43 : Operation 2213 [1/1] (1.24ns) (out node of the LUT)   --->   "%select_ln194_7 = select i1 %or_ln194_7, i8 %select_ln194_15, i8 %trunc_ln194_7" [../import_files/import_files/2D_idct.cpp:194]   --->   Operation 2213 'select' 'select_ln194_7' <Predicate = true> <Delay = 1.24> <CoreInst = "Sel">   --->   Core 73 'Sel' <Latency = 0> <II = 1> <Delay = 1.24> <FuncUnit> <Opcode : 'select'> <InPorts = 3> <OutPorts = 1>
ST_43 : Operation 2214 [1/1] (0.00ns) (grouped into LUT with out node select_ln195_7)   --->   "%trunc_ln195_7 = partselect i8 @_ssdm_op_PartSelect.i8.i32.i32.i32, i32 %sub_ln195_7, i32 18, i32 25" [../import_files/import_files/2D_idct.cpp:195]   --->   Operation 2214 'partselect' 'trunc_ln195_7' <Predicate = true> <Delay = 0.00>
ST_43 : Operation 2215 [1/1] (0.00ns)   --->   "%tmp_129 = bitselect i1 @_ssdm_op_BitSelect.i1.i32.i32, i32 %sub_ln195_7, i32 31" [../import_files/import_files/2D_idct.cpp:195]   --->   Operation 2215 'bitselect' 'tmp_129' <Predicate = true> <Delay = 0.00>
ST_43 : Operation 2216 [1/1] (0.00ns)   --->   "%tmp_130 = partselect i6 @_ssdm_op_PartSelect.i6.i32.i32.i32, i32 %sub_ln195_7, i32 26, i32 31" [../import_files/import_files/2D_idct.cpp:195]   --->   Operation 2216 'partselect' 'tmp_130' <Predicate = true> <Delay = 0.00>
ST_43 : Operation 2217 [1/1] (1.42ns)   --->   "%icmp_ln195_7 = icmp_sgt  i6 %tmp_130, i6 0" [../import_files/import_files/2D_idct.cpp:195]   --->   Operation 2217 'icmp' 'icmp_ln195_7' <Predicate = true> <Delay = 1.42> <CoreInst = "Cmp">   --->   Core 9 'Cmp' <Latency = 0> <II = 1> <Delay = 1.42> <FuncUnit> <Opcode : 'icmp'> <InPorts = 2> <OutPorts = 1>
ST_43 : Operation 2218 [1/1] (0.00ns) (grouped into LUT with out node select_ln195_7)   --->   "%or_ln195_7 = or i1 %tmp_129, i1 %icmp_ln195_7" [../import_files/import_files/2D_idct.cpp:195]   --->   Operation 2218 'or' 'or_ln195_7' <Predicate = true> <Delay = 0.00> <CoreInst = "LogicGate">   --->   Core 74 'LogicGate' <Latency = 0> <II = 1> <Delay = 0.97> <FuncUnit> <Opcode : 'and' 'or' 'xor'> <InPorts = 2> <OutPorts = 1>
ST_43 : Operation 2219 [1/1] (0.00ns) (grouped into LUT with out node select_ln195_7)   --->   "%xor_ln195_7 = xor i1 %tmp_129, i1 1" [../import_files/import_files/2D_idct.cpp:195]   --->   Operation 2219 'xor' 'xor_ln195_7' <Predicate = true> <Delay = 0.00> <CoreInst = "LogicGate">   --->   Core 74 'LogicGate' <Latency = 0> <II = 1> <Delay = 0.97> <FuncUnit> <Opcode : 'and' 'or' 'xor'> <InPorts = 2> <OutPorts = 1>
ST_43 : Operation 2220 [1/1] (0.00ns) (grouped into LUT with out node select_ln195_7)   --->   "%select_ln195_15 = select i1 %xor_ln195_7, i8 255, i8 0" [../import_files/import_files/2D_idct.cpp:195]   --->   Operation 2220 'select' 'select_ln195_15' <Predicate = true> <Delay = 0.00> <CoreInst = "Sel">   --->   Core 73 'Sel' <Latency = 0> <II = 1> <Delay = 0.99> <FuncUnit> <Opcode : 'select'> <InPorts = 3> <OutPorts = 1>
ST_43 : Operation 2221 [1/1] (1.24ns) (out node of the LUT)   --->   "%select_ln195_7 = select i1 %or_ln195_7, i8 %select_ln195_15, i8 %trunc_ln195_7" [../import_files/import_files/2D_idct.cpp:195]   --->   Operation 2221 'select' 'select_ln195_7' <Predicate = true> <Delay = 1.24> <CoreInst = "Sel">   --->   Core 73 'Sel' <Latency = 0> <II = 1> <Delay = 1.24> <FuncUnit> <Opcode : 'select'> <InPorts = 3> <OutPorts = 1>
ST_43 : Operation 2222 [1/1] (0.00ns) (grouped into LUT with out node select_ln196_7)   --->   "%trunc_ln196_7 = partselect i8 @_ssdm_op_PartSelect.i8.i32.i32.i32, i32 %sub_ln196_7, i32 18, i32 25" [../import_files/import_files/2D_idct.cpp:196]   --->   Operation 2222 'partselect' 'trunc_ln196_7' <Predicate = true> <Delay = 0.00>
ST_43 : Operation 2223 [1/1] (0.00ns)   --->   "%tmp_131 = bitselect i1 @_ssdm_op_BitSelect.i1.i32.i32, i32 %sub_ln196_7, i32 31" [../import_files/import_files/2D_idct.cpp:196]   --->   Operation 2223 'bitselect' 'tmp_131' <Predicate = true> <Delay = 0.00>
ST_43 : Operation 2224 [1/1] (0.00ns)   --->   "%tmp_132 = partselect i6 @_ssdm_op_PartSelect.i6.i32.i32.i32, i32 %sub_ln196_7, i32 26, i32 31" [../import_files/import_files/2D_idct.cpp:196]   --->   Operation 2224 'partselect' 'tmp_132' <Predicate = true> <Delay = 0.00>
ST_43 : Operation 2225 [1/1] (1.42ns)   --->   "%icmp_ln196_7 = icmp_sgt  i6 %tmp_132, i6 0" [../import_files/import_files/2D_idct.cpp:196]   --->   Operation 2225 'icmp' 'icmp_ln196_7' <Predicate = true> <Delay = 1.42> <CoreInst = "Cmp">   --->   Core 9 'Cmp' <Latency = 0> <II = 1> <Delay = 1.42> <FuncUnit> <Opcode : 'icmp'> <InPorts = 2> <OutPorts = 1>
ST_43 : Operation 2226 [1/1] (0.00ns) (grouped into LUT with out node select_ln196_7)   --->   "%or_ln196_7 = or i1 %tmp_131, i1 %icmp_ln196_7" [../import_files/import_files/2D_idct.cpp:196]   --->   Operation 2226 'or' 'or_ln196_7' <Predicate = true> <Delay = 0.00> <CoreInst = "LogicGate">   --->   Core 74 'LogicGate' <Latency = 0> <II = 1> <Delay = 0.97> <FuncUnit> <Opcode : 'and' 'or' 'xor'> <InPorts = 2> <OutPorts = 1>
ST_43 : Operation 2227 [1/1] (0.00ns) (grouped into LUT with out node select_ln196_7)   --->   "%xor_ln196_7 = xor i1 %tmp_131, i1 1" [../import_files/import_files/2D_idct.cpp:196]   --->   Operation 2227 'xor' 'xor_ln196_7' <Predicate = true> <Delay = 0.00> <CoreInst = "LogicGate">   --->   Core 74 'LogicGate' <Latency = 0> <II = 1> <Delay = 0.97> <FuncUnit> <Opcode : 'and' 'or' 'xor'> <InPorts = 2> <OutPorts = 1>
ST_43 : Operation 2228 [1/1] (0.00ns) (grouped into LUT with out node select_ln196_7)   --->   "%select_ln196_15 = select i1 %xor_ln196_7, i8 255, i8 0" [../import_files/import_files/2D_idct.cpp:196]   --->   Operation 2228 'select' 'select_ln196_15' <Predicate = true> <Delay = 0.00> <CoreInst = "Sel">   --->   Core 73 'Sel' <Latency = 0> <II = 1> <Delay = 0.99> <FuncUnit> <Opcode : 'select'> <InPorts = 3> <OutPorts = 1>
ST_43 : Operation 2229 [1/1] (1.24ns) (out node of the LUT)   --->   "%select_ln196_7 = select i1 %or_ln196_7, i8 %select_ln196_15, i8 %trunc_ln196_7" [../import_files/import_files/2D_idct.cpp:196]   --->   Operation 2229 'select' 'select_ln196_7' <Predicate = true> <Delay = 1.24> <CoreInst = "Sel">   --->   Core 73 'Sel' <Latency = 0> <II = 1> <Delay = 1.24> <FuncUnit> <Opcode : 'select'> <InPorts = 3> <OutPorts = 1>
ST_43 : Operation 2230 [1/1] (0.00ns) (grouped into LUT with out node select_ln197_7)   --->   "%trunc_ln197_7 = partselect i8 @_ssdm_op_PartSelect.i8.i32.i32.i32, i32 %sub_ln197_7, i32 18, i32 25" [../import_files/import_files/2D_idct.cpp:197]   --->   Operation 2230 'partselect' 'trunc_ln197_7' <Predicate = true> <Delay = 0.00>
ST_43 : Operation 2231 [1/1] (0.00ns)   --->   "%tmp_133 = bitselect i1 @_ssdm_op_BitSelect.i1.i32.i32, i32 %sub_ln197_7, i32 31" [../import_files/import_files/2D_idct.cpp:197]   --->   Operation 2231 'bitselect' 'tmp_133' <Predicate = true> <Delay = 0.00>
ST_43 : Operation 2232 [1/1] (0.00ns)   --->   "%tmp_134 = partselect i6 @_ssdm_op_PartSelect.i6.i32.i32.i32, i32 %sub_ln197_7, i32 26, i32 31" [../import_files/import_files/2D_idct.cpp:197]   --->   Operation 2232 'partselect' 'tmp_134' <Predicate = true> <Delay = 0.00>
ST_43 : Operation 2233 [1/1] (1.42ns)   --->   "%icmp_ln197_7 = icmp_sgt  i6 %tmp_134, i6 0" [../import_files/import_files/2D_idct.cpp:197]   --->   Operation 2233 'icmp' 'icmp_ln197_7' <Predicate = true> <Delay = 1.42> <CoreInst = "Cmp">   --->   Core 9 'Cmp' <Latency = 0> <II = 1> <Delay = 1.42> <FuncUnit> <Opcode : 'icmp'> <InPorts = 2> <OutPorts = 1>
ST_43 : Operation 2234 [1/1] (0.00ns) (grouped into LUT with out node select_ln197_7)   --->   "%or_ln197_7 = or i1 %tmp_133, i1 %icmp_ln197_7" [../import_files/import_files/2D_idct.cpp:197]   --->   Operation 2234 'or' 'or_ln197_7' <Predicate = true> <Delay = 0.00> <CoreInst = "LogicGate">   --->   Core 74 'LogicGate' <Latency = 0> <II = 1> <Delay = 0.97> <FuncUnit> <Opcode : 'and' 'or' 'xor'> <InPorts = 2> <OutPorts = 1>
ST_43 : Operation 2235 [1/1] (0.00ns) (grouped into LUT with out node select_ln197_7)   --->   "%xor_ln197_7 = xor i1 %tmp_133, i1 1" [../import_files/import_files/2D_idct.cpp:197]   --->   Operation 2235 'xor' 'xor_ln197_7' <Predicate = true> <Delay = 0.00> <CoreInst = "LogicGate">   --->   Core 74 'LogicGate' <Latency = 0> <II = 1> <Delay = 0.97> <FuncUnit> <Opcode : 'and' 'or' 'xor'> <InPorts = 2> <OutPorts = 1>
ST_43 : Operation 2236 [1/1] (0.00ns) (grouped into LUT with out node select_ln197_7)   --->   "%select_ln197_15 = select i1 %xor_ln197_7, i8 255, i8 0" [../import_files/import_files/2D_idct.cpp:197]   --->   Operation 2236 'select' 'select_ln197_15' <Predicate = true> <Delay = 0.00> <CoreInst = "Sel">   --->   Core 73 'Sel' <Latency = 0> <II = 1> <Delay = 0.99> <FuncUnit> <Opcode : 'select'> <InPorts = 3> <OutPorts = 1>
ST_43 : Operation 2237 [1/1] (1.24ns) (out node of the LUT)   --->   "%select_ln197_7 = select i1 %or_ln197_7, i8 %select_ln197_15, i8 %trunc_ln197_7" [../import_files/import_files/2D_idct.cpp:197]   --->   Operation 2237 'select' 'select_ln197_7' <Predicate = true> <Delay = 1.24> <CoreInst = "Sel">   --->   Core 73 'Sel' <Latency = 0> <II = 1> <Delay = 1.24> <FuncUnit> <Opcode : 'select'> <InPorts = 3> <OutPorts = 1>

State 44 <SV = 43> <Delay = 5.22>
ST_44 : Operation 2238 [1/2] (0.00ns)   --->   "%write_ln202 = write void @_ssdm_op_Write.axis.volatile.i32P128A, i32 %blockout, i32 %p_s" [../import_files/import_files/2D_idct.cpp:202]   --->   Operation 2238 'write' 'write_ln202' <Predicate = true> <Delay = 0.00> <CoreInst = "axis">   --->   Core 115 'axis' <Latency = 0> <II = 1> <Delay = 1.00> <Adapter> <Opcode : >
ST_44 : Operation 2239 [1/1] (0.00ns)   --->   "%p_1 = bitconcatenate i32 @_ssdm_op_BitConcatenate.i32.i8.i8.i8.i8, i8 %select_ln197, i8 %select_ln196, i8 %select_ln195, i8 %select_ln194" [../import_files/import_files/2D_idct.cpp:206]   --->   Operation 2239 'bitconcatenate' 'p_1' <Predicate = true> <Delay = 0.00>
ST_44 : Operation 2240 [2/2] (0.00ns)   --->   "%write_ln206 = write void @_ssdm_op_Write.axis.volatile.i32P128A, i32 %blockout, i32 %p_1" [../import_files/import_files/2D_idct.cpp:206]   --->   Operation 2240 'write' 'write_ln206' <Predicate = true> <Delay = 0.00> <CoreInst = "axis">   --->   Core 115 'axis' <Latency = 0> <II = 1> <Delay = 1.00> <Adapter> <Opcode : >
ST_44 : Operation 2241 [1/1] (2.55ns)   --->   "%sub_ln197_1 = sub i32 %add_ln190_2, i32 %tmp3_37" [../import_files/import_files/2D_idct.cpp:197]   --->   Operation 2241 'sub' 'sub_ln197_1' <Predicate = true> <Delay = 2.55> <CoreInst = "Adder">   --->   Core 1 'Adder' <Latency = 0> <II = 1> <Delay = 2.55> <FuncUnit> <Opcode : 'add' 'sub'> <InPorts = 2> <OutPorts = 1>
ST_44 : Operation 2242 [1/1] (2.55ns)   --->   "%add_ln190_3 = add i32 %tmp3_37, i32 %add_ln190_2" [../import_files/import_files/2D_idct.cpp:190]   --->   Operation 2242 'add' 'add_ln190_3' <Predicate = true> <Delay = 2.55> <CoreInst = "Adder">   --->   Core 1 'Adder' <Latency = 0> <II = 1> <Delay = 2.55> <FuncUnit> <Opcode : 'add' 'sub'> <InPorts = 2> <OutPorts = 1>
ST_44 : Operation 2243 [1/1] (0.00ns) (grouped into LUT with out node select_ln190_1)   --->   "%trunc_ln190_1 = partselect i8 @_ssdm_op_PartSelect.i8.i32.i32.i32, i32 %add_ln190_3, i32 18, i32 25" [../import_files/import_files/2D_idct.cpp:190]   --->   Operation 2243 'partselect' 'trunc_ln190_1' <Predicate = true> <Delay = 0.00>
ST_44 : Operation 2244 [1/1] (0.00ns)   --->   "%tmp_23 = bitselect i1 @_ssdm_op_BitSelect.i1.i32.i32, i32 %add_ln190_3, i32 31" [../import_files/import_files/2D_idct.cpp:190]   --->   Operation 2244 'bitselect' 'tmp_23' <Predicate = true> <Delay = 0.00>
ST_44 : Operation 2245 [1/1] (0.00ns)   --->   "%tmp_24 = partselect i6 @_ssdm_op_PartSelect.i6.i32.i32.i32, i32 %add_ln190_3, i32 26, i32 31" [../import_files/import_files/2D_idct.cpp:190]   --->   Operation 2245 'partselect' 'tmp_24' <Predicate = true> <Delay = 0.00>
ST_44 : Operation 2246 [1/1] (1.42ns)   --->   "%icmp_ln190_1 = icmp_sgt  i6 %tmp_24, i6 0" [../import_files/import_files/2D_idct.cpp:190]   --->   Operation 2246 'icmp' 'icmp_ln190_1' <Predicate = true> <Delay = 1.42> <CoreInst = "Cmp">   --->   Core 9 'Cmp' <Latency = 0> <II = 1> <Delay = 1.42> <FuncUnit> <Opcode : 'icmp'> <InPorts = 2> <OutPorts = 1>
ST_44 : Operation 2247 [1/1] (0.00ns) (grouped into LUT with out node select_ln190_1)   --->   "%or_ln190_1 = or i1 %tmp_23, i1 %icmp_ln190_1" [../import_files/import_files/2D_idct.cpp:190]   --->   Operation 2247 'or' 'or_ln190_1' <Predicate = true> <Delay = 0.00> <CoreInst = "LogicGate">   --->   Core 74 'LogicGate' <Latency = 0> <II = 1> <Delay = 0.97> <FuncUnit> <Opcode : 'and' 'or' 'xor'> <InPorts = 2> <OutPorts = 1>
ST_44 : Operation 2248 [1/1] (0.00ns) (grouped into LUT with out node select_ln190_1)   --->   "%xor_ln190_1 = xor i1 %tmp_23, i1 1" [../import_files/import_files/2D_idct.cpp:190]   --->   Operation 2248 'xor' 'xor_ln190_1' <Predicate = true> <Delay = 0.00> <CoreInst = "LogicGate">   --->   Core 74 'LogicGate' <Latency = 0> <II = 1> <Delay = 0.97> <FuncUnit> <Opcode : 'and' 'or' 'xor'> <InPorts = 2> <OutPorts = 1>
ST_44 : Operation 2249 [1/1] (0.00ns) (grouped into LUT with out node select_ln190_1)   --->   "%select_ln190_9 = select i1 %xor_ln190_1, i8 255, i8 0" [../import_files/import_files/2D_idct.cpp:190]   --->   Operation 2249 'select' 'select_ln190_9' <Predicate = true> <Delay = 0.00> <CoreInst = "Sel">   --->   Core 73 'Sel' <Latency = 0> <II = 1> <Delay = 0.99> <FuncUnit> <Opcode : 'select'> <InPorts = 3> <OutPorts = 1>
ST_44 : Operation 2250 [1/1] (1.24ns) (out node of the LUT)   --->   "%select_ln190_1 = select i1 %or_ln190_1, i8 %select_ln190_9, i8 %trunc_ln190_1" [../import_files/import_files/2D_idct.cpp:190]   --->   Operation 2250 'select' 'select_ln190_1' <Predicate = true> <Delay = 1.24> <CoreInst = "Sel">   --->   Core 73 'Sel' <Latency = 0> <II = 1> <Delay = 1.24> <FuncUnit> <Opcode : 'select'> <InPorts = 3> <OutPorts = 1>
ST_44 : Operation 2251 [1/1] (2.55ns)   --->   "%sub_ln196_1 = sub i32 %add_ln191_2, i32 %tmp2_37" [../import_files/import_files/2D_idct.cpp:196]   --->   Operation 2251 'sub' 'sub_ln196_1' <Predicate = true> <Delay = 2.55> <CoreInst = "Adder">   --->   Core 1 'Adder' <Latency = 0> <II = 1> <Delay = 2.55> <FuncUnit> <Opcode : 'add' 'sub'> <InPorts = 2> <OutPorts = 1>
ST_44 : Operation 2252 [1/1] (2.55ns)   --->   "%add_ln191_3 = add i32 %tmp2_37, i32 %add_ln191_2" [../import_files/import_files/2D_idct.cpp:191]   --->   Operation 2252 'add' 'add_ln191_3' <Predicate = true> <Delay = 2.55> <CoreInst = "Adder">   --->   Core 1 'Adder' <Latency = 0> <II = 1> <Delay = 2.55> <FuncUnit> <Opcode : 'add' 'sub'> <InPorts = 2> <OutPorts = 1>
ST_44 : Operation 2253 [1/1] (0.00ns) (grouped into LUT with out node select_ln191_1)   --->   "%trunc_ln191_1 = partselect i8 @_ssdm_op_PartSelect.i8.i32.i32.i32, i32 %add_ln191_3, i32 18, i32 25" [../import_files/import_files/2D_idct.cpp:191]   --->   Operation 2253 'partselect' 'trunc_ln191_1' <Predicate = true> <Delay = 0.00>
ST_44 : Operation 2254 [1/1] (0.00ns)   --->   "%tmp_25 = bitselect i1 @_ssdm_op_BitSelect.i1.i32.i32, i32 %add_ln191_3, i32 31" [../import_files/import_files/2D_idct.cpp:191]   --->   Operation 2254 'bitselect' 'tmp_25' <Predicate = true> <Delay = 0.00>
ST_44 : Operation 2255 [1/1] (0.00ns)   --->   "%tmp_26 = partselect i6 @_ssdm_op_PartSelect.i6.i32.i32.i32, i32 %add_ln191_3, i32 26, i32 31" [../import_files/import_files/2D_idct.cpp:191]   --->   Operation 2255 'partselect' 'tmp_26' <Predicate = true> <Delay = 0.00>
ST_44 : Operation 2256 [1/1] (1.42ns)   --->   "%icmp_ln191_1 = icmp_sgt  i6 %tmp_26, i6 0" [../import_files/import_files/2D_idct.cpp:191]   --->   Operation 2256 'icmp' 'icmp_ln191_1' <Predicate = true> <Delay = 1.42> <CoreInst = "Cmp">   --->   Core 9 'Cmp' <Latency = 0> <II = 1> <Delay = 1.42> <FuncUnit> <Opcode : 'icmp'> <InPorts = 2> <OutPorts = 1>
ST_44 : Operation 2257 [1/1] (0.00ns) (grouped into LUT with out node select_ln191_1)   --->   "%or_ln191_1 = or i1 %tmp_25, i1 %icmp_ln191_1" [../import_files/import_files/2D_idct.cpp:191]   --->   Operation 2257 'or' 'or_ln191_1' <Predicate = true> <Delay = 0.00> <CoreInst = "LogicGate">   --->   Core 74 'LogicGate' <Latency = 0> <II = 1> <Delay = 0.97> <FuncUnit> <Opcode : 'and' 'or' 'xor'> <InPorts = 2> <OutPorts = 1>
ST_44 : Operation 2258 [1/1] (0.00ns) (grouped into LUT with out node select_ln191_1)   --->   "%xor_ln191_1 = xor i1 %tmp_25, i1 1" [../import_files/import_files/2D_idct.cpp:191]   --->   Operation 2258 'xor' 'xor_ln191_1' <Predicate = true> <Delay = 0.00> <CoreInst = "LogicGate">   --->   Core 74 'LogicGate' <Latency = 0> <II = 1> <Delay = 0.97> <FuncUnit> <Opcode : 'and' 'or' 'xor'> <InPorts = 2> <OutPorts = 1>
ST_44 : Operation 2259 [1/1] (0.00ns) (grouped into LUT with out node select_ln191_1)   --->   "%select_ln191_9 = select i1 %xor_ln191_1, i8 255, i8 0" [../import_files/import_files/2D_idct.cpp:191]   --->   Operation 2259 'select' 'select_ln191_9' <Predicate = true> <Delay = 0.00> <CoreInst = "Sel">   --->   Core 73 'Sel' <Latency = 0> <II = 1> <Delay = 0.99> <FuncUnit> <Opcode : 'select'> <InPorts = 3> <OutPorts = 1>
ST_44 : Operation 2260 [1/1] (1.24ns) (out node of the LUT)   --->   "%select_ln191_1 = select i1 %or_ln191_1, i8 %select_ln191_9, i8 %trunc_ln191_1" [../import_files/import_files/2D_idct.cpp:191]   --->   Operation 2260 'select' 'select_ln191_1' <Predicate = true> <Delay = 1.24> <CoreInst = "Sel">   --->   Core 73 'Sel' <Latency = 0> <II = 1> <Delay = 1.24> <FuncUnit> <Opcode : 'select'> <InPorts = 3> <OutPorts = 1>
ST_44 : Operation 2261 [1/1] (2.55ns)   --->   "%sub_ln195_1 = sub i32 %add_ln192_2, i32 %tmp1_37" [../import_files/import_files/2D_idct.cpp:195]   --->   Operation 2261 'sub' 'sub_ln195_1' <Predicate = true> <Delay = 2.55> <CoreInst = "Adder">   --->   Core 1 'Adder' <Latency = 0> <II = 1> <Delay = 2.55> <FuncUnit> <Opcode : 'add' 'sub'> <InPorts = 2> <OutPorts = 1>
ST_44 : Operation 2262 [1/1] (2.55ns)   --->   "%add_ln192_3 = add i32 %tmp1_37, i32 %add_ln192_2" [../import_files/import_files/2D_idct.cpp:192]   --->   Operation 2262 'add' 'add_ln192_3' <Predicate = true> <Delay = 2.55> <CoreInst = "Adder">   --->   Core 1 'Adder' <Latency = 0> <II = 1> <Delay = 2.55> <FuncUnit> <Opcode : 'add' 'sub'> <InPorts = 2> <OutPorts = 1>
ST_44 : Operation 2263 [1/1] (0.00ns) (grouped into LUT with out node select_ln192_1)   --->   "%trunc_ln192_1 = partselect i8 @_ssdm_op_PartSelect.i8.i32.i32.i32, i32 %add_ln192_3, i32 18, i32 25" [../import_files/import_files/2D_idct.cpp:192]   --->   Operation 2263 'partselect' 'trunc_ln192_1' <Predicate = true> <Delay = 0.00>
ST_44 : Operation 2264 [1/1] (0.00ns)   --->   "%tmp_27 = bitselect i1 @_ssdm_op_BitSelect.i1.i32.i32, i32 %add_ln192_3, i32 31" [../import_files/import_files/2D_idct.cpp:192]   --->   Operation 2264 'bitselect' 'tmp_27' <Predicate = true> <Delay = 0.00>
ST_44 : Operation 2265 [1/1] (0.00ns)   --->   "%tmp_28 = partselect i6 @_ssdm_op_PartSelect.i6.i32.i32.i32, i32 %add_ln192_3, i32 26, i32 31" [../import_files/import_files/2D_idct.cpp:192]   --->   Operation 2265 'partselect' 'tmp_28' <Predicate = true> <Delay = 0.00>
ST_44 : Operation 2266 [1/1] (1.42ns)   --->   "%icmp_ln192_1 = icmp_sgt  i6 %tmp_28, i6 0" [../import_files/import_files/2D_idct.cpp:192]   --->   Operation 2266 'icmp' 'icmp_ln192_1' <Predicate = true> <Delay = 1.42> <CoreInst = "Cmp">   --->   Core 9 'Cmp' <Latency = 0> <II = 1> <Delay = 1.42> <FuncUnit> <Opcode : 'icmp'> <InPorts = 2> <OutPorts = 1>
ST_44 : Operation 2267 [1/1] (0.00ns) (grouped into LUT with out node select_ln192_1)   --->   "%or_ln192_1 = or i1 %tmp_27, i1 %icmp_ln192_1" [../import_files/import_files/2D_idct.cpp:192]   --->   Operation 2267 'or' 'or_ln192_1' <Predicate = true> <Delay = 0.00> <CoreInst = "LogicGate">   --->   Core 74 'LogicGate' <Latency = 0> <II = 1> <Delay = 0.97> <FuncUnit> <Opcode : 'and' 'or' 'xor'> <InPorts = 2> <OutPorts = 1>
ST_44 : Operation 2268 [1/1] (0.00ns) (grouped into LUT with out node select_ln192_1)   --->   "%xor_ln192_1 = xor i1 %tmp_27, i1 1" [../import_files/import_files/2D_idct.cpp:192]   --->   Operation 2268 'xor' 'xor_ln192_1' <Predicate = true> <Delay = 0.00> <CoreInst = "LogicGate">   --->   Core 74 'LogicGate' <Latency = 0> <II = 1> <Delay = 0.97> <FuncUnit> <Opcode : 'and' 'or' 'xor'> <InPorts = 2> <OutPorts = 1>
ST_44 : Operation 2269 [1/1] (0.00ns) (grouped into LUT with out node select_ln192_1)   --->   "%select_ln192_9 = select i1 %xor_ln192_1, i8 255, i8 0" [../import_files/import_files/2D_idct.cpp:192]   --->   Operation 2269 'select' 'select_ln192_9' <Predicate = true> <Delay = 0.00> <CoreInst = "Sel">   --->   Core 73 'Sel' <Latency = 0> <II = 1> <Delay = 0.99> <FuncUnit> <Opcode : 'select'> <InPorts = 3> <OutPorts = 1>
ST_44 : Operation 2270 [1/1] (1.24ns) (out node of the LUT)   --->   "%select_ln192_1 = select i1 %or_ln192_1, i8 %select_ln192_9, i8 %trunc_ln192_1" [../import_files/import_files/2D_idct.cpp:192]   --->   Operation 2270 'select' 'select_ln192_1' <Predicate = true> <Delay = 1.24> <CoreInst = "Sel">   --->   Core 73 'Sel' <Latency = 0> <II = 1> <Delay = 1.24> <FuncUnit> <Opcode : 'select'> <InPorts = 3> <OutPorts = 1>
ST_44 : Operation 2271 [1/1] (2.55ns)   --->   "%sub_ln194_1 = sub i32 %add_ln193_2, i32 %tmp0_39" [../import_files/import_files/2D_idct.cpp:194]   --->   Operation 2271 'sub' 'sub_ln194_1' <Predicate = true> <Delay = 2.55> <CoreInst = "Adder">   --->   Core 1 'Adder' <Latency = 0> <II = 1> <Delay = 2.55> <FuncUnit> <Opcode : 'add' 'sub'> <InPorts = 2> <OutPorts = 1>
ST_44 : Operation 2272 [1/1] (2.55ns)   --->   "%add_ln193_3 = add i32 %tmp0_39, i32 %add_ln193_2" [../import_files/import_files/2D_idct.cpp:193]   --->   Operation 2272 'add' 'add_ln193_3' <Predicate = true> <Delay = 2.55> <CoreInst = "Adder">   --->   Core 1 'Adder' <Latency = 0> <II = 1> <Delay = 2.55> <FuncUnit> <Opcode : 'add' 'sub'> <InPorts = 2> <OutPorts = 1>
ST_44 : Operation 2273 [1/1] (0.00ns) (grouped into LUT with out node select_ln193_1)   --->   "%trunc_ln193_1 = partselect i8 @_ssdm_op_PartSelect.i8.i32.i32.i32, i32 %add_ln193_3, i32 18, i32 25" [../import_files/import_files/2D_idct.cpp:193]   --->   Operation 2273 'partselect' 'trunc_ln193_1' <Predicate = true> <Delay = 0.00>
ST_44 : Operation 2274 [1/1] (0.00ns)   --->   "%tmp_29 = bitselect i1 @_ssdm_op_BitSelect.i1.i32.i32, i32 %add_ln193_3, i32 31" [../import_files/import_files/2D_idct.cpp:193]   --->   Operation 2274 'bitselect' 'tmp_29' <Predicate = true> <Delay = 0.00>
ST_44 : Operation 2275 [1/1] (0.00ns)   --->   "%tmp_30 = partselect i6 @_ssdm_op_PartSelect.i6.i32.i32.i32, i32 %add_ln193_3, i32 26, i32 31" [../import_files/import_files/2D_idct.cpp:193]   --->   Operation 2275 'partselect' 'tmp_30' <Predicate = true> <Delay = 0.00>
ST_44 : Operation 2276 [1/1] (1.42ns)   --->   "%icmp_ln193_1 = icmp_sgt  i6 %tmp_30, i6 0" [../import_files/import_files/2D_idct.cpp:193]   --->   Operation 2276 'icmp' 'icmp_ln193_1' <Predicate = true> <Delay = 1.42> <CoreInst = "Cmp">   --->   Core 9 'Cmp' <Latency = 0> <II = 1> <Delay = 1.42> <FuncUnit> <Opcode : 'icmp'> <InPorts = 2> <OutPorts = 1>
ST_44 : Operation 2277 [1/1] (0.00ns) (grouped into LUT with out node select_ln193_1)   --->   "%or_ln193_1 = or i1 %tmp_29, i1 %icmp_ln193_1" [../import_files/import_files/2D_idct.cpp:193]   --->   Operation 2277 'or' 'or_ln193_1' <Predicate = true> <Delay = 0.00> <CoreInst = "LogicGate">   --->   Core 74 'LogicGate' <Latency = 0> <II = 1> <Delay = 0.97> <FuncUnit> <Opcode : 'and' 'or' 'xor'> <InPorts = 2> <OutPorts = 1>
ST_44 : Operation 2278 [1/1] (0.00ns) (grouped into LUT with out node select_ln193_1)   --->   "%xor_ln193_1 = xor i1 %tmp_29, i1 1" [../import_files/import_files/2D_idct.cpp:193]   --->   Operation 2278 'xor' 'xor_ln193_1' <Predicate = true> <Delay = 0.00> <CoreInst = "LogicGate">   --->   Core 74 'LogicGate' <Latency = 0> <II = 1> <Delay = 0.97> <FuncUnit> <Opcode : 'and' 'or' 'xor'> <InPorts = 2> <OutPorts = 1>
ST_44 : Operation 2279 [1/1] (0.00ns) (grouped into LUT with out node select_ln193_1)   --->   "%select_ln193_9 = select i1 %xor_ln193_1, i8 255, i8 0" [../import_files/import_files/2D_idct.cpp:193]   --->   Operation 2279 'select' 'select_ln193_9' <Predicate = true> <Delay = 0.00> <CoreInst = "Sel">   --->   Core 73 'Sel' <Latency = 0> <II = 1> <Delay = 0.99> <FuncUnit> <Opcode : 'select'> <InPorts = 3> <OutPorts = 1>
ST_44 : Operation 2280 [1/1] (1.24ns) (out node of the LUT)   --->   "%select_ln193_1 = select i1 %or_ln193_1, i8 %select_ln193_9, i8 %trunc_ln193_1" [../import_files/import_files/2D_idct.cpp:193]   --->   Operation 2280 'select' 'select_ln193_1' <Predicate = true> <Delay = 1.24> <CoreInst = "Sel">   --->   Core 73 'Sel' <Latency = 0> <II = 1> <Delay = 1.24> <FuncUnit> <Opcode : 'select'> <InPorts = 3> <OutPorts = 1>
ST_44 : Operation 2281 [1/1] (0.00ns) (grouped into LUT with out node select_ln194_1)   --->   "%trunc_ln194_1 = partselect i8 @_ssdm_op_PartSelect.i8.i32.i32.i32, i32 %sub_ln194_1, i32 18, i32 25" [../import_files/import_files/2D_idct.cpp:194]   --->   Operation 2281 'partselect' 'trunc_ln194_1' <Predicate = true> <Delay = 0.00>
ST_44 : Operation 2282 [1/1] (0.00ns)   --->   "%tmp_31 = bitselect i1 @_ssdm_op_BitSelect.i1.i32.i32, i32 %sub_ln194_1, i32 31" [../import_files/import_files/2D_idct.cpp:194]   --->   Operation 2282 'bitselect' 'tmp_31' <Predicate = true> <Delay = 0.00>
ST_44 : Operation 2283 [1/1] (0.00ns)   --->   "%tmp_32 = partselect i6 @_ssdm_op_PartSelect.i6.i32.i32.i32, i32 %sub_ln194_1, i32 26, i32 31" [../import_files/import_files/2D_idct.cpp:194]   --->   Operation 2283 'partselect' 'tmp_32' <Predicate = true> <Delay = 0.00>
ST_44 : Operation 2284 [1/1] (1.42ns)   --->   "%icmp_ln194_1 = icmp_sgt  i6 %tmp_32, i6 0" [../import_files/import_files/2D_idct.cpp:194]   --->   Operation 2284 'icmp' 'icmp_ln194_1' <Predicate = true> <Delay = 1.42> <CoreInst = "Cmp">   --->   Core 9 'Cmp' <Latency = 0> <II = 1> <Delay = 1.42> <FuncUnit> <Opcode : 'icmp'> <InPorts = 2> <OutPorts = 1>
ST_44 : Operation 2285 [1/1] (0.00ns) (grouped into LUT with out node select_ln194_1)   --->   "%or_ln194_1 = or i1 %tmp_31, i1 %icmp_ln194_1" [../import_files/import_files/2D_idct.cpp:194]   --->   Operation 2285 'or' 'or_ln194_1' <Predicate = true> <Delay = 0.00> <CoreInst = "LogicGate">   --->   Core 74 'LogicGate' <Latency = 0> <II = 1> <Delay = 0.97> <FuncUnit> <Opcode : 'and' 'or' 'xor'> <InPorts = 2> <OutPorts = 1>
ST_44 : Operation 2286 [1/1] (0.00ns) (grouped into LUT with out node select_ln194_1)   --->   "%xor_ln194_1 = xor i1 %tmp_31, i1 1" [../import_files/import_files/2D_idct.cpp:194]   --->   Operation 2286 'xor' 'xor_ln194_1' <Predicate = true> <Delay = 0.00> <CoreInst = "LogicGate">   --->   Core 74 'LogicGate' <Latency = 0> <II = 1> <Delay = 0.97> <FuncUnit> <Opcode : 'and' 'or' 'xor'> <InPorts = 2> <OutPorts = 1>
ST_44 : Operation 2287 [1/1] (0.00ns) (grouped into LUT with out node select_ln194_1)   --->   "%select_ln194_9 = select i1 %xor_ln194_1, i8 255, i8 0" [../import_files/import_files/2D_idct.cpp:194]   --->   Operation 2287 'select' 'select_ln194_9' <Predicate = true> <Delay = 0.00> <CoreInst = "Sel">   --->   Core 73 'Sel' <Latency = 0> <II = 1> <Delay = 0.99> <FuncUnit> <Opcode : 'select'> <InPorts = 3> <OutPorts = 1>
ST_44 : Operation 2288 [1/1] (1.24ns) (out node of the LUT)   --->   "%select_ln194_1 = select i1 %or_ln194_1, i8 %select_ln194_9, i8 %trunc_ln194_1" [../import_files/import_files/2D_idct.cpp:194]   --->   Operation 2288 'select' 'select_ln194_1' <Predicate = true> <Delay = 1.24> <CoreInst = "Sel">   --->   Core 73 'Sel' <Latency = 0> <II = 1> <Delay = 1.24> <FuncUnit> <Opcode : 'select'> <InPorts = 3> <OutPorts = 1>
ST_44 : Operation 2289 [1/1] (0.00ns) (grouped into LUT with out node select_ln195_1)   --->   "%trunc_ln195_1 = partselect i8 @_ssdm_op_PartSelect.i8.i32.i32.i32, i32 %sub_ln195_1, i32 18, i32 25" [../import_files/import_files/2D_idct.cpp:195]   --->   Operation 2289 'partselect' 'trunc_ln195_1' <Predicate = true> <Delay = 0.00>
ST_44 : Operation 2290 [1/1] (0.00ns)   --->   "%tmp_33 = bitselect i1 @_ssdm_op_BitSelect.i1.i32.i32, i32 %sub_ln195_1, i32 31" [../import_files/import_files/2D_idct.cpp:195]   --->   Operation 2290 'bitselect' 'tmp_33' <Predicate = true> <Delay = 0.00>
ST_44 : Operation 2291 [1/1] (0.00ns)   --->   "%tmp_34 = partselect i6 @_ssdm_op_PartSelect.i6.i32.i32.i32, i32 %sub_ln195_1, i32 26, i32 31" [../import_files/import_files/2D_idct.cpp:195]   --->   Operation 2291 'partselect' 'tmp_34' <Predicate = true> <Delay = 0.00>
ST_44 : Operation 2292 [1/1] (1.42ns)   --->   "%icmp_ln195_1 = icmp_sgt  i6 %tmp_34, i6 0" [../import_files/import_files/2D_idct.cpp:195]   --->   Operation 2292 'icmp' 'icmp_ln195_1' <Predicate = true> <Delay = 1.42> <CoreInst = "Cmp">   --->   Core 9 'Cmp' <Latency = 0> <II = 1> <Delay = 1.42> <FuncUnit> <Opcode : 'icmp'> <InPorts = 2> <OutPorts = 1>
ST_44 : Operation 2293 [1/1] (0.00ns) (grouped into LUT with out node select_ln195_1)   --->   "%or_ln195_1 = or i1 %tmp_33, i1 %icmp_ln195_1" [../import_files/import_files/2D_idct.cpp:195]   --->   Operation 2293 'or' 'or_ln195_1' <Predicate = true> <Delay = 0.00> <CoreInst = "LogicGate">   --->   Core 74 'LogicGate' <Latency = 0> <II = 1> <Delay = 0.97> <FuncUnit> <Opcode : 'and' 'or' 'xor'> <InPorts = 2> <OutPorts = 1>
ST_44 : Operation 2294 [1/1] (0.00ns) (grouped into LUT with out node select_ln195_1)   --->   "%xor_ln195_1 = xor i1 %tmp_33, i1 1" [../import_files/import_files/2D_idct.cpp:195]   --->   Operation 2294 'xor' 'xor_ln195_1' <Predicate = true> <Delay = 0.00> <CoreInst = "LogicGate">   --->   Core 74 'LogicGate' <Latency = 0> <II = 1> <Delay = 0.97> <FuncUnit> <Opcode : 'and' 'or' 'xor'> <InPorts = 2> <OutPorts = 1>
ST_44 : Operation 2295 [1/1] (0.00ns) (grouped into LUT with out node select_ln195_1)   --->   "%select_ln195_9 = select i1 %xor_ln195_1, i8 255, i8 0" [../import_files/import_files/2D_idct.cpp:195]   --->   Operation 2295 'select' 'select_ln195_9' <Predicate = true> <Delay = 0.00> <CoreInst = "Sel">   --->   Core 73 'Sel' <Latency = 0> <II = 1> <Delay = 0.99> <FuncUnit> <Opcode : 'select'> <InPorts = 3> <OutPorts = 1>
ST_44 : Operation 2296 [1/1] (1.24ns) (out node of the LUT)   --->   "%select_ln195_1 = select i1 %or_ln195_1, i8 %select_ln195_9, i8 %trunc_ln195_1" [../import_files/import_files/2D_idct.cpp:195]   --->   Operation 2296 'select' 'select_ln195_1' <Predicate = true> <Delay = 1.24> <CoreInst = "Sel">   --->   Core 73 'Sel' <Latency = 0> <II = 1> <Delay = 1.24> <FuncUnit> <Opcode : 'select'> <InPorts = 3> <OutPorts = 1>
ST_44 : Operation 2297 [1/1] (0.00ns) (grouped into LUT with out node select_ln196_1)   --->   "%trunc_ln196_1 = partselect i8 @_ssdm_op_PartSelect.i8.i32.i32.i32, i32 %sub_ln196_1, i32 18, i32 25" [../import_files/import_files/2D_idct.cpp:196]   --->   Operation 2297 'partselect' 'trunc_ln196_1' <Predicate = true> <Delay = 0.00>
ST_44 : Operation 2298 [1/1] (0.00ns)   --->   "%tmp_35 = bitselect i1 @_ssdm_op_BitSelect.i1.i32.i32, i32 %sub_ln196_1, i32 31" [../import_files/import_files/2D_idct.cpp:196]   --->   Operation 2298 'bitselect' 'tmp_35' <Predicate = true> <Delay = 0.00>
ST_44 : Operation 2299 [1/1] (0.00ns)   --->   "%tmp_36 = partselect i6 @_ssdm_op_PartSelect.i6.i32.i32.i32, i32 %sub_ln196_1, i32 26, i32 31" [../import_files/import_files/2D_idct.cpp:196]   --->   Operation 2299 'partselect' 'tmp_36' <Predicate = true> <Delay = 0.00>
ST_44 : Operation 2300 [1/1] (1.42ns)   --->   "%icmp_ln196_1 = icmp_sgt  i6 %tmp_36, i6 0" [../import_files/import_files/2D_idct.cpp:196]   --->   Operation 2300 'icmp' 'icmp_ln196_1' <Predicate = true> <Delay = 1.42> <CoreInst = "Cmp">   --->   Core 9 'Cmp' <Latency = 0> <II = 1> <Delay = 1.42> <FuncUnit> <Opcode : 'icmp'> <InPorts = 2> <OutPorts = 1>
ST_44 : Operation 2301 [1/1] (0.00ns) (grouped into LUT with out node select_ln196_1)   --->   "%or_ln196_1 = or i1 %tmp_35, i1 %icmp_ln196_1" [../import_files/import_files/2D_idct.cpp:196]   --->   Operation 2301 'or' 'or_ln196_1' <Predicate = true> <Delay = 0.00> <CoreInst = "LogicGate">   --->   Core 74 'LogicGate' <Latency = 0> <II = 1> <Delay = 0.97> <FuncUnit> <Opcode : 'and' 'or' 'xor'> <InPorts = 2> <OutPorts = 1>
ST_44 : Operation 2302 [1/1] (0.00ns) (grouped into LUT with out node select_ln196_1)   --->   "%xor_ln196_1 = xor i1 %tmp_35, i1 1" [../import_files/import_files/2D_idct.cpp:196]   --->   Operation 2302 'xor' 'xor_ln196_1' <Predicate = true> <Delay = 0.00> <CoreInst = "LogicGate">   --->   Core 74 'LogicGate' <Latency = 0> <II = 1> <Delay = 0.97> <FuncUnit> <Opcode : 'and' 'or' 'xor'> <InPorts = 2> <OutPorts = 1>
ST_44 : Operation 2303 [1/1] (0.00ns) (grouped into LUT with out node select_ln196_1)   --->   "%select_ln196_9 = select i1 %xor_ln196_1, i8 255, i8 0" [../import_files/import_files/2D_idct.cpp:196]   --->   Operation 2303 'select' 'select_ln196_9' <Predicate = true> <Delay = 0.00> <CoreInst = "Sel">   --->   Core 73 'Sel' <Latency = 0> <II = 1> <Delay = 0.99> <FuncUnit> <Opcode : 'select'> <InPorts = 3> <OutPorts = 1>
ST_44 : Operation 2304 [1/1] (1.24ns) (out node of the LUT)   --->   "%select_ln196_1 = select i1 %or_ln196_1, i8 %select_ln196_9, i8 %trunc_ln196_1" [../import_files/import_files/2D_idct.cpp:196]   --->   Operation 2304 'select' 'select_ln196_1' <Predicate = true> <Delay = 1.24> <CoreInst = "Sel">   --->   Core 73 'Sel' <Latency = 0> <II = 1> <Delay = 1.24> <FuncUnit> <Opcode : 'select'> <InPorts = 3> <OutPorts = 1>
ST_44 : Operation 2305 [1/1] (0.00ns) (grouped into LUT with out node select_ln197_1)   --->   "%trunc_ln197_1 = partselect i8 @_ssdm_op_PartSelect.i8.i32.i32.i32, i32 %sub_ln197_1, i32 18, i32 25" [../import_files/import_files/2D_idct.cpp:197]   --->   Operation 2305 'partselect' 'trunc_ln197_1' <Predicate = true> <Delay = 0.00>
ST_44 : Operation 2306 [1/1] (0.00ns)   --->   "%tmp_37 = bitselect i1 @_ssdm_op_BitSelect.i1.i32.i32, i32 %sub_ln197_1, i32 31" [../import_files/import_files/2D_idct.cpp:197]   --->   Operation 2306 'bitselect' 'tmp_37' <Predicate = true> <Delay = 0.00>
ST_44 : Operation 2307 [1/1] (0.00ns)   --->   "%tmp_38 = partselect i6 @_ssdm_op_PartSelect.i6.i32.i32.i32, i32 %sub_ln197_1, i32 26, i32 31" [../import_files/import_files/2D_idct.cpp:197]   --->   Operation 2307 'partselect' 'tmp_38' <Predicate = true> <Delay = 0.00>
ST_44 : Operation 2308 [1/1] (1.42ns)   --->   "%icmp_ln197_1 = icmp_sgt  i6 %tmp_38, i6 0" [../import_files/import_files/2D_idct.cpp:197]   --->   Operation 2308 'icmp' 'icmp_ln197_1' <Predicate = true> <Delay = 1.42> <CoreInst = "Cmp">   --->   Core 9 'Cmp' <Latency = 0> <II = 1> <Delay = 1.42> <FuncUnit> <Opcode : 'icmp'> <InPorts = 2> <OutPorts = 1>
ST_44 : Operation 2309 [1/1] (0.00ns) (grouped into LUT with out node select_ln197_1)   --->   "%or_ln197_1 = or i1 %tmp_37, i1 %icmp_ln197_1" [../import_files/import_files/2D_idct.cpp:197]   --->   Operation 2309 'or' 'or_ln197_1' <Predicate = true> <Delay = 0.00> <CoreInst = "LogicGate">   --->   Core 74 'LogicGate' <Latency = 0> <II = 1> <Delay = 0.97> <FuncUnit> <Opcode : 'and' 'or' 'xor'> <InPorts = 2> <OutPorts = 1>
ST_44 : Operation 2310 [1/1] (0.00ns) (grouped into LUT with out node select_ln197_1)   --->   "%xor_ln197_1 = xor i1 %tmp_37, i1 1" [../import_files/import_files/2D_idct.cpp:197]   --->   Operation 2310 'xor' 'xor_ln197_1' <Predicate = true> <Delay = 0.00> <CoreInst = "LogicGate">   --->   Core 74 'LogicGate' <Latency = 0> <II = 1> <Delay = 0.97> <FuncUnit> <Opcode : 'and' 'or' 'xor'> <InPorts = 2> <OutPorts = 1>
ST_44 : Operation 2311 [1/1] (0.00ns) (grouped into LUT with out node select_ln197_1)   --->   "%select_ln197_9 = select i1 %xor_ln197_1, i8 255, i8 0" [../import_files/import_files/2D_idct.cpp:197]   --->   Operation 2311 'select' 'select_ln197_9' <Predicate = true> <Delay = 0.00> <CoreInst = "Sel">   --->   Core 73 'Sel' <Latency = 0> <II = 1> <Delay = 0.99> <FuncUnit> <Opcode : 'select'> <InPorts = 3> <OutPorts = 1>
ST_44 : Operation 2312 [1/1] (1.24ns) (out node of the LUT)   --->   "%select_ln197_1 = select i1 %or_ln197_1, i8 %select_ln197_9, i8 %trunc_ln197_1" [../import_files/import_files/2D_idct.cpp:197]   --->   Operation 2312 'select' 'select_ln197_1' <Predicate = true> <Delay = 1.24> <CoreInst = "Sel">   --->   Core 73 'Sel' <Latency = 0> <II = 1> <Delay = 1.24> <FuncUnit> <Opcode : 'select'> <InPorts = 3> <OutPorts = 1>
ST_44 : Operation 2313 [1/1] (2.55ns)   --->   "%sub_ln197_2 = sub i32 %add_ln190_4, i32 %tmp3_41" [../import_files/import_files/2D_idct.cpp:197]   --->   Operation 2313 'sub' 'sub_ln197_2' <Predicate = true> <Delay = 2.55> <CoreInst = "Adder">   --->   Core 1 'Adder' <Latency = 0> <II = 1> <Delay = 2.55> <FuncUnit> <Opcode : 'add' 'sub'> <InPorts = 2> <OutPorts = 1>
ST_44 : Operation 2314 [1/1] (2.55ns)   --->   "%add_ln190_5 = add i32 %tmp3_41, i32 %add_ln190_4" [../import_files/import_files/2D_idct.cpp:190]   --->   Operation 2314 'add' 'add_ln190_5' <Predicate = true> <Delay = 2.55> <CoreInst = "Adder">   --->   Core 1 'Adder' <Latency = 0> <II = 1> <Delay = 2.55> <FuncUnit> <Opcode : 'add' 'sub'> <InPorts = 2> <OutPorts = 1>
ST_44 : Operation 2315 [1/1] (0.00ns) (grouped into LUT with out node select_ln190_2)   --->   "%trunc_ln190_2 = partselect i8 @_ssdm_op_PartSelect.i8.i32.i32.i32, i32 %add_ln190_5, i32 18, i32 25" [../import_files/import_files/2D_idct.cpp:190]   --->   Operation 2315 'partselect' 'trunc_ln190_2' <Predicate = true> <Delay = 0.00>
ST_44 : Operation 2316 [1/1] (0.00ns)   --->   "%tmp_39 = bitselect i1 @_ssdm_op_BitSelect.i1.i32.i32, i32 %add_ln190_5, i32 31" [../import_files/import_files/2D_idct.cpp:190]   --->   Operation 2316 'bitselect' 'tmp_39' <Predicate = true> <Delay = 0.00>
ST_44 : Operation 2317 [1/1] (0.00ns)   --->   "%tmp_40 = partselect i6 @_ssdm_op_PartSelect.i6.i32.i32.i32, i32 %add_ln190_5, i32 26, i32 31" [../import_files/import_files/2D_idct.cpp:190]   --->   Operation 2317 'partselect' 'tmp_40' <Predicate = true> <Delay = 0.00>
ST_44 : Operation 2318 [1/1] (1.42ns)   --->   "%icmp_ln190_2 = icmp_sgt  i6 %tmp_40, i6 0" [../import_files/import_files/2D_idct.cpp:190]   --->   Operation 2318 'icmp' 'icmp_ln190_2' <Predicate = true> <Delay = 1.42> <CoreInst = "Cmp">   --->   Core 9 'Cmp' <Latency = 0> <II = 1> <Delay = 1.42> <FuncUnit> <Opcode : 'icmp'> <InPorts = 2> <OutPorts = 1>
ST_44 : Operation 2319 [1/1] (0.00ns) (grouped into LUT with out node select_ln190_2)   --->   "%or_ln190_2 = or i1 %tmp_39, i1 %icmp_ln190_2" [../import_files/import_files/2D_idct.cpp:190]   --->   Operation 2319 'or' 'or_ln190_2' <Predicate = true> <Delay = 0.00> <CoreInst = "LogicGate">   --->   Core 74 'LogicGate' <Latency = 0> <II = 1> <Delay = 0.97> <FuncUnit> <Opcode : 'and' 'or' 'xor'> <InPorts = 2> <OutPorts = 1>
ST_44 : Operation 2320 [1/1] (0.00ns) (grouped into LUT with out node select_ln190_2)   --->   "%xor_ln190_2 = xor i1 %tmp_39, i1 1" [../import_files/import_files/2D_idct.cpp:190]   --->   Operation 2320 'xor' 'xor_ln190_2' <Predicate = true> <Delay = 0.00> <CoreInst = "LogicGate">   --->   Core 74 'LogicGate' <Latency = 0> <II = 1> <Delay = 0.97> <FuncUnit> <Opcode : 'and' 'or' 'xor'> <InPorts = 2> <OutPorts = 1>
ST_44 : Operation 2321 [1/1] (0.00ns) (grouped into LUT with out node select_ln190_2)   --->   "%select_ln190_10 = select i1 %xor_ln190_2, i8 255, i8 0" [../import_files/import_files/2D_idct.cpp:190]   --->   Operation 2321 'select' 'select_ln190_10' <Predicate = true> <Delay = 0.00> <CoreInst = "Sel">   --->   Core 73 'Sel' <Latency = 0> <II = 1> <Delay = 0.99> <FuncUnit> <Opcode : 'select'> <InPorts = 3> <OutPorts = 1>
ST_44 : Operation 2322 [1/1] (1.24ns) (out node of the LUT)   --->   "%select_ln190_2 = select i1 %or_ln190_2, i8 %select_ln190_10, i8 %trunc_ln190_2" [../import_files/import_files/2D_idct.cpp:190]   --->   Operation 2322 'select' 'select_ln190_2' <Predicate = true> <Delay = 1.24> <CoreInst = "Sel">   --->   Core 73 'Sel' <Latency = 0> <II = 1> <Delay = 1.24> <FuncUnit> <Opcode : 'select'> <InPorts = 3> <OutPorts = 1>
ST_44 : Operation 2323 [1/1] (2.55ns)   --->   "%sub_ln196_2 = sub i32 %add_ln191_4, i32 %tmp2_41" [../import_files/import_files/2D_idct.cpp:196]   --->   Operation 2323 'sub' 'sub_ln196_2' <Predicate = true> <Delay = 2.55> <CoreInst = "Adder">   --->   Core 1 'Adder' <Latency = 0> <II = 1> <Delay = 2.55> <FuncUnit> <Opcode : 'add' 'sub'> <InPorts = 2> <OutPorts = 1>
ST_44 : Operation 2324 [1/1] (2.55ns)   --->   "%add_ln191_5 = add i32 %tmp2_41, i32 %add_ln191_4" [../import_files/import_files/2D_idct.cpp:191]   --->   Operation 2324 'add' 'add_ln191_5' <Predicate = true> <Delay = 2.55> <CoreInst = "Adder">   --->   Core 1 'Adder' <Latency = 0> <II = 1> <Delay = 2.55> <FuncUnit> <Opcode : 'add' 'sub'> <InPorts = 2> <OutPorts = 1>
ST_44 : Operation 2325 [1/1] (0.00ns) (grouped into LUT with out node select_ln191_2)   --->   "%trunc_ln191_2 = partselect i8 @_ssdm_op_PartSelect.i8.i32.i32.i32, i32 %add_ln191_5, i32 18, i32 25" [../import_files/import_files/2D_idct.cpp:191]   --->   Operation 2325 'partselect' 'trunc_ln191_2' <Predicate = true> <Delay = 0.00>
ST_44 : Operation 2326 [1/1] (0.00ns)   --->   "%tmp_41 = bitselect i1 @_ssdm_op_BitSelect.i1.i32.i32, i32 %add_ln191_5, i32 31" [../import_files/import_files/2D_idct.cpp:191]   --->   Operation 2326 'bitselect' 'tmp_41' <Predicate = true> <Delay = 0.00>
ST_44 : Operation 2327 [1/1] (0.00ns)   --->   "%tmp_42 = partselect i6 @_ssdm_op_PartSelect.i6.i32.i32.i32, i32 %add_ln191_5, i32 26, i32 31" [../import_files/import_files/2D_idct.cpp:191]   --->   Operation 2327 'partselect' 'tmp_42' <Predicate = true> <Delay = 0.00>
ST_44 : Operation 2328 [1/1] (1.42ns)   --->   "%icmp_ln191_2 = icmp_sgt  i6 %tmp_42, i6 0" [../import_files/import_files/2D_idct.cpp:191]   --->   Operation 2328 'icmp' 'icmp_ln191_2' <Predicate = true> <Delay = 1.42> <CoreInst = "Cmp">   --->   Core 9 'Cmp' <Latency = 0> <II = 1> <Delay = 1.42> <FuncUnit> <Opcode : 'icmp'> <InPorts = 2> <OutPorts = 1>
ST_44 : Operation 2329 [1/1] (0.00ns) (grouped into LUT with out node select_ln191_2)   --->   "%or_ln191_2 = or i1 %tmp_41, i1 %icmp_ln191_2" [../import_files/import_files/2D_idct.cpp:191]   --->   Operation 2329 'or' 'or_ln191_2' <Predicate = true> <Delay = 0.00> <CoreInst = "LogicGate">   --->   Core 74 'LogicGate' <Latency = 0> <II = 1> <Delay = 0.97> <FuncUnit> <Opcode : 'and' 'or' 'xor'> <InPorts = 2> <OutPorts = 1>
ST_44 : Operation 2330 [1/1] (0.00ns) (grouped into LUT with out node select_ln191_2)   --->   "%xor_ln191_2 = xor i1 %tmp_41, i1 1" [../import_files/import_files/2D_idct.cpp:191]   --->   Operation 2330 'xor' 'xor_ln191_2' <Predicate = true> <Delay = 0.00> <CoreInst = "LogicGate">   --->   Core 74 'LogicGate' <Latency = 0> <II = 1> <Delay = 0.97> <FuncUnit> <Opcode : 'and' 'or' 'xor'> <InPorts = 2> <OutPorts = 1>
ST_44 : Operation 2331 [1/1] (0.00ns) (grouped into LUT with out node select_ln191_2)   --->   "%select_ln191_10 = select i1 %xor_ln191_2, i8 255, i8 0" [../import_files/import_files/2D_idct.cpp:191]   --->   Operation 2331 'select' 'select_ln191_10' <Predicate = true> <Delay = 0.00> <CoreInst = "Sel">   --->   Core 73 'Sel' <Latency = 0> <II = 1> <Delay = 0.99> <FuncUnit> <Opcode : 'select'> <InPorts = 3> <OutPorts = 1>
ST_44 : Operation 2332 [1/1] (1.24ns) (out node of the LUT)   --->   "%select_ln191_2 = select i1 %or_ln191_2, i8 %select_ln191_10, i8 %trunc_ln191_2" [../import_files/import_files/2D_idct.cpp:191]   --->   Operation 2332 'select' 'select_ln191_2' <Predicate = true> <Delay = 1.24> <CoreInst = "Sel">   --->   Core 73 'Sel' <Latency = 0> <II = 1> <Delay = 1.24> <FuncUnit> <Opcode : 'select'> <InPorts = 3> <OutPorts = 1>
ST_44 : Operation 2333 [1/1] (2.55ns)   --->   "%sub_ln195_2 = sub i32 %add_ln192_4, i32 %tmp1_41" [../import_files/import_files/2D_idct.cpp:195]   --->   Operation 2333 'sub' 'sub_ln195_2' <Predicate = true> <Delay = 2.55> <CoreInst = "Adder">   --->   Core 1 'Adder' <Latency = 0> <II = 1> <Delay = 2.55> <FuncUnit> <Opcode : 'add' 'sub'> <InPorts = 2> <OutPorts = 1>
ST_44 : Operation 2334 [1/1] (2.55ns)   --->   "%add_ln192_5 = add i32 %tmp1_41, i32 %add_ln192_4" [../import_files/import_files/2D_idct.cpp:192]   --->   Operation 2334 'add' 'add_ln192_5' <Predicate = true> <Delay = 2.55> <CoreInst = "Adder">   --->   Core 1 'Adder' <Latency = 0> <II = 1> <Delay = 2.55> <FuncUnit> <Opcode : 'add' 'sub'> <InPorts = 2> <OutPorts = 1>
ST_44 : Operation 2335 [1/1] (0.00ns) (grouped into LUT with out node select_ln192_2)   --->   "%trunc_ln192_2 = partselect i8 @_ssdm_op_PartSelect.i8.i32.i32.i32, i32 %add_ln192_5, i32 18, i32 25" [../import_files/import_files/2D_idct.cpp:192]   --->   Operation 2335 'partselect' 'trunc_ln192_2' <Predicate = true> <Delay = 0.00>
ST_44 : Operation 2336 [1/1] (0.00ns)   --->   "%tmp_43 = bitselect i1 @_ssdm_op_BitSelect.i1.i32.i32, i32 %add_ln192_5, i32 31" [../import_files/import_files/2D_idct.cpp:192]   --->   Operation 2336 'bitselect' 'tmp_43' <Predicate = true> <Delay = 0.00>
ST_44 : Operation 2337 [1/1] (0.00ns)   --->   "%tmp_44 = partselect i6 @_ssdm_op_PartSelect.i6.i32.i32.i32, i32 %add_ln192_5, i32 26, i32 31" [../import_files/import_files/2D_idct.cpp:192]   --->   Operation 2337 'partselect' 'tmp_44' <Predicate = true> <Delay = 0.00>
ST_44 : Operation 2338 [1/1] (1.42ns)   --->   "%icmp_ln192_2 = icmp_sgt  i6 %tmp_44, i6 0" [../import_files/import_files/2D_idct.cpp:192]   --->   Operation 2338 'icmp' 'icmp_ln192_2' <Predicate = true> <Delay = 1.42> <CoreInst = "Cmp">   --->   Core 9 'Cmp' <Latency = 0> <II = 1> <Delay = 1.42> <FuncUnit> <Opcode : 'icmp'> <InPorts = 2> <OutPorts = 1>
ST_44 : Operation 2339 [1/1] (0.00ns) (grouped into LUT with out node select_ln192_2)   --->   "%or_ln192_2 = or i1 %tmp_43, i1 %icmp_ln192_2" [../import_files/import_files/2D_idct.cpp:192]   --->   Operation 2339 'or' 'or_ln192_2' <Predicate = true> <Delay = 0.00> <CoreInst = "LogicGate">   --->   Core 74 'LogicGate' <Latency = 0> <II = 1> <Delay = 0.97> <FuncUnit> <Opcode : 'and' 'or' 'xor'> <InPorts = 2> <OutPorts = 1>
ST_44 : Operation 2340 [1/1] (0.00ns) (grouped into LUT with out node select_ln192_2)   --->   "%xor_ln192_2 = xor i1 %tmp_43, i1 1" [../import_files/import_files/2D_idct.cpp:192]   --->   Operation 2340 'xor' 'xor_ln192_2' <Predicate = true> <Delay = 0.00> <CoreInst = "LogicGate">   --->   Core 74 'LogicGate' <Latency = 0> <II = 1> <Delay = 0.97> <FuncUnit> <Opcode : 'and' 'or' 'xor'> <InPorts = 2> <OutPorts = 1>
ST_44 : Operation 2341 [1/1] (0.00ns) (grouped into LUT with out node select_ln192_2)   --->   "%select_ln192_10 = select i1 %xor_ln192_2, i8 255, i8 0" [../import_files/import_files/2D_idct.cpp:192]   --->   Operation 2341 'select' 'select_ln192_10' <Predicate = true> <Delay = 0.00> <CoreInst = "Sel">   --->   Core 73 'Sel' <Latency = 0> <II = 1> <Delay = 0.99> <FuncUnit> <Opcode : 'select'> <InPorts = 3> <OutPorts = 1>
ST_44 : Operation 2342 [1/1] (1.24ns) (out node of the LUT)   --->   "%select_ln192_2 = select i1 %or_ln192_2, i8 %select_ln192_10, i8 %trunc_ln192_2" [../import_files/import_files/2D_idct.cpp:192]   --->   Operation 2342 'select' 'select_ln192_2' <Predicate = true> <Delay = 1.24> <CoreInst = "Sel">   --->   Core 73 'Sel' <Latency = 0> <II = 1> <Delay = 1.24> <FuncUnit> <Opcode : 'select'> <InPorts = 3> <OutPorts = 1>
ST_44 : Operation 2343 [1/1] (2.55ns)   --->   "%sub_ln194_2 = sub i32 %add_ln193_4, i32 %tmp0_43" [../import_files/import_files/2D_idct.cpp:194]   --->   Operation 2343 'sub' 'sub_ln194_2' <Predicate = true> <Delay = 2.55> <CoreInst = "Adder">   --->   Core 1 'Adder' <Latency = 0> <II = 1> <Delay = 2.55> <FuncUnit> <Opcode : 'add' 'sub'> <InPorts = 2> <OutPorts = 1>
ST_44 : Operation 2344 [1/1] (2.55ns)   --->   "%add_ln193_5 = add i32 %tmp0_43, i32 %add_ln193_4" [../import_files/import_files/2D_idct.cpp:193]   --->   Operation 2344 'add' 'add_ln193_5' <Predicate = true> <Delay = 2.55> <CoreInst = "Adder">   --->   Core 1 'Adder' <Latency = 0> <II = 1> <Delay = 2.55> <FuncUnit> <Opcode : 'add' 'sub'> <InPorts = 2> <OutPorts = 1>
ST_44 : Operation 2345 [1/1] (0.00ns) (grouped into LUT with out node select_ln193_2)   --->   "%trunc_ln193_2 = partselect i8 @_ssdm_op_PartSelect.i8.i32.i32.i32, i32 %add_ln193_5, i32 18, i32 25" [../import_files/import_files/2D_idct.cpp:193]   --->   Operation 2345 'partselect' 'trunc_ln193_2' <Predicate = true> <Delay = 0.00>
ST_44 : Operation 2346 [1/1] (0.00ns)   --->   "%tmp_45 = bitselect i1 @_ssdm_op_BitSelect.i1.i32.i32, i32 %add_ln193_5, i32 31" [../import_files/import_files/2D_idct.cpp:193]   --->   Operation 2346 'bitselect' 'tmp_45' <Predicate = true> <Delay = 0.00>
ST_44 : Operation 2347 [1/1] (0.00ns)   --->   "%tmp_46 = partselect i6 @_ssdm_op_PartSelect.i6.i32.i32.i32, i32 %add_ln193_5, i32 26, i32 31" [../import_files/import_files/2D_idct.cpp:193]   --->   Operation 2347 'partselect' 'tmp_46' <Predicate = true> <Delay = 0.00>
ST_44 : Operation 2348 [1/1] (1.42ns)   --->   "%icmp_ln193_2 = icmp_sgt  i6 %tmp_46, i6 0" [../import_files/import_files/2D_idct.cpp:193]   --->   Operation 2348 'icmp' 'icmp_ln193_2' <Predicate = true> <Delay = 1.42> <CoreInst = "Cmp">   --->   Core 9 'Cmp' <Latency = 0> <II = 1> <Delay = 1.42> <FuncUnit> <Opcode : 'icmp'> <InPorts = 2> <OutPorts = 1>
ST_44 : Operation 2349 [1/1] (0.00ns) (grouped into LUT with out node select_ln193_2)   --->   "%or_ln193_2 = or i1 %tmp_45, i1 %icmp_ln193_2" [../import_files/import_files/2D_idct.cpp:193]   --->   Operation 2349 'or' 'or_ln193_2' <Predicate = true> <Delay = 0.00> <CoreInst = "LogicGate">   --->   Core 74 'LogicGate' <Latency = 0> <II = 1> <Delay = 0.97> <FuncUnit> <Opcode : 'and' 'or' 'xor'> <InPorts = 2> <OutPorts = 1>
ST_44 : Operation 2350 [1/1] (0.00ns) (grouped into LUT with out node select_ln193_2)   --->   "%xor_ln193_2 = xor i1 %tmp_45, i1 1" [../import_files/import_files/2D_idct.cpp:193]   --->   Operation 2350 'xor' 'xor_ln193_2' <Predicate = true> <Delay = 0.00> <CoreInst = "LogicGate">   --->   Core 74 'LogicGate' <Latency = 0> <II = 1> <Delay = 0.97> <FuncUnit> <Opcode : 'and' 'or' 'xor'> <InPorts = 2> <OutPorts = 1>
ST_44 : Operation 2351 [1/1] (0.00ns) (grouped into LUT with out node select_ln193_2)   --->   "%select_ln193_10 = select i1 %xor_ln193_2, i8 255, i8 0" [../import_files/import_files/2D_idct.cpp:193]   --->   Operation 2351 'select' 'select_ln193_10' <Predicate = true> <Delay = 0.00> <CoreInst = "Sel">   --->   Core 73 'Sel' <Latency = 0> <II = 1> <Delay = 0.99> <FuncUnit> <Opcode : 'select'> <InPorts = 3> <OutPorts = 1>
ST_44 : Operation 2352 [1/1] (1.24ns) (out node of the LUT)   --->   "%select_ln193_2 = select i1 %or_ln193_2, i8 %select_ln193_10, i8 %trunc_ln193_2" [../import_files/import_files/2D_idct.cpp:193]   --->   Operation 2352 'select' 'select_ln193_2' <Predicate = true> <Delay = 1.24> <CoreInst = "Sel">   --->   Core 73 'Sel' <Latency = 0> <II = 1> <Delay = 1.24> <FuncUnit> <Opcode : 'select'> <InPorts = 3> <OutPorts = 1>
ST_44 : Operation 2353 [1/1] (0.00ns) (grouped into LUT with out node select_ln194_2)   --->   "%trunc_ln194_2 = partselect i8 @_ssdm_op_PartSelect.i8.i32.i32.i32, i32 %sub_ln194_2, i32 18, i32 25" [../import_files/import_files/2D_idct.cpp:194]   --->   Operation 2353 'partselect' 'trunc_ln194_2' <Predicate = true> <Delay = 0.00>
ST_44 : Operation 2354 [1/1] (0.00ns)   --->   "%tmp_47 = bitselect i1 @_ssdm_op_BitSelect.i1.i32.i32, i32 %sub_ln194_2, i32 31" [../import_files/import_files/2D_idct.cpp:194]   --->   Operation 2354 'bitselect' 'tmp_47' <Predicate = true> <Delay = 0.00>
ST_44 : Operation 2355 [1/1] (0.00ns)   --->   "%tmp_48 = partselect i6 @_ssdm_op_PartSelect.i6.i32.i32.i32, i32 %sub_ln194_2, i32 26, i32 31" [../import_files/import_files/2D_idct.cpp:194]   --->   Operation 2355 'partselect' 'tmp_48' <Predicate = true> <Delay = 0.00>
ST_44 : Operation 2356 [1/1] (1.42ns)   --->   "%icmp_ln194_2 = icmp_sgt  i6 %tmp_48, i6 0" [../import_files/import_files/2D_idct.cpp:194]   --->   Operation 2356 'icmp' 'icmp_ln194_2' <Predicate = true> <Delay = 1.42> <CoreInst = "Cmp">   --->   Core 9 'Cmp' <Latency = 0> <II = 1> <Delay = 1.42> <FuncUnit> <Opcode : 'icmp'> <InPorts = 2> <OutPorts = 1>
ST_44 : Operation 2357 [1/1] (0.00ns) (grouped into LUT with out node select_ln194_2)   --->   "%or_ln194_2 = or i1 %tmp_47, i1 %icmp_ln194_2" [../import_files/import_files/2D_idct.cpp:194]   --->   Operation 2357 'or' 'or_ln194_2' <Predicate = true> <Delay = 0.00> <CoreInst = "LogicGate">   --->   Core 74 'LogicGate' <Latency = 0> <II = 1> <Delay = 0.97> <FuncUnit> <Opcode : 'and' 'or' 'xor'> <InPorts = 2> <OutPorts = 1>
ST_44 : Operation 2358 [1/1] (0.00ns) (grouped into LUT with out node select_ln194_2)   --->   "%xor_ln194_2 = xor i1 %tmp_47, i1 1" [../import_files/import_files/2D_idct.cpp:194]   --->   Operation 2358 'xor' 'xor_ln194_2' <Predicate = true> <Delay = 0.00> <CoreInst = "LogicGate">   --->   Core 74 'LogicGate' <Latency = 0> <II = 1> <Delay = 0.97> <FuncUnit> <Opcode : 'and' 'or' 'xor'> <InPorts = 2> <OutPorts = 1>
ST_44 : Operation 2359 [1/1] (0.00ns) (grouped into LUT with out node select_ln194_2)   --->   "%select_ln194_10 = select i1 %xor_ln194_2, i8 255, i8 0" [../import_files/import_files/2D_idct.cpp:194]   --->   Operation 2359 'select' 'select_ln194_10' <Predicate = true> <Delay = 0.00> <CoreInst = "Sel">   --->   Core 73 'Sel' <Latency = 0> <II = 1> <Delay = 0.99> <FuncUnit> <Opcode : 'select'> <InPorts = 3> <OutPorts = 1>
ST_44 : Operation 2360 [1/1] (1.24ns) (out node of the LUT)   --->   "%select_ln194_2 = select i1 %or_ln194_2, i8 %select_ln194_10, i8 %trunc_ln194_2" [../import_files/import_files/2D_idct.cpp:194]   --->   Operation 2360 'select' 'select_ln194_2' <Predicate = true> <Delay = 1.24> <CoreInst = "Sel">   --->   Core 73 'Sel' <Latency = 0> <II = 1> <Delay = 1.24> <FuncUnit> <Opcode : 'select'> <InPorts = 3> <OutPorts = 1>
ST_44 : Operation 2361 [1/1] (0.00ns) (grouped into LUT with out node select_ln195_2)   --->   "%trunc_ln195_2 = partselect i8 @_ssdm_op_PartSelect.i8.i32.i32.i32, i32 %sub_ln195_2, i32 18, i32 25" [../import_files/import_files/2D_idct.cpp:195]   --->   Operation 2361 'partselect' 'trunc_ln195_2' <Predicate = true> <Delay = 0.00>
ST_44 : Operation 2362 [1/1] (0.00ns)   --->   "%tmp_49 = bitselect i1 @_ssdm_op_BitSelect.i1.i32.i32, i32 %sub_ln195_2, i32 31" [../import_files/import_files/2D_idct.cpp:195]   --->   Operation 2362 'bitselect' 'tmp_49' <Predicate = true> <Delay = 0.00>
ST_44 : Operation 2363 [1/1] (0.00ns)   --->   "%tmp_50 = partselect i6 @_ssdm_op_PartSelect.i6.i32.i32.i32, i32 %sub_ln195_2, i32 26, i32 31" [../import_files/import_files/2D_idct.cpp:195]   --->   Operation 2363 'partselect' 'tmp_50' <Predicate = true> <Delay = 0.00>
ST_44 : Operation 2364 [1/1] (1.42ns)   --->   "%icmp_ln195_2 = icmp_sgt  i6 %tmp_50, i6 0" [../import_files/import_files/2D_idct.cpp:195]   --->   Operation 2364 'icmp' 'icmp_ln195_2' <Predicate = true> <Delay = 1.42> <CoreInst = "Cmp">   --->   Core 9 'Cmp' <Latency = 0> <II = 1> <Delay = 1.42> <FuncUnit> <Opcode : 'icmp'> <InPorts = 2> <OutPorts = 1>
ST_44 : Operation 2365 [1/1] (0.00ns) (grouped into LUT with out node select_ln195_2)   --->   "%or_ln195_2 = or i1 %tmp_49, i1 %icmp_ln195_2" [../import_files/import_files/2D_idct.cpp:195]   --->   Operation 2365 'or' 'or_ln195_2' <Predicate = true> <Delay = 0.00> <CoreInst = "LogicGate">   --->   Core 74 'LogicGate' <Latency = 0> <II = 1> <Delay = 0.97> <FuncUnit> <Opcode : 'and' 'or' 'xor'> <InPorts = 2> <OutPorts = 1>
ST_44 : Operation 2366 [1/1] (0.00ns) (grouped into LUT with out node select_ln195_2)   --->   "%xor_ln195_2 = xor i1 %tmp_49, i1 1" [../import_files/import_files/2D_idct.cpp:195]   --->   Operation 2366 'xor' 'xor_ln195_2' <Predicate = true> <Delay = 0.00> <CoreInst = "LogicGate">   --->   Core 74 'LogicGate' <Latency = 0> <II = 1> <Delay = 0.97> <FuncUnit> <Opcode : 'and' 'or' 'xor'> <InPorts = 2> <OutPorts = 1>
ST_44 : Operation 2367 [1/1] (0.00ns) (grouped into LUT with out node select_ln195_2)   --->   "%select_ln195_10 = select i1 %xor_ln195_2, i8 255, i8 0" [../import_files/import_files/2D_idct.cpp:195]   --->   Operation 2367 'select' 'select_ln195_10' <Predicate = true> <Delay = 0.00> <CoreInst = "Sel">   --->   Core 73 'Sel' <Latency = 0> <II = 1> <Delay = 0.99> <FuncUnit> <Opcode : 'select'> <InPorts = 3> <OutPorts = 1>
ST_44 : Operation 2368 [1/1] (1.24ns) (out node of the LUT)   --->   "%select_ln195_2 = select i1 %or_ln195_2, i8 %select_ln195_10, i8 %trunc_ln195_2" [../import_files/import_files/2D_idct.cpp:195]   --->   Operation 2368 'select' 'select_ln195_2' <Predicate = true> <Delay = 1.24> <CoreInst = "Sel">   --->   Core 73 'Sel' <Latency = 0> <II = 1> <Delay = 1.24> <FuncUnit> <Opcode : 'select'> <InPorts = 3> <OutPorts = 1>
ST_44 : Operation 2369 [1/1] (0.00ns) (grouped into LUT with out node select_ln196_2)   --->   "%trunc_ln196_2 = partselect i8 @_ssdm_op_PartSelect.i8.i32.i32.i32, i32 %sub_ln196_2, i32 18, i32 25" [../import_files/import_files/2D_idct.cpp:196]   --->   Operation 2369 'partselect' 'trunc_ln196_2' <Predicate = true> <Delay = 0.00>
ST_44 : Operation 2370 [1/1] (0.00ns)   --->   "%tmp_51 = bitselect i1 @_ssdm_op_BitSelect.i1.i32.i32, i32 %sub_ln196_2, i32 31" [../import_files/import_files/2D_idct.cpp:196]   --->   Operation 2370 'bitselect' 'tmp_51' <Predicate = true> <Delay = 0.00>
ST_44 : Operation 2371 [1/1] (0.00ns)   --->   "%tmp_52 = partselect i6 @_ssdm_op_PartSelect.i6.i32.i32.i32, i32 %sub_ln196_2, i32 26, i32 31" [../import_files/import_files/2D_idct.cpp:196]   --->   Operation 2371 'partselect' 'tmp_52' <Predicate = true> <Delay = 0.00>
ST_44 : Operation 2372 [1/1] (1.42ns)   --->   "%icmp_ln196_2 = icmp_sgt  i6 %tmp_52, i6 0" [../import_files/import_files/2D_idct.cpp:196]   --->   Operation 2372 'icmp' 'icmp_ln196_2' <Predicate = true> <Delay = 1.42> <CoreInst = "Cmp">   --->   Core 9 'Cmp' <Latency = 0> <II = 1> <Delay = 1.42> <FuncUnit> <Opcode : 'icmp'> <InPorts = 2> <OutPorts = 1>
ST_44 : Operation 2373 [1/1] (0.00ns) (grouped into LUT with out node select_ln196_2)   --->   "%or_ln196_2 = or i1 %tmp_51, i1 %icmp_ln196_2" [../import_files/import_files/2D_idct.cpp:196]   --->   Operation 2373 'or' 'or_ln196_2' <Predicate = true> <Delay = 0.00> <CoreInst = "LogicGate">   --->   Core 74 'LogicGate' <Latency = 0> <II = 1> <Delay = 0.97> <FuncUnit> <Opcode : 'and' 'or' 'xor'> <InPorts = 2> <OutPorts = 1>
ST_44 : Operation 2374 [1/1] (0.00ns) (grouped into LUT with out node select_ln196_2)   --->   "%xor_ln196_2 = xor i1 %tmp_51, i1 1" [../import_files/import_files/2D_idct.cpp:196]   --->   Operation 2374 'xor' 'xor_ln196_2' <Predicate = true> <Delay = 0.00> <CoreInst = "LogicGate">   --->   Core 74 'LogicGate' <Latency = 0> <II = 1> <Delay = 0.97> <FuncUnit> <Opcode : 'and' 'or' 'xor'> <InPorts = 2> <OutPorts = 1>
ST_44 : Operation 2375 [1/1] (0.00ns) (grouped into LUT with out node select_ln196_2)   --->   "%select_ln196_10 = select i1 %xor_ln196_2, i8 255, i8 0" [../import_files/import_files/2D_idct.cpp:196]   --->   Operation 2375 'select' 'select_ln196_10' <Predicate = true> <Delay = 0.00> <CoreInst = "Sel">   --->   Core 73 'Sel' <Latency = 0> <II = 1> <Delay = 0.99> <FuncUnit> <Opcode : 'select'> <InPorts = 3> <OutPorts = 1>
ST_44 : Operation 2376 [1/1] (1.24ns) (out node of the LUT)   --->   "%select_ln196_2 = select i1 %or_ln196_2, i8 %select_ln196_10, i8 %trunc_ln196_2" [../import_files/import_files/2D_idct.cpp:196]   --->   Operation 2376 'select' 'select_ln196_2' <Predicate = true> <Delay = 1.24> <CoreInst = "Sel">   --->   Core 73 'Sel' <Latency = 0> <II = 1> <Delay = 1.24> <FuncUnit> <Opcode : 'select'> <InPorts = 3> <OutPorts = 1>
ST_44 : Operation 2377 [1/1] (0.00ns) (grouped into LUT with out node select_ln197_2)   --->   "%trunc_ln197_2 = partselect i8 @_ssdm_op_PartSelect.i8.i32.i32.i32, i32 %sub_ln197_2, i32 18, i32 25" [../import_files/import_files/2D_idct.cpp:197]   --->   Operation 2377 'partselect' 'trunc_ln197_2' <Predicate = true> <Delay = 0.00>
ST_44 : Operation 2378 [1/1] (0.00ns)   --->   "%tmp_53 = bitselect i1 @_ssdm_op_BitSelect.i1.i32.i32, i32 %sub_ln197_2, i32 31" [../import_files/import_files/2D_idct.cpp:197]   --->   Operation 2378 'bitselect' 'tmp_53' <Predicate = true> <Delay = 0.00>
ST_44 : Operation 2379 [1/1] (0.00ns)   --->   "%tmp_54 = partselect i6 @_ssdm_op_PartSelect.i6.i32.i32.i32, i32 %sub_ln197_2, i32 26, i32 31" [../import_files/import_files/2D_idct.cpp:197]   --->   Operation 2379 'partselect' 'tmp_54' <Predicate = true> <Delay = 0.00>
ST_44 : Operation 2380 [1/1] (1.42ns)   --->   "%icmp_ln197_2 = icmp_sgt  i6 %tmp_54, i6 0" [../import_files/import_files/2D_idct.cpp:197]   --->   Operation 2380 'icmp' 'icmp_ln197_2' <Predicate = true> <Delay = 1.42> <CoreInst = "Cmp">   --->   Core 9 'Cmp' <Latency = 0> <II = 1> <Delay = 1.42> <FuncUnit> <Opcode : 'icmp'> <InPorts = 2> <OutPorts = 1>
ST_44 : Operation 2381 [1/1] (0.00ns) (grouped into LUT with out node select_ln197_2)   --->   "%or_ln197_2 = or i1 %tmp_53, i1 %icmp_ln197_2" [../import_files/import_files/2D_idct.cpp:197]   --->   Operation 2381 'or' 'or_ln197_2' <Predicate = true> <Delay = 0.00> <CoreInst = "LogicGate">   --->   Core 74 'LogicGate' <Latency = 0> <II = 1> <Delay = 0.97> <FuncUnit> <Opcode : 'and' 'or' 'xor'> <InPorts = 2> <OutPorts = 1>
ST_44 : Operation 2382 [1/1] (0.00ns) (grouped into LUT with out node select_ln197_2)   --->   "%xor_ln197_2 = xor i1 %tmp_53, i1 1" [../import_files/import_files/2D_idct.cpp:197]   --->   Operation 2382 'xor' 'xor_ln197_2' <Predicate = true> <Delay = 0.00> <CoreInst = "LogicGate">   --->   Core 74 'LogicGate' <Latency = 0> <II = 1> <Delay = 0.97> <FuncUnit> <Opcode : 'and' 'or' 'xor'> <InPorts = 2> <OutPorts = 1>
ST_44 : Operation 2383 [1/1] (0.00ns) (grouped into LUT with out node select_ln197_2)   --->   "%select_ln197_10 = select i1 %xor_ln197_2, i8 255, i8 0" [../import_files/import_files/2D_idct.cpp:197]   --->   Operation 2383 'select' 'select_ln197_10' <Predicate = true> <Delay = 0.00> <CoreInst = "Sel">   --->   Core 73 'Sel' <Latency = 0> <II = 1> <Delay = 0.99> <FuncUnit> <Opcode : 'select'> <InPorts = 3> <OutPorts = 1>
ST_44 : Operation 2384 [1/1] (1.24ns) (out node of the LUT)   --->   "%select_ln197_2 = select i1 %or_ln197_2, i8 %select_ln197_10, i8 %trunc_ln197_2" [../import_files/import_files/2D_idct.cpp:197]   --->   Operation 2384 'select' 'select_ln197_2' <Predicate = true> <Delay = 1.24> <CoreInst = "Sel">   --->   Core 73 'Sel' <Latency = 0> <II = 1> <Delay = 1.24> <FuncUnit> <Opcode : 'select'> <InPorts = 3> <OutPorts = 1>
ST_44 : Operation 2385 [1/1] (2.55ns)   --->   "%sub_ln197_5 = sub i32 %add_ln190_10, i32 %tmp3_53" [../import_files/import_files/2D_idct.cpp:197]   --->   Operation 2385 'sub' 'sub_ln197_5' <Predicate = true> <Delay = 2.55> <CoreInst = "Adder">   --->   Core 1 'Adder' <Latency = 0> <II = 1> <Delay = 2.55> <FuncUnit> <Opcode : 'add' 'sub'> <InPorts = 2> <OutPorts = 1>
ST_44 : Operation 2386 [1/1] (2.55ns)   --->   "%add_ln190_11 = add i32 %tmp3_53, i32 %add_ln190_10" [../import_files/import_files/2D_idct.cpp:190]   --->   Operation 2386 'add' 'add_ln190_11' <Predicate = true> <Delay = 2.55> <CoreInst = "Adder">   --->   Core 1 'Adder' <Latency = 0> <II = 1> <Delay = 2.55> <FuncUnit> <Opcode : 'add' 'sub'> <InPorts = 2> <OutPorts = 1>
ST_44 : Operation 2387 [1/1] (0.00ns) (grouped into LUT with out node select_ln190_5)   --->   "%trunc_ln190_5 = partselect i8 @_ssdm_op_PartSelect.i8.i32.i32.i32, i32 %add_ln190_11, i32 18, i32 25" [../import_files/import_files/2D_idct.cpp:190]   --->   Operation 2387 'partselect' 'trunc_ln190_5' <Predicate = true> <Delay = 0.00>
ST_44 : Operation 2388 [1/1] (0.00ns)   --->   "%tmp_87 = bitselect i1 @_ssdm_op_BitSelect.i1.i32.i32, i32 %add_ln190_11, i32 31" [../import_files/import_files/2D_idct.cpp:190]   --->   Operation 2388 'bitselect' 'tmp_87' <Predicate = true> <Delay = 0.00>
ST_44 : Operation 2389 [1/1] (0.00ns)   --->   "%tmp_88 = partselect i6 @_ssdm_op_PartSelect.i6.i32.i32.i32, i32 %add_ln190_11, i32 26, i32 31" [../import_files/import_files/2D_idct.cpp:190]   --->   Operation 2389 'partselect' 'tmp_88' <Predicate = true> <Delay = 0.00>
ST_44 : Operation 2390 [1/1] (1.42ns)   --->   "%icmp_ln190_5 = icmp_sgt  i6 %tmp_88, i6 0" [../import_files/import_files/2D_idct.cpp:190]   --->   Operation 2390 'icmp' 'icmp_ln190_5' <Predicate = true> <Delay = 1.42> <CoreInst = "Cmp">   --->   Core 9 'Cmp' <Latency = 0> <II = 1> <Delay = 1.42> <FuncUnit> <Opcode : 'icmp'> <InPorts = 2> <OutPorts = 1>
ST_44 : Operation 2391 [1/1] (0.00ns) (grouped into LUT with out node select_ln190_5)   --->   "%or_ln190_5 = or i1 %tmp_87, i1 %icmp_ln190_5" [../import_files/import_files/2D_idct.cpp:190]   --->   Operation 2391 'or' 'or_ln190_5' <Predicate = true> <Delay = 0.00> <CoreInst = "LogicGate">   --->   Core 74 'LogicGate' <Latency = 0> <II = 1> <Delay = 0.97> <FuncUnit> <Opcode : 'and' 'or' 'xor'> <InPorts = 2> <OutPorts = 1>
ST_44 : Operation 2392 [1/1] (0.00ns) (grouped into LUT with out node select_ln190_5)   --->   "%xor_ln190_5 = xor i1 %tmp_87, i1 1" [../import_files/import_files/2D_idct.cpp:190]   --->   Operation 2392 'xor' 'xor_ln190_5' <Predicate = true> <Delay = 0.00> <CoreInst = "LogicGate">   --->   Core 74 'LogicGate' <Latency = 0> <II = 1> <Delay = 0.97> <FuncUnit> <Opcode : 'and' 'or' 'xor'> <InPorts = 2> <OutPorts = 1>
ST_44 : Operation 2393 [1/1] (0.00ns) (grouped into LUT with out node select_ln190_5)   --->   "%select_ln190_13 = select i1 %xor_ln190_5, i8 255, i8 0" [../import_files/import_files/2D_idct.cpp:190]   --->   Operation 2393 'select' 'select_ln190_13' <Predicate = true> <Delay = 0.00> <CoreInst = "Sel">   --->   Core 73 'Sel' <Latency = 0> <II = 1> <Delay = 0.99> <FuncUnit> <Opcode : 'select'> <InPorts = 3> <OutPorts = 1>
ST_44 : Operation 2394 [1/1] (1.24ns) (out node of the LUT)   --->   "%select_ln190_5 = select i1 %or_ln190_5, i8 %select_ln190_13, i8 %trunc_ln190_5" [../import_files/import_files/2D_idct.cpp:190]   --->   Operation 2394 'select' 'select_ln190_5' <Predicate = true> <Delay = 1.24> <CoreInst = "Sel">   --->   Core 73 'Sel' <Latency = 0> <II = 1> <Delay = 1.24> <FuncUnit> <Opcode : 'select'> <InPorts = 3> <OutPorts = 1>
ST_44 : Operation 2395 [1/1] (2.55ns)   --->   "%sub_ln196_5 = sub i32 %add_ln191_10, i32 %tmp2_53" [../import_files/import_files/2D_idct.cpp:196]   --->   Operation 2395 'sub' 'sub_ln196_5' <Predicate = true> <Delay = 2.55> <CoreInst = "Adder">   --->   Core 1 'Adder' <Latency = 0> <II = 1> <Delay = 2.55> <FuncUnit> <Opcode : 'add' 'sub'> <InPorts = 2> <OutPorts = 1>
ST_44 : Operation 2396 [1/1] (2.55ns)   --->   "%add_ln191_11 = add i32 %tmp2_53, i32 %add_ln191_10" [../import_files/import_files/2D_idct.cpp:191]   --->   Operation 2396 'add' 'add_ln191_11' <Predicate = true> <Delay = 2.55> <CoreInst = "Adder">   --->   Core 1 'Adder' <Latency = 0> <II = 1> <Delay = 2.55> <FuncUnit> <Opcode : 'add' 'sub'> <InPorts = 2> <OutPorts = 1>
ST_44 : Operation 2397 [1/1] (0.00ns) (grouped into LUT with out node select_ln191_5)   --->   "%trunc_ln191_5 = partselect i8 @_ssdm_op_PartSelect.i8.i32.i32.i32, i32 %add_ln191_11, i32 18, i32 25" [../import_files/import_files/2D_idct.cpp:191]   --->   Operation 2397 'partselect' 'trunc_ln191_5' <Predicate = true> <Delay = 0.00>
ST_44 : Operation 2398 [1/1] (0.00ns)   --->   "%tmp_89 = bitselect i1 @_ssdm_op_BitSelect.i1.i32.i32, i32 %add_ln191_11, i32 31" [../import_files/import_files/2D_idct.cpp:191]   --->   Operation 2398 'bitselect' 'tmp_89' <Predicate = true> <Delay = 0.00>
ST_44 : Operation 2399 [1/1] (0.00ns)   --->   "%tmp_90 = partselect i6 @_ssdm_op_PartSelect.i6.i32.i32.i32, i32 %add_ln191_11, i32 26, i32 31" [../import_files/import_files/2D_idct.cpp:191]   --->   Operation 2399 'partselect' 'tmp_90' <Predicate = true> <Delay = 0.00>
ST_44 : Operation 2400 [1/1] (1.42ns)   --->   "%icmp_ln191_5 = icmp_sgt  i6 %tmp_90, i6 0" [../import_files/import_files/2D_idct.cpp:191]   --->   Operation 2400 'icmp' 'icmp_ln191_5' <Predicate = true> <Delay = 1.42> <CoreInst = "Cmp">   --->   Core 9 'Cmp' <Latency = 0> <II = 1> <Delay = 1.42> <FuncUnit> <Opcode : 'icmp'> <InPorts = 2> <OutPorts = 1>
ST_44 : Operation 2401 [1/1] (0.00ns) (grouped into LUT with out node select_ln191_5)   --->   "%or_ln191_5 = or i1 %tmp_89, i1 %icmp_ln191_5" [../import_files/import_files/2D_idct.cpp:191]   --->   Operation 2401 'or' 'or_ln191_5' <Predicate = true> <Delay = 0.00> <CoreInst = "LogicGate">   --->   Core 74 'LogicGate' <Latency = 0> <II = 1> <Delay = 0.97> <FuncUnit> <Opcode : 'and' 'or' 'xor'> <InPorts = 2> <OutPorts = 1>
ST_44 : Operation 2402 [1/1] (0.00ns) (grouped into LUT with out node select_ln191_5)   --->   "%xor_ln191_5 = xor i1 %tmp_89, i1 1" [../import_files/import_files/2D_idct.cpp:191]   --->   Operation 2402 'xor' 'xor_ln191_5' <Predicate = true> <Delay = 0.00> <CoreInst = "LogicGate">   --->   Core 74 'LogicGate' <Latency = 0> <II = 1> <Delay = 0.97> <FuncUnit> <Opcode : 'and' 'or' 'xor'> <InPorts = 2> <OutPorts = 1>
ST_44 : Operation 2403 [1/1] (0.00ns) (grouped into LUT with out node select_ln191_5)   --->   "%select_ln191_13 = select i1 %xor_ln191_5, i8 255, i8 0" [../import_files/import_files/2D_idct.cpp:191]   --->   Operation 2403 'select' 'select_ln191_13' <Predicate = true> <Delay = 0.00> <CoreInst = "Sel">   --->   Core 73 'Sel' <Latency = 0> <II = 1> <Delay = 0.99> <FuncUnit> <Opcode : 'select'> <InPorts = 3> <OutPorts = 1>
ST_44 : Operation 2404 [1/1] (1.24ns) (out node of the LUT)   --->   "%select_ln191_5 = select i1 %or_ln191_5, i8 %select_ln191_13, i8 %trunc_ln191_5" [../import_files/import_files/2D_idct.cpp:191]   --->   Operation 2404 'select' 'select_ln191_5' <Predicate = true> <Delay = 1.24> <CoreInst = "Sel">   --->   Core 73 'Sel' <Latency = 0> <II = 1> <Delay = 1.24> <FuncUnit> <Opcode : 'select'> <InPorts = 3> <OutPorts = 1>
ST_44 : Operation 2405 [1/1] (2.55ns)   --->   "%sub_ln195_5 = sub i32 %add_ln192_10, i32 %tmp1_53" [../import_files/import_files/2D_idct.cpp:195]   --->   Operation 2405 'sub' 'sub_ln195_5' <Predicate = true> <Delay = 2.55> <CoreInst = "Adder">   --->   Core 1 'Adder' <Latency = 0> <II = 1> <Delay = 2.55> <FuncUnit> <Opcode : 'add' 'sub'> <InPorts = 2> <OutPorts = 1>
ST_44 : Operation 2406 [1/1] (2.55ns)   --->   "%add_ln192_11 = add i32 %tmp1_53, i32 %add_ln192_10" [../import_files/import_files/2D_idct.cpp:192]   --->   Operation 2406 'add' 'add_ln192_11' <Predicate = true> <Delay = 2.55> <CoreInst = "Adder">   --->   Core 1 'Adder' <Latency = 0> <II = 1> <Delay = 2.55> <FuncUnit> <Opcode : 'add' 'sub'> <InPorts = 2> <OutPorts = 1>
ST_44 : Operation 2407 [1/1] (0.00ns) (grouped into LUT with out node select_ln192_5)   --->   "%trunc_ln192_5 = partselect i8 @_ssdm_op_PartSelect.i8.i32.i32.i32, i32 %add_ln192_11, i32 18, i32 25" [../import_files/import_files/2D_idct.cpp:192]   --->   Operation 2407 'partselect' 'trunc_ln192_5' <Predicate = true> <Delay = 0.00>
ST_44 : Operation 2408 [1/1] (0.00ns)   --->   "%tmp_91 = bitselect i1 @_ssdm_op_BitSelect.i1.i32.i32, i32 %add_ln192_11, i32 31" [../import_files/import_files/2D_idct.cpp:192]   --->   Operation 2408 'bitselect' 'tmp_91' <Predicate = true> <Delay = 0.00>
ST_44 : Operation 2409 [1/1] (0.00ns)   --->   "%tmp_92 = partselect i6 @_ssdm_op_PartSelect.i6.i32.i32.i32, i32 %add_ln192_11, i32 26, i32 31" [../import_files/import_files/2D_idct.cpp:192]   --->   Operation 2409 'partselect' 'tmp_92' <Predicate = true> <Delay = 0.00>
ST_44 : Operation 2410 [1/1] (1.42ns)   --->   "%icmp_ln192_5 = icmp_sgt  i6 %tmp_92, i6 0" [../import_files/import_files/2D_idct.cpp:192]   --->   Operation 2410 'icmp' 'icmp_ln192_5' <Predicate = true> <Delay = 1.42> <CoreInst = "Cmp">   --->   Core 9 'Cmp' <Latency = 0> <II = 1> <Delay = 1.42> <FuncUnit> <Opcode : 'icmp'> <InPorts = 2> <OutPorts = 1>
ST_44 : Operation 2411 [1/1] (0.00ns) (grouped into LUT with out node select_ln192_5)   --->   "%or_ln192_5 = or i1 %tmp_91, i1 %icmp_ln192_5" [../import_files/import_files/2D_idct.cpp:192]   --->   Operation 2411 'or' 'or_ln192_5' <Predicate = true> <Delay = 0.00> <CoreInst = "LogicGate">   --->   Core 74 'LogicGate' <Latency = 0> <II = 1> <Delay = 0.97> <FuncUnit> <Opcode : 'and' 'or' 'xor'> <InPorts = 2> <OutPorts = 1>
ST_44 : Operation 2412 [1/1] (0.00ns) (grouped into LUT with out node select_ln192_5)   --->   "%xor_ln192_5 = xor i1 %tmp_91, i1 1" [../import_files/import_files/2D_idct.cpp:192]   --->   Operation 2412 'xor' 'xor_ln192_5' <Predicate = true> <Delay = 0.00> <CoreInst = "LogicGate">   --->   Core 74 'LogicGate' <Latency = 0> <II = 1> <Delay = 0.97> <FuncUnit> <Opcode : 'and' 'or' 'xor'> <InPorts = 2> <OutPorts = 1>
ST_44 : Operation 2413 [1/1] (0.00ns) (grouped into LUT with out node select_ln192_5)   --->   "%select_ln192_13 = select i1 %xor_ln192_5, i8 255, i8 0" [../import_files/import_files/2D_idct.cpp:192]   --->   Operation 2413 'select' 'select_ln192_13' <Predicate = true> <Delay = 0.00> <CoreInst = "Sel">   --->   Core 73 'Sel' <Latency = 0> <II = 1> <Delay = 0.99> <FuncUnit> <Opcode : 'select'> <InPorts = 3> <OutPorts = 1>
ST_44 : Operation 2414 [1/1] (1.24ns) (out node of the LUT)   --->   "%select_ln192_5 = select i1 %or_ln192_5, i8 %select_ln192_13, i8 %trunc_ln192_5" [../import_files/import_files/2D_idct.cpp:192]   --->   Operation 2414 'select' 'select_ln192_5' <Predicate = true> <Delay = 1.24> <CoreInst = "Sel">   --->   Core 73 'Sel' <Latency = 0> <II = 1> <Delay = 1.24> <FuncUnit> <Opcode : 'select'> <InPorts = 3> <OutPorts = 1>
ST_44 : Operation 2415 [1/1] (2.55ns)   --->   "%sub_ln194_5 = sub i32 %add_ln193_10, i32 %tmp0_55" [../import_files/import_files/2D_idct.cpp:194]   --->   Operation 2415 'sub' 'sub_ln194_5' <Predicate = true> <Delay = 2.55> <CoreInst = "Adder">   --->   Core 1 'Adder' <Latency = 0> <II = 1> <Delay = 2.55> <FuncUnit> <Opcode : 'add' 'sub'> <InPorts = 2> <OutPorts = 1>
ST_44 : Operation 2416 [1/1] (2.55ns)   --->   "%add_ln193_11 = add i32 %tmp0_55, i32 %add_ln193_10" [../import_files/import_files/2D_idct.cpp:193]   --->   Operation 2416 'add' 'add_ln193_11' <Predicate = true> <Delay = 2.55> <CoreInst = "Adder">   --->   Core 1 'Adder' <Latency = 0> <II = 1> <Delay = 2.55> <FuncUnit> <Opcode : 'add' 'sub'> <InPorts = 2> <OutPorts = 1>
ST_44 : Operation 2417 [1/1] (0.00ns) (grouped into LUT with out node select_ln193_5)   --->   "%trunc_ln193_5 = partselect i8 @_ssdm_op_PartSelect.i8.i32.i32.i32, i32 %add_ln193_11, i32 18, i32 25" [../import_files/import_files/2D_idct.cpp:193]   --->   Operation 2417 'partselect' 'trunc_ln193_5' <Predicate = true> <Delay = 0.00>
ST_44 : Operation 2418 [1/1] (0.00ns)   --->   "%tmp_93 = bitselect i1 @_ssdm_op_BitSelect.i1.i32.i32, i32 %add_ln193_11, i32 31" [../import_files/import_files/2D_idct.cpp:193]   --->   Operation 2418 'bitselect' 'tmp_93' <Predicate = true> <Delay = 0.00>
ST_44 : Operation 2419 [1/1] (0.00ns)   --->   "%tmp_94 = partselect i6 @_ssdm_op_PartSelect.i6.i32.i32.i32, i32 %add_ln193_11, i32 26, i32 31" [../import_files/import_files/2D_idct.cpp:193]   --->   Operation 2419 'partselect' 'tmp_94' <Predicate = true> <Delay = 0.00>
ST_44 : Operation 2420 [1/1] (1.42ns)   --->   "%icmp_ln193_5 = icmp_sgt  i6 %tmp_94, i6 0" [../import_files/import_files/2D_idct.cpp:193]   --->   Operation 2420 'icmp' 'icmp_ln193_5' <Predicate = true> <Delay = 1.42> <CoreInst = "Cmp">   --->   Core 9 'Cmp' <Latency = 0> <II = 1> <Delay = 1.42> <FuncUnit> <Opcode : 'icmp'> <InPorts = 2> <OutPorts = 1>
ST_44 : Operation 2421 [1/1] (0.00ns) (grouped into LUT with out node select_ln193_5)   --->   "%or_ln193_5 = or i1 %tmp_93, i1 %icmp_ln193_5" [../import_files/import_files/2D_idct.cpp:193]   --->   Operation 2421 'or' 'or_ln193_5' <Predicate = true> <Delay = 0.00> <CoreInst = "LogicGate">   --->   Core 74 'LogicGate' <Latency = 0> <II = 1> <Delay = 0.97> <FuncUnit> <Opcode : 'and' 'or' 'xor'> <InPorts = 2> <OutPorts = 1>
ST_44 : Operation 2422 [1/1] (0.00ns) (grouped into LUT with out node select_ln193_5)   --->   "%xor_ln193_5 = xor i1 %tmp_93, i1 1" [../import_files/import_files/2D_idct.cpp:193]   --->   Operation 2422 'xor' 'xor_ln193_5' <Predicate = true> <Delay = 0.00> <CoreInst = "LogicGate">   --->   Core 74 'LogicGate' <Latency = 0> <II = 1> <Delay = 0.97> <FuncUnit> <Opcode : 'and' 'or' 'xor'> <InPorts = 2> <OutPorts = 1>
ST_44 : Operation 2423 [1/1] (0.00ns) (grouped into LUT with out node select_ln193_5)   --->   "%select_ln193_13 = select i1 %xor_ln193_5, i8 255, i8 0" [../import_files/import_files/2D_idct.cpp:193]   --->   Operation 2423 'select' 'select_ln193_13' <Predicate = true> <Delay = 0.00> <CoreInst = "Sel">   --->   Core 73 'Sel' <Latency = 0> <II = 1> <Delay = 0.99> <FuncUnit> <Opcode : 'select'> <InPorts = 3> <OutPorts = 1>
ST_44 : Operation 2424 [1/1] (1.24ns) (out node of the LUT)   --->   "%select_ln193_5 = select i1 %or_ln193_5, i8 %select_ln193_13, i8 %trunc_ln193_5" [../import_files/import_files/2D_idct.cpp:193]   --->   Operation 2424 'select' 'select_ln193_5' <Predicate = true> <Delay = 1.24> <CoreInst = "Sel">   --->   Core 73 'Sel' <Latency = 0> <II = 1> <Delay = 1.24> <FuncUnit> <Opcode : 'select'> <InPorts = 3> <OutPorts = 1>
ST_44 : Operation 2425 [1/1] (0.00ns) (grouped into LUT with out node select_ln194_5)   --->   "%trunc_ln194_5 = partselect i8 @_ssdm_op_PartSelect.i8.i32.i32.i32, i32 %sub_ln194_5, i32 18, i32 25" [../import_files/import_files/2D_idct.cpp:194]   --->   Operation 2425 'partselect' 'trunc_ln194_5' <Predicate = true> <Delay = 0.00>
ST_44 : Operation 2426 [1/1] (0.00ns)   --->   "%tmp_95 = bitselect i1 @_ssdm_op_BitSelect.i1.i32.i32, i32 %sub_ln194_5, i32 31" [../import_files/import_files/2D_idct.cpp:194]   --->   Operation 2426 'bitselect' 'tmp_95' <Predicate = true> <Delay = 0.00>
ST_44 : Operation 2427 [1/1] (0.00ns)   --->   "%tmp_96 = partselect i6 @_ssdm_op_PartSelect.i6.i32.i32.i32, i32 %sub_ln194_5, i32 26, i32 31" [../import_files/import_files/2D_idct.cpp:194]   --->   Operation 2427 'partselect' 'tmp_96' <Predicate = true> <Delay = 0.00>
ST_44 : Operation 2428 [1/1] (1.42ns)   --->   "%icmp_ln194_5 = icmp_sgt  i6 %tmp_96, i6 0" [../import_files/import_files/2D_idct.cpp:194]   --->   Operation 2428 'icmp' 'icmp_ln194_5' <Predicate = true> <Delay = 1.42> <CoreInst = "Cmp">   --->   Core 9 'Cmp' <Latency = 0> <II = 1> <Delay = 1.42> <FuncUnit> <Opcode : 'icmp'> <InPorts = 2> <OutPorts = 1>
ST_44 : Operation 2429 [1/1] (0.00ns) (grouped into LUT with out node select_ln194_5)   --->   "%or_ln194_5 = or i1 %tmp_95, i1 %icmp_ln194_5" [../import_files/import_files/2D_idct.cpp:194]   --->   Operation 2429 'or' 'or_ln194_5' <Predicate = true> <Delay = 0.00> <CoreInst = "LogicGate">   --->   Core 74 'LogicGate' <Latency = 0> <II = 1> <Delay = 0.97> <FuncUnit> <Opcode : 'and' 'or' 'xor'> <InPorts = 2> <OutPorts = 1>
ST_44 : Operation 2430 [1/1] (0.00ns) (grouped into LUT with out node select_ln194_5)   --->   "%xor_ln194_5 = xor i1 %tmp_95, i1 1" [../import_files/import_files/2D_idct.cpp:194]   --->   Operation 2430 'xor' 'xor_ln194_5' <Predicate = true> <Delay = 0.00> <CoreInst = "LogicGate">   --->   Core 74 'LogicGate' <Latency = 0> <II = 1> <Delay = 0.97> <FuncUnit> <Opcode : 'and' 'or' 'xor'> <InPorts = 2> <OutPorts = 1>
ST_44 : Operation 2431 [1/1] (0.00ns) (grouped into LUT with out node select_ln194_5)   --->   "%select_ln194_13 = select i1 %xor_ln194_5, i8 255, i8 0" [../import_files/import_files/2D_idct.cpp:194]   --->   Operation 2431 'select' 'select_ln194_13' <Predicate = true> <Delay = 0.00> <CoreInst = "Sel">   --->   Core 73 'Sel' <Latency = 0> <II = 1> <Delay = 0.99> <FuncUnit> <Opcode : 'select'> <InPorts = 3> <OutPorts = 1>
ST_44 : Operation 2432 [1/1] (1.24ns) (out node of the LUT)   --->   "%select_ln194_5 = select i1 %or_ln194_5, i8 %select_ln194_13, i8 %trunc_ln194_5" [../import_files/import_files/2D_idct.cpp:194]   --->   Operation 2432 'select' 'select_ln194_5' <Predicate = true> <Delay = 1.24> <CoreInst = "Sel">   --->   Core 73 'Sel' <Latency = 0> <II = 1> <Delay = 1.24> <FuncUnit> <Opcode : 'select'> <InPorts = 3> <OutPorts = 1>
ST_44 : Operation 2433 [1/1] (0.00ns) (grouped into LUT with out node select_ln195_5)   --->   "%trunc_ln195_5 = partselect i8 @_ssdm_op_PartSelect.i8.i32.i32.i32, i32 %sub_ln195_5, i32 18, i32 25" [../import_files/import_files/2D_idct.cpp:195]   --->   Operation 2433 'partselect' 'trunc_ln195_5' <Predicate = true> <Delay = 0.00>
ST_44 : Operation 2434 [1/1] (0.00ns)   --->   "%tmp_97 = bitselect i1 @_ssdm_op_BitSelect.i1.i32.i32, i32 %sub_ln195_5, i32 31" [../import_files/import_files/2D_idct.cpp:195]   --->   Operation 2434 'bitselect' 'tmp_97' <Predicate = true> <Delay = 0.00>
ST_44 : Operation 2435 [1/1] (0.00ns)   --->   "%tmp_98 = partselect i6 @_ssdm_op_PartSelect.i6.i32.i32.i32, i32 %sub_ln195_5, i32 26, i32 31" [../import_files/import_files/2D_idct.cpp:195]   --->   Operation 2435 'partselect' 'tmp_98' <Predicate = true> <Delay = 0.00>
ST_44 : Operation 2436 [1/1] (1.42ns)   --->   "%icmp_ln195_5 = icmp_sgt  i6 %tmp_98, i6 0" [../import_files/import_files/2D_idct.cpp:195]   --->   Operation 2436 'icmp' 'icmp_ln195_5' <Predicate = true> <Delay = 1.42> <CoreInst = "Cmp">   --->   Core 9 'Cmp' <Latency = 0> <II = 1> <Delay = 1.42> <FuncUnit> <Opcode : 'icmp'> <InPorts = 2> <OutPorts = 1>
ST_44 : Operation 2437 [1/1] (0.00ns) (grouped into LUT with out node select_ln195_5)   --->   "%or_ln195_5 = or i1 %tmp_97, i1 %icmp_ln195_5" [../import_files/import_files/2D_idct.cpp:195]   --->   Operation 2437 'or' 'or_ln195_5' <Predicate = true> <Delay = 0.00> <CoreInst = "LogicGate">   --->   Core 74 'LogicGate' <Latency = 0> <II = 1> <Delay = 0.97> <FuncUnit> <Opcode : 'and' 'or' 'xor'> <InPorts = 2> <OutPorts = 1>
ST_44 : Operation 2438 [1/1] (0.00ns) (grouped into LUT with out node select_ln195_5)   --->   "%xor_ln195_5 = xor i1 %tmp_97, i1 1" [../import_files/import_files/2D_idct.cpp:195]   --->   Operation 2438 'xor' 'xor_ln195_5' <Predicate = true> <Delay = 0.00> <CoreInst = "LogicGate">   --->   Core 74 'LogicGate' <Latency = 0> <II = 1> <Delay = 0.97> <FuncUnit> <Opcode : 'and' 'or' 'xor'> <InPorts = 2> <OutPorts = 1>
ST_44 : Operation 2439 [1/1] (0.00ns) (grouped into LUT with out node select_ln195_5)   --->   "%select_ln195_13 = select i1 %xor_ln195_5, i8 255, i8 0" [../import_files/import_files/2D_idct.cpp:195]   --->   Operation 2439 'select' 'select_ln195_13' <Predicate = true> <Delay = 0.00> <CoreInst = "Sel">   --->   Core 73 'Sel' <Latency = 0> <II = 1> <Delay = 0.99> <FuncUnit> <Opcode : 'select'> <InPorts = 3> <OutPorts = 1>
ST_44 : Operation 2440 [1/1] (1.24ns) (out node of the LUT)   --->   "%select_ln195_5 = select i1 %or_ln195_5, i8 %select_ln195_13, i8 %trunc_ln195_5" [../import_files/import_files/2D_idct.cpp:195]   --->   Operation 2440 'select' 'select_ln195_5' <Predicate = true> <Delay = 1.24> <CoreInst = "Sel">   --->   Core 73 'Sel' <Latency = 0> <II = 1> <Delay = 1.24> <FuncUnit> <Opcode : 'select'> <InPorts = 3> <OutPorts = 1>
ST_44 : Operation 2441 [1/1] (0.00ns) (grouped into LUT with out node select_ln196_5)   --->   "%trunc_ln196_5 = partselect i8 @_ssdm_op_PartSelect.i8.i32.i32.i32, i32 %sub_ln196_5, i32 18, i32 25" [../import_files/import_files/2D_idct.cpp:196]   --->   Operation 2441 'partselect' 'trunc_ln196_5' <Predicate = true> <Delay = 0.00>
ST_44 : Operation 2442 [1/1] (0.00ns)   --->   "%tmp_99 = bitselect i1 @_ssdm_op_BitSelect.i1.i32.i32, i32 %sub_ln196_5, i32 31" [../import_files/import_files/2D_idct.cpp:196]   --->   Operation 2442 'bitselect' 'tmp_99' <Predicate = true> <Delay = 0.00>
ST_44 : Operation 2443 [1/1] (0.00ns)   --->   "%tmp_100 = partselect i6 @_ssdm_op_PartSelect.i6.i32.i32.i32, i32 %sub_ln196_5, i32 26, i32 31" [../import_files/import_files/2D_idct.cpp:196]   --->   Operation 2443 'partselect' 'tmp_100' <Predicate = true> <Delay = 0.00>
ST_44 : Operation 2444 [1/1] (1.42ns)   --->   "%icmp_ln196_5 = icmp_sgt  i6 %tmp_100, i6 0" [../import_files/import_files/2D_idct.cpp:196]   --->   Operation 2444 'icmp' 'icmp_ln196_5' <Predicate = true> <Delay = 1.42> <CoreInst = "Cmp">   --->   Core 9 'Cmp' <Latency = 0> <II = 1> <Delay = 1.42> <FuncUnit> <Opcode : 'icmp'> <InPorts = 2> <OutPorts = 1>
ST_44 : Operation 2445 [1/1] (0.00ns) (grouped into LUT with out node select_ln196_5)   --->   "%or_ln196_5 = or i1 %tmp_99, i1 %icmp_ln196_5" [../import_files/import_files/2D_idct.cpp:196]   --->   Operation 2445 'or' 'or_ln196_5' <Predicate = true> <Delay = 0.00> <CoreInst = "LogicGate">   --->   Core 74 'LogicGate' <Latency = 0> <II = 1> <Delay = 0.97> <FuncUnit> <Opcode : 'and' 'or' 'xor'> <InPorts = 2> <OutPorts = 1>
ST_44 : Operation 2446 [1/1] (0.00ns) (grouped into LUT with out node select_ln196_5)   --->   "%xor_ln196_5 = xor i1 %tmp_99, i1 1" [../import_files/import_files/2D_idct.cpp:196]   --->   Operation 2446 'xor' 'xor_ln196_5' <Predicate = true> <Delay = 0.00> <CoreInst = "LogicGate">   --->   Core 74 'LogicGate' <Latency = 0> <II = 1> <Delay = 0.97> <FuncUnit> <Opcode : 'and' 'or' 'xor'> <InPorts = 2> <OutPorts = 1>
ST_44 : Operation 2447 [1/1] (0.00ns) (grouped into LUT with out node select_ln196_5)   --->   "%select_ln196_13 = select i1 %xor_ln196_5, i8 255, i8 0" [../import_files/import_files/2D_idct.cpp:196]   --->   Operation 2447 'select' 'select_ln196_13' <Predicate = true> <Delay = 0.00> <CoreInst = "Sel">   --->   Core 73 'Sel' <Latency = 0> <II = 1> <Delay = 0.99> <FuncUnit> <Opcode : 'select'> <InPorts = 3> <OutPorts = 1>
ST_44 : Operation 2448 [1/1] (1.24ns) (out node of the LUT)   --->   "%select_ln196_5 = select i1 %or_ln196_5, i8 %select_ln196_13, i8 %trunc_ln196_5" [../import_files/import_files/2D_idct.cpp:196]   --->   Operation 2448 'select' 'select_ln196_5' <Predicate = true> <Delay = 1.24> <CoreInst = "Sel">   --->   Core 73 'Sel' <Latency = 0> <II = 1> <Delay = 1.24> <FuncUnit> <Opcode : 'select'> <InPorts = 3> <OutPorts = 1>
ST_44 : Operation 2449 [1/1] (0.00ns) (grouped into LUT with out node select_ln197_5)   --->   "%trunc_ln197_5 = partselect i8 @_ssdm_op_PartSelect.i8.i32.i32.i32, i32 %sub_ln197_5, i32 18, i32 25" [../import_files/import_files/2D_idct.cpp:197]   --->   Operation 2449 'partselect' 'trunc_ln197_5' <Predicate = true> <Delay = 0.00>
ST_44 : Operation 2450 [1/1] (0.00ns)   --->   "%tmp_101 = bitselect i1 @_ssdm_op_BitSelect.i1.i32.i32, i32 %sub_ln197_5, i32 31" [../import_files/import_files/2D_idct.cpp:197]   --->   Operation 2450 'bitselect' 'tmp_101' <Predicate = true> <Delay = 0.00>
ST_44 : Operation 2451 [1/1] (0.00ns)   --->   "%tmp_102 = partselect i6 @_ssdm_op_PartSelect.i6.i32.i32.i32, i32 %sub_ln197_5, i32 26, i32 31" [../import_files/import_files/2D_idct.cpp:197]   --->   Operation 2451 'partselect' 'tmp_102' <Predicate = true> <Delay = 0.00>
ST_44 : Operation 2452 [1/1] (1.42ns)   --->   "%icmp_ln197_5 = icmp_sgt  i6 %tmp_102, i6 0" [../import_files/import_files/2D_idct.cpp:197]   --->   Operation 2452 'icmp' 'icmp_ln197_5' <Predicate = true> <Delay = 1.42> <CoreInst = "Cmp">   --->   Core 9 'Cmp' <Latency = 0> <II = 1> <Delay = 1.42> <FuncUnit> <Opcode : 'icmp'> <InPorts = 2> <OutPorts = 1>
ST_44 : Operation 2453 [1/1] (0.00ns) (grouped into LUT with out node select_ln197_5)   --->   "%or_ln197_5 = or i1 %tmp_101, i1 %icmp_ln197_5" [../import_files/import_files/2D_idct.cpp:197]   --->   Operation 2453 'or' 'or_ln197_5' <Predicate = true> <Delay = 0.00> <CoreInst = "LogicGate">   --->   Core 74 'LogicGate' <Latency = 0> <II = 1> <Delay = 0.97> <FuncUnit> <Opcode : 'and' 'or' 'xor'> <InPorts = 2> <OutPorts = 1>
ST_44 : Operation 2454 [1/1] (0.00ns) (grouped into LUT with out node select_ln197_5)   --->   "%xor_ln197_5 = xor i1 %tmp_101, i1 1" [../import_files/import_files/2D_idct.cpp:197]   --->   Operation 2454 'xor' 'xor_ln197_5' <Predicate = true> <Delay = 0.00> <CoreInst = "LogicGate">   --->   Core 74 'LogicGate' <Latency = 0> <II = 1> <Delay = 0.97> <FuncUnit> <Opcode : 'and' 'or' 'xor'> <InPorts = 2> <OutPorts = 1>
ST_44 : Operation 2455 [1/1] (0.00ns) (grouped into LUT with out node select_ln197_5)   --->   "%select_ln197_13 = select i1 %xor_ln197_5, i8 255, i8 0" [../import_files/import_files/2D_idct.cpp:197]   --->   Operation 2455 'select' 'select_ln197_13' <Predicate = true> <Delay = 0.00> <CoreInst = "Sel">   --->   Core 73 'Sel' <Latency = 0> <II = 1> <Delay = 0.99> <FuncUnit> <Opcode : 'select'> <InPorts = 3> <OutPorts = 1>
ST_44 : Operation 2456 [1/1] (1.24ns) (out node of the LUT)   --->   "%select_ln197_5 = select i1 %or_ln197_5, i8 %select_ln197_13, i8 %trunc_ln197_5" [../import_files/import_files/2D_idct.cpp:197]   --->   Operation 2456 'select' 'select_ln197_5' <Predicate = true> <Delay = 1.24> <CoreInst = "Sel">   --->   Core 73 'Sel' <Latency = 0> <II = 1> <Delay = 1.24> <FuncUnit> <Opcode : 'select'> <InPorts = 3> <OutPorts = 1>
ST_44 : Operation 2457 [1/1] (2.55ns)   --->   "%sub_ln197_6 = sub i32 %add_ln190_12, i32 %tmp3_57" [../import_files/import_files/2D_idct.cpp:197]   --->   Operation 2457 'sub' 'sub_ln197_6' <Predicate = true> <Delay = 2.55> <CoreInst = "Adder">   --->   Core 1 'Adder' <Latency = 0> <II = 1> <Delay = 2.55> <FuncUnit> <Opcode : 'add' 'sub'> <InPorts = 2> <OutPorts = 1>
ST_44 : Operation 2458 [1/1] (2.55ns)   --->   "%add_ln190_13 = add i32 %tmp3_57, i32 %add_ln190_12" [../import_files/import_files/2D_idct.cpp:190]   --->   Operation 2458 'add' 'add_ln190_13' <Predicate = true> <Delay = 2.55> <CoreInst = "Adder">   --->   Core 1 'Adder' <Latency = 0> <II = 1> <Delay = 2.55> <FuncUnit> <Opcode : 'add' 'sub'> <InPorts = 2> <OutPorts = 1>
ST_44 : Operation 2459 [1/1] (0.00ns) (grouped into LUT with out node select_ln190_6)   --->   "%trunc_ln190_6 = partselect i8 @_ssdm_op_PartSelect.i8.i32.i32.i32, i32 %add_ln190_13, i32 18, i32 25" [../import_files/import_files/2D_idct.cpp:190]   --->   Operation 2459 'partselect' 'trunc_ln190_6' <Predicate = true> <Delay = 0.00>
ST_44 : Operation 2460 [1/1] (0.00ns)   --->   "%tmp_103 = bitselect i1 @_ssdm_op_BitSelect.i1.i32.i32, i32 %add_ln190_13, i32 31" [../import_files/import_files/2D_idct.cpp:190]   --->   Operation 2460 'bitselect' 'tmp_103' <Predicate = true> <Delay = 0.00>
ST_44 : Operation 2461 [1/1] (0.00ns)   --->   "%tmp_104 = partselect i6 @_ssdm_op_PartSelect.i6.i32.i32.i32, i32 %add_ln190_13, i32 26, i32 31" [../import_files/import_files/2D_idct.cpp:190]   --->   Operation 2461 'partselect' 'tmp_104' <Predicate = true> <Delay = 0.00>
ST_44 : Operation 2462 [1/1] (1.42ns)   --->   "%icmp_ln190_6 = icmp_sgt  i6 %tmp_104, i6 0" [../import_files/import_files/2D_idct.cpp:190]   --->   Operation 2462 'icmp' 'icmp_ln190_6' <Predicate = true> <Delay = 1.42> <CoreInst = "Cmp">   --->   Core 9 'Cmp' <Latency = 0> <II = 1> <Delay = 1.42> <FuncUnit> <Opcode : 'icmp'> <InPorts = 2> <OutPorts = 1>
ST_44 : Operation 2463 [1/1] (0.00ns) (grouped into LUT with out node select_ln190_6)   --->   "%or_ln190_6 = or i1 %tmp_103, i1 %icmp_ln190_6" [../import_files/import_files/2D_idct.cpp:190]   --->   Operation 2463 'or' 'or_ln190_6' <Predicate = true> <Delay = 0.00> <CoreInst = "LogicGate">   --->   Core 74 'LogicGate' <Latency = 0> <II = 1> <Delay = 0.97> <FuncUnit> <Opcode : 'and' 'or' 'xor'> <InPorts = 2> <OutPorts = 1>
ST_44 : Operation 2464 [1/1] (0.00ns) (grouped into LUT with out node select_ln190_6)   --->   "%xor_ln190_6 = xor i1 %tmp_103, i1 1" [../import_files/import_files/2D_idct.cpp:190]   --->   Operation 2464 'xor' 'xor_ln190_6' <Predicate = true> <Delay = 0.00> <CoreInst = "LogicGate">   --->   Core 74 'LogicGate' <Latency = 0> <II = 1> <Delay = 0.97> <FuncUnit> <Opcode : 'and' 'or' 'xor'> <InPorts = 2> <OutPorts = 1>
ST_44 : Operation 2465 [1/1] (0.00ns) (grouped into LUT with out node select_ln190_6)   --->   "%select_ln190_14 = select i1 %xor_ln190_6, i8 255, i8 0" [../import_files/import_files/2D_idct.cpp:190]   --->   Operation 2465 'select' 'select_ln190_14' <Predicate = true> <Delay = 0.00> <CoreInst = "Sel">   --->   Core 73 'Sel' <Latency = 0> <II = 1> <Delay = 0.99> <FuncUnit> <Opcode : 'select'> <InPorts = 3> <OutPorts = 1>
ST_44 : Operation 2466 [1/1] (1.24ns) (out node of the LUT)   --->   "%select_ln190_6 = select i1 %or_ln190_6, i8 %select_ln190_14, i8 %trunc_ln190_6" [../import_files/import_files/2D_idct.cpp:190]   --->   Operation 2466 'select' 'select_ln190_6' <Predicate = true> <Delay = 1.24> <CoreInst = "Sel">   --->   Core 73 'Sel' <Latency = 0> <II = 1> <Delay = 1.24> <FuncUnit> <Opcode : 'select'> <InPorts = 3> <OutPorts = 1>
ST_44 : Operation 2467 [1/1] (2.55ns)   --->   "%sub_ln196_6 = sub i32 %add_ln191_12, i32 %tmp2_57" [../import_files/import_files/2D_idct.cpp:196]   --->   Operation 2467 'sub' 'sub_ln196_6' <Predicate = true> <Delay = 2.55> <CoreInst = "Adder">   --->   Core 1 'Adder' <Latency = 0> <II = 1> <Delay = 2.55> <FuncUnit> <Opcode : 'add' 'sub'> <InPorts = 2> <OutPorts = 1>
ST_44 : Operation 2468 [1/1] (2.55ns)   --->   "%add_ln191_13 = add i32 %tmp2_57, i32 %add_ln191_12" [../import_files/import_files/2D_idct.cpp:191]   --->   Operation 2468 'add' 'add_ln191_13' <Predicate = true> <Delay = 2.55> <CoreInst = "Adder">   --->   Core 1 'Adder' <Latency = 0> <II = 1> <Delay = 2.55> <FuncUnit> <Opcode : 'add' 'sub'> <InPorts = 2> <OutPorts = 1>
ST_44 : Operation 2469 [1/1] (0.00ns) (grouped into LUT with out node select_ln191_6)   --->   "%trunc_ln191_6 = partselect i8 @_ssdm_op_PartSelect.i8.i32.i32.i32, i32 %add_ln191_13, i32 18, i32 25" [../import_files/import_files/2D_idct.cpp:191]   --->   Operation 2469 'partselect' 'trunc_ln191_6' <Predicate = true> <Delay = 0.00>
ST_44 : Operation 2470 [1/1] (0.00ns)   --->   "%tmp_105 = bitselect i1 @_ssdm_op_BitSelect.i1.i32.i32, i32 %add_ln191_13, i32 31" [../import_files/import_files/2D_idct.cpp:191]   --->   Operation 2470 'bitselect' 'tmp_105' <Predicate = true> <Delay = 0.00>
ST_44 : Operation 2471 [1/1] (0.00ns)   --->   "%tmp_106 = partselect i6 @_ssdm_op_PartSelect.i6.i32.i32.i32, i32 %add_ln191_13, i32 26, i32 31" [../import_files/import_files/2D_idct.cpp:191]   --->   Operation 2471 'partselect' 'tmp_106' <Predicate = true> <Delay = 0.00>
ST_44 : Operation 2472 [1/1] (1.42ns)   --->   "%icmp_ln191_6 = icmp_sgt  i6 %tmp_106, i6 0" [../import_files/import_files/2D_idct.cpp:191]   --->   Operation 2472 'icmp' 'icmp_ln191_6' <Predicate = true> <Delay = 1.42> <CoreInst = "Cmp">   --->   Core 9 'Cmp' <Latency = 0> <II = 1> <Delay = 1.42> <FuncUnit> <Opcode : 'icmp'> <InPorts = 2> <OutPorts = 1>
ST_44 : Operation 2473 [1/1] (0.00ns) (grouped into LUT with out node select_ln191_6)   --->   "%or_ln191_6 = or i1 %tmp_105, i1 %icmp_ln191_6" [../import_files/import_files/2D_idct.cpp:191]   --->   Operation 2473 'or' 'or_ln191_6' <Predicate = true> <Delay = 0.00> <CoreInst = "LogicGate">   --->   Core 74 'LogicGate' <Latency = 0> <II = 1> <Delay = 0.97> <FuncUnit> <Opcode : 'and' 'or' 'xor'> <InPorts = 2> <OutPorts = 1>
ST_44 : Operation 2474 [1/1] (0.00ns) (grouped into LUT with out node select_ln191_6)   --->   "%xor_ln191_6 = xor i1 %tmp_105, i1 1" [../import_files/import_files/2D_idct.cpp:191]   --->   Operation 2474 'xor' 'xor_ln191_6' <Predicate = true> <Delay = 0.00> <CoreInst = "LogicGate">   --->   Core 74 'LogicGate' <Latency = 0> <II = 1> <Delay = 0.97> <FuncUnit> <Opcode : 'and' 'or' 'xor'> <InPorts = 2> <OutPorts = 1>
ST_44 : Operation 2475 [1/1] (0.00ns) (grouped into LUT with out node select_ln191_6)   --->   "%select_ln191_14 = select i1 %xor_ln191_6, i8 255, i8 0" [../import_files/import_files/2D_idct.cpp:191]   --->   Operation 2475 'select' 'select_ln191_14' <Predicate = true> <Delay = 0.00> <CoreInst = "Sel">   --->   Core 73 'Sel' <Latency = 0> <II = 1> <Delay = 0.99> <FuncUnit> <Opcode : 'select'> <InPorts = 3> <OutPorts = 1>
ST_44 : Operation 2476 [1/1] (1.24ns) (out node of the LUT)   --->   "%select_ln191_6 = select i1 %or_ln191_6, i8 %select_ln191_14, i8 %trunc_ln191_6" [../import_files/import_files/2D_idct.cpp:191]   --->   Operation 2476 'select' 'select_ln191_6' <Predicate = true> <Delay = 1.24> <CoreInst = "Sel">   --->   Core 73 'Sel' <Latency = 0> <II = 1> <Delay = 1.24> <FuncUnit> <Opcode : 'select'> <InPorts = 3> <OutPorts = 1>
ST_44 : Operation 2477 [1/1] (2.55ns)   --->   "%sub_ln195_6 = sub i32 %add_ln192_12, i32 %tmp1_57" [../import_files/import_files/2D_idct.cpp:195]   --->   Operation 2477 'sub' 'sub_ln195_6' <Predicate = true> <Delay = 2.55> <CoreInst = "Adder">   --->   Core 1 'Adder' <Latency = 0> <II = 1> <Delay = 2.55> <FuncUnit> <Opcode : 'add' 'sub'> <InPorts = 2> <OutPorts = 1>
ST_44 : Operation 2478 [1/1] (2.55ns)   --->   "%add_ln192_13 = add i32 %tmp1_57, i32 %add_ln192_12" [../import_files/import_files/2D_idct.cpp:192]   --->   Operation 2478 'add' 'add_ln192_13' <Predicate = true> <Delay = 2.55> <CoreInst = "Adder">   --->   Core 1 'Adder' <Latency = 0> <II = 1> <Delay = 2.55> <FuncUnit> <Opcode : 'add' 'sub'> <InPorts = 2> <OutPorts = 1>
ST_44 : Operation 2479 [1/1] (0.00ns) (grouped into LUT with out node select_ln192_6)   --->   "%trunc_ln192_6 = partselect i8 @_ssdm_op_PartSelect.i8.i32.i32.i32, i32 %add_ln192_13, i32 18, i32 25" [../import_files/import_files/2D_idct.cpp:192]   --->   Operation 2479 'partselect' 'trunc_ln192_6' <Predicate = true> <Delay = 0.00>
ST_44 : Operation 2480 [1/1] (0.00ns)   --->   "%tmp_107 = bitselect i1 @_ssdm_op_BitSelect.i1.i32.i32, i32 %add_ln192_13, i32 31" [../import_files/import_files/2D_idct.cpp:192]   --->   Operation 2480 'bitselect' 'tmp_107' <Predicate = true> <Delay = 0.00>
ST_44 : Operation 2481 [1/1] (0.00ns)   --->   "%tmp_108 = partselect i6 @_ssdm_op_PartSelect.i6.i32.i32.i32, i32 %add_ln192_13, i32 26, i32 31" [../import_files/import_files/2D_idct.cpp:192]   --->   Operation 2481 'partselect' 'tmp_108' <Predicate = true> <Delay = 0.00>
ST_44 : Operation 2482 [1/1] (1.42ns)   --->   "%icmp_ln192_6 = icmp_sgt  i6 %tmp_108, i6 0" [../import_files/import_files/2D_idct.cpp:192]   --->   Operation 2482 'icmp' 'icmp_ln192_6' <Predicate = true> <Delay = 1.42> <CoreInst = "Cmp">   --->   Core 9 'Cmp' <Latency = 0> <II = 1> <Delay = 1.42> <FuncUnit> <Opcode : 'icmp'> <InPorts = 2> <OutPorts = 1>
ST_44 : Operation 2483 [1/1] (0.00ns) (grouped into LUT with out node select_ln192_6)   --->   "%or_ln192_6 = or i1 %tmp_107, i1 %icmp_ln192_6" [../import_files/import_files/2D_idct.cpp:192]   --->   Operation 2483 'or' 'or_ln192_6' <Predicate = true> <Delay = 0.00> <CoreInst = "LogicGate">   --->   Core 74 'LogicGate' <Latency = 0> <II = 1> <Delay = 0.97> <FuncUnit> <Opcode : 'and' 'or' 'xor'> <InPorts = 2> <OutPorts = 1>
ST_44 : Operation 2484 [1/1] (0.00ns) (grouped into LUT with out node select_ln192_6)   --->   "%xor_ln192_6 = xor i1 %tmp_107, i1 1" [../import_files/import_files/2D_idct.cpp:192]   --->   Operation 2484 'xor' 'xor_ln192_6' <Predicate = true> <Delay = 0.00> <CoreInst = "LogicGate">   --->   Core 74 'LogicGate' <Latency = 0> <II = 1> <Delay = 0.97> <FuncUnit> <Opcode : 'and' 'or' 'xor'> <InPorts = 2> <OutPorts = 1>
ST_44 : Operation 2485 [1/1] (0.00ns) (grouped into LUT with out node select_ln192_6)   --->   "%select_ln192_14 = select i1 %xor_ln192_6, i8 255, i8 0" [../import_files/import_files/2D_idct.cpp:192]   --->   Operation 2485 'select' 'select_ln192_14' <Predicate = true> <Delay = 0.00> <CoreInst = "Sel">   --->   Core 73 'Sel' <Latency = 0> <II = 1> <Delay = 0.99> <FuncUnit> <Opcode : 'select'> <InPorts = 3> <OutPorts = 1>
ST_44 : Operation 2486 [1/1] (1.24ns) (out node of the LUT)   --->   "%select_ln192_6 = select i1 %or_ln192_6, i8 %select_ln192_14, i8 %trunc_ln192_6" [../import_files/import_files/2D_idct.cpp:192]   --->   Operation 2486 'select' 'select_ln192_6' <Predicate = true> <Delay = 1.24> <CoreInst = "Sel">   --->   Core 73 'Sel' <Latency = 0> <II = 1> <Delay = 1.24> <FuncUnit> <Opcode : 'select'> <InPorts = 3> <OutPorts = 1>
ST_44 : Operation 2487 [1/1] (2.55ns)   --->   "%sub_ln194_6 = sub i32 %add_ln193_12, i32 %tmp0_59" [../import_files/import_files/2D_idct.cpp:194]   --->   Operation 2487 'sub' 'sub_ln194_6' <Predicate = true> <Delay = 2.55> <CoreInst = "Adder">   --->   Core 1 'Adder' <Latency = 0> <II = 1> <Delay = 2.55> <FuncUnit> <Opcode : 'add' 'sub'> <InPorts = 2> <OutPorts = 1>
ST_44 : Operation 2488 [1/1] (2.55ns)   --->   "%add_ln193_13 = add i32 %tmp0_59, i32 %add_ln193_12" [../import_files/import_files/2D_idct.cpp:193]   --->   Operation 2488 'add' 'add_ln193_13' <Predicate = true> <Delay = 2.55> <CoreInst = "Adder">   --->   Core 1 'Adder' <Latency = 0> <II = 1> <Delay = 2.55> <FuncUnit> <Opcode : 'add' 'sub'> <InPorts = 2> <OutPorts = 1>
ST_44 : Operation 2489 [1/1] (0.00ns) (grouped into LUT with out node select_ln193_6)   --->   "%trunc_ln193_6 = partselect i8 @_ssdm_op_PartSelect.i8.i32.i32.i32, i32 %add_ln193_13, i32 18, i32 25" [../import_files/import_files/2D_idct.cpp:193]   --->   Operation 2489 'partselect' 'trunc_ln193_6' <Predicate = true> <Delay = 0.00>
ST_44 : Operation 2490 [1/1] (0.00ns)   --->   "%tmp_109 = bitselect i1 @_ssdm_op_BitSelect.i1.i32.i32, i32 %add_ln193_13, i32 31" [../import_files/import_files/2D_idct.cpp:193]   --->   Operation 2490 'bitselect' 'tmp_109' <Predicate = true> <Delay = 0.00>
ST_44 : Operation 2491 [1/1] (0.00ns)   --->   "%tmp_110 = partselect i6 @_ssdm_op_PartSelect.i6.i32.i32.i32, i32 %add_ln193_13, i32 26, i32 31" [../import_files/import_files/2D_idct.cpp:193]   --->   Operation 2491 'partselect' 'tmp_110' <Predicate = true> <Delay = 0.00>
ST_44 : Operation 2492 [1/1] (1.42ns)   --->   "%icmp_ln193_6 = icmp_sgt  i6 %tmp_110, i6 0" [../import_files/import_files/2D_idct.cpp:193]   --->   Operation 2492 'icmp' 'icmp_ln193_6' <Predicate = true> <Delay = 1.42> <CoreInst = "Cmp">   --->   Core 9 'Cmp' <Latency = 0> <II = 1> <Delay = 1.42> <FuncUnit> <Opcode : 'icmp'> <InPorts = 2> <OutPorts = 1>
ST_44 : Operation 2493 [1/1] (0.00ns) (grouped into LUT with out node select_ln193_6)   --->   "%or_ln193_6 = or i1 %tmp_109, i1 %icmp_ln193_6" [../import_files/import_files/2D_idct.cpp:193]   --->   Operation 2493 'or' 'or_ln193_6' <Predicate = true> <Delay = 0.00> <CoreInst = "LogicGate">   --->   Core 74 'LogicGate' <Latency = 0> <II = 1> <Delay = 0.97> <FuncUnit> <Opcode : 'and' 'or' 'xor'> <InPorts = 2> <OutPorts = 1>
ST_44 : Operation 2494 [1/1] (0.00ns) (grouped into LUT with out node select_ln193_6)   --->   "%xor_ln193_6 = xor i1 %tmp_109, i1 1" [../import_files/import_files/2D_idct.cpp:193]   --->   Operation 2494 'xor' 'xor_ln193_6' <Predicate = true> <Delay = 0.00> <CoreInst = "LogicGate">   --->   Core 74 'LogicGate' <Latency = 0> <II = 1> <Delay = 0.97> <FuncUnit> <Opcode : 'and' 'or' 'xor'> <InPorts = 2> <OutPorts = 1>
ST_44 : Operation 2495 [1/1] (0.00ns) (grouped into LUT with out node select_ln193_6)   --->   "%select_ln193_14 = select i1 %xor_ln193_6, i8 255, i8 0" [../import_files/import_files/2D_idct.cpp:193]   --->   Operation 2495 'select' 'select_ln193_14' <Predicate = true> <Delay = 0.00> <CoreInst = "Sel">   --->   Core 73 'Sel' <Latency = 0> <II = 1> <Delay = 0.99> <FuncUnit> <Opcode : 'select'> <InPorts = 3> <OutPorts = 1>
ST_44 : Operation 2496 [1/1] (1.24ns) (out node of the LUT)   --->   "%select_ln193_6 = select i1 %or_ln193_6, i8 %select_ln193_14, i8 %trunc_ln193_6" [../import_files/import_files/2D_idct.cpp:193]   --->   Operation 2496 'select' 'select_ln193_6' <Predicate = true> <Delay = 1.24> <CoreInst = "Sel">   --->   Core 73 'Sel' <Latency = 0> <II = 1> <Delay = 1.24> <FuncUnit> <Opcode : 'select'> <InPorts = 3> <OutPorts = 1>
ST_44 : Operation 2497 [1/1] (0.00ns) (grouped into LUT with out node select_ln194_6)   --->   "%trunc_ln194_6 = partselect i8 @_ssdm_op_PartSelect.i8.i32.i32.i32, i32 %sub_ln194_6, i32 18, i32 25" [../import_files/import_files/2D_idct.cpp:194]   --->   Operation 2497 'partselect' 'trunc_ln194_6' <Predicate = true> <Delay = 0.00>
ST_44 : Operation 2498 [1/1] (0.00ns)   --->   "%tmp_111 = bitselect i1 @_ssdm_op_BitSelect.i1.i32.i32, i32 %sub_ln194_6, i32 31" [../import_files/import_files/2D_idct.cpp:194]   --->   Operation 2498 'bitselect' 'tmp_111' <Predicate = true> <Delay = 0.00>
ST_44 : Operation 2499 [1/1] (0.00ns)   --->   "%tmp_112 = partselect i6 @_ssdm_op_PartSelect.i6.i32.i32.i32, i32 %sub_ln194_6, i32 26, i32 31" [../import_files/import_files/2D_idct.cpp:194]   --->   Operation 2499 'partselect' 'tmp_112' <Predicate = true> <Delay = 0.00>
ST_44 : Operation 2500 [1/1] (1.42ns)   --->   "%icmp_ln194_6 = icmp_sgt  i6 %tmp_112, i6 0" [../import_files/import_files/2D_idct.cpp:194]   --->   Operation 2500 'icmp' 'icmp_ln194_6' <Predicate = true> <Delay = 1.42> <CoreInst = "Cmp">   --->   Core 9 'Cmp' <Latency = 0> <II = 1> <Delay = 1.42> <FuncUnit> <Opcode : 'icmp'> <InPorts = 2> <OutPorts = 1>
ST_44 : Operation 2501 [1/1] (0.00ns) (grouped into LUT with out node select_ln194_6)   --->   "%or_ln194_6 = or i1 %tmp_111, i1 %icmp_ln194_6" [../import_files/import_files/2D_idct.cpp:194]   --->   Operation 2501 'or' 'or_ln194_6' <Predicate = true> <Delay = 0.00> <CoreInst = "LogicGate">   --->   Core 74 'LogicGate' <Latency = 0> <II = 1> <Delay = 0.97> <FuncUnit> <Opcode : 'and' 'or' 'xor'> <InPorts = 2> <OutPorts = 1>
ST_44 : Operation 2502 [1/1] (0.00ns) (grouped into LUT with out node select_ln194_6)   --->   "%xor_ln194_6 = xor i1 %tmp_111, i1 1" [../import_files/import_files/2D_idct.cpp:194]   --->   Operation 2502 'xor' 'xor_ln194_6' <Predicate = true> <Delay = 0.00> <CoreInst = "LogicGate">   --->   Core 74 'LogicGate' <Latency = 0> <II = 1> <Delay = 0.97> <FuncUnit> <Opcode : 'and' 'or' 'xor'> <InPorts = 2> <OutPorts = 1>
ST_44 : Operation 2503 [1/1] (0.00ns) (grouped into LUT with out node select_ln194_6)   --->   "%select_ln194_14 = select i1 %xor_ln194_6, i8 255, i8 0" [../import_files/import_files/2D_idct.cpp:194]   --->   Operation 2503 'select' 'select_ln194_14' <Predicate = true> <Delay = 0.00> <CoreInst = "Sel">   --->   Core 73 'Sel' <Latency = 0> <II = 1> <Delay = 0.99> <FuncUnit> <Opcode : 'select'> <InPorts = 3> <OutPorts = 1>
ST_44 : Operation 2504 [1/1] (1.24ns) (out node of the LUT)   --->   "%select_ln194_6 = select i1 %or_ln194_6, i8 %select_ln194_14, i8 %trunc_ln194_6" [../import_files/import_files/2D_idct.cpp:194]   --->   Operation 2504 'select' 'select_ln194_6' <Predicate = true> <Delay = 1.24> <CoreInst = "Sel">   --->   Core 73 'Sel' <Latency = 0> <II = 1> <Delay = 1.24> <FuncUnit> <Opcode : 'select'> <InPorts = 3> <OutPorts = 1>
ST_44 : Operation 2505 [1/1] (0.00ns) (grouped into LUT with out node select_ln195_6)   --->   "%trunc_ln195_6 = partselect i8 @_ssdm_op_PartSelect.i8.i32.i32.i32, i32 %sub_ln195_6, i32 18, i32 25" [../import_files/import_files/2D_idct.cpp:195]   --->   Operation 2505 'partselect' 'trunc_ln195_6' <Predicate = true> <Delay = 0.00>
ST_44 : Operation 2506 [1/1] (0.00ns)   --->   "%tmp_113 = bitselect i1 @_ssdm_op_BitSelect.i1.i32.i32, i32 %sub_ln195_6, i32 31" [../import_files/import_files/2D_idct.cpp:195]   --->   Operation 2506 'bitselect' 'tmp_113' <Predicate = true> <Delay = 0.00>
ST_44 : Operation 2507 [1/1] (0.00ns)   --->   "%tmp_114 = partselect i6 @_ssdm_op_PartSelect.i6.i32.i32.i32, i32 %sub_ln195_6, i32 26, i32 31" [../import_files/import_files/2D_idct.cpp:195]   --->   Operation 2507 'partselect' 'tmp_114' <Predicate = true> <Delay = 0.00>
ST_44 : Operation 2508 [1/1] (1.42ns)   --->   "%icmp_ln195_6 = icmp_sgt  i6 %tmp_114, i6 0" [../import_files/import_files/2D_idct.cpp:195]   --->   Operation 2508 'icmp' 'icmp_ln195_6' <Predicate = true> <Delay = 1.42> <CoreInst = "Cmp">   --->   Core 9 'Cmp' <Latency = 0> <II = 1> <Delay = 1.42> <FuncUnit> <Opcode : 'icmp'> <InPorts = 2> <OutPorts = 1>
ST_44 : Operation 2509 [1/1] (0.00ns) (grouped into LUT with out node select_ln195_6)   --->   "%or_ln195_6 = or i1 %tmp_113, i1 %icmp_ln195_6" [../import_files/import_files/2D_idct.cpp:195]   --->   Operation 2509 'or' 'or_ln195_6' <Predicate = true> <Delay = 0.00> <CoreInst = "LogicGate">   --->   Core 74 'LogicGate' <Latency = 0> <II = 1> <Delay = 0.97> <FuncUnit> <Opcode : 'and' 'or' 'xor'> <InPorts = 2> <OutPorts = 1>
ST_44 : Operation 2510 [1/1] (0.00ns) (grouped into LUT with out node select_ln195_6)   --->   "%xor_ln195_6 = xor i1 %tmp_113, i1 1" [../import_files/import_files/2D_idct.cpp:195]   --->   Operation 2510 'xor' 'xor_ln195_6' <Predicate = true> <Delay = 0.00> <CoreInst = "LogicGate">   --->   Core 74 'LogicGate' <Latency = 0> <II = 1> <Delay = 0.97> <FuncUnit> <Opcode : 'and' 'or' 'xor'> <InPorts = 2> <OutPorts = 1>
ST_44 : Operation 2511 [1/1] (0.00ns) (grouped into LUT with out node select_ln195_6)   --->   "%select_ln195_14 = select i1 %xor_ln195_6, i8 255, i8 0" [../import_files/import_files/2D_idct.cpp:195]   --->   Operation 2511 'select' 'select_ln195_14' <Predicate = true> <Delay = 0.00> <CoreInst = "Sel">   --->   Core 73 'Sel' <Latency = 0> <II = 1> <Delay = 0.99> <FuncUnit> <Opcode : 'select'> <InPorts = 3> <OutPorts = 1>
ST_44 : Operation 2512 [1/1] (1.24ns) (out node of the LUT)   --->   "%select_ln195_6 = select i1 %or_ln195_6, i8 %select_ln195_14, i8 %trunc_ln195_6" [../import_files/import_files/2D_idct.cpp:195]   --->   Operation 2512 'select' 'select_ln195_6' <Predicate = true> <Delay = 1.24> <CoreInst = "Sel">   --->   Core 73 'Sel' <Latency = 0> <II = 1> <Delay = 1.24> <FuncUnit> <Opcode : 'select'> <InPorts = 3> <OutPorts = 1>
ST_44 : Operation 2513 [1/1] (0.00ns) (grouped into LUT with out node select_ln196_6)   --->   "%trunc_ln196_6 = partselect i8 @_ssdm_op_PartSelect.i8.i32.i32.i32, i32 %sub_ln196_6, i32 18, i32 25" [../import_files/import_files/2D_idct.cpp:196]   --->   Operation 2513 'partselect' 'trunc_ln196_6' <Predicate = true> <Delay = 0.00>
ST_44 : Operation 2514 [1/1] (0.00ns)   --->   "%tmp_115 = bitselect i1 @_ssdm_op_BitSelect.i1.i32.i32, i32 %sub_ln196_6, i32 31" [../import_files/import_files/2D_idct.cpp:196]   --->   Operation 2514 'bitselect' 'tmp_115' <Predicate = true> <Delay = 0.00>
ST_44 : Operation 2515 [1/1] (0.00ns)   --->   "%tmp_116 = partselect i6 @_ssdm_op_PartSelect.i6.i32.i32.i32, i32 %sub_ln196_6, i32 26, i32 31" [../import_files/import_files/2D_idct.cpp:196]   --->   Operation 2515 'partselect' 'tmp_116' <Predicate = true> <Delay = 0.00>
ST_44 : Operation 2516 [1/1] (1.42ns)   --->   "%icmp_ln196_6 = icmp_sgt  i6 %tmp_116, i6 0" [../import_files/import_files/2D_idct.cpp:196]   --->   Operation 2516 'icmp' 'icmp_ln196_6' <Predicate = true> <Delay = 1.42> <CoreInst = "Cmp">   --->   Core 9 'Cmp' <Latency = 0> <II = 1> <Delay = 1.42> <FuncUnit> <Opcode : 'icmp'> <InPorts = 2> <OutPorts = 1>
ST_44 : Operation 2517 [1/1] (0.00ns) (grouped into LUT with out node select_ln196_6)   --->   "%or_ln196_6 = or i1 %tmp_115, i1 %icmp_ln196_6" [../import_files/import_files/2D_idct.cpp:196]   --->   Operation 2517 'or' 'or_ln196_6' <Predicate = true> <Delay = 0.00> <CoreInst = "LogicGate">   --->   Core 74 'LogicGate' <Latency = 0> <II = 1> <Delay = 0.97> <FuncUnit> <Opcode : 'and' 'or' 'xor'> <InPorts = 2> <OutPorts = 1>
ST_44 : Operation 2518 [1/1] (0.00ns) (grouped into LUT with out node select_ln196_6)   --->   "%xor_ln196_6 = xor i1 %tmp_115, i1 1" [../import_files/import_files/2D_idct.cpp:196]   --->   Operation 2518 'xor' 'xor_ln196_6' <Predicate = true> <Delay = 0.00> <CoreInst = "LogicGate">   --->   Core 74 'LogicGate' <Latency = 0> <II = 1> <Delay = 0.97> <FuncUnit> <Opcode : 'and' 'or' 'xor'> <InPorts = 2> <OutPorts = 1>
ST_44 : Operation 2519 [1/1] (0.00ns) (grouped into LUT with out node select_ln196_6)   --->   "%select_ln196_14 = select i1 %xor_ln196_6, i8 255, i8 0" [../import_files/import_files/2D_idct.cpp:196]   --->   Operation 2519 'select' 'select_ln196_14' <Predicate = true> <Delay = 0.00> <CoreInst = "Sel">   --->   Core 73 'Sel' <Latency = 0> <II = 1> <Delay = 0.99> <FuncUnit> <Opcode : 'select'> <InPorts = 3> <OutPorts = 1>
ST_44 : Operation 2520 [1/1] (1.24ns) (out node of the LUT)   --->   "%select_ln196_6 = select i1 %or_ln196_6, i8 %select_ln196_14, i8 %trunc_ln196_6" [../import_files/import_files/2D_idct.cpp:196]   --->   Operation 2520 'select' 'select_ln196_6' <Predicate = true> <Delay = 1.24> <CoreInst = "Sel">   --->   Core 73 'Sel' <Latency = 0> <II = 1> <Delay = 1.24> <FuncUnit> <Opcode : 'select'> <InPorts = 3> <OutPorts = 1>
ST_44 : Operation 2521 [1/1] (0.00ns) (grouped into LUT with out node select_ln197_6)   --->   "%trunc_ln197_6 = partselect i8 @_ssdm_op_PartSelect.i8.i32.i32.i32, i32 %sub_ln197_6, i32 18, i32 25" [../import_files/import_files/2D_idct.cpp:197]   --->   Operation 2521 'partselect' 'trunc_ln197_6' <Predicate = true> <Delay = 0.00>
ST_44 : Operation 2522 [1/1] (0.00ns)   --->   "%tmp_117 = bitselect i1 @_ssdm_op_BitSelect.i1.i32.i32, i32 %sub_ln197_6, i32 31" [../import_files/import_files/2D_idct.cpp:197]   --->   Operation 2522 'bitselect' 'tmp_117' <Predicate = true> <Delay = 0.00>
ST_44 : Operation 2523 [1/1] (0.00ns)   --->   "%tmp_118 = partselect i6 @_ssdm_op_PartSelect.i6.i32.i32.i32, i32 %sub_ln197_6, i32 26, i32 31" [../import_files/import_files/2D_idct.cpp:197]   --->   Operation 2523 'partselect' 'tmp_118' <Predicate = true> <Delay = 0.00>
ST_44 : Operation 2524 [1/1] (1.42ns)   --->   "%icmp_ln197_6 = icmp_sgt  i6 %tmp_118, i6 0" [../import_files/import_files/2D_idct.cpp:197]   --->   Operation 2524 'icmp' 'icmp_ln197_6' <Predicate = true> <Delay = 1.42> <CoreInst = "Cmp">   --->   Core 9 'Cmp' <Latency = 0> <II = 1> <Delay = 1.42> <FuncUnit> <Opcode : 'icmp'> <InPorts = 2> <OutPorts = 1>
ST_44 : Operation 2525 [1/1] (0.00ns) (grouped into LUT with out node select_ln197_6)   --->   "%or_ln197_6 = or i1 %tmp_117, i1 %icmp_ln197_6" [../import_files/import_files/2D_idct.cpp:197]   --->   Operation 2525 'or' 'or_ln197_6' <Predicate = true> <Delay = 0.00> <CoreInst = "LogicGate">   --->   Core 74 'LogicGate' <Latency = 0> <II = 1> <Delay = 0.97> <FuncUnit> <Opcode : 'and' 'or' 'xor'> <InPorts = 2> <OutPorts = 1>
ST_44 : Operation 2526 [1/1] (0.00ns) (grouped into LUT with out node select_ln197_6)   --->   "%xor_ln197_6 = xor i1 %tmp_117, i1 1" [../import_files/import_files/2D_idct.cpp:197]   --->   Operation 2526 'xor' 'xor_ln197_6' <Predicate = true> <Delay = 0.00> <CoreInst = "LogicGate">   --->   Core 74 'LogicGate' <Latency = 0> <II = 1> <Delay = 0.97> <FuncUnit> <Opcode : 'and' 'or' 'xor'> <InPorts = 2> <OutPorts = 1>
ST_44 : Operation 2527 [1/1] (0.00ns) (grouped into LUT with out node select_ln197_6)   --->   "%select_ln197_14 = select i1 %xor_ln197_6, i8 255, i8 0" [../import_files/import_files/2D_idct.cpp:197]   --->   Operation 2527 'select' 'select_ln197_14' <Predicate = true> <Delay = 0.00> <CoreInst = "Sel">   --->   Core 73 'Sel' <Latency = 0> <II = 1> <Delay = 0.99> <FuncUnit> <Opcode : 'select'> <InPorts = 3> <OutPorts = 1>
ST_44 : Operation 2528 [1/1] (1.24ns) (out node of the LUT)   --->   "%select_ln197_6 = select i1 %or_ln197_6, i8 %select_ln197_14, i8 %trunc_ln197_6" [../import_files/import_files/2D_idct.cpp:197]   --->   Operation 2528 'select' 'select_ln197_6' <Predicate = true> <Delay = 1.24> <CoreInst = "Sel">   --->   Core 73 'Sel' <Latency = 0> <II = 1> <Delay = 1.24> <FuncUnit> <Opcode : 'select'> <InPorts = 3> <OutPorts = 1>

State 45 <SV = 44> <Delay = 0.00>
ST_45 : Operation 2529 [1/2] (0.00ns)   --->   "%write_ln206 = write void @_ssdm_op_Write.axis.volatile.i32P128A, i32 %blockout, i32 %p_1" [../import_files/import_files/2D_idct.cpp:206]   --->   Operation 2529 'write' 'write_ln206' <Predicate = true> <Delay = 0.00> <CoreInst = "axis">   --->   Core 115 'axis' <Latency = 0> <II = 1> <Delay = 1.00> <Adapter> <Opcode : >
ST_45 : Operation 2530 [1/1] (0.00ns)   --->   "%p_2 = bitconcatenate i32 @_ssdm_op_BitConcatenate.i32.i8.i8.i8.i8, i8 %select_ln193_1, i8 %select_ln192_1, i8 %select_ln191_1, i8 %select_ln190_1" [../import_files/import_files/2D_idct.cpp:202]   --->   Operation 2530 'bitconcatenate' 'p_2' <Predicate = true> <Delay = 0.00>
ST_45 : Operation 2531 [2/2] (0.00ns)   --->   "%write_ln202 = write void @_ssdm_op_Write.axis.volatile.i32P128A, i32 %blockout, i32 %p_2" [../import_files/import_files/2D_idct.cpp:202]   --->   Operation 2531 'write' 'write_ln202' <Predicate = true> <Delay = 0.00> <CoreInst = "axis">   --->   Core 115 'axis' <Latency = 0> <II = 1> <Delay = 1.00> <Adapter> <Opcode : >

State 46 <SV = 45> <Delay = 0.00>
ST_46 : Operation 2532 [1/2] (0.00ns)   --->   "%write_ln202 = write void @_ssdm_op_Write.axis.volatile.i32P128A, i32 %blockout, i32 %p_2" [../import_files/import_files/2D_idct.cpp:202]   --->   Operation 2532 'write' 'write_ln202' <Predicate = true> <Delay = 0.00> <CoreInst = "axis">   --->   Core 115 'axis' <Latency = 0> <II = 1> <Delay = 1.00> <Adapter> <Opcode : >
ST_46 : Operation 2533 [1/1] (0.00ns)   --->   "%p_3 = bitconcatenate i32 @_ssdm_op_BitConcatenate.i32.i8.i8.i8.i8, i8 %select_ln197_1, i8 %select_ln196_1, i8 %select_ln195_1, i8 %select_ln194_1" [../import_files/import_files/2D_idct.cpp:206]   --->   Operation 2533 'bitconcatenate' 'p_3' <Predicate = true> <Delay = 0.00>
ST_46 : Operation 2534 [2/2] (0.00ns)   --->   "%write_ln206 = write void @_ssdm_op_Write.axis.volatile.i32P128A, i32 %blockout, i32 %p_3" [../import_files/import_files/2D_idct.cpp:206]   --->   Operation 2534 'write' 'write_ln206' <Predicate = true> <Delay = 0.00> <CoreInst = "axis">   --->   Core 115 'axis' <Latency = 0> <II = 1> <Delay = 1.00> <Adapter> <Opcode : >

State 47 <SV = 46> <Delay = 0.00>
ST_47 : Operation 2535 [1/2] (0.00ns)   --->   "%write_ln206 = write void @_ssdm_op_Write.axis.volatile.i32P128A, i32 %blockout, i32 %p_3" [../import_files/import_files/2D_idct.cpp:206]   --->   Operation 2535 'write' 'write_ln206' <Predicate = true> <Delay = 0.00> <CoreInst = "axis">   --->   Core 115 'axis' <Latency = 0> <II = 1> <Delay = 1.00> <Adapter> <Opcode : >
ST_47 : Operation 2536 [1/1] (0.00ns)   --->   "%p_4 = bitconcatenate i32 @_ssdm_op_BitConcatenate.i32.i8.i8.i8.i8, i8 %select_ln193_2, i8 %select_ln192_2, i8 %select_ln191_2, i8 %select_ln190_2" [../import_files/import_files/2D_idct.cpp:202]   --->   Operation 2536 'bitconcatenate' 'p_4' <Predicate = true> <Delay = 0.00>
ST_47 : Operation 2537 [2/2] (0.00ns)   --->   "%write_ln202 = write void @_ssdm_op_Write.axis.volatile.i32P128A, i32 %blockout, i32 %p_4" [../import_files/import_files/2D_idct.cpp:202]   --->   Operation 2537 'write' 'write_ln202' <Predicate = true> <Delay = 0.00> <CoreInst = "axis">   --->   Core 115 'axis' <Latency = 0> <II = 1> <Delay = 1.00> <Adapter> <Opcode : >

State 48 <SV = 47> <Delay = 0.00>
ST_48 : Operation 2538 [1/2] (0.00ns)   --->   "%write_ln202 = write void @_ssdm_op_Write.axis.volatile.i32P128A, i32 %blockout, i32 %p_4" [../import_files/import_files/2D_idct.cpp:202]   --->   Operation 2538 'write' 'write_ln202' <Predicate = true> <Delay = 0.00> <CoreInst = "axis">   --->   Core 115 'axis' <Latency = 0> <II = 1> <Delay = 1.00> <Adapter> <Opcode : >
ST_48 : Operation 2539 [1/1] (0.00ns)   --->   "%p_5 = bitconcatenate i32 @_ssdm_op_BitConcatenate.i32.i8.i8.i8.i8, i8 %select_ln197_2, i8 %select_ln196_2, i8 %select_ln195_2, i8 %select_ln194_2" [../import_files/import_files/2D_idct.cpp:206]   --->   Operation 2539 'bitconcatenate' 'p_5' <Predicate = true> <Delay = 0.00>
ST_48 : Operation 2540 [2/2] (0.00ns)   --->   "%write_ln206 = write void @_ssdm_op_Write.axis.volatile.i32P128A, i32 %blockout, i32 %p_5" [../import_files/import_files/2D_idct.cpp:206]   --->   Operation 2540 'write' 'write_ln206' <Predicate = true> <Delay = 0.00> <CoreInst = "axis">   --->   Core 115 'axis' <Latency = 0> <II = 1> <Delay = 1.00> <Adapter> <Opcode : >

State 49 <SV = 48> <Delay = 0.00>
ST_49 : Operation 2541 [1/2] (0.00ns)   --->   "%write_ln206 = write void @_ssdm_op_Write.axis.volatile.i32P128A, i32 %blockout, i32 %p_5" [../import_files/import_files/2D_idct.cpp:206]   --->   Operation 2541 'write' 'write_ln206' <Predicate = true> <Delay = 0.00> <CoreInst = "axis">   --->   Core 115 'axis' <Latency = 0> <II = 1> <Delay = 1.00> <Adapter> <Opcode : >
ST_49 : Operation 2542 [1/1] (0.00ns)   --->   "%p_6 = bitconcatenate i32 @_ssdm_op_BitConcatenate.i32.i8.i8.i8.i8, i8 %select_ln193_3, i8 %select_ln192_3, i8 %select_ln191_3, i8 %select_ln190_3" [../import_files/import_files/2D_idct.cpp:202]   --->   Operation 2542 'bitconcatenate' 'p_6' <Predicate = true> <Delay = 0.00>
ST_49 : Operation 2543 [2/2] (0.00ns)   --->   "%write_ln202 = write void @_ssdm_op_Write.axis.volatile.i32P128A, i32 %blockout, i32 %p_6" [../import_files/import_files/2D_idct.cpp:202]   --->   Operation 2543 'write' 'write_ln202' <Predicate = true> <Delay = 0.00> <CoreInst = "axis">   --->   Core 115 'axis' <Latency = 0> <II = 1> <Delay = 1.00> <Adapter> <Opcode : >

State 50 <SV = 49> <Delay = 0.00>
ST_50 : Operation 2544 [1/2] (0.00ns)   --->   "%write_ln202 = write void @_ssdm_op_Write.axis.volatile.i32P128A, i32 %blockout, i32 %p_6" [../import_files/import_files/2D_idct.cpp:202]   --->   Operation 2544 'write' 'write_ln202' <Predicate = true> <Delay = 0.00> <CoreInst = "axis">   --->   Core 115 'axis' <Latency = 0> <II = 1> <Delay = 1.00> <Adapter> <Opcode : >
ST_50 : Operation 2545 [1/1] (0.00ns)   --->   "%p_7 = bitconcatenate i32 @_ssdm_op_BitConcatenate.i32.i8.i8.i8.i8, i8 %select_ln197_3, i8 %select_ln196_3, i8 %select_ln195_3, i8 %select_ln194_3" [../import_files/import_files/2D_idct.cpp:206]   --->   Operation 2545 'bitconcatenate' 'p_7' <Predicate = true> <Delay = 0.00>
ST_50 : Operation 2546 [2/2] (0.00ns)   --->   "%write_ln206 = write void @_ssdm_op_Write.axis.volatile.i32P128A, i32 %blockout, i32 %p_7" [../import_files/import_files/2D_idct.cpp:206]   --->   Operation 2546 'write' 'write_ln206' <Predicate = true> <Delay = 0.00> <CoreInst = "axis">   --->   Core 115 'axis' <Latency = 0> <II = 1> <Delay = 1.00> <Adapter> <Opcode : >

State 51 <SV = 50> <Delay = 0.00>
ST_51 : Operation 2547 [1/2] (0.00ns)   --->   "%write_ln206 = write void @_ssdm_op_Write.axis.volatile.i32P128A, i32 %blockout, i32 %p_7" [../import_files/import_files/2D_idct.cpp:206]   --->   Operation 2547 'write' 'write_ln206' <Predicate = true> <Delay = 0.00> <CoreInst = "axis">   --->   Core 115 'axis' <Latency = 0> <II = 1> <Delay = 1.00> <Adapter> <Opcode : >
ST_51 : Operation 2548 [1/1] (0.00ns)   --->   "%p_8 = bitconcatenate i32 @_ssdm_op_BitConcatenate.i32.i8.i8.i8.i8, i8 %select_ln193_4, i8 %select_ln192_4, i8 %select_ln191_4, i8 %select_ln190_4" [../import_files/import_files/2D_idct.cpp:202]   --->   Operation 2548 'bitconcatenate' 'p_8' <Predicate = true> <Delay = 0.00>
ST_51 : Operation 2549 [2/2] (0.00ns)   --->   "%write_ln202 = write void @_ssdm_op_Write.axis.volatile.i32P128A, i32 %blockout, i32 %p_8" [../import_files/import_files/2D_idct.cpp:202]   --->   Operation 2549 'write' 'write_ln202' <Predicate = true> <Delay = 0.00> <CoreInst = "axis">   --->   Core 115 'axis' <Latency = 0> <II = 1> <Delay = 1.00> <Adapter> <Opcode : >

State 52 <SV = 51> <Delay = 0.00>
ST_52 : Operation 2550 [1/2] (0.00ns)   --->   "%write_ln202 = write void @_ssdm_op_Write.axis.volatile.i32P128A, i32 %blockout, i32 %p_8" [../import_files/import_files/2D_idct.cpp:202]   --->   Operation 2550 'write' 'write_ln202' <Predicate = true> <Delay = 0.00> <CoreInst = "axis">   --->   Core 115 'axis' <Latency = 0> <II = 1> <Delay = 1.00> <Adapter> <Opcode : >
ST_52 : Operation 2551 [1/1] (0.00ns)   --->   "%p_9 = bitconcatenate i32 @_ssdm_op_BitConcatenate.i32.i8.i8.i8.i8, i8 %select_ln197_4, i8 %select_ln196_4, i8 %select_ln195_4, i8 %select_ln194_4" [../import_files/import_files/2D_idct.cpp:206]   --->   Operation 2551 'bitconcatenate' 'p_9' <Predicate = true> <Delay = 0.00>
ST_52 : Operation 2552 [2/2] (0.00ns)   --->   "%write_ln206 = write void @_ssdm_op_Write.axis.volatile.i32P128A, i32 %blockout, i32 %p_9" [../import_files/import_files/2D_idct.cpp:206]   --->   Operation 2552 'write' 'write_ln206' <Predicate = true> <Delay = 0.00> <CoreInst = "axis">   --->   Core 115 'axis' <Latency = 0> <II = 1> <Delay = 1.00> <Adapter> <Opcode : >

State 53 <SV = 52> <Delay = 0.00>
ST_53 : Operation 2553 [1/2] (0.00ns)   --->   "%write_ln206 = write void @_ssdm_op_Write.axis.volatile.i32P128A, i32 %blockout, i32 %p_9" [../import_files/import_files/2D_idct.cpp:206]   --->   Operation 2553 'write' 'write_ln206' <Predicate = true> <Delay = 0.00> <CoreInst = "axis">   --->   Core 115 'axis' <Latency = 0> <II = 1> <Delay = 1.00> <Adapter> <Opcode : >
ST_53 : Operation 2554 [1/1] (0.00ns)   --->   "%p_10 = bitconcatenate i32 @_ssdm_op_BitConcatenate.i32.i8.i8.i8.i8, i8 %select_ln193_5, i8 %select_ln192_5, i8 %select_ln191_5, i8 %select_ln190_5" [../import_files/import_files/2D_idct.cpp:202]   --->   Operation 2554 'bitconcatenate' 'p_10' <Predicate = true> <Delay = 0.00>
ST_53 : Operation 2555 [2/2] (0.00ns)   --->   "%write_ln202 = write void @_ssdm_op_Write.axis.volatile.i32P128A, i32 %blockout, i32 %p_10" [../import_files/import_files/2D_idct.cpp:202]   --->   Operation 2555 'write' 'write_ln202' <Predicate = true> <Delay = 0.00> <CoreInst = "axis">   --->   Core 115 'axis' <Latency = 0> <II = 1> <Delay = 1.00> <Adapter> <Opcode : >

State 54 <SV = 53> <Delay = 0.00>
ST_54 : Operation 2556 [1/2] (0.00ns)   --->   "%write_ln202 = write void @_ssdm_op_Write.axis.volatile.i32P128A, i32 %blockout, i32 %p_10" [../import_files/import_files/2D_idct.cpp:202]   --->   Operation 2556 'write' 'write_ln202' <Predicate = true> <Delay = 0.00> <CoreInst = "axis">   --->   Core 115 'axis' <Latency = 0> <II = 1> <Delay = 1.00> <Adapter> <Opcode : >
ST_54 : Operation 2557 [1/1] (0.00ns)   --->   "%p_11 = bitconcatenate i32 @_ssdm_op_BitConcatenate.i32.i8.i8.i8.i8, i8 %select_ln197_5, i8 %select_ln196_5, i8 %select_ln195_5, i8 %select_ln194_5" [../import_files/import_files/2D_idct.cpp:206]   --->   Operation 2557 'bitconcatenate' 'p_11' <Predicate = true> <Delay = 0.00>
ST_54 : Operation 2558 [2/2] (0.00ns)   --->   "%write_ln206 = write void @_ssdm_op_Write.axis.volatile.i32P128A, i32 %blockout, i32 %p_11" [../import_files/import_files/2D_idct.cpp:206]   --->   Operation 2558 'write' 'write_ln206' <Predicate = true> <Delay = 0.00> <CoreInst = "axis">   --->   Core 115 'axis' <Latency = 0> <II = 1> <Delay = 1.00> <Adapter> <Opcode : >

State 55 <SV = 54> <Delay = 0.00>
ST_55 : Operation 2559 [1/2] (0.00ns)   --->   "%write_ln206 = write void @_ssdm_op_Write.axis.volatile.i32P128A, i32 %blockout, i32 %p_11" [../import_files/import_files/2D_idct.cpp:206]   --->   Operation 2559 'write' 'write_ln206' <Predicate = true> <Delay = 0.00> <CoreInst = "axis">   --->   Core 115 'axis' <Latency = 0> <II = 1> <Delay = 1.00> <Adapter> <Opcode : >
ST_55 : Operation 2560 [1/1] (0.00ns)   --->   "%p_12 = bitconcatenate i32 @_ssdm_op_BitConcatenate.i32.i8.i8.i8.i8, i8 %select_ln193_6, i8 %select_ln192_6, i8 %select_ln191_6, i8 %select_ln190_6" [../import_files/import_files/2D_idct.cpp:202]   --->   Operation 2560 'bitconcatenate' 'p_12' <Predicate = true> <Delay = 0.00>
ST_55 : Operation 2561 [2/2] (0.00ns)   --->   "%write_ln202 = write void @_ssdm_op_Write.axis.volatile.i32P128A, i32 %blockout, i32 %p_12" [../import_files/import_files/2D_idct.cpp:202]   --->   Operation 2561 'write' 'write_ln202' <Predicate = true> <Delay = 0.00> <CoreInst = "axis">   --->   Core 115 'axis' <Latency = 0> <II = 1> <Delay = 1.00> <Adapter> <Opcode : >

State 56 <SV = 55> <Delay = 0.00>
ST_56 : Operation 2562 [1/2] (0.00ns)   --->   "%write_ln202 = write void @_ssdm_op_Write.axis.volatile.i32P128A, i32 %blockout, i32 %p_12" [../import_files/import_files/2D_idct.cpp:202]   --->   Operation 2562 'write' 'write_ln202' <Predicate = true> <Delay = 0.00> <CoreInst = "axis">   --->   Core 115 'axis' <Latency = 0> <II = 1> <Delay = 1.00> <Adapter> <Opcode : >
ST_56 : Operation 2563 [1/1] (0.00ns)   --->   "%p_13 = bitconcatenate i32 @_ssdm_op_BitConcatenate.i32.i8.i8.i8.i8, i8 %select_ln197_6, i8 %select_ln196_6, i8 %select_ln195_6, i8 %select_ln194_6" [../import_files/import_files/2D_idct.cpp:206]   --->   Operation 2563 'bitconcatenate' 'p_13' <Predicate = true> <Delay = 0.00>
ST_56 : Operation 2564 [2/2] (0.00ns)   --->   "%write_ln206 = write void @_ssdm_op_Write.axis.volatile.i32P128A, i32 %blockout, i32 %p_13" [../import_files/import_files/2D_idct.cpp:206]   --->   Operation 2564 'write' 'write_ln206' <Predicate = true> <Delay = 0.00> <CoreInst = "axis">   --->   Core 115 'axis' <Latency = 0> <II = 1> <Delay = 1.00> <Adapter> <Opcode : >

State 57 <SV = 56> <Delay = 0.00>
ST_57 : Operation 2565 [1/2] (0.00ns)   --->   "%write_ln206 = write void @_ssdm_op_Write.axis.volatile.i32P128A, i32 %blockout, i32 %p_13" [../import_files/import_files/2D_idct.cpp:206]   --->   Operation 2565 'write' 'write_ln206' <Predicate = true> <Delay = 0.00> <CoreInst = "axis">   --->   Core 115 'axis' <Latency = 0> <II = 1> <Delay = 1.00> <Adapter> <Opcode : >
ST_57 : Operation 2566 [1/1] (0.00ns)   --->   "%p_14 = bitconcatenate i32 @_ssdm_op_BitConcatenate.i32.i8.i8.i8.i8, i8 %select_ln193_7, i8 %select_ln192_7, i8 %select_ln191_7, i8 %select_ln190_7" [../import_files/import_files/2D_idct.cpp:202]   --->   Operation 2566 'bitconcatenate' 'p_14' <Predicate = true> <Delay = 0.00>
ST_57 : Operation 2567 [2/2] (0.00ns)   --->   "%write_ln202 = write void @_ssdm_op_Write.axis.volatile.i32P128A, i32 %blockout, i32 %p_14" [../import_files/import_files/2D_idct.cpp:202]   --->   Operation 2567 'write' 'write_ln202' <Predicate = true> <Delay = 0.00> <CoreInst = "axis">   --->   Core 115 'axis' <Latency = 0> <II = 1> <Delay = 1.00> <Adapter> <Opcode : >

State 58 <SV = 57> <Delay = 0.00>
ST_58 : Operation 2568 [1/2] (0.00ns)   --->   "%write_ln202 = write void @_ssdm_op_Write.axis.volatile.i32P128A, i32 %blockout, i32 %p_14" [../import_files/import_files/2D_idct.cpp:202]   --->   Operation 2568 'write' 'write_ln202' <Predicate = true> <Delay = 0.00> <CoreInst = "axis">   --->   Core 115 'axis' <Latency = 0> <II = 1> <Delay = 1.00> <Adapter> <Opcode : >
ST_58 : Operation 2569 [1/1] (0.00ns)   --->   "%p_15 = bitconcatenate i32 @_ssdm_op_BitConcatenate.i32.i8.i8.i8.i8, i8 %select_ln197_7, i8 %select_ln196_7, i8 %select_ln195_7, i8 %select_ln194_7" [../import_files/import_files/2D_idct.cpp:206]   --->   Operation 2569 'bitconcatenate' 'p_15' <Predicate = true> <Delay = 0.00>
ST_58 : Operation 2570 [2/2] (0.00ns)   --->   "%write_ln206 = write void @_ssdm_op_Write.axis.volatile.i32P128A, i32 %blockout, i32 %p_15" [../import_files/import_files/2D_idct.cpp:206]   --->   Operation 2570 'write' 'write_ln206' <Predicate = true> <Delay = 0.00> <CoreInst = "axis">   --->   Core 115 'axis' <Latency = 0> <II = 1> <Delay = 1.00> <Adapter> <Opcode : >

State 59 <SV = 58> <Delay = 0.00>
ST_59 : Operation 2571 [1/1] (0.00ns)   --->   "%specinterface_ln0 = specinterface void @_ssdm_op_SpecInterface, i32 %blockout, void @empty_0, i32 1, i32 1, void @empty_1, i32 0, i32 0, void @empty, void @empty, void @empty, i32 0, i32 0, i32 0, i32 0, void @empty, void @empty, i32 4294967295, i32 0"   --->   Operation 2571 'specinterface' 'specinterface_ln0' <Predicate = true> <Delay = 0.00>
ST_59 : Operation 2572 [1/1] (0.00ns)   --->   "%specinterface_ln0 = specinterface void @_ssdm_op_SpecInterface, i32 %DCAC, void @empty_0, i32 1, i32 1, void @empty_1, i32 0, i32 0, void @empty, void @empty, void @empty, i32 0, i32 0, i32 0, i32 0, void @empty, void @empty, i32 4294967295, i32 0"   --->   Operation 2572 'specinterface' 'specinterface_ln0' <Predicate = true> <Delay = 0.00>
ST_59 : Operation 2573 [1/2] (0.00ns)   --->   "%write_ln206 = write void @_ssdm_op_Write.axis.volatile.i32P128A, i32 %blockout, i32 %p_15" [../import_files/import_files/2D_idct.cpp:206]   --->   Operation 2573 'write' 'write_ln206' <Predicate = true> <Delay = 0.00> <CoreInst = "axis">   --->   Core 115 'axis' <Latency = 0> <II = 1> <Delay = 1.00> <Adapter> <Opcode : >
ST_59 : Operation 2574 [1/1] (0.00ns)   --->   "%ret_ln0 = ret"   --->   Operation 2574 'ret' 'ret_ln0' <Predicate = true> <Delay = 0.00>


============================================================
+ Verbose Summary: Timing violations
============================================================
Target clock period: 10ns, clock uncertainty: 1.25ns.

 <State 1>: 0ns
The critical path consists of the following:

 <State 2>: 0ns
The critical path consists of the following:

 <State 3>: 0ns
The critical path consists of the following:

 <State 4>: 0ns
The critical path consists of the following:

 <State 5>: 0ns
The critical path consists of the following:

 <State 6>: 0ns
The critical path consists of the following:

 <State 7>: 0ns
The critical path consists of the following:

 <State 8>: 0ns
The critical path consists of the following:

 <State 9>: 0ns
The critical path consists of the following:

 <State 10>: 0ns
The critical path consists of the following:

 <State 11>: 0ns
The critical path consists of the following:

 <State 12>: 0ns
The critical path consists of the following:

 <State 13>: 0ns
The critical path consists of the following:

 <State 14>: 0ns
The critical path consists of the following:

 <State 15>: 0ns
The critical path consists of the following:

 <State 16>: 0ns
The critical path consists of the following:

 <State 17>: 0ns
The critical path consists of the following:

 <State 18>: 0ns
The critical path consists of the following:

 <State 19>: 0ns
The critical path consists of the following:

 <State 20>: 0ns
The critical path consists of the following:

 <State 21>: 0ns
The critical path consists of the following:

 <State 22>: 0ns
The critical path consists of the following:

 <State 23>: 0ns
The critical path consists of the following:

 <State 24>: 0ns
The critical path consists of the following:

 <State 25>: 0ns
The critical path consists of the following:

 <State 26>: 0ns
The critical path consists of the following:

 <State 27>: 0ns
The critical path consists of the following:

 <State 28>: 0ns
The critical path consists of the following:

 <State 29>: 0ns
The critical path consists of the following:

 <State 30>: 0ns
The critical path consists of the following:

 <State 31>: 3.3ns
The critical path consists of the following:
	'add' operation of DSP[392] ('add_ln69_1', ../import_files/import_files/2D_idct.cpp:69) [222]  (2.25 ns)
	'mul' operation of DSP[392] ('z1', ../import_files/import_files/2D_idct.cpp:69) [392]  (1.05 ns)

 <State 32>: 5.38ns
The critical path consists of the following:
	'add' operation ('z4', ../import_files/import_files/2D_idct.cpp:96) [157]  (2.08 ns)
	'add' operation of DSP[407] ('add_ln97_1', ../import_files/import_files/2D_idct.cpp:97) [274]  (2.25 ns)
	'mul' operation of DSP[407] ('z5', ../import_files/import_files/2D_idct.cpp:97) [407]  (1.05 ns)

 <State 33>: 5.38ns
The critical path consists of the following:
	'add' operation ('z4', ../import_files/import_files/2D_idct.cpp:96) [166]  (2.08 ns)
	'add' operation of DSP[486] ('add_ln97_2', ../import_files/import_files/2D_idct.cpp:97) [285]  (2.25 ns)
	'mul' operation of DSP[486] ('z5', ../import_files/import_files/2D_idct.cpp:97) [486]  (1.05 ns)

 <State 34>: 2.1ns
The critical path consists of the following:
	'mul' operation of DSP[392] ('z1', ../import_files/import_files/2D_idct.cpp:69) [392]  (0 ns)
	'add' operation of DSP[395] ('tmp2', ../import_files/import_files/2D_idct.cpp:70) [395]  (2.1 ns)

 <State 35>: 2.1ns
The critical path consists of the following:
	'add' operation of DSP[395] ('tmp2', ../import_files/import_files/2D_idct.cpp:70) [395]  (2.1 ns)

 <State 36>: 7.57ns
The critical path consists of the following:
	'sub' operation ('tmp13', ../import_files/import_files/2D_idct.cpp:80) [402]  (2.49 ns)
	'add' operation ('add_ln124_2', ../import_files/import_files/2D_idct.cpp:124) [462]  (2.52 ns)
	'sub' operation ('sub_ln125_1', ../import_files/import_files/2D_idct.cpp:125) [463]  (2.55 ns)

 <State 37>: 7.6ns
The critical path consists of the following:
	'add' operation ('add_ln81', ../import_files/import_files/2D_idct.cpp:81) [442]  (2.52 ns)
	'add' operation ('add_ln120_2', ../import_files/import_files/2D_idct.cpp:120) [444]  (2.52 ns)
	'sub' operation ('sub_ln121_1', ../import_files/import_files/2D_idct.cpp:121) [445]  (2.55 ns)

 <State 38>: 7.6ns
The critical path consists of the following:
	'add' operation ('add_ln81_1', ../import_files/import_files/2D_idct.cpp:81) [521]  (2.52 ns)
	'add' operation ('add_ln120_4', ../import_files/import_files/2D_idct.cpp:120) [523]  (2.52 ns)
	'sub' operation ('sub_ln121_2', ../import_files/import_files/2D_idct.cpp:121) [524]  (2.55 ns)

 <State 39>: 3.3ns
The critical path consists of the following:
	'add' operation of DSP[1155] ('add_ln143_1', ../import_files/import_files/2D_idct.cpp:143) [877]  (2.25 ns)
	'mul' operation of DSP[1155] ('z1', ../import_files/import_files/2D_idct.cpp:143) [1155]  (1.05 ns)

 <State 40>: 4.2ns
The critical path consists of the following:
	'add' operation of DSP[359] ('z3', ../import_files/import_files/2D_idct.cpp:108) [359]  (2.1 ns)
	'add' operation of DSP[360] ('add_ln113', ../import_files/import_files/2D_idct.cpp:113) [360]  (2.1 ns)

 <State 41>: 7.09ns
The critical path consists of the following:
	'add' operation of DSP[366] ('add_ln114', ../import_files/import_files/2D_idct.cpp:114) [366]  (2.1 ns)
	'add' operation ('tmp3', ../import_files/import_files/2D_idct.cpp:114) [367]  (2.49 ns)
	'sub' operation ('sub_ln119', ../import_files/import_files/2D_idct.cpp:119) [372]  (2.49 ns)

 <State 42>: 6.54ns
The critical path consists of the following:
	'add' operation ('add_ln147', ../import_files/import_files/2D_idct.cpp:147) [664]  (2.17 ns)
	'add' operation ('add_ln190', ../import_files/import_files/2D_idct.cpp:190) [1074]  (4.37 ns)

 <State 43>: 6.54ns
The critical path consists of the following:
	'add' operation ('add_ln147_1', ../import_files/import_files/2D_idct.cpp:147) [674]  (2.17 ns)
	'add' operation ('add_ln190_2', ../import_files/import_files/2D_idct.cpp:190) [1184]  (4.37 ns)

 <State 44>: 5.23ns
The critical path consists of the following:
	'add' operation ('add_ln190_3', ../import_files/import_files/2D_idct.cpp:190) [1186]  (2.55 ns)
	'icmp' operation ('icmp_ln190_1', ../import_files/import_files/2D_idct.cpp:190) [1190]  (1.43 ns)
	'or' operation ('or_ln190_1', ../import_files/import_files/2D_idct.cpp:190) [1191]  (0 ns)
	'select' operation ('select_ln190_1', ../import_files/import_files/2D_idct.cpp:190) [1194]  (1.25 ns)

 <State 45>: 0ns
The critical path consists of the following:

 <State 46>: 0ns
The critical path consists of the following:

 <State 47>: 0ns
The critical path consists of the following:

 <State 48>: 0ns
The critical path consists of the following:

 <State 49>: 0ns
The critical path consists of the following:

 <State 50>: 0ns
The critical path consists of the following:

 <State 51>: 0ns
The critical path consists of the following:

 <State 52>: 0ns
The critical path consists of the following:

 <State 53>: 0ns
The critical path consists of the following:

 <State 54>: 0ns
The critical path consists of the following:

 <State 55>: 0ns
The critical path consists of the following:

 <State 56>: 0ns
The critical path consists of the following:

 <State 57>: 0ns
The critical path consists of the following:

 <State 58>: 0ns
The critical path consists of the following:

 <State 59>: 0ns
The critical path consists of the following:


============================================================
+ Verbose Summary: Binding
============================================================
N/A
* FSMD analyzer results:
  - Output states:
 - Input state : 
  - Chain level:
	State 1
	State 2
	State 3
	State 4
	State 5
	State 6
	State 7
	State 8
	State 9
	State 10
	State 11
	State 12
	State 13
	State 14
	State 15
	State 16
	State 17
	State 18
	State 19
	State 20
	State 21
	State 22
	State 23
	State 24
	State 25
	State 26
	State 27
	State 28
	State 29
	State 30
	State 31
	State 32
	State 33
	State 34
	State 35
	State 36
	State 37
	State 38
	State 39
	State 40
	State 41
	State 42
	State 43
	State 44
	State 45
	State 46
	State 47
	State 48
	State 49
	State 50
	State 51
	State 52
	State 53
	State 54
	State 55
	State 56
	State 57
	State 58
	State 59


============================================================
+ Verbose Summary: Datapath Resource usage 
============================================================
N/A
