

================================================================
== Vitis HLS Report for 'Loop_VITIS_LOOP_59_2_proc'
================================================================
* Date:           Wed Feb  5 18:39:06 2025

* Version:        2022.1 (Build 3526262 on Mon Apr 18 15:48:16 MDT 2022)
* Project:        ECE423_Lab2
* Solution:       solution1 (Vivado IP Flow Target)
* Product family: zynq
* Target device:  xc7z020-clg400-1


================================================================
== Performance Estimates
================================================================
+ Timing: 
    * Summary: 
    +--------+----------+----------+------------+
    |  Clock |  Target  | Estimated| Uncertainty|
    +--------+----------+----------+------------+
    |ap_clk  |  10.00 ns|  7.674 ns|     1.25 ns|
    +--------+----------+----------+------------+

+ Latency: 
    * Summary: 
    +---------+---------+----------+----------+-----+-----+---------+
    |  Latency (cycles) |  Latency (absolute) |  Interval | Pipeline|
    |   min   |   max   |    min   |    max   | min | max |   Type  |
    +---------+---------+----------+----------+-----+-----+---------+
    |       51|       51|  0.510 us|  0.510 us|   51|   51|       no|
    +---------+---------+----------+----------+-----+-----+---------+

    + Detail: 
        * Instance: 
        N/A

        * Loop: 
        +-------------------+---------+---------+----------+-----------+-----------+------+----------+
        |                   |  Latency (cycles) | Iteration|  Initiation Interval  | Trip |          |
        |     Loop Name     |   min   |   max   |  Latency |  achieved |   target  | Count| Pipelined|
        +-------------------+---------+---------+----------+-----------+-----------+------+----------+
        |- VITIS_LOOP_59_2  |       49|       49|        20|         10|          1|     4|       yes|
        +-------------------+---------+---------+----------+-----------+-----------+------+----------+

============================================================
+ Verbose Summary: Synthesis Manager
============================================================
InlineROM: 1
ExposeGlobal: 0
============================================================
+ Verbose Summary: CDFG Model
============================================================
IsTopModel: 0
ResetActiveHigh: 1
IsCombinational: 2
IsDatapathOnly: 0
HasWiredReturn: 1
HasMFsm: 2
HasVarLatency: 1
IsPipeline: 0
IsRtlPipelined: 0
IsInstanceOverlapped: 0
IsDontTouch: 0
HasImplIP: 0
IsGatedGlobalClock: 0

+ Individual pipeline summary: 
  * Pipeline-0: initiation interval (II) = 10, depth = 20


============================================================
+ Verbose Summary: Schedule
============================================================
* Number of FSM states : 20
* Pipeline : 1
  Pipeline-0 : II = 10, D = 20, States = { 1 2 3 4 5 6 7 8 9 10 11 12 13 14 15 16 17 18 19 20 }
* Dataflow Pipeline: 0

* FSM state transitions: 
1 --> 2 
2 --> 3 
3 --> 4 
4 --> 5 
5 --> 6 
6 --> 7 
7 --> 8 
8 --> 9 
9 --> 10 
10 --> 11 
11 --> 12 
12 --> 13 
13 --> 14 
14 --> 15 
15 --> 16 
16 --> 17 
17 --> 18 
18 --> 19 
19 --> 20 
20 --> 

* FSM state operations: 

State 1 <SV = 0> <Delay = 3.25>
ST_1 : Operation 23 [1/1] (0.00ns)   --->   "%col = alloca i32 1"   --->   Operation 23 'alloca' 'col' <Predicate = true> <Delay = 0.00>
ST_1 : Operation 24 [1/1] (0.00ns)   --->   "%specbramwithbyteenable_ln0 = specbramwithbyteenable void @_ssdm_op_SpecBRAMWithByteEnable, i32 %DCAC_temp"   --->   Operation 24 'specbramwithbyteenable' 'specbramwithbyteenable_ln0' <Predicate = true> <Delay = 0.00>
ST_1 : Operation 25 [1/1] (1.58ns)   --->   "%store_ln0 = store i4 0, i4 %col"   --->   Operation 25 'store' 'store_ln0' <Predicate = true> <Delay = 1.58>
ST_1 : Operation 26 [1/1] (0.00ns)   --->   "%br_ln0 = br void %for.inc130"   --->   Operation 26 'br' 'br_ln0' <Predicate = true> <Delay = 0.00>
ST_1 : Operation 27 [1/1] (0.00ns)   --->   "%col_1 = load i4 %col" [../import_files/import_files/2D_idct.cpp:63]   --->   Operation 27 'load' 'col_1' <Predicate = true> <Delay = 0.00>
ST_1 : Operation 28 [1/1] (0.00ns)   --->   "%empty = trunc i4 %col_1" [../import_files/import_files/2D_idct.cpp:63]   --->   Operation 28 'trunc' 'empty' <Predicate = true> <Delay = 0.00>
ST_1 : Operation 29 [1/1] (0.00ns)   --->   "%specpipeline_ln0 = specpipeline void @_ssdm_op_SpecPipeline, i32 4294967295, i32 0, i32 1, i32 0, void @p_str"   --->   Operation 29 'specpipeline' 'specpipeline_ln0' <Predicate = true> <Delay = 0.00>
ST_1 : Operation 30 [1/1] (0.00ns)   --->   "%tmp = bitselect i1 @_ssdm_op_BitSelect.i1.i4.i32, i4 %col_1, i32 3" [../import_files/import_files/2D_idct.cpp:59]   --->   Operation 30 'bitselect' 'tmp' <Predicate = true> <Delay = 0.00>
ST_1 : Operation 31 [1/1] (0.00ns)   --->   "%empty_58 = speclooptripcount i32 @_ssdm_op_SpecLoopTripCount, i64 4, i64 4, i64 4"   --->   Operation 31 'speclooptripcount' 'empty_58' <Predicate = true> <Delay = 0.00>
ST_1 : Operation 32 [1/1] (0.00ns)   --->   "%br_ln59 = br i1 %tmp, void %for.inc130.split, void %for.body136.exitStub" [../import_files/import_files/2D_idct.cpp:59]   --->   Operation 32 'br' 'br_ln59' <Predicate = true> <Delay = 0.00>
ST_1 : Operation 33 [1/1] (0.00ns)   --->   "%empty_59 = trunc i4 %col_1" [../import_files/import_files/2D_idct.cpp:63]   --->   Operation 33 'trunc' 'empty_59' <Predicate = (!tmp)> <Delay = 0.00>
ST_1 : Operation 34 [1/1] (0.00ns)   --->   "%tmp_4_cast = bitconcatenate i4 @_ssdm_op_BitConcatenate.i4.i2.i2, i2 2, i2 %empty_59" [../import_files/import_files/2D_idct.cpp:63]   --->   Operation 34 'bitconcatenate' 'tmp_4_cast' <Predicate = (!tmp)> <Delay = 0.00>
ST_1 : Operation 35 [1/1] (0.00ns)   --->   "%zext_ln63_1 = zext i4 %tmp_4_cast" [../import_files/import_files/2D_idct.cpp:63]   --->   Operation 35 'zext' 'zext_ln63_1' <Predicate = (!tmp)> <Delay = 0.00>
ST_1 : Operation 36 [1/1] (0.00ns)   --->   "%DCAC_temp_addr = getelementptr i32 %DCAC_temp, i64 0, i64 %zext_ln63_1" [../import_files/import_files/2D_idct.cpp:63]   --->   Operation 36 'getelementptr' 'DCAC_temp_addr' <Predicate = (!tmp)> <Delay = 0.00>
ST_1 : Operation 37 [1/1] (0.00ns)   --->   "%sext_ln64 = sext i4 %tmp_4_cast" [../import_files/import_files/2D_idct.cpp:64]   --->   Operation 37 'sext' 'sext_ln64' <Predicate = (!tmp)> <Delay = 0.00>
ST_1 : Operation 38 [1/1] (0.00ns)   --->   "%zext_ln64 = zext i5 %sext_ln64" [../import_files/import_files/2D_idct.cpp:64]   --->   Operation 38 'zext' 'zext_ln64' <Predicate = (!tmp)> <Delay = 0.00>
ST_1 : Operation 39 [1/1] (0.00ns)   --->   "%DCAC_temp_addr_1 = getelementptr i32 %DCAC_temp, i64 0, i64 %zext_ln64" [../import_files/import_files/2D_idct.cpp:64]   --->   Operation 39 'getelementptr' 'DCAC_temp_addr_1' <Predicate = (!tmp)> <Delay = 0.00>
ST_1 : Operation 40 [2/2] (3.25ns)   --->   "%DCAC_temp_load = load i5 %DCAC_temp_addr" [../import_files/import_files/2D_idct.cpp:63]   --->   Operation 40 'load' 'DCAC_temp_load' <Predicate = (!tmp)> <Delay = 3.25> <CoreInst = "RAM">   --->   Core 82 'RAM' <Latency = 1> <II = 1> <Delay = 3.25> <Storage> <Opcode : 'load' 'store'> <Ports = 2> <Width = 32> <Depth = 32> <RAM>
ST_1 : Operation 41 [2/2] (3.25ns)   --->   "%DCAC_temp_load_1 = load i5 %DCAC_temp_addr_1" [../import_files/import_files/2D_idct.cpp:64]   --->   Operation 41 'load' 'DCAC_temp_load_1' <Predicate = (!tmp)> <Delay = 3.25> <CoreInst = "RAM">   --->   Core 82 'RAM' <Latency = 1> <II = 1> <Delay = 3.25> <Storage> <Opcode : 'load' 'store'> <Ports = 2> <Width = 32> <Depth = 32> <RAM>

State 2 <SV = 1> <Delay = 7.67>
ST_2 : Operation 42 [1/1] (0.00ns)   --->   "%tmp_1 = bitselect i1 @_ssdm_op_BitSelect.i1.i4.i32, i4 %col_1, i32 2" [../import_files/import_files/2D_idct.cpp:63]   --->   Operation 42 'bitselect' 'tmp_1' <Predicate = (!tmp)> <Delay = 0.00>
ST_2 : Operation 43 [1/1] (0.00ns)   --->   "%and_ln = bitconcatenate i5 @_ssdm_op_BitConcatenate.i5.i1.i4, i1 %tmp_1, i4 0" [../import_files/import_files/2D_idct.cpp:63]   --->   Operation 43 'bitconcatenate' 'and_ln' <Predicate = (!tmp)> <Delay = 0.00>
ST_2 : Operation 44 [1/1] (0.00ns)   --->   "%tmp_7 = bitconcatenate i3 @_ssdm_op_BitConcatenate.i3.i1.i2, i1 1, i2 %empty_59" [../import_files/import_files/2D_idct.cpp:85]   --->   Operation 44 'bitconcatenate' 'tmp_7' <Predicate = (!tmp)> <Delay = 0.00>
ST_2 : Operation 45 [1/1] (0.00ns)   --->   "%sext_ln85 = sext i3 %tmp_7" [../import_files/import_files/2D_idct.cpp:85]   --->   Operation 45 'sext' 'sext_ln85' <Predicate = (!tmp)> <Delay = 0.00>
ST_2 : Operation 46 [1/1] (0.00ns)   --->   "%zext_ln85 = zext i5 %sext_ln85" [../import_files/import_files/2D_idct.cpp:85]   --->   Operation 46 'zext' 'zext_ln85' <Predicate = (!tmp)> <Delay = 0.00>
ST_2 : Operation 47 [1/1] (0.00ns)   --->   "%DCAC_temp_addr_4 = getelementptr i32 %DCAC_temp, i64 0, i64 %zext_ln85" [../import_files/import_files/2D_idct.cpp:85]   --->   Operation 47 'getelementptr' 'DCAC_temp_addr_4' <Predicate = (!tmp)> <Delay = 0.00>
ST_2 : Operation 48 [1/1] (0.00ns)   --->   "%tmp_8_cast = bitconcatenate i5 @_ssdm_op_BitConcatenate.i5.i3.i2, i3 5, i2 %empty_59" [../import_files/import_files/2D_idct.cpp:86]   --->   Operation 48 'bitconcatenate' 'tmp_8_cast' <Predicate = (!tmp)> <Delay = 0.00>
ST_2 : Operation 49 [1/1] (0.00ns)   --->   "%zext_ln86 = zext i5 %tmp_8_cast" [../import_files/import_files/2D_idct.cpp:86]   --->   Operation 49 'zext' 'zext_ln86' <Predicate = (!tmp)> <Delay = 0.00>
ST_2 : Operation 50 [1/1] (0.00ns)   --->   "%DCAC_temp_addr_5 = getelementptr i32 %DCAC_temp, i64 0, i64 %zext_ln86" [../import_files/import_files/2D_idct.cpp:86]   --->   Operation 50 'getelementptr' 'DCAC_temp_addr_5' <Predicate = (!tmp)> <Delay = 0.00>
ST_2 : Operation 51 [1/2] (3.25ns)   --->   "%DCAC_temp_load = load i5 %DCAC_temp_addr" [../import_files/import_files/2D_idct.cpp:63]   --->   Operation 51 'load' 'DCAC_temp_load' <Predicate = (!tmp)> <Delay = 3.25> <CoreInst = "RAM">   --->   Core 82 'RAM' <Latency = 1> <II = 1> <Delay = 3.25> <Storage> <Opcode : 'load' 'store'> <Ports = 2> <Width = 32> <Depth = 32> <RAM>
ST_2 : Operation 52 [1/1] (0.00ns)   --->   "%zext_ln63_4 = zext i5 %and_ln" [../import_files/import_files/2D_idct.cpp:63]   --->   Operation 52 'zext' 'zext_ln63_4' <Predicate = (!tmp)> <Delay = 0.00>
ST_2 : Operation 53 [1/1] (4.42ns)   --->   "%lshr_ln63 = lshr i32 %DCAC_temp_load, i32 %zext_ln63_4" [../import_files/import_files/2D_idct.cpp:63]   --->   Operation 53 'lshr' 'lshr_ln63' <Predicate = (!tmp)> <Delay = 4.42> <CoreInst = "Shifter">   --->   Core 75 'Shifter' <Latency = 0> <II = 1> <Delay = 4.42> <FuncUnit> <Opcode : 'shl' 'lshr' 'ashr'> <InPorts = 2> <OutPorts = 1>
ST_2 : Operation 54 [1/1] (0.00ns)   --->   "%z2 = trunc i32 %lshr_ln63" [../import_files/import_files/2D_idct.cpp:63]   --->   Operation 54 'trunc' 'z2' <Predicate = (!tmp)> <Delay = 0.00>
ST_2 : Operation 55 [1/2] (3.25ns)   --->   "%DCAC_temp_load_1 = load i5 %DCAC_temp_addr_1" [../import_files/import_files/2D_idct.cpp:64]   --->   Operation 55 'load' 'DCAC_temp_load_1' <Predicate = (!tmp)> <Delay = 3.25> <CoreInst = "RAM">   --->   Core 82 'RAM' <Latency = 1> <II = 1> <Delay = 3.25> <Storage> <Opcode : 'load' 'store'> <Ports = 2> <Width = 32> <Depth = 32> <RAM>
ST_2 : Operation 56 [1/1] (0.00ns)   --->   "%zext_ln64_1 = zext i5 %and_ln" [../import_files/import_files/2D_idct.cpp:64]   --->   Operation 56 'zext' 'zext_ln64_1' <Predicate = (!tmp)> <Delay = 0.00>
ST_2 : Operation 57 [1/1] (4.42ns)   --->   "%lshr_ln64 = lshr i32 %DCAC_temp_load_1, i32 %zext_ln64_1" [../import_files/import_files/2D_idct.cpp:64]   --->   Operation 57 'lshr' 'lshr_ln64' <Predicate = (!tmp)> <Delay = 4.42> <CoreInst = "Shifter">   --->   Core 75 'Shifter' <Latency = 0> <II = 1> <Delay = 4.42> <FuncUnit> <Opcode : 'shl' 'lshr' 'ashr'> <InPorts = 2> <OutPorts = 1>
ST_2 : Operation 58 [1/1] (0.00ns)   --->   "%z3 = trunc i32 %lshr_ln64" [../import_files/import_files/2D_idct.cpp:64]   --->   Operation 58 'trunc' 'z3' <Predicate = (!tmp)> <Delay = 0.00>
ST_2 : Operation 59 [2/2] (3.25ns)   --->   "%DCAC_temp_load_4 = load i5 %DCAC_temp_addr_4" [../import_files/import_files/2D_idct.cpp:85]   --->   Operation 59 'load' 'DCAC_temp_load_4' <Predicate = (!tmp)> <Delay = 3.25> <CoreInst = "RAM">   --->   Core 82 'RAM' <Latency = 1> <II = 1> <Delay = 3.25> <Storage> <Opcode : 'load' 'store'> <Ports = 2> <Width = 32> <Depth = 32> <RAM>
ST_2 : Operation 60 [2/2] (3.25ns)   --->   "%DCAC_temp_load_5 = load i5 %DCAC_temp_addr_5" [../import_files/import_files/2D_idct.cpp:86]   --->   Operation 60 'load' 'DCAC_temp_load_5' <Predicate = (!tmp)> <Delay = 3.25> <CoreInst = "RAM">   --->   Core 82 'RAM' <Latency = 1> <II = 1> <Delay = 3.25> <Storage> <Opcode : 'load' 'store'> <Ports = 2> <Width = 32> <Depth = 32> <RAM>

State 3 <SV = 2> <Delay = 7.67>
ST_3 : Operation 61 [1/1] (0.00ns)   --->   "%sext_ln87_2 = sext i3 %tmp_7" [../import_files/import_files/2D_idct.cpp:87]   --->   Operation 61 'sext' 'sext_ln87_2' <Predicate = (!tmp)> <Delay = 0.00>
ST_3 : Operation 62 [1/1] (0.00ns)   --->   "%zext_ln87 = zext i4 %sext_ln87_2" [../import_files/import_files/2D_idct.cpp:87]   --->   Operation 62 'zext' 'zext_ln87' <Predicate = (!tmp)> <Delay = 0.00>
ST_3 : Operation 63 [1/1] (0.00ns)   --->   "%DCAC_temp_addr_6 = getelementptr i32 %DCAC_temp, i64 0, i64 %zext_ln87" [../import_files/import_files/2D_idct.cpp:87]   --->   Operation 63 'getelementptr' 'DCAC_temp_addr_6' <Predicate = (!tmp)> <Delay = 0.00>
ST_3 : Operation 64 [1/1] (0.00ns)   --->   "%zext_ln88 = zext i3 %tmp_7" [../import_files/import_files/2D_idct.cpp:88]   --->   Operation 64 'zext' 'zext_ln88' <Predicate = (!tmp)> <Delay = 0.00>
ST_3 : Operation 65 [1/1] (0.00ns)   --->   "%DCAC_temp_addr_7 = getelementptr i32 %DCAC_temp, i64 0, i64 %zext_ln88" [../import_files/import_files/2D_idct.cpp:88]   --->   Operation 65 'getelementptr' 'DCAC_temp_addr_7' <Predicate = (!tmp)> <Delay = 0.00>
ST_3 : Operation 66 [1/1] (0.00ns)   --->   "%sext_ln49_1 = sext i16 %z2" [../import_files/import_files/2D_idct.cpp:49]   --->   Operation 66 'sext' 'sext_ln49_1' <Predicate = (!tmp)> <Delay = 0.00>
ST_3 : Operation 67 [1/1] (0.00ns)   --->   "%sext_ln49_3 = sext i16 %z3" [../import_files/import_files/2D_idct.cpp:49]   --->   Operation 67 'sext' 'sext_ln49_3' <Predicate = (!tmp)> <Delay = 0.00>
ST_3 : Operation 68 [1/1] (2.25ns) (grouped into DSP with root node z1)   --->   "%add_ln66 = add i17 %sext_ln49_3, i17 %sext_ln49_1" [../import_files/import_files/2D_idct.cpp:66]   --->   Operation 68 'add' 'add_ln66' <Predicate = (!tmp)> <Delay = 2.25> <CoreInst = "DSP48">   --->   Core 119 'DSP48' <Latency = 3> <II = 1> <Delay = 2.15> <IPBlock> <Opcode : 'mul' 'add' 'sub' 'select'> <InPorts = 0> <OutPorts = 1> <Sync> <CReg>
ST_3 : Operation 69 [1/1] (0.00ns) (grouped into DSP with root node z1)   --->   "%sext_ln66 = sext i17 %add_ln66" [../import_files/import_files/2D_idct.cpp:66]   --->   Operation 69 'sext' 'sext_ln66' <Predicate = (!tmp)> <Delay = 0.00>
ST_3 : Operation 70 [4/4] (1.05ns) (root node of the DSP)   --->   "%z1 = mul i31 %sext_ln66, i31 4433" [../import_files/import_files/2D_idct.cpp:66]   --->   Operation 70 'mul' 'z1' <Predicate = (!tmp)> <Delay = 1.05> <CoreInst = "DSP48">   --->   Core 119 'DSP48' <Latency = 3> <II = 1> <Delay = 2.15> <IPBlock> <Opcode : 'mul' 'add' 'sub' 'select'> <InPorts = 0> <OutPorts = 1> <Sync> <CReg>
ST_3 : Operation 71 [1/2] (3.25ns)   --->   "%DCAC_temp_load_4 = load i5 %DCAC_temp_addr_4" [../import_files/import_files/2D_idct.cpp:85]   --->   Operation 71 'load' 'DCAC_temp_load_4' <Predicate = (!tmp)> <Delay = 3.25> <CoreInst = "RAM">   --->   Core 82 'RAM' <Latency = 1> <II = 1> <Delay = 3.25> <Storage> <Opcode : 'load' 'store'> <Ports = 2> <Width = 32> <Depth = 32> <RAM>
ST_3 : Operation 72 [1/1] (0.00ns)   --->   "%zext_ln85_1 = zext i5 %and_ln" [../import_files/import_files/2D_idct.cpp:85]   --->   Operation 72 'zext' 'zext_ln85_1' <Predicate = (!tmp)> <Delay = 0.00>
ST_3 : Operation 73 [1/1] (4.42ns)   --->   "%lshr_ln85 = lshr i32 %DCAC_temp_load_4, i32 %zext_ln85_1" [../import_files/import_files/2D_idct.cpp:85]   --->   Operation 73 'lshr' 'lshr_ln85' <Predicate = (!tmp)> <Delay = 4.42> <CoreInst = "Shifter">   --->   Core 75 'Shifter' <Latency = 0> <II = 1> <Delay = 4.42> <FuncUnit> <Opcode : 'shl' 'lshr' 'ashr'> <InPorts = 2> <OutPorts = 1>
ST_3 : Operation 74 [1/1] (0.00ns)   --->   "%tmp0_1 = trunc i32 %lshr_ln85" [../import_files/import_files/2D_idct.cpp:85]   --->   Operation 74 'trunc' 'tmp0_1' <Predicate = (!tmp)> <Delay = 0.00>
ST_3 : Operation 75 [1/2] (3.25ns)   --->   "%DCAC_temp_load_5 = load i5 %DCAC_temp_addr_5" [../import_files/import_files/2D_idct.cpp:86]   --->   Operation 75 'load' 'DCAC_temp_load_5' <Predicate = (!tmp)> <Delay = 3.25> <CoreInst = "RAM">   --->   Core 82 'RAM' <Latency = 1> <II = 1> <Delay = 3.25> <Storage> <Opcode : 'load' 'store'> <Ports = 2> <Width = 32> <Depth = 32> <RAM>
ST_3 : Operation 76 [1/1] (0.00ns)   --->   "%zext_ln86_1 = zext i5 %and_ln" [../import_files/import_files/2D_idct.cpp:86]   --->   Operation 76 'zext' 'zext_ln86_1' <Predicate = (!tmp)> <Delay = 0.00>
ST_3 : Operation 77 [1/1] (4.42ns)   --->   "%lshr_ln86 = lshr i32 %DCAC_temp_load_5, i32 %zext_ln86_1" [../import_files/import_files/2D_idct.cpp:86]   --->   Operation 77 'lshr' 'lshr_ln86' <Predicate = (!tmp)> <Delay = 4.42> <CoreInst = "Shifter">   --->   Core 75 'Shifter' <Latency = 0> <II = 1> <Delay = 4.42> <FuncUnit> <Opcode : 'shl' 'lshr' 'ashr'> <InPorts = 2> <OutPorts = 1>
ST_3 : Operation 78 [1/1] (0.00ns)   --->   "%tmp1_1 = trunc i32 %lshr_ln86" [../import_files/import_files/2D_idct.cpp:86]   --->   Operation 78 'trunc' 'tmp1_1' <Predicate = (!tmp)> <Delay = 0.00>
ST_3 : Operation 79 [2/2] (3.25ns)   --->   "%DCAC_temp_load_6 = load i5 %DCAC_temp_addr_6" [../import_files/import_files/2D_idct.cpp:87]   --->   Operation 79 'load' 'DCAC_temp_load_6' <Predicate = (!tmp)> <Delay = 3.25> <CoreInst = "RAM">   --->   Core 82 'RAM' <Latency = 1> <II = 1> <Delay = 3.25> <Storage> <Opcode : 'load' 'store'> <Ports = 2> <Width = 32> <Depth = 32> <RAM>
ST_3 : Operation 80 [2/2] (3.25ns)   --->   "%DCAC_temp_load_7 = load i5 %DCAC_temp_addr_7" [../import_files/import_files/2D_idct.cpp:88]   --->   Operation 80 'load' 'DCAC_temp_load_7' <Predicate = (!tmp)> <Delay = 3.25> <CoreInst = "RAM">   --->   Core 82 'RAM' <Latency = 1> <II = 1> <Delay = 3.25> <Storage> <Opcode : 'load' 'store'> <Ports = 2> <Width = 32> <Depth = 32> <RAM>

State 4 <SV = 3> <Delay = 7.67>
ST_4 : Operation 81 [1/1] (0.00ns)   --->   "%sext_ln49 = sext i16 %z2" [../import_files/import_files/2D_idct.cpp:49]   --->   Operation 81 'sext' 'sext_ln49' <Predicate = (!tmp)> <Delay = 0.00>
ST_4 : Operation 82 [1/1] (0.00ns)   --->   "%sext_ln49_2 = sext i16 %z3" [../import_files/import_files/2D_idct.cpp:49]   --->   Operation 82 'sext' 'sext_ln49_2' <Predicate = (!tmp)> <Delay = 0.00>
ST_4 : Operation 83 [3/4] (1.05ns) (root node of the DSP)   --->   "%z1 = mul i31 %sext_ln66, i31 4433" [../import_files/import_files/2D_idct.cpp:66]   --->   Operation 83 'mul' 'z1' <Predicate = (!tmp)> <Delay = 1.05> <CoreInst = "DSP48">   --->   Core 119 'DSP48' <Latency = 3> <II = 1> <Delay = 2.15> <IPBlock> <Opcode : 'mul' 'add' 'sub' 'select'> <InPorts = 0> <OutPorts = 1> <Sync> <CReg>
ST_4 : Operation 84 [3/3] (1.05ns) (grouped into DSP with root node tmp2)   --->   "%mul_ln67 = mul i31 %sext_ln49_2, i31 2147468511" [../import_files/import_files/2D_idct.cpp:67]   --->   Operation 84 'mul' 'mul_ln67' <Predicate = (!tmp)> <Delay = 1.05> <CoreInst = "DSP48">   --->   Core 119 'DSP48' <Latency = 3> <II = 1> <Delay = 2.15> <IPBlock> <Opcode : 'mul' 'add' 'sub' 'select'> <InPorts = 0> <OutPorts = 1> <Sync> <CReg>
ST_4 : Operation 85 [3/3] (1.05ns) (grouped into DSP with root node tmp3)   --->   "%mul_ln68 = mul i30 %sext_ln49, i30 6270" [../import_files/import_files/2D_idct.cpp:68]   --->   Operation 85 'mul' 'mul_ln68' <Predicate = (!tmp)> <Delay = 1.05> <CoreInst = "DSP48">   --->   Core 119 'DSP48' <Latency = 3> <II = 1> <Delay = 2.15> <IPBlock> <Opcode : 'mul' 'add' 'sub' 'select'> <InPorts = 0> <OutPorts = 1> <Sync> <CReg>
ST_4 : Operation 86 [1/2] (3.25ns)   --->   "%DCAC_temp_load_6 = load i5 %DCAC_temp_addr_6" [../import_files/import_files/2D_idct.cpp:87]   --->   Operation 86 'load' 'DCAC_temp_load_6' <Predicate = (!tmp)> <Delay = 3.25> <CoreInst = "RAM">   --->   Core 82 'RAM' <Latency = 1> <II = 1> <Delay = 3.25> <Storage> <Opcode : 'load' 'store'> <Ports = 2> <Width = 32> <Depth = 32> <RAM>
ST_4 : Operation 87 [1/1] (0.00ns)   --->   "%zext_ln87_1 = zext i5 %and_ln" [../import_files/import_files/2D_idct.cpp:87]   --->   Operation 87 'zext' 'zext_ln87_1' <Predicate = (!tmp)> <Delay = 0.00>
ST_4 : Operation 88 [1/1] (4.42ns)   --->   "%lshr_ln87 = lshr i32 %DCAC_temp_load_6, i32 %zext_ln87_1" [../import_files/import_files/2D_idct.cpp:87]   --->   Operation 88 'lshr' 'lshr_ln87' <Predicate = (!tmp)> <Delay = 4.42> <CoreInst = "Shifter">   --->   Core 75 'Shifter' <Latency = 0> <II = 1> <Delay = 4.42> <FuncUnit> <Opcode : 'shl' 'lshr' 'ashr'> <InPorts = 2> <OutPorts = 1>
ST_4 : Operation 89 [1/1] (0.00ns)   --->   "%tmp2_1 = trunc i32 %lshr_ln87" [../import_files/import_files/2D_idct.cpp:87]   --->   Operation 89 'trunc' 'tmp2_1' <Predicate = (!tmp)> <Delay = 0.00>
ST_4 : Operation 90 [1/2] (3.25ns)   --->   "%DCAC_temp_load_7 = load i5 %DCAC_temp_addr_7" [../import_files/import_files/2D_idct.cpp:88]   --->   Operation 90 'load' 'DCAC_temp_load_7' <Predicate = (!tmp)> <Delay = 3.25> <CoreInst = "RAM">   --->   Core 82 'RAM' <Latency = 1> <II = 1> <Delay = 3.25> <Storage> <Opcode : 'load' 'store'> <Ports = 2> <Width = 32> <Depth = 32> <RAM>
ST_4 : Operation 91 [1/1] (0.00ns)   --->   "%zext_ln88_1 = zext i5 %and_ln" [../import_files/import_files/2D_idct.cpp:88]   --->   Operation 91 'zext' 'zext_ln88_1' <Predicate = (!tmp)> <Delay = 0.00>
ST_4 : Operation 92 [1/1] (4.42ns)   --->   "%lshr_ln88 = lshr i32 %DCAC_temp_load_7, i32 %zext_ln88_1" [../import_files/import_files/2D_idct.cpp:88]   --->   Operation 92 'lshr' 'lshr_ln88' <Predicate = (!tmp)> <Delay = 4.42> <CoreInst = "Shifter">   --->   Core 75 'Shifter' <Latency = 0> <II = 1> <Delay = 4.42> <FuncUnit> <Opcode : 'shl' 'lshr' 'ashr'> <InPorts = 2> <OutPorts = 1>
ST_4 : Operation 93 [1/1] (0.00ns)   --->   "%tmp3_1 = trunc i32 %lshr_ln88" [../import_files/import_files/2D_idct.cpp:88]   --->   Operation 93 'trunc' 'tmp3_1' <Predicate = (!tmp)> <Delay = 0.00>
ST_4 : Operation 94 [1/1] (0.00ns)   --->   "%or_ln63 = or i2 %empty_59, i2 1" [../import_files/import_files/2D_idct.cpp:63]   --->   Operation 94 'or' 'or_ln63' <Predicate = (!tmp)> <Delay = 0.00>
ST_4 : Operation 95 [1/1] (0.00ns)   --->   "%tmp_s = bitconcatenate i3 @_ssdm_op_BitConcatenate.i3.i1.i2, i1 1, i2 %or_ln63" [../import_files/import_files/2D_idct.cpp:85]   --->   Operation 95 'bitconcatenate' 'tmp_s' <Predicate = (!tmp)> <Delay = 0.00>
ST_4 : Operation 96 [1/1] (0.00ns)   --->   "%sext_ln85_1 = sext i3 %tmp_s" [../import_files/import_files/2D_idct.cpp:85]   --->   Operation 96 'sext' 'sext_ln85_1' <Predicate = (!tmp)> <Delay = 0.00>
ST_4 : Operation 97 [1/1] (0.00ns)   --->   "%zext_ln85_2 = zext i5 %sext_ln85_1" [../import_files/import_files/2D_idct.cpp:85]   --->   Operation 97 'zext' 'zext_ln85_2' <Predicate = (!tmp)> <Delay = 0.00>
ST_4 : Operation 98 [1/1] (0.00ns)   --->   "%DCAC_temp_addr_12 = getelementptr i32 %DCAC_temp, i64 0, i64 %zext_ln85_2" [../import_files/import_files/2D_idct.cpp:85]   --->   Operation 98 'getelementptr' 'DCAC_temp_addr_12' <Predicate = (!tmp)> <Delay = 0.00>
ST_4 : Operation 99 [1/1] (0.00ns)   --->   "%tmp_17_cast = bitconcatenate i5 @_ssdm_op_BitConcatenate.i5.i3.i2, i3 5, i2 %or_ln63" [../import_files/import_files/2D_idct.cpp:86]   --->   Operation 99 'bitconcatenate' 'tmp_17_cast' <Predicate = (!tmp)> <Delay = 0.00>
ST_4 : Operation 100 [1/1] (0.00ns)   --->   "%zext_ln86_2 = zext i5 %tmp_17_cast" [../import_files/import_files/2D_idct.cpp:86]   --->   Operation 100 'zext' 'zext_ln86_2' <Predicate = (!tmp)> <Delay = 0.00>
ST_4 : Operation 101 [1/1] (0.00ns)   --->   "%DCAC_temp_addr_13 = getelementptr i32 %DCAC_temp, i64 0, i64 %zext_ln86_2" [../import_files/import_files/2D_idct.cpp:86]   --->   Operation 101 'getelementptr' 'DCAC_temp_addr_13' <Predicate = (!tmp)> <Delay = 0.00>
ST_4 : Operation 102 [2/2] (3.25ns)   --->   "%DCAC_temp_load_12 = load i5 %DCAC_temp_addr_12" [../import_files/import_files/2D_idct.cpp:85]   --->   Operation 102 'load' 'DCAC_temp_load_12' <Predicate = (!tmp)> <Delay = 3.25> <CoreInst = "RAM">   --->   Core 82 'RAM' <Latency = 1> <II = 1> <Delay = 3.25> <Storage> <Opcode : 'load' 'store'> <Ports = 2> <Width = 32> <Depth = 32> <RAM>
ST_4 : Operation 103 [2/2] (3.25ns)   --->   "%DCAC_temp_load_13 = load i5 %DCAC_temp_addr_13" [../import_files/import_files/2D_idct.cpp:86]   --->   Operation 103 'load' 'DCAC_temp_load_13' <Predicate = (!tmp)> <Delay = 3.25> <CoreInst = "RAM">   --->   Core 82 'RAM' <Latency = 1> <II = 1> <Delay = 3.25> <Storage> <Opcode : 'load' 'store'> <Ports = 2> <Width = 32> <Depth = 32> <RAM>

State 5 <SV = 4> <Delay = 7.67>
ST_5 : Operation 104 [2/4] (1.05ns) (root node of the DSP)   --->   "%z1 = mul i31 %sext_ln66, i31 4433" [../import_files/import_files/2D_idct.cpp:66]   --->   Operation 104 'mul' 'z1' <Predicate = (!tmp)> <Delay = 1.05> <CoreInst = "DSP48">   --->   Core 119 'DSP48' <Latency = 3> <II = 1> <Delay = 2.15> <IPBlock> <Opcode : 'mul' 'add' 'sub' 'select'> <InPorts = 0> <OutPorts = 1> <Sync> <CReg>
ST_5 : Operation 105 [2/3] (1.05ns) (grouped into DSP with root node tmp2)   --->   "%mul_ln67 = mul i31 %sext_ln49_2, i31 2147468511" [../import_files/import_files/2D_idct.cpp:67]   --->   Operation 105 'mul' 'mul_ln67' <Predicate = (!tmp)> <Delay = 1.05> <CoreInst = "DSP48">   --->   Core 119 'DSP48' <Latency = 3> <II = 1> <Delay = 2.15> <IPBlock> <Opcode : 'mul' 'add' 'sub' 'select'> <InPorts = 0> <OutPorts = 1> <Sync> <CReg>
ST_5 : Operation 106 [2/3] (1.05ns) (grouped into DSP with root node tmp3)   --->   "%mul_ln68 = mul i30 %sext_ln49, i30 6270" [../import_files/import_files/2D_idct.cpp:68]   --->   Operation 106 'mul' 'mul_ln68' <Predicate = (!tmp)> <Delay = 1.05> <CoreInst = "DSP48">   --->   Core 119 'DSP48' <Latency = 3> <II = 1> <Delay = 2.15> <IPBlock> <Opcode : 'mul' 'add' 'sub' 'select'> <InPorts = 0> <OutPorts = 1> <Sync> <CReg>
ST_5 : Operation 107 [1/1] (0.00ns)   --->   "%sext_ln47_3 = sext i16 %tmp0_1" [../import_files/import_files/2D_idct.cpp:47]   --->   Operation 107 'sext' 'sext_ln47_3' <Predicate = (!tmp)> <Delay = 0.00>
ST_5 : Operation 108 [1/1] (0.00ns)   --->   "%sext_ln47_4 = sext i16 %tmp1_1" [../import_files/import_files/2D_idct.cpp:47]   --->   Operation 108 'sext' 'sext_ln47_4' <Predicate = (!tmp)> <Delay = 0.00>
ST_5 : Operation 109 [1/1] (0.00ns)   --->   "%sext_ln47_5 = sext i16 %tmp2_1" [../import_files/import_files/2D_idct.cpp:47]   --->   Operation 109 'sext' 'sext_ln47_5' <Predicate = (!tmp)> <Delay = 0.00>
ST_5 : Operation 110 [1/1] (2.07ns)   --->   "%z3_1 = add i17 %sext_ln47_5, i17 %sext_ln47_3" [../import_files/import_files/2D_idct.cpp:92]   --->   Operation 110 'add' 'z3_1' <Predicate = (!tmp)> <Delay = 2.07> <CoreInst = "Adder">   --->   Core 1 'Adder' <Latency = 0> <II = 1> <Delay = 2.07> <FuncUnit> <Opcode : 'add' 'sub'> <InPorts = 2> <OutPorts = 1>
ST_5 : Operation 111 [1/1] (0.00ns)   --->   "%sext_ln49_5 = sext i17 %z3_1" [../import_files/import_files/2D_idct.cpp:49]   --->   Operation 111 'sext' 'sext_ln49_5' <Predicate = (!tmp)> <Delay = 0.00>
ST_5 : Operation 112 [1/1] (2.25ns) (grouped into DSP with root node z2_2)   --->   "%z2_1 = add i17 %sext_ln47_5, i17 %sext_ln47_4" [../import_files/import_files/2D_idct.cpp:91]   --->   Operation 112 'add' 'z2_1' <Predicate = (!tmp)> <Delay = 2.25> <CoreInst = "DSP48">   --->   Core 119 'DSP48' <Latency = 3> <II = 1> <Delay = 2.15> <IPBlock> <Opcode : 'mul' 'add' 'sub' 'select'> <InPorts = 0> <OutPorts = 1> <Sync> <CReg>
ST_5 : Operation 113 [1/1] (0.00ns) (grouped into DSP with root node z2_2)   --->   "%sext_ln49_6 = sext i17 %z2_1" [../import_files/import_files/2D_idct.cpp:49]   --->   Operation 113 'sext' 'sext_ln49_6' <Predicate = (!tmp)> <Delay = 0.00>
ST_5 : Operation 114 [1/1] (0.00ns)   --->   "%sext_ln47_7 = sext i16 %tmp3_1" [../import_files/import_files/2D_idct.cpp:47]   --->   Operation 114 'sext' 'sext_ln47_7' <Predicate = (!tmp)> <Delay = 0.00>
ST_5 : Operation 115 [1/1] (2.07ns)   --->   "%z4 = add i17 %sext_ln47_7, i17 %sext_ln47_4" [../import_files/import_files/2D_idct.cpp:93]   --->   Operation 115 'add' 'z4' <Predicate = (!tmp)> <Delay = 2.07> <CoreInst = "Adder">   --->   Core 1 'Adder' <Latency = 0> <II = 1> <Delay = 2.07> <FuncUnit> <Opcode : 'add' 'sub'> <InPorts = 2> <OutPorts = 1>
ST_5 : Operation 116 [1/1] (0.00ns)   --->   "%sext_ln49_8 = sext i17 %z4" [../import_files/import_files/2D_idct.cpp:49]   --->   Operation 116 'sext' 'sext_ln49_8' <Predicate = (!tmp)> <Delay = 0.00>
ST_5 : Operation 117 [1/1] (2.25ns) (grouped into DSP with root node z5)   --->   "%add_ln94 = add i18 %sext_ln49_8, i18 %sext_ln49_5" [../import_files/import_files/2D_idct.cpp:94]   --->   Operation 117 'add' 'add_ln94' <Predicate = (!tmp)> <Delay = 2.25> <CoreInst = "DSP48">   --->   Core 119 'DSP48' <Latency = 3> <II = 1> <Delay = 2.15> <IPBlock> <Opcode : 'mul' 'add' 'sub' 'select'> <InPorts = 0> <OutPorts = 1> <Sync> <CReg>
ST_5 : Operation 118 [1/1] (0.00ns) (grouped into DSP with root node z5)   --->   "%sext_ln94 = sext i18 %add_ln94" [../import_files/import_files/2D_idct.cpp:94]   --->   Operation 118 'sext' 'sext_ln94' <Predicate = (!tmp)> <Delay = 0.00>
ST_5 : Operation 119 [1/1] (2.25ns) (grouped into DSP with root node z1_2)   --->   "%z1_1 = add i17 %sext_ln47_7, i17 %sext_ln47_3" [../import_files/import_files/2D_idct.cpp:90]   --->   Operation 119 'add' 'z1_1' <Predicate = (!tmp)> <Delay = 2.25> <CoreInst = "DSP48">   --->   Core 119 'DSP48' <Latency = 3> <II = 1> <Delay = 2.15> <IPBlock> <Opcode : 'mul' 'add' 'sub' 'select'> <InPorts = 0> <OutPorts = 1> <Sync> <CReg>
ST_5 : Operation 120 [1/1] (0.00ns) (grouped into DSP with root node z1_2)   --->   "%sext_ln49_9 = sext i17 %z1_1" [../import_files/import_files/2D_idct.cpp:49]   --->   Operation 120 'sext' 'sext_ln49_9' <Predicate = (!tmp)> <Delay = 0.00>
ST_5 : Operation 121 [4/4] (1.05ns) (root node of the DSP)   --->   "%z5 = mul i32 %sext_ln94, i32 9633" [../import_files/import_files/2D_idct.cpp:94]   --->   Operation 121 'mul' 'z5' <Predicate = (!tmp)> <Delay = 1.05> <CoreInst = "DSP48">   --->   Core 119 'DSP48' <Latency = 3> <II = 1> <Delay = 2.15> <IPBlock> <Opcode : 'mul' 'add' 'sub' 'select'> <InPorts = 0> <OutPorts = 1> <Sync> <CReg>
ST_5 : Operation 122 [4/4] (1.05ns) (root node of the DSP)   --->   "%z1_2 = mul i31 %sext_ln49_9, i31 2147476275" [../import_files/import_files/2D_idct.cpp:100]   --->   Operation 122 'mul' 'z1_2' <Predicate = (!tmp)> <Delay = 1.05> <CoreInst = "DSP48">   --->   Core 119 'DSP48' <Latency = 3> <II = 1> <Delay = 2.15> <IPBlock> <Opcode : 'mul' 'add' 'sub' 'select'> <InPorts = 0> <OutPorts = 1> <Sync> <CReg>
ST_5 : Operation 123 [4/4] (1.05ns) (root node of the DSP)   --->   "%z2_2 = mul i32 %sext_ln49_6, i32 4294946301" [../import_files/import_files/2D_idct.cpp:101]   --->   Operation 123 'mul' 'z2_2' <Predicate = (!tmp)> <Delay = 1.05> <CoreInst = "DSP48">   --->   Core 119 'DSP48' <Latency = 3> <II = 1> <Delay = 2.15> <IPBlock> <Opcode : 'mul' 'add' 'sub' 'select'> <InPorts = 0> <OutPorts = 1> <Sync> <CReg>
ST_5 : Operation 124 [1/1] (0.00ns)   --->   "%sext_ln87_3 = sext i3 %tmp_s" [../import_files/import_files/2D_idct.cpp:87]   --->   Operation 124 'sext' 'sext_ln87_3' <Predicate = (!tmp)> <Delay = 0.00>
ST_5 : Operation 125 [1/1] (0.00ns)   --->   "%zext_ln87_2 = zext i4 %sext_ln87_3" [../import_files/import_files/2D_idct.cpp:87]   --->   Operation 125 'zext' 'zext_ln87_2' <Predicate = (!tmp)> <Delay = 0.00>
ST_5 : Operation 126 [1/1] (0.00ns)   --->   "%DCAC_temp_addr_14 = getelementptr i32 %DCAC_temp, i64 0, i64 %zext_ln87_2" [../import_files/import_files/2D_idct.cpp:87]   --->   Operation 126 'getelementptr' 'DCAC_temp_addr_14' <Predicate = (!tmp)> <Delay = 0.00>
ST_5 : Operation 127 [1/1] (0.00ns)   --->   "%zext_ln88_2 = zext i3 %tmp_s" [../import_files/import_files/2D_idct.cpp:88]   --->   Operation 127 'zext' 'zext_ln88_2' <Predicate = (!tmp)> <Delay = 0.00>
ST_5 : Operation 128 [1/1] (0.00ns)   --->   "%DCAC_temp_addr_15 = getelementptr i32 %DCAC_temp, i64 0, i64 %zext_ln88_2" [../import_files/import_files/2D_idct.cpp:88]   --->   Operation 128 'getelementptr' 'DCAC_temp_addr_15' <Predicate = (!tmp)> <Delay = 0.00>
ST_5 : Operation 129 [1/2] (3.25ns)   --->   "%DCAC_temp_load_12 = load i5 %DCAC_temp_addr_12" [../import_files/import_files/2D_idct.cpp:85]   --->   Operation 129 'load' 'DCAC_temp_load_12' <Predicate = (!tmp)> <Delay = 3.25> <CoreInst = "RAM">   --->   Core 82 'RAM' <Latency = 1> <II = 1> <Delay = 3.25> <Storage> <Opcode : 'load' 'store'> <Ports = 2> <Width = 32> <Depth = 32> <RAM>
ST_5 : Operation 130 [1/1] (0.00ns)   --->   "%zext_ln85_3 = zext i5 %and_ln" [../import_files/import_files/2D_idct.cpp:85]   --->   Operation 130 'zext' 'zext_ln85_3' <Predicate = (!tmp)> <Delay = 0.00>
ST_5 : Operation 131 [1/1] (4.42ns)   --->   "%lshr_ln85_1 = lshr i32 %DCAC_temp_load_12, i32 %zext_ln85_3" [../import_files/import_files/2D_idct.cpp:85]   --->   Operation 131 'lshr' 'lshr_ln85_1' <Predicate = (!tmp)> <Delay = 4.42> <CoreInst = "Shifter">   --->   Core 75 'Shifter' <Latency = 0> <II = 1> <Delay = 4.42> <FuncUnit> <Opcode : 'shl' 'lshr' 'ashr'> <InPorts = 2> <OutPorts = 1>
ST_5 : Operation 132 [1/1] (0.00ns)   --->   "%tmp0_5 = trunc i32 %lshr_ln85_1" [../import_files/import_files/2D_idct.cpp:85]   --->   Operation 132 'trunc' 'tmp0_5' <Predicate = (!tmp)> <Delay = 0.00>
ST_5 : Operation 133 [1/2] (3.25ns)   --->   "%DCAC_temp_load_13 = load i5 %DCAC_temp_addr_13" [../import_files/import_files/2D_idct.cpp:86]   --->   Operation 133 'load' 'DCAC_temp_load_13' <Predicate = (!tmp)> <Delay = 3.25> <CoreInst = "RAM">   --->   Core 82 'RAM' <Latency = 1> <II = 1> <Delay = 3.25> <Storage> <Opcode : 'load' 'store'> <Ports = 2> <Width = 32> <Depth = 32> <RAM>
ST_5 : Operation 134 [1/1] (0.00ns)   --->   "%zext_ln86_3 = zext i5 %and_ln" [../import_files/import_files/2D_idct.cpp:86]   --->   Operation 134 'zext' 'zext_ln86_3' <Predicate = (!tmp)> <Delay = 0.00>
ST_5 : Operation 135 [1/1] (4.42ns)   --->   "%lshr_ln86_1 = lshr i32 %DCAC_temp_load_13, i32 %zext_ln86_3" [../import_files/import_files/2D_idct.cpp:86]   --->   Operation 135 'lshr' 'lshr_ln86_1' <Predicate = (!tmp)> <Delay = 4.42> <CoreInst = "Shifter">   --->   Core 75 'Shifter' <Latency = 0> <II = 1> <Delay = 4.42> <FuncUnit> <Opcode : 'shl' 'lshr' 'ashr'> <InPorts = 2> <OutPorts = 1>
ST_5 : Operation 136 [1/1] (0.00ns)   --->   "%tmp1_5 = trunc i32 %lshr_ln86_1" [../import_files/import_files/2D_idct.cpp:86]   --->   Operation 136 'trunc' 'tmp1_5' <Predicate = (!tmp)> <Delay = 0.00>
ST_5 : Operation 137 [2/2] (3.25ns)   --->   "%DCAC_temp_load_14 = load i5 %DCAC_temp_addr_14" [../import_files/import_files/2D_idct.cpp:87]   --->   Operation 137 'load' 'DCAC_temp_load_14' <Predicate = (!tmp)> <Delay = 3.25> <CoreInst = "RAM">   --->   Core 82 'RAM' <Latency = 1> <II = 1> <Delay = 3.25> <Storage> <Opcode : 'load' 'store'> <Ports = 2> <Width = 32> <Depth = 32> <RAM>
ST_5 : Operation 138 [2/2] (3.25ns)   --->   "%DCAC_temp_load_15 = load i5 %DCAC_temp_addr_15" [../import_files/import_files/2D_idct.cpp:88]   --->   Operation 138 'load' 'DCAC_temp_load_15' <Predicate = (!tmp)> <Delay = 3.25> <CoreInst = "RAM">   --->   Core 82 'RAM' <Latency = 1> <II = 1> <Delay = 3.25> <Storage> <Opcode : 'load' 'store'> <Ports = 2> <Width = 32> <Depth = 32> <RAM>

State 6 <SV = 5> <Delay = 7.67>
ST_6 : Operation 139 [1/4] (0.00ns) (root node of the DSP)   --->   "%z1 = mul i31 %sext_ln66, i31 4433" [../import_files/import_files/2D_idct.cpp:66]   --->   Operation 139 'mul' 'z1' <Predicate = (!tmp)> <Delay = 0.00> <CoreInst = "DSP48">   --->   Core 119 'DSP48' <Latency = 3> <II = 1> <Delay = 2.15> <IPBlock> <Opcode : 'mul' 'add' 'sub' 'select'> <InPorts = 0> <OutPorts = 1> <Sync> <CReg>
ST_6 : Operation 140 [1/1] (0.00ns)   --->   "%trunc_ln49 = trunc i31 %z1" [../import_files/import_files/2D_idct.cpp:49]   --->   Operation 140 'trunc' 'trunc_ln49' <Predicate = (!tmp)> <Delay = 0.00>
ST_6 : Operation 141 [1/3] (0.00ns) (grouped into DSP with root node tmp2)   --->   "%mul_ln67 = mul i31 %sext_ln49_2, i31 2147468511" [../import_files/import_files/2D_idct.cpp:67]   --->   Operation 141 'mul' 'mul_ln67' <Predicate = (!tmp)> <Delay = 0.00> <CoreInst = "DSP48">   --->   Core 119 'DSP48' <Latency = 3> <II = 1> <Delay = 2.15> <IPBlock> <Opcode : 'mul' 'add' 'sub' 'select'> <InPorts = 0> <OutPorts = 1> <Sync> <CReg>
ST_6 : Operation 142 [2/2] (2.10ns) (root node of the DSP)   --->   "%tmp2 = add i31 %z1, i31 %mul_ln67" [../import_files/import_files/2D_idct.cpp:67]   --->   Operation 142 'add' 'tmp2' <Predicate = (!tmp)> <Delay = 2.10> <CoreInst = "DSP48">   --->   Core 119 'DSP48' <Latency = 3> <II = 1> <Delay = 2.15> <IPBlock> <Opcode : 'mul' 'add' 'sub' 'select'> <InPorts = 0> <OutPorts = 1> <Sync> <CReg>
ST_6 : Operation 143 [1/3] (0.00ns) (grouped into DSP with root node tmp3)   --->   "%mul_ln68 = mul i30 %sext_ln49, i30 6270" [../import_files/import_files/2D_idct.cpp:68]   --->   Operation 143 'mul' 'mul_ln68' <Predicate = (!tmp)> <Delay = 0.00> <CoreInst = "DSP48">   --->   Core 119 'DSP48' <Latency = 3> <II = 1> <Delay = 2.15> <IPBlock> <Opcode : 'mul' 'add' 'sub' 'select'> <InPorts = 0> <OutPorts = 1> <Sync> <CReg>
ST_6 : Operation 144 [2/2] (2.10ns) (root node of the DSP)   --->   "%tmp3 = add i30 %trunc_ln49, i30 %mul_ln68" [../import_files/import_files/2D_idct.cpp:68]   --->   Operation 144 'add' 'tmp3' <Predicate = (!tmp)> <Delay = 2.10> <CoreInst = "DSP48">   --->   Core 119 'DSP48' <Latency = 3> <II = 1> <Delay = 2.15> <IPBlock> <Opcode : 'mul' 'add' 'sub' 'select'> <InPorts = 0> <OutPorts = 1> <Sync> <CReg>
ST_6 : Operation 145 [1/1] (0.00ns)   --->   "%sext_ln49_4 = sext i17 %z3_1" [../import_files/import_files/2D_idct.cpp:49]   --->   Operation 145 'sext' 'sext_ln49_4' <Predicate = (!tmp)> <Delay = 0.00>
ST_6 : Operation 146 [1/1] (0.00ns)   --->   "%sext_ln47_6 = sext i16 %tmp3_1" [../import_files/import_files/2D_idct.cpp:47]   --->   Operation 146 'sext' 'sext_ln47_6' <Predicate = (!tmp)> <Delay = 0.00>
ST_6 : Operation 147 [3/4] (1.05ns) (root node of the DSP)   --->   "%z5 = mul i32 %sext_ln94, i32 9633" [../import_files/import_files/2D_idct.cpp:94]   --->   Operation 147 'mul' 'z5' <Predicate = (!tmp)> <Delay = 1.05> <CoreInst = "DSP48">   --->   Core 119 'DSP48' <Latency = 3> <II = 1> <Delay = 2.15> <IPBlock> <Opcode : 'mul' 'add' 'sub' 'select'> <InPorts = 0> <OutPorts = 1> <Sync> <CReg>
ST_6 : Operation 148 [3/3] (1.05ns) (grouped into DSP with root node add_ln111)   --->   "%tmp3_2 = mul i31 %sext_ln47_6, i31 12299" [../import_files/import_files/2D_idct.cpp:99]   --->   Operation 148 'mul' 'tmp3_2' <Predicate = (!tmp)> <Delay = 1.05> <CoreInst = "DSP48">   --->   Core 119 'DSP48' <Latency = 3> <II = 1> <Delay = 2.15> <IPBlock> <Opcode : 'mul' 'add' 'sub' 'select'> <InPorts = 0> <OutPorts = 1> <Sync> <CReg>
ST_6 : Operation 149 [3/4] (1.05ns) (root node of the DSP)   --->   "%z1_2 = mul i31 %sext_ln49_9, i31 2147476275" [../import_files/import_files/2D_idct.cpp:100]   --->   Operation 149 'mul' 'z1_2' <Predicate = (!tmp)> <Delay = 1.05> <CoreInst = "DSP48">   --->   Core 119 'DSP48' <Latency = 3> <II = 1> <Delay = 2.15> <IPBlock> <Opcode : 'mul' 'add' 'sub' 'select'> <InPorts = 0> <OutPorts = 1> <Sync> <CReg>
ST_6 : Operation 150 [3/4] (1.05ns) (root node of the DSP)   --->   "%z2_2 = mul i32 %sext_ln49_6, i32 4294946301" [../import_files/import_files/2D_idct.cpp:101]   --->   Operation 150 'mul' 'z2_2' <Predicate = (!tmp)> <Delay = 1.05> <CoreInst = "DSP48">   --->   Core 119 'DSP48' <Latency = 3> <II = 1> <Delay = 2.15> <IPBlock> <Opcode : 'mul' 'add' 'sub' 'select'> <InPorts = 0> <OutPorts = 1> <Sync> <CReg>
ST_6 : Operation 151 [3/3] (1.05ns) (grouped into DSP with root node z3_3)   --->   "%z3_2 = mul i32 %sext_ln49_4, i32 4294951227" [../import_files/import_files/2D_idct.cpp:102]   --->   Operation 151 'mul' 'z3_2' <Predicate = (!tmp)> <Delay = 1.05> <CoreInst = "DSP48">   --->   Core 119 'DSP48' <Latency = 3> <II = 1> <Delay = 2.15> <IPBlock> <Opcode : 'mul' 'add' 'sub' 'select'> <InPorts = 0> <OutPorts = 1> <Sync> <CReg>
ST_6 : Operation 152 [1/1] (0.00ns)   --->   "%tmp_13_cast = bitconcatenate i4 @_ssdm_op_BitConcatenate.i4.i2.i2, i2 2, i2 %or_ln63" [../import_files/import_files/2D_idct.cpp:63]   --->   Operation 152 'bitconcatenate' 'tmp_13_cast' <Predicate = (!tmp)> <Delay = 0.00>
ST_6 : Operation 153 [1/1] (0.00ns)   --->   "%zext_ln63_5 = zext i4 %tmp_13_cast" [../import_files/import_files/2D_idct.cpp:63]   --->   Operation 153 'zext' 'zext_ln63_5' <Predicate = (!tmp)> <Delay = 0.00>
ST_6 : Operation 154 [1/1] (0.00ns)   --->   "%DCAC_temp_addr_8 = getelementptr i32 %DCAC_temp, i64 0, i64 %zext_ln63_5" [../import_files/import_files/2D_idct.cpp:63]   --->   Operation 154 'getelementptr' 'DCAC_temp_addr_8' <Predicate = (!tmp)> <Delay = 0.00>
ST_6 : Operation 155 [1/1] (0.00ns)   --->   "%sext_ln64_1 = sext i4 %tmp_13_cast" [../import_files/import_files/2D_idct.cpp:64]   --->   Operation 155 'sext' 'sext_ln64_1' <Predicate = (!tmp)> <Delay = 0.00>
ST_6 : Operation 156 [1/1] (0.00ns)   --->   "%zext_ln64_2 = zext i5 %sext_ln64_1" [../import_files/import_files/2D_idct.cpp:64]   --->   Operation 156 'zext' 'zext_ln64_2' <Predicate = (!tmp)> <Delay = 0.00>
ST_6 : Operation 157 [1/1] (0.00ns)   --->   "%DCAC_temp_addr_9 = getelementptr i32 %DCAC_temp, i64 0, i64 %zext_ln64_2" [../import_files/import_files/2D_idct.cpp:64]   --->   Operation 157 'getelementptr' 'DCAC_temp_addr_9' <Predicate = (!tmp)> <Delay = 0.00>
ST_6 : Operation 158 [2/2] (3.25ns)   --->   "%DCAC_temp_load_8 = load i5 %DCAC_temp_addr_8" [../import_files/import_files/2D_idct.cpp:63]   --->   Operation 158 'load' 'DCAC_temp_load_8' <Predicate = (!tmp)> <Delay = 3.25> <CoreInst = "RAM">   --->   Core 82 'RAM' <Latency = 1> <II = 1> <Delay = 3.25> <Storage> <Opcode : 'load' 'store'> <Ports = 2> <Width = 32> <Depth = 32> <RAM>
ST_6 : Operation 159 [2/2] (3.25ns)   --->   "%DCAC_temp_load_9 = load i5 %DCAC_temp_addr_9" [../import_files/import_files/2D_idct.cpp:64]   --->   Operation 159 'load' 'DCAC_temp_load_9' <Predicate = (!tmp)> <Delay = 3.25> <CoreInst = "RAM">   --->   Core 82 'RAM' <Latency = 1> <II = 1> <Delay = 3.25> <Storage> <Opcode : 'load' 'store'> <Ports = 2> <Width = 32> <Depth = 32> <RAM>
ST_6 : Operation 160 [1/2] (3.25ns)   --->   "%DCAC_temp_load_14 = load i5 %DCAC_temp_addr_14" [../import_files/import_files/2D_idct.cpp:87]   --->   Operation 160 'load' 'DCAC_temp_load_14' <Predicate = (!tmp)> <Delay = 3.25> <CoreInst = "RAM">   --->   Core 82 'RAM' <Latency = 1> <II = 1> <Delay = 3.25> <Storage> <Opcode : 'load' 'store'> <Ports = 2> <Width = 32> <Depth = 32> <RAM>
ST_6 : Operation 161 [1/1] (0.00ns)   --->   "%zext_ln87_3 = zext i5 %and_ln" [../import_files/import_files/2D_idct.cpp:87]   --->   Operation 161 'zext' 'zext_ln87_3' <Predicate = (!tmp)> <Delay = 0.00>
ST_6 : Operation 162 [1/1] (4.42ns)   --->   "%lshr_ln87_1 = lshr i32 %DCAC_temp_load_14, i32 %zext_ln87_3" [../import_files/import_files/2D_idct.cpp:87]   --->   Operation 162 'lshr' 'lshr_ln87_1' <Predicate = (!tmp)> <Delay = 4.42> <CoreInst = "Shifter">   --->   Core 75 'Shifter' <Latency = 0> <II = 1> <Delay = 4.42> <FuncUnit> <Opcode : 'shl' 'lshr' 'ashr'> <InPorts = 2> <OutPorts = 1>
ST_6 : Operation 163 [1/1] (0.00ns)   --->   "%tmp2_5 = trunc i32 %lshr_ln87_1" [../import_files/import_files/2D_idct.cpp:87]   --->   Operation 163 'trunc' 'tmp2_5' <Predicate = (!tmp)> <Delay = 0.00>
ST_6 : Operation 164 [1/2] (3.25ns)   --->   "%DCAC_temp_load_15 = load i5 %DCAC_temp_addr_15" [../import_files/import_files/2D_idct.cpp:88]   --->   Operation 164 'load' 'DCAC_temp_load_15' <Predicate = (!tmp)> <Delay = 3.25> <CoreInst = "RAM">   --->   Core 82 'RAM' <Latency = 1> <II = 1> <Delay = 3.25> <Storage> <Opcode : 'load' 'store'> <Ports = 2> <Width = 32> <Depth = 32> <RAM>
ST_6 : Operation 165 [1/1] (0.00ns)   --->   "%zext_ln88_3 = zext i5 %and_ln" [../import_files/import_files/2D_idct.cpp:88]   --->   Operation 165 'zext' 'zext_ln88_3' <Predicate = (!tmp)> <Delay = 0.00>
ST_6 : Operation 166 [1/1] (4.42ns)   --->   "%lshr_ln88_1 = lshr i32 %DCAC_temp_load_15, i32 %zext_ln88_3" [../import_files/import_files/2D_idct.cpp:88]   --->   Operation 166 'lshr' 'lshr_ln88_1' <Predicate = (!tmp)> <Delay = 4.42> <CoreInst = "Shifter">   --->   Core 75 'Shifter' <Latency = 0> <II = 1> <Delay = 4.42> <FuncUnit> <Opcode : 'shl' 'lshr' 'ashr'> <InPorts = 2> <OutPorts = 1>
ST_6 : Operation 167 [1/1] (0.00ns)   --->   "%tmp3_5 = trunc i32 %lshr_ln88_1" [../import_files/import_files/2D_idct.cpp:88]   --->   Operation 167 'trunc' 'tmp3_5' <Predicate = (!tmp)> <Delay = 0.00>

State 7 <SV = 6> <Delay = 7.67>
ST_7 : Operation 168 [1/1] (0.00ns)   --->   "%zext_ln63 = zext i2 %empty_59" [../import_files/import_files/2D_idct.cpp:63]   --->   Operation 168 'zext' 'zext_ln63' <Predicate = (!tmp)> <Delay = 0.00>
ST_7 : Operation 169 [1/1] (0.00ns)   --->   "%DCAC_temp_addr_2 = getelementptr i32 %DCAC_temp, i64 0, i64 %zext_ln63" [../import_files/import_files/2D_idct.cpp:70]   --->   Operation 169 'getelementptr' 'DCAC_temp_addr_2' <Predicate = (!tmp)> <Delay = 0.00>
ST_7 : Operation 170 [1/1] (0.00ns)   --->   "%tmp_6_cast = bitconcatenate i5 @_ssdm_op_BitConcatenate.i5.i3.i2, i3 4, i2 %empty_59" [../import_files/import_files/2D_idct.cpp:71]   --->   Operation 170 'bitconcatenate' 'tmp_6_cast' <Predicate = (!tmp)> <Delay = 0.00>
ST_7 : Operation 171 [1/1] (0.00ns)   --->   "%zext_ln71 = zext i5 %tmp_6_cast" [../import_files/import_files/2D_idct.cpp:71]   --->   Operation 171 'zext' 'zext_ln71' <Predicate = (!tmp)> <Delay = 0.00>
ST_7 : Operation 172 [1/1] (0.00ns)   --->   "%DCAC_temp_addr_3 = getelementptr i32 %DCAC_temp, i64 0, i64 %zext_ln71" [../import_files/import_files/2D_idct.cpp:71]   --->   Operation 172 'getelementptr' 'DCAC_temp_addr_3' <Predicate = (!tmp)> <Delay = 0.00>
ST_7 : Operation 173 [1/2] (2.10ns) (root node of the DSP)   --->   "%tmp2 = add i31 %z1, i31 %mul_ln67" [../import_files/import_files/2D_idct.cpp:67]   --->   Operation 173 'add' 'tmp2' <Predicate = (!tmp)> <Delay = 2.10> <CoreInst = "DSP48">   --->   Core 119 'DSP48' <Latency = 3> <II = 1> <Delay = 2.15> <IPBlock> <Opcode : 'mul' 'add' 'sub' 'select'> <InPorts = 0> <OutPorts = 1> <Sync> <CReg>
ST_7 : Operation 174 [1/2] (2.10ns) (root node of the DSP)   --->   "%tmp3 = add i30 %trunc_ln49, i30 %mul_ln68" [../import_files/import_files/2D_idct.cpp:68]   --->   Operation 174 'add' 'tmp3' <Predicate = (!tmp)> <Delay = 2.10> <CoreInst = "DSP48">   --->   Core 119 'DSP48' <Latency = 3> <II = 1> <Delay = 2.15> <IPBlock> <Opcode : 'mul' 'add' 'sub' 'select'> <InPorts = 0> <OutPorts = 1> <Sync> <CReg>
ST_7 : Operation 175 [2/2] (3.25ns)   --->   "%DCAC_temp_load_2 = load i5 %DCAC_temp_addr_2" [../import_files/import_files/2D_idct.cpp:70]   --->   Operation 175 'load' 'DCAC_temp_load_2' <Predicate = (!tmp)> <Delay = 3.25> <CoreInst = "RAM">   --->   Core 82 'RAM' <Latency = 1> <II = 1> <Delay = 3.25> <Storage> <Opcode : 'load' 'store'> <Ports = 2> <Width = 32> <Depth = 32> <RAM>
ST_7 : Operation 176 [2/2] (3.25ns)   --->   "%DCAC_temp_load_3 = load i5 %DCAC_temp_addr_3" [../import_files/import_files/2D_idct.cpp:71]   --->   Operation 176 'load' 'DCAC_temp_load_3' <Predicate = (!tmp)> <Delay = 3.25> <CoreInst = "RAM">   --->   Core 82 'RAM' <Latency = 1> <II = 1> <Delay = 3.25> <Storage> <Opcode : 'load' 'store'> <Ports = 2> <Width = 32> <Depth = 32> <RAM>
ST_7 : Operation 177 [1/1] (0.00ns)   --->   "%sext_ln47_2 = sext i16 %tmp0_1" [../import_files/import_files/2D_idct.cpp:47]   --->   Operation 177 'sext' 'sext_ln47_2' <Predicate = (!tmp)> <Delay = 0.00>
ST_7 : Operation 178 [1/1] (0.00ns)   --->   "%sext_ln87 = sext i16 %tmp2_1" [../import_files/import_files/2D_idct.cpp:87]   --->   Operation 178 'sext' 'sext_ln87' <Predicate = (!tmp)> <Delay = 0.00>
ST_7 : Operation 179 [1/1] (0.00ns)   --->   "%sext_ln49_7 = sext i17 %z4" [../import_files/import_files/2D_idct.cpp:49]   --->   Operation 179 'sext' 'sext_ln49_7' <Predicate = (!tmp)> <Delay = 0.00>
ST_7 : Operation 180 [2/4] (1.05ns) (root node of the DSP)   --->   "%z5 = mul i32 %sext_ln94, i32 9633" [../import_files/import_files/2D_idct.cpp:94]   --->   Operation 180 'mul' 'z5' <Predicate = (!tmp)> <Delay = 1.05> <CoreInst = "DSP48">   --->   Core 119 'DSP48' <Latency = 3> <II = 1> <Delay = 2.15> <IPBlock> <Opcode : 'mul' 'add' 'sub' 'select'> <InPorts = 0> <OutPorts = 1> <Sync> <CReg>
ST_7 : Operation 181 [3/3] (1.05ns) (grouped into DSP with root node add_ln108)   --->   "%tmp0_2 = mul i29 %sext_ln47_2, i29 2446" [../import_files/import_files/2D_idct.cpp:96]   --->   Operation 181 'mul' 'tmp0_2' <Predicate = (!tmp)> <Delay = 1.05> <CoreInst = "DSP48">   --->   Core 119 'DSP48' <Latency = 3> <II = 1> <Delay = 2.15> <IPBlock> <Opcode : 'mul' 'add' 'sub' 'select'> <InPorts = 0> <OutPorts = 1> <Sync> <CReg>
ST_7 : Operation 182 [3/3] (1.05ns) (grouped into DSP with root node add_ln110)   --->   "%tmp2_2 = mul i32 %sext_ln87, i32 25172" [../import_files/import_files/2D_idct.cpp:98]   --->   Operation 182 'mul' 'tmp2_2' <Predicate = (!tmp)> <Delay = 1.05> <CoreInst = "DSP48">   --->   Core 119 'DSP48' <Latency = 3> <II = 1> <Delay = 2.15> <IPBlock> <Opcode : 'mul' 'add' 'sub' 'select'> <InPorts = 0> <OutPorts = 1> <Sync> <CReg>
ST_7 : Operation 183 [2/3] (1.05ns) (grouped into DSP with root node add_ln111)   --->   "%tmp3_2 = mul i31 %sext_ln47_6, i31 12299" [../import_files/import_files/2D_idct.cpp:99]   --->   Operation 183 'mul' 'tmp3_2' <Predicate = (!tmp)> <Delay = 1.05> <CoreInst = "DSP48">   --->   Core 119 'DSP48' <Latency = 3> <II = 1> <Delay = 2.15> <IPBlock> <Opcode : 'mul' 'add' 'sub' 'select'> <InPorts = 0> <OutPorts = 1> <Sync> <CReg>
ST_7 : Operation 184 [2/4] (1.05ns) (root node of the DSP)   --->   "%z1_2 = mul i31 %sext_ln49_9, i31 2147476275" [../import_files/import_files/2D_idct.cpp:100]   --->   Operation 184 'mul' 'z1_2' <Predicate = (!tmp)> <Delay = 1.05> <CoreInst = "DSP48">   --->   Core 119 'DSP48' <Latency = 3> <II = 1> <Delay = 2.15> <IPBlock> <Opcode : 'mul' 'add' 'sub' 'select'> <InPorts = 0> <OutPorts = 1> <Sync> <CReg>
ST_7 : Operation 185 [2/4] (1.05ns) (root node of the DSP)   --->   "%z2_2 = mul i32 %sext_ln49_6, i32 4294946301" [../import_files/import_files/2D_idct.cpp:101]   --->   Operation 185 'mul' 'z2_2' <Predicate = (!tmp)> <Delay = 1.05> <CoreInst = "DSP48">   --->   Core 119 'DSP48' <Latency = 3> <II = 1> <Delay = 2.15> <IPBlock> <Opcode : 'mul' 'add' 'sub' 'select'> <InPorts = 0> <OutPorts = 1> <Sync> <CReg>
ST_7 : Operation 186 [2/3] (1.05ns) (grouped into DSP with root node z3_3)   --->   "%z3_2 = mul i32 %sext_ln49_4, i32 4294951227" [../import_files/import_files/2D_idct.cpp:102]   --->   Operation 186 'mul' 'z3_2' <Predicate = (!tmp)> <Delay = 1.05> <CoreInst = "DSP48">   --->   Core 119 'DSP48' <Latency = 3> <II = 1> <Delay = 2.15> <IPBlock> <Opcode : 'mul' 'add' 'sub' 'select'> <InPorts = 0> <OutPorts = 1> <Sync> <CReg>
ST_7 : Operation 187 [3/3] (1.05ns) (grouped into DSP with root node z4_2)   --->   "%z4_1 = mul i30 %sext_ln49_7, i30 1073738628" [../import_files/import_files/2D_idct.cpp:103]   --->   Operation 187 'mul' 'z4_1' <Predicate = (!tmp)> <Delay = 1.05> <CoreInst = "DSP48">   --->   Core 119 'DSP48' <Latency = 3> <II = 1> <Delay = 2.15> <IPBlock> <Opcode : 'mul' 'add' 'sub' 'select'> <InPorts = 0> <OutPorts = 1> <Sync> <CReg>
ST_7 : Operation 188 [1/2] (3.25ns)   --->   "%DCAC_temp_load_8 = load i5 %DCAC_temp_addr_8" [../import_files/import_files/2D_idct.cpp:63]   --->   Operation 188 'load' 'DCAC_temp_load_8' <Predicate = (!tmp)> <Delay = 3.25> <CoreInst = "RAM">   --->   Core 82 'RAM' <Latency = 1> <II = 1> <Delay = 3.25> <Storage> <Opcode : 'load' 'store'> <Ports = 2> <Width = 32> <Depth = 32> <RAM>
ST_7 : Operation 189 [1/1] (0.00ns)   --->   "%zext_ln63_6 = zext i5 %and_ln" [../import_files/import_files/2D_idct.cpp:63]   --->   Operation 189 'zext' 'zext_ln63_6' <Predicate = (!tmp)> <Delay = 0.00>
ST_7 : Operation 190 [1/1] (4.42ns)   --->   "%lshr_ln63_1 = lshr i32 %DCAC_temp_load_8, i32 %zext_ln63_6" [../import_files/import_files/2D_idct.cpp:63]   --->   Operation 190 'lshr' 'lshr_ln63_1' <Predicate = (!tmp)> <Delay = 4.42> <CoreInst = "Shifter">   --->   Core 75 'Shifter' <Latency = 0> <II = 1> <Delay = 4.42> <FuncUnit> <Opcode : 'shl' 'lshr' 'ashr'> <InPorts = 2> <OutPorts = 1>
ST_7 : Operation 191 [1/1] (0.00ns)   --->   "%z2_3 = trunc i32 %lshr_ln63_1" [../import_files/import_files/2D_idct.cpp:63]   --->   Operation 191 'trunc' 'z2_3' <Predicate = (!tmp)> <Delay = 0.00>
ST_7 : Operation 192 [1/2] (3.25ns)   --->   "%DCAC_temp_load_9 = load i5 %DCAC_temp_addr_9" [../import_files/import_files/2D_idct.cpp:64]   --->   Operation 192 'load' 'DCAC_temp_load_9' <Predicate = (!tmp)> <Delay = 3.25> <CoreInst = "RAM">   --->   Core 82 'RAM' <Latency = 1> <II = 1> <Delay = 3.25> <Storage> <Opcode : 'load' 'store'> <Ports = 2> <Width = 32> <Depth = 32> <RAM>
ST_7 : Operation 193 [1/1] (0.00ns)   --->   "%zext_ln64_3 = zext i5 %and_ln" [../import_files/import_files/2D_idct.cpp:64]   --->   Operation 193 'zext' 'zext_ln64_3' <Predicate = (!tmp)> <Delay = 0.00>
ST_7 : Operation 194 [1/1] (4.42ns)   --->   "%lshr_ln64_1 = lshr i32 %DCAC_temp_load_9, i32 %zext_ln64_3" [../import_files/import_files/2D_idct.cpp:64]   --->   Operation 194 'lshr' 'lshr_ln64_1' <Predicate = (!tmp)> <Delay = 4.42> <CoreInst = "Shifter">   --->   Core 75 'Shifter' <Latency = 0> <II = 1> <Delay = 4.42> <FuncUnit> <Opcode : 'shl' 'lshr' 'ashr'> <InPorts = 2> <OutPorts = 1>
ST_7 : Operation 195 [1/1] (0.00ns)   --->   "%z3_4 = trunc i32 %lshr_ln64_1" [../import_files/import_files/2D_idct.cpp:64]   --->   Operation 195 'trunc' 'z3_4' <Predicate = (!tmp)> <Delay = 0.00>
ST_7 : Operation 196 [1/1] (0.00ns)   --->   "%sext_ln47_12 = sext i16 %tmp0_5" [../import_files/import_files/2D_idct.cpp:47]   --->   Operation 196 'sext' 'sext_ln47_12' <Predicate = (!tmp)> <Delay = 0.00>
ST_7 : Operation 197 [1/1] (0.00ns)   --->   "%sext_ln47_13 = sext i16 %tmp1_5" [../import_files/import_files/2D_idct.cpp:47]   --->   Operation 197 'sext' 'sext_ln47_13' <Predicate = (!tmp)> <Delay = 0.00>
ST_7 : Operation 198 [1/1] (0.00ns)   --->   "%sext_ln47_14 = sext i16 %tmp2_5" [../import_files/import_files/2D_idct.cpp:47]   --->   Operation 198 'sext' 'sext_ln47_14' <Predicate = (!tmp)> <Delay = 0.00>
ST_7 : Operation 199 [1/1] (2.07ns)   --->   "%z3_5 = add i17 %sext_ln47_14, i17 %sext_ln47_12" [../import_files/import_files/2D_idct.cpp:92]   --->   Operation 199 'add' 'z3_5' <Predicate = (!tmp)> <Delay = 2.07> <CoreInst = "Adder">   --->   Core 1 'Adder' <Latency = 0> <II = 1> <Delay = 2.07> <FuncUnit> <Opcode : 'add' 'sub'> <InPorts = 2> <OutPorts = 1>
ST_7 : Operation 200 [1/1] (0.00ns)   --->   "%sext_ln49_16 = sext i17 %z3_5" [../import_files/import_files/2D_idct.cpp:49]   --->   Operation 200 'sext' 'sext_ln49_16' <Predicate = (!tmp)> <Delay = 0.00>
ST_7 : Operation 201 [1/1] (2.25ns) (grouped into DSP with root node z2_5)   --->   "%z2_4 = add i17 %sext_ln47_14, i17 %sext_ln47_13" [../import_files/import_files/2D_idct.cpp:91]   --->   Operation 201 'add' 'z2_4' <Predicate = (!tmp)> <Delay = 2.25> <CoreInst = "DSP48">   --->   Core 119 'DSP48' <Latency = 3> <II = 1> <Delay = 2.15> <IPBlock> <Opcode : 'mul' 'add' 'sub' 'select'> <InPorts = 0> <OutPorts = 1> <Sync> <CReg>
ST_7 : Operation 202 [1/1] (0.00ns) (grouped into DSP with root node z2_5)   --->   "%sext_ln49_17 = sext i17 %z2_4" [../import_files/import_files/2D_idct.cpp:49]   --->   Operation 202 'sext' 'sext_ln49_17' <Predicate = (!tmp)> <Delay = 0.00>
ST_7 : Operation 203 [1/1] (0.00ns)   --->   "%sext_ln47_16 = sext i16 %tmp3_5" [../import_files/import_files/2D_idct.cpp:47]   --->   Operation 203 'sext' 'sext_ln47_16' <Predicate = (!tmp)> <Delay = 0.00>
ST_7 : Operation 204 [1/1] (2.07ns)   --->   "%z4_3 = add i17 %sext_ln47_16, i17 %sext_ln47_13" [../import_files/import_files/2D_idct.cpp:93]   --->   Operation 204 'add' 'z4_3' <Predicate = (!tmp)> <Delay = 2.07> <CoreInst = "Adder">   --->   Core 1 'Adder' <Latency = 0> <II = 1> <Delay = 2.07> <FuncUnit> <Opcode : 'add' 'sub'> <InPorts = 2> <OutPorts = 1>
ST_7 : Operation 205 [1/1] (0.00ns)   --->   "%sext_ln49_19 = sext i17 %z4_3" [../import_files/import_files/2D_idct.cpp:49]   --->   Operation 205 'sext' 'sext_ln49_19' <Predicate = (!tmp)> <Delay = 0.00>
ST_7 : Operation 206 [1/1] (2.25ns) (grouped into DSP with root node z5_1)   --->   "%add_ln94_1 = add i18 %sext_ln49_19, i18 %sext_ln49_16" [../import_files/import_files/2D_idct.cpp:94]   --->   Operation 206 'add' 'add_ln94_1' <Predicate = (!tmp)> <Delay = 2.25> <CoreInst = "DSP48">   --->   Core 119 'DSP48' <Latency = 3> <II = 1> <Delay = 2.15> <IPBlock> <Opcode : 'mul' 'add' 'sub' 'select'> <InPorts = 0> <OutPorts = 1> <Sync> <CReg>
ST_7 : Operation 207 [1/1] (0.00ns) (grouped into DSP with root node z5_1)   --->   "%sext_ln94_1 = sext i18 %add_ln94_1" [../import_files/import_files/2D_idct.cpp:94]   --->   Operation 207 'sext' 'sext_ln94_1' <Predicate = (!tmp)> <Delay = 0.00>
ST_7 : Operation 208 [1/1] (2.25ns) (grouped into DSP with root node z1_5)   --->   "%z1_4 = add i17 %sext_ln47_16, i17 %sext_ln47_12" [../import_files/import_files/2D_idct.cpp:90]   --->   Operation 208 'add' 'z1_4' <Predicate = (!tmp)> <Delay = 2.25> <CoreInst = "DSP48">   --->   Core 119 'DSP48' <Latency = 3> <II = 1> <Delay = 2.15> <IPBlock> <Opcode : 'mul' 'add' 'sub' 'select'> <InPorts = 0> <OutPorts = 1> <Sync> <CReg>
ST_7 : Operation 209 [1/1] (0.00ns) (grouped into DSP with root node z1_5)   --->   "%sext_ln49_20 = sext i17 %z1_4" [../import_files/import_files/2D_idct.cpp:49]   --->   Operation 209 'sext' 'sext_ln49_20' <Predicate = (!tmp)> <Delay = 0.00>
ST_7 : Operation 210 [4/4] (1.05ns) (root node of the DSP)   --->   "%z5_1 = mul i32 %sext_ln94_1, i32 9633" [../import_files/import_files/2D_idct.cpp:94]   --->   Operation 210 'mul' 'z5_1' <Predicate = (!tmp)> <Delay = 1.05> <CoreInst = "DSP48">   --->   Core 119 'DSP48' <Latency = 3> <II = 1> <Delay = 2.15> <IPBlock> <Opcode : 'mul' 'add' 'sub' 'select'> <InPorts = 0> <OutPorts = 1> <Sync> <CReg>
ST_7 : Operation 211 [4/4] (1.05ns) (root node of the DSP)   --->   "%z1_5 = mul i31 %sext_ln49_20, i31 2147476275" [../import_files/import_files/2D_idct.cpp:100]   --->   Operation 211 'mul' 'z1_5' <Predicate = (!tmp)> <Delay = 1.05> <CoreInst = "DSP48">   --->   Core 119 'DSP48' <Latency = 3> <II = 1> <Delay = 2.15> <IPBlock> <Opcode : 'mul' 'add' 'sub' 'select'> <InPorts = 0> <OutPorts = 1> <Sync> <CReg>
ST_7 : Operation 212 [4/4] (1.05ns) (root node of the DSP)   --->   "%z2_5 = mul i32 %sext_ln49_17, i32 4294946301" [../import_files/import_files/2D_idct.cpp:101]   --->   Operation 212 'mul' 'z2_5' <Predicate = (!tmp)> <Delay = 1.05> <CoreInst = "DSP48">   --->   Core 119 'DSP48' <Latency = 3> <II = 1> <Delay = 2.15> <IPBlock> <Opcode : 'mul' 'add' 'sub' 'select'> <InPorts = 0> <OutPorts = 1> <Sync> <CReg>

State 8 <SV = 7> <Delay = 7.67>
ST_8 : Operation 213 [1/2] (3.25ns)   --->   "%DCAC_temp_load_2 = load i5 %DCAC_temp_addr_2" [../import_files/import_files/2D_idct.cpp:70]   --->   Operation 213 'load' 'DCAC_temp_load_2' <Predicate = (!tmp)> <Delay = 3.25> <CoreInst = "RAM">   --->   Core 82 'RAM' <Latency = 1> <II = 1> <Delay = 3.25> <Storage> <Opcode : 'load' 'store'> <Ports = 2> <Width = 32> <Depth = 32> <RAM>
ST_8 : Operation 214 [1/1] (0.00ns)   --->   "%zext_ln70 = zext i5 %and_ln" [../import_files/import_files/2D_idct.cpp:70]   --->   Operation 214 'zext' 'zext_ln70' <Predicate = (!tmp)> <Delay = 0.00>
ST_8 : Operation 215 [1/1] (4.42ns)   --->   "%lshr_ln70 = lshr i32 %DCAC_temp_load_2, i32 %zext_ln70" [../import_files/import_files/2D_idct.cpp:70]   --->   Operation 215 'lshr' 'lshr_ln70' <Predicate = (!tmp)> <Delay = 4.42> <CoreInst = "Shifter">   --->   Core 75 'Shifter' <Latency = 0> <II = 1> <Delay = 4.42> <FuncUnit> <Opcode : 'shl' 'lshr' 'ashr'> <InPorts = 2> <OutPorts = 1>
ST_8 : Operation 216 [1/1] (0.00ns)   --->   "%trunc_ln70 = trunc i32 %lshr_ln70" [../import_files/import_files/2D_idct.cpp:70]   --->   Operation 216 'trunc' 'trunc_ln70' <Predicate = (!tmp)> <Delay = 0.00>
ST_8 : Operation 217 [1/2] (3.25ns)   --->   "%DCAC_temp_load_3 = load i5 %DCAC_temp_addr_3" [../import_files/import_files/2D_idct.cpp:71]   --->   Operation 217 'load' 'DCAC_temp_load_3' <Predicate = (!tmp)> <Delay = 3.25> <CoreInst = "RAM">   --->   Core 82 'RAM' <Latency = 1> <II = 1> <Delay = 3.25> <Storage> <Opcode : 'load' 'store'> <Ports = 2> <Width = 32> <Depth = 32> <RAM>
ST_8 : Operation 218 [1/1] (0.00ns)   --->   "%zext_ln71_1 = zext i5 %and_ln" [../import_files/import_files/2D_idct.cpp:71]   --->   Operation 218 'zext' 'zext_ln71_1' <Predicate = (!tmp)> <Delay = 0.00>
ST_8 : Operation 219 [1/1] (4.42ns)   --->   "%lshr_ln71 = lshr i32 %DCAC_temp_load_3, i32 %zext_ln71_1" [../import_files/import_files/2D_idct.cpp:71]   --->   Operation 219 'lshr' 'lshr_ln71' <Predicate = (!tmp)> <Delay = 4.42> <CoreInst = "Shifter">   --->   Core 75 'Shifter' <Latency = 0> <II = 1> <Delay = 4.42> <FuncUnit> <Opcode : 'shl' 'lshr' 'ashr'> <InPorts = 2> <OutPorts = 1>
ST_8 : Operation 220 [1/1] (0.00ns)   --->   "%trunc_ln71 = trunc i32 %lshr_ln71" [../import_files/import_files/2D_idct.cpp:71]   --->   Operation 220 'trunc' 'trunc_ln71' <Predicate = (!tmp)> <Delay = 0.00>
ST_8 : Operation 221 [1/4] (0.00ns) (root node of the DSP)   --->   "%z5 = mul i32 %sext_ln94, i32 9633" [../import_files/import_files/2D_idct.cpp:94]   --->   Operation 221 'mul' 'z5' <Predicate = (!tmp)> <Delay = 0.00> <CoreInst = "DSP48">   --->   Core 119 'DSP48' <Latency = 3> <II = 1> <Delay = 2.15> <IPBlock> <Opcode : 'mul' 'add' 'sub' 'select'> <InPorts = 0> <OutPorts = 1> <Sync> <CReg>
ST_8 : Operation 222 [2/3] (1.05ns) (grouped into DSP with root node add_ln108)   --->   "%tmp0_2 = mul i29 %sext_ln47_2, i29 2446" [../import_files/import_files/2D_idct.cpp:96]   --->   Operation 222 'mul' 'tmp0_2' <Predicate = (!tmp)> <Delay = 1.05> <CoreInst = "DSP48">   --->   Core 119 'DSP48' <Latency = 3> <II = 1> <Delay = 2.15> <IPBlock> <Opcode : 'mul' 'add' 'sub' 'select'> <InPorts = 0> <OutPorts = 1> <Sync> <CReg>
ST_8 : Operation 223 [2/3] (1.05ns) (grouped into DSP with root node add_ln110)   --->   "%tmp2_2 = mul i32 %sext_ln87, i32 25172" [../import_files/import_files/2D_idct.cpp:98]   --->   Operation 223 'mul' 'tmp2_2' <Predicate = (!tmp)> <Delay = 1.05> <CoreInst = "DSP48">   --->   Core 119 'DSP48' <Latency = 3> <II = 1> <Delay = 2.15> <IPBlock> <Opcode : 'mul' 'add' 'sub' 'select'> <InPorts = 0> <OutPorts = 1> <Sync> <CReg>
ST_8 : Operation 224 [1/3] (0.00ns) (grouped into DSP with root node add_ln111)   --->   "%tmp3_2 = mul i31 %sext_ln47_6, i31 12299" [../import_files/import_files/2D_idct.cpp:99]   --->   Operation 224 'mul' 'tmp3_2' <Predicate = (!tmp)> <Delay = 0.00> <CoreInst = "DSP48">   --->   Core 119 'DSP48' <Latency = 3> <II = 1> <Delay = 2.15> <IPBlock> <Opcode : 'mul' 'add' 'sub' 'select'> <InPorts = 0> <OutPorts = 1> <Sync> <CReg>
ST_8 : Operation 225 [1/4] (0.00ns) (root node of the DSP)   --->   "%z1_2 = mul i31 %sext_ln49_9, i31 2147476275" [../import_files/import_files/2D_idct.cpp:100]   --->   Operation 225 'mul' 'z1_2' <Predicate = (!tmp)> <Delay = 0.00> <CoreInst = "DSP48">   --->   Core 119 'DSP48' <Latency = 3> <II = 1> <Delay = 2.15> <IPBlock> <Opcode : 'mul' 'add' 'sub' 'select'> <InPorts = 0> <OutPorts = 1> <Sync> <CReg>
ST_8 : Operation 226 [2/2] (2.10ns) (root node of the DSP)   --->   "%add_ln111 = add i31 %z1_2, i31 %tmp3_2" [../import_files/import_files/2D_idct.cpp:111]   --->   Operation 226 'add' 'add_ln111' <Predicate = (!tmp)> <Delay = 2.10> <CoreInst = "DSP48">   --->   Core 119 'DSP48' <Latency = 3> <II = 1> <Delay = 2.15> <IPBlock> <Opcode : 'mul' 'add' 'sub' 'select'> <InPorts = 0> <OutPorts = 1> <Sync> <CReg>
ST_8 : Operation 227 [1/4] (0.00ns) (root node of the DSP)   --->   "%z2_2 = mul i32 %sext_ln49_6, i32 4294946301" [../import_files/import_files/2D_idct.cpp:101]   --->   Operation 227 'mul' 'z2_2' <Predicate = (!tmp)> <Delay = 0.00> <CoreInst = "DSP48">   --->   Core 119 'DSP48' <Latency = 3> <II = 1> <Delay = 2.15> <IPBlock> <Opcode : 'mul' 'add' 'sub' 'select'> <InPorts = 0> <OutPorts = 1> <Sync> <CReg>
ST_8 : Operation 228 [1/3] (0.00ns) (grouped into DSP with root node z3_3)   --->   "%z3_2 = mul i32 %sext_ln49_4, i32 4294951227" [../import_files/import_files/2D_idct.cpp:102]   --->   Operation 228 'mul' 'z3_2' <Predicate = (!tmp)> <Delay = 0.00> <CoreInst = "DSP48">   --->   Core 119 'DSP48' <Latency = 3> <II = 1> <Delay = 2.15> <IPBlock> <Opcode : 'mul' 'add' 'sub' 'select'> <InPorts = 0> <OutPorts = 1> <Sync> <CReg>
ST_8 : Operation 229 [2/2] (2.10ns) (root node of the DSP)   --->   "%z3_3 = add i32 %z5, i32 %z3_2" [../import_files/import_files/2D_idct.cpp:105]   --->   Operation 229 'add' 'z3_3' <Predicate = (!tmp)> <Delay = 2.10> <CoreInst = "DSP48">   --->   Core 119 'DSP48' <Latency = 3> <II = 1> <Delay = 2.15> <IPBlock> <Opcode : 'mul' 'add' 'sub' 'select'> <InPorts = 0> <OutPorts = 1> <Sync> <CReg>
ST_8 : Operation 230 [2/3] (1.05ns) (grouped into DSP with root node z4_2)   --->   "%z4_1 = mul i30 %sext_ln49_7, i30 1073738628" [../import_files/import_files/2D_idct.cpp:103]   --->   Operation 230 'mul' 'z4_1' <Predicate = (!tmp)> <Delay = 1.05> <CoreInst = "DSP48">   --->   Core 119 'DSP48' <Latency = 3> <II = 1> <Delay = 2.15> <IPBlock> <Opcode : 'mul' 'add' 'sub' 'select'> <InPorts = 0> <OutPorts = 1> <Sync> <CReg>
ST_8 : Operation 231 [1/1] (0.00ns)   --->   "%zext_ln63_3 = zext i2 %or_ln63" [../import_files/import_files/2D_idct.cpp:63]   --->   Operation 231 'zext' 'zext_ln63_3' <Predicate = (!tmp)> <Delay = 0.00>
ST_8 : Operation 232 [1/1] (0.00ns)   --->   "%DCAC_temp_addr_10 = getelementptr i32 %DCAC_temp, i64 0, i64 %zext_ln63_3" [../import_files/import_files/2D_idct.cpp:70]   --->   Operation 232 'getelementptr' 'DCAC_temp_addr_10' <Predicate = (!tmp)> <Delay = 0.00>
ST_8 : Operation 233 [1/1] (0.00ns)   --->   "%tmp_15_cast = bitconcatenate i5 @_ssdm_op_BitConcatenate.i5.i3.i2, i3 4, i2 %or_ln63" [../import_files/import_files/2D_idct.cpp:71]   --->   Operation 233 'bitconcatenate' 'tmp_15_cast' <Predicate = (!tmp)> <Delay = 0.00>
ST_8 : Operation 234 [1/1] (0.00ns)   --->   "%zext_ln71_2 = zext i5 %tmp_15_cast" [../import_files/import_files/2D_idct.cpp:71]   --->   Operation 234 'zext' 'zext_ln71_2' <Predicate = (!tmp)> <Delay = 0.00>
ST_8 : Operation 235 [1/1] (0.00ns)   --->   "%DCAC_temp_addr_11 = getelementptr i32 %DCAC_temp, i64 0, i64 %zext_ln71_2" [../import_files/import_files/2D_idct.cpp:71]   --->   Operation 235 'getelementptr' 'DCAC_temp_addr_11' <Predicate = (!tmp)> <Delay = 0.00>
ST_8 : Operation 236 [1/1] (0.00ns)   --->   "%sext_ln49_12 = sext i16 %z2_3" [../import_files/import_files/2D_idct.cpp:49]   --->   Operation 236 'sext' 'sext_ln49_12' <Predicate = (!tmp)> <Delay = 0.00>
ST_8 : Operation 237 [1/1] (0.00ns)   --->   "%sext_ln49_14 = sext i16 %z3_4" [../import_files/import_files/2D_idct.cpp:49]   --->   Operation 237 'sext' 'sext_ln49_14' <Predicate = (!tmp)> <Delay = 0.00>
ST_8 : Operation 238 [1/1] (2.25ns) (grouped into DSP with root node z1_3)   --->   "%add_ln66_1 = add i17 %sext_ln49_14, i17 %sext_ln49_12" [../import_files/import_files/2D_idct.cpp:66]   --->   Operation 238 'add' 'add_ln66_1' <Predicate = (!tmp)> <Delay = 2.25> <CoreInst = "DSP48">   --->   Core 119 'DSP48' <Latency = 3> <II = 1> <Delay = 2.15> <IPBlock> <Opcode : 'mul' 'add' 'sub' 'select'> <InPorts = 0> <OutPorts = 1> <Sync> <CReg>
ST_8 : Operation 239 [1/1] (0.00ns) (grouped into DSP with root node z1_3)   --->   "%sext_ln66_1 = sext i17 %add_ln66_1" [../import_files/import_files/2D_idct.cpp:66]   --->   Operation 239 'sext' 'sext_ln66_1' <Predicate = (!tmp)> <Delay = 0.00>
ST_8 : Operation 240 [4/4] (1.05ns) (root node of the DSP)   --->   "%z1_3 = mul i31 %sext_ln66_1, i31 4433" [../import_files/import_files/2D_idct.cpp:66]   --->   Operation 240 'mul' 'z1_3' <Predicate = (!tmp)> <Delay = 1.05> <CoreInst = "DSP48">   --->   Core 119 'DSP48' <Latency = 3> <II = 1> <Delay = 2.15> <IPBlock> <Opcode : 'mul' 'add' 'sub' 'select'> <InPorts = 0> <OutPorts = 1> <Sync> <CReg>
ST_8 : Operation 241 [2/2] (3.25ns)   --->   "%DCAC_temp_load_10 = load i5 %DCAC_temp_addr_10" [../import_files/import_files/2D_idct.cpp:70]   --->   Operation 241 'load' 'DCAC_temp_load_10' <Predicate = (!tmp)> <Delay = 3.25> <CoreInst = "RAM">   --->   Core 82 'RAM' <Latency = 1> <II = 1> <Delay = 3.25> <Storage> <Opcode : 'load' 'store'> <Ports = 2> <Width = 32> <Depth = 32> <RAM>
ST_8 : Operation 242 [2/2] (3.25ns)   --->   "%DCAC_temp_load_11 = load i5 %DCAC_temp_addr_11" [../import_files/import_files/2D_idct.cpp:71]   --->   Operation 242 'load' 'DCAC_temp_load_11' <Predicate = (!tmp)> <Delay = 3.25> <CoreInst = "RAM">   --->   Core 82 'RAM' <Latency = 1> <II = 1> <Delay = 3.25> <Storage> <Opcode : 'load' 'store'> <Ports = 2> <Width = 32> <Depth = 32> <RAM>
ST_8 : Operation 243 [1/1] (0.00ns)   --->   "%sext_ln49_15 = sext i17 %z3_5" [../import_files/import_files/2D_idct.cpp:49]   --->   Operation 243 'sext' 'sext_ln49_15' <Predicate = (!tmp)> <Delay = 0.00>
ST_8 : Operation 244 [1/1] (0.00ns)   --->   "%sext_ln47_15 = sext i16 %tmp3_5" [../import_files/import_files/2D_idct.cpp:47]   --->   Operation 244 'sext' 'sext_ln47_15' <Predicate = (!tmp)> <Delay = 0.00>
ST_8 : Operation 245 [1/1] (0.00ns)   --->   "%sext_ln49_18 = sext i17 %z4_3" [../import_files/import_files/2D_idct.cpp:49]   --->   Operation 245 'sext' 'sext_ln49_18' <Predicate = (!tmp)> <Delay = 0.00>
ST_8 : Operation 246 [3/4] (1.05ns) (root node of the DSP)   --->   "%z5_1 = mul i32 %sext_ln94_1, i32 9633" [../import_files/import_files/2D_idct.cpp:94]   --->   Operation 246 'mul' 'z5_1' <Predicate = (!tmp)> <Delay = 1.05> <CoreInst = "DSP48">   --->   Core 119 'DSP48' <Latency = 3> <II = 1> <Delay = 2.15> <IPBlock> <Opcode : 'mul' 'add' 'sub' 'select'> <InPorts = 0> <OutPorts = 1> <Sync> <CReg>
ST_8 : Operation 247 [3/3] (1.05ns) (grouped into DSP with root node add_ln111_2)   --->   "%tmp3_6 = mul i31 %sext_ln47_15, i31 12299" [../import_files/import_files/2D_idct.cpp:99]   --->   Operation 247 'mul' 'tmp3_6' <Predicate = (!tmp)> <Delay = 1.05> <CoreInst = "DSP48">   --->   Core 119 'DSP48' <Latency = 3> <II = 1> <Delay = 2.15> <IPBlock> <Opcode : 'mul' 'add' 'sub' 'select'> <InPorts = 0> <OutPorts = 1> <Sync> <CReg>
ST_8 : Operation 248 [3/4] (1.05ns) (root node of the DSP)   --->   "%z1_5 = mul i31 %sext_ln49_20, i31 2147476275" [../import_files/import_files/2D_idct.cpp:100]   --->   Operation 248 'mul' 'z1_5' <Predicate = (!tmp)> <Delay = 1.05> <CoreInst = "DSP48">   --->   Core 119 'DSP48' <Latency = 3> <II = 1> <Delay = 2.15> <IPBlock> <Opcode : 'mul' 'add' 'sub' 'select'> <InPorts = 0> <OutPorts = 1> <Sync> <CReg>
ST_8 : Operation 249 [3/4] (1.05ns) (root node of the DSP)   --->   "%z2_5 = mul i32 %sext_ln49_17, i32 4294946301" [../import_files/import_files/2D_idct.cpp:101]   --->   Operation 249 'mul' 'z2_5' <Predicate = (!tmp)> <Delay = 1.05> <CoreInst = "DSP48">   --->   Core 119 'DSP48' <Latency = 3> <II = 1> <Delay = 2.15> <IPBlock> <Opcode : 'mul' 'add' 'sub' 'select'> <InPorts = 0> <OutPorts = 1> <Sync> <CReg>
ST_8 : Operation 250 [3/3] (1.05ns) (grouped into DSP with root node z3_7)   --->   "%z3_6 = mul i32 %sext_ln49_15, i32 4294951227" [../import_files/import_files/2D_idct.cpp:102]   --->   Operation 250 'mul' 'z3_6' <Predicate = (!tmp)> <Delay = 1.05> <CoreInst = "DSP48">   --->   Core 119 'DSP48' <Latency = 3> <II = 1> <Delay = 2.15> <IPBlock> <Opcode : 'mul' 'add' 'sub' 'select'> <InPorts = 0> <OutPorts = 1> <Sync> <CReg>
ST_8 : Operation 251 [3/3] (1.05ns) (grouped into DSP with root node z4_5)   --->   "%z4_4 = mul i30 %sext_ln49_18, i30 1073738628" [../import_files/import_files/2D_idct.cpp:103]   --->   Operation 251 'mul' 'z4_4' <Predicate = (!tmp)> <Delay = 1.05> <CoreInst = "DSP48">   --->   Core 119 'DSP48' <Latency = 3> <II = 1> <Delay = 2.15> <IPBlock> <Opcode : 'mul' 'add' 'sub' 'select'> <InPorts = 0> <OutPorts = 1> <Sync> <CReg>

State 9 <SV = 8> <Delay = 7.67>
ST_9 : Operation 252 [1/1] (0.00ns)   --->   "%sext_ln71 = sext i16 %trunc_ln70" [../import_files/import_files/2D_idct.cpp:71]   --->   Operation 252 'sext' 'sext_ln71' <Predicate = (!tmp)> <Delay = 0.00>
ST_9 : Operation 253 [1/1] (0.00ns)   --->   "%sext_ln73 = sext i16 %trunc_ln71" [../import_files/import_files/2D_idct.cpp:73]   --->   Operation 253 'sext' 'sext_ln73' <Predicate = (!tmp)> <Delay = 0.00>
ST_9 : Operation 254 [1/1] (2.07ns)   --->   "%sub_ln74 = sub i17 %sext_ln71, i17 %sext_ln73" [../import_files/import_files/2D_idct.cpp:74]   --->   Operation 254 'sub' 'sub_ln74' <Predicate = (!tmp)> <Delay = 2.07> <CoreInst = "Adder">   --->   Core 1 'Adder' <Latency = 0> <II = 1> <Delay = 2.07> <FuncUnit> <Opcode : 'add' 'sub'> <InPorts = 2> <OutPorts = 1>
ST_9 : Operation 255 [1/1] (2.07ns)   --->   "%add_ln73 = add i17 %sext_ln73, i17 %sext_ln71" [../import_files/import_files/2D_idct.cpp:73]   --->   Operation 255 'add' 'add_ln73' <Predicate = (!tmp)> <Delay = 2.07> <CoreInst = "Adder">   --->   Core 1 'Adder' <Latency = 0> <II = 1> <Delay = 2.07> <FuncUnit> <Opcode : 'add' 'sub'> <InPorts = 2> <OutPorts = 1>
ST_9 : Operation 256 [1/1] (0.00ns)   --->   "%sext_ln86 = sext i16 %tmp1_1" [../import_files/import_files/2D_idct.cpp:86]   --->   Operation 256 'sext' 'sext_ln86' <Predicate = (!tmp)> <Delay = 0.00>
ST_9 : Operation 257 [1/3] (0.00ns) (grouped into DSP with root node add_ln108)   --->   "%tmp0_2 = mul i29 %sext_ln47_2, i29 2446" [../import_files/import_files/2D_idct.cpp:96]   --->   Operation 257 'mul' 'tmp0_2' <Predicate = (!tmp)> <Delay = 0.00> <CoreInst = "DSP48">   --->   Core 119 'DSP48' <Latency = 3> <II = 1> <Delay = 2.15> <IPBlock> <Opcode : 'mul' 'add' 'sub' 'select'> <InPorts = 0> <OutPorts = 1> <Sync> <CReg>
ST_9 : Operation 258 [1/1] (0.00ns) (grouped into DSP with root node add_ln108)   --->   "%sext_ln47_8 = sext i29 %tmp0_2" [../import_files/import_files/2D_idct.cpp:47]   --->   Operation 258 'sext' 'sext_ln47_8' <Predicate = (!tmp)> <Delay = 0.00>
ST_9 : Operation 259 [3/3] (1.05ns) (grouped into DSP with root node add_ln109)   --->   "%tmp1_2 = mul i32 %sext_ln86, i32 16819" [../import_files/import_files/2D_idct.cpp:97]   --->   Operation 259 'mul' 'tmp1_2' <Predicate = (!tmp)> <Delay = 1.05> <CoreInst = "DSP48">   --->   Core 119 'DSP48' <Latency = 3> <II = 1> <Delay = 2.15> <IPBlock> <Opcode : 'mul' 'add' 'sub' 'select'> <InPorts = 0> <OutPorts = 1> <Sync> <CReg>
ST_9 : Operation 260 [1/3] (0.00ns) (grouped into DSP with root node add_ln110)   --->   "%tmp2_2 = mul i32 %sext_ln87, i32 25172" [../import_files/import_files/2D_idct.cpp:98]   --->   Operation 260 'mul' 'tmp2_2' <Predicate = (!tmp)> <Delay = 0.00> <CoreInst = "DSP48">   --->   Core 119 'DSP48' <Latency = 3> <II = 1> <Delay = 2.15> <IPBlock> <Opcode : 'mul' 'add' 'sub' 'select'> <InPorts = 0> <OutPorts = 1> <Sync> <CReg>
ST_9 : Operation 261 [1/2] (2.10ns) (root node of the DSP)   --->   "%add_ln111 = add i31 %z1_2, i31 %tmp3_2" [../import_files/import_files/2D_idct.cpp:111]   --->   Operation 261 'add' 'add_ln111' <Predicate = (!tmp)> <Delay = 2.10> <CoreInst = "DSP48">   --->   Core 119 'DSP48' <Latency = 3> <II = 1> <Delay = 2.15> <IPBlock> <Opcode : 'mul' 'add' 'sub' 'select'> <InPorts = 0> <OutPorts = 1> <Sync> <CReg>
ST_9 : Operation 262 [2/2] (2.10ns) (root node of the DSP)   --->   "%add_ln108 = add i31 %z1_2, i31 %sext_ln47_8" [../import_files/import_files/2D_idct.cpp:108]   --->   Operation 262 'add' 'add_ln108' <Predicate = (!tmp)> <Delay = 2.10> <CoreInst = "DSP48">   --->   Core 119 'DSP48' <Latency = 3> <II = 1> <Delay = 2.15> <IPBlock> <Opcode : 'mul' 'add' 'sub' 'select'> <InPorts = 0> <OutPorts = 1> <Sync> <CReg>
ST_9 : Operation 263 [1/2] (2.10ns) (root node of the DSP)   --->   "%z3_3 = add i32 %z5, i32 %z3_2" [../import_files/import_files/2D_idct.cpp:105]   --->   Operation 263 'add' 'z3_3' <Predicate = (!tmp)> <Delay = 2.10> <CoreInst = "DSP48">   --->   Core 119 'DSP48' <Latency = 3> <II = 1> <Delay = 2.15> <IPBlock> <Opcode : 'mul' 'add' 'sub' 'select'> <InPorts = 0> <OutPorts = 1> <Sync> <CReg>
ST_9 : Operation 264 [2/2] (2.10ns) (root node of the DSP)   --->   "%add_ln110 = add i32 %tmp2_2, i32 %z3_3" [../import_files/import_files/2D_idct.cpp:110]   --->   Operation 264 'add' 'add_ln110' <Predicate = (!tmp)> <Delay = 2.10> <CoreInst = "DSP48">   --->   Core 119 'DSP48' <Latency = 3> <II = 1> <Delay = 2.15> <IPBlock> <Opcode : 'mul' 'add' 'sub' 'select'> <InPorts = 0> <OutPorts = 1> <Sync> <CReg>
ST_9 : Operation 265 [1/3] (0.00ns) (grouped into DSP with root node z4_2)   --->   "%z4_1 = mul i30 %sext_ln49_7, i30 1073738628" [../import_files/import_files/2D_idct.cpp:103]   --->   Operation 265 'mul' 'z4_1' <Predicate = (!tmp)> <Delay = 0.00> <CoreInst = "DSP48">   --->   Core 119 'DSP48' <Latency = 3> <II = 1> <Delay = 2.15> <IPBlock> <Opcode : 'mul' 'add' 'sub' 'select'> <InPorts = 0> <OutPorts = 1> <Sync> <CReg>
ST_9 : Operation 266 [1/1] (0.00ns) (grouped into DSP with root node z4_2)   --->   "%sext_ln49_10 = sext i30 %z4_1" [../import_files/import_files/2D_idct.cpp:49]   --->   Operation 266 'sext' 'sext_ln49_10' <Predicate = (!tmp)> <Delay = 0.00>
ST_9 : Operation 267 [2/2] (2.10ns) (root node of the DSP)   --->   "%z4_2 = add i32 %z5, i32 %sext_ln49_10" [../import_files/import_files/2D_idct.cpp:106]   --->   Operation 267 'add' 'z4_2' <Predicate = (!tmp)> <Delay = 2.10> <CoreInst = "DSP48">   --->   Core 119 'DSP48' <Latency = 3> <II = 1> <Delay = 2.15> <IPBlock> <Opcode : 'mul' 'add' 'sub' 'select'> <InPorts = 0> <OutPorts = 1> <Sync> <CReg>
ST_9 : Operation 268 [1/1] (0.00ns)   --->   "%sext_ln49_11 = sext i16 %z2_3" [../import_files/import_files/2D_idct.cpp:49]   --->   Operation 268 'sext' 'sext_ln49_11' <Predicate = (!tmp)> <Delay = 0.00>
ST_9 : Operation 269 [1/1] (0.00ns)   --->   "%sext_ln49_13 = sext i16 %z3_4" [../import_files/import_files/2D_idct.cpp:49]   --->   Operation 269 'sext' 'sext_ln49_13' <Predicate = (!tmp)> <Delay = 0.00>
ST_9 : Operation 270 [3/4] (1.05ns) (root node of the DSP)   --->   "%z1_3 = mul i31 %sext_ln66_1, i31 4433" [../import_files/import_files/2D_idct.cpp:66]   --->   Operation 270 'mul' 'z1_3' <Predicate = (!tmp)> <Delay = 1.05> <CoreInst = "DSP48">   --->   Core 119 'DSP48' <Latency = 3> <II = 1> <Delay = 2.15> <IPBlock> <Opcode : 'mul' 'add' 'sub' 'select'> <InPorts = 0> <OutPorts = 1> <Sync> <CReg>
ST_9 : Operation 271 [3/3] (1.05ns) (grouped into DSP with root node tmp2_4)   --->   "%mul_ln67_1 = mul i31 %sext_ln49_13, i31 2147468511" [../import_files/import_files/2D_idct.cpp:67]   --->   Operation 271 'mul' 'mul_ln67_1' <Predicate = (!tmp)> <Delay = 1.05> <CoreInst = "DSP48">   --->   Core 119 'DSP48' <Latency = 3> <II = 1> <Delay = 2.15> <IPBlock> <Opcode : 'mul' 'add' 'sub' 'select'> <InPorts = 0> <OutPorts = 1> <Sync> <CReg>
ST_9 : Operation 272 [3/3] (1.05ns) (grouped into DSP with root node tmp3_4)   --->   "%mul_ln68_1 = mul i30 %sext_ln49_11, i30 6270" [../import_files/import_files/2D_idct.cpp:68]   --->   Operation 272 'mul' 'mul_ln68_1' <Predicate = (!tmp)> <Delay = 1.05> <CoreInst = "DSP48">   --->   Core 119 'DSP48' <Latency = 3> <II = 1> <Delay = 2.15> <IPBlock> <Opcode : 'mul' 'add' 'sub' 'select'> <InPorts = 0> <OutPorts = 1> <Sync> <CReg>
ST_9 : Operation 273 [1/2] (3.25ns)   --->   "%DCAC_temp_load_10 = load i5 %DCAC_temp_addr_10" [../import_files/import_files/2D_idct.cpp:70]   --->   Operation 273 'load' 'DCAC_temp_load_10' <Predicate = (!tmp)> <Delay = 3.25> <CoreInst = "RAM">   --->   Core 82 'RAM' <Latency = 1> <II = 1> <Delay = 3.25> <Storage> <Opcode : 'load' 'store'> <Ports = 2> <Width = 32> <Depth = 32> <RAM>
ST_9 : Operation 274 [1/1] (0.00ns)   --->   "%zext_ln70_1 = zext i5 %and_ln" [../import_files/import_files/2D_idct.cpp:70]   --->   Operation 274 'zext' 'zext_ln70_1' <Predicate = (!tmp)> <Delay = 0.00>
ST_9 : Operation 275 [1/1] (4.42ns)   --->   "%lshr_ln70_1 = lshr i32 %DCAC_temp_load_10, i32 %zext_ln70_1" [../import_files/import_files/2D_idct.cpp:70]   --->   Operation 275 'lshr' 'lshr_ln70_1' <Predicate = (!tmp)> <Delay = 4.42> <CoreInst = "Shifter">   --->   Core 75 'Shifter' <Latency = 0> <II = 1> <Delay = 4.42> <FuncUnit> <Opcode : 'shl' 'lshr' 'ashr'> <InPorts = 2> <OutPorts = 1>
ST_9 : Operation 276 [1/1] (0.00ns)   --->   "%trunc_ln70_1 = trunc i32 %lshr_ln70_1" [../import_files/import_files/2D_idct.cpp:70]   --->   Operation 276 'trunc' 'trunc_ln70_1' <Predicate = (!tmp)> <Delay = 0.00>
ST_9 : Operation 277 [1/2] (3.25ns)   --->   "%DCAC_temp_load_11 = load i5 %DCAC_temp_addr_11" [../import_files/import_files/2D_idct.cpp:71]   --->   Operation 277 'load' 'DCAC_temp_load_11' <Predicate = (!tmp)> <Delay = 3.25> <CoreInst = "RAM">   --->   Core 82 'RAM' <Latency = 1> <II = 1> <Delay = 3.25> <Storage> <Opcode : 'load' 'store'> <Ports = 2> <Width = 32> <Depth = 32> <RAM>
ST_9 : Operation 278 [1/1] (0.00ns)   --->   "%zext_ln71_3 = zext i5 %and_ln" [../import_files/import_files/2D_idct.cpp:71]   --->   Operation 278 'zext' 'zext_ln71_3' <Predicate = (!tmp)> <Delay = 0.00>
ST_9 : Operation 279 [1/1] (4.42ns)   --->   "%lshr_ln71_1 = lshr i32 %DCAC_temp_load_11, i32 %zext_ln71_3" [../import_files/import_files/2D_idct.cpp:71]   --->   Operation 279 'lshr' 'lshr_ln71_1' <Predicate = (!tmp)> <Delay = 4.42> <CoreInst = "Shifter">   --->   Core 75 'Shifter' <Latency = 0> <II = 1> <Delay = 4.42> <FuncUnit> <Opcode : 'shl' 'lshr' 'ashr'> <InPorts = 2> <OutPorts = 1>
ST_9 : Operation 280 [1/1] (0.00ns)   --->   "%trunc_ln71_1 = trunc i32 %lshr_ln71_1" [../import_files/import_files/2D_idct.cpp:71]   --->   Operation 280 'trunc' 'trunc_ln71_1' <Predicate = (!tmp)> <Delay = 0.00>
ST_9 : Operation 281 [2/4] (1.05ns) (root node of the DSP)   --->   "%z5_1 = mul i32 %sext_ln94_1, i32 9633" [../import_files/import_files/2D_idct.cpp:94]   --->   Operation 281 'mul' 'z5_1' <Predicate = (!tmp)> <Delay = 1.05> <CoreInst = "DSP48">   --->   Core 119 'DSP48' <Latency = 3> <II = 1> <Delay = 2.15> <IPBlock> <Opcode : 'mul' 'add' 'sub' 'select'> <InPorts = 0> <OutPorts = 1> <Sync> <CReg>
ST_9 : Operation 282 [2/3] (1.05ns) (grouped into DSP with root node add_ln111_2)   --->   "%tmp3_6 = mul i31 %sext_ln47_15, i31 12299" [../import_files/import_files/2D_idct.cpp:99]   --->   Operation 282 'mul' 'tmp3_6' <Predicate = (!tmp)> <Delay = 1.05> <CoreInst = "DSP48">   --->   Core 119 'DSP48' <Latency = 3> <II = 1> <Delay = 2.15> <IPBlock> <Opcode : 'mul' 'add' 'sub' 'select'> <InPorts = 0> <OutPorts = 1> <Sync> <CReg>
ST_9 : Operation 283 [2/4] (1.05ns) (root node of the DSP)   --->   "%z1_5 = mul i31 %sext_ln49_20, i31 2147476275" [../import_files/import_files/2D_idct.cpp:100]   --->   Operation 283 'mul' 'z1_5' <Predicate = (!tmp)> <Delay = 1.05> <CoreInst = "DSP48">   --->   Core 119 'DSP48' <Latency = 3> <II = 1> <Delay = 2.15> <IPBlock> <Opcode : 'mul' 'add' 'sub' 'select'> <InPorts = 0> <OutPorts = 1> <Sync> <CReg>
ST_9 : Operation 284 [2/4] (1.05ns) (root node of the DSP)   --->   "%z2_5 = mul i32 %sext_ln49_17, i32 4294946301" [../import_files/import_files/2D_idct.cpp:101]   --->   Operation 284 'mul' 'z2_5' <Predicate = (!tmp)> <Delay = 1.05> <CoreInst = "DSP48">   --->   Core 119 'DSP48' <Latency = 3> <II = 1> <Delay = 2.15> <IPBlock> <Opcode : 'mul' 'add' 'sub' 'select'> <InPorts = 0> <OutPorts = 1> <Sync> <CReg>
ST_9 : Operation 285 [2/3] (1.05ns) (grouped into DSP with root node z3_7)   --->   "%z3_6 = mul i32 %sext_ln49_15, i32 4294951227" [../import_files/import_files/2D_idct.cpp:102]   --->   Operation 285 'mul' 'z3_6' <Predicate = (!tmp)> <Delay = 1.05> <CoreInst = "DSP48">   --->   Core 119 'DSP48' <Latency = 3> <II = 1> <Delay = 2.15> <IPBlock> <Opcode : 'mul' 'add' 'sub' 'select'> <InPorts = 0> <OutPorts = 1> <Sync> <CReg>
ST_9 : Operation 286 [2/3] (1.05ns) (grouped into DSP with root node z4_5)   --->   "%z4_4 = mul i30 %sext_ln49_18, i30 1073738628" [../import_files/import_files/2D_idct.cpp:103]   --->   Operation 286 'mul' 'z4_4' <Predicate = (!tmp)> <Delay = 1.05> <CoreInst = "DSP48">   --->   Core 119 'DSP48' <Latency = 3> <II = 1> <Delay = 2.15> <IPBlock> <Opcode : 'mul' 'add' 'sub' 'select'> <InPorts = 0> <OutPorts = 1> <Sync> <CReg>

State 10 <SV = 9> <Delay = 7.59>
ST_10 : Operation 287 [1/1] (0.00ns)   --->   "%sext_ln47 = sext i31 %tmp2" [../import_files/import_files/2D_idct.cpp:47]   --->   Operation 287 'sext' 'sext_ln47' <Predicate = (!tmp)> <Delay = 0.00>
ST_10 : Operation 288 [1/1] (0.00ns)   --->   "%sext_ln47_1 = sext i30 %tmp3" [../import_files/import_files/2D_idct.cpp:47]   --->   Operation 288 'sext' 'sext_ln47_1' <Predicate = (!tmp)> <Delay = 0.00>
ST_10 : Operation 289 [1/1] (0.00ns)   --->   "%tmp0 = bitconcatenate i30 @_ssdm_op_BitConcatenate.i30.i17.i13, i17 %add_ln73, i13 0" [../import_files/import_files/2D_idct.cpp:73]   --->   Operation 289 'bitconcatenate' 'tmp0' <Predicate = (!tmp)> <Delay = 0.00>
ST_10 : Operation 290 [1/1] (0.00ns)   --->   "%sext_ln77 = sext i30 %tmp0" [../import_files/import_files/2D_idct.cpp:77]   --->   Operation 290 'sext' 'sext_ln77' <Predicate = (!tmp)> <Delay = 0.00>
ST_10 : Operation 291 [1/1] (2.49ns)   --->   "%tmp13 = sub i31 %sext_ln77, i31 %sext_ln47_1" [../import_files/import_files/2D_idct.cpp:77]   --->   Operation 291 'sub' 'tmp13' <Predicate = (!tmp)> <Delay = 2.49> <CoreInst = "Adder">   --->   Core 1 'Adder' <Latency = 0> <II = 1> <Delay = 2.49> <FuncUnit> <Opcode : 'add' 'sub'> <InPorts = 2> <OutPorts = 1>
ST_10 : Operation 292 [1/1] (0.00ns)   --->   "%sext_ln47_10 = sext i31 %tmp13" [../import_files/import_files/2D_idct.cpp:47]   --->   Operation 292 'sext' 'sext_ln47_10' <Predicate = (!tmp)> <Delay = 0.00>
ST_10 : Operation 293 [1/1] (0.00ns)   --->   "%tmp1 = bitconcatenate i30 @_ssdm_op_BitConcatenate.i30.i17.i13, i17 %sub_ln74, i13 0" [../import_files/import_files/2D_idct.cpp:74]   --->   Operation 293 'bitconcatenate' 'tmp1' <Predicate = (!tmp)> <Delay = 0.00>
ST_10 : Operation 294 [1/1] (0.00ns)   --->   "%sext_ln74 = sext i30 %tmp1" [../import_files/import_files/2D_idct.cpp:74]   --->   Operation 294 'sext' 'sext_ln74' <Predicate = (!tmp)> <Delay = 0.00>
ST_10 : Operation 295 [1/1] (0.00ns) (grouped into TernaryAdder)   --->   "%tmp12 = sub i32 %sext_ln74, i32 %sext_ln47" [../import_files/import_files/2D_idct.cpp:79]   --->   Operation 295 'sub' 'tmp12' <Predicate = (!tmp)> <Delay = 0.00> <CoreInst = "TAddSub">   --->   Core 10 'TAddSub' <Latency = 0> <II = 1> <Delay = 2.18> <IPBlock> <Opcode : 'add' 'sub'> <InPorts = 3> <OutPorts = 1> <Sync> <CReg>
ST_10 : Operation 296 [2/3] (1.05ns) (grouped into DSP with root node add_ln109)   --->   "%tmp1_2 = mul i32 %sext_ln86, i32 16819" [../import_files/import_files/2D_idct.cpp:97]   --->   Operation 296 'mul' 'tmp1_2' <Predicate = (!tmp)> <Delay = 1.05> <CoreInst = "DSP48">   --->   Core 119 'DSP48' <Latency = 3> <II = 1> <Delay = 2.15> <IPBlock> <Opcode : 'mul' 'add' 'sub' 'select'> <InPorts = 0> <OutPorts = 1> <Sync> <CReg>
ST_10 : Operation 297 [1/1] (0.00ns)   --->   "%sext_ln111 = sext i31 %add_ln111" [../import_files/import_files/2D_idct.cpp:111]   --->   Operation 297 'sext' 'sext_ln111' <Predicate = (!tmp)> <Delay = 0.00>
ST_10 : Operation 298 [1/2] (2.10ns) (root node of the DSP)   --->   "%add_ln108 = add i31 %z1_2, i31 %sext_ln47_8" [../import_files/import_files/2D_idct.cpp:108]   --->   Operation 298 'add' 'add_ln108' <Predicate = (!tmp)> <Delay = 2.10> <CoreInst = "DSP48">   --->   Core 119 'DSP48' <Latency = 3> <II = 1> <Delay = 2.15> <IPBlock> <Opcode : 'mul' 'add' 'sub' 'select'> <InPorts = 0> <OutPorts = 1> <Sync> <CReg>
ST_10 : Operation 299 [1/1] (0.00ns)   --->   "%sext_ln108 = sext i31 %add_ln108" [../import_files/import_files/2D_idct.cpp:108]   --->   Operation 299 'sext' 'sext_ln108' <Predicate = (!tmp)> <Delay = 0.00>
ST_10 : Operation 300 [1/2] (2.10ns) (root node of the DSP)   --->   "%add_ln110 = add i32 %tmp2_2, i32 %z3_3" [../import_files/import_files/2D_idct.cpp:110]   --->   Operation 300 'add' 'add_ln110' <Predicate = (!tmp)> <Delay = 2.10> <CoreInst = "DSP48">   --->   Core 119 'DSP48' <Latency = 3> <II = 1> <Delay = 2.15> <IPBlock> <Opcode : 'mul' 'add' 'sub' 'select'> <InPorts = 0> <OutPorts = 1> <Sync> <CReg>
ST_10 : Operation 301 [1/1] (2.55ns)   --->   "%tmp2_3 = add i32 %add_ln110, i32 %z2_2" [../import_files/import_files/2D_idct.cpp:110]   --->   Operation 301 'add' 'tmp2_3' <Predicate = (!tmp)> <Delay = 2.55> <CoreInst = "Adder">   --->   Core 1 'Adder' <Latency = 0> <II = 1> <Delay = 2.55> <FuncUnit> <Opcode : 'add' 'sub'> <InPorts = 2> <OutPorts = 1>
ST_10 : Operation 302 [1/1] (2.55ns)   --->   "%tmp0_3 = add i32 %z3_3, i32 %sext_ln108" [../import_files/import_files/2D_idct.cpp:108]   --->   Operation 302 'add' 'tmp0_3' <Predicate = (!tmp)> <Delay = 2.55> <CoreInst = "Adder">   --->   Core 1 'Adder' <Latency = 0> <II = 1> <Delay = 2.55> <FuncUnit> <Opcode : 'add' 'sub'> <InPorts = 2> <OutPorts = 1>
ST_10 : Operation 303 [1/2] (2.10ns) (root node of the DSP)   --->   "%z4_2 = add i32 %z5, i32 %sext_ln49_10" [../import_files/import_files/2D_idct.cpp:106]   --->   Operation 303 'add' 'z4_2' <Predicate = (!tmp)> <Delay = 2.10> <CoreInst = "DSP48">   --->   Core 119 'DSP48' <Latency = 3> <II = 1> <Delay = 2.15> <IPBlock> <Opcode : 'mul' 'add' 'sub' 'select'> <InPorts = 0> <OutPorts = 1> <Sync> <CReg>
ST_10 : Operation 304 [1/1] (2.55ns)   --->   "%tmp3_3 = add i32 %z4_2, i32 %sext_ln111" [../import_files/import_files/2D_idct.cpp:111]   --->   Operation 304 'add' 'tmp3_3' <Predicate = (!tmp)> <Delay = 2.55> <CoreInst = "Adder">   --->   Core 1 'Adder' <Latency = 0> <II = 1> <Delay = 2.55> <FuncUnit> <Opcode : 'add' 'sub'> <InPorts = 2> <OutPorts = 1>
ST_10 : Operation 305 [1/1] (2.49ns)   --->   "%tmp10 = add i30 %tmp3, i30 1024" [../import_files/import_files/2D_idct.cpp:76]   --->   Operation 305 'add' 'tmp10' <Predicate = (!tmp)> <Delay = 2.49> <CoreInst = "Adder">   --->   Core 1 'Adder' <Latency = 0> <II = 1> <Delay = 2.49> <FuncUnit> <Opcode : 'add' 'sub'> <InPorts = 2> <OutPorts = 1>
ST_10 : Operation 306 [1/1] (0.00ns)   --->   "%sext_ln115 = sext i30 %tmp10" [../import_files/import_files/2D_idct.cpp:115]   --->   Operation 306 'sext' 'sext_ln115' <Predicate = (!tmp)> <Delay = 0.00>
ST_10 : Operation 307 [1/1] (2.49ns)   --->   "%add_ln115 = add i31 %sext_ln77, i31 %sext_ln115" [../import_files/import_files/2D_idct.cpp:115]   --->   Operation 307 'add' 'add_ln115' <Predicate = (!tmp)> <Delay = 2.49> <CoreInst = "Adder">   --->   Core 1 'Adder' <Latency = 0> <II = 1> <Delay = 2.49> <FuncUnit> <Opcode : 'add' 'sub'> <InPorts = 2> <OutPorts = 1>
ST_10 : Operation 308 [1/1] (0.00ns)   --->   "%sext_ln116 = sext i31 %add_ln115" [../import_files/import_files/2D_idct.cpp:116]   --->   Operation 308 'sext' 'sext_ln116' <Predicate = (!tmp)> <Delay = 0.00>
ST_10 : Operation 309 [1/1] (2.55ns)   --->   "%sub_ln116 = sub i32 %sext_ln116, i32 %tmp3_3" [../import_files/import_files/2D_idct.cpp:116]   --->   Operation 309 'sub' 'sub_ln116' <Predicate = (!tmp)> <Delay = 2.55> <CoreInst = "Adder">   --->   Core 1 'Adder' <Latency = 0> <II = 1> <Delay = 2.55> <FuncUnit> <Opcode : 'add' 'sub'> <InPorts = 2> <OutPorts = 1>
ST_10 : Operation 310 [1/1] (2.55ns)   --->   "%add_ln115_1 = add i32 %tmp3_3, i32 %sext_ln116" [../import_files/import_files/2D_idct.cpp:115]   --->   Operation 310 'add' 'add_ln115_1' <Predicate = (!tmp)> <Delay = 2.55> <CoreInst = "Adder">   --->   Core 1 'Adder' <Latency = 0> <II = 1> <Delay = 2.55> <FuncUnit> <Opcode : 'add' 'sub'> <InPorts = 2> <OutPorts = 1>
ST_10 : Operation 311 [1/1] (0.00ns)   --->   "%trunc_ln1 = partselect i21 @_ssdm_op_PartSelect.i21.i32.i32.i32, i32 %add_ln115_1, i32 11, i32 31" [../import_files/import_files/2D_idct.cpp:115]   --->   Operation 311 'partselect' 'trunc_ln1' <Predicate = (!tmp)> <Delay = 0.00>
ST_10 : Operation 312 [1/1] (0.00ns)   --->   "%trunc_ln2 = partselect i21 @_ssdm_op_PartSelect.i21.i32.i32.i32, i32 %sub_ln116, i32 11, i32 31" [../import_files/import_files/2D_idct.cpp:116]   --->   Operation 312 'partselect' 'trunc_ln2' <Predicate = (!tmp)> <Delay = 0.00>
ST_10 : Operation 313 [1/1] (2.52ns)   --->   "%tmp11 = add i31 %tmp2, i31 1024" [../import_files/import_files/2D_idct.cpp:78]   --->   Operation 313 'add' 'tmp11' <Predicate = (!tmp)> <Delay = 2.52> <CoreInst = "Adder">   --->   Core 1 'Adder' <Latency = 0> <II = 1> <Delay = 2.52> <FuncUnit> <Opcode : 'add' 'sub'> <InPorts = 2> <OutPorts = 1>
ST_10 : Operation 314 [1/1] (0.00ns)   --->   "%sext_ln117 = sext i31 %tmp11" [../import_files/import_files/2D_idct.cpp:117]   --->   Operation 314 'sext' 'sext_ln117' <Predicate = (!tmp)> <Delay = 0.00>
ST_10 : Operation 315 [1/1] (2.52ns)   --->   "%add_ln117 = add i32 %sext_ln74, i32 %sext_ln117" [../import_files/import_files/2D_idct.cpp:117]   --->   Operation 315 'add' 'add_ln117' <Predicate = (!tmp)> <Delay = 2.52> <CoreInst = "Adder">   --->   Core 1 'Adder' <Latency = 0> <II = 1> <Delay = 2.52> <FuncUnit> <Opcode : 'add' 'sub'> <InPorts = 2> <OutPorts = 1>
ST_10 : Operation 316 [1/1] (2.55ns)   --->   "%sub_ln118 = sub i32 %add_ln117, i32 %tmp2_3" [../import_files/import_files/2D_idct.cpp:118]   --->   Operation 316 'sub' 'sub_ln118' <Predicate = (!tmp)> <Delay = 2.55> <CoreInst = "Adder">   --->   Core 1 'Adder' <Latency = 0> <II = 1> <Delay = 2.55> <FuncUnit> <Opcode : 'add' 'sub'> <InPorts = 2> <OutPorts = 1>
ST_10 : Operation 317 [1/1] (2.55ns)   --->   "%add_ln117_1 = add i32 %tmp2_3, i32 %add_ln117" [../import_files/import_files/2D_idct.cpp:117]   --->   Operation 317 'add' 'add_ln117_1' <Predicate = (!tmp)> <Delay = 2.55> <CoreInst = "Adder">   --->   Core 1 'Adder' <Latency = 0> <II = 1> <Delay = 2.55> <FuncUnit> <Opcode : 'add' 'sub'> <InPorts = 2> <OutPorts = 1>
ST_10 : Operation 318 [1/1] (0.00ns)   --->   "%trunc_ln3 = partselect i21 @_ssdm_op_PartSelect.i21.i32.i32.i32, i32 %add_ln117_1, i32 11, i32 31" [../import_files/import_files/2D_idct.cpp:117]   --->   Operation 318 'partselect' 'trunc_ln3' <Predicate = (!tmp)> <Delay = 0.00>
ST_10 : Operation 319 [1/1] (0.00ns)   --->   "%trunc_ln4 = partselect i21 @_ssdm_op_PartSelect.i21.i32.i32.i32, i32 %sub_ln118, i32 11, i32 31" [../import_files/import_files/2D_idct.cpp:118]   --->   Operation 319 'partselect' 'trunc_ln4' <Predicate = (!tmp)> <Delay = 0.00>
ST_10 : Operation 320 [1/1] (4.37ns) (root node of TernaryAdder)   --->   "%add_ln119 = add i32 %tmp12, i32 1024" [../import_files/import_files/2D_idct.cpp:119]   --->   Operation 320 'add' 'add_ln119' <Predicate = (!tmp)> <Delay = 4.37> <CoreInst = "TAddSub">   --->   Core 10 'TAddSub' <Latency = 0> <II = 1> <Delay = 2.18> <IPBlock> <Opcode : 'add' 'sub'> <InPorts = 3> <OutPorts = 1> <Sync> <CReg>
ST_10 : Operation 321 [1/1] (2.52ns)   --->   "%add_ln121 = add i32 %sext_ln47_10, i32 1024" [../import_files/import_files/2D_idct.cpp:121]   --->   Operation 321 'add' 'add_ln121' <Predicate = (!tmp)> <Delay = 2.52> <CoreInst = "Adder">   --->   Core 1 'Adder' <Latency = 0> <II = 1> <Delay = 2.52> <FuncUnit> <Opcode : 'add' 'sub'> <InPorts = 2> <OutPorts = 1>
ST_10 : Operation 322 [1/1] (2.55ns)   --->   "%sub_ln122 = sub i32 %add_ln121, i32 %tmp0_3" [../import_files/import_files/2D_idct.cpp:122]   --->   Operation 322 'sub' 'sub_ln122' <Predicate = (!tmp)> <Delay = 2.55> <CoreInst = "Adder">   --->   Core 1 'Adder' <Latency = 0> <II = 1> <Delay = 2.55> <FuncUnit> <Opcode : 'add' 'sub'> <InPorts = 2> <OutPorts = 1>
ST_10 : Operation 323 [1/1] (2.55ns)   --->   "%add_ln121_1 = add i32 %tmp0_3, i32 %add_ln121" [../import_files/import_files/2D_idct.cpp:121]   --->   Operation 323 'add' 'add_ln121_1' <Predicate = (!tmp)> <Delay = 2.55> <CoreInst = "Adder">   --->   Core 1 'Adder' <Latency = 0> <II = 1> <Delay = 2.55> <FuncUnit> <Opcode : 'add' 'sub'> <InPorts = 2> <OutPorts = 1>
ST_10 : Operation 324 [1/1] (0.00ns)   --->   "%trunc_ln7 = partselect i21 @_ssdm_op_PartSelect.i21.i32.i32.i32, i32 %add_ln121_1, i32 11, i32 31" [../import_files/import_files/2D_idct.cpp:121]   --->   Operation 324 'partselect' 'trunc_ln7' <Predicate = (!tmp)> <Delay = 0.00>
ST_10 : Operation 325 [1/1] (0.00ns)   --->   "%trunc_ln8 = partselect i21 @_ssdm_op_PartSelect.i21.i32.i32.i32, i32 %sub_ln122, i32 11, i32 31" [../import_files/import_files/2D_idct.cpp:122]   --->   Operation 325 'partselect' 'trunc_ln8' <Predicate = (!tmp)> <Delay = 0.00>
ST_10 : Operation 326 [2/4] (1.05ns) (root node of the DSP)   --->   "%z1_3 = mul i31 %sext_ln66_1, i31 4433" [../import_files/import_files/2D_idct.cpp:66]   --->   Operation 326 'mul' 'z1_3' <Predicate = (!tmp)> <Delay = 1.05> <CoreInst = "DSP48">   --->   Core 119 'DSP48' <Latency = 3> <II = 1> <Delay = 2.15> <IPBlock> <Opcode : 'mul' 'add' 'sub' 'select'> <InPorts = 0> <OutPorts = 1> <Sync> <CReg>
ST_10 : Operation 327 [2/3] (1.05ns) (grouped into DSP with root node tmp2_4)   --->   "%mul_ln67_1 = mul i31 %sext_ln49_13, i31 2147468511" [../import_files/import_files/2D_idct.cpp:67]   --->   Operation 327 'mul' 'mul_ln67_1' <Predicate = (!tmp)> <Delay = 1.05> <CoreInst = "DSP48">   --->   Core 119 'DSP48' <Latency = 3> <II = 1> <Delay = 2.15> <IPBlock> <Opcode : 'mul' 'add' 'sub' 'select'> <InPorts = 0> <OutPorts = 1> <Sync> <CReg>
ST_10 : Operation 328 [2/3] (1.05ns) (grouped into DSP with root node tmp3_4)   --->   "%mul_ln68_1 = mul i30 %sext_ln49_11, i30 6270" [../import_files/import_files/2D_idct.cpp:68]   --->   Operation 328 'mul' 'mul_ln68_1' <Predicate = (!tmp)> <Delay = 1.05> <CoreInst = "DSP48">   --->   Core 119 'DSP48' <Latency = 3> <II = 1> <Delay = 2.15> <IPBlock> <Opcode : 'mul' 'add' 'sub' 'select'> <InPorts = 0> <OutPorts = 1> <Sync> <CReg>
ST_10 : Operation 329 [1/1] (0.00ns)   --->   "%sext_ln47_11 = sext i16 %tmp0_5" [../import_files/import_files/2D_idct.cpp:47]   --->   Operation 329 'sext' 'sext_ln47_11' <Predicate = (!tmp)> <Delay = 0.00>
ST_10 : Operation 330 [1/1] (0.00ns)   --->   "%sext_ln86_1 = sext i16 %tmp1_5" [../import_files/import_files/2D_idct.cpp:86]   --->   Operation 330 'sext' 'sext_ln86_1' <Predicate = (!tmp)> <Delay = 0.00>
ST_10 : Operation 331 [1/1] (0.00ns)   --->   "%sext_ln87_1 = sext i16 %tmp2_5" [../import_files/import_files/2D_idct.cpp:87]   --->   Operation 331 'sext' 'sext_ln87_1' <Predicate = (!tmp)> <Delay = 0.00>
ST_10 : Operation 332 [1/4] (0.00ns) (root node of the DSP)   --->   "%z5_1 = mul i32 %sext_ln94_1, i32 9633" [../import_files/import_files/2D_idct.cpp:94]   --->   Operation 332 'mul' 'z5_1' <Predicate = (!tmp)> <Delay = 0.00> <CoreInst = "DSP48">   --->   Core 119 'DSP48' <Latency = 3> <II = 1> <Delay = 2.15> <IPBlock> <Opcode : 'mul' 'add' 'sub' 'select'> <InPorts = 0> <OutPorts = 1> <Sync> <CReg>
ST_10 : Operation 333 [3/3] (1.05ns) (grouped into DSP with root node add_ln108_2)   --->   "%tmp0_6 = mul i29 %sext_ln47_11, i29 2446" [../import_files/import_files/2D_idct.cpp:96]   --->   Operation 333 'mul' 'tmp0_6' <Predicate = (!tmp)> <Delay = 1.05> <CoreInst = "DSP48">   --->   Core 119 'DSP48' <Latency = 3> <II = 1> <Delay = 2.15> <IPBlock> <Opcode : 'mul' 'add' 'sub' 'select'> <InPorts = 0> <OutPorts = 1> <Sync> <CReg>
ST_10 : Operation 334 [3/3] (1.05ns) (grouped into DSP with root node add_ln109_2)   --->   "%tmp1_6 = mul i32 %sext_ln86_1, i32 16819" [../import_files/import_files/2D_idct.cpp:97]   --->   Operation 334 'mul' 'tmp1_6' <Predicate = (!tmp)> <Delay = 1.05> <CoreInst = "DSP48">   --->   Core 119 'DSP48' <Latency = 3> <II = 1> <Delay = 2.15> <IPBlock> <Opcode : 'mul' 'add' 'sub' 'select'> <InPorts = 0> <OutPorts = 1> <Sync> <CReg>
ST_10 : Operation 335 [3/3] (1.05ns) (grouped into DSP with root node add_ln110_2)   --->   "%tmp2_6 = mul i32 %sext_ln87_1, i32 25172" [../import_files/import_files/2D_idct.cpp:98]   --->   Operation 335 'mul' 'tmp2_6' <Predicate = (!tmp)> <Delay = 1.05> <CoreInst = "DSP48">   --->   Core 119 'DSP48' <Latency = 3> <II = 1> <Delay = 2.15> <IPBlock> <Opcode : 'mul' 'add' 'sub' 'select'> <InPorts = 0> <OutPorts = 1> <Sync> <CReg>
ST_10 : Operation 336 [1/3] (0.00ns) (grouped into DSP with root node add_ln111_2)   --->   "%tmp3_6 = mul i31 %sext_ln47_15, i31 12299" [../import_files/import_files/2D_idct.cpp:99]   --->   Operation 336 'mul' 'tmp3_6' <Predicate = (!tmp)> <Delay = 0.00> <CoreInst = "DSP48">   --->   Core 119 'DSP48' <Latency = 3> <II = 1> <Delay = 2.15> <IPBlock> <Opcode : 'mul' 'add' 'sub' 'select'> <InPorts = 0> <OutPorts = 1> <Sync> <CReg>
ST_10 : Operation 337 [1/4] (0.00ns) (root node of the DSP)   --->   "%z1_5 = mul i31 %sext_ln49_20, i31 2147476275" [../import_files/import_files/2D_idct.cpp:100]   --->   Operation 337 'mul' 'z1_5' <Predicate = (!tmp)> <Delay = 0.00> <CoreInst = "DSP48">   --->   Core 119 'DSP48' <Latency = 3> <II = 1> <Delay = 2.15> <IPBlock> <Opcode : 'mul' 'add' 'sub' 'select'> <InPorts = 0> <OutPorts = 1> <Sync> <CReg>
ST_10 : Operation 338 [2/2] (2.10ns) (root node of the DSP)   --->   "%add_ln111_2 = add i31 %z1_5, i31 %tmp3_6" [../import_files/import_files/2D_idct.cpp:111]   --->   Operation 338 'add' 'add_ln111_2' <Predicate = (!tmp)> <Delay = 2.10> <CoreInst = "DSP48">   --->   Core 119 'DSP48' <Latency = 3> <II = 1> <Delay = 2.15> <IPBlock> <Opcode : 'mul' 'add' 'sub' 'select'> <InPorts = 0> <OutPorts = 1> <Sync> <CReg>
ST_10 : Operation 339 [1/4] (0.00ns) (root node of the DSP)   --->   "%z2_5 = mul i32 %sext_ln49_17, i32 4294946301" [../import_files/import_files/2D_idct.cpp:101]   --->   Operation 339 'mul' 'z2_5' <Predicate = (!tmp)> <Delay = 0.00> <CoreInst = "DSP48">   --->   Core 119 'DSP48' <Latency = 3> <II = 1> <Delay = 2.15> <IPBlock> <Opcode : 'mul' 'add' 'sub' 'select'> <InPorts = 0> <OutPorts = 1> <Sync> <CReg>
ST_10 : Operation 340 [1/3] (0.00ns) (grouped into DSP with root node z3_7)   --->   "%z3_6 = mul i32 %sext_ln49_15, i32 4294951227" [../import_files/import_files/2D_idct.cpp:102]   --->   Operation 340 'mul' 'z3_6' <Predicate = (!tmp)> <Delay = 0.00> <CoreInst = "DSP48">   --->   Core 119 'DSP48' <Latency = 3> <II = 1> <Delay = 2.15> <IPBlock> <Opcode : 'mul' 'add' 'sub' 'select'> <InPorts = 0> <OutPorts = 1> <Sync> <CReg>
ST_10 : Operation 341 [2/2] (2.10ns) (root node of the DSP)   --->   "%z3_7 = add i32 %z5_1, i32 %z3_6" [../import_files/import_files/2D_idct.cpp:105]   --->   Operation 341 'add' 'z3_7' <Predicate = (!tmp)> <Delay = 2.10> <CoreInst = "DSP48">   --->   Core 119 'DSP48' <Latency = 3> <II = 1> <Delay = 2.15> <IPBlock> <Opcode : 'mul' 'add' 'sub' 'select'> <InPorts = 0> <OutPorts = 1> <Sync> <CReg>
ST_10 : Operation 342 [1/3] (0.00ns) (grouped into DSP with root node z4_5)   --->   "%z4_4 = mul i30 %sext_ln49_18, i30 1073738628" [../import_files/import_files/2D_idct.cpp:103]   --->   Operation 342 'mul' 'z4_4' <Predicate = (!tmp)> <Delay = 0.00> <CoreInst = "DSP48">   --->   Core 119 'DSP48' <Latency = 3> <II = 1> <Delay = 2.15> <IPBlock> <Opcode : 'mul' 'add' 'sub' 'select'> <InPorts = 0> <OutPorts = 1> <Sync> <CReg>
ST_10 : Operation 343 [1/1] (0.00ns) (grouped into DSP with root node z4_5)   --->   "%sext_ln49_21 = sext i30 %z4_4" [../import_files/import_files/2D_idct.cpp:49]   --->   Operation 343 'sext' 'sext_ln49_21' <Predicate = (!tmp)> <Delay = 0.00>
ST_10 : Operation 344 [2/2] (2.10ns) (root node of the DSP)   --->   "%z4_5 = add i32 %z5_1, i32 %sext_ln49_21" [../import_files/import_files/2D_idct.cpp:106]   --->   Operation 344 'add' 'z4_5' <Predicate = (!tmp)> <Delay = 2.10> <CoreInst = "DSP48">   --->   Core 119 'DSP48' <Latency = 3> <II = 1> <Delay = 2.15> <IPBlock> <Opcode : 'mul' 'add' 'sub' 'select'> <InPorts = 0> <OutPorts = 1> <Sync> <CReg>
ST_10 : Operation 345 [1/1] (1.73ns)   --->   "%add_ln59 = add i4 %col_1, i4 2" [../import_files/import_files/2D_idct.cpp:59]   --->   Operation 345 'add' 'add_ln59' <Predicate = (!tmp)> <Delay = 1.73> <CoreInst = "Adder">   --->   Core 1 'Adder' <Latency = 0> <II = 1> <Delay = 1.73> <FuncUnit> <Opcode : 'add' 'sub'> <InPorts = 2> <OutPorts = 1>
ST_10 : Operation 346 [1/1] (1.58ns)   --->   "%store_ln59 = store i4 %add_ln59, i4 %col" [../import_files/import_files/2D_idct.cpp:59]   --->   Operation 346 'store' 'store_ln59' <Predicate = (!tmp)> <Delay = 1.58>
ST_10 : Operation 492 [1/1] (0.00ns)   --->   "%ret_ln0 = ret"   --->   Operation 492 'ret' 'ret_ln0' <Predicate = (tmp)> <Delay = 0.00>

State 11 <SV = 10> <Delay = 4.22>
ST_11 : Operation 347 [1/3] (0.00ns) (grouped into DSP with root node add_ln109)   --->   "%tmp1_2 = mul i32 %sext_ln86, i32 16819" [../import_files/import_files/2D_idct.cpp:97]   --->   Operation 347 'mul' 'tmp1_2' <Predicate = true> <Delay = 0.00> <CoreInst = "DSP48">   --->   Core 119 'DSP48' <Latency = 3> <II = 1> <Delay = 2.15> <IPBlock> <Opcode : 'mul' 'add' 'sub' 'select'> <InPorts = 0> <OutPorts = 1> <Sync> <CReg>
ST_11 : Operation 348 [2/2] (2.10ns) (root node of the DSP)   --->   "%add_ln109 = add i32 %tmp1_2, i32 %z4_2" [../import_files/import_files/2D_idct.cpp:109]   --->   Operation 348 'add' 'add_ln109' <Predicate = true> <Delay = 2.10> <CoreInst = "DSP48">   --->   Core 119 'DSP48' <Latency = 3> <II = 1> <Delay = 2.15> <IPBlock> <Opcode : 'mul' 'add' 'sub' 'select'> <InPorts = 0> <OutPorts = 1> <Sync> <CReg>
ST_11 : Operation 349 [1/1] (0.97ns)   --->   "%xor_ln116 = xor i4 %col_1, i4 8" [../import_files/import_files/2D_idct.cpp:116]   --->   Operation 349 'xor' 'xor_ln116' <Predicate = true> <Delay = 0.97> <CoreInst = "LogicGate">   --->   Core 74 'LogicGate' <Latency = 0> <II = 1> <Delay = 0.97> <FuncUnit> <Opcode : 'and' 'or' 'xor'> <InPorts = 2> <OutPorts = 1>
ST_11 : Operation 350 [1/1] (0.00ns)   --->   "%sext_ln116_1 = sext i4 %xor_ln116" [../import_files/import_files/2D_idct.cpp:116]   --->   Operation 350 'sext' 'sext_ln116_1' <Predicate = true> <Delay = 0.00>
ST_11 : Operation 351 [1/1] (0.00ns)   --->   "%zext_ln116 = zext i6 %sext_ln116_1" [../import_files/import_files/2D_idct.cpp:116]   --->   Operation 351 'zext' 'zext_ln116' <Predicate = true> <Delay = 0.00>
ST_11 : Operation 352 [1/1] (0.00ns)   --->   "%workspace_addr_1 = getelementptr i21 %workspace, i64 0, i64 %zext_ln116" [../import_files/import_files/2D_idct.cpp:116]   --->   Operation 352 'getelementptr' 'workspace_addr_1' <Predicate = true> <Delay = 0.00>
ST_11 : Operation 353 [1/1] (3.25ns)   --->   "%store_ln116 = store i21 %trunc_ln2, i6 %workspace_addr_1" [../import_files/import_files/2D_idct.cpp:116]   --->   Operation 353 'store' 'store_ln116' <Predicate = true> <Delay = 3.25> <CoreInst = "RAM">   --->   Core 82 'RAM' <Latency = 1> <II = 1> <Delay = 3.25> <Storage> <Opcode : 'load' 'store'> <Ports = 2> <Width = 21> <Depth = 64> <RAM>
ST_11 : Operation 354 [1/1] (0.00ns)   --->   "%zext_ln119_cast = bitconcatenate i5 @_ssdm_op_BitConcatenate.i5.i1.i4, i1 1, i4 %col_1" [../import_files/import_files/2D_idct.cpp:119]   --->   Operation 354 'bitconcatenate' 'zext_ln119_cast' <Predicate = true> <Delay = 0.00>
ST_11 : Operation 355 [1/1] (0.00ns)   --->   "%sext_ln118 = sext i5 %zext_ln119_cast" [../import_files/import_files/2D_idct.cpp:118]   --->   Operation 355 'sext' 'sext_ln118' <Predicate = true> <Delay = 0.00>
ST_11 : Operation 356 [1/1] (0.00ns)   --->   "%zext_ln118 = zext i6 %sext_ln118" [../import_files/import_files/2D_idct.cpp:118]   --->   Operation 356 'zext' 'zext_ln118' <Predicate = true> <Delay = 0.00>
ST_11 : Operation 357 [1/1] (0.00ns)   --->   "%workspace_addr_3 = getelementptr i21 %workspace, i64 0, i64 %zext_ln118" [../import_files/import_files/2D_idct.cpp:118]   --->   Operation 357 'getelementptr' 'workspace_addr_3' <Predicate = true> <Delay = 0.00>
ST_11 : Operation 358 [1/1] (3.25ns)   --->   "%store_ln118 = store i21 %trunc_ln4, i6 %workspace_addr_3" [../import_files/import_files/2D_idct.cpp:118]   --->   Operation 358 'store' 'store_ln118' <Predicate = true> <Delay = 3.25> <CoreInst = "RAM">   --->   Core 82 'RAM' <Latency = 1> <II = 1> <Delay = 3.25> <Storage> <Opcode : 'load' 'store'> <Ports = 2> <Width = 21> <Depth = 64> <RAM>
ST_11 : Operation 359 [1/4] (0.00ns) (root node of the DSP)   --->   "%z1_3 = mul i31 %sext_ln66_1, i31 4433" [../import_files/import_files/2D_idct.cpp:66]   --->   Operation 359 'mul' 'z1_3' <Predicate = true> <Delay = 0.00> <CoreInst = "DSP48">   --->   Core 119 'DSP48' <Latency = 3> <II = 1> <Delay = 2.15> <IPBlock> <Opcode : 'mul' 'add' 'sub' 'select'> <InPorts = 0> <OutPorts = 1> <Sync> <CReg>
ST_11 : Operation 360 [1/1] (0.00ns)   --->   "%trunc_ln49_1 = trunc i31 %z1_3" [../import_files/import_files/2D_idct.cpp:49]   --->   Operation 360 'trunc' 'trunc_ln49_1' <Predicate = true> <Delay = 0.00>
ST_11 : Operation 361 [1/3] (0.00ns) (grouped into DSP with root node tmp2_4)   --->   "%mul_ln67_1 = mul i31 %sext_ln49_13, i31 2147468511" [../import_files/import_files/2D_idct.cpp:67]   --->   Operation 361 'mul' 'mul_ln67_1' <Predicate = true> <Delay = 0.00> <CoreInst = "DSP48">   --->   Core 119 'DSP48' <Latency = 3> <II = 1> <Delay = 2.15> <IPBlock> <Opcode : 'mul' 'add' 'sub' 'select'> <InPorts = 0> <OutPorts = 1> <Sync> <CReg>
ST_11 : Operation 362 [2/2] (2.10ns) (root node of the DSP)   --->   "%tmp2_4 = add i31 %z1_3, i31 %mul_ln67_1" [../import_files/import_files/2D_idct.cpp:67]   --->   Operation 362 'add' 'tmp2_4' <Predicate = true> <Delay = 2.10> <CoreInst = "DSP48">   --->   Core 119 'DSP48' <Latency = 3> <II = 1> <Delay = 2.15> <IPBlock> <Opcode : 'mul' 'add' 'sub' 'select'> <InPorts = 0> <OutPorts = 1> <Sync> <CReg>
ST_11 : Operation 363 [1/3] (0.00ns) (grouped into DSP with root node tmp3_4)   --->   "%mul_ln68_1 = mul i30 %sext_ln49_11, i30 6270" [../import_files/import_files/2D_idct.cpp:68]   --->   Operation 363 'mul' 'mul_ln68_1' <Predicate = true> <Delay = 0.00> <CoreInst = "DSP48">   --->   Core 119 'DSP48' <Latency = 3> <II = 1> <Delay = 2.15> <IPBlock> <Opcode : 'mul' 'add' 'sub' 'select'> <InPorts = 0> <OutPorts = 1> <Sync> <CReg>
ST_11 : Operation 364 [2/2] (2.10ns) (root node of the DSP)   --->   "%tmp3_4 = add i30 %trunc_ln49_1, i30 %mul_ln68_1" [../import_files/import_files/2D_idct.cpp:68]   --->   Operation 364 'add' 'tmp3_4' <Predicate = true> <Delay = 2.10> <CoreInst = "DSP48">   --->   Core 119 'DSP48' <Latency = 3> <II = 1> <Delay = 2.15> <IPBlock> <Opcode : 'mul' 'add' 'sub' 'select'> <InPorts = 0> <OutPorts = 1> <Sync> <CReg>
ST_11 : Operation 365 [2/3] (1.05ns) (grouped into DSP with root node add_ln108_2)   --->   "%tmp0_6 = mul i29 %sext_ln47_11, i29 2446" [../import_files/import_files/2D_idct.cpp:96]   --->   Operation 365 'mul' 'tmp0_6' <Predicate = true> <Delay = 1.05> <CoreInst = "DSP48">   --->   Core 119 'DSP48' <Latency = 3> <II = 1> <Delay = 2.15> <IPBlock> <Opcode : 'mul' 'add' 'sub' 'select'> <InPorts = 0> <OutPorts = 1> <Sync> <CReg>
ST_11 : Operation 366 [2/3] (1.05ns) (grouped into DSP with root node add_ln109_2)   --->   "%tmp1_6 = mul i32 %sext_ln86_1, i32 16819" [../import_files/import_files/2D_idct.cpp:97]   --->   Operation 366 'mul' 'tmp1_6' <Predicate = true> <Delay = 1.05> <CoreInst = "DSP48">   --->   Core 119 'DSP48' <Latency = 3> <II = 1> <Delay = 2.15> <IPBlock> <Opcode : 'mul' 'add' 'sub' 'select'> <InPorts = 0> <OutPorts = 1> <Sync> <CReg>
ST_11 : Operation 367 [2/3] (1.05ns) (grouped into DSP with root node add_ln110_2)   --->   "%tmp2_6 = mul i32 %sext_ln87_1, i32 25172" [../import_files/import_files/2D_idct.cpp:98]   --->   Operation 367 'mul' 'tmp2_6' <Predicate = true> <Delay = 1.05> <CoreInst = "DSP48">   --->   Core 119 'DSP48' <Latency = 3> <II = 1> <Delay = 2.15> <IPBlock> <Opcode : 'mul' 'add' 'sub' 'select'> <InPorts = 0> <OutPorts = 1> <Sync> <CReg>
ST_11 : Operation 368 [1/2] (2.10ns) (root node of the DSP)   --->   "%add_ln111_2 = add i31 %z1_5, i31 %tmp3_6" [../import_files/import_files/2D_idct.cpp:111]   --->   Operation 368 'add' 'add_ln111_2' <Predicate = true> <Delay = 2.10> <CoreInst = "DSP48">   --->   Core 119 'DSP48' <Latency = 3> <II = 1> <Delay = 2.15> <IPBlock> <Opcode : 'mul' 'add' 'sub' 'select'> <InPorts = 0> <OutPorts = 1> <Sync> <CReg>
ST_11 : Operation 369 [1/2] (2.10ns) (root node of the DSP)   --->   "%z3_7 = add i32 %z5_1, i32 %z3_6" [../import_files/import_files/2D_idct.cpp:105]   --->   Operation 369 'add' 'z3_7' <Predicate = true> <Delay = 2.10> <CoreInst = "DSP48">   --->   Core 119 'DSP48' <Latency = 3> <II = 1> <Delay = 2.15> <IPBlock> <Opcode : 'mul' 'add' 'sub' 'select'> <InPorts = 0> <OutPorts = 1> <Sync> <CReg>
ST_11 : Operation 370 [1/2] (2.10ns) (root node of the DSP)   --->   "%z4_5 = add i32 %z5_1, i32 %sext_ln49_21" [../import_files/import_files/2D_idct.cpp:106]   --->   Operation 370 'add' 'z4_5' <Predicate = true> <Delay = 2.10> <CoreInst = "DSP48">   --->   Core 119 'DSP48' <Latency = 3> <II = 1> <Delay = 2.15> <IPBlock> <Opcode : 'mul' 'add' 'sub' 'select'> <InPorts = 0> <OutPorts = 1> <Sync> <CReg>

State 12 <SV = 11> <Delay = 7.20>
ST_12 : Operation 371 [1/1] (0.00ns)   --->   "%col_cast32 = zext i4 %col_1" [../import_files/import_files/2D_idct.cpp:63]   --->   Operation 371 'zext' 'col_cast32' <Predicate = true> <Delay = 0.00>
ST_12 : Operation 372 [1/2] (2.10ns) (root node of the DSP)   --->   "%add_ln109 = add i32 %tmp1_2, i32 %z4_2" [../import_files/import_files/2D_idct.cpp:109]   --->   Operation 372 'add' 'add_ln109' <Predicate = true> <Delay = 2.10> <CoreInst = "DSP48">   --->   Core 119 'DSP48' <Latency = 3> <II = 1> <Delay = 2.15> <IPBlock> <Opcode : 'mul' 'add' 'sub' 'select'> <InPorts = 0> <OutPorts = 1> <Sync> <CReg>
ST_12 : Operation 373 [1/1] (2.55ns)   --->   "%tmp1_3 = add i32 %add_ln109, i32 %z2_2" [../import_files/import_files/2D_idct.cpp:109]   --->   Operation 373 'add' 'tmp1_3' <Predicate = true> <Delay = 2.55> <CoreInst = "Adder">   --->   Core 1 'Adder' <Latency = 0> <II = 1> <Delay = 2.55> <FuncUnit> <Opcode : 'add' 'sub'> <InPorts = 2> <OutPorts = 1>
ST_12 : Operation 374 [1/1] (0.00ns)   --->   "%workspace_addr = getelementptr i21 %workspace, i64 0, i64 %col_cast32" [../import_files/import_files/2D_idct.cpp:115]   --->   Operation 374 'getelementptr' 'workspace_addr' <Predicate = true> <Delay = 0.00>
ST_12 : Operation 375 [1/1] (3.25ns)   --->   "%store_ln115 = store i21 %trunc_ln1, i6 %workspace_addr" [../import_files/import_files/2D_idct.cpp:115]   --->   Operation 375 'store' 'store_ln115' <Predicate = true> <Delay = 3.25> <CoreInst = "RAM">   --->   Core 82 'RAM' <Latency = 1> <II = 1> <Delay = 3.25> <Storage> <Opcode : 'load' 'store'> <Ports = 2> <Width = 21> <Depth = 64> <RAM>
ST_12 : Operation 376 [1/1] (0.00ns)   --->   "%zext_ln117 = zext i4 %xor_ln116" [../import_files/import_files/2D_idct.cpp:117]   --->   Operation 376 'zext' 'zext_ln117' <Predicate = true> <Delay = 0.00>
ST_12 : Operation 377 [1/1] (0.00ns)   --->   "%workspace_addr_2 = getelementptr i21 %workspace, i64 0, i64 %zext_ln117" [../import_files/import_files/2D_idct.cpp:117]   --->   Operation 377 'getelementptr' 'workspace_addr_2' <Predicate = true> <Delay = 0.00>
ST_12 : Operation 378 [1/1] (3.25ns)   --->   "%store_ln117 = store i21 %trunc_ln3, i6 %workspace_addr_2" [../import_files/import_files/2D_idct.cpp:117]   --->   Operation 378 'store' 'store_ln117' <Predicate = true> <Delay = 3.25> <CoreInst = "RAM">   --->   Core 82 'RAM' <Latency = 1> <II = 1> <Delay = 3.25> <Storage> <Opcode : 'load' 'store'> <Ports = 2> <Width = 21> <Depth = 64> <RAM>
ST_12 : Operation 379 [1/1] (2.55ns)   --->   "%sub_ln120 = sub i32 %add_ln119, i32 %tmp1_3" [../import_files/import_files/2D_idct.cpp:120]   --->   Operation 379 'sub' 'sub_ln120' <Predicate = true> <Delay = 2.55> <CoreInst = "Adder">   --->   Core 1 'Adder' <Latency = 0> <II = 1> <Delay = 2.55> <FuncUnit> <Opcode : 'add' 'sub'> <InPorts = 2> <OutPorts = 1>
ST_12 : Operation 380 [1/1] (2.55ns)   --->   "%add_ln119_1 = add i32 %tmp1_3, i32 %add_ln119" [../import_files/import_files/2D_idct.cpp:119]   --->   Operation 380 'add' 'add_ln119_1' <Predicate = true> <Delay = 2.55> <CoreInst = "Adder">   --->   Core 1 'Adder' <Latency = 0> <II = 1> <Delay = 2.55> <FuncUnit> <Opcode : 'add' 'sub'> <InPorts = 2> <OutPorts = 1>
ST_12 : Operation 381 [1/1] (0.00ns)   --->   "%trunc_ln5 = partselect i21 @_ssdm_op_PartSelect.i21.i32.i32.i32, i32 %add_ln119_1, i32 11, i32 31" [../import_files/import_files/2D_idct.cpp:119]   --->   Operation 381 'partselect' 'trunc_ln5' <Predicate = true> <Delay = 0.00>
ST_12 : Operation 382 [1/1] (0.00ns)   --->   "%trunc_ln6 = partselect i21 @_ssdm_op_PartSelect.i21.i32.i32.i32, i32 %sub_ln120, i32 11, i32 31" [../import_files/import_files/2D_idct.cpp:120]   --->   Operation 382 'partselect' 'trunc_ln6' <Predicate = true> <Delay = 0.00>
ST_12 : Operation 383 [1/2] (2.10ns) (root node of the DSP)   --->   "%tmp2_4 = add i31 %z1_3, i31 %mul_ln67_1" [../import_files/import_files/2D_idct.cpp:67]   --->   Operation 383 'add' 'tmp2_4' <Predicate = true> <Delay = 2.10> <CoreInst = "DSP48">   --->   Core 119 'DSP48' <Latency = 3> <II = 1> <Delay = 2.15> <IPBlock> <Opcode : 'mul' 'add' 'sub' 'select'> <InPorts = 0> <OutPorts = 1> <Sync> <CReg>
ST_12 : Operation 384 [1/2] (2.10ns) (root node of the DSP)   --->   "%tmp3_4 = add i30 %trunc_ln49_1, i30 %mul_ln68_1" [../import_files/import_files/2D_idct.cpp:68]   --->   Operation 384 'add' 'tmp3_4' <Predicate = true> <Delay = 2.10> <CoreInst = "DSP48">   --->   Core 119 'DSP48' <Latency = 3> <II = 1> <Delay = 2.15> <IPBlock> <Opcode : 'mul' 'add' 'sub' 'select'> <InPorts = 0> <OutPorts = 1> <Sync> <CReg>
ST_12 : Operation 385 [1/1] (0.00ns)   --->   "%sext_ln47_18 = sext i30 %tmp3_4" [../import_files/import_files/2D_idct.cpp:47]   --->   Operation 385 'sext' 'sext_ln47_18' <Predicate = true> <Delay = 0.00>
ST_12 : Operation 386 [1/1] (0.00ns)   --->   "%sext_ln71_1 = sext i16 %trunc_ln70_1" [../import_files/import_files/2D_idct.cpp:71]   --->   Operation 386 'sext' 'sext_ln71_1' <Predicate = true> <Delay = 0.00>
ST_12 : Operation 387 [1/1] (0.00ns)   --->   "%sext_ln73_1 = sext i16 %trunc_ln71_1" [../import_files/import_files/2D_idct.cpp:73]   --->   Operation 387 'sext' 'sext_ln73_1' <Predicate = true> <Delay = 0.00>
ST_12 : Operation 388 [1/1] (2.07ns)   --->   "%sub_ln74_1 = sub i17 %sext_ln71_1, i17 %sext_ln73_1" [../import_files/import_files/2D_idct.cpp:74]   --->   Operation 388 'sub' 'sub_ln74_1' <Predicate = true> <Delay = 2.07> <CoreInst = "Adder">   --->   Core 1 'Adder' <Latency = 0> <II = 1> <Delay = 2.07> <FuncUnit> <Opcode : 'add' 'sub'> <InPorts = 2> <OutPorts = 1>
ST_12 : Operation 389 [1/1] (2.07ns)   --->   "%add_ln73_1 = add i17 %sext_ln73_1, i17 %sext_ln71_1" [../import_files/import_files/2D_idct.cpp:73]   --->   Operation 389 'add' 'add_ln73_1' <Predicate = true> <Delay = 2.07> <CoreInst = "Adder">   --->   Core 1 'Adder' <Latency = 0> <II = 1> <Delay = 2.07> <FuncUnit> <Opcode : 'add' 'sub'> <InPorts = 2> <OutPorts = 1>
ST_12 : Operation 390 [1/1] (0.00ns)   --->   "%tmp0_4 = bitconcatenate i30 @_ssdm_op_BitConcatenate.i30.i17.i13, i17 %add_ln73_1, i13 0" [../import_files/import_files/2D_idct.cpp:73]   --->   Operation 390 'bitconcatenate' 'tmp0_4' <Predicate = true> <Delay = 0.00>
ST_12 : Operation 391 [1/1] (0.00ns)   --->   "%sext_ln77_1 = sext i30 %tmp0_4" [../import_files/import_files/2D_idct.cpp:77]   --->   Operation 391 'sext' 'sext_ln77_1' <Predicate = true> <Delay = 0.00>
ST_12 : Operation 392 [1/1] (2.49ns)   --->   "%tmp13_1 = sub i31 %sext_ln77_1, i31 %sext_ln47_18" [../import_files/import_files/2D_idct.cpp:77]   --->   Operation 392 'sub' 'tmp13_1' <Predicate = true> <Delay = 2.49> <CoreInst = "Adder">   --->   Core 1 'Adder' <Latency = 0> <II = 1> <Delay = 2.49> <FuncUnit> <Opcode : 'add' 'sub'> <InPorts = 2> <OutPorts = 1>
ST_12 : Operation 393 [1/3] (0.00ns) (grouped into DSP with root node add_ln108_2)   --->   "%tmp0_6 = mul i29 %sext_ln47_11, i29 2446" [../import_files/import_files/2D_idct.cpp:96]   --->   Operation 393 'mul' 'tmp0_6' <Predicate = true> <Delay = 0.00> <CoreInst = "DSP48">   --->   Core 119 'DSP48' <Latency = 3> <II = 1> <Delay = 2.15> <IPBlock> <Opcode : 'mul' 'add' 'sub' 'select'> <InPorts = 0> <OutPorts = 1> <Sync> <CReg>
ST_12 : Operation 394 [1/1] (0.00ns) (grouped into DSP with root node add_ln108_2)   --->   "%sext_ln47_17 = sext i29 %tmp0_6" [../import_files/import_files/2D_idct.cpp:47]   --->   Operation 394 'sext' 'sext_ln47_17' <Predicate = true> <Delay = 0.00>
ST_12 : Operation 395 [1/3] (0.00ns) (grouped into DSP with root node add_ln109_2)   --->   "%tmp1_6 = mul i32 %sext_ln86_1, i32 16819" [../import_files/import_files/2D_idct.cpp:97]   --->   Operation 395 'mul' 'tmp1_6' <Predicate = true> <Delay = 0.00> <CoreInst = "DSP48">   --->   Core 119 'DSP48' <Latency = 3> <II = 1> <Delay = 2.15> <IPBlock> <Opcode : 'mul' 'add' 'sub' 'select'> <InPorts = 0> <OutPorts = 1> <Sync> <CReg>
ST_12 : Operation 396 [1/3] (0.00ns) (grouped into DSP with root node add_ln110_2)   --->   "%tmp2_6 = mul i32 %sext_ln87_1, i32 25172" [../import_files/import_files/2D_idct.cpp:98]   --->   Operation 396 'mul' 'tmp2_6' <Predicate = true> <Delay = 0.00> <CoreInst = "DSP48">   --->   Core 119 'DSP48' <Latency = 3> <II = 1> <Delay = 2.15> <IPBlock> <Opcode : 'mul' 'add' 'sub' 'select'> <InPorts = 0> <OutPorts = 1> <Sync> <CReg>
ST_12 : Operation 397 [1/1] (0.00ns)   --->   "%sext_ln111_1 = sext i31 %add_ln111_2" [../import_files/import_files/2D_idct.cpp:111]   --->   Operation 397 'sext' 'sext_ln111_1' <Predicate = true> <Delay = 0.00>
ST_12 : Operation 398 [2/2] (2.10ns) (root node of the DSP)   --->   "%add_ln108_2 = add i31 %z1_5, i31 %sext_ln47_17" [../import_files/import_files/2D_idct.cpp:108]   --->   Operation 398 'add' 'add_ln108_2' <Predicate = true> <Delay = 2.10> <CoreInst = "DSP48">   --->   Core 119 'DSP48' <Latency = 3> <II = 1> <Delay = 2.15> <IPBlock> <Opcode : 'mul' 'add' 'sub' 'select'> <InPorts = 0> <OutPorts = 1> <Sync> <CReg>
ST_12 : Operation 399 [2/2] (2.10ns) (root node of the DSP)   --->   "%add_ln110_2 = add i32 %tmp2_6, i32 %z3_7" [../import_files/import_files/2D_idct.cpp:110]   --->   Operation 399 'add' 'add_ln110_2' <Predicate = true> <Delay = 2.10> <CoreInst = "DSP48">   --->   Core 119 'DSP48' <Latency = 3> <II = 1> <Delay = 2.15> <IPBlock> <Opcode : 'mul' 'add' 'sub' 'select'> <InPorts = 0> <OutPorts = 1> <Sync> <CReg>
ST_12 : Operation 400 [1/1] (2.55ns)   --->   "%tmp3_7 = add i32 %z4_5, i32 %sext_ln111_1" [../import_files/import_files/2D_idct.cpp:111]   --->   Operation 400 'add' 'tmp3_7' <Predicate = true> <Delay = 2.55> <CoreInst = "Adder">   --->   Core 1 'Adder' <Latency = 0> <II = 1> <Delay = 2.55> <FuncUnit> <Opcode : 'add' 'sub'> <InPorts = 2> <OutPorts = 1>
ST_12 : Operation 401 [2/2] (2.10ns) (root node of the DSP)   --->   "%add_ln109_2 = add i32 %tmp1_6, i32 %z4_5" [../import_files/import_files/2D_idct.cpp:109]   --->   Operation 401 'add' 'add_ln109_2' <Predicate = true> <Delay = 2.10> <CoreInst = "DSP48">   --->   Core 119 'DSP48' <Latency = 3> <II = 1> <Delay = 2.15> <IPBlock> <Opcode : 'mul' 'add' 'sub' 'select'> <InPorts = 0> <OutPorts = 1> <Sync> <CReg>
ST_12 : Operation 402 [1/1] (2.49ns)   --->   "%tmp10_1 = add i30 %tmp3_4, i30 1024" [../import_files/import_files/2D_idct.cpp:76]   --->   Operation 402 'add' 'tmp10_1' <Predicate = true> <Delay = 2.49> <CoreInst = "Adder">   --->   Core 1 'Adder' <Latency = 0> <II = 1> <Delay = 2.49> <FuncUnit> <Opcode : 'add' 'sub'> <InPorts = 2> <OutPorts = 1>
ST_12 : Operation 403 [1/1] (0.00ns)   --->   "%sext_ln115_1 = sext i30 %tmp10_1" [../import_files/import_files/2D_idct.cpp:115]   --->   Operation 403 'sext' 'sext_ln115_1' <Predicate = true> <Delay = 0.00>
ST_12 : Operation 404 [1/1] (2.49ns)   --->   "%add_ln115_2 = add i31 %sext_ln77_1, i31 %sext_ln115_1" [../import_files/import_files/2D_idct.cpp:115]   --->   Operation 404 'add' 'add_ln115_2' <Predicate = true> <Delay = 2.49> <CoreInst = "Adder">   --->   Core 1 'Adder' <Latency = 0> <II = 1> <Delay = 2.49> <FuncUnit> <Opcode : 'add' 'sub'> <InPorts = 2> <OutPorts = 1>

State 13 <SV = 12> <Delay = 7.59>
ST_13 : Operation 405 [1/1] (0.00ns)   --->   "%zext_ln122_cast = bitconcatenate i6 @_ssdm_op_BitConcatenate.i6.i2.i4, i2 2, i4 %col_1" [../import_files/import_files/2D_idct.cpp:122]   --->   Operation 405 'bitconcatenate' 'zext_ln122_cast' <Predicate = true> <Delay = 0.00>
ST_13 : Operation 406 [1/1] (0.00ns)   --->   "%zext_ln122 = zext i6 %zext_ln122_cast" [../import_files/import_files/2D_idct.cpp:122]   --->   Operation 406 'zext' 'zext_ln122' <Predicate = true> <Delay = 0.00>
ST_13 : Operation 407 [1/1] (0.00ns)   --->   "%workspace_addr_7 = getelementptr i21 %workspace, i64 0, i64 %zext_ln122" [../import_files/import_files/2D_idct.cpp:122]   --->   Operation 407 'getelementptr' 'workspace_addr_7' <Predicate = true> <Delay = 0.00>
ST_13 : Operation 408 [1/1] (3.25ns)   --->   "%store_ln122 = store i21 %trunc_ln8, i6 %workspace_addr_7" [../import_files/import_files/2D_idct.cpp:122]   --->   Operation 408 'store' 'store_ln122' <Predicate = true> <Delay = 3.25> <CoreInst = "RAM">   --->   Core 82 'RAM' <Latency = 1> <II = 1> <Delay = 3.25> <Storage> <Opcode : 'load' 'store'> <Ports = 2> <Width = 21> <Depth = 64> <RAM>
ST_13 : Operation 409 [1/1] (0.00ns)   --->   "%or_ln59 = or i3 %empty, i3 1" [../import_files/import_files/2D_idct.cpp:59]   --->   Operation 409 'or' 'or_ln59' <Predicate = true> <Delay = 0.00>
ST_13 : Operation 410 [1/1] (0.00ns)   --->   "%zext_ln63_2 = zext i3 %or_ln59" [../import_files/import_files/2D_idct.cpp:63]   --->   Operation 410 'zext' 'zext_ln63_2' <Predicate = true> <Delay = 0.00>
ST_13 : Operation 411 [1/1] (0.00ns)   --->   "%sext_ln47_9 = sext i31 %tmp2_4" [../import_files/import_files/2D_idct.cpp:47]   --->   Operation 411 'sext' 'sext_ln47_9' <Predicate = true> <Delay = 0.00>
ST_13 : Operation 412 [1/1] (0.00ns)   --->   "%sext_ln47_19 = sext i31 %tmp13_1" [../import_files/import_files/2D_idct.cpp:47]   --->   Operation 412 'sext' 'sext_ln47_19' <Predicate = true> <Delay = 0.00>
ST_13 : Operation 413 [1/1] (0.00ns)   --->   "%tmp1_4 = bitconcatenate i30 @_ssdm_op_BitConcatenate.i30.i17.i13, i17 %sub_ln74_1, i13 0" [../import_files/import_files/2D_idct.cpp:74]   --->   Operation 413 'bitconcatenate' 'tmp1_4' <Predicate = true> <Delay = 0.00>
ST_13 : Operation 414 [1/1] (0.00ns)   --->   "%sext_ln74_1 = sext i30 %tmp1_4" [../import_files/import_files/2D_idct.cpp:74]   --->   Operation 414 'sext' 'sext_ln74_1' <Predicate = true> <Delay = 0.00>
ST_13 : Operation 415 [1/1] (0.00ns) (grouped into TernaryAdder)   --->   "%tmp12_1 = sub i32 %sext_ln74_1, i32 %sext_ln47_9" [../import_files/import_files/2D_idct.cpp:79]   --->   Operation 415 'sub' 'tmp12_1' <Predicate = true> <Delay = 0.00> <CoreInst = "TAddSub">   --->   Core 10 'TAddSub' <Latency = 0> <II = 1> <Delay = 2.18> <IPBlock> <Opcode : 'add' 'sub'> <InPorts = 3> <OutPorts = 1> <Sync> <CReg>
ST_13 : Operation 416 [1/2] (2.10ns) (root node of the DSP)   --->   "%add_ln108_2 = add i31 %z1_5, i31 %sext_ln47_17" [../import_files/import_files/2D_idct.cpp:108]   --->   Operation 416 'add' 'add_ln108_2' <Predicate = true> <Delay = 2.10> <CoreInst = "DSP48">   --->   Core 119 'DSP48' <Latency = 3> <II = 1> <Delay = 2.15> <IPBlock> <Opcode : 'mul' 'add' 'sub' 'select'> <InPorts = 0> <OutPorts = 1> <Sync> <CReg>
ST_13 : Operation 417 [1/1] (0.00ns)   --->   "%sext_ln108_1 = sext i31 %add_ln108_2" [../import_files/import_files/2D_idct.cpp:108]   --->   Operation 417 'sext' 'sext_ln108_1' <Predicate = true> <Delay = 0.00>
ST_13 : Operation 418 [1/2] (2.10ns) (root node of the DSP)   --->   "%add_ln110_2 = add i32 %tmp2_6, i32 %z3_7" [../import_files/import_files/2D_idct.cpp:110]   --->   Operation 418 'add' 'add_ln110_2' <Predicate = true> <Delay = 2.10> <CoreInst = "DSP48">   --->   Core 119 'DSP48' <Latency = 3> <II = 1> <Delay = 2.15> <IPBlock> <Opcode : 'mul' 'add' 'sub' 'select'> <InPorts = 0> <OutPorts = 1> <Sync> <CReg>
ST_13 : Operation 419 [1/1] (2.55ns)   --->   "%tmp2_7 = add i32 %add_ln110_2, i32 %z2_5" [../import_files/import_files/2D_idct.cpp:110]   --->   Operation 419 'add' 'tmp2_7' <Predicate = true> <Delay = 2.55> <CoreInst = "Adder">   --->   Core 1 'Adder' <Latency = 0> <II = 1> <Delay = 2.55> <FuncUnit> <Opcode : 'add' 'sub'> <InPorts = 2> <OutPorts = 1>
ST_13 : Operation 420 [1/1] (2.55ns)   --->   "%tmp0_7 = add i32 %z3_7, i32 %sext_ln108_1" [../import_files/import_files/2D_idct.cpp:108]   --->   Operation 420 'add' 'tmp0_7' <Predicate = true> <Delay = 2.55> <CoreInst = "Adder">   --->   Core 1 'Adder' <Latency = 0> <II = 1> <Delay = 2.55> <FuncUnit> <Opcode : 'add' 'sub'> <InPorts = 2> <OutPorts = 1>
ST_13 : Operation 421 [1/2] (2.10ns) (root node of the DSP)   --->   "%add_ln109_2 = add i32 %tmp1_6, i32 %z4_5" [../import_files/import_files/2D_idct.cpp:109]   --->   Operation 421 'add' 'add_ln109_2' <Predicate = true> <Delay = 2.10> <CoreInst = "DSP48">   --->   Core 119 'DSP48' <Latency = 3> <II = 1> <Delay = 2.15> <IPBlock> <Opcode : 'mul' 'add' 'sub' 'select'> <InPorts = 0> <OutPorts = 1> <Sync> <CReg>
ST_13 : Operation 422 [1/1] (2.55ns)   --->   "%tmp1_7 = add i32 %add_ln109_2, i32 %z2_5" [../import_files/import_files/2D_idct.cpp:109]   --->   Operation 422 'add' 'tmp1_7' <Predicate = true> <Delay = 2.55> <CoreInst = "Adder">   --->   Core 1 'Adder' <Latency = 0> <II = 1> <Delay = 2.55> <FuncUnit> <Opcode : 'add' 'sub'> <InPorts = 2> <OutPorts = 1>
ST_13 : Operation 423 [1/1] (0.00ns)   --->   "%sext_ln116_2 = sext i31 %add_ln115_2" [../import_files/import_files/2D_idct.cpp:116]   --->   Operation 423 'sext' 'sext_ln116_2' <Predicate = true> <Delay = 0.00>
ST_13 : Operation 424 [1/1] (2.55ns)   --->   "%sub_ln116_1 = sub i32 %sext_ln116_2, i32 %tmp3_7" [../import_files/import_files/2D_idct.cpp:116]   --->   Operation 424 'sub' 'sub_ln116_1' <Predicate = true> <Delay = 2.55> <CoreInst = "Adder">   --->   Core 1 'Adder' <Latency = 0> <II = 1> <Delay = 2.55> <FuncUnit> <Opcode : 'add' 'sub'> <InPorts = 2> <OutPorts = 1>
ST_13 : Operation 425 [1/1] (2.55ns)   --->   "%add_ln115_3 = add i32 %tmp3_7, i32 %sext_ln116_2" [../import_files/import_files/2D_idct.cpp:115]   --->   Operation 425 'add' 'add_ln115_3' <Predicate = true> <Delay = 2.55> <CoreInst = "Adder">   --->   Core 1 'Adder' <Latency = 0> <II = 1> <Delay = 2.55> <FuncUnit> <Opcode : 'add' 'sub'> <InPorts = 2> <OutPorts = 1>
ST_13 : Operation 426 [1/1] (0.00ns)   --->   "%trunc_ln115_1 = partselect i21 @_ssdm_op_PartSelect.i21.i32.i32.i32, i32 %add_ln115_3, i32 11, i32 31" [../import_files/import_files/2D_idct.cpp:115]   --->   Operation 426 'partselect' 'trunc_ln115_1' <Predicate = true> <Delay = 0.00>
ST_13 : Operation 427 [1/1] (0.00ns)   --->   "%workspace_addr_8 = getelementptr i21 %workspace, i64 0, i64 %zext_ln63_2" [../import_files/import_files/2D_idct.cpp:115]   --->   Operation 427 'getelementptr' 'workspace_addr_8' <Predicate = true> <Delay = 0.00>
ST_13 : Operation 428 [1/1] (3.25ns)   --->   "%store_ln115 = store i21 %trunc_ln115_1, i6 %workspace_addr_8" [../import_files/import_files/2D_idct.cpp:115]   --->   Operation 428 'store' 'store_ln115' <Predicate = true> <Delay = 3.25> <CoreInst = "RAM">   --->   Core 82 'RAM' <Latency = 1> <II = 1> <Delay = 3.25> <Storage> <Opcode : 'load' 'store'> <Ports = 2> <Width = 21> <Depth = 64> <RAM>
ST_13 : Operation 429 [1/1] (0.00ns)   --->   "%trunc_ln116_1 = partselect i21 @_ssdm_op_PartSelect.i21.i32.i32.i32, i32 %sub_ln116_1, i32 11, i32 31" [../import_files/import_files/2D_idct.cpp:116]   --->   Operation 429 'partselect' 'trunc_ln116_1' <Predicate = true> <Delay = 0.00>
ST_13 : Operation 430 [1/1] (2.52ns)   --->   "%tmp11_1 = add i31 %tmp2_4, i31 1024" [../import_files/import_files/2D_idct.cpp:78]   --->   Operation 430 'add' 'tmp11_1' <Predicate = true> <Delay = 2.52> <CoreInst = "Adder">   --->   Core 1 'Adder' <Latency = 0> <II = 1> <Delay = 2.52> <FuncUnit> <Opcode : 'add' 'sub'> <InPorts = 2> <OutPorts = 1>
ST_13 : Operation 431 [1/1] (0.00ns)   --->   "%sext_ln117_1 = sext i31 %tmp11_1" [../import_files/import_files/2D_idct.cpp:117]   --->   Operation 431 'sext' 'sext_ln117_1' <Predicate = true> <Delay = 0.00>
ST_13 : Operation 432 [1/1] (2.52ns)   --->   "%add_ln117_2 = add i32 %sext_ln74_1, i32 %sext_ln117_1" [../import_files/import_files/2D_idct.cpp:117]   --->   Operation 432 'add' 'add_ln117_2' <Predicate = true> <Delay = 2.52> <CoreInst = "Adder">   --->   Core 1 'Adder' <Latency = 0> <II = 1> <Delay = 2.52> <FuncUnit> <Opcode : 'add' 'sub'> <InPorts = 2> <OutPorts = 1>
ST_13 : Operation 433 [1/1] (2.55ns)   --->   "%sub_ln118_1 = sub i32 %add_ln117_2, i32 %tmp2_7" [../import_files/import_files/2D_idct.cpp:118]   --->   Operation 433 'sub' 'sub_ln118_1' <Predicate = true> <Delay = 2.55> <CoreInst = "Adder">   --->   Core 1 'Adder' <Latency = 0> <II = 1> <Delay = 2.55> <FuncUnit> <Opcode : 'add' 'sub'> <InPorts = 2> <OutPorts = 1>
ST_13 : Operation 434 [1/1] (2.55ns)   --->   "%add_ln117_3 = add i32 %tmp2_7, i32 %add_ln117_2" [../import_files/import_files/2D_idct.cpp:117]   --->   Operation 434 'add' 'add_ln117_3' <Predicate = true> <Delay = 2.55> <CoreInst = "Adder">   --->   Core 1 'Adder' <Latency = 0> <II = 1> <Delay = 2.55> <FuncUnit> <Opcode : 'add' 'sub'> <InPorts = 2> <OutPorts = 1>
ST_13 : Operation 435 [1/1] (0.00ns)   --->   "%trunc_ln117_1 = partselect i21 @_ssdm_op_PartSelect.i21.i32.i32.i32, i32 %add_ln117_3, i32 11, i32 31" [../import_files/import_files/2D_idct.cpp:117]   --->   Operation 435 'partselect' 'trunc_ln117_1' <Predicate = true> <Delay = 0.00>
ST_13 : Operation 436 [1/1] (0.00ns)   --->   "%trunc_ln118_1 = partselect i21 @_ssdm_op_PartSelect.i21.i32.i32.i32, i32 %sub_ln118_1, i32 11, i32 31" [../import_files/import_files/2D_idct.cpp:118]   --->   Operation 436 'partselect' 'trunc_ln118_1' <Predicate = true> <Delay = 0.00>
ST_13 : Operation 437 [1/1] (4.37ns) (root node of TernaryAdder)   --->   "%add_ln119_2 = add i32 %tmp12_1, i32 1024" [../import_files/import_files/2D_idct.cpp:119]   --->   Operation 437 'add' 'add_ln119_2' <Predicate = true> <Delay = 4.37> <CoreInst = "TAddSub">   --->   Core 10 'TAddSub' <Latency = 0> <II = 1> <Delay = 2.18> <IPBlock> <Opcode : 'add' 'sub'> <InPorts = 3> <OutPorts = 1> <Sync> <CReg>
ST_13 : Operation 438 [1/1] (2.55ns)   --->   "%sub_ln120_1 = sub i32 %add_ln119_2, i32 %tmp1_7" [../import_files/import_files/2D_idct.cpp:120]   --->   Operation 438 'sub' 'sub_ln120_1' <Predicate = true> <Delay = 2.55> <CoreInst = "Adder">   --->   Core 1 'Adder' <Latency = 0> <II = 1> <Delay = 2.55> <FuncUnit> <Opcode : 'add' 'sub'> <InPorts = 2> <OutPorts = 1>
ST_13 : Operation 439 [1/1] (2.55ns)   --->   "%add_ln119_3 = add i32 %tmp1_7, i32 %add_ln119_2" [../import_files/import_files/2D_idct.cpp:119]   --->   Operation 439 'add' 'add_ln119_3' <Predicate = true> <Delay = 2.55> <CoreInst = "Adder">   --->   Core 1 'Adder' <Latency = 0> <II = 1> <Delay = 2.55> <FuncUnit> <Opcode : 'add' 'sub'> <InPorts = 2> <OutPorts = 1>
ST_13 : Operation 440 [1/1] (0.00ns)   --->   "%trunc_ln119_1 = partselect i21 @_ssdm_op_PartSelect.i21.i32.i32.i32, i32 %add_ln119_3, i32 11, i32 31" [../import_files/import_files/2D_idct.cpp:119]   --->   Operation 440 'partselect' 'trunc_ln119_1' <Predicate = true> <Delay = 0.00>
ST_13 : Operation 441 [1/1] (0.00ns)   --->   "%trunc_ln120_1 = partselect i21 @_ssdm_op_PartSelect.i21.i32.i32.i32, i32 %sub_ln120_1, i32 11, i32 31" [../import_files/import_files/2D_idct.cpp:120]   --->   Operation 441 'partselect' 'trunc_ln120_1' <Predicate = true> <Delay = 0.00>
ST_13 : Operation 442 [1/1] (2.52ns)   --->   "%add_ln121_2 = add i32 %sext_ln47_19, i32 1024" [../import_files/import_files/2D_idct.cpp:121]   --->   Operation 442 'add' 'add_ln121_2' <Predicate = true> <Delay = 2.52> <CoreInst = "Adder">   --->   Core 1 'Adder' <Latency = 0> <II = 1> <Delay = 2.52> <FuncUnit> <Opcode : 'add' 'sub'> <InPorts = 2> <OutPorts = 1>
ST_13 : Operation 443 [1/1] (2.55ns)   --->   "%sub_ln122_1 = sub i32 %add_ln121_2, i32 %tmp0_7" [../import_files/import_files/2D_idct.cpp:122]   --->   Operation 443 'sub' 'sub_ln122_1' <Predicate = true> <Delay = 2.55> <CoreInst = "Adder">   --->   Core 1 'Adder' <Latency = 0> <II = 1> <Delay = 2.55> <FuncUnit> <Opcode : 'add' 'sub'> <InPorts = 2> <OutPorts = 1>
ST_13 : Operation 444 [1/1] (2.55ns)   --->   "%add_ln121_3 = add i32 %tmp0_7, i32 %add_ln121_2" [../import_files/import_files/2D_idct.cpp:121]   --->   Operation 444 'add' 'add_ln121_3' <Predicate = true> <Delay = 2.55> <CoreInst = "Adder">   --->   Core 1 'Adder' <Latency = 0> <II = 1> <Delay = 2.55> <FuncUnit> <Opcode : 'add' 'sub'> <InPorts = 2> <OutPorts = 1>
ST_13 : Operation 445 [1/1] (0.00ns)   --->   "%trunc_ln121_1 = partselect i21 @_ssdm_op_PartSelect.i21.i32.i32.i32, i32 %add_ln121_3, i32 11, i32 31" [../import_files/import_files/2D_idct.cpp:121]   --->   Operation 445 'partselect' 'trunc_ln121_1' <Predicate = true> <Delay = 0.00>
ST_13 : Operation 446 [1/1] (0.00ns)   --->   "%trunc_ln122_1 = partselect i21 @_ssdm_op_PartSelect.i21.i32.i32.i32, i32 %sub_ln122_1, i32 11, i32 31" [../import_files/import_files/2D_idct.cpp:122]   --->   Operation 446 'partselect' 'trunc_ln122_1' <Predicate = true> <Delay = 0.00>

State 14 <SV = 13> <Delay = 5.07>
ST_14 : Operation 447 [1/1] (0.00ns)   --->   "%col_cast23 = zext i4 %col_1" [../import_files/import_files/2D_idct.cpp:63]   --->   Operation 447 'zext' 'col_cast23' <Predicate = true> <Delay = 0.00>
ST_14 : Operation 448 [1/1] (1.82ns)   --->   "%add_ln120 = add i6 %col_cast23, i6 40" [../import_files/import_files/2D_idct.cpp:120]   --->   Operation 448 'add' 'add_ln120' <Predicate = true> <Delay = 1.82> <CoreInst = "Adder">   --->   Core 1 'Adder' <Latency = 0> <II = 1> <Delay = 1.82> <FuncUnit> <Opcode : 'add' 'sub'> <InPorts = 2> <OutPorts = 1>
ST_14 : Operation 449 [1/1] (0.00ns)   --->   "%zext_ln120 = zext i6 %add_ln120" [../import_files/import_files/2D_idct.cpp:120]   --->   Operation 449 'zext' 'zext_ln120' <Predicate = true> <Delay = 0.00>
ST_14 : Operation 450 [1/1] (0.00ns)   --->   "%workspace_addr_5 = getelementptr i21 %workspace, i64 0, i64 %zext_ln120" [../import_files/import_files/2D_idct.cpp:120]   --->   Operation 450 'getelementptr' 'workspace_addr_5' <Predicate = true> <Delay = 0.00>
ST_14 : Operation 451 [1/1] (3.25ns)   --->   "%store_ln120 = store i21 %trunc_ln6, i6 %workspace_addr_5" [../import_files/import_files/2D_idct.cpp:120]   --->   Operation 451 'store' 'store_ln120' <Predicate = true> <Delay = 3.25> <CoreInst = "RAM">   --->   Core 82 'RAM' <Latency = 1> <II = 1> <Delay = 3.25> <Storage> <Opcode : 'load' 'store'> <Ports = 2> <Width = 21> <Depth = 64> <RAM>
ST_14 : Operation 452 [1/1] (1.73ns)   --->   "%add_ln116 = add i4 %col_1, i4 9" [../import_files/import_files/2D_idct.cpp:116]   --->   Operation 452 'add' 'add_ln116' <Predicate = true> <Delay = 1.73> <CoreInst = "Adder">   --->   Core 1 'Adder' <Latency = 0> <II = 1> <Delay = 1.73> <FuncUnit> <Opcode : 'add' 'sub'> <InPorts = 2> <OutPorts = 1>
ST_14 : Operation 453 [1/1] (0.00ns)   --->   "%sext_ln116_3 = sext i4 %add_ln116" [../import_files/import_files/2D_idct.cpp:116]   --->   Operation 453 'sext' 'sext_ln116_3' <Predicate = true> <Delay = 0.00>
ST_14 : Operation 454 [1/1] (0.00ns)   --->   "%zext_ln116_1 = zext i6 %sext_ln116_3" [../import_files/import_files/2D_idct.cpp:116]   --->   Operation 454 'zext' 'zext_ln116_1' <Predicate = true> <Delay = 0.00>
ST_14 : Operation 455 [1/1] (0.00ns)   --->   "%workspace_addr_9 = getelementptr i21 %workspace, i64 0, i64 %zext_ln116_1" [../import_files/import_files/2D_idct.cpp:116]   --->   Operation 455 'getelementptr' 'workspace_addr_9' <Predicate = true> <Delay = 0.00>
ST_14 : Operation 456 [1/1] (3.25ns)   --->   "%store_ln116 = store i21 %trunc_ln116_1, i6 %workspace_addr_9" [../import_files/import_files/2D_idct.cpp:116]   --->   Operation 456 'store' 'store_ln116' <Predicate = true> <Delay = 3.25> <CoreInst = "RAM">   --->   Core 82 'RAM' <Latency = 1> <II = 1> <Delay = 3.25> <Storage> <Opcode : 'load' 'store'> <Ports = 2> <Width = 21> <Depth = 64> <RAM>

State 15 <SV = 14> <Delay = 5.03>
ST_15 : Operation 457 [1/1] (0.00ns)   --->   "%col_cast60 = zext i4 %col_1" [../import_files/import_files/2D_idct.cpp:63]   --->   Operation 457 'zext' 'col_cast60' <Predicate = true> <Delay = 0.00>
ST_15 : Operation 458 [1/1] (0.00ns)   --->   "%zext_ln119 = zext i5 %zext_ln119_cast" [../import_files/import_files/2D_idct.cpp:119]   --->   Operation 458 'zext' 'zext_ln119' <Predicate = true> <Delay = 0.00>
ST_15 : Operation 459 [1/1] (0.00ns)   --->   "%workspace_addr_4 = getelementptr i21 %workspace, i64 0, i64 %zext_ln119" [../import_files/import_files/2D_idct.cpp:119]   --->   Operation 459 'getelementptr' 'workspace_addr_4' <Predicate = true> <Delay = 0.00>
ST_15 : Operation 460 [1/1] (3.25ns)   --->   "%store_ln119 = store i21 %trunc_ln5, i6 %workspace_addr_4" [../import_files/import_files/2D_idct.cpp:119]   --->   Operation 460 'store' 'store_ln119' <Predicate = true> <Delay = 3.25> <CoreInst = "RAM">   --->   Core 82 'RAM' <Latency = 1> <II = 1> <Delay = 3.25> <Storage> <Opcode : 'load' 'store'> <Ports = 2> <Width = 21> <Depth = 64> <RAM>
ST_15 : Operation 461 [1/1] (1.78ns)   --->   "%add_ln117_4 = add i5 %col_cast60, i5 9" [../import_files/import_files/2D_idct.cpp:117]   --->   Operation 461 'add' 'add_ln117_4' <Predicate = true> <Delay = 1.78> <CoreInst = "Adder">   --->   Core 1 'Adder' <Latency = 0> <II = 1> <Delay = 1.78> <FuncUnit> <Opcode : 'add' 'sub'> <InPorts = 2> <OutPorts = 1>
ST_15 : Operation 462 [1/1] (0.00ns)   --->   "%zext_ln117_1 = zext i5 %add_ln117_4" [../import_files/import_files/2D_idct.cpp:117]   --->   Operation 462 'zext' 'zext_ln117_1' <Predicate = true> <Delay = 0.00>
ST_15 : Operation 463 [1/1] (0.00ns)   --->   "%workspace_addr_10 = getelementptr i21 %workspace, i64 0, i64 %zext_ln117_1" [../import_files/import_files/2D_idct.cpp:117]   --->   Operation 463 'getelementptr' 'workspace_addr_10' <Predicate = true> <Delay = 0.00>
ST_15 : Operation 464 [1/1] (3.25ns)   --->   "%store_ln117 = store i21 %trunc_ln117_1, i6 %workspace_addr_10" [../import_files/import_files/2D_idct.cpp:117]   --->   Operation 464 'store' 'store_ln117' <Predicate = true> <Delay = 3.25> <CoreInst = "RAM">   --->   Core 82 'RAM' <Latency = 1> <II = 1> <Delay = 3.25> <Storage> <Opcode : 'load' 'store'> <Ports = 2> <Width = 21> <Depth = 64> <RAM>

State 16 <SV = 15> <Delay = 3.25>
ST_16 : Operation 465 [1/1] (0.00ns)   --->   "%sext_ln121 = sext i4 %xor_ln116" [../import_files/import_files/2D_idct.cpp:121]   --->   Operation 465 'sext' 'sext_ln121' <Predicate = true> <Delay = 0.00>
ST_16 : Operation 466 [1/1] (0.00ns)   --->   "%zext_ln121 = zext i5 %sext_ln121" [../import_files/import_files/2D_idct.cpp:121]   --->   Operation 466 'zext' 'zext_ln121' <Predicate = true> <Delay = 0.00>
ST_16 : Operation 467 [1/1] (0.00ns)   --->   "%workspace_addr_6 = getelementptr i21 %workspace, i64 0, i64 %zext_ln121" [../import_files/import_files/2D_idct.cpp:121]   --->   Operation 467 'getelementptr' 'workspace_addr_6' <Predicate = true> <Delay = 0.00>
ST_16 : Operation 468 [1/1] (3.25ns)   --->   "%store_ln121 = store i21 %trunc_ln7, i6 %workspace_addr_6" [../import_files/import_files/2D_idct.cpp:121]   --->   Operation 468 'store' 'store_ln121' <Predicate = true> <Delay = 3.25> <CoreInst = "RAM">   --->   Core 82 'RAM' <Latency = 1> <II = 1> <Delay = 3.25> <Storage> <Opcode : 'load' 'store'> <Ports = 2> <Width = 21> <Depth = 64> <RAM>

State 17 <SV = 16> <Delay = 3.25>
ST_17 : Operation 469 [1/1] (0.00ns)   --->   "%zext_ln119_1 = zext i3 %or_ln59" [../import_files/import_files/2D_idct.cpp:119]   --->   Operation 469 'zext' 'zext_ln119_1' <Predicate = true> <Delay = 0.00>
ST_17 : Operation 470 [1/1] (0.00ns)   --->   "%zext_ln119_1_cast = bitconcatenate i5 @_ssdm_op_BitConcatenate.i5.i1.i4, i1 1, i4 %zext_ln119_1" [../import_files/import_files/2D_idct.cpp:119]   --->   Operation 470 'bitconcatenate' 'zext_ln119_1_cast' <Predicate = true> <Delay = 0.00>
ST_17 : Operation 471 [1/1] (0.00ns)   --->   "%sext_ln118_1 = sext i5 %zext_ln119_1_cast" [../import_files/import_files/2D_idct.cpp:118]   --->   Operation 471 'sext' 'sext_ln118_1' <Predicate = true> <Delay = 0.00>
ST_17 : Operation 472 [1/1] (0.00ns)   --->   "%zext_ln118_1 = zext i6 %sext_ln118_1" [../import_files/import_files/2D_idct.cpp:118]   --->   Operation 472 'zext' 'zext_ln118_1' <Predicate = true> <Delay = 0.00>
ST_17 : Operation 473 [1/1] (0.00ns)   --->   "%workspace_addr_11 = getelementptr i21 %workspace, i64 0, i64 %zext_ln118_1" [../import_files/import_files/2D_idct.cpp:118]   --->   Operation 473 'getelementptr' 'workspace_addr_11' <Predicate = true> <Delay = 0.00>
ST_17 : Operation 474 [1/1] (3.25ns)   --->   "%store_ln118 = store i21 %trunc_ln118_1, i6 %workspace_addr_11" [../import_files/import_files/2D_idct.cpp:118]   --->   Operation 474 'store' 'store_ln118' <Predicate = true> <Delay = 3.25> <CoreInst = "RAM">   --->   Core 82 'RAM' <Latency = 1> <II = 1> <Delay = 3.25> <Storage> <Opcode : 'load' 'store'> <Ports = 2> <Width = 21> <Depth = 64> <RAM>

State 18 <SV = 17> <Delay = 3.25>
ST_18 : Operation 475 [1/1] (0.00ns)   --->   "%zext_ln119_2 = zext i5 %zext_ln119_1_cast" [../import_files/import_files/2D_idct.cpp:119]   --->   Operation 475 'zext' 'zext_ln119_2' <Predicate = true> <Delay = 0.00>
ST_18 : Operation 476 [1/1] (0.00ns)   --->   "%workspace_addr_12 = getelementptr i21 %workspace, i64 0, i64 %zext_ln119_2" [../import_files/import_files/2D_idct.cpp:119]   --->   Operation 476 'getelementptr' 'workspace_addr_12' <Predicate = true> <Delay = 0.00>
ST_18 : Operation 477 [1/1] (3.25ns)   --->   "%store_ln119 = store i21 %trunc_ln119_1, i6 %workspace_addr_12" [../import_files/import_files/2D_idct.cpp:119]   --->   Operation 477 'store' 'store_ln119' <Predicate = true> <Delay = 3.25> <CoreInst = "RAM">   --->   Core 82 'RAM' <Latency = 1> <II = 1> <Delay = 3.25> <Storage> <Opcode : 'load' 'store'> <Ports = 2> <Width = 21> <Depth = 64> <RAM>

State 19 <SV = 18> <Delay = 5.07>
ST_19 : Operation 478 [1/1] (1.82ns)   --->   "%add_ln120_1 = add i6 %col_cast23, i6 41" [../import_files/import_files/2D_idct.cpp:120]   --->   Operation 478 'add' 'add_ln120_1' <Predicate = true> <Delay = 1.82> <CoreInst = "Adder">   --->   Core 1 'Adder' <Latency = 0> <II = 1> <Delay = 1.82> <FuncUnit> <Opcode : 'add' 'sub'> <InPorts = 2> <OutPorts = 1>
ST_19 : Operation 479 [1/1] (0.00ns)   --->   "%zext_ln120_1 = zext i6 %add_ln120_1" [../import_files/import_files/2D_idct.cpp:120]   --->   Operation 479 'zext' 'zext_ln120_1' <Predicate = true> <Delay = 0.00>
ST_19 : Operation 480 [1/1] (0.00ns)   --->   "%workspace_addr_13 = getelementptr i21 %workspace, i64 0, i64 %zext_ln120_1" [../import_files/import_files/2D_idct.cpp:120]   --->   Operation 480 'getelementptr' 'workspace_addr_13' <Predicate = true> <Delay = 0.00>
ST_19 : Operation 481 [1/1] (3.25ns)   --->   "%store_ln120 = store i21 %trunc_ln120_1, i6 %workspace_addr_13" [../import_files/import_files/2D_idct.cpp:120]   --->   Operation 481 'store' 'store_ln120' <Predicate = true> <Delay = 3.25> <CoreInst = "RAM">   --->   Core 82 'RAM' <Latency = 1> <II = 1> <Delay = 3.25> <Storage> <Opcode : 'load' 'store'> <Ports = 2> <Width = 21> <Depth = 64> <RAM>
ST_19 : Operation 482 [1/1] (1.82ns)   --->   "%add_ln121_4 = add i6 %col_cast23, i6 25" [../import_files/import_files/2D_idct.cpp:121]   --->   Operation 482 'add' 'add_ln121_4' <Predicate = true> <Delay = 1.82> <CoreInst = "Adder">   --->   Core 1 'Adder' <Latency = 0> <II = 1> <Delay = 1.82> <FuncUnit> <Opcode : 'add' 'sub'> <InPorts = 2> <OutPorts = 1>
ST_19 : Operation 483 [1/1] (0.00ns)   --->   "%zext_ln121_1 = zext i6 %add_ln121_4" [../import_files/import_files/2D_idct.cpp:121]   --->   Operation 483 'zext' 'zext_ln121_1' <Predicate = true> <Delay = 0.00>
ST_19 : Operation 484 [1/1] (0.00ns)   --->   "%workspace_addr_14 = getelementptr i21 %workspace, i64 0, i64 %zext_ln121_1" [../import_files/import_files/2D_idct.cpp:121]   --->   Operation 484 'getelementptr' 'workspace_addr_14' <Predicate = true> <Delay = 0.00>
ST_19 : Operation 485 [1/1] (3.25ns)   --->   "%store_ln121 = store i21 %trunc_ln121_1, i6 %workspace_addr_14" [../import_files/import_files/2D_idct.cpp:121]   --->   Operation 485 'store' 'store_ln121' <Predicate = true> <Delay = 3.25> <CoreInst = "RAM">   --->   Core 82 'RAM' <Latency = 1> <II = 1> <Delay = 3.25> <Storage> <Opcode : 'load' 'store'> <Ports = 2> <Width = 21> <Depth = 64> <RAM>

State 20 <SV = 19> <Delay = 3.25>
ST_20 : Operation 486 [1/1] (0.00ns)   --->   "%specloopname_ln59 = specloopname void @_ssdm_op_SpecLoopName, void @empty_5" [../import_files/import_files/2D_idct.cpp:59]   --->   Operation 486 'specloopname' 'specloopname_ln59' <Predicate = true> <Delay = 0.00>
ST_20 : Operation 487 [1/1] (0.00ns)   --->   "%zext_ln122_1_cast = bitconcatenate i6 @_ssdm_op_BitConcatenate.i6.i2.i4, i2 2, i4 %zext_ln119_1" [../import_files/import_files/2D_idct.cpp:122]   --->   Operation 487 'bitconcatenate' 'zext_ln122_1_cast' <Predicate = true> <Delay = 0.00>
ST_20 : Operation 488 [1/1] (0.00ns)   --->   "%zext_ln122_1 = zext i6 %zext_ln122_1_cast" [../import_files/import_files/2D_idct.cpp:122]   --->   Operation 488 'zext' 'zext_ln122_1' <Predicate = true> <Delay = 0.00>
ST_20 : Operation 489 [1/1] (0.00ns)   --->   "%workspace_addr_15 = getelementptr i21 %workspace, i64 0, i64 %zext_ln122_1" [../import_files/import_files/2D_idct.cpp:122]   --->   Operation 489 'getelementptr' 'workspace_addr_15' <Predicate = true> <Delay = 0.00>
ST_20 : Operation 490 [1/1] (3.25ns)   --->   "%store_ln122 = store i21 %trunc_ln122_1, i6 %workspace_addr_15" [../import_files/import_files/2D_idct.cpp:122]   --->   Operation 490 'store' 'store_ln122' <Predicate = true> <Delay = 3.25> <CoreInst = "RAM">   --->   Core 82 'RAM' <Latency = 1> <II = 1> <Delay = 3.25> <Storage> <Opcode : 'load' 'store'> <Ports = 2> <Width = 21> <Depth = 64> <RAM>
ST_20 : Operation 491 [1/1] (0.00ns)   --->   "%br_ln59 = br void %for.inc130" [../import_files/import_files/2D_idct.cpp:59]   --->   Operation 491 'br' 'br_ln59' <Predicate = true> <Delay = 0.00>


============================================================
+ Verbose Summary: Timing violations
============================================================
Target clock period: 10ns, clock uncertainty: 1.25ns.

 <State 1>: 3.25ns
The critical path consists of the following:
	'alloca' operation ('col') [3]  (0 ns)
	'load' operation ('col', ../import_files/import_files/2D_idct.cpp:63) on local variable 'col' [8]  (0 ns)
	'getelementptr' operation ('DCAC_temp_addr', ../import_files/import_files/2D_idct.cpp:63) [25]  (0 ns)
	'load' operation ('DCAC_temp_load', ../import_files/import_files/2D_idct.cpp:63) on array 'DCAC_temp' [45]  (3.25 ns)

 <State 2>: 7.67ns
The critical path consists of the following:
	'load' operation ('DCAC_temp_load', ../import_files/import_files/2D_idct.cpp:63) on array 'DCAC_temp' [45]  (3.25 ns)
	'lshr' operation ('lshr_ln63', ../import_files/import_files/2D_idct.cpp:63) [47]  (4.42 ns)

 <State 3>: 7.67ns
The critical path consists of the following:
	'load' operation ('DCAC_temp_load_4', ../import_files/import_files/2D_idct.cpp:85) on array 'DCAC_temp' [86]  (3.25 ns)
	'lshr' operation ('lshr_ln85', ../import_files/import_files/2D_idct.cpp:85) [88]  (4.42 ns)

 <State 4>: 7.67ns
The critical path consists of the following:
	'load' operation ('DCAC_temp_load_6', ../import_files/import_files/2D_idct.cpp:87) on array 'DCAC_temp' [98]  (3.25 ns)
	'lshr' operation ('lshr_ln87', ../import_files/import_files/2D_idct.cpp:87) [100]  (4.42 ns)

 <State 5>: 7.67ns
The critical path consists of the following:
	'load' operation ('DCAC_temp_load_12', ../import_files/import_files/2D_idct.cpp:85) on array 'DCAC_temp' [267]  (3.25 ns)
	'lshr' operation ('lshr_ln85_1', ../import_files/import_files/2D_idct.cpp:85) [269]  (4.42 ns)

 <State 6>: 7.67ns
The critical path consists of the following:
	'load' operation ('DCAC_temp_load_14', ../import_files/import_files/2D_idct.cpp:87) on array 'DCAC_temp' [279]  (3.25 ns)
	'lshr' operation ('lshr_ln87_1', ../import_files/import_files/2D_idct.cpp:87) [281]  (4.42 ns)

 <State 7>: 7.67ns
The critical path consists of the following:
	'load' operation ('DCAC_temp_load_8', ../import_files/import_files/2D_idct.cpp:63) on array 'DCAC_temp' [226]  (3.25 ns)
	'lshr' operation ('lshr_ln63_1', ../import_files/import_files/2D_idct.cpp:63) [228]  (4.42 ns)

 <State 8>: 7.67ns
The critical path consists of the following:
	'load' operation ('DCAC_temp_load_2', ../import_files/import_files/2D_idct.cpp:70) on array 'DCAC_temp' [67]  (3.25 ns)
	'lshr' operation ('lshr_ln70', ../import_files/import_files/2D_idct.cpp:70) [69]  (4.42 ns)

 <State 9>: 7.67ns
The critical path consists of the following:
	'load' operation ('DCAC_temp_load_10', ../import_files/import_files/2D_idct.cpp:70) on array 'DCAC_temp' [248]  (3.25 ns)
	'lshr' operation ('lshr_ln70_1', ../import_files/import_files/2D_idct.cpp:70) [250]  (4.42 ns)

 <State 10>: 7.6ns
The critical path consists of the following:
	'add' operation ('tmp11', ../import_files/import_files/2D_idct.cpp:78) [163]  (2.52 ns)
	'add' operation ('add_ln117', ../import_files/import_files/2D_idct.cpp:117) [165]  (2.52 ns)
	'sub' operation ('sub_ln118', ../import_files/import_files/2D_idct.cpp:118) [166]  (2.55 ns)

 <State 11>: 4.23ns
The critical path consists of the following:
	'xor' operation ('xor_ln116', ../import_files/import_files/2D_idct.cpp:116) [155]  (0.975 ns)
	'getelementptr' operation ('workspace_addr_1', ../import_files/import_files/2D_idct.cpp:116) [161]  (0 ns)
	'store' operation ('store_ln116', ../import_files/import_files/2D_idct.cpp:116) of variable 'trunc_ln2', ../import_files/import_files/2D_idct.cpp:116 on array 'workspace' [162]  (3.25 ns)

 <State 12>: 7.2ns
The critical path consists of the following:
	'add' operation of DSP[143] ('add_ln109', ../import_files/import_files/2D_idct.cpp:109) [143]  (2.1 ns)
	'add' operation ('tmp1', ../import_files/import_files/2D_idct.cpp:109) [144]  (2.55 ns)
	'sub' operation ('sub_ln120', ../import_files/import_files/2D_idct.cpp:120) [179]  (2.55 ns)

 <State 13>: 7.6ns
The critical path consists of the following:
	'add' operation ('tmp11_1', ../import_files/import_files/2D_idct.cpp:78) [341]  (2.52 ns)
	'add' operation ('add_ln117_2', ../import_files/import_files/2D_idct.cpp:117) [343]  (2.52 ns)
	'sub' operation ('sub_ln118_1', ../import_files/import_files/2D_idct.cpp:118) [344]  (2.55 ns)

 <State 14>: 5.08ns
The critical path consists of the following:
	'add' operation ('add_ln120', ../import_files/import_files/2D_idct.cpp:120) [185]  (1.83 ns)
	'getelementptr' operation ('workspace_addr_5', ../import_files/import_files/2D_idct.cpp:120) [187]  (0 ns)
	'store' operation ('store_ln120', ../import_files/import_files/2D_idct.cpp:120) of variable 'trunc_ln6', ../import_files/import_files/2D_idct.cpp:120 on array 'workspace' [188]  (3.25 ns)

 <State 15>: 5.03ns
The critical path consists of the following:
	'add' operation ('add_ln117_4', ../import_files/import_files/2D_idct.cpp:117) [347]  (1.78 ns)
	'getelementptr' operation ('workspace_addr_10', ../import_files/import_files/2D_idct.cpp:117) [349]  (0 ns)
	'store' operation ('store_ln117', ../import_files/import_files/2D_idct.cpp:117) of variable 'trunc_ln117_1', ../import_files/import_files/2D_idct.cpp:117 on array 'workspace' [350]  (3.25 ns)

 <State 16>: 3.25ns
The critical path consists of the following:
	'getelementptr' operation ('workspace_addr_6', ../import_files/import_files/2D_idct.cpp:121) [193]  (0 ns)
	'store' operation ('store_ln121', ../import_files/import_files/2D_idct.cpp:121) of variable 'trunc_ln7', ../import_files/import_files/2D_idct.cpp:121 on array 'workspace' [194]  (3.25 ns)

 <State 17>: 3.25ns
The critical path consists of the following:
	'getelementptr' operation ('workspace_addr_11', ../import_files/import_files/2D_idct.cpp:118) [357]  (0 ns)
	'store' operation ('store_ln118', ../import_files/import_files/2D_idct.cpp:118) of variable 'trunc_ln118_1', ../import_files/import_files/2D_idct.cpp:118 on array 'workspace' [358]  (3.25 ns)

 <State 18>: 3.25ns
The critical path consists of the following:
	'getelementptr' operation ('workspace_addr_12', ../import_files/import_files/2D_idct.cpp:119) [363]  (0 ns)
	'store' operation ('store_ln119', ../import_files/import_files/2D_idct.cpp:119) of variable 'trunc_ln119_1', ../import_files/import_files/2D_idct.cpp:119 on array 'workspace' [364]  (3.25 ns)

 <State 19>: 5.08ns
The critical path consists of the following:
	'add' operation ('add_ln120_1', ../import_files/import_files/2D_idct.cpp:120) [366]  (1.83 ns)
	'getelementptr' operation ('workspace_addr_13', ../import_files/import_files/2D_idct.cpp:120) [368]  (0 ns)
	'store' operation ('store_ln120', ../import_files/import_files/2D_idct.cpp:120) of variable 'trunc_ln120_1', ../import_files/import_files/2D_idct.cpp:120 on array 'workspace' [369]  (3.25 ns)

 <State 20>: 3.25ns
The critical path consists of the following:
	'getelementptr' operation ('workspace_addr_15', ../import_files/import_files/2D_idct.cpp:122) [381]  (0 ns)
	'store' operation ('store_ln122', ../import_files/import_files/2D_idct.cpp:122) of variable 'trunc_ln122_1', ../import_files/import_files/2D_idct.cpp:122 on array 'workspace' [382]  (3.25 ns)


============================================================
+ Verbose Summary: Binding
============================================================
N/A
* FSMD analyzer results:
  - Output states:
 - Input state : 
  - Chain level:
	State 1
	State 2
	State 3
	State 4
	State 5
	State 6
	State 7
	State 8
	State 9
	State 10
	State 11
	State 12
	State 13
	State 14
	State 15
	State 16
	State 17
	State 18
	State 19
	State 20


============================================================
+ Verbose Summary: Datapath Resource usage 
============================================================
N/A
